{"type":"FeatureCollection","bbox":[139.74196856000106,34.89815705400491,140.8781716732842,36.1040998921963],"displayBbox":[139.75334085599582,34.90272155855314,140.87116175111396,36.1040998921963],"DataVersion":"2019-boundaries-v1","Attribution":{"BoundarySource":"MLIT National Land Numerical Information, via Fabio Crisci / piuccio","BoundarySourceURL":"https://github.com/piuccio/open-data-jp-prefectures-geojson/tree/513fb852832c99470e16b95a30ddd68bf3469dc0","BoundaryDate":"2019-01-01","CapitalSource":"Geospatial Information Authority of Japan (GSI), prefecture representative points","CapitalSourceURL":"https://maps.gsi.go.jp/","CapitalSourceRetrieved":"2026-10-04","Notice":"Simplified and enriched by Ashiato Kai. Modern geographic context, not historical immigration-era boundaries. See GEOLOCATION.md and THIRD_PARTY_NOTICES.md."},"features":[{"type":"Feature","id":"JP-12","bbox":[139.74196856000106,34.89815705400491,140.8781716732842,36.1040998921963],"properties":{"Kind":"prefecture","PrefectureCode":"12","PrefectureName":"Chiba","PrefectureNameJapanese":"千葉県"},"geometry":{"type":"MultiPolygon","coordinates":[[[[140.09167019482368,35.5878559732746],[140.0815936060601,35.58828825220115],[140.0861098565847,35.56945000041725],[140.11172250259153,35.57043750458723],[140.10946321675408,35.57662086526079],[140.1050898046508,35.57763797331387],[140.10296061024405,35.58734677533346],[140.09167019482368,35.5878559732746]]],[[[139.77621722384583,36.09076741408495],[139.77986722399328,36.08275717060701],[139.78333632910835,36.069501919078334],[139.78760328126646,36.06489191872714],[139.79135769090476,36.05813580232547],[139.79469966335887,36.05594580205718],[139.80160021987433,36.049199694210586],[139.8045927238752,36.04464138689053],[139.81365272439382,36.03853305395734],[139.8172824376345,36.03250472111603],[139.81727243807268,36.02972919834389],[139.81340155633677,36.02313227903153],[139.81691233513618,36.002389532051325],[139.81425924786606,35.997061225195466],[139.81730564194186,35.99432205391969],[139.8267447732527,35.98314591894905],[139.8252358628448,35.97553066670696],[139.8272344487109,35.971360945651156],[139.83293364497183,35.969345919278794],[139.83530722384933,35.96434119838767],[139.8350086120579,35.96024619840341],[139.83777330699263,35.95390591862332],[139.84645824884922,35.94098925195249],[139.85052963713315,35.93761925212681],[139.86091966301206,35.932493693828974],[139.8674207523659,35.925545919308775],[139.87186569384676,35.91587119799743],[139.8765020488305,35.911035359894015],[139.88023036284108,35.904605108339126],[139.88313338519765,35.90185177543913],[139.8899197278132,35.89256094593094],[139.89305191991025,35.88542483808584],[139.89485044079527,35.87655538682168],[139.90033869027843,35.86417486537778],[139.89614055784057,35.85293264012927],[139.89320386486656,35.849708774740236],[139.89003630423213,35.84400238660089],[139.88984289243558,35.836371864769774],[139.88845119336793,35.83115769357278],[139.88799224414686,35.82433269359899],[139.89153416287138,35.819338558627635],[139.8903735284157,35.810856054163594],[139.88883933896443,35.80748494637322],[139.89083483835714,35.80056663993855],[139.88852341072686,35.796450801763115],[139.89377805411402,35.78274638743591],[139.8934174448592,35.77831555901588],[139.8828474187734,35.77353474773048],[139.87946152972586,35.76752446787992],[139.8826664976608,35.76200558568928],[139.88404508371366,35.75740530611006],[139.89139197106272,35.74927169363383],[139.89945055759722,35.74438558612593],[139.9008858108316,35.73745753193958],[139.8979385598168,35.731871694323274],[139.8972079766669,35.726750306181714],[139.8986543320318,35.72345113516184],[139.90398236099725,35.719589747568875],[139.90812345033703,35.71386225234113],[139.91621092129708,35.70800138675463],[139.918735032296,35.69770944093801],[139.9138525292709,35.690929720929944],[139.90864586291627,35.68550555893444],[139.90378863803528,35.6831158381255],[139.89355836592586,35.68200280208771],[139.88643192039683,35.67856613461947],[139.8856496631015,35.67207364008647],[139.88723325591013,35.66879086460676],[139.88738922173525,35.656165586372765],[139.88349438385876,35.645118639913335],[139.87146061041892,35.63864172073886],[139.87499687420643,35.637245784065726],[139.8724429695675,35.633026225280105],[139.87258141390123,35.62553188328985],[139.88838144015142,35.62183758613577],[139.89349527938373,35.62488277512],[139.8961410245887,35.61741458631417],[139.89761144041574,35.61662338705969],[139.90577277629268,35.62135344060886],[139.90690800310188,35.62309205405512],[139.89950574629324,35.629000667346986],[139.90526024636335,35.63276080206941],[139.90473267167556,35.62859997261069],[139.9100450839136,35.624421225059564],[139.93949152991024,35.64047030595992],[139.93683669255938,35.64324138698049],[139.91818316512104,35.65535372069769],[139.92080191987282,35.6605291976644],[139.9303523611726,35.66648210796296],[139.9409309991663,35.66770102658114],[139.94766143992354,35.669552837693345],[139.9450926982695,35.67295800011169],[139.9298359137964,35.66945650501373],[139.9332106611431,35.67311936007047],[139.93664805436424,35.67329872085935],[139.94673769139138,35.68091117081394],[139.95308447506852,35.67177950512013],[139.95928486440505,35.67944674806904],[139.96453136173307,35.68183805438275],[139.97425649813897,35.68194369414624],[139.97510019531785,35.68340697295349],[139.98276150543916,35.6816129459807],[139.98381961088637,35.677134332983144],[139.99154399495944,35.674944973032154],[139.9920067321251,35.67228843236529],[139.984580947253,35.671450134716],[139.98586897517316,35.663835837553904],[140.00185880693846,35.66564325183464],[140.00294914408778,35.659778440922366],[139.99697739299233,35.65910277487319],[139.99472577207678,35.66104010791469],[139.98649836570712,35.66010874842004],[139.98746119337943,35.65446753235079],[140.0047591439194,35.656418721247064],[140.00799891112092,35.65887038735855],[140.01367902736524,35.657521666891455],[140.0243111147662,35.64860394631512],[140.02872538307008,35.64415641388746],[140.05557603130887,35.62233150459531],[140.06664069980854,35.61222158605739],[140.06966367104167,35.610753891578895],[140.083913644699,35.59677969412763],[140.08660958466464,35.60189522498467],[140.07792114084805,35.61041046836846],[140.0831405838709,35.61327625159777],[140.09334133573407,35.603742640210726],[140.0983621401008,35.60656717063847],[140.09985815782784,35.604701377766446],[140.0957089494085,35.60132674823092],[140.09664586311612,35.598742360171855],[140.0919077165679,35.59737808143336],[140.08897386455226,35.594540865168824],[140.101660116821,35.59393164013312],[140.107462801667,35.59234886480834],[140.112537782093,35.594328000137125],[140.11528128360442,35.59690155856015],[140.11803189425655,35.59175822516204],[140.11056605717783,35.58954450527477],[140.11415461744173,35.572514225351256],[140.11607844356536,35.569204359593584],[140.12691355381753,35.56941274780013],[140.12680228339877,35.567580414204826],[140.09681505796857,35.56639264000836],[140.09102518756242,35.56447880175534],[140.09121469540196,35.56117791932559],[140.1150690786751,35.5528406400835],[140.11234272363788,35.54989438731616],[140.09804306063882,35.55501133280683],[140.0923308044231,35.55448461337426],[140.08580255464426,35.548885251753006],[140.08809325559935,35.545942278813186],[140.0916369783639,35.548427891633935],[140.09415089464812,35.545386693840896],[140.0900805315913,35.542850999574],[140.09595236081282,35.5401533059304],[140.09819880702935,35.54154310832786],[140.1010588327989,35.538462054380375],[140.0960886899411,35.535401585914485],[140.08703486416766,35.540069802079756],[140.07394836592437,35.549977440606426],[140.07225758831714,35.55011989231923],[140.06448518764137,35.542806612635104],[140.06130830103734,35.543726837623524],[140.05394866399968,35.53509413468663],[140.060677638862,35.53006458621172],[140.0577217246779,35.52657725183877],[140.05007552496556,35.5309368377649],[140.03774105060904,35.5162749188525],[140.04585780799152,35.51166602736532],[140.04223391696178,35.507327305710646],[140.03385905325274,35.51184299955486],[140.02522966341826,35.501652026919544],[140.03622596635535,35.495293026851755],[140.0330414786814,35.49167402723464],[140.0265871342889,35.495307612956026],[140.02191153019305,35.49678374757195],[140.0121184437113,35.48518827941564],[140.01244211421226,35.483699666706286],[140.01786182906028,35.48051083800482],[140.01637063619592,35.47875102663863],[140.0198334109832,35.474295108032834],[140.01601464316127,35.47141772085121],[140.01256644638443,35.47606602692565],[140.00653204941466,35.47932222474094],[139.99803408560467,35.47447458573362],[140.0033217772783,35.46828222464501],[139.99927608262522,35.4659637481285],[139.994686420442,35.472445332985785],[139.9890965889365,35.469856135352416],[139.99477452702286,35.459365837763244],[139.99336833987707,35.45323946802711],[139.98918516226547,35.454306721378146],[139.99230649774677,35.45733619830696],[139.98202619994925,35.47479186475283],[139.96572461729727,35.468540802216296],[139.96722654986547,35.4629052788556],[139.9694242537264,35.460692441203264],[139.9726053572515,35.45172625166521],[139.97446055790851,35.44847219783372],[139.96844988325552,35.446172098963245],[139.9676627498361,35.44812710817956],[139.9548589750617,35.445170693972386],[139.95214491555544,35.45296772078376],[139.95422605738668,35.45345110818215],[139.9559856682041,35.44846053182812],[139.96502817061366,35.4507461084462],[139.9621514399371,35.458731892163144],[139.9510922833822,35.45613817093988],[139.9487383663826,35.442467667349035],[139.9429091704219,35.444115532006265],[139.93982680886018,35.443043532033414],[139.92445661538056,35.439815919169405],[139.9217649157183,35.4398522787597],[139.91263152962142,35.43592566693604],[139.90822216622007,35.432665135287834],[139.90327027240517,35.43145994571995],[139.90276544696792,35.42735144061652],[139.8999615299008,35.42365741415841],[139.89694805370982,35.42320689158481],[139.89817422805822,35.41280977455153],[139.897232529058,35.41078886481432],[139.90100572013796,35.40685227860985],[139.90159849477482,35.40117610769124],[139.90679374783326,35.38947641440507],[139.91328464337164,35.39137219786869],[139.9148036064014,35.38879377501274],[139.9175041886674,35.3894039191556],[139.91816021981833,35.388878775335286],[139.9185925805832,35.38749461258635],[139.91683333309186,35.387522720896925],[139.91785121905855,35.38567258612102],[139.91768147921698,35.3824387751294],[139.91458608288144,35.37991250485828],[139.91095085589734,35.380706973148335],[139.89761583720122,35.375029586346386],[139.8991026719508,35.37269438693647],[139.9044783919643,35.374983837833895],[139.9074193639126,35.370340693868],[139.90234758777103,35.36817927855094],[139.8998428265852,35.37211172067941],[139.89465953271133,35.36989080171918],[139.8927060829194,35.37297253195686],[139.88781483758476,35.37088805364084],[139.89137321660075,35.365270081449125],[139.89706247715162,35.35839425179336],[139.89408241167405,35.35714158611535],[139.89132383932383,35.36148946826438],[139.88271403402553,35.36128761273318],[139.86230533122614,35.36762999962485],[139.84589844425784,35.375473891906665],[139.83916549888875,35.36730419773062],[139.84153000000958,35.36423758599585],[139.8517385858671,35.35831153215156],[139.85468878126233,35.350635613442876],[139.84705993486818,35.346861035608356],[139.83746666695322,35.35906508128852],[139.8227505836726,35.344197721247895],[139.82874481242322,35.336616000228275],[139.83696527872473,35.337761946057014],[139.83938328141335,35.33370222467801],[139.82447299583214,35.32629113472814],[139.8165270556791,35.32407264034015],[139.81900343695906,35.32078747716042],[139.8197715560126,35.31648705403438],[139.81269461726288,35.31595380192647],[139.80601364461404,35.31447953160517],[139.78596193309681,35.313670945757565],[139.79247669304505,35.311087467812456],[139.81618883324813,35.30500961290335],[139.82613396900751,35.30161402736553],[139.83865089512278,35.296091027179216],[139.84716719790788,35.290620441280396],[139.85284219161395,35.28440419779554],[139.85179732778454,35.27796291875376],[139.84704678318258,35.27166322537761],[139.85799525297864,35.262276413925406],[139.8643664721351,35.25417361312179],[139.8687553049134,35.24254363977718],[139.87069105065154,35.230665612727876],[139.8689546432422,35.22346425187379],[139.86671044083425,35.21938427866161],[139.85443263275988,35.21431846772316],[139.84866097272572,35.21294319836994],[139.84406983115787,35.20848600002893],[139.83757036328166,35.206806278686884],[139.83470175078526,35.20438297269607],[139.83103005179555,35.20389241410368],[139.82933477308143,35.200201612614364],[139.8240436450982,35.197772441245206],[139.81904778162993,35.1902555316675],[139.81706442308473,35.1856966667678],[139.81661852122784,35.17524419826117],[139.81809880711432,35.17283974835573],[139.81652102482553,35.16875199960515],[139.82189311337652,35.16609269442239],[139.81877461705494,35.161997027141126],[139.81783070032657,35.154463468414406],[139.82526041523602,35.15270180174679],[139.8301590269176,35.14880683796525],[139.82997736656228,35.145335748046364],[139.83323708162607,35.14287774800971],[139.83672097339422,35.13804750458871],[139.8389476129421,35.12935889169955],[139.8356542803208,35.129135586438224],[139.83616427955792,35.12557669390935],[139.83274758783102,35.123631134769084],[139.83119313935197,35.119233360031615],[139.8246939430711,35.11338866695348],[139.8276856160984,35.1050556127264],[139.82635114089248,35.10236897265003],[139.8277244749047,35.09982146758671],[139.836083086965,35.0996922790755],[139.8385397542064,35.097150892100046],[139.84230002562572,35.08814727907372],[139.84197277582302,35.08340589226816],[139.83835834026524,35.07888064042925],[139.82727858563828,35.07545513534626],[139.82159442334398,35.07244402707022],[139.82139021968294,35.067518504975055],[139.8276579772339,35.05620210814084],[139.8274743581552,35.05227269402968],[139.83048182867356,35.05245886538438],[139.83227963729553,35.05008353192949],[139.8326088071508,35.04511602678326],[139.82969878087408,35.04096855855221],[139.82305600513064,35.03793525231009],[139.81833961138398,35.03941941427462],[139.816188495103,35.0429130268148],[139.81357683510294,35.04257330611324],[139.8103676385557,35.03753386509584],[139.81701347559147,35.03548580212811],[139.8185134764159,35.03477608055175],[139.81905486379094,35.033508053553874],[139.82476902656936,35.031191945851674],[139.83027905313588,35.03284441413848],[139.8332773667571,35.03234161307506],[139.835693256039,35.03123391901022],[139.8404677432918,35.02804712637385],[139.84141819719207,35.025446144024386],[139.84914906627648,35.02534541365998],[139.8544594424494,35.02008660371382],[139.85803453986216,35.01102136014771],[139.8584020622054,35.001800666967256],[139.8575853833588,34.99532887392843],[139.85547516194924,34.99043138729871],[139.84967919593817,34.98540676620934],[139.84175038876947,34.986221152684095],[139.8429166538806,34.98934909908172],[139.84138312633024,34.991859999939095],[139.83773649774128,34.99107229724876],[139.82897827462773,34.99092093685181],[139.82335665388655,34.983000423230976],[139.82142879430353,34.979170865343235],[139.81786972820544,34.9780220722609],[139.81231863769506,34.97903765776175],[139.7968998826235,34.9738057123638],[139.78616625187112,34.97281589243954],[139.78332033736376,34.97349491925519],[139.78194435844546,34.97662102743851],[139.77680911804646,34.97509164036694],[139.77423792484046,34.97625539636948],[139.76287730204592,34.97609040494831],[139.75529237404385,34.97661980166259],[139.7535430613633,34.972116513966],[139.75552269761442,34.96921629659488],[139.75334085599582,34.96561654067085],[139.75898508389457,34.9616820184105],[139.75911593974888,34.959366738983874],[139.76194936357228,34.95912431503518],[139.76351508415382,34.95888020665626],[139.76481843112572,34.95798235140444],[139.76691413657818,34.95823007235998],[139.77133355440003,34.95467092802096],[139.77454173831063,34.95480495488482],[139.7796984823991,34.956113495441514],[139.79351919615408,34.95125018035162],[139.80710769056748,34.94577845860903],[139.81589748438148,34.94096486523637],[139.8221314786848,34.93597039571722],[139.8250909856605,34.9325901526135],[139.82745022035147,34.92725026069104],[139.82429062321376,34.92230127888098],[139.8227074063218,34.914679359964566],[139.82622880701388,34.9105716129896],[139.82968102465964,34.90836216218406],[139.8396335015849,34.90447327871891],[139.84614099860823,34.90298022515731],[139.85283988305423,34.90494744087175],[139.86473377414438,34.90686966710149],[139.86843211375117,34.906108532183055],[139.8735165235688,34.90285935987163],[139.88677150530077,34.90272155855314],[139.89347511028814,34.90583013535252],[139.8959478601057,34.904817081443184],[139.90380786014464,34.90478233343799],[139.90765949369074,34.90435205370437],[139.90846089485444,34.90712482904769],[139.91661822335243,34.90629422509846],[139.91968404728107,34.91043647726167],[139.92933335914722,34.912258359835505],[139.94190472122602,34.917472225263054],[139.94202944190533,34.92230861285225],[139.94585221800548,34.92389777516223],[139.9496775229993,34.92852191915131],[139.95220891131225,34.92861413473457],[139.95464033728183,34.93370858638218],[139.96113258090395,34.93807941383392],[139.96500457779905,34.94575441433483],[139.96499182900982,34.9522188922881],[139.9627776648574,34.95520861288725],[139.96199075177185,34.96172222530049],[139.9605152268963,34.96478666697118],[139.962519416438,34.97177502699594],[139.9659894415596,34.9763236396243],[139.9668044746469,34.979644198321125],[139.9699372755848,34.98357002683531],[139.97187481187314,34.98839225190096],[139.97210591425664,34.992550027261984],[139.97601430581562,35.00333527909993],[139.980248223177,35.01005941381095],[139.99253046670776,35.02256291934333],[140.00270102473257,35.030864802168935],[140.0090693903402,35.03507477508083],[140.01310438396024,35.036472531981815],[140.0171160572603,35.035683919177586],[140.02484688677453,35.0435263599536],[140.03113413713083,35.04777908123964],[140.04456069961668,35.0548165586373],[140.04838442270307,35.05574061293896],[140.05513783394395,35.05909958617701],[140.0587311147492,35.05923477496492],[140.06990116670556,35.05785294595677],[140.07301496766672,35.055786332673165],[140.07529167337213,35.05754483822375],[140.07542333322033,35.06234925221628],[140.0807192995561,35.06210150518035],[140.08296080399793,35.063872135390795],[140.0790140860313,35.068445134935075],[140.08507907883643,35.070105305915206],[140.0856079773264,35.074039919007134],[140.08890522739443,35.073100170636394],[140.09462644625353,35.07595989243515],[140.09799297019947,35.07485636043276],[140.09913143996403,35.07637213536583],[140.10090474655692,35.07647189176447],[140.10269092064948,35.07839638698374],[140.0994729701016,35.07980850515844],[140.09821610908625,35.084108531683455],[140.1016540859673,35.08699302710659],[140.0998352790749,35.08944661327064],[140.10447069966312,35.0908378923549],[140.10580527919035,35.09562205361493],[140.10517208812144,35.101941107596076],[140.10881345028054,35.106853306235166],[140.1142806610237,35.11132894607408],[140.12186739306583,35.116032225007245],[140.13442403414194,35.12168705411432],[140.14562766498477,35.117612108112326],[140.15158263293222,35.117033720829625],[140.15351968898256,35.12138069376408],[140.15731452674413,35.121045747563244],[140.160190219603,35.123253387134184],[140.16809680902054,35.12368827859126],[140.17095238674335,35.12212572092534],[140.1729257196463,35.120028667389136],[140.17820355385095,35.121460558957665],[140.17961403436027,35.118780081035936],[140.18306247665203,35.118157612583786],[140.18566189418118,35.124552892202246],[140.19023756201398,35.12714374818546],[140.19686072624154,35.120873171259916],[140.19575933912222,35.11624569438334],[140.20039374797318,35.112415721008745],[140.20021505807858,35.110161171001266],[140.20270430595906,35.10973899955525],[140.20764810587548,35.11390313492177],[140.21303080372866,35.11430558603399],[140.22006294364996,35.11661072110792],[140.22605710764947,35.11537486465835],[140.23251302225822,35.115134802329294],[140.23765252904104,35.11832336033484],[140.2343482228922,35.12184901841749],[140.24188610915667,35.12562969365547],[140.24503144034873,35.124934134602654],[140.24712891117042,35.12795072064927],[140.24763831415692,35.13308658607713],[140.2494101431637,35.13509691888777],[140.25316102476154,35.13389433285721],[140.25786968883517,35.137945865009726],[140.26038433177155,35.13826038670754],[140.2666981966645,35.13598874778256],[140.27086033733474,35.137717332888656],[140.27415593984483,35.137267278861884],[140.2767976129196,35.13429953229763],[140.2753697278307,35.130664054402644],[140.27819978009586,35.13154902686614],[140.28057669276018,35.13382736034447],[140.28179102483602,35.13307863966753],[140.28585236139747,35.13421294557105],[140.2907070816666,35.141536694263095],[140.29061160783954,35.14511327915454],[140.29501197082584,35.146408802024666],[140.29721547261602,35.150525919036],[140.30439308687153,35.15121222496424],[140.3124770037108,35.147152721221175],[140.31251311328958,35.138582972626125],[140.3178350583413,35.137655080917284],[140.32208988314164,35.13983617070278],[140.32519486355216,35.13965972101937],[140.3273655769599,35.15122953241706],[140.32941833978464,35.15185213486819],[140.33276603102752,35.157603865026374],[140.33198752300586,35.16169505368384],[140.33514177727125,35.166762504985684],[140.34459141356297,35.17272489233994],[140.34927191986333,35.18014172086379],[140.35308133563524,35.181954333225974],[140.35939508361628,35.18240313539644],[140.36413119320002,35.18122125175944],[140.36782311344598,35.17885063974529],[140.37446839200277,35.179645135014994],[140.3775609212995,35.183004171205596],[140.3844370297452,35.18761436041444],[140.38477691322407,35.19233882917371],[140.38925425368097,35.19925533336698],[140.39369147897867,35.20269042342437],[140.392233463004,35.210640630860496],[140.39526477275115,35.213268775433676],[140.39558402128557,35.21800772057992],[140.39766381323443,35.22387957678109],[140.4005790402905,35.22843608096042],[140.39921971501792,35.22982181122768],[140.40486153003565,35.23722122527937],[140.40534106383905,35.240468505417255],[140.4036514922227,35.24623926972657],[140.40526824933033,35.25189662233129],[140.40094083035513,35.25450407170558],[140.40006002624932,35.26943643204578],[140.40138485083025,35.275566450331496],[140.40355745821023,35.28064689234026],[140.4046755250555,35.286652531689015],[140.41150316543883,35.30116927933881],[140.4144869909819,35.30432713538903],[140.41482418908515,35.308839332669095],[140.41330645902588,35.31421912571216],[140.4029791959332,35.328489333216226],[140.39817703024585,35.32999980214919],[140.39503469469548,35.3353666395588],[140.39191994764758,35.354406585895276],[140.39135830124462,35.36784810770405],[140.39143725002918,35.380037945894514],[140.39283461662433,35.382276909751624],[140.39177376105033,35.38571400889447],[140.3922944100591,35.396819297072966],[140.39420483808283,35.40868872120757],[140.39806542168196,35.42347874764613],[140.4041178860317,35.442997775427045],[140.41287907870662,35.4655791080894],[140.42348780801603,35.486317864777675],[140.43029744487126,35.49817983802916],[140.44755144014687,35.52208538733083],[140.45222883299436,35.525547748429915],[140.45331883289793,35.528393108055525],[140.45855016855546,35.533637838215725],[140.46379408572852,35.53527741382163],[140.46605683485507,35.5412180807499],[140.47075474663427,35.548374945847115],[140.47849352795402,35.55811455864],[140.49551311313974,35.57622010757194],[140.50755133642508,35.58718541357604],[140.5266653572205,35.60320797256992],[140.53351046693456,35.60783641441907],[140.54043897527856,35.61366810779697],[140.55547230880006,35.6253459727385],[140.58162661467657,35.643711414050586],[140.58462007825403,35.64472708138976],[140.59080150538523,35.650104639617496],[140.59558610911176,35.653115666954534],[140.61820364488233,35.66891072085315],[140.6335395328232,35.67772791880844],[140.6441986115767,35.68332327934593],[140.66460311274352,35.691676838115654],[140.66676075180726,35.69123277537233],[140.6741780290928,35.69465186469188],[140.68333963681482,35.69742586491179],[140.69252191995076,35.699411801813255],[140.7056415303324,35.70055538692162],[140.71455963671792,35.70043250535588],[140.71993399515782,35.69893233276099],[140.7240366933388,35.69363605436047],[140.73892277636514,35.692291972596536],[140.7501204150252,35.69322297326164],[140.76103588779608,35.69788035079762],[140.78015046707048,35.703822197636384],[140.8028611411288,35.710144080884675],[140.80666522661897,35.71160653231567],[140.81929394296117,35.71341472091268],[140.83094929967046,35.713576838100664],[140.83810885913658,35.71084225156869],[140.84102197098719,35.70263777521319],[140.84382216576046,35.70332933318224],[140.84494939040212,35.69815772060235],[140.85290780774915,35.69750346831046],[140.85782252898662,35.69469150500902],[140.86514418855347,35.693996505334496],[140.86298708188838,35.698227640193466],[140.86279111511794,35.70251150500201],[140.86386224364765,35.705151667215716],[140.8698093641109,35.70826305439647],[140.8660879505985,35.71006786513993],[140.86655708194382,35.714601918643666],[140.87116175111396,35.71840310831686],[140.86751060972688,35.727498838001],[140.86793121905055,35.731059135270925],[140.87070888490723,35.73333477527973],[140.8655359404314,35.741250973054036],[140.86080844365483,35.74298461324935],[140.85557907931116,35.74296384700398],[140.85197438431044,35.744667072127754],[140.8499022177133,35.741439080649116],[140.8460032807269,35.73989466680547],[140.83765927365664,35.73913553197929],[140.82195907934806,35.73944530615603],[140.81535153004916,35.74151450499045],[140.80097705604635,35.74966010812756],[140.78820121871138,35.758422639892956],[140.751508196646,35.7790302790242],[140.74166666728297,35.78514872123657],[140.72895111510195,35.79664702663899],[140.72586700435886,35.800747613211854],[140.7218262775607,35.81018399979183],[140.71722671923771,35.822767892124546],[140.71305403401652,35.829418467688186],[140.7065757460739,35.836255414256016],[140.69717775604863,35.842378774860606],[140.68683639428423,35.84776383793081],[140.6758427497432,35.85126938717252],[140.6663921655661,35.85319719819222],[140.64106788627396,35.856406413625166],[140.63068616113753,35.85912419812331],[140.62878403385616,35.8646600271386],[140.61648555126726,35.881384170643],[140.61329535739492,35.88887610784616],[140.607992917739,35.89581194566483],[140.60274680891814,35.89916358583088],[140.59886128442076,35.903165801860325],[140.58854097308745,35.906026919406884],[140.58790961123964,35.9104638650154],[140.58468321695693,35.91115080226774],[140.58124352776667,35.91645053226631],[140.57062661462658,35.92406441394161],[140.55726185535036,35.93078666727092],[140.55068683542913,35.932855586416224],[140.53735124476418,35.93872033257736],[140.53240652394197,35.94178286498726],[140.5269260050312,35.947858135244815],[140.51124464342558,35.95873541380837],[140.50388367089477,35.951005721037234],[140.49969552542825,35.94439772117795],[140.49725289210733,35.93388136033656],[140.49495671877764,35.930601108354494],[140.4906250577003,35.93189919788972],[140.48717639417532,35.92859200042051],[140.4872980032004,35.9245622786263],[140.49064291823618,35.91540117092734],[140.49812538288018,35.909187801675785],[140.4975934114069,35.90626280168698],[140.48454033736675,35.90965317115695],[140.47423202298955,35.916126558693804],[140.4711309474353,35.919719054390896],[140.45843817058517,35.92654022505138],[140.45644730180163,35.925003585846866],[140.44846577187798,35.91501866677811],[140.43590347586473,35.912144865193454],[140.42610505820198,35.90769519777518],[140.41795530469358,35.90637774763502],[140.40764027238072,35.909221694425696],[140.3964771730831,35.9090084139072],[140.39025654989996,35.90736619789175],[140.3807003628316,35.903717332688814],[140.36371581073615,35.89938566711487],[140.3569584946389,35.89563455888782],[140.35308038864912,35.89193955936321],[140.34838834044956,35.88320927908501],[140.34190243794717,35.878670945707654],[140.33496788615912,35.872387333108975],[140.3230527755652,35.86605930569243],[140.31705299619887,35.86433069360669],[140.30828741932896,35.86448736000369],[140.29995596589515,35.86669038695186],[140.28606788572438,35.87292622486541],[140.2811450840784,35.87411150524184],[140.27623557711024,35.873551224909136],[140.2656890790878,35.869305666723164],[140.2436174192086,35.85539983843182],[140.24056433237809,35.854383721431645],[140.23258758774705,35.854110108095085],[140.2277875624461,35.85536427923813],[140.2154621919267,35.86161786527231],[140.2054318031353,35.861320332667276],[140.19911924765518,35.85911283788721],[140.1866304667227,35.851757837754064],[140.17789455309116,35.8493800536466],[140.1677794679482,35.84545702741991],[140.15674664084486,35.84270869385119],[140.15073022042338,35.84337730561822],[140.1464696633443,35.845718134784136],[140.14120494215445,35.85211699999962],[140.13424386486258,35.858919224642534],[140.1304197280881,35.86441227920335],[140.12758282658626,35.870383666972714],[140.12173175101952,35.873663107766276],[140.1117307259923,35.876042332587645],[140.10275577166158,35.88073736024103],[140.0928233586112,35.88386461326132],[140.08813002617978,35.88403019823511],[140.0816872497668,35.880799080713075],[140.07933697771944,35.87856272129261],[140.0743258626485,35.87662689191757],[140.06659868977772,35.880871918604214],[140.0611168353737,35.88805638659301],[140.05560131035224,35.89069972071559],[140.0475393639506,35.891961413788295],[140.0311066412586,35.90061230641288],[140.01886080408292,35.91004761290708],[140.0132155248766,35.91109736005518],[139.99674435796578,35.9092248924149],[139.99309961075846,35.910275748427125],[139.98579294378942,35.91480713544098],[139.9774590792731,35.922708278564244],[139.96546269784528,35.92672664012241],[139.95152435816271,35.93612610773374],[139.93863933863463,35.94057055908411],[139.93358630436455,35.94643836024221],[139.93165522700724,35.950766693827916],[139.93804360612762,35.9620147475826],[139.93676197058858,35.9659075323068],[139.93245586284786,35.969439197860765],[139.92425335870564,35.97053058631758],[139.91671805439478,35.970330586087755],[139.89937527894608,35.977520027327444],[139.8960288854248,35.97943864008124],[139.88416364493628,35.9888280811511],[139.88233308660278,35.9914497209279],[139.8782445266636,36.00760497309108],[139.87577036311188,36.01127525205129],[139.8717514790476,36.01442691896716],[139.85708369565612,36.029426613347596],[139.84735783439658,36.03386050485847],[139.8372350582514,36.04110102669108],[139.82335530490343,36.05444297286493],[139.81367058403032,36.06242546776116],[139.8083275228969,36.070410171392325],[139.80378535660896,36.08685513475672],[139.8000239952113,36.09369653206937],[139.7974462261625,36.096359305937256],[139.78677566756312,36.1040998921963],[139.7779697803811,36.098557413593824],[139.77641836621467,36.09645713508877],[139.77621722384583,36.09076741408495]]],[[[140.86896933886396,35.68959574844507],[140.86879683540565,35.68945491910927],[140.8690523867583,35.68939880231295],[140.86896933886396,35.68959574844507]]],[[[140.86716708219512,35.68992269427696],[140.86713263276488,35.690300198195644],[140.86684263288123,35.690046585781374],[140.86716708219512,35.68992269427696]]],[[[140.86568902662736,35.69111713514775],[140.86580652395196,35.69134825192032],[140.8656406997585,35.69135408132587],[140.86568902662736,35.69111713514775]]],[[[140.86545430627132,35.69133130599505],[140.86531625224336,35.69152297310677],[140.8651848639903,35.69149491875555],[140.86528847038664,35.69135964003539],[140.86545430627132,35.69133130599505]]],[[[140.86689099932028,35.69135991882524],[140.86653182898078,35.69146658561448],[140.86628319071679,35.69124130634128],[140.86649708187485,35.69101602706803],[140.86689099932028,35.69135991882524]]],[[[140.86673938981107,35.69166408123243],[140.8661173674226,35.69158491930864],[140.86616569429145,35.69147241412065],[140.86673938981107,35.69166408123243]]],[[[140.86741571955986,35.69146686530365],[140.86731905323177,35.69173158614382],[140.86716016910657,35.69155686495742],[140.86741571955986,35.69146686530365]]],[[[140.86013007784084,35.69244717129999],[140.8600470299465,35.69254300035925],[140.8599020232598,35.69248661286696],[140.85992286594762,35.692418838158915],[140.86013007784084,35.69244717129999]]],[[[140.8671738001308,35.69361963993447],[140.86715992179302,35.69377186457996],[140.86699435840296,35.69370991927741],[140.8671738001308,35.69361963993447]]],[[[140.8486134109802,35.69322958597667],[140.84746552531385,35.69419722502198],[140.84737635483498,35.69412627031119],[140.8486134109802,35.69322958597667]]],[[[140.85727089473608,35.693793837715475],[140.85745060985778,35.693917721125956],[140.8577334106684,35.69402494639422],[140.85782313872699,35.69427855880849],[140.85748508356983,35.6940305051038],[140.8571467190459,35.69388410806516],[140.85727089473608,35.693793837715475]]],[[[140.85861063637185,35.694323559085035],[140.85864508400346,35.69444744069688],[140.85852758757812,35.694481333446845],[140.85850007821614,35.69435189222611],[140.85861063637185,35.694323559085035]]],[[[140.85000000009995,35.69410618934921],[140.85117684843283,35.694536918743836],[140.85113072580236,35.69461081963368],[140.85000000009995,35.69410618934921]]],[[[140.8677332557852,35.69448713497337],[140.86733963691472,35.69441963995445],[140.86740535667195,35.69401717085583],[140.86770547302922,35.694070468277516],[140.8677332557852,35.69448713497337]]],[[[140.86856883298537,35.69506213540927],[140.86792727642273,35.69504935964028],[140.8682857722706,35.6946676936592],[140.86856883298537,35.69506213540927]]],[[[140.86597214040205,35.69506213540927],[140.86595824857443,35.69522546758134],[140.86569574636167,35.69533825155912],[140.86564741859354,35.695180468204114],[140.86597214040205,35.69506213540927]]],[[[140.86841561638767,35.695202387380334],[140.86872050634634,35.69541713469306],[140.868562166311,35.69544546783413],[140.8682857722706,35.695264919040824],[140.86841561638767,35.695202387380334]]],[[[140.83783016912707,35.69598341440309],[140.83840994766103,35.69623074775086],[140.838317366953,35.69636746808425],[140.83783016912707,35.69598341440309]]],[[[140.8722219456863,35.69627961331355],[140.87225000003752,35.69639822489819],[140.87208083036614,35.69644905368091],[140.87205472124845,35.69629794599348],[140.8722219456863,35.69627961331355]]],[[[140.84004099859328,35.696706667179],[140.84023433214873,35.69682499997384],[140.84012405997748,35.696943332768626],[140.8399721141218,35.69677972090744],[140.84004099859328,35.696706667179]]],[[[140.84500632917877,35.69785666715154],[140.84487347593029,35.697783919192545],[140.84504077770976,35.69768750467466],[140.84500632917877,35.69785666715154]]],[[[140.84557968925128,35.69799194587165],[140.84541386505794,35.69806499960009],[140.84531719783047,35.697974999946325],[140.84540691329846,35.69784527903647],[140.84557968925128,35.69799194587165]]],[[[140.86392080390203,35.70202741433377],[140.86372744516552,35.70176797341327],[140.8641074707832,35.70174546787911],[140.86392080390203,35.70202741433377]]],[[[140.8635619204464,35.70270936034876],[140.8637758107052,35.70287269431947],[140.86365163411574,35.70308130555787],[140.86341664126508,35.70300241433],[140.8635619204464,35.70270936034876]]],[[[140.863962476687,35.70321658607662],[140.8640727497576,35.703301027020814],[140.86403830122663,35.70344186534987],[140.86385192032992,35.70334046768846],[140.863962476687,35.70321658607662]]],[[[140.86499938961026,35.70401313539793],[140.8647152793867,35.704022413703456],[140.8647515562394,35.70390661339957],[140.86499938961026,35.70401313539793]]],[[[140.86452194583114,35.70435464035444],[140.8643974967472,35.70454630566752],[140.864114448623,35.704382972596136],[140.86452194583114,35.70435464035444]]],[[[140.86968732790797,35.70756155891888],[140.86953535687132,35.70747710808212],[140.86958369633055,35.70736433309753],[140.86971508368424,35.70739238744875],[140.86968732790797,35.70756155891888]]],[[[140.87074927435958,35.70780099981636],[140.87071289228618,35.70809683809864],[140.8704470562867,35.7081926671579],[140.87061483830416,35.707780441314355],[140.87074927435958,35.70780099981636]]],[[[140.8337296239231,35.710929485807185],[140.83299708204981,35.71122039580467],[140.83292609586272,35.711100901085786],[140.83367028485577,35.71080873923199],[140.8337296239231,35.710929485807185]]],[[[140.87622752338154,35.71807708069275],[140.87615141375682,35.71770986501832],[140.87657058416517,35.717919306331],[140.87622752338154,35.71807708069275]]],[[[140.87247053178965,35.717924865040516],[140.87157581067515,35.718085413810854],[140.87177997386675,35.717350135300535],[140.87247053178965,35.717924865040516]]],[[[140.87665725003217,35.71808569439935],[140.87672724966285,35.718193197558094],[140.87662335908078,35.718239305799386],[140.87653447458638,35.718179305730416],[140.87665725003217,35.71808569439935]]],[[[140.8721527500494,35.718398467815064],[140.8722358114336,35.718516802408544],[140.87205608282204,35.71853930614412],[140.87203552521942,35.71845486519993],[140.8721527500494,35.718398467815064]]],[[[140.87488749666068,35.71845486519993],[140.87508919570985,35.71852680197037],[140.87503946769732,35.71869235996451],[140.87479083033259,35.71868013458061],[140.87488749666068,35.71845486519993]]],[[[140.87461861195948,35.718476251977506],[140.87430583674507,35.7189390269146],[140.8741002724097,35.71865208112871],[140.87461861195948,35.718476251977506]]],[[[140.87592141394214,35.71885708068976],[140.87564530498685,35.719067360170584],[140.87541391661898,35.718789305981716],[140.87592141394214,35.71885708068976]]],[[[140.87559114061867,35.71939930623307],[140.87533114121925,35.71945041380559],[140.874889753959,35.71935319799172],[140.87504418913807,35.719191802060095],[140.87559114061867,35.71939930623307]]],[[[140.8711722183233,35.72017346783133],[140.87095802859017,35.720009864963345],[140.87116525307408,35.72000430625377],[140.8711722183233,35.72017346783133]]],[[[140.8710825028553,35.72045513459682],[140.87102027156834,35.720393198287525],[140.87120666685428,35.7203256942754],[140.87124111538526,35.720393198287525],[140.8710825028553,35.72045513459682]]],[[[140.87064722379046,35.72079902725335],[140.8707508301867,35.72086653216479],[140.87075299575417,35.72111374770134],[140.87064722379046,35.72113708061181],[140.8705436057029,35.720911802237936],[140.87064722379046,35.72079902725335]]],[[[140.8718074967187,35.72149235958477],[140.8719641891961,35.721717639757344],[140.87169693856288,35.72174597289836],[140.8718074967187,35.72149235958477]]],[[[140.87577644592625,35.72204319793531],[140.87524671916083,35.72204458558923],[140.87543311264812,35.7218698653021],[140.87597894896942,35.72183597255213],[140.87577644592625,35.72204319793531]]],[[[140.87515533095382,35.72284846798249],[140.87475644565347,35.72275458595544],[140.87508338519012,35.722578198325266],[140.87515533095382,35.72284846798249]]],[[[140.8709441889232,35.723284306425626],[140.8708200258236,35.72333486541174],[140.87077169895485,35.72325597328461],[140.8708475225951,35.72318263986699],[140.8709441889232,35.723284306425626]]],[[[140.87020530503082,35.72496346838943],[140.8700672501036,35.72481125183788],[140.87028808043067,35.724704306258786],[140.87032280235553,35.72490153208008],[140.87020530503082,35.72496346838943]]],[[[140.86989450113037,35.72642319757256],[140.87001199665633,35.72662041440066],[140.86982561575962,35.72667653209635],[140.86989450113037,35.72642319757256]]],[[[140.86954949421386,35.72673846840564],[140.86970968865126,35.72697053216439],[140.8694505840773,35.72686310814595],[140.86954949421386,35.72673846840564]]],[[[140.87001894931507,35.72794458607382],[140.87021888479376,35.72808072094858],[140.86992406004742,35.72811380161073],[140.87001894931507,35.72794458607382]]],[[[140.8781716732842,35.72967147685722],[140.87805701691786,35.72979293659478],[140.8763023217948,35.728673170930165],[140.87641767783362,35.72854927942575],[140.8781716732842,35.72967147685722]]],[[[140.87205596591014,35.7308684682053],[140.87201708192288,35.7310706942572],[140.87189070019576,35.731049865059276],[140.87193708183088,35.730882081243124],[140.87205596591014,35.7308684682053]]],[[[140.87120680894714,35.73178791887739],[140.87100652363222,35.73180486480271],[140.871089273851,35.73165264015728],[140.87120680894714,35.73178791887739]]],[[[140.85430841819903,35.744196838213554],[140.85410119281585,35.74412353177564],[140.8542323085743,35.74404463964845],[140.85430841819903,35.744196838213554]]],[[[140.85470175108503,35.74427017073185],[140.85496425419706,35.744444891918306],[140.8548262001691,35.74457989184856],[140.85465341072643,35.74439377535248],[140.85470175108503,35.74427017073185]]],[[[140.85713263296475,35.746405720647545],[140.85700819737053,35.74627044102806],[140.85713263296475,35.746090171024605],[140.85727763875207,35.746259332602165],[140.85713263296475,35.746405720647545]]],[[[140.85737430597953,35.746760999620506],[140.8571048636985,35.746760999620506],[140.85702208829878,35.74657489211762],[140.85725680865482,35.746619892394165],[140.85737430597953,35.746760999620506]]],[[[140.8583333331169,35.746964640305976],[140.85958311287038,35.747444532039594],[140.85953778164333,35.74752297270709],[140.8583333331169,35.746964640305976]]],[[[140.86144849475227,35.75261119834818],[140.86115496772766,35.75252889239454],[140.86108038874897,35.75093477482005],[140.8613967828353,35.75099077470452],[140.86144849475227,35.75261119834818]]],[[[139.93731333324376,35.666467558730915],[139.93726272389563,35.666460748165036],[139.93744197136994,35.66541741408247],[139.93745941641896,35.66515474819312],[139.9375346168291,35.66515469423382],[139.93731333324376,35.666467558730915]]],[[[139.93602005238358,35.66687789240086],[139.93596435826862,35.66677444068796],[139.93269394307106,35.666402505371366],[139.93385291827758,35.666474999721515],[139.9362549418122,35.66674410835395],[139.93602005238358,35.66687789240086]]],[[[139.95852814515786,35.673111332721874],[139.95858258112128,35.67178572123407],[139.97229855983073,35.67099336005555],[139.97945202279266,35.669822027264786],[139.9787172497014,35.673240918733484],[139.97167958524471,35.674410108439815],[139.97123302238617,35.6770826669316],[139.9782689754329,35.67591044111401],[139.97766408602877,35.679503945850456],[139.97115985714174,35.6805817752288],[139.96744880741664,35.6789698016151],[139.96039888520045,35.678683640038],[139.96092027165332,35.67595689199703],[139.95852814515786,35.673111332721874]]],[[[139.98086233512868,35.66064927874129],[139.9808601425816,35.66046691871338],[139.98159282744712,35.65618189198079],[139.9816256419099,35.656185613375385],[139.98086233512868,35.66064927874129]]],[[[139.97707975422736,35.667149440894036],[139.97738289230665,35.66686646831289],[139.97887075228346,35.66661950458649],[139.97984717320855,35.66636774837292],[139.98075325635773,35.66109189177746],[139.98078605733076,35.6610956401517],[139.97988241224357,35.666359864915876],[139.97889299611495,35.666645612804814],[139.9779200519689,35.6668079458301],[139.97762622636935,35.667220586261124],[139.97707975422736,35.667149440894036]]],[[[139.82435744464044,34.92473998216451],[139.82395424079562,34.92448861265939],[139.82385836587093,34.92449140505437],[139.8237881189266,34.92431696355709],[139.82411316539037,34.92449007225906],[139.82440260679493,34.92469017141434],[139.82435744464044,34.92473998216451]]],[[[139.82651326797304,34.92720982897049],[139.82636111527336,34.927213332729195],[139.82619629112605,34.927103252113454],[139.82621719766564,34.92701662221941],[139.82651326797304,34.92720982897049]]],[[[139.7699316210476,34.95420639580857],[139.7696182486833,34.954214162353765],[139.76960879411058,34.9541140902931],[139.7699316210476,34.95420639580857]]],[[[139.77152983143662,34.95414411685755],[139.77154699140056,34.95432477536815],[139.7713237347026,34.954184215828946],[139.77152983143662,34.95414411685755]]],[[[139.77281241216315,34.95402205367486],[139.77275131042472,34.95449955860778],[139.77239269766494,34.954326774561025],[139.77281241216315,34.95402205367486]]],[[[139.76996853372088,34.95447072994028],[139.76973835314254,34.954515595318526],[139.76978828799918,34.9543527209014],[139.76996853372088,34.95447072994028]]],[[[139.77412907899384,34.95413510834862],[139.7743124120882,34.954179026740746],[139.7741976909707,34.95448677474491],[139.773949637266,34.954335945847276],[139.77412907899384,34.95413510834862]]],[[[139.78139731523402,34.95455655943772],[139.7812454602099,34.95452638718308],[139.7812637092528,34.95440514418209],[139.78140811878973,34.95442882872754],[139.78139731523402,34.95455655943772]]],[[[139.76985197079193,34.95470018026913],[139.76967928656984,34.95472254101253],[139.76957443641118,34.95465856773876],[139.76959215305544,34.95454192836735],[139.76973677033573,34.9545658917026],[139.76985197079193,34.95470018026913]]],[[[139.77296116722414,34.95468644132626],[139.77312198399238,34.95457555042134],[139.77323682202177,34.95460662199804],[139.77339041543541,34.95449130642868],[139.77345291831762,34.95467045857487],[139.77296116722414,34.95468644132626]]],[[[139.77972888488023,34.954502018253606],[139.77978494232127,34.95466476586631],[139.77965175092766,34.95473627905608],[139.77958320370192,34.954582369081095],[139.77972888488023,34.954502018253606]]],[[[139.78018460373653,34.954650874038634],[139.7803605057328,34.95473632402218],[139.78018112785685,34.954783297411325],[139.78018460373653,34.954650874038634]]],[[[139.77034940290264,34.95483404525504],[139.77009680942024,34.9548209277437],[139.77028971489847,34.954708523279805],[139.77034940290264,34.95483404525504]]],[[[139.7699013615587,34.95483209912214],[139.7696809727987,34.95508520701674],[139.76962184237414,34.95480833273842],[139.7699013615587,34.95483209912214]]],[[[139.7695160443301,34.955121269830784],[139.7692101947947,34.95502644981087],[139.76933709543073,34.95489093726701],[139.7695160443301,34.955121269830784]]],[[[139.76924379976163,34.9551727838969],[139.76912101172536,34.955239242896766],[139.76892998672952,34.955179649321394],[139.7689629963453,34.95510528797871],[139.76924379976163,34.9551727838969]]],[[[139.76808460422114,34.95514466659313],[139.7681019971095,34.95530035992374],[139.76799714695085,34.955387206554406],[139.7679845267645,34.95513857728355],[139.76808460422114,34.95514466659313]]],[[[139.7773174193635,34.955174026760005],[139.77741936381267,34.955432919093994],[139.77709603055746,34.95533458632218],[139.7773174193635,34.955174026760005]]],[[[139.77795561605888,34.955498621764036],[139.7778402591207,34.9554206847169],[139.77790134916802,34.95528080236721],[139.77807997431148,34.955382927580104],[139.77795561605888,34.955498621764036]]],[[[139.76746907943448,34.95546594579679],[139.76755464273265,34.955715387155465],[139.76743936403545,34.95575594568038],[139.76732408623764,34.95552289176811],[139.76746907943448,34.95546594579679]]],[[[139.7643907261512,34.95546455904224],[139.76443102477208,34.955816495235126],[139.76414880672212,34.95575677485533],[139.76411267196227,34.95550122530136],[139.7643907261512,34.95546455904224]]],[[[139.76770688716317,34.95606018902657],[139.76757573273392,34.9560329818367],[139.76765983103644,34.955888432005565],[139.76776256778828,34.955990711901904],[139.76770688716317,34.95606018902657]]],[[[139.76802779494687,34.95594461265381],[139.767873929938,34.95597391886133],[139.76788896210599,34.95581210834217],[139.7681322565984,34.955817288437174],[139.76802779494687,34.95594461265381]]],[[[139.7683905319975,34.95612545912269],[139.7682512710794,34.95608815344559],[139.76836111517343,34.95593874817473],[139.7684678727942,34.95592763075558],[139.7683905319975,34.95612545912269]]],[[[139.76446241201074,34.95670316202137],[139.76461214013818,34.95682982883358],[139.76421325573722,34.95693927902454],[139.76426741920613,34.95678177535871],[139.76446241201074,34.95670316202137]]],[[[139.76476835327696,34.95763471217231],[139.7645753048065,34.95763838680216],[139.76457859902314,34.957496044806646],[139.76483496785954,34.95746229684755],[139.76476835327696,34.95763471217231]]],[[[139.75846102465664,34.957366775356434],[139.75851352797702,34.95753982919979],[139.75816769098617,34.9577092785604],[139.75817630379345,34.95745344122338],[139.75846102465664,34.957366775356434]]],[[[139.76500057081978,34.95753549536687],[139.76525911781414,34.95764607240835],[139.76516367096667,34.957726342296894],[139.76496562856096,34.95768449504345],[139.76500057081978,34.95753549536687]]],[[[139.76435850793882,34.957637269844156],[139.76403818381516,34.957687035628226],[139.76402651061505,34.957626540932154],[139.7642474191831,34.957571495228365],[139.76435850793882,34.957637269844156]]],[[[139.7624337995802,34.95750649492885],[139.76233435794438,34.957683441038],[139.7621671344058,34.95770316227117],[139.76229046743117,34.95750316204135],[139.7624337995802,34.95750649492885]]],[[[139.76483097307107,34.957648180419255],[139.7650237220672,34.95773726096587],[139.76488151766796,34.95783652273741],[139.764716239363,34.95775511700509],[139.76483097307107,34.957648180419255]]],[[[139.76595444933844,34.95775689226684],[139.76585050569633,34.957913063137426],[139.76569578543217,34.95778190061429],[139.76595444933844,34.95775689226684]]],[[[139.7656401425786,34.957939630909266],[139.76560863842803,34.958029667435255],[139.76548372169646,34.95800922494584],[139.7655141502579,34.95789691940735],[139.7656401425786,34.957939630909266]]],[[[139.76416963681936,34.958003712101686],[139.76396443581018,34.95813412638887],[139.76396125760607,34.95801098222108],[139.76416963681936,34.958003712101686]]],[[[139.76142852120938,34.95815677491527],[139.76141102489896,34.95831177486855],[139.7613057457636,34.958340667387915],[139.76132325556387,34.95817844138202],[139.76142852120938,34.95815677491527]]],[[[139.76418241168903,34.95830634206408],[139.76399830068112,34.95822627901964],[139.76438291823717,34.95789890061383],[139.76477953274934,34.957879108334225],[139.76418241168903,34.95830634206408]]],[[[139.75904797708256,34.95855705416477],[139.7592013096928,34.95819649527209],[139.75947713356288,34.95823622462211],[139.75932380005338,34.958441774568314],[139.75904797708256,34.95855705416477]]],[[[139.763450881553,34.95866768516561],[139.7634710893194,34.958468017684936],[139.76362006471425,34.95852102732363],[139.763450881553,34.95866768516561]]],[[[139.7584043583745,34.958470387398506],[139.7586451878252,34.9585317751214],[139.7581721399324,34.95884900018126],[139.75814158186859,34.95867233286191],[139.7584043583745,34.958470387398506]]],[[[139.7630881705827,34.958851288056564],[139.763228741813,34.958630053933916],[139.76329226992243,34.958736108284825],[139.7630881705827,34.958851288056564]]],[[[139.7629289231313,34.95888942290861],[139.76271258132067,34.95898611711567],[139.76259636822783,34.95888958568588],[139.76275914371956,34.95882117066054],[139.7629289231313,34.95888942290861]]],[[[139.75893509687728,34.95883646812854],[139.75858661498035,34.95901240519839],[139.75861979186993,34.95888630585836],[139.75893509687728,34.95883646812854]]],[[[139.75879603111196,34.95871044073431],[139.75873101192667,34.95881299132657],[139.75817159494318,34.95902341379957],[139.75813028458504,34.95893720658688],[139.75834285284043,34.958909395951935],[139.7583873800736,34.958831711614266],[139.75879603111196,34.95871044073431]]],[[[139.75879399504686,34.95914315313405],[139.75872548559278,34.95897796386197],[139.75906792494482,34.958944640382924],[139.75934530464212,34.95880516182882],[139.75963304812672,34.958821387397165],[139.75879399504686,34.95914315313405]]],[[[139.7573460307948,34.95951202715838],[139.7574374190018,34.959173694110746],[139.75776213991094,34.95901925173712],[139.75790936432577,34.95911508079638],[139.7573460307948,34.95951202715838]]],[[[139.757974760327,34.9595771623562],[139.7582610514064,34.95915084683418],[139.7584947600252,34.9593548202688],[139.757974760327,34.9595771623562]]],[[[139.75690963657053,34.95930730638713],[139.756889364053,34.95947453172431],[139.75662547328704,34.959633135261015],[139.75657963664094,34.959478693786764],[139.75690963657053,34.95930730638713]]],[[[139.75814512339878,34.959714378216006],[139.75820619995625,34.95950960438478],[139.75871083024072,34.959324297278556],[139.75878024621147,34.95945045867177],[139.75814512339878,34.959714378216006]]],[[[139.75848760142173,34.961207081042005],[139.75838145264197,34.961127233834816],[139.75851845716113,34.96099867574833],[139.75867321699548,34.961075396012745],[139.75848760142173,34.961207081042005]]],[[[139.75647560306675,34.96132770261141],[139.75645285291694,34.96118363121968],[139.75675390366973,34.96114884724153],[139.7568225938877,34.96122488312193],[139.75647560306675,34.96132770261141]]],[[[139.75288992243202,34.961916747759744],[139.752929363999,34.96212202700997],[139.7526715823277,34.961995918676735],[139.75288992243202,34.961916747759744]]],[[[139.75365936438823,34.96199953215273],[139.75365075158095,34.96217591888359],[139.75346713430088,34.962165081153614],[139.75346713430088,34.962057026710454],[139.75365936438823,34.96199953215273]]],[[[139.75713983063872,34.962285675743374],[139.7570790526562,34.96216808129196],[139.75741403393056,34.96204281112688],[139.7575167320116,34.96217592787684],[139.75728631581092,34.96219661318321],[139.75713983063872,34.962285675743374]]],[[[139.75645134925048,34.96220482938941],[139.75631599228927,34.9623304952562],[139.75626690009744,34.962138269665445],[139.75645134925048,34.96220482938941]]],[[[139.7559929701995,34.96280369423516],[139.75610741882235,34.96289786494458],[139.7559590792482,34.96311758640752],[139.75577686131317,34.962935918857625],[139.7559929701995,34.96280369423516]]],[[[139.75451658916927,34.9631700807347],[139.75465630424515,34.962848973301504],[139.75489379990904,34.96305841371486],[139.75451658916927,34.9631700807347]]],[[[139.7543893638781,34.962807027122665],[139.75435547292682,34.96296064032134],[139.7539485207077,34.963306197622956],[139.7539188071073,34.96302008101196],[139.754075745999,34.96276535973362],[139.7543893638781,34.962807027122665]]],[[[139.7541476908633,34.96380869381619],[139.75399936387964,34.963613135337994],[139.75494464308088,34.96315591911042],[139.75500797693667,34.96348758638305],[139.7541476908633,34.96380869381619]]],[[[139.75373464303937,34.96409702725606],[139.7534496370912,34.96410369393038],[139.75364518837478,34.96393619789728],[139.75373464303937,34.96409702725606]]],[[[139.75436963724906,34.96429916157712],[139.75398106357534,34.964235801640996],[139.7544717507708,34.96390898171421],[139.75436963724906,34.96429916157712]]],[[[139.75249491590773,34.96440564040802],[139.7521037998506,34.96439563994687],[139.75211603063042,34.964241197573244],[139.75245408578746,34.96425146783105],[139.75249491590773,34.96440564040802]]],[[[139.75416670612867,34.964549459090335],[139.75413241228102,34.96444837799032],[139.7542909078992,34.964406567609046],[139.75432687358636,34.96447140513129],[139.75416670612867,34.964549459090335]]],[[[139.75276713439575,34.96517925162124],[139.75247325573628,34.96535258605303],[139.752382411619,34.965230081303275],[139.75253130967224,34.96514869355741],[139.75276713439575,34.96517925162124]]],[[[139.75292824883968,34.965342585591884],[139.75274214043748,34.965502585775766],[139.75261408597135,34.965407027412425],[139.75292824883968,34.965342585591884]]],[[[139.7532531649017,34.96548810759015],[139.75331832707923,34.965362126061336],[139.7534120876977,34.96545882926159],[139.7532531649017,34.96548810759015]]],[[[139.7513324117615,34.96925925181307],[139.75097102459313,34.9694520268896],[139.75089185457546,34.969344252135556],[139.75118547333102,34.96922646792723],[139.7513324117615,34.96925925181307]]],[[[139.75381297039235,34.97149202743515],[139.75338464308686,34.97152146764165],[139.75309880706436,34.97127953202482],[139.75370185465692,34.9713481350085],[139.75381297039235,34.97149202743515]]],[[[139.75337630367358,34.97190480186515],[139.75301907856772,34.971885080632035],[139.75293574558827,34.97173146833268],[139.75336046661232,34.97179369422366],[139.75337630367358,34.97190480186515]]],[[[139.7530982485854,34.972196198395864],[139.75270936374625,34.97226813516636],[139.7524076906625,34.97198063989464],[139.75283241168654,34.971934802349324],[139.7530982485854,34.972196198395864]]],[[[139.75260741929708,34.972962865044224],[139.75270241198677,34.973031747717016],[139.7520866147056,34.974095640301584],[139.7519229956498,34.97381702673442],[139.75260741929708,34.972962865044224]]],[[[139.7525324383214,34.9752339733692],[139.7524610510368,34.97543119829123],[139.7522716079484,34.97546313501573],[139.75243243820648,34.97526925197445],[139.7525324383214,34.9752339733692]]],[[[139.75230021987932,34.97557786512641],[139.75223938973613,34.9757339730445],[139.7521216082257,34.975698694439245],[139.7521927239152,34.97560453182376],[139.75230021987932,34.97557786512641]]],[[[139.7525888330083,34.97566174759163],[139.75259299597008,34.97578453203056],[139.75239800316535,34.975801468063366],[139.75239411179894,34.975719802426966],[139.7525888330083,34.97566174759163]]],[[[139.75987529221106,34.97732328823923],[139.7596578082613,34.97728367580106],[139.75967857270803,34.97721607196422],[139.75989439740863,34.977263351122815],[139.75987529221106,34.97732328823923]]],[[[139.77255548574715,34.977534666691554],[139.7724173408876,34.9774233513067],[139.77260836588346,34.97727136857884],[139.77283743220175,34.97748468507024],[139.77255548574715,34.977534666691554]]],[[[139.77348464280203,34.97760156815792],[139.7733447469626,34.97764710802767],[139.77332378736298,34.97755487355863],[139.7734490143606,34.97748516171089],[139.77348464280203,34.97760156815792]]],[[[139.7730440856161,34.97767327919854],[139.7728001822826,34.97764999125417],[139.77289470822427,34.97749047670419],[139.7730440856161,34.97767327919854]]],[[[139.78171357981796,34.978315946423834],[139.78181386501797,34.978428440819926],[139.78159858620586,34.97843816159195],[139.7814396885908,34.97834510784048],[139.78171357981796,34.978315946423834]]],[[[139.7817185863438,34.978665946376395],[139.78167442333609,34.97874927935578],[139.78144219230342,34.978736775182085],[139.78146664127257,34.978651225373824],[139.7817185863438,34.978665946376395]]],[[[139.81606284002805,34.97937530642531],[139.81582997407406,34.979420622363875],[139.81582976723007,34.97935003637514],[139.8159909985858,34.97929749528322],[139.81606284002805,34.97937530642531]]],[[[139.85354840493505,34.98940909015744],[139.8531988591401,34.98938012569232],[139.85320290518996,34.989343251689775],[139.85353787297447,34.989372585776266],[139.85354840493505,34.98940909015744]]],[[[139.85654047995922,35.003341738930146],[139.85644158241314,35.003090793005754],[139.85651574590497,35.00266329667386],[139.85659945480108,35.00268320676463],[139.85654047995922,35.003341738930146]]],[[[139.8445716861345,35.02289545895832],[139.84451952005986,35.02287833316859],[139.84528413715327,35.02170003602788],[139.845327211082,35.0217035496791],[139.8445716861345,35.02289545895832]]],[[[139.8409426329962,35.02419389203453],[139.84036569362195,35.02413833281787],[139.8404434759857,35.02396666662844],[139.84074791178682,35.02397527943566],[139.8409426329962,35.02419389203453]]],[[[139.84238710787884,35.024169999745766],[139.8420440596857,35.024596945692565],[139.84174988335053,35.02452972136962],[139.8420357202723,35.024193613244734],[139.84238710787884,35.024169999745766]]],[[[139.8386262519001,35.02496638718907],[139.83796846976918,35.024833333391655],[139.83791791168233,35.02434055886977],[139.83849875501357,35.02443861285178],[139.8386262519001,35.02496638718907]]],[[[139.89152396905604,35.37748658633694],[139.88990433231913,35.37687650514664],[139.8824078859153,35.37691372089154],[139.88240933921975,35.37683255887555],[139.88992513633605,35.37679794576866],[139.89152396905604,35.37748658633694]]],[[[139.89308241232357,35.378165107733594],[139.8967138387727,35.37971580244238],[139.89666391740593,35.379780747883274],[139.89308241232357,35.378165107733594]]],[[[139.8984718550921,35.380463666964715],[139.8984405317052,35.380522972757035],[139.89716749728223,35.379976053652],[139.89719491581275,35.379911892419955],[139.8984718550921,35.380463666964715]]],[[[139.90000000019995,35.38107841383777],[139.89905325600307,35.38077183765023],[139.89908654980445,35.38070286504524],[139.90000000019995,35.38107841383777]]],[[[139.9083494679536,35.38722508127256],[139.91136099891105,35.38465261282789],[139.91127472065193,35.386083864978445],[139.9097265503401,35.386086305738445],[139.9083494679536,35.38722508127256]]],[[[139.91780924769864,35.38913348582179],[139.91409486418672,35.388446017969386],[139.91441150468722,35.38811967558263],[139.91761653737342,35.388877829248486],[139.91780924769864,35.38913348582179]]],[[[139.87344141399012,35.46547853240838],[139.87280620034596,35.46476230603565],[139.87837839164956,35.46113480242923],[139.87907922162879,35.46182119828973],[139.87344141399012,35.46547853240838]]],[[[140.72862500563951,35.68821146788497],[140.72875005187348,35.689239170851124],[140.72872632865722,35.68924105403147],[140.72862500563951,35.68821146788497]]],[[[140.2210617513988,35.11571217068018],[140.2209625813581,35.11578958612057],[140.2206998048522,35.11550033267429],[140.2207989748929,35.11543108127944],[140.2210617513988,35.11571217068018]]],[[[140.23941180261272,35.117931945702765],[140.23946902737373,35.11812361281454],[140.23920513570852,35.11820833344791],[140.2391515298193,35.118026108318304],[140.23941180261272,35.117931945702765]]],[[[140.23975625194953,35.118343891857194],[140.24001708232254,35.117979721287156],[140.240154863856,35.11817527886609],[140.23975625194953,35.118343891857194]]],[[[140.25358938983857,35.12729799990285],[140.25364133557923,35.127546891775694],[140.25338105109472,35.12766772108853],[140.25326771673178,35.127501612709295],[140.25358938983857,35.12729799990285]]],[[[140.27861671928622,35.12824213516643],[140.27827338510872,35.1281415855658],[140.27855199687724,35.12782269406216],[140.27881533096286,35.12803408060836],[140.27861671928622,35.12824213516643]]],[[[140.25156380002943,35.12814122493762],[140.25048014304423,35.12841433285524],[140.2504628661684,35.12834694575497],[140.25156380002943,35.12814122493762]]],[[[140.28138671932174,35.13218100025301],[140.28148367073493,35.132288775007],[140.28132199691265,35.13242155900781],[140.28119839229203,35.132302945624474],[140.28138671932174,35.13218100025301]]],[[[140.28171839199024,35.132856838072655],[140.2815525552063,35.13278433293067],[140.2816514401619,35.13261877493659],[140.2818811665826,35.132742107961974],[140.28171839199024,35.132856838072655]]],[[[140.28338313872098,35.1328979460834],[140.28344230871562,35.13309155932808],[140.28324341105463,35.13304183761079],[140.28338313872098,35.1328979460834]]],[[[140.2868073020154,35.13331350481445],[140.28695564158966,35.13351489179888],[140.28664369644946,35.133572387255924],[140.28660508405744,35.13335572078995],[140.2868073020154,35.13331350481445]]],[[[140.2897731653993,35.13562905403768],[140.28959622558546,35.13551766670702],[140.28976649782567,35.13533433271334],[140.2899387161989,35.13547766666102],[140.2897731653993,35.13562905403768]]],[[[140.31878941619868,35.13582786536375],[140.31874302197298,35.136089252417094],[140.3185016340433,35.13603036031293],[140.31863525261485,35.13580674838278],[140.31878941619868,35.13582786536375]]],[[[140.291057885613,35.13625264034715],[140.2911417770714,35.13639291929786],[140.29086427956292,35.13643541406316],[140.29089649777518,35.13625264034715],[140.291057885613,35.13625264034715]]],[[[140.2915262255549,35.13681735973341],[140.29135204935767,35.136714026731],[140.29146817071955,35.13656041443164],[140.29167455343793,35.136547081082995],[140.29171345001578,35.136729864691574],[140.2915262255549,35.13681735973341]]],[[[140.32036136188742,35.13717366663144],[140.31914885903268,35.136844531849704],[140.31979635471805,35.136355054242415],[140.32036136188742,35.13717366663144]]],[[[140.30890131004753,35.136995946206014],[140.30907046712844,35.1371192792314],[140.308934358334,35.13738510803637],[140.30868075221497,35.137242613156104],[140.30890131004753,35.136995946206014]]],[[[140.32219163423656,35.1381686666507],[140.32163775617755,35.138130054258625],[140.32161413728272,35.1375100544455],[140.322256913326,35.13795644103698],[140.32219163423656,35.1381686666507]]],[[[140.30884963680137,35.13823317142379],[140.30897185466745,35.13841038732954],[140.30878880665819,35.13846010814751],[140.30884963680137,35.13823317142379]]],[[[140.32790141371936,35.14522641386793],[140.32803752341306,35.145310306225724],[140.32780391731694,35.14542336000011],[140.32774002588155,35.14535364005849],[140.32790141371936,35.14522641386793]]],[[[140.34742963706822,35.17547838711795],[140.34734936358234,35.175561306409236],[140.3471032811915,35.17548366703767],[140.347233696378,35.175324639920234],[140.34742963706822,35.17547838711795]]],[[[140.0294596633329,35.50783830589313],[140.0295417768316,35.50760453162388],[140.029752113869,35.507780504666584],[140.0294596633329,35.50783830589313]]],[[[140.03423933877457,35.5122512252139],[140.03408308696498,35.51206689207345],[140.0363900782396,35.51075969420458],[140.03654644606172,35.51094402734503],[140.03423933877457,35.5122512252139]]],[[[140.04182600516606,35.51361486543374],[140.04187160798836,35.513478585768155],[140.0454013103223,35.51147583783967],[140.04546447510552,35.51155036016104],[140.04182600516606,35.51361486543374]]],[[[140.059510362913,35.54312791881847],[140.06071007830758,35.54458722532024],[140.06061605688558,35.54464013513416],[140.059510362913,35.54312791881847]]],[[[140.07101238701216,35.557612198244385],[140.0755711925566,35.560379666688334],[140.07792442337347,35.56175210767367],[140.07782289171314,35.561857667397476],[140.07088138816562,35.557701197852055],[140.07101238701216,35.557612198244385]]],[[[140.04301221813944,35.04941958584527],[140.04286167342752,35.049250414375194],[140.04313555116482,35.04922791873349],[140.04301221813944,35.04941958584527]]],[[[140.04260805381864,35.04925597308477],[140.0426766666949,35.04938013528505],[140.04240250297323,35.04949291926289],[140.0423683404266,35.0493687480693],[140.04260805381864,35.04925597308477]]],[[[140.0453274966667,35.04960569424742],[140.04484111542524,35.049740972967584],[140.04464972800258,35.049442080587596],[140.0453274966667,35.04960569424742]]],[[[140.0421216725772,35.05005069408429],[140.04212861174608,35.05016902687913],[140.0419983395518,35.050214027155675],[140.04201194629434,35.050067640009615],[140.0421216725772,35.05005069408429]]],[[[140.04230666671936,35.050095694360834],[140.04242306057586,35.050236801587175],[140.04234083016524,35.05028180186372],[140.04223805384322,35.05016902687913],[140.04230666671936,35.050095694360834]]],[[[140.052486135227,35.05127955920432],[140.05226697763896,35.05104289181605],[140.05326031121444,35.051048413653405],[140.05313697818906,35.05135841355997],[140.052486135227,35.05127955920432]]],[[[140.05078058355718,35.05174733257337],[140.05081474700307,35.05144317106556],[140.0515614136284,35.05158955911094],[140.05128031073787,35.05174177476317],[140.05078058355718,35.05174733257337]]],[[[140.05233530543012,35.05180955936373],[140.05189697766343,35.051775666613764],[140.05189697766343,35.051628999778586],[140.05252725043238,35.05160094632669],[140.05233530543012,35.05180955936373]]],[[[140.07412591368006,35.05351138694101],[140.07409175113344,35.053742504612956],[140.07394785960605,35.05371999997806],[140.07412591368006,35.05351138694101]]],[[[140.074232308874,35.05460525213073],[140.074086667266,35.05511950516109],[140.07381105113916,35.055108667431114],[140.07391036327272,35.0545883062054],[140.074232308874,35.05460525213073]]],[[[140.07490702973575,35.05534886465841],[140.07475619993875,35.05552358584487],[140.07467396862876,35.05541080186708],[140.07490702973575,35.05534886465841]]],[[[140.0732702456254,35.05554417132652],[140.07332814487802,35.055292505045145],[140.07351980479518,35.05542774779235],[140.0732702456254,35.05554417132652]]],[[[140.07224383858238,35.055691640357],[140.0724823351917,35.05492327938589],[140.0731089746995,35.05521361291795],[140.07224383858238,35.055691640357]]],[[[140.0686048119626,35.05564194561936],[140.0686595330111,35.05574361307731],[140.06850202304997,35.055788613353855],[140.0684950838811,35.05562527938321],[140.0686048119626,35.05564194561936]]],[[[140.0593089489489,35.05611005443552],[140.05923367119703,35.05630172064792],[140.0590417252954,35.05613810788742],[140.0593089489489,35.05611005443552]]],[[[140.07463286601399,35.056448305644835],[140.07493425401265,35.05654969431299],[140.07488647213302,35.05665108118251],[140.07463286601399,35.056448305644835]]],[[[140.0583811147967,35.05657763984624],[140.05820121891122,35.056662613189076],[140.05806228264828,35.056358108140216],[140.05839810568807,35.056357838343615],[140.0583811147967,35.05657763984624]]],[[[140.06433917011668,35.056542693990195],[140.06428111528135,35.05668191893545],[140.06416741939097,35.05655691856697],[140.06433917011668,35.056542693990195]]],[[[140.06375477266465,35.0563186395936],[140.0636989490473,35.056532531651044],[140.0631792218437,35.05669613541835],[140.0631913096313,35.056460801724654],[140.06375477266465,35.0563186395936]]],[[[140.05900061009015,35.056549775251995],[140.05879533083987,35.0566795051551],[140.058726718863,35.05632977499914],[140.05886605712294,35.05632641423267],[140.05900061009015,35.056549775251995]]],[[[140.0645524119643,35.05655158558727],[140.06448072610465,35.05670766742497],[140.06438788639196,35.05667710756251],[140.06437883291687,35.05653758584094],[140.0645524119643,35.05655158558727]]],[[[140.07531814491654,35.056735801815876],[140.0753934109772,35.05688219795513],[140.0752700779518,35.0568991348872],[140.07514674402705,35.05676941397735],[140.07531814491654,35.056735801815876]]],[[[140.06461658938417,35.05683577495108],[140.06451542194918,35.05707394600586],[140.06422691314162,35.05720702678292],[140.06431403406543,35.056839865067786],[140.06461658938417,35.05683577495108]]],[[[140.05303858606192,35.057420505152265],[140.0529239953462,35.05745305431503],[140.05274933891087,35.05740055908859],[140.05285083010176,35.05730941369853],[140.05303858606192,35.057420505152265]]],[[[140.07610036264168,35.05720219832284],[140.07601647208253,35.057507748383955],[140.0757631393575,35.05762053236174],[140.07576152957097,35.05705630580394],[140.07610036264168,35.05720219832284]]],[[[140.05985671881263,35.05762617111094],[140.05981561619774,35.05746838685661],[140.05993228344823,35.05749089239083],[140.05985671881263,35.05762617111094]]],[[[140.06861810574105,35.05764161336981],[140.06843780785857,35.05761683794674],[140.06850693874424,35.05752519792958],[140.06861810574105,35.05764161336981]]],[[[140.06339102477602,35.05749708062581],[140.06315430612642,35.05764725211907],[140.06307277628764,35.05754122474775],[140.06339102477602,35.05749708062581]]],[[[140.06904968859237,35.05755344113845],[140.06846522728847,35.05746794618881],[140.06861591409324,35.0571513326679],[140.06904968859237,35.05755344113845]]],[[[140.06357105106326,35.057616999824745],[140.06365147923248,35.05701222463449],[140.0641630612763,35.05703144134799],[140.06409461657336,35.05752710808963],[140.06357105106326,35.057616999824745]]],[[[140.07644814486605,35.057631639888314],[140.07642066068502,35.057992467678275],[140.0762561998638,35.05782913460695],[140.07644814486605,35.057631639888314]]],[[[140.0670108041054,35.05795005385198],[140.06708114098194,35.0581573331944],[140.06691654975907,35.05807697337366],[140.0670108041054,35.05795005385198]]],[[[140.0661316727386,35.05806866723526],[140.0660584949037,35.05829363983963],[140.06599516194728,35.05825858606494],[140.06603581130366,35.05813025190963],[140.0661316727386,35.05806866723526]]],[[[140.07781844366627,35.060788279155815],[140.07744844369074,35.060551332977695],[140.07763955861878,35.06031494617787],[140.07822233459308,35.06050633270115],[140.07781844366627,35.060788279155815]]],[[[140.0816748382233,35.061639080978864],[140.0816542797213,35.06185908123166],[140.08152399493645,35.061830748090586],[140.0815378858648,35.06167297282951],[140.0816748382233,35.061639080978864]]],[[[140.09195014298473,35.06486874789448],[140.0920467436623,35.06504369391138],[140.0917445777501,35.06524069400285],[140.0917216081657,35.06502850526135],[140.09195014298473,35.06486874789448]]],[[[140.08399014283088,35.06831266659634],[140.0838393004434,35.068436837789875],[140.08375041504974,35.06835210816331],[140.08385985714676,35.068301559069766],[140.08399014283088,35.06831266659634]]],[[[140.087257638829,35.06930486522742],[140.0871548643056,35.069412080603115],[140.08706596632135,35.06933291867932],[140.08720958535412,35.069242919025555],[140.087257638829,35.06930486522742]]],[[[140.08540152985677,35.071285999749136],[140.0852709725774,35.07120989192305],[140.0854490266513,35.07104072135223],[140.08562708162458,35.07108597343898],[140.08540152985677,35.071285999749136]]],[[[140.0861545780714,35.07137346781133],[140.086230142707,35.071429865196194],[140.0859695848285,35.07157069363268],[140.0859340337288,35.07148264011181],[140.0861545780714,35.07137346781133]]],[[[140.08716180257522,35.071987640017596],[140.0870179119471,35.07203264029414],[140.08694263329596,35.072139864663086],[140.08679875525843,35.07210041410286],[140.0869015297818,35.07201013475998],[140.0871001432571,35.07195930597726],[140.08716180257522,35.071987640017596]]],[[[140.1111579765594,35.072432531935874],[140.1111304671973,35.07257919787173],[140.11100741925702,35.072539748210886],[140.11103464263476,35.0724550266782],[140.1111579765594,35.072432531935874]]],[[[140.1105849159611,35.07203419791995],[140.11066464265923,35.072449467968625],[140.1102699221193,35.07231030597592],[140.1105849159611,35.07203419791995]]],[[[140.09173975378667,35.07273797317896],[140.09151238718698,35.07237317128488],[140.0919794941584,35.07217372144015],[140.09195683484018,35.07273177505141],[140.09173975378667,35.07273797317896]]],[[[140.0912970301339,35.07257544140356],[140.09141571995963,35.07266955905294],[140.09129905270913,35.07279927906353],[140.09116878141424,35.07275038742051],[140.0912970301339,35.07257544140356]]],[[[140.09212072639048,35.07376455918711],[140.0920318293056,35.07395038700082],[140.09186739276606,35.073927892258496],[140.0919154471402,35.073775666713686],[140.09212072639048,35.07376455918711]]],[[[140.11041797660835,35.07383586463351],[140.11002075235592,35.0741122523786],[140.10969185499516,35.07390364024087],[140.1100549158018,35.073807802188355],[140.11041797660835,35.07383586463351]]],[[[140.10600686132761,35.07413477499989],[140.1079824119588,35.072710586124686],[140.10811658900946,35.073920586166196],[140.10600686132761,35.07413477499989]]],[[[140.10908518763142,35.074209468192464],[140.1084590787235,35.074061413703305],[140.10883185490627,35.07384308079361],[140.10908518763142,35.074209468192464]]],[[[140.10880852109642,35.074371413609924],[140.1089796369008,35.07448419758771],[140.1085413100335,35.074856134702884],[140.10842075231596,35.074536135234496],[140.10880852109642,35.074371413609924]]],[[[140.10766435772405,35.07527335987771],[140.10773574590803,35.07461502736169],[140.10813019485272,35.07472669438147],[140.10766435772405,35.07527335987771]]],[[[140.1092193637827,35.07481113532566],[140.1092186380298,35.07516544123217],[140.10871241234804,35.07549308134071],[140.1086371336968,35.0751494683733],[140.1092193637827,35.07481113532566]]],[[[140.10404741935304,35.0753747746262],[140.10395158219978,35.07562866672964],[140.10360907899587,35.07560033268925],[140.103704916149,35.075420053692596],[140.10404741935304,35.0753747746262]]],[[[140.09914936435177,35.07545950515208],[140.09914241169304,35.07573561320805],[140.09895075177587,35.07589366725898],[140.09881380031675,35.07559480185864],[140.09914936435177,35.07545950515208]]],[[[140.1005401946743,35.07562283822347],[140.10047158179816,35.07594422534578],[140.10032075200115,35.0759895053115],[140.10037574644366,35.07563977515554],[140.1005401946743,35.07562283822347]]],[[[140.1062253309343,35.07613955899353],[140.1062735283008,35.07647946765337],[140.10588325580773,35.076603639746224],[140.10603635459415,35.07613053159878],[140.1062253309343,35.07613955899353]]],[[[140.10363085607923,35.07825435975093],[140.10290213992187,35.07588419829716],[140.10561177656234,35.076700558783784],[140.10363085607923,35.07825435975093]]],[[[140.10184824869782,35.079376720859045],[140.10169075222655,35.079230332813665],[140.10210185481685,35.07909474832405],[140.10213603085322,35.0793766938794],[140.10184824869782,35.079376720859045]]],[[[140.09960158214733,35.08109033315242],[140.09956308666722,35.08118135983193],[140.09937102475305,35.081152279354285],[140.09945769061994,35.081033945660124],[140.09960158214733,35.08109033315242]]],[[[140.10131379959228,35.08236391885981],[140.10125907944303,35.08250474819562],[140.10111518791564,35.08244280199375],[140.10121131015387,35.08235253164406],[140.10131379959228,35.08236391885981]]],[[[140.10081379991698,35.08267946758343],[140.1008001949731,35.08278669375096],[140.10065630434508,35.082803639676285],[140.10069741865107,35.082645865314475],[140.10081379991698,35.08267946758343]]],[[[140.1003138002418,35.08265141413153],[140.10034797717742,35.08288808062048],[140.10020408565015,35.082837532426254],[140.1003138002418,35.08265141413153]]],[[[140.10407639371067,35.0848234684284],[140.10417732822123,35.08532080161376],[140.10365658928026,35.085103332952485],[140.10407639371067,35.0848234684284]]],[[[140.10608158239916,35.085886666736315],[140.1061432561064,35.086005000430475],[140.1059788069764,35.0860219463558],[140.10597185521704,35.08588083823014],[140.10608158239916,35.085886666736315]]],[[[140.11997216628254,35.087654919139254],[140.12015771710503,35.087767414434666],[140.12008189436403,35.08782935973721],[140.1198627241854,35.087761864718345],[140.11997216628254,35.087654919139254]]],[[[140.12067160770857,35.08856769414382],[140.12079243792073,35.088588919043445],[140.12074717324356,35.08870880226948],[140.1206032808168,35.08864074787226],[140.12067160770857,35.08856769414382]]],[[[140.11290299587665,35.088387720916614],[140.11298522718653,35.08848910778613],[140.11289605670777,35.08874272109978],[140.11273856023638,35.088646892040515],[140.1127263285573,35.08845494613888],[140.11290299587665,35.088387720916614]]],[[[140.10340325565573,35.088801559244644],[140.1034682487607,35.088861107853916],[140.10338907874302,35.088973613041844],[140.10323824894613,35.08883277471284],[140.10340325565573,35.088801559244644]]],[[[140.106251440052,35.08933927918446],[140.1061560570564,35.089486919086085],[140.10599185523995,35.08944074789224],[140.10615855986975,35.0893285862453],[140.106251440052,35.08933927918446]]],[[[140.10790791212048,35.08949510831263],[140.10762652414485,35.08921735989327],[140.10791355356776,35.08906386540514],[140.10818552474223,35.089195667346246],[140.10790791212048,35.08949510831263]]],[[[140.1046138654376,35.08934630558758],[140.10465483765074,35.08940980222064],[140.1045815051324,35.08958191897045],[140.10446522728853,35.08942444138489],[140.1046138654376,35.08934630558758]]],[[[140.10515968916843,35.089534558872856],[140.10509328142984,35.08966719808279],[140.10499299622984,35.08958222473996],[140.10515968916843,35.089534558872856]]],[[[140.12102827523483,35.08928353200946],[140.12115856001958,35.08958797320645],[140.1208088325617,35.08967825165007],[140.12057577235407,35.08942408075677],[140.12102827523483,35.08928353200946]]],[[[140.10205574567624,35.08985889217416],[140.10124325587162,35.089694999724486],[140.10134269840682,35.08905277496564],[140.10217907870162,35.089391108013274],[140.10205574567624,35.08985889217416]]],[[[140.11123557726012,35.09012858626528],[140.1112160565758,35.09024189184987],[140.1109617507842,35.09024553230552],[140.11099856003557,35.09012299967674],[140.11123557726012,35.09012858626528]]],[[[140.10750914373205,35.09044658564147],[140.10741077768535,35.090574414377784],[140.10731717264946,35.09048386523824],[140.10750914373205,35.09044658564147]]],[[[140.11013425399267,35.09096383791086],[140.1089183400095,35.091379640358184],[140.10865817063814,35.09093366655554],[140.10991897518068,35.09039553202825],[140.11013425399267,35.09096383791086]]],[[[140.1094129959131,35.092439946446405],[140.1093168871647,35.09226522526001],[140.10950411162548,35.09220244088999],[140.10961189357408,35.09242883802051],[140.1094129959131,35.092439946446405]]],[[[140.19950744541234,35.10998761263829],[140.19989522678338,35.110193170678315],[140.19949189433555,35.11033205388122],[140.19950744541234,35.10998761263829]]],[[[140.20556024610858,35.11064758641703],[140.20553719828308,35.11093535957923],[140.2052933066409,35.11076425186877],[140.20556024610858,35.11064758641703]]],[[[140.19849160810134,35.11279786542917],[140.1985988333695,35.113018134579306],[140.19837216644237,35.112981468320186],[140.19849160810134,35.11279786542917]]],[[[140.1990913362962,35.11295925236766],[140.19917192004812,35.11317758617673],[140.19893910535552,35.113172864735986],[140.1990913362962,35.11295925236766]]],[[[140.18335202327728,35.11724405426975],[140.1832188067026,35.11733802712831],[140.18310060970543,35.11715074780881],[140.1832642800225,35.11709402666804],[140.18335202327728,35.11724405426975]]],[[[140.14318416291883,35.11778594616453],[140.1428443316007,35.117626359668805],[140.14299299583013,35.11751310804357],[140.14318416291883,35.11778594616453]]],[[[140.18250552471022,35.11750450512886],[140.1826496626519,35.11757727916813],[140.18255418882484,35.11772819799802],[140.18243428041774,35.11759755888028],[140.18250552471022,35.11750450512886]]],[[[140.183442826925,35.117872639910445],[140.18320639425974,35.11771530621644],[140.18335894895642,35.117629305847856],[140.18354691265995,35.11774208083244],[140.183442826925,35.117872639910445]]],[[[140.18316678272095,35.11799874824368],[140.18309866357254,35.11798000007701],[140.1828888850141,35.117716505012766],[140.18315155629932,35.11779677490131],[140.18325693885674,35.11791969423854],[140.18316678272095,35.11799874824368]]],[[[140.17890713395718,35.118153865108866],[140.1787594158144,35.1180146671432],[140.17887069972312,35.117945386970064],[140.17907527930072,35.11814366679681],[140.17890713395718,35.118153865108866]]],[[[140.18364875458644,35.118279693752925],[140.18363172502416,35.118484440604504],[140.18344610855115,35.118458666933975],[140.18338053178616,35.11826091860655],[140.18364875458644,35.118279693752925]]],[[[140.18392403436678,35.11820813469774],[140.18408192024447,35.118236171062506],[140.1841884179612,35.118382694006186],[140.18406399495746,35.118457333239405],[140.18392403436678,35.11820813469774]]],[[[140.17875430586662,35.11878127893294],[140.17833527934977,35.11871844060363],[140.17838036326327,35.11856255931474],[140.17874933891096,35.118716468390346],[140.17892185495975,35.118521170715496],[140.1791151102742,35.118662332800454],[140.17875430586662,35.11878127893294]]],[[[140.16059866379737,35.11944962180263],[140.16032527888854,35.11958653189299],[140.16026634181833,35.119521108012805],[140.16053868980873,35.119361458564526],[140.16059866379737,35.11944962180263]]],[[[140.19484111512543,35.11951613476185],[140.19477997381682,35.11958789166789],[140.1945731909001,35.11946905435343],[140.1946343322087,35.11939730644059],[140.19484111512543,35.11951613476185]]],[[[140.15835167259172,35.120107973204426],[140.15828163429,35.12004119764322],[140.1584095853342,35.11994150509645],[140.1584714398051,35.11998199976955],[140.15835167259172,35.120107973204426]]],[[[140.18587455326804,35.120409053634944],[140.1859096888811,35.12046708059137],[140.18582775614607,35.120625080683],[140.18574836579455,35.12057969369795],[140.18587455326804,35.120409053634944]]],[[[140.18575669261736,35.12101208144247],[140.18566230876866,35.12113127938511],[140.18530958476958,35.12085402739149],[140.18537396903355,35.12072835972606],[140.18555269759895,35.12095536030171],[140.18575669261736,35.12101208144247]]],[[[140.1711968611463,35.1209407211374],[140.17130172479483,35.121089333206214],[140.17123053176374,35.121440918663495],[140.17099530508938,35.12117900011083],[140.1711968611463,35.1209407211374]]],[[[139.85766322957443,35.37064703623179],[139.8575161220714,35.37044075693541],[139.85913776879306,35.36966951363718],[139.85928341130045,35.369871873688055],[139.85766322957443,35.37064703623179]]],[[[139.87349593988574,35.37689855922116],[139.88218980481565,35.376816945745475],[139.88219072572144,35.376890000373294],[139.87349593988574,35.37689855922116]]],[[[139.86121444908758,35.376913107553946],[139.86120975372717,35.3768326667942],[139.86932608303232,35.37681919764793],[139.86933082965413,35.37689813474117],[139.86121444908758,35.376913107553946]]],[[[139.81621997407262,35.18488555922124],[139.81604858577373,35.18456417119961],[139.81638496819176,35.184626108408224],[139.81621997407262,35.18488555922124]]],[[[139.84748066110365,35.21235153169789],[139.8476384435594,35.212396531974434],[139.84755622573925,35.21249791884395],[139.84739428032185,35.21248597314917],[139.84748066110365,35.21235153169789]]],[[[139.81833097339575,35.301318467873045],[139.81832752269713,35.30111830576527],[139.81937053212437,35.30074102667709],[139.81961116732157,35.30087544114872],[139.81833097339575,35.301318467873045]]],[[[139.8230385214107,35.301469838162575],[139.81983627842158,35.30154599994802],[139.81985503198416,35.30138117130406],[139.8230385214107,35.301469838162575]]],[[[139.81780097323644,35.30173436025257],[139.81642753580218,35.30221546786959],[139.81638258139105,35.3021219095985],[139.81775616091818,35.30162830590166],[139.81780097323644,35.30173436025257]]],[[[139.74428333310937,35.31229438677656],[139.74196856000106,35.31201997304339],[139.74290900084975,35.31079800032751],[139.74428333310937,35.31229438677656]]],[[[139.76830246408747,35.31573357684317],[139.76741978039865,35.31458472980148],[139.7700881057815,35.314825233697604],[139.76830246408747,35.31573357684317]]],[[[139.898088144952,34.89815705400491],[139.89814785993588,34.898260387007326],[139.8979809205831,34.89831427888089],[139.89800092060602,34.89816177544566],[139.898088144952,34.89815705400491]]],[[[139.88755316544632,34.89881627864838],[139.88766038891583,34.89883402676895],[139.8877684442583,34.8990168292633],[139.88749732833912,34.898943494946366],[139.88755316544632,34.89881627864838]]],[[[139.88805844414196,34.89898180156894],[139.88830233488488,34.89911819814637],[139.88820678281684,34.89918902695206],[139.8879964979401,34.899090694180245],[139.88805844414196,34.89898180156894]]],[[[139.88896622611048,34.89946986544197],[139.88900511009786,34.899686531907946],[139.8888417770264,34.89962486539525],[139.88896622611048,34.89946986544197]]],[[[139.8896551103951,34.90022097291961],[139.88939260728307,34.900230414002465],[139.8893659396864,34.899969865117214],[139.88960566836693,34.900073467916286],[139.8896551103951,34.90022097291961]]],[[[139.89885007756914,34.90046649503279],[139.89938036281353,34.90007122500708],[139.89934814460128,34.90036400019852],[139.89885007756914,34.90046649503279]]],[[[139.88964983137464,34.90048069442855],[139.8898881706026,34.900626532088836],[139.8898337220487,34.900752919211925],[139.8895987157082,34.90055653155872],[139.88964983137464,34.90048069442855]]],[[[139.89878481196956,34.90086789213956],[139.89816452707134,34.90093125207568],[139.89841258077604,34.900575667333214],[139.89878481196956,34.90086789213956]]],[[[139.8686193004404,34.90106658565446],[139.86854763886254,34.901230198414964],[139.86845930025652,34.90109825168304],[139.8686193004404,34.90106658565446]]],[[[139.89731036268313,34.901125973285104],[139.8973339689876,34.90123541358355],[139.89709758758363,34.901374305779655],[139.897038417589,34.901206252166844],[139.89731036268313,34.901125973285104]]],[[[139.83624766469802,34.901483532039435],[139.83638321681212,34.901557135253654],[139.8363040602842,34.901660747945186],[139.83614182888232,34.90163880178932],[139.8360757197188,34.90146713470057],[139.83624766469802,34.901483532039435]]],[[[139.83687933861063,34.90160353217732],[139.83700489026353,34.90179410841142],[139.8367404410186,34.90171797270631],[139.83687933861063,34.90160353217732]]],[[[139.89600341122855,34.90179680188095],[139.89599841819256,34.901556531808524],[139.8966117513313,34.901446532131786],[139.89637924780413,34.90171125207269],[139.89600341122855,34.90179680188095]]],[[[139.8985350837272,34.902156802294655],[139.89806619969545,34.90213597309673],[139.89809968864972,34.90206202724079],[139.89841369593535,34.9020151347907],[139.8985350837272,34.902156802294655]]],[[[139.89774897463553,34.90208763993269],[139.8977742536789,34.90217402700978],[139.89756481236623,34.90228097258887],[139.8976359136666,34.902070414318246],[139.89774897463553,34.90208763993269]]],[[[139.8959736958294,34.902217081153424],[139.8953900780897,34.902229305638],[139.8963595328662,34.901956251679735],[139.89624564182293,34.902209026825176],[139.8959736958294,34.902217081153424]]],[[[139.8970514793424,34.902392919297824],[139.8967914790436,34.90253708062181],[139.89619980517693,34.9026168019239],[139.89615147920745,34.90250235959627],[139.89669508431075,34.902288197742166],[139.8970514793424,34.902392919297824]]],[[[139.8413996109034,34.90252105380364],[139.84157710829697,34.9026185591992],[139.84148405994142,34.90269855929114],[139.8413996109034,34.90252105380364]]],[[[139.84225294431803,34.90256966665686],[139.84192350196815,34.90273355910654],[139.8418557200655,34.90254549467886],[139.84225294431803,34.90256966665686]]],[[[139.8606968352908,34.90260797327937],[139.86090795114114,34.90264741394702],[139.8608121139879,34.902849080620626],[139.86049544740706,34.902781865290876],[139.8606968352908,34.90260797327937]]],[[[139.8381109988236,34.90288410831499],[139.8374032170849,34.902854945999024],[139.83721655020372,34.90241216209165],[139.8381109988236,34.90288410831499]]],[[[139.9142439430036,34.90294619840836],[139.91401282713036,34.90319369363408],[139.913588948771,34.90308258599259],[139.91391616080227,34.90275286485286],[139.9142439430036,34.90294619840836]]],[[[139.89418510975509,34.90315625215936],[139.89408316530591,34.90325819840717],[139.89387983128927,34.903272919409744],[139.89386233497885,34.90317819831523],[139.89418510975509,34.90315625215936]]],[[[139.89350399471368,34.90327653198642],[139.89348649840326,34.903385973184186],[139.89332289193794,34.90334930602569],[139.89341566779888,34.90326569425645],[139.89350399471368,34.90327653198642]]],[[[139.87109805413195,34.9034370807567],[139.87067291762116,34.90331991887922],[139.87081819680236,34.903000747686406],[139.87094902657634,34.90311130584212],[139.87088396872025,34.903275531940324],[139.87109805413195,34.9034370807567]]],[[[139.90659199662343,34.90369344059985],[139.90649367104618,34.90383149462781],[139.90576980493256,34.90373038744747],[139.9063956161648,34.90346066727602],[139.90659199662343,34.90369344059985]]],[[[139.89106289203892,34.903797359960265],[139.89085678271442,34.90386236025978],[139.89080455278793,34.90379153235341],[139.89112204944308,34.9037020812861],[139.89106289203892,34.903797359960265]]],[[[139.90576147900913,34.90384510766563],[139.90586785981395,34.903959828783115],[139.90565119334792,34.903942891851045],[139.90576147900913,34.90384510766563]]],[[[139.90452175097812,34.90382594581081],[139.9045998049371,34.90398482903669],[139.90443452663214,34.90406816201613],[139.90424910531203,34.90384538735481],[139.90452175097812,34.90382594581081]]],[[[139.9073539427303,34.904202053981635],[139.9070654986739,34.90409772093312],[139.90687394307804,34.90391344085265],[139.90717700381572,34.90383872068048],[139.90739338519666,34.90407872095625],[139.9073539427303,34.904202053981635]]],[[[139.90410868966433,34.904185386846166],[139.90413147938432,34.904253441243384],[139.90381722388588,34.904344946362244],[139.90389758820322,34.904196774961235],[139.90410868966433,34.904185386846166]]],[[[139.89690919580278,34.90417372084062],[139.89706481179167,34.90430653182102],[139.8967773021309,34.90427208059208],[139.89690919580278,34.90417372084062]]],[[[139.90568442329754,34.904337999998745],[139.90563647234535,34.904434278719066],[139.90537311307878,34.904323973272824],[139.905434526882,34.904209828620765],[139.90568442329754,34.904337999998745]]],[[[139.91788616131737,34.90502341379954],[139.91791311309976,34.905101467758584],[139.91768588769366,34.90513508081938],[139.91765894940102,34.90504841405311],[139.91788616131737,34.90502341379954]]],[[[139.9165467191558,34.905261747631585],[139.91640394278784,34.905401747792496],[139.91620671876512,34.90527980242098],[139.91646978035612,34.90520286541994],[139.9165467191558,34.905261747631585]]],[[[139.91840141439377,34.90545369443248],[139.91804199674084,34.90543425198916],[139.9180589489614,34.905294532416804],[139.91840141439377,34.90545369443248]]],[[[139.91560367117256,34.90531591919438],[139.91598199707153,34.905428972968764],[139.91565839222108,34.905519252311706],[139.91560367117256,34.90531591919438]]],[[[139.9152817246719,34.905542026743205],[139.91521033738718,34.90573174772203],[139.9150403367422,34.90558702701975],[139.9152817246719,34.905542026743205]]],[[[139.9189050320416,34.906003387046724],[139.91905530515828,34.90611922512221],[139.91863975362185,34.90613505408953],[139.9186269778528,34.90604282861369],[139.9189050320416,34.906003387046724]]],[[[139.91150894907878,34.906150919029756],[139.91167839214415,34.9061959193063],[139.91166644644943,34.906268694244886],[139.91145394294517,34.90620980214072],[139.91150894907878,34.906150919029756]]],[[[139.92134335940852,34.90622033320187],[139.92122503200972,34.90639449500998],[139.9207400258316,34.90659949457108],[139.9208394683668,34.90622033320187],[139.92134335940852,34.90622033320187]]],[[[139.9271565888056,34.90974367642957],[139.92709756180307,34.909941081216004],[139.92637583697535,34.90982327902117],[139.9265725681696,34.909604559402965],[139.9271565888056,34.90974367642957]]],[[[139.92448285310127,34.9099379821522],[139.9239471728239,34.90989735977536],[139.92364592691808,34.9097435676116],[139.92436120630464,34.90980832419484],[139.92448285310127,34.9099379821522]]],[[[139.92249112816307,34.909950170663876],[139.92233435834407,34.909989224623075],[139.9223714526804,34.90985667624466],[139.92249112816307,34.909950170663876]]],[[[139.92306150518436,34.909826063322214],[139.9231354348525,34.910000955379815],[139.92304784718044,34.910253189133414],[139.9228430346784,34.90991468521463],[139.92306150518436,34.909826063322214]]],[[[139.82441296968284,34.91008410759554],[139.824437418652,34.91018466708874],[139.82420019458334,34.910276612875464],[139.82421408641108,34.910147161762154],[139.82441296968284,34.91008410759554]]],[[[139.9227804535551,34.91031290141933],[139.9225895328807,34.9101408287363],[139.92280769132196,34.90997763955647],[139.9227804535551,34.91031290141933]]],[[[139.92121464304137,34.90984262163971],[139.92121023276604,34.9103393963461],[139.92115565470976,34.9103393963461],[139.9211625291275,34.90987004466689],[139.92121464304137,34.90984262163971]]],[[[139.92975263297774,34.91049016229118],[139.92968053163133,34.909549449847304],[139.92872088216302,34.90863265757116],[139.92882084270775,34.90855836008029],[139.92983307373743,34.90951760395433],[139.92975263297774,34.91049016229118]]],[[[139.93079993486913,34.91069210775464],[139.93064160832364,34.910756117001256],[139.93034942938277,34.91047891896699],[139.93069802909088,34.910457523196214],[139.93079993486913,34.91069210775464]]],[[[139.82428171183165,34.910683738663636],[139.82394716043314,34.910760153158606],[139.82402948077595,34.9105811260182],[139.82426717339138,34.91051245018946],[139.82428171183165,34.910683738663636]]],[[[139.93138763912827,34.91084198157222],[139.9311966932728,34.91093862181998],[139.93113879402017,34.91070233304629],[139.93138763912827,34.91084198157222]]],[[[139.92968175111196,34.91126459458542],[139.929468404943,34.91085293711342],[139.9301409080765,34.910773413662184],[139.9303711021447,34.9112302701609],[139.92968175111196,34.91126459458542]]],[[[139.93124613530097,34.91230974799652],[139.93132389068512,34.91253169438227],[139.93118917044387,34.91261558584068],[139.93116474665578,34.91232974801949],[139.93124613530097,34.91230974799652]]],[[[139.9317716730244,34.9126769726642],[139.93218666698112,34.91275808072089],[139.9321830606998,34.91282558563233],[139.93175610935702,34.91276419790944],[139.9317716730244,34.9126769726642]]],[[[139.93242082975758,34.91291364005252],[139.93240221828785,34.913060585677556],[139.93226861230664,34.912947252213996],[139.93242082975758,34.91291364005252]]],[[[139.93209027224827,34.91303002671441],[139.9322722176887,34.91330530559543],[139.9322277821865,34.91334808094922],[139.93199749728672,34.9130636397752],[139.93209027224827,34.91303002671441]]],[[[139.93253083033358,34.913316414021324],[139.9325863940469,34.91340835980799],[139.93244167334467,34.9135183603841],[139.93241194625443,34.91329808134145],[139.93253083033358,34.913316414021324]]],[[[139.9384538912342,34.91485805435576],[139.93826000009904,34.91484110843044],[139.93833138828302,34.91474444120303],[139.9384538912342,34.91485805435576]]],[[[139.9392241632646,34.91507249499972],[139.93915805410097,34.915135559058854],[139.9389894420092,34.914984161789675],[139.93902027166826,34.914891667416555],[139.9392241632646,34.91507249499972]]],[[[139.93832805359682,34.9156405589647],[139.93811888477876,34.91567000007052],[139.93782805392163,34.91558999997858],[139.93771055839557,34.91541333265923],[139.93807277563815,34.91546805370774],[139.93832805359682,34.9156405589647]]],[[[139.94241778175524,34.91708222526455],[139.94208861189998,34.917028891869904],[139.9421702721404,34.91681110844593],[139.94254277582854,34.91686638707415],[139.94241778175524,34.91708222526455]]],[[[139.94246944241092,34.918622495032196],[139.94258610876193,34.918725279448154],[139.94251861194448,34.918774162097975],[139.94237082994994,34.91865777543603],[139.94246944241092,34.918622495032196]]],[[[139.94289221820134,34.9189302790092],[139.94302055775256,34.919065000149715],[139.94291082967106,34.91912222491078],[139.94283610859964,34.91900972062217],[139.94289221820134,34.9189302790092]]],[[[139.94645666674182,34.92259333281612],[139.94645666674182,34.922721945761225],[139.94634250320405,34.92269444089578],[139.94632583696784,34.92259333281612],[139.94645666674182,34.92259333281612]]],[[[139.94617500627157,34.922786386682446],[139.94604639422573,34.922933612895974],[139.9459458374305,34.92278166704034],[139.94617500627157,34.922786386682446]]],[[[139.94494416264308,34.922868332907285],[139.94496250341683,34.92299777502734],[139.9447777817693,34.92296361338009],[139.94483333289202,34.92284944084906],[139.94494416264308,34.922868332907285]]],[[[139.94620277643708,34.923039999996035],[139.94623082988892,34.92321472118249],[139.946007224254,34.923154999903375],[139.94620277643708,34.923039999996035]]],[[[139.94677306082815,34.92327389207651],[139.94671138802016,34.92308999960386],[139.94696833961723,34.92310833318311],[139.9469291696455,34.92326944133168],[139.94677306082815,34.92327389207651]]],[[[139.9450827760494,34.92316500036452],[139.94505055783702,34.9233097210668],[139.94490250334786,34.92325638677289],[139.9449763943452,34.92315749462273],[139.9450827760494,34.92316500036452]]],[[[139.94647111524978,34.92344472099711],[139.94647666676485,34.92355055861145],[139.94637055755527,34.92355972090445],[139.9463650060403,34.923435558704114],[139.94647111524978,34.92344472099711]]],[[[139.94698416318863,34.92346389184519],[139.9470808304161,34.92359610837377],[139.9470566674313,34.92369527931373],[139.9468397275714,34.9235763871406],[139.94698416318863,34.92346389184519]]],[[[139.95050391722202,34.92644997288801],[139.9504303113099,34.92663219801756],[139.95035642031257,34.92657913531889],[139.9503750317823,34.9264577484264],[139.95050391722202,34.92644997288801]]],[[[139.95096503201069,34.92663969386683],[139.95089114101336,34.92692025176825],[139.95063308684757,34.92677608055175],[139.95096503201069,34.92663969386683]]],[[[139.9516236451152,34.92713469421085],[139.95170224406343,34.92726913476281],[139.95150613520002,34.927371359800475],[139.95144752278497,34.92715080196797],[139.9516236451152,34.92713469421085]]],[[[139.95295197075689,34.927672747799136],[139.95290447486173,34.92784191926921],[139.95274641991136,34.927724973228976],[139.95295197075689,34.927672747799136]]],[[[139.953585863297,34.927889693954285],[139.9540597538546,34.92826358619561],[139.953696134569,34.928349135104554],[139.953585863297,34.927889693954285]]],[[[139.95447335925815,34.928610252361295],[139.95470058376497,34.928995252129255],[139.9543494677538,34.92891025180671],[139.95447335925815,34.928610252361295]]],[[[139.95632505795515,34.930997748247535],[139.95643756224376,34.93110246800455],[139.95637005193646,34.93132441439025],[139.95616783397838,34.931071640144125],[139.95632505795515,34.930997748247535]]],[[[139.9572442280388,34.9334613600538],[139.95711477332816,34.93366580203519],[139.9570122829905,34.933492467603344],[139.9572442280388,34.9334613600538]]],[[[139.9575300523701,34.93376330563211],[139.95741143988607,34.93382553242242],[139.95733588784105,34.933714413989094],[139.95744394318353,34.93368330643949],[139.9575300523701,34.93376330563211]]],[[[139.9569200521188,34.933688865149065],[139.95686060962953,34.93382635979873],[139.95658561583355,34.9338308015503],[139.95675282678155,34.93366664020334],[139.9569200521188,34.933688865149065]]],[[[139.95633199712404,34.933950801688184],[139.95629977981105,34.93407497288172],[139.9560892224397,34.93399525157963],[139.95617561581207,34.93394191908436],[139.95633199712404,34.933950801688184]]],[[[139.95707089540554,34.93401746843148],[139.95693616077529,34.934128306276364],[139.95687144016495,34.93403525162563],[139.95707089540554,34.93401746843148]]],[[[139.95789172462344,34.93384413489895],[139.9579508946182,34.934030531983524],[139.95775144027687,34.934132748027935],[139.9577136714488,34.93391080164224],[139.95789172462344,34.93384413489895]]],[[[139.95912005194896,34.9350466399905],[139.95919810590794,34.935111080911724],[139.95913450135617,34.93521164040493],[139.95898783362168,34.93506274774768],[139.95912005194896,34.9350466399905]]],[[[139.9580145009685,34.93510691884927],[139.95812700435783,34.93525163955155],[139.95804866441438,34.935308027043845],[139.95792644564904,34.93517135977049],[139.9580145009685,34.93510691884927]]],[[[139.95901727562682,34.935275801636976],[139.95901228259083,34.9354530274353],[139.95890477313685,34.93545691880183],[139.9589097796627,34.93530413477805],[139.95901727562682,34.935275801636976]]],[[[139.95959481215095,34.9356866398266],[139.95938953290067,34.935831640218055],[139.9590619971135,34.935582197960116],[139.95955092073848,34.9354777479997],[139.95959481215095,34.9356866398266]]],[[[139.95991814540616,34.93590441425738],[139.95966396911695,34.936146080976926],[139.9595759137975,34.93591246768631],[139.95991814540616,34.93590441425738]]],[[[139.96025535699914,34.93627191861418],[139.96038730193254,34.93652135997286],[139.96024063599657,34.936529414301106],[139.96008425378534,34.93639664019287],[139.96025535699914,34.93627191861418]]],[[[139.96379396891655,34.938648306074526],[139.9639153567084,34.938733026707894],[139.96383647177583,34.93886274761775],[139.96371535737785,34.93879274798701],[139.96379396891655,34.938648306074526]]],[[[139.96412732781403,34.93912719776199],[139.96406678275594,34.93936164022756],[139.96383649785616,34.939186919041106],[139.96412732781403,34.93912719776199]]],[[[139.9644306610462,34.939206919064134],[139.96463038878153,34.93939136012324],[139.96446678321558,34.93941136014621],[139.9644306610462,34.939206919064134]]],[[[139.9633062261015,34.94065858582513],[139.96342066123464,34.940799693950794],[139.9631406609128,34.940799693950794],[139.9633062261015,34.94065858582513]]],[[[139.96399900085328,34.94154553230055],[139.96413732827511,34.94168135960712],[139.9640467827329,34.94176886544085],[139.9639403893376,34.94158053211589],[139.96399900085328,34.94154553230055]]],[[[139.96439844373322,34.94188302718004],[139.96438233507672,34.94195302681078],[139.96420121881124,34.941983585773926],[139.96418538264936,34.941904693646734],[139.96439844373322,34.94188302718004]]],[[[139.96462204936813,34.942119693668985],[139.96454204927625,34.94234302680928],[139.96429177694404,34.94209330576149],[139.96462204936813,34.942119693668985]]],[[[139.9651012189462,34.94226413468215],[139.9652451095742,34.942461359604124],[139.9650906609054,34.94248330575999],[139.9651012189462,34.94226413468215]]],[[[139.96584983080515,34.942850802022974],[139.96599121861993,34.94313163961351],[139.9655795593493,34.94321636024688],[139.96536705584504,34.942781919350125],[139.96584983080515,34.942850802022974]]],[[[139.96684761332676,34.943243026944174],[139.96668011729366,34.9434760808565],[139.9665642801175,34.94331191861022],[139.96684761332676,34.943243026944174]]],[[[139.9649512192235,34.9440316397484],[139.96463011718618,34.94398358627353],[139.96470593992728,34.94388274799047],[139.96493955861376,34.94392108069337],[139.9649512192235,34.9440316397484]]],[[[139.96605094709355,34.94438108122199],[139.96622736709935,34.944543586017744],[139.96607900144477,34.944630802269785],[139.965839001169,34.944456639562304],[139.96605094709355,34.94438108122199]]],[[[139.96626263311407,34.94484580229198],[139.96598736682358,34.94486302700716],[139.96604374802064,34.944735252230146],[139.96626263311407,34.94484580229198]]],[[[139.9667565236947,34.94504330600381],[139.96662236103316,34.9451594138759],[139.9665165243182,34.94506053161831],[139.9667565236947,34.94504330600381]]],[[[139.966135422212,34.94501997309334],[139.9663754215885,34.94528136014668],[139.966135422212,34.94533358557658],[139.96586041492628,34.94509553233303],[139.966135422212,34.94501997309334]]],[[[139.96559347635787,34.94544330556414],[139.9656054220527,34.945573585852344],[139.96548985737104,34.94559886489577],[139.96546542189174,34.945463586175606],[139.96559347635787,34.94544330556414]]],[[[139.96585513590583,34.945573585852344],[139.96594041501817,34.94580413515274],[139.96580652395198,34.945814134714624],[139.96585513590583,34.945573585852344]]],[[[139.9681218033786,34.946230251924646],[139.96817763868717,34.9463949726499],[139.96793763931066,34.946424694344216],[139.9679215297549,34.94625663983214],[139.9681218033786,34.946230251924646]]],[[[139.96536457821276,34.94677858566325],[139.96548596600462,34.94681025169183],[139.96541403373078,34.946928305696815],[139.96524847034073,34.94684219830884],[139.96536457821276,34.94677858566325]]],[[[139.96573542175236,34.947074693742195],[139.96584041490325,34.94714719798486],[139.96577958476007,34.947229135216446],[139.9656748641038,34.9471835863535],[139.96573542175236,34.947074693742195]]],[[[139.9663040343038,34.947315251597615],[139.96633153017603,34.947483306109746],[139.96588457791097,34.94742886475035],[139.96596180269512,34.94730636000054],[139.9663040343038,34.947315251597615]]],[[[139.96671403432526,34.948012468100956],[139.9665068089422,34.9480883061305],[139.96649569422095,34.94799330624613],[139.96671403432526,34.948012468100956]]],[[[139.9673418033816,34.950145251702054],[139.9673759659281,34.95024386506236],[139.96725014267997,34.95026746776949],[139.9672331913588,34.950145251702054],[139.9673418033816,34.950145251702054]]],[[[139.9673551619113,34.95102080196847],[139.96746795128502,34.95107774793979],[139.9673593392622,34.951184973208],[139.96727267159656,34.951149135224455],[139.9673551619113,34.95102080196847]]],[[[139.9670960051766,34.953696640287774],[139.96705822285878,34.953827468263114],[139.96691155602355,34.95375858559032],[139.9670960051766,34.953696640287774]]],[[[139.96712516209664,34.95404525168709],[139.96708766486393,34.95417969403769],[139.96691988284635,34.954210801587294],[139.9668446167857,34.954121080723326],[139.96699128362093,34.95402108060841],[139.96712516209664,34.95404525168709]]],[[[139.9666601694313,34.954304721385824],[139.96672294390885,34.954411666964916],[139.9665932167037,34.95446694559314],[139.96658044093465,34.954325558677624],[139.9666601694313,34.954304721385824]]],[[[139.9669357199076,34.95496389207],[139.96702211417926,34.955129720760056],[139.9669529437234,34.95526249486829],[139.96684350162639,34.95504916218914],[139.9669357199076,34.95496389207]]],[[[139.96665933935708,34.95551361256321],[139.96665377435227,34.95570777529366],[139.9665329441401,34.95561305419915],[139.96665933935708,34.95551361256321]]],[[[139.96847713361285,34.95754913538434],[139.96853130967224,34.95763249534343],[139.96833658936214,34.95767055914905],[139.96835185535394,34.95753555921874],[139.96847713361285,34.95754913538434]]],[[[139.9660976911556,34.957646108381255],[139.9661168611043,34.95782972116473],[139.9658107516649,34.95770389162135],[139.96593824855142,34.95758305421464],[139.9660976911556,34.957646108381255]]],[[[139.96814713368337,34.95793194620239],[139.96818797729338,34.95807527925081],[139.96799325608401,34.95809222517613],[139.96802571981118,34.95796955944769],[139.96814713368337,34.95793194620239]]],[[[139.96501658914428,34.95873694555365],[139.96490824871682,34.95891499962761],[139.9648082486019,34.95881194631431],[139.96501658914428,34.95873694555365]]],[[[139.9647749161295,34.95894944096398],[139.9646746426207,34.95912082926293],[139.96456630399177,34.95901110837599],[139.9647749161295,34.95894944096398]]],[[[139.9642996370187,34.95944361303236],[139.9642913101959,34.95958082889217],[139.96409936429427,34.95951889168356],[139.96416603103762,34.95944361303236],[139.9642996370187,34.95944361303236]]],[[[139.96517963713063,34.95991194577971],[139.96500185465197,34.96004000024584],[139.96480907867613,34.96004610844119],[139.96486102531617,34.95984472055744],[139.96517963713063,34.95991194577971]]],[[[139.96526852072577,34.96025333292505],[139.9654388073551,34.96035694561658],[139.9653201948712,34.96047277469887],[139.96515741937947,34.96035082932735],[139.96526852072577,34.96025333292505]]],[[[139.96407518781973,34.96096777504283],[139.96417131005796,34.96077249535443],[139.96432713379022,34.96079694612223],[139.96427518804956,34.96093110788439],[139.96407518781973,34.96096777504283]]],[[[139.96354352841115,34.96189582862962],[139.96367241205223,34.961942224654024],[139.96364824906755,34.96206833298726],[139.9635113101989,34.9620616672122],[139.96354352841115,34.96189582862962]]],[[[139.96859583692844,34.975969440737174],[139.9686963937237,34.97604638673141],[139.96858138842038,34.9761291621312],[139.96851693940528,34.976058333325454],[139.96859583692844,34.975969440737174]]],[[[139.9692352791849,34.97631833272493],[139.9694222176613,34.97635389191862],[139.96927861211827,34.976507774913955],[139.96906306081166,34.976425000413485],[139.9692352791849,34.97631833272493]]],[[[139.9698099999316,34.976708892101726],[139.96976693859335,34.97690361331115],[139.96960167287898,34.97677972090747],[139.9698099999316,34.976708892101726]]],[[[139.96961583720122,34.977051387211816],[139.96975975390956,34.97713416171223],[139.96973085599427,34.977240829400785],[139.96950808043368,34.977163892399744],[139.96961583720122,34.977051387211816]]],[[[139.96992530470914,34.977395558658145],[139.96992530470914,34.977513892352306],[139.96981031109704,34.97750805395356],[139.9697889108296,34.97738972115877],[139.96992530470914,34.977395558658145]]],[[[139.97203530488548,34.97937666709959],[139.97217224375413,34.979518892183194],[139.97198169899627,34.97955333262024],[139.97203530488548,34.97937666709959]]],[[[139.9733341894214,34.979813332919036],[139.97344752288495,34.97993582867559],[139.97329836582696,34.979994720779814],[139.97322114104293,34.9798916665672],[139.9733341894214,34.979813332919036]]],[[[139.97232141430186,34.9798719462334],[139.97241669297603,34.980127225091394],[139.97219613514358,34.98019582897439],[139.97205919627493,34.98002889231958],[139.97232141430186,34.9798719462334]]],[[[139.96972141401216,34.98238780235522],[139.96973533102073,34.98247586486934],[139.9695450317779,34.98246058628706],[139.96961002578212,34.98236502702446],[139.96972141401216,34.98238780235522]]],[[[139.96953199700408,34.98270974795656],[139.9695367193442,34.982877801569316],[139.96936949400697,34.98278225219923],[139.96953199700408,34.98270974795656]]],[[[139.9701725553192,34.98273641375454],[139.97002866379182,34.98289308105092],[139.96995922174074,34.98276308135115],[139.9701725553192,34.98273641375454]]],[[[139.97101810600088,34.983375278646236],[139.97105533073898,34.98345166706082],[139.970869493932,34.98352808065647],[139.97082783373764,34.98344780177467],[139.97101810600088,34.983375278646236]]],[[[139.97147700396067,34.983903332672696],[139.9715219970426,34.98402805425138],[139.9713817252865,34.98404197305865],[139.9713256156847,34.98398197298974],[139.97147700396067,34.983903332672696]]],[[[139.97188116738198,34.984051108372],[139.97193727608453,34.984212774999605],[139.97170727626985,34.98417582905131],[139.97188116738198,34.984051108372]]],[[[139.97274700407104,34.98426444105115],[139.97254477262322,34.98440305355814],[139.97248866392079,34.98429222470645],[139.97274700407104,34.98426444105115]]],[[[139.97355977986,34.98525333287506],[139.9727589488665,34.98519194605154],[139.97300338459854,34.98492916235102],[139.97361422841402,34.985007495099865],[139.97355977986,34.98525333287506]]],[[[139.97105044112504,34.98419953158316],[139.97104824857786,34.98442716168421],[139.9717935023683,34.98497855941304],[139.9717452789215,34.98507961263408],[139.97091666697065,34.98448402671653],[139.97105044112504,34.98419953158316]]],[[[139.9725894941099,34.98607808133846],[139.9726625550329,34.98616113462873],[139.97252533107928,34.986213919436864],[139.97247033663677,34.98612725177128],[139.9725894941099,34.98607808133846]]],[[[139.9738061608257,34.98631722456031],[139.9738958879849,34.98644194613894],[139.9737008951803,34.98642638696822],[139.9738061608257,34.98631722456031]]],[[[139.97450369568912,34.986993054286074],[139.9745367439756,34.98707527930077],[139.9743984183524,34.98711169374974],[139.97438175121692,34.98702058613122],[139.97450369568912,34.986993054286074]]],[[[139.97324619975234,34.98733502689004],[139.97314092061708,34.98745335968488],[139.97307452726773,34.98737141435936],[139.97324619975234,34.98733502689004]]],[[[139.82026513632707,35.02842333257081],[139.82031708206773,35.028545000051736],[139.82013291799979,35.02851305433404],[139.82026513632707,35.02842333257081]]],[[[139.82099070036065,35.02889889227009],[139.8204673668755,35.02884138692053],[139.82066430581312,35.02855583778177],[139.82099070036065,35.02889889227009]]],[[[139.82528929966156,35.03004666731988],[139.8252220879291,35.03021305358959],[139.825084577991,35.03013666697365],[139.82528929966156,35.03004666731988]]],[[[139.8323154474,35.03226219844174],[139.83225294361853,35.03214497271239],[139.8326026719758,35.032022198165976],[139.83267822312155,35.03215053232128],[139.8323154474,35.03226219844174]]],[[[140.00963800289162,35.033603387086714],[140.00965855959487,35.03374450510489],[140.00956272424037,35.03374450510489],[140.00955577158163,35.033614775201784],[140.00963800289162,35.033603387086714]]],[[[139.8171329181497,35.03481163974544],[139.81692180319874,35.035091918857006],[139.8167848643301,35.0349774684355],[139.81694041466847,35.034731359964326],[139.8171329181497,35.03481163974544]]],[[[139.81750152957204,35.03500053244869],[139.8174854218148,35.03518746822715],[139.81729069970606,35.03519691920252],[139.81727929989984,35.035061359893916],[139.81750152957204,35.03500053244869]]],[[[139.81030291794536,35.03711136000129],[139.8103859658397,35.03731080175214],[139.8101640338432,35.037388027435554],[139.81010513634305,35.03721497269288],[139.81030291794536,35.03711136000129]]],[[[139.81005347568737,35.03785191933065],[139.81000930008918,35.037603864726634],[139.81027902655592,35.03756108127891],[139.81027736730675,35.03779108109359],[139.81005347568737,35.03785191933065]]],[[[139.81036847042867,35.0387346938511],[139.81051236105668,35.03903858556231],[139.81034457813985,35.039091359578606],[139.81011486430964,35.03878719807079],[139.81036847042867,35.0387346938511]]],[[[139.81056236066445,35.03916580186029],[139.81057430635917,35.03931191920975],[139.81040652434172,35.039254413860135],[139.81056236066445,35.03916580186029]]],[[[139.80985430643113,35.0391246938496],[139.80991625173374,35.03941886478884],[139.8096523609678,35.039308865112105],[139.80985430643113,35.0391246938496]]],[[[140.02203022001868,35.039234413837164],[140.0219616080418,35.03945413530016],[140.0218107782449,35.03951053178565],[140.02186577178804,35.03926246818838],[140.02203022001868,35.039234413837164]]],[[[139.81174847021578,35.0406094142931],[139.81185625216438,35.0407399733711],[139.8116059663423,35.04083386529072],[139.81160291764058,35.040621639677],[139.81174847021578,35.0406094142931]]],[[[139.81371433155118,35.04315469443367],[139.81372461709748,35.043387748345936],[139.81344849465233,35.04342941393634],[139.81341072582438,35.043244134709084],[139.81371433155118,35.04315469443367]]],[[[139.83111019487967,35.04799130595404],[139.831037690637,35.04819380180254],[139.83092102518526,35.048126027094554],[139.83111019487967,35.04799130595404]]],[[[139.8294107523044,35.048079918853205],[139.82939352758933,35.04825019828809],[139.8292551875769,35.04819158587304],[139.8294107523044,35.048079918853205]]],[[[140.03581941613322,35.049751837677206],[140.03553163397783,35.049622386563954],[140.03562775621606,35.04950377497926],[140.03581941613322,35.049751837677206]]],[[[139.82877992195586,35.051612134792265],[139.828704085725,35.051832694423354],[139.8286124124329,35.051803532107385],[139.82864936377723,35.051613532338706],[139.82877992195586,35.051612134792265]]],[[[139.8298029700311,35.05181686455671],[139.82995352823275,35.051952135182944],[139.8297413098137,35.05198046832402],[139.8298029700311,35.05181686455671]]],[[[139.82718852123332,35.05225130635273],[139.82716213962112,35.05236019806472],[139.82700518813897,35.052424081406286],[139.82689769127546,35.05234269366042],[139.82702269793924,35.05223686503933],[139.82718852123332,35.05225130635273]]],[[[139.82747797702712,35.053363252412225],[139.82745269798374,35.05346297283796],[139.8272857460404,35.05350741373621],[139.82730936403595,35.053359081356575],[139.82747797702712,35.053363252412225]]],[[[139.82668852065876,35.05345046776495],[139.8265265887311,35.053616864826495],[139.82646574599744,35.05339491934012],[139.82668852065876,35.05345046776495]]],[[[139.80033713375178,35.061719108050454],[139.80034491558547,35.061912170910034],[139.8000974185611,35.06184855916371],[139.80033713375178,35.061719108050454]]],[[[139.821437173287,35.06434544138904],[139.82152632937664,35.0644751712922],[139.82131383936223,35.064497666933846],[139.82126605658334,35.064367946023935],[139.821437173287,35.06434544138904]]],[[[139.82091272374328,35.064521278634174],[139.8208663286182,35.064686838426894],[139.82073299603098,35.064671279256174],[139.820814668862,35.064557107624466],[139.82091272374328,35.064521278634174]]],[[[139.81903050565336,35.065621000209035],[139.8189946685692,35.065815171033364],[139.81886133598198,35.0657109998628],[139.81903050565336,35.065621000209035]]],[[[139.8032418549277,35.06594158603542],[139.8031804672048,35.066068802333405],[139.8029832557727,35.066019918784264],[139.80301297027245,35.065901306300304],[139.8032418549277,35.06594158603542]]],[[[139.80438936377823,35.066674919312106],[139.8043257457366,35.06696769360423],[139.80407352817087,35.06696574837065],[139.80412241171996,35.06668019833256],[139.80438936377823,35.066674919312106]]],[[[139.82079216602574,35.06840517086198],[139.8206041123899,35.06836266710343],[139.82070744539237,35.068135171001416],[139.820977445253,35.06823517111633],[139.82079216602574,35.06840517086198]]],[[[139.82101661522472,35.071373198014726],[139.82095494241673,35.07155930641693],[139.82086577193786,35.071531252065654],[139.82086577193786,35.07137902742022],[139.82101661522472,35.071373198014726]]],[[[139.82713413743056,35.07606208060059],[139.82739330675577,35.07625761299852],[139.8272624769818,35.07642233282445],[139.8269766409593,35.07630153228996],[139.82713413743056,35.07606208060059]]],[[[139.82767080426424,35.076529837781834],[139.82778302166923,35.07668150484761],[139.82759858600605,35.07686566711692],[139.82737469528604,35.076562892363654],[139.82767080426424,35.076529837781834]]],[[[139.8263133073134,35.076947919111205],[139.82623858624186,35.07708846785857],[139.82614775561444,35.0770248651055],[139.8263133073134,35.076947919111205]]],[[[140.3924132563668,35.199459721389076],[140.39262907926866,35.1997280539066],[140.39246574619733,35.199854171233085],[140.3921779766324,35.19958389168329],[140.3924132563668,35.199459721389076]]],[[[140.39216762633498,35.20005374788224],[140.39201023328565,35.20003482884431],[140.39217635515467,35.199902269674055],[140.392237043205,35.19999114427594],[140.39216762633498,35.20005374788224]]],[[[140.39205618684366,35.200507865046006],[140.3917473803374,35.20026851408073],[140.3919226330231,35.200120413726154],[140.392304851188,35.20041522498269],[140.39205618684366,35.200507865046006]]],[[[140.39222770374556,35.20082554965944],[140.39225050605603,35.20073799975893],[140.39246483788202,35.20079659508684],[140.39238913115355,35.200870324206164],[140.39222770374556,35.20082554965944]]],[[[140.40586315176313,35.2543903866071],[140.40537832724806,35.25487899097271],[140.4053300516406,35.25485911685479],[140.40580844420435,35.25437702717812],[140.40586315176313,35.2543903866071]]],[[[140.40833333311684,35.25633616158461],[140.40747670638495,35.255743973305755],[140.40755363169478,35.255682224954796],[140.40833333311684,35.25633616158461]]],[[[140.41012945461068,35.319352359723666],[140.4102691049353,35.319411278807536],[140.41014236078138,35.319498504952094],[140.4100161607173,35.31939743194596],[140.41012945461068,35.319352359723666]]],[[[140.45284605660027,35.52499905406313],[140.4513637220582,35.52323741437522],[140.45146574564774,35.5231711082601],[140.45284605660027,35.52499905406313]]],[[[140.4557557195509,35.52902655902852],[140.4556539432749,35.529086080658146],[140.45504795130194,35.52826433323247],[140.45514988316063,35.528200720586824],[140.4557557195509,35.52902655902852]]],[[[140.34919713404054,35.17593908102384],[140.34857046665377,35.175741026926914],[140.3487388071503,35.17555825231153],[140.34919713404054,35.17593908102384]]],[[[140.3498985602704,35.17617797333486],[140.3500493900674,35.1762963061297],[140.34982077790664,35.17639491859069],[140.34971744490417,35.1762476941758],[140.3498985602704,35.17617797333486]]],[[[140.34955438432746,35.176650198348],[140.349677173263,35.176838531672956],[140.34954605660528,35.17690964016782],[140.3493338390855,35.17673186488372],[140.34955438432746,35.176650198348]]],[[[140.37714294429156,35.18079925208389],[140.37742055781257,35.180904720976116],[140.3772684437837,35.18101438700438],[140.37714294429156,35.18079925208389]]],[[[139.82717474721687,35.10010536017427],[139.82693946838185,35.100212026963504],[139.8268378081184,35.1000784137878],[139.82702058363304,35.100000919207105],[139.82717474721687,35.10010536017427]]],[[[139.8223750321821,35.10019508103824],[139.82226503160598,35.10035536001192],[139.82218085596185,35.10026758618022],[139.8223750321821,35.10019508103824]]],[[[139.82190780829876,35.1002923058453],[139.82164725042037,35.10040202673218],[139.8216516993665,35.10025619806515],[139.82190780829876,35.1002923058453]]],[[[139.8243828019248,35.10052591913592],[139.82445557686344,35.10072953194242],[139.824280855677,35.10072953194242],[139.8243828019248,35.10052591913592]]],[[[139.8240294942658,35.10656841360145],[139.82380311332304,35.10681646820552],[139.82342224414128,35.10628453180573],[139.82398807958623,35.10635425174735],[139.8240294942658,35.10656841360145]]],[[[139.82361116742152,35.10726730644109],[139.82378949399003,35.10747008107944],[139.8233847729889,35.1078253600524],[139.82321338469,35.10729980164456],[139.82361116742152,35.10726730644109]]],[[[139.81654836601433,35.107870360328945],[139.81681586306172,35.10806202744067],[139.8166855773776,35.1082142520861],[139.8163564201128,35.10806786494004],[139.81654836601433,35.107870360328945]]],[[[139.8155747473768,35.108293135220094],[139.81514975385812,35.10817480242525],[139.81546530527964,35.1075886935634],[139.8159630872268,35.1077786942314],[139.8155747473768,35.108293135220094]]],[[[139.81562949360637,35.110857864998536],[139.8131405838709,35.10966841356651],[139.81546503188576,35.108552586033056],[139.81562949360637,35.110857864998536]]],[[[139.8222461611315,35.1143072785581],[139.8223092215934,35.114443667041655],[139.82219839184233,35.1145303329086],[139.82210866378387,35.114356720586215],[139.8222461611315,35.1143072785581]]],[[[139.8232883917459,35.11395199958514],[139.8234733849888,35.114352278834644],[139.82283588796588,35.11468477528223],[139.82263700379474,35.11439172130093],[139.8232883917459,35.11395199958514]]],[[[139.8224367193792,35.114487278764955],[139.8224794938336,35.11473422540422],[139.8222667187341,35.11466227874121],[139.8224367193792,35.114487278764955]]],[[[139.82930785996984,35.12045086491554],[139.82937647194672,35.12067641398539],[139.82916369594784,35.120651134941966],[139.82930785996984,35.12045086491554]]],[[[139.83136147894913,35.12435419778802],[139.8309442537743,35.123500027104626],[139.8320575883871,35.12366363986513],[139.83136147894913,35.12435419778802]]],[[[139.8305663163825,35.13544963119557],[139.83054840458522,35.1356624773415],[139.830369235352,35.13566587408087],[139.83041884555337,35.13546547725002],[139.8305663163825,35.13544963119557]]],[[[139.8301011933155,35.13528440505132],[139.8302996503087,35.135405828815976],[139.83006399465773,35.13573697268322],[139.82989447515,35.13536762201818],[139.8301011933155,35.13528440505132]]],[[[139.8244809467384,35.145103532302244],[139.82443983063376,35.14500213464083],[139.82463871570428,35.14500769424973],[139.82459066133003,35.145092413983775],[139.8244809467384,35.145103532302244]]],[[[139.82567430572465,35.152239026809696],[139.82564680895314,35.152334864862155],[139.82553014260202,35.15231236022731],[139.8255373668561,35.15222041444065],[139.82567430572465,35.152239026809696]]]]}},{"type":"Feature","id":"JP-12-capital","properties":{"Kind":"capital","PrefectureCode":"12","PrefectureName":"Chiba","CapitalName":"Chiba","CapitalNameJapanese":"千葉市","PointKind":"prefecture-representative-point"},"geometry":{"type":"Point","coordinates":[140.123154,35.604561]}}]}
