{"type":"FeatureCollection","bbox":[132.01235583665266,32.88507861318749,133.69262610870805,34.30165449525879],"displayBbox":[132.01776027201902,32.90218005376653,133.69262610870805,34.13962313499974],"DataVersion":"2019-boundaries-v1","Attribution":{"BoundarySource":"MLIT National Land Numerical Information, via Fabio Crisci / piuccio","BoundarySourceURL":"https://github.com/piuccio/open-data-jp-prefectures-geojson/tree/513fb852832c99470e16b95a30ddd68bf3469dc0","BoundaryDate":"2019-01-01","CapitalSource":"Geospatial Information Authority of Japan (GSI), prefecture representative points","CapitalSourceURL":"https://maps.gsi.go.jp/","CapitalSourceRetrieved":"2026-10-04","Notice":"Simplified and enriched by Ashiato Kai. Modern geographic context, not historical immigration-era boundaries. See GEOLOCATION.md and THIRD_PARTY_NOTICES.md."},"features":[{"type":"Feature","id":"JP-38","bbox":[132.01235583665266,32.88507861318749,133.69262610870805,34.30165449525879],"properties":{"Kind":"prefecture","PrefectureCode":"38","PrefectureName":"Ehime","PrefectureNameJapanese":"愛媛県"},"geometry":{"type":"MultiPolygon","coordinates":[[[[132.68968053243066,33.811880305931425],[132.68965810603686,33.81188466674405],[132.6894129175721,33.81100497330095],[132.6894353052952,33.81100061338765],[132.68968053243066,33.811880305931425]]],[[[132.68412547321213,33.8166666669332],[132.68311499406184,33.817869494881336],[132.68304399528427,33.81782666736683],[132.68412547321213,33.8166666669332]]],[[[132.5339797275824,33.852751107877395],[132.52963250283779,33.85567472111154],[132.52320583687992,33.852458332685956],[132.51815944230452,33.8543136133826],[132.51660306118242,33.85119527893903],[132.52581296969288,33.851828945749276],[132.53234360627243,33.84453694582345],[132.5339797275824,33.852751107877395]]],[[[132.7097658372237,33.86620491892194],[132.7100058366001,33.86572705426022],[132.71014919572883,33.86579172091126],[132.7097658372237,33.86620491892194]]],[[[132.70064988268598,33.86254925214632],[132.6994263937131,33.867421359907894],[132.69934041492832,33.86736930624852],[132.70056763878551,33.8625373604109],[132.70064988268598,33.86254925214632]]],[[[132.67169561586002,33.87438980174801],[132.67155075216556,33.87450261270544],[132.67064243779828,33.87374699962436],[132.67079841801262,33.87362453174677],[132.67169561586002,33.87438980174801]]],[[[132.69682408576296,33.87907858630774],[132.69660211419625,33.879012864751985],[132.69668291828214,33.87863949501673],[132.69694635489043,33.87884561333442],[132.69682408576296,33.87907858630774]]],[[[132.68438916972445,33.87902080216833],[132.68434632872015,33.87937630597179],[132.6843085212214,33.87937316194194],[132.6843513622257,33.87901766713168],[132.68438916972445,33.87902080216833]]],[[[132.6806424771687,33.882851306142925],[132.68045727618244,33.88286574835564],[132.680451388321,33.8827898923397],[132.6806375623737,33.88277886485281],[132.6806424771687,33.882851306142925]]],[[[132.6822937997191,33.88271727927906],[132.68161136177503,33.88315805410099],[132.6815918293995,33.88313322471862],[132.6822724767934,33.88268874828714],[132.6822937997191,33.88271727927906]]],[[[132.700494383609,33.88319241359903],[132.70048516196073,33.8832787206365],[132.7001698830337,33.88326127918475],[132.70017533112673,33.88317374817001],[132.700494383609,33.88319241359903]]],[[[132.7008816082996,33.88322622541],[132.70087150531583,33.883315054146465],[132.70054474744222,33.88328733344372],[132.70055717337493,33.88319597311573],[132.7008816082996,33.88322622541]]],[[[132.7010900261838,33.883240279115626],[132.70107053157983,33.88344102668208],[132.7009170038167,33.88343102712025],[132.7009426722666,33.883229775034124],[132.7010900261838,33.883240279115626]]],[[[132.70229929957304,33.888425748449606],[132.70242350224294,33.88855494595407],[132.7022984703982,33.88864230609761],[132.7020910507614,33.88842819820286],[132.70229929957304,33.888425748449606]]],[[[132.70266425435193,33.888801666863515],[132.7025453307025,33.888892224996255],[132.7023309988765,33.88868066667948],[132.70245907942308,33.88859061306641],[132.70266425435193,33.888801666863515]]],[[[132.702899636609,33.88903038694286],[132.70277238703613,33.88912277519597],[132.70255795088883,33.88892141429187],[132.70268219222942,33.888825748009936],[132.702899636609,33.88903038694286]]],[[[132.7040900260339,33.88894908103532],[132.70401824934277,33.88922858583061],[132.70388247689482,33.889158080780874],[132.7040900260339,33.88894908103532]]],[[[132.70389693889263,33.88920400016451],[132.70382116741303,33.889484612924605],[132.70368461705152,33.88941349543654],[132.70389693889263,33.88920400016451]]],[[[132.70370469531554,33.88945382913096],[132.7036305318236,33.8897326666293],[132.70349386544956,33.88966472105011],[132.70370469531554,33.88945382913096]]],[[[132.70124036315235,33.89401758634261],[132.70096664099776,33.89393458611232],[132.7010168609395,33.89359058643646],[132.70132883305928,33.89375797275227],[132.70124036315235,33.89401758634261]]],[[[132.6732210252302,33.89426449521034],[132.67321641980197,33.89448427872651],[132.6730112187928,33.89448380208586],[132.6730103365578,33.89426427937303],[132.6732210252302,33.89426449521034]]],[[[132.63890341126353,33.89471977519753],[132.63740713363234,33.89251435965002],[132.64043066064653,33.88717602715201],[132.64306422813172,33.88625772131684],[132.64612189431,33.89077080173115],[132.63890341126353,33.89471977519753]]],[[[132.66453522721906,33.896162386684864],[132.66393802881703,33.89642386456973],[132.66396066115567,33.896185359866536],[132.66424639375612,33.89597822531488],[132.66453522721906,33.896162386684864]]],[[[132.66064214032258,33.901346532216735],[132.6603289109505,33.901432666584356],[132.66031542201915,33.901398414105586],[132.66062861182104,33.90131235977765],[132.66064214032258,33.901346532216735]]],[[[132.6856419199387,33.90219272141701],[132.68560066084194,33.902242387376305],[132.6852748904239,33.90229999974525],[132.68526763919022,33.90226425169391],[132.6856419199387,33.90219272141701]]],[[[132.65863433190896,33.90560946800258],[132.65852795110413,33.9056518647418],[132.65844143992058,33.905586612632135],[132.65853914406625,33.90551469384809],[132.65863433190896,33.90560946800258]]],[[[132.67813632922832,33.911208279238735],[132.67780700379024,33.91123582907028],[132.67780900118453,33.91119616177349],[132.67813632922832,33.911208279238735]]],[[[132.58618360608864,33.91199305373647],[132.58495861165068,33.91087527917085],[132.58689221790155,33.90988666703612],[132.58818138796073,33.91061861265888],[132.58618360608864,33.91199305373647]]],[[[132.71532481209044,33.913254720728844],[132.71529793764978,33.91350285627186],[132.7151695846087,33.91352058640598],[132.71513535731094,33.91333345907191],[132.71532481209044,33.913254720728844]]],[[[132.53664583703585,33.91645916166101],[132.53688888511397,33.91671833278491],[132.5362205584321,33.91710694602881],[132.53626083007327,33.91648722500548],[132.53664583703585,33.91645916166101]]],[[[132.57028082959664,33.920319161600105],[132.56938111544616,33.922044440798345],[132.56846639430876,33.92104833281434],[132.57028082959664,33.920319161600105]]],[[[132.6983561348278,33.92258555927617],[132.69788044112954,33.92248544135009],[132.69789328075035,33.92245325191607],[132.6983561348278,33.92258555927617]]],[[[132.69121413732262,33.926507332747235],[132.68778038905373,33.921426054368965],[132.6794982751254,33.92106253221016],[132.6804836712845,33.913660467856346],[132.67874408567104,33.91048563980047],[132.67376549907863,33.909238864681924],[132.66898050594568,33.91010277502312],[132.65985180261862,33.9103104140944],[132.65957077796907,33.907114333259926],[132.65833428030282,33.904804748340496],[132.65320413726124,33.90058146816028],[132.65722785967807,33.899886613276635],[132.66145508428474,33.903272666900136],[132.6660053309813,33.90092422497304],[132.66887749669922,33.89626966681175],[132.66879377431326,33.89410010813356],[132.66559494155342,33.89082686456817],[132.66681671911635,33.88821463979383],[132.664866523971,33.88077386502192],[132.66223483786757,33.876882252114285],[132.66245968906344,33.87397169433825],[132.66860027168525,33.87032733294012],[132.6700912190346,33.87428930610662],[132.6744250582699,33.87535135957762],[132.67914719778503,33.87557189222912],[132.68261297001266,33.87404082882125],[132.68974603095467,33.87583833257304],[132.6884649682837,33.877533828923106],[132.6819496111857,33.87982889159014],[132.67740302203185,33.88708294642089],[132.67256477284604,33.89282033329181],[132.67403732816024,33.90092172126049],[132.67930138834845,33.90332405416183],[132.6833555249376,33.902357360303995],[132.6874834500013,33.903818387208844],[132.6929369775595,33.90386353227626],[132.693609273849,33.90553327923749],[132.69056955903795,33.91327502742064],[132.6935753568173,33.91463516208313],[132.69512330679527,33.91757691913955],[132.6955032172997,33.925275559219756],[132.69121413732262,33.926507332747235]]],[[[132.55892166010665,33.928136387184566],[132.56056306133632,33.92556889199085],[132.56236972828037,33.92655749513233],[132.55892166010665,33.928136387184566]]],[[[132.76033147921441,33.931454891829844],[132.75971574578512,33.93128619789974],[132.759735357301,33.93124555933514],[132.76033147921441,33.931454891829844]]],[[[132.5377161606723,33.934404892072166],[132.53735444884876,33.93466600033571],[132.53730710763693,33.934611531996666],[132.53766208803495,33.9343513329477],[132.5377161606723,33.934404892072166]]],[[[132.60743389086144,33.93547194577371],[132.6074697279456,33.935726387362934],[132.60718306094952,33.93560861304712],[132.60743389086144,33.93547194577371]]],[[[132.54978055782658,33.93820416169274],[132.5476777819042,33.93564416234824],[132.5413344489258,33.935424720574474],[132.53807972779725,33.933351107867395],[132.53262194644572,33.934687225235336],[132.52592160779602,33.93414110832555],[132.52330389086194,33.93675638719759],[132.51768832705466,33.93258638735193],[132.52110082973957,33.92935305390034],[132.52681499431662,33.92626166674256],[132.53210888501712,33.927493891729796],[132.53571642007682,33.92685333341467],[132.5430871727349,33.932390134597085],[132.55294428015452,33.93312961294134],[132.55446166037734,33.93633194586266],[132.54978055782658,33.93820416169274]]],[[[132.5446569393663,33.93798944135966],[132.54462749736115,33.938212775399336],[132.5443238907351,33.938147775099765],[132.54425610883243,33.93794499956215],[132.5446569393663,33.93798944135966]]],[[[132.76244416296777,33.938469162222134],[132.76271111502604,33.93910805409348],[132.76254194625392,33.939350279292],[132.76194055791052,33.93855582898834],[132.76244416296777,33.938469162222134]]],[[[132.6433725031386,33.944689162175166],[132.6429061093296,33.9441652792043],[132.6436225029762,33.94381638721654],[132.64392666718197,33.9441597213941],[132.6433725031386,33.944689162175166]]],[[[132.76751654974908,33.94978366688275],[132.76768286587162,33.95054913473484],[132.76754713389323,33.95056780196256],[132.7673855248222,33.94979508107821],[132.76751654974908,33.94978366688275]]],[[[132.63363749667315,33.95128000027182],[132.63338749683555,33.95038389240278],[132.63489416343498,33.94845444101969],[132.6365702722004,33.94833889162658],[132.63506027181415,33.95076694603779],[132.63363749667315,33.95128000027182]]],[[[132.76789997390472,33.95155038684095],[132.76777038879243,33.95159946824094],[132.7675978862335,33.95080746769054],[132.76773756173918,33.950807413731184],[132.76789997390472,33.95155038684095]]],[[[132.6159993388984,33.9518982518029],[132.61324372172044,33.952825414161566],[132.61321769084384,33.952758640399],[132.6159719464482,33.95183313459154],[132.6159993388984,33.9518982518029]]],[[[132.58970360563694,33.95283166714779],[132.5892169393104,33.952488054180435],[132.5894569386868,33.95227666673486],[132.58987917038746,33.95246582923471],[132.58970360563694,33.95283166714779]]],[[[132.76796885927547,33.952187053789544],[132.76809875465392,33.95320258623042],[132.7679766671895,33.95323322523319],[132.7678509473634,33.95219727908119],[132.76796885927547,33.952187053789544]]],[[[132.76858933932658,33.953423413859525],[132.76868644632248,33.954151774784634],[132.76850814493503,33.954150081361206],[132.76858933932658,33.953423413859525]]],[[[132.76786858576668,33.95519141355294],[132.76780871609947,33.955205468157885],[132.7676422443941,33.954584080690836],[132.7676990527691,33.954570829180454],[132.76786858576668,33.95519141355294]]],[[[132.76885216619462,33.95498889162411],[132.76887136222365,33.955440162433604],[132.7687298565977,33.95545097318393],[132.76868194611495,33.955005639698584],[132.76885216619462,33.95498889162411]]],[[[132.62508085569698,33.95533946804204],[132.6243357197178,33.95547636014595],[132.62431703000698,33.95540958638338],[132.6250635023788,33.95527272125912],[132.62508085569698,33.95533946804204]]],[[[132.53046972759591,33.95550694608875],[132.53073000038933,33.95478305389486],[132.53217166039383,33.9548630539868],[132.53180360565193,33.95542194576626],[132.53046972759591,33.95550694608875]]],[[[132.5365683271666,33.95556582919971],[132.53524416268806,33.95544749460623],[132.53548749675065,33.954951945675816],[132.5365683271666,33.95556582919971]]],[[[132.62135024571728,33.95627361273711],[132.61984280210368,33.95667522478186],[132.61982077770676,33.95661010757044],[132.62135024571728,33.95627361273711]]],[[[132.76849275034022,33.95586246787866],[132.76850917016213,33.95677435974898],[132.7682658369988,33.95677600011237],[132.76824058403577,33.95581789208211],[132.76849275034022,33.95586246787866]]],[[[132.76848027224685,33.95789910765774],[132.7682515818451,33.95789722537671],[132.7682687552989,33.9569652516451],[132.76848666732587,33.95696346828947],[132.76848027224685,33.95789910765774]]],[[[132.77049427968734,33.960824945814636],[132.77030505783216,33.96091200018873],[132.7696705582497,33.959962108364664],[132.7698519973718,33.95987482916007],[132.77049427968734,33.960824945814636]]],[[[132.77052114063815,33.96558727872997],[132.77050185467692,33.96578055922549],[132.77038713355944,33.96578374822144],[132.77039752342705,33.965580414204794],[132.77052114063815,33.96558727872997]]],[[[132.67710027156033,33.96651000023638],[132.67749888526544,33.967186107852626],[132.67714749675963,33.96780582887595],[132.67673527901002,33.96679166700187],[132.67710027156033,33.96651000023638]]],[[[132.56391555136167,33.970032775092534],[132.56209555106886,33.96882277505108],[132.56343944217656,33.966849720937944],[132.5650036060316,33.96950889212172],[132.56391555136167,33.970032775092534]]],[[[132.75696555061973,33.97173722509291],[132.7569283267809,33.97145833273589],[132.75720527930025,33.97141889206824],[132.75723917025152,33.97170055883379],[132.75696555061973,33.97173722509291]]],[[[132.75412000033782,33.973108891762024],[132.75383250326752,33.97303861334137],[132.75406194640175,33.972875279370726],[132.75412000033782,33.973108891762024]]],[[[132.66178722370148,33.973826945557164],[132.65840194619295,33.96938194562034],[132.65227944174296,33.96743805382317],[132.6485766666799,33.96097694562957],[132.64950221835272,33.957336945943325],[132.6566766669946,33.950825559352154],[132.6618263936732,33.95223444086679],[132.66385710781935,33.956018386939036],[132.66757535661748,33.95714286505125],[132.67505306114992,33.9531758287016],[132.6731279121235,33.95800782939784],[132.67179138826202,33.96594999959285],[132.6724966671875,33.970085559001404],[132.66755166038092,33.971100559043634],[132.66178722370148,33.973826945557164]]],[[[132.49463805370328,33.97589082939834],[132.49400194613293,33.97561472134237],[132.4944744490366,33.975336107775206],[132.49463805370328,33.97589082939834]]],[[[132.76556800306093,33.97644641437057],[132.76227530536107,33.97282430579713],[132.7669692736132,33.97280033256936],[132.76556800306093,33.97644641437057]]],[[[132.68957666702966,33.97742722488658],[132.68863555079008,33.9719486134378],[132.68376277573157,33.97252694586189],[132.68324944180836,33.96986222496179],[132.68637138792928,33.96793000006949],[132.68629610927803,33.96548916179546],[132.69273693865887,33.966183891673325],[132.69774389076804,33.96572055915652],[132.69420306112238,33.970910559274955],[132.69278389136355,33.97607638741539],[132.68957666702966,33.97742722488658]]],[[[132.69639221782666,33.978549441203825],[132.69564194581926,33.97805361258423],[132.69631111516594,33.97696082927888],[132.69639221782666,33.978549441203825]]],[[[132.53445944214957,33.978825828948914],[132.534689170369,33.979037225387685],[132.53445250298068,33.97909055878233],[132.53445944214957,33.978825828948914]]],[[[132.76407364458305,33.979694666675584],[132.76401070013378,33.979009802360565],[132.76498697806664,33.976998494684835],[132.76502732794893,33.977013080789106],[132.76407975367772,33.97902266716244],[132.76407364458305,33.979694666675584]]],[[[132.59592221793605,33.982060828844226],[132.5959188850486,33.98217361282201],[132.59570277616228,33.98213972097142],[132.59571165966543,33.982011108026256],[132.59592221793605,33.982060828844226]]],[[[132.59634472123196,33.98221305438898],[132.59637166042387,33.98239055897716],[132.59620499356572,33.98233638741442],[132.59634472123196,33.98221305438898]]],[[[132.60598069974958,33.986876585985726],[132.6058983272461,33.98688733288418],[132.60582182911423,33.98641094580853],[132.60590396869327,33.98639927890366],[132.60598069974958,33.986876585985726]]],[[[132.6060552265675,33.98736016224177],[132.60597644595623,33.98737072118189],[132.60590569359294,33.986932000411514],[132.60598671891205,33.98692235967923],[132.6060552265675,33.98736016224177]]],[[[132.51252111485758,33.990371107740486],[132.50765944192972,33.98736027915362],[132.50364138793975,33.98822249517207],[132.5003211152274,33.98301277471984],[132.49606389103576,33.979325000348524],[132.50061832677443,33.97500277495817],[132.49780722412413,33.96996138690855],[132.50526360573087,33.97062138676762],[132.50551083026062,33.97407305402828],[132.51323444901072,33.9755930539763],[132.51299902718347,33.98143282866215],[132.52014693863043,33.9827011083695],[132.52291444934247,33.98633916192284],[132.52294778181476,33.98943638658005],[132.5169574965912,33.98860749493997],[132.51252111485758,33.990371107740486]]],[[[132.6220979510597,33.993549721042825],[132.62206408618874,33.99361235972265],[132.62099274991556,33.99312938691173],[132.62102433230712,33.99306674823191],[132.6220979510597,33.993549721042825]]],[[[132.77000902709494,33.994665494616925],[132.769742698267,33.9946348016548],[132.77042236090335,33.993823694108244],[132.770544552689,33.994026748435715],[132.77000902709494,33.994665494616925]]],[[[132.51806527878966,33.99540833282833],[132.5171900001185,33.99452082877326],[132.51865666667186,33.99167000037028],[132.52043722359906,33.994196946032275],[132.51806527878966,33.99540833282833]]],[[[132.56172972844422,33.99419472110952],[132.55934250325402,33.9954999998252],[132.55355861244004,33.9935636128705],[132.5507902716538,33.98993527918981],[132.5446547207389,33.99187305379843],[132.5427413879048,33.99010027870497],[132.5341619464167,33.98658777500589],[132.53716805356294,33.983243054223635],[132.53777046713344,33.979478531708935],[132.54064038904278,33.97394953214524],[132.53743389136105,33.97053999992113],[132.5335741630173,33.96886361326517],[132.5383216598168,33.96296249492326],[132.5412174965902,33.960982495345945],[132.54411472101765,33.968687495431595],[132.549952944373,33.970445892164264],[132.54942549918746,33.973317108198046],[132.5541625026974,33.97852277540579],[132.55563941612627,33.97854672075459],[132.5567303890963,33.98545566704547],[132.5630213878269,33.99006027865897],[132.56470888470733,33.993620279152594],[132.56172972844422,33.99419472110952]]],[[[132.76957136212877,33.995909278590375],[132.76935771738476,33.99593055924794],[132.7696188589233,33.99504069357317],[132.76978852142315,33.99513355936631],[132.76957136212877,33.995909278590375]]],[[[132.5221636062655,33.99565861325448],[132.52154166031949,33.99585027856756],[132.52074805357984,33.99549833338142],[132.52156555080956,33.99521666661593],[132.5221636062655,33.99565861325448]]],[[[132.7684432561514,34.00069372133822],[132.76824455274402,34.00081308115881],[132.768105331396,34.000663053557105],[132.768408948814,34.00056738727517],[132.7684432561514,34.00069372133822]]],[[[132.79835566787983,34.01065082887271],[132.7983434110197,34.01069133343833],[132.79733102530668,34.01049810780148],[132.79734075237388,34.01045894592369],[132.79835566787983,34.01065082887271]]],[[[132.63493610871456,34.011168892330545],[132.63491861240414,34.01132805434628],[132.63473306068227,34.01134082921595],[132.63477360571744,34.01121110830604],[132.63493610871456,34.011168892330545]]],[[[132.80365377370276,34.01337066742241],[132.80427522682032,34.014170467792894],[132.80414202283612,34.01420046827707],[132.80355686096038,34.013479224586604],[132.80365377370276,34.01337066742241]]],[[[132.78999389110527,34.015013891577894],[132.79001306105397,34.01508166718526],[132.78987082967512,34.01514944099398],[132.78986805436728,34.01498805405549],[132.78999389110527,34.015013891577894]]],[[[132.8044838911187,34.014418413578994],[132.8050740856006,34.01513194558288],[132.80496063612452,34.015210360170045],[132.8043629700751,34.01448066734895],[132.8044838911187,34.014418413578994]]],[[[132.65651944211868,34.01487861285773],[132.6562880537507,34.01558666709104],[132.6557233325658,34.01542610842819],[132.6558233326807,34.0149458290868],[132.65651944211868,34.01487861285773]]],[[[132.65645722432146,34.01585694574152],[132.65636916990138,34.016341666834535],[132.65599027203348,34.01609666722749],[132.65645722432146,34.01585694574152]]],[[[132.6583444489372,34.01820389209598],[132.65773917012666,34.01773610793509],[132.65746861178707,34.016730279179114],[132.65848972811852,34.01742916212618],[132.6583444489372,34.01820389209598]]],[[[132.64565055782703,34.01827638734545],[132.64405083028169,34.01783972062668],[132.64515722392684,34.01033722538267],[132.6329544489887,34.0058805594403],[132.63321053184063,34.00330610799057],[132.63055635459216,34.00045233340853],[132.62669360632492,33.999888332580554],[132.62677786021015,33.997320197968804],[132.62256961129856,33.993210828616895],[132.61522841755743,33.9919680536828],[132.61024291787646,33.99332566664623],[132.60478472103807,33.99109472114452],[132.60690499417024,33.988848532134114],[132.60637736732167,33.986136639994015],[132.60473994829,33.98401141429537],[132.59625717313008,33.97822377510721],[132.59511272377324,33.976297224937014],[132.58727335867866,33.96980122484672],[132.57924832674894,33.97013722505295],[132.57794083030512,33.96841610791711],[132.5864855246873,33.96248486498456],[132.59230182886643,33.95553827936817],[132.59037766459755,33.95227891863726],[132.60066258131314,33.94274777498987],[132.60374185460296,33.943923467693935],[132.6049332170944,33.95066538739775],[132.6090865498045,33.951573828569394],[132.6099018940572,33.9540370806468],[132.61688189398433,33.957632494643974],[132.62169713401556,33.95652005395738],[132.62449282678256,33.95770333334224],[132.63297552460085,33.953825532222595],[132.6360718292516,33.95676758605532],[132.6416602722038,33.956572774913695],[132.6424605582083,33.96293027940891],[132.64075805434084,33.970461945962086],[132.63442983087202,33.970692197586914],[132.63212221816593,33.96957805358437],[132.629988885079,33.973609440922985],[132.63136406000342,33.97703294591378],[132.6359723867164,33.97881377533554],[132.6424437480806,33.97888661322668],[132.64479166030696,33.98164722523933],[132.64318844429135,33.9887817745593],[132.6406386117826,33.993280278761915],[132.6400731648447,33.99812982882861],[132.64211202325134,34.000106919099096],[132.64082900095764,34.00312482894776],[132.64196166020247,34.00666916235201],[132.64472111478767,34.006215279012],[132.65193166041786,34.01327972078252],[132.6481280542664,34.015070558759305],[132.64565055782703,34.01827638734545]]],[[[133.67954861177907,34.01251999959834],[133.67746138783286,34.01579416227082],[133.67823221834226,34.018188054135464],[133.6718922182513,34.02074610824633],[133.6703719458087,34.02409082902858],[133.66542832665607,34.02710805359385],[133.6586149935871,34.0276838921979],[133.6559913878923,34.029075558889986],[133.6492458367261,34.027140829385814],[133.64443722379895,34.027735559148766],[133.63945999967927,34.02593222509216],[133.6362391704015,34.02953944089256],[133.63293972778627,34.031164999665066],[133.62955444937836,34.035882225284524],[133.62687778188422,34.03776722497753],[133.62113693891865,34.03459777486745],[133.61331027225128,34.03232055924644],[133.60417138769947,34.03590305358313],[133.59849518800263,34.0436309459115],[133.59539972781522,34.03788610815741],[133.59064360561797,34.03350222524756],[133.58619250288177,34.034501387329215],[133.58311927393538,34.02956046794128],[133.57852980510643,34.03132846763475],[133.57634571967924,34.027578053684294],[133.5799175876266,34.02392638709313],[133.571686640626,34.019767081086],[133.56798691336542,34.02024702677892],[133.5679908299129,34.016321468061335],[133.5655451883598,34.01317199998783],[133.5624565504295,34.015219467604425],[133.56021044055944,34.01185782877582],[133.5612786381987,34.00901366704716],[133.55165391739445,34.01301425170641],[133.54901535687327,34.01055022531273],[133.5553023608154,34.004782495315965],[133.55558744500468,34.00100089197764],[133.54605666738132,34.00783910838817],[133.54112233462808,34.00333663997401],[133.55195163436053,33.99557938657949],[133.5468819203644,33.98902474799377],[133.5429480797901,33.98779241418862],[133.53973958471408,33.99013861320651],[133.5393483922146,33.99409063987116],[133.53359522673838,33.98838380207087],[133.53737810621465,33.98820419756572],[133.5398476391573,33.98624038668453],[133.53791321722122,33.98331910809043],[133.53263610876945,33.986966359909616],[133.5274780291877,33.98207630617662],[133.51606727638375,33.97547816198761],[133.51840513598825,33.97256386483053],[133.51229669333782,33.97171394614173],[133.50943938981607,33.973491386918],[133.50237302169762,33.97282794625278],[133.50211280196436,33.97016808079235],[133.49711905280208,33.97049544121171],[133.49051702983706,33.96925464028948],[133.4855630873667,33.97241869356793],[133.48199997431948,33.971911494819665],[133.47549513569197,33.97300741406099],[133.4736621141153,33.97458863985389],[133.4665752531455,33.974573026723874],[133.46477442280138,33.97669044091117],[133.4534606097194,33.98413727891233],[133.45151325643167,33.981347332813186],[133.44355788598773,33.98348233324316],[133.44242247661612,33.985183360423775],[133.43739832677147,33.985294054377164],[133.42997605734922,33.98680036034841],[133.42562391691035,33.98585733304952],[133.41435880661368,33.98591122492314],[133.41060885941135,33.99056930572891],[133.4016617247089,33.98848577529833],[133.397802166337,33.99080674833283],[133.39327830125262,33.990445864784874],[133.3884680290763,33.98565505393765],[133.3823080543733,33.983701387409155],[133.37842389144953,33.983630558603465],[133.37102608268765,33.98075316242853],[133.36547108911952,33.98063986493787],[133.3563623345542,33.97918510810632],[133.3540572498423,33.98249016159173],[133.35097097263235,33.98365936029131],[133.34608527881267,33.9904638916953],[133.33689572016146,33.99215961287587],[133.33735941600435,33.98377786485662],[133.33299491618254,33.98373925156528],[133.333065576815,33.99088505410202],[133.3278584949736,33.99138215256431],[133.32588111512143,33.99383055863342],[133.3205038914415,33.99423082888967],[133.3172568873955,33.9889708291405],[133.30994525257142,33.98406994577141],[133.30586488995277,33.98277627910204],[133.2952499220463,33.98130008063424],[133.2898799478014,33.982951386996945],[133.28577949432827,33.980274559423435],[133.28012002561877,33.986426468107084],[133.27682124490457,33.98516491892593],[133.27685269779386,33.98071797285621],[133.27029591432506,33.98363377457906],[133.26702619969944,33.980244612898616],[133.27264527895647,33.9778428924356],[133.26379769111065,33.96988953197638],[133.26373538338134,33.96122138675764],[133.26115442263858,33.96326389191512],[133.25921924797,33.976885000242646],[133.26085505811454,33.97994449474271],[133.25523364511673,33.98051253172798],[133.2485028266442,33.97493382933283],[133.24982664128652,33.96430174822717],[133.24908994814268,33.96066816160641],[133.24304325564185,33.95687446778254],[133.23543036322076,33.9561164679007],[133.23601108874084,33.951981467870496],[133.1993050579821,33.94621086543913],[133.20060855963743,33.93744444140788],[133.19796778228738,33.935903080762614],[133.19575944214455,33.94600938672386],[133.1886556163637,33.94428194555542],[133.1859135537676,33.949454559080664],[133.17824591421765,33.94758977524799],[133.18038741944395,33.94190389165135],[133.17188683500945,33.939938667035904],[133.17682082961767,33.930749441133855],[133.17164299642718,33.9278817747242],[133.17167600514358,33.93182013529105],[133.16789561589007,33.93816855933159],[133.1400234106519,33.92789891939964],[133.13295510989042,33.927349332905465],[133.12590038889186,33.931706360260364],[133.12750046717292,33.94130169391809],[133.1258046425703,33.94150319781437],[133.12005713382973,33.93675135998734],[133.12016642034405,33.93282402690738],[133.11797019496862,33.930876865175264],[133.11683522716407,33.92580727888287],[133.11234152983775,33.93051889183346],[133.11664308700892,33.9341683595822],[133.11580241155207,33.936847748424896],[133.11931797744273,33.941079666593396],[133.1077601692964,33.947762721172694],[133.10118583735652,33.94068044134934],[133.09738360626852,33.94320605421609],[133.09391538338832,33.94836708087615],[133.08828002640212,33.94542080202842],[133.08621455255957,33.94835572064005],[133.08892267204374,33.9503865588926],[133.08671669262128,33.95257794591555],[133.0850442800695,33.95748844123864],[133.08037802892295,33.96094749463123],[133.07388510990995,33.96745469397899],[133.07378822324802,33.969436027250936],[133.0679214401224,33.97533513470876],[133.06470114144463,33.97356297295289],[133.06110658899797,33.97906925204438],[133.06659116744845,33.982666495262606],[133.06180946763288,33.98926438674209],[133.05895581086202,33.99478438679006],[133.0599856164431,33.99647572107773],[133.05195616074832,34.006957081204405],[133.0430534759372,34.0253712522815],[133.03808247692484,34.03248177531373],[133.0372912839656,34.03808749514184],[133.02995069996484,34.04611105398203],[133.03426783429313,34.04904455885935],[133.03151053178567,34.05295630578894],[133.0252935283737,34.04996113529819],[133.02280341084884,34.06258861327393],[133.01869141367786,34.063826252179865],[133.01271924799494,34.06724449523733],[133.0067874708651,34.065907467755494],[133.0039829179774,34.071311919309665],[133.00133849477572,34.07345486524986],[132.99538491628095,34.08162219780621],[132.99184511006388,34.09096833292227],[132.98807155565783,34.09564194591911],[132.9846937479182,34.09760989188305],[132.98237885879735,34.10292802740662],[132.98151577223518,34.10767855941805],[132.97735861201045,34.11638538717591],[132.97447819681145,34.11637208080691],[132.9692062783471,34.109581999709576],[132.96770671908985,34.114388197957],[132.9663080538736,34.11513297330811],[132.9638023870706,34.11994655858689],[132.95737910526157,34.12143680176706],[132.95312691277684,34.1238697206112],[132.95347491623443,34.12614325170978],[132.9492233325908,34.1290839187879],[132.9463658626945,34.13792082898311],[132.94301891069426,34.13962313499974],[132.93906871594857,34.13773753186166],[132.9369233328456,34.12808344099807],[132.93475472115347,34.125001693673255],[132.93064800300294,34.12312589224621],[132.92829213987045,34.12334430609491],[132.92369360587531,34.11604610804153],[132.91925055836668,34.11666558624785],[132.91617688695385,34.120590667425404],[132.90976705630464,34.11903680170707],[132.90655099882963,34.12072249544684],[132.90374260673593,34.11954072062781],[132.9001416340293,34.12118425235144],[132.89655938970418,34.12067858604797],[132.89465130981011,34.118173332933],[132.89696978003144,34.114405134889125],[132.89530277600238,34.11152205409957],[132.89926338489738,34.10987641436509],[132.9031181453862,34.11325533276744],[132.9096463546956,34.11194597292837],[132.9134287809136,34.112838360302135],[132.91627988271046,34.11102605370945],[132.92033108930843,34.11188344126788],[132.92624306066875,34.10941605410767],[132.92953907866558,34.09984480159636],[132.92850031134037,34.09821277489971],[132.93144172485574,34.09429166692695],[132.93024044104357,34.08836633343958],[132.92763474714593,34.08719366695419],[132.9203031914392,34.08712366732345],[132.9188757200385,34.08428574778907],[132.92270185510654,34.08291408112001],[132.92219194580173,34.07456741385511],[132.91874158165876,34.06633016170764],[132.91636644605467,34.063563721188814],[132.9117605843835,34.06248174773452],[132.90901425360494,34.06421553182139],[132.89884319106045,34.06665586467648],[132.8923103628331,34.06186699996215],[132.88972683542522,34.0616481976063],[132.88577224389405,34.05861627901811],[132.87993666724344,34.058476332816554],[132.87529055821278,34.056976000142356],[132.86868849477833,34.05648408087569],[132.865086420402,34.05921702704421],[132.85740063613048,34.054697693643675],[132.85542299637427,34.04601519794306],[132.84998060961755,34.04613466658162],[132.84874724968586,34.04428169444469],[132.8436411149455,34.04329999989511],[132.84028885874386,34.04011891885307],[132.83739396895658,34.033526586083156],[132.8305234497974,34.03355066722958],[132.8283926977648,34.029711694339255],[132.8242945006907,34.02670497295617],[132.81844061024606,34.025013639567874],[132.81567442333608,34.02115766679293],[132.80891795080288,34.0184913064287],[132.80383160834208,34.012981721429355],[132.80067513634856,34.01047641435508],[132.79588783375664,34.009227801921554],[132.79195527921286,34.00997582922122],[132.78605416266953,34.009004720591406],[132.7771916595675,34.00363513485365],[132.77370433238912,34.00021541421006],[132.77030705612583,33.99905597315467],[132.77062756191253,33.99660074842586],[132.77431364465906,33.99231508137598],[132.7740140732909,33.98652465788672],[132.7709370815811,33.982439973126304],[132.77174775565447,33.9787044951164],[132.76975260699726,33.97617746761608],[132.77162719793694,33.96475497326344],[132.77153296967083,33.9611473869424],[132.76933269824553,33.957578802419846],[132.76834007783236,33.94832753228985],[132.7621463290899,33.936698945699845],[132.76119243798064,33.930114865108976],[132.75668097274877,33.9238574407683],[132.75770846977014,33.91767622497787],[132.75523105067248,33.91131774831547],[132.74724024604063,33.905677802088974],[132.74017133643804,33.90368716173316],[132.731992192186,33.90284382877974],[132.71072413680952,33.90668286462255],[132.70954483782407,33.899924721149034],[132.70703664122811,33.89567927897559],[132.70476386466066,33.88909066670095],[132.70058630421465,33.88594913514453],[132.70149494233783,33.882361946346805],[132.70107697792025,33.880742919350325],[132.69995108877174,33.876706162159735],[132.70394810582047,33.87680669377397],[132.70827299590212,33.87345363987362],[132.71082060978335,33.86560235966124],[132.70986905331426,33.86173349510477],[132.71253121924042,33.8588058915787],[132.7103997540455,33.854084666674055],[132.70576294400473,33.85252538703702],[132.6961579507289,33.85200510764963],[132.6954903893701,33.848356279318864],[132.69991204920177,33.84608180213354],[132.7007885860245,33.83880644056484],[132.69473855973683,33.8397270270807],[132.6942851620306,33.834005864878804],[132.69018165985574,33.83688586459101],[132.68732946808052,33.83411772075624],[132.69131555117178,33.83111938734987],[132.69014489017457,33.82615516203117],[132.69279713388073,33.82418938703063],[132.6889508953676,33.81798133277232],[132.69286999965084,33.81684819778616],[132.69261688725965,33.81383955904846],[132.68965316516153,33.8091553601318],[132.68454671925576,33.81347136041501],[132.6833630216862,33.8084658921872],[132.6855375230383,33.80520855942751],[132.6890945530712,33.80336277467234],[132.69244625169324,33.79483094599141],[132.68811328120307,33.79319141355296],[132.68986644567997,33.78832094615478],[132.69436561628027,33.7860989731891],[132.69919302234018,33.786694532127],[132.69690855998215,33.78219963960174],[132.7002475233046,33.76713161293367],[132.6969032809617,33.767105666593295],[132.6976014399546,33.76242410808618],[132.7000039167474,33.760991080673875],[132.69673683533676,33.7564008015558],[132.69466411205917,33.757060531618265],[132.69286352812935,33.75228982871266],[132.68959533066004,33.7509184408334],[132.68153228258882,33.74548308137918],[132.67992641986848,33.745776360190916],[132.67434763923222,33.730338721155135],[132.67009286569328,33.725349197907235],[132.66321286588106,33.71380602712651],[132.6625193896582,33.709344135223716],[132.6593616604124,33.70352333263577],[132.652606108785,33.696967224557795],[132.6464716604388,33.692173332633274],[132.63966083018317,33.690151946255355],[132.6292436061076,33.68263602683123],[132.62653499379496,33.67942166727619],[132.61791055832566,33.67702694623665],[132.61161055828074,33.672390558877225],[132.60955639431222,33.668927224711695],[132.60048000005202,33.66234777473005],[132.59140153015653,33.65768472067339],[132.58595516210107,33.6535788649727],[132.573720195031,33.65087972072257],[132.54873916987685,33.643053000095904],[132.53652557699388,33.63889780219188],[132.53155547280687,33.63781341405786],[132.51570333264272,33.62900425244436],[132.51066014325113,33.62743025180475],[132.50805335937514,33.6303240003524],[132.49193313940293,33.62022377470748],[132.49009985702287,33.61752033259734],[132.48388019521485,33.61602016180109],[132.47846260726362,33.61678405404092],[132.47782649789463,33.612805143942296],[132.47561654976403,33.611376532201234],[132.47463922232237,33.60706486485168],[132.47117591423716,33.60388519844321],[132.4627653051748,33.600068532336934],[132.46189671925822,33.59758338716364],[132.4569571083839,33.59507405382459],[132.45755024634684,33.59068219842476],[132.45597119331603,33.588483080829576],[132.44852736714438,33.58305410836044],[132.4452528267566,33.57830619787279],[132.44197046676368,33.57645694623113],[132.44221408591136,33.57351163955059],[132.43691150506197,33.57169858562128],[132.43354247740342,33.5685455859101],[132.4336900516546,33.559630666721944],[132.42684438436095,33.55469533302323],[132.42599450074567,33.55204527916635],[132.41826616055494,33.54470217976183],[132.41245601763114,33.54446960428885],[132.407905473259,33.54157645019308],[132.3953221142242,33.536164631392694],[132.39038527865773,33.53188484680828],[132.39095273737894,33.52922067629322],[132.37824426735915,33.52615023434589],[132.37683453958243,33.52323847687427],[132.3708525811818,33.521570260559145],[132.36692351510817,33.51826852287411],[132.36184007835698,33.51588112591327],[132.3573112966791,33.515880811150566],[132.35273499392486,33.51030110780994],[132.3424291697704,33.50717999985716],[132.3416827756397,33.50369889239005],[132.33870639378506,33.50270166744804],[132.33425527935776,33.504010829436254],[132.32936416262612,33.50146472102011],[132.32740138776387,33.49855110824711],[132.32181221815938,33.49927889180748],[132.32120749692854,33.49587638688581],[132.31820805375878,33.493193333305726],[132.30797555133074,33.49265361327366],[132.3070705581598,33.48738555919624],[132.29532999967978,33.48734138719533],[132.28873583678956,33.48352222457106],[132.28907722393478,33.48131861306359],[132.28433795143542,33.478297864954584],[132.28221527891208,33.48156999965579],[132.2795008299994,33.47792805383665],[132.27955055801192,33.474993054286074],[132.2751426326265,33.473663036120286],[132.2726947211845,33.4775366670836],[132.2668552792478,33.4729361078152],[132.2653308303536,33.474164999914876],[132.25862194634578,33.472545278641746],[132.26504555101144,33.46857138676012],[132.2647911148182,33.456432774852715],[132.26071583696637,33.45360722459378],[132.2597052786757,33.4499272248616],[132.2537930609011,33.45144249527499],[132.2537388848417,33.45448944063526],[132.25082194637582,33.45743472123547],[132.2462947214243,33.456422494702394],[132.24341027186665,33.45896305430159],[132.24730258084946,33.46208453187569],[132.24688111537125,33.46508166738511],[132.2401913878224,33.46488749476214],[132.23971031078224,33.46002749457324],[132.23630082981947,33.45976666689819],[132.23296749715234,33.462076667304416],[132.23014778169488,33.45984389168228],[132.22575360604412,33.4591333328371],[132.2266641633205,33.45590861309205],[132.22387666697466,33.45154027856108],[132.2260752791509,33.4496411082506],[132.22659055830763,33.44568666690623],[132.22461416321312,33.44450825195429],[132.2179388850716,33.44754666724492],[132.21619658890154,33.44498680189946],[132.21091444874287,33.445390828623886],[132.20842389144946,33.44832944075114],[132.20422917014014,33.450782224719944],[132.19959416324014,33.456091108018256],[132.1957586122702,33.4543080536738],[132.1944052791804,33.450981946159914],[132.1980438912127,33.44450277508304],[132.19606111542817,33.44270472094615],[132.19415027191758,33.44201472060291],[132.1906941629054,33.44431277531436],[132.18594165957995,33.445467225132404],[132.18278444924294,33.44845527928777],[132.1739080543133,33.44681889177849],[132.17184583691585,33.44493722497299],[132.1752349940998,33.438288054150405],[132.17661639413132,33.427980279366466],[132.17379749705685,33.426346667165035],[132.16960944242192,33.42702833259153],[132.1661166671505,33.43062722516635],[132.1641316601481,33.430314720647914],[132.15629277619075,33.437738332757874],[132.14802138757705,33.43395861259995],[132.15126221777723,33.43054833303921],[132.1570655510344,33.428554161945044],[132.1595108301608,33.42598305417465],[132.16464250294916,33.42389333281113],[132.16965610914224,33.41872194596107],[132.16646693869836,33.41560249455955],[132.16518722411115,33.41102777461214],[132.16013527892005,33.411210828916694],[132.1564480540345,33.40783666702862],[132.15332416268006,33.40712110795283],[132.14953165955853,33.41002444057551],[132.14760277564767,33.41601582926717],[132.13834972755797,33.42107389164681],[132.1370533332448,33.41939777478751],[132.13751333287405,33.41428055860098],[132.13619499420372,33.40651110770153],[132.13104972816245,33.40537666689971],[132.12752875464832,33.406651748179684],[132.12912082986247,33.4123602794034],[132.1240627755767,33.420219999753215],[132.12013277600693,33.41986249495824],[132.1191397284158,33.417305279015466],[132.11543583729417,33.41731389182269],[132.11212472057946,33.41509166704685],[132.10792306100052,33.40850472121599],[132.10210583681499,33.40523222498723],[132.09662138786678,33.40429166722669],[132.09335055808185,33.40030666691922],[132.09031082978106,33.40140749466019],[132.08443333303194,33.39812944062123],[132.080192502582,33.392131946432244],[132.07951333277413,33.38863666744828],[132.06407221785867,33.382136386585046],[132.05728832679495,33.3772052788006],[132.05292693862737,33.37583110841899],[132.04938306117936,33.37142138708742],[132.04493888502157,33.36787527932074],[132.03915472081383,33.366529162390975],[132.03712194632078,33.361235000095235],[132.0300997277203,33.356723333415175],[132.0279908301128,33.35078833311513],[132.02494693885023,33.34872361290445],[132.0182433329635,33.347823891559415],[132.01776027201902,33.34467110768554],[132.02584610891086,33.34444472134686],[132.0281602722788,33.34707638676588],[132.03123083023866,33.34745249493676],[132.03427722431456,33.350173053843434],[132.0405977819621,33.35243194577771],[132.05151499402177,33.36054777505984],[132.0474847209432,33.364400279149606],[132.05386666721301,33.3681766673194],[132.05801360574333,33.36836527943416],[132.06041999998308,33.37141222479437],[132.06365306094006,33.371725278798635],[132.06836389058117,33.376509162168134],[132.0745063941548,33.37602555893244],[132.0767511145723,33.380147495410654],[132.08143444924053,33.380981945760254],[132.08412166038636,33.38023305421211],[132.084393332986,33.38130777463414],[132.08590306087763,33.38131166689993],[132.08775832718516,33.38217055902413],[132.0939069389541,33.387390279038186],[132.0965611153033,33.38725582859365],[132.11072138788177,33.389361946396775],[132.11406141420298,33.39103874764015],[132.11870999996654,33.39088694567607],[132.12078693926594,33.38834861279827],[132.120371660224,33.3812327747728],[132.1155583267555,33.38181194626435],[132.11202499385843,33.37934333332822],[132.11255221781062,33.375776107681304],[132.11541250258495,33.3757730535836],[132.117578327278,33.372692495162596],[132.1038861086571,33.37340166725318],[132.10161805442976,33.36988416242423],[132.10333944226147,33.361911945879626],[132.11081610897634,33.3640469463096],[132.12528250268542,33.36542527875366],[132.12914693898006,33.36358610761283],[132.1321363942792,33.36669555855326],[132.13335499363814,33.36916555914331],[132.13471693863585,33.37037110843994],[132.13899805421693,33.371692494912736],[132.14063888527642,33.37320194581321],[132.14483610939897,33.375659999809216],[132.15217111490506,33.37585249519657],[132.15316778226736,33.38886499991986],[132.15691416275843,33.39268222540443],[132.16629639396342,33.39706082929388],[132.16793888517145,33.39995389165881],[132.17254722357552,33.40276999993557],[132.17537360570736,33.40638638702217],[132.18055972794912,33.4092933331209],[132.1812305583436,33.41106194615196],[132.18368778226545,33.41257722465923],[132.19007639431027,33.41378499977799],[132.20289333336075,33.4148766670246],[132.21386805436725,33.42208027888182],[132.21958805374572,33.42326138730323],[132.22032403372725,33.42490019758611],[132.22605861201544,33.42557277536332],[132.2371127764336,33.42547277524841],[132.2393152790769,33.428737774728575],[132.2455958366786,33.43236472075529],[132.24806389113576,33.43611110844097],[132.25423981801327,33.43915873009138],[132.25532472055943,33.44131472069785],[132.2658058369699,33.4433541618651],[132.26891639407643,33.44618194604004],[132.2805569389517,33.44710749501496],[132.28292555087353,33.45042805371179],[132.2821449941962,33.45395499962359],[132.28747389100738,33.45750889192186],[132.2863022182728,33.46203358618112],[132.288501659624,33.4642616673421],[132.29508583734162,33.4649080541634],[132.29660221841766,33.4718752792208],[132.29975333314985,33.474683612858485],[132.30649747058192,33.47331563970505],[132.30694888528285,33.469321666861504],[132.31199444888478,33.46417916173897],[132.31155000033232,33.46221610808698],[132.31735610889734,33.456952774550984],[132.3192772235651,33.458149161554616],[132.32055416284436,33.46242222460603],[132.32332499385348,33.465675279290735],[132.32277082981,33.46858416162979],[132.3242897280885,33.473010559090085],[132.32997972788223,33.473772224608524],[132.33400111475976,33.472395558608184],[132.33687972771736,33.475079161674046],[132.34971693928537,33.47257055858444],[132.3531066666394,33.47368582943756],[132.3494772240947,33.47898305392488],[132.34940306060287,33.480982495046135],[132.34263684841187,33.48595498243657],[132.3493566798669,33.48748245934809],[132.3526491698234,33.48394305422863],[132.36409221818144,33.479906946348535],[132.37014389112778,33.47430722499848],[132.37194313866496,33.46947035986926],[132.37424708213723,33.46717480167581],[132.37291907935207,33.46306661313372],[132.37758946827944,33.46181608064768],[132.37986766506071,33.4655933330659],[132.38021328081834,33.46965470290229],[132.3828295588371,33.4743971616997],[132.38793824855145,33.4743578289507],[132.39034866366,33.47697672129868],[132.3962467827629,33.47340189188384],[132.40199533111968,33.4710821347328],[132.40000569440735,33.465625197844645],[132.39036775626698,33.468336224836946],[132.38768496798696,33.45939372074366],[132.39430425433795,33.45785772095712],[132.40230849484124,33.459518251666054],[132.40820158223733,33.457684495343244],[132.4170481970167,33.46177463988778],[132.41762639364322,33.455880054221154],[132.41470566813211,33.452817775420044],[132.40879577240707,33.45058541438544],[132.4080562131238,33.446496928190754],[132.39552883328906,33.44369810758167],[132.3944221401697,33.44545630556411],[132.38864586301622,33.44231336027343],[132.39717046744317,33.44071966717894],[132.3990354734084,33.44239333338567],[132.4038829703229,33.44252861300515],[132.40738577213574,33.444404305614285],[132.4162054090524,33.44291002717608],[132.40837910481196,33.436673774675],[132.40408166024054,33.43060755879185],[132.40668531807307,33.42550839559601],[132.40022286629232,33.425694252188066],[132.3990703886875,33.430006747813195],[132.395488495098,33.42937908127965],[132.38857247743795,33.42335753202451],[132.38626033664525,33.41981694609524],[132.39394639431066,33.413229829393174],[132.39383792528008,33.40709245015648],[132.3895520486882,33.404431134988954],[132.39196329387096,33.40166271236433],[132.39630465593518,33.399642684862044],[132.3965287678884,33.397143702719745],[132.38948931288155,33.39235268502847],[132.38616809318307,33.39243652342685],[132.3794094937532,33.38781012573679],[132.3800381063736,33.3849511620665],[132.38390574605341,33.38143602695112],[132.38424133616877,33.378621080598464],[132.3873184951525,33.37564633281204],[132.38906727633378,33.37192913532141],[132.39008900060696,33.36520091858756],[132.39438832656003,33.36895658637741],[132.3989740856856,33.37092013465656],[132.40350919589275,33.370882640121806],[132.40263165992326,33.37459164029201],[132.40993141380375,33.37913374812405],[132.41060905296547,33.38396519843519],[132.41500166019853,33.38191566687459],[132.41937666679985,33.38305241443743],[132.42012082971257,33.38007769363071],[132.41629216575086,33.3790880805505],[132.41199494241278,33.37269461306602],[132.41266603091265,33.37041561319006],[132.4102391438215,33.36406397317387],[132.4117539169098,33.36139722520181],[132.41590719835858,33.3619340539135],[132.42042241196475,33.35664810782396],[132.41934133603388,33.35429255855479],[132.4091919714324,33.35321049516824],[132.41163391677196,33.34629553241297],[132.40949622557036,33.343158467789124],[132.4065437737762,33.34629889228012],[132.40021535695325,33.34710663995952],[132.3923921140049,33.3435228290154],[132.3920999215742,33.339733198328474],[132.38884216613314,33.337670495297175],[132.3856866932863,33.339103467850805],[132.376429105419,33.337144586153784],[132.37459758840805,33.32956689229832],[132.3716123608218,33.32857655886113],[132.36954002605137,33.32268349484747],[132.370588196688,33.31861655910694],[132.38248124511347,33.321186081372616],[132.3878404409836,33.31738680185947],[132.392293256029,33.31954027886081],[132.39895780795655,33.31651627880325],[132.40059011704034,33.30925089161542],[132.4062155769874,33.30664713485743],[132.4112700258911,33.30721938696519],[132.41669050606208,33.30367091937745],[132.42311150539172,33.30422582895886],[132.42304166044437,33.30830741375621],[132.42660775564343,33.31065089232487],[132.42487914355775,33.31343322476357],[132.42882888504505,33.31664072069276],[132.42971830105876,33.31921636014698],[132.4336415817936,33.31974574786801],[132.4345079122104,33.315886801934425],[132.44052603055195,33.3112586127948],[132.45197669257038,33.309010892238916],[132.46253247699224,33.31062122458991],[132.4649600259845,33.31284733263834],[132.46526807975818,33.31689494644468],[132.46707669283512,33.31867627858742],[132.47614885938242,33.318138440836435],[132.48015693899163,33.317081748224155],[132.48157661506878,33.31952189222159],[132.48660433162468,33.3175798017665],[132.4867308302637,33.32104597329311],[132.49081623897825,33.32518623435726],[132.49575352780312,33.322023198212094],[132.4969551623509,33.31271810815423],[132.49834968888706,33.31193697321282],[132.50410216638193,33.31465082857295],[132.5046355767705,33.31665769359773],[132.51210830085745,33.31889863956064],[132.52050121935588,33.31536369417921],[132.52237333266328,33.31583544075306],[132.52651302175866,33.312779162228594],[132.5281559140642,33.30658358606371],[132.52415683487004,33.30418786497802],[132.51677214002234,33.30492349512326],[132.51234364534298,33.30437080237067],[132.50838513636506,33.30607938655447],[132.5059202457228,33.304120467985285],[132.50544408617566,33.30098944140963],[132.49829377443825,33.298607495239764],[132.48940503181677,33.294590441295895],[132.4882444747028,33.29191866701291],[132.48307600525345,33.28962922510868],[132.4817218034185,33.28618566703494],[132.48380102519718,33.28220027911965],[132.47958866368594,33.27997300015386],[132.47746900119353,33.275239666777225],[132.47281289170166,33.27217749499545],[132.4752055766761,33.26814827862023],[132.47444810559568,33.26530489210711],[132.4709087553349,33.26100838732725],[132.46969399518184,33.25720116230383],[132.4735574710005,33.25491716219733],[132.4751274453754,33.25659882877301],[132.47469411244344,33.26077289175561],[132.47693832744187,33.26328974792358],[132.4805358881208,33.26342272078199],[132.4840127498885,33.266282558593275],[132.47573878111996,33.2698417478984],[132.482917860371,33.274867558790845],[132.48700325559582,33.27404930613062],[132.48890399522327,33.269347252074056],[132.49373588800086,33.271082359962975],[132.50094814504098,33.270137891950185],[132.5037684702388,33.26803282905189],[132.50332416287984,33.2625071623757],[132.50666693932783,33.25965533302724],[132.51540752313872,33.26004905442039],[132.51305289207733,33.26540922515568],[132.5167783660288,33.265584693678704],[132.51920002626025,33.2616801080506],[132.5347819714109,33.265039720706625],[132.5388108946072,33.26760610793559],[132.53815442278847,33.270736279255914],[132.54286891087156,33.27037191892896],[132.54120771736234,33.26394716223183],[132.54279557655468,33.262101694037995],[132.54090150540026,33.258663252207384],[132.53292291805826,33.25477374820997],[132.52328007771348,33.25290669358907],[132.52001189373402,33.24974191905437],[132.5229437744357,33.2451272251414],[132.5307074966537,33.245650359876265],[132.53411710801822,33.24214608137663],[132.5388091436272,33.23511230558847],[132.55004880670708,33.23390974833626],[132.55128233481196,33.22574482866099],[132.55440050557888,33.22229716158478],[132.5462084569548,33.222364341840944],[132.5432818031128,33.226272225283026],[132.5394819462349,33.226927865228845],[132.5386803885891,33.22266369377451],[132.5415834109457,33.21964974813744],[132.5392722180385,33.216074053574744],[132.53415747139024,33.217226891807684],[132.52722830114521,33.21391464014857],[132.52220192008258,33.21453561302815],[132.51793863805779,33.21306235984008],[132.5118936713559,33.21325053218635],[132.50900208837572,33.206780919104176],[132.50358031138228,33.20271563991491],[132.5055135021464,33.19664738706729],[132.4903562519395,33.195083721436674],[132.49260819661106,33.19321008108045],[132.50025827509933,33.190545972618565],[132.5067769776755,33.194560467991266],[132.50823700363492,33.19177558597454],[132.5080140338207,33.188794945830125],[132.51063053217342,33.18553689181414],[132.50905775641036,33.17944380238964],[132.50976328085085,33.17598216164748],[132.5148973017691,33.172454667149225],[132.50129189380596,33.17012680171058],[132.50450953318852,33.175201053685726],[132.50254814508094,33.17732769401789],[132.50277189370797,33.18102222499573],[132.49884538260835,33.18024502728622],[132.49870447503156,33.18370082873031],[132.49472182914917,33.18256202711592],[132.4967609726408,33.17744805388463],[132.49514688741897,33.17382177515486],[132.49673594001172,33.17128725180527],[132.49140808011884,33.168513360403324],[132.48946525311896,33.16494946764385],[132.48674630399876,33.16443410844738],[132.47715766489443,33.16979953212274],[132.48384260715068,33.17478094618377],[132.48031844374123,33.175386946250626],[132.48350247725762,33.18087533332999],[132.47942736667972,33.18261422466679],[132.47019588793,33.17641827888053],[132.46569588815476,33.17747669369453],[132.46514360639242,33.18214516166995],[132.46248367078488,33.18153553193929],[132.45822752308175,33.18435235967371],[132.45750389079194,33.19072727864102],[132.45532761327877,33.195352467642294],[132.45729516174242,33.19688299955084],[132.4545836706999,33.20368458567515],[132.45957444940143,33.207870440568456],[132.455300531994,33.20937574829219],[132.45110594018706,33.202377108117105],[132.44422311290634,33.20109035993221],[132.44430418858747,33.203956558648315],[132.439835447448,33.20414038726909],[132.43650997395616,33.205846694369484],[132.43371888481875,33.20974289202093],[132.43071321744105,33.20832277527592],[132.42269202291857,33.21097327879386],[132.4117016600037,33.20651861294368],[132.39523452655226,33.206292667272805],[132.3941138651628,33.202318639593614],[132.3894646687595,33.19804566737372],[132.39097111502497,33.197205721267096],[132.39591325569222,33.19753986527263],[132.39871055824574,33.19502416203551],[132.3956199481022,33.187181359731994],[132.39999455270652,33.184896251660746],[132.40732031138327,33.18945616157265],[132.41514988286087,33.19040782865841],[132.4177844234125,33.19727755911214],[132.4102235540738,33.19574910823479],[132.40484530516676,33.19983205370636],[132.40359849497463,33.20537355924239],[132.4146378340688,33.204017828559984],[132.42013963723457,33.208446054342005],[132.4225891701542,33.20855269415159],[132.42504941579796,33.20542310828989],[132.4311331648637,33.20311627889322],[132.43091260703125,33.20023958598813],[132.4347856939047,33.19825402680192],[132.43872083040208,33.19330597309221],[132.43709949394656,33.19031482886629],[132.43912228326678,33.18797199960812],[132.44792202268331,33.19189513465278],[132.4470976132643,33.18466510790847],[132.4507901171702,33.18352986491141],[132.45763944200667,33.17904608081204],[132.45819260690337,33.17568964006489],[132.46410905329026,33.17037058633355],[132.45678014338898,33.16839061283656],[132.45602185482483,33.17131141389069],[132.4502732561059,33.171825053583404],[132.44595577194139,33.17059661294337],[132.44214858558882,33.16794525237157],[132.43653046680765,33.16966077482493],[132.43560138799376,33.16574916189438],[132.43336744505166,33.16453513468878],[132.43399600461203,33.15839902709348],[132.43083214019123,33.15714374798563],[132.4263544229184,33.15844577475275],[132.4252598571568,33.155284494983505],[132.44299243835042,33.1486412246129],[132.44413836619276,33.14674097331732],[132.44206972763584,33.137900532383696],[132.45188686108986,33.13175522472392],[132.4552422181539,33.135022081304044],[132.45360710768193,33.142514162398754],[132.45817510969357,33.140328531936234],[132.4593508950278,33.13770686517972],[132.46338752271606,33.138313946231676],[132.46726875474928,33.141148279269714],[132.47135477320433,33.139477865011486],[132.47349791159945,33.13567764031092],[132.477749338761,33.136794639660934],[132.47812430569218,33.141923829421216],[132.48216136235703,33.138413666657414],[132.4867532170873,33.13679166740155],[132.49326824863078,33.13795882913672],[132.5003108953316,33.13710505415497],[132.4975645267815,33.13191146843957],[132.4998392476832,33.12719633284456],[132.49916438382934,33.12037853194374],[132.49612972770478,33.121797359960226],[132.49147771732282,33.120229161746465],[132.48852586267844,33.12421364044718],[132.48366330661634,33.124703440911105],[132.48330966261085,33.120486721285204],[132.48082461726233,33.11968289195198],[132.46989177678415,33.1226599186204],[132.46903241161658,33.12621491888348],[132.46245000016745,33.12694586535946],[132.45909756230276,33.124927414368756],[132.4575954219912,33.1213778648966],[132.46224213986295,33.12151491887846],[132.46413019455292,33.118335694037114],[132.46747447466737,33.11745302743532],[132.46619802911584,33.11198586525552],[132.47513622635586,33.10705780167626],[132.47450894922872,33.10339536030767],[132.47092061019805,33.099381414420805],[132.47418939042814,33.097198440555644],[132.47965313878137,33.09881089170932],[132.4799014793698,33.09564619811363],[132.4735411411108,33.09291713521765],[132.4684199220418,33.08972716167921],[132.46443897497875,33.09087286469099],[132.4612384182185,33.08621346817705],[132.46468221820987,33.085018801576496],[132.46710836605826,33.086311586010936],[132.47035108933142,33.083595666706685],[132.47039180343904,33.08045169439026],[132.46528175125184,33.077180747693376],[132.46999800290553,33.07605735955957],[132.47105136173104,33.071301251751436],[132.47473060963,33.073198919294725],[132.47247797697707,33.07596044142127],[132.47506749656782,33.07878122527336],[132.47284802911327,33.08221830642975],[132.47651075196973,33.08312941409122],[132.47854092112664,33.07813491939106],[132.4813156938642,33.07650886509208],[132.48161133609437,33.06995525173352],[132.4867736056175,33.06744322492494],[132.48844406034516,33.064665107608675],[132.4836819198847,33.064233585911325],[132.48235038905932,33.061015828717586],[132.48420306082267,33.05688363996808],[132.4796083660333,33.05656397324884],[132.47807433216474,33.06482441441523],[132.47238871566674,33.06020594604763],[132.46639641955915,33.06101377466604],[132.4620971979274,33.06265358589434],[132.45654664071492,33.05685491921918],[132.44867622562742,33.055442468295325],[132.44723891114688,33.058623829026544],[132.44915730176808,33.06102589213128],[132.44444411230597,33.06507069375755],[132.4428627758964,33.060588891763985],[132.44395221822037,33.05717833341339],[132.43754311332407,33.05487658608564],[132.42822243801515,33.05674646817499],[132.42588766488393,33.05842797287272],[132.42834413697244,33.06111208135752],[132.4276198310904,33.06487705443254],[132.424922749885,33.06729416229581],[132.41936430561827,33.06465235971865],[132.4128791045871,33.06312194562133],[132.41356819661507,33.072317359758415],[132.40591072569953,33.069552865372486],[132.40534472118202,33.06079989160179],[132.39719165996723,33.0572895588661],[132.39794802937809,33.05429694604726],[132.40351824936772,33.05142182875443],[132.40492866422653,33.047391053854085],[132.4029892996166,33.03981836022922],[132.39812185483981,33.040779278640855],[132.39519411191884,33.03876799974347],[132.3983775878554,33.03623216158502],[132.3961157461448,33.02834694635453],[132.39193236078984,33.02596816220097],[132.38614513618916,33.025864667320604],[132.37884066086792,33.0238669187234],[132.3787207776419,33.02149538670278],[132.3832479513319,33.01828855896986],[132.38672194606102,33.020716440711226],[132.3936335282648,33.01994789178184],[132.39968466881248,33.02306202729079],[132.3991219711022,33.025746559356264],[132.40132933907785,33.027880531861115],[132.40476542198667,33.02910608118077],[132.41055844361733,33.02682533302277],[132.40412522699773,33.03464116196011],[132.40579878078915,33.037556162387034],[132.4086264462536,33.040195532298014],[132.40975260699724,33.04590613466041],[132.40743814505447,33.04803282895193],[132.40860224369862,33.05038872086283],[132.40754277577855,33.05490102696086],[132.41198710841843,33.05655180182424],[132.4143304412969,33.054944467813016],[132.41805499434258,33.058069054343434],[132.42289791190922,33.05448210836266],[132.42498114106684,33.05522399958795],[132.4321484176154,33.05099008132726],[132.4374502457323,33.05165297340602],[132.44297014325753,33.04811064009402],[132.44288919617952,33.04190925161072],[132.44555603138576,33.04223127905033],[132.45043036317077,33.039326081233696],[132.4522549419121,33.035180279446365],[132.45549610935802,33.03887297310928],[132.45086581130818,33.041391305964055],[132.4496412188672,33.04796500028459],[132.4536060833541,33.047523414274224],[132.45608466887245,33.04920205373185],[132.46006085582394,33.04622786532377],[132.46597422832804,33.04974708066328],[132.47079949400154,33.04927219815346],[132.4689225810124,33.045263026767316],[132.46890255490905,33.040713864653185],[132.47455800274975,33.04209094614032],[132.47479099910538,33.0464425586772],[132.48044455297384,33.04948008094101],[132.48518941565908,33.0464175323433],[132.48588269762843,33.04218138736121],[132.48346513560762,33.032869332953396],[132.4814661999053,33.02794719770509],[132.48427014305275,33.02434208092234],[132.48494683522836,33.0106714676142],[132.490503372033,33.01088549456995],[132.49046744501663,33.014944829240505],[132.49497946782822,33.01840125211612],[132.49602133601593,33.01211833289477],[132.50225736728373,33.00859522528947],[132.50604678303273,33.00494525212173],[132.50250744536243,32.999655134976535],[132.50358786029153,32.995621305978545],[132.50059616118392,32.99380253236103],[132.50412949408098,32.98774441397359],[132.50940725004466,32.983136829201385],[132.51122944198528,32.97674419808635],[132.51420444877635,32.97573869398559],[132.52103275016134,32.97620005428911],[132.52501686103938,32.97160630558659],[132.52947946790323,32.97177697262924],[132.53252847001295,32.97363558621339],[132.5372799741915,32.96860499992084],[132.54220072628254,32.97009164041691],[132.54525639416727,32.96532363997403],[132.55118291835709,32.963604333173464],[132.5538885862893,32.96024980168704],[132.55032588782956,32.95685855897534],[132.53737693909454,32.9641824947264],[132.53104652397792,32.965749801712036],[132.52797077782918,32.962199162261584],[132.51646968902503,32.960891225149965],[132.5151960052915,32.96643063976228],[132.50811180271762,32.96763005388391],[132.50599868998756,32.96369364034928],[132.49963508359235,32.96508574770917],[132.50153299575118,32.9731774140065],[132.49631516161548,32.975344252235516],[132.49619289158875,32.977205972977345],[132.5008697277558,32.97947905441487],[132.49572944216004,32.98571386530267],[132.4930023352896,32.984740747587466],[132.4882736064418,32.98066558574823],[132.48490822283622,32.980648972572055],[132.48670208793112,32.97340630585637],[132.4788007001922,32.971761972836816],[132.47346427965283,32.97202610821836],[132.4716721403571,32.96855827924122],[132.47753814466967,32.969360387272104],[132.48099022022257,32.96778613482229],[132.4829087808156,32.96437125163203],[132.48164241216762,32.96151938720999],[132.48633766465161,32.96134580186731],[132.48984819703674,32.95941458601436],[132.50279121923938,32.9560473327183],[132.50092138841137,32.95357022478612],[132.4998180029985,32.94852010791669],[132.49434447541728,32.94791933291094],[132.49583538319644,32.94378766666756],[132.49376450083116,32.94071253205777],[132.490707055886,32.939960721310285],[132.4873165236387,32.94178986501032],[132.48162717315563,32.93817469380713],[132.47743486382797,32.937893667358935],[132.47672457837666,32.94016038699232],[132.4687476907534,32.93985310843425],[132.46556289191403,32.94248774791129],[132.46259024584322,32.94148100004816],[132.46053269772585,32.938151494895635],[132.46272066102972,32.93612994574045],[132.4683999480992,32.936323108424745],[132.47123083043857,32.93447510774007],[132.47347358044146,32.92338213487767],[132.47750031109058,32.92228149509498],[132.47777824926686,32.918779559329266],[132.47492603141131,32.9151889459132],[132.47729228261278,32.909549774902246],[132.47224418921803,32.907540586029256],[132.47640700437978,32.90464444078839],[132.481527224302,32.905030946021384],[132.48472452731517,32.90455882892684],[132.4892303627911,32.90218005376653],[132.4964513882211,32.90341402703575],[132.49926274987604,32.90550019787588],[132.5049323611396,32.90485782922548],[132.5067248376812,32.90353910834324],[132.5152740862302,32.90321744063243],[132.51743805382318,32.90594141426493],[132.5216387547248,32.908312440866496],[132.5188793001397,32.9103410272167],[132.52151688669505,32.913499135077075],[132.5258699480397,32.91367919823648],[132.52707885900224,32.91982677488579],[132.52033163419765,32.91973825191883],[132.51521308701444,32.91851513526535],[132.51190182910614,32.916437278657554],[132.50495165969141,32.91467100026648],[132.50077213962265,32.914939973101355],[132.4972326715506,32.919437134616146],[132.50636180295487,32.92593277497764],[132.5105029183751,32.92689527889405],[132.51614116668156,32.93214869380722],[132.52176894867807,32.931704694016446],[132.52434294417162,32.93375238736286],[132.51755939035365,32.93690702743743],[132.5151080803737,32.94149427943751],[132.5092083272026,32.94019686529316],[132.5043617772743,32.94304105400147],[132.50482032359912,32.94700494632127],[132.5074432044404,32.94705196377714],[132.51266574562771,32.950132586050074],[132.51633099917638,32.94842646780728],[132.51859425372186,32.949724333411325],[132.52524797691262,32.94870777484397],[132.52802522728246,32.94553858643667],[132.53102522713255,32.94856419807934],[132.53784447504256,32.94712477468863],[132.53697105077345,32.94219816171585],[132.54020805435823,32.939078532248516],[132.53992306100054,32.93617086489354],[132.54603791221996,32.93474294563049],[132.54971608273115,32.932757667032774],[132.55329949437623,32.93394505362136],[132.5563748376287,32.933451162141466],[132.56157763869714,32.93075513494159],[132.56594761269218,32.93026419773457],[132.55910374763994,32.93695753156487],[132.55436119261503,32.93924608134165],[132.54990425417805,32.93885225202985],[132.5480996107085,32.94486489170146],[132.5513394417619,32.94710038687339],[132.5545925027419,32.94445782886578],[132.55706839209267,32.94675122508903],[132.56241311337453,32.944380026716885],[132.56401788611663,32.94719833293675],[132.5718488587379,32.94614946802358],[132.57761250311455,32.939148864628464],[132.57984649821742,32.9417883874242],[132.58819902726339,32.94246541414759],[132.5931178341208,32.945811640394936],[132.5968250842103,32.94328716157332],[132.58721472108255,32.93880535957976],[132.5860651617778,32.934562585694835],[132.58810894936857,32.92930100044089],[132.59047053218933,32.92811580190278],[132.59233233476948,32.923922918807705],[132.59543581061428,32.92483153174982],[132.59868330658935,32.92291335966388],[132.59899180282946,32.91997866678207],[132.59604124500754,32.91705436017065],[132.5990301688073,32.912616251738655],[132.6060674969175,32.91578372064225],[132.60877766505723,32.91563416158732],[132.6143111666271,32.91828463992425],[132.6146960827581,32.91968289235166],[132.6172095853541,32.91935166664615],[132.6207659399962,32.92026819811889],[132.62790888538677,32.923952162062676],[132.63086116720922,32.92397572070303],[132.64728053227077,32.92810646783926],[132.65128069964464,32.92766233315018],[132.65553289212937,32.92520133297518],[132.65627111502,32.9323066669192],[132.65247333287812,32.93915361304886],[132.6552847206134,32.940961108268596],[132.65868416334354,32.94013277510754],[132.66066666663346,32.942484999583144],[132.66567360615204,32.94176027911362],[132.67587666657494,32.94394305422861],[132.6782505584166,32.94296389216993],[132.68339165969735,32.94683222522707],[132.6845119460695,32.949568613101064],[132.68204832706874,32.95586222526151],[132.68346722433296,32.963135828655595],[132.6869374967681,32.96458833268548],[132.68620832735246,32.967863053836936],[132.6915163940664,32.97357110841995],[132.6874400001559,32.97581110829606],[132.68706527873974,32.982202224952744],[132.68418138766094,32.986223333040414],[132.68415306081522,32.98942805366181],[132.6813811146468,32.99381610762731],[132.68671666734042,32.99734833255957],[132.68390221831282,33.00404610814144],[132.67700527887064,33.0110580537862],[132.67861221807948,33.01355110759761],[132.67569749734173,33.0167388921862],[132.6755166670606,33.02239500012922],[132.67867306081314,33.02939889234506],[132.67795861240006,33.03799527885906],[132.67459583682842,33.040680828957136],[132.6712208295777,33.04590861319201],[132.66619111472824,33.048712495185555],[132.66106888482125,33.055339441062415],[132.65767389103735,33.05705749510736],[132.66233111478914,33.063467775417564],[132.6666380544027,33.06622638733796],[132.6695022179531,33.071183053854895],[132.66667693928935,33.080479720862456],[132.67005111466722,33.085506946388534],[132.66931138811015,33.092391946431235],[132.6659497276978,33.09947805376919],[132.66352306094052,33.10899499981946],[132.6538905583027,33.11041082859691],[132.64663639375465,33.115565559103345],[132.64440306055292,33.12218749485703],[132.63828138797578,33.12790999974675],[132.6374755513557,33.13239166684201],[132.62981610912618,33.13229444113563],[132.62821610908622,33.13475666708655],[132.63229499411875,33.14924444127797],[132.62757444910164,33.15344582926167],[132.6247894420792,33.15934972111279],[132.6193341626415,33.162683613158265],[132.61486499432408,33.16928944115483],[132.61948527932225,33.17346582888496],[132.61944416321762,33.18087944143315],[132.62600389106683,33.183864161801694],[132.63565944242941,33.18639972117023],[132.63724666670032,33.1846019458232],[132.63442000038276,33.17879249537742],[132.6387325032025,33.17361027889132],[132.6466786124281,33.17186416240122],[132.64878333268473,33.167940279120614],[132.65116693900313,33.167070559159015],[132.65966472115008,33.160008053628815],[132.66238000013698,33.1544188921182],[132.66777250329847,33.151659162340536],[132.67356000039376,33.14998222529948],[132.68035778238584,33.14419805389713],[132.68688805384068,33.134847774705065],[132.6958352793747,33.13758722477064],[132.69585277568513,33.142611666894936],[132.69860165963894,33.14641249504069],[132.71056055822328,33.15315694633608],[132.71717778242873,33.159877224754155],[132.71955082980696,33.166787494847085],[132.72581250344433,33.16827610755638],[132.7313088845974,33.17394999959288],[132.73158944159957,33.17640277456843],[132.73465499393285,33.18022222497575],[132.73783749680308,33.18215805435079],[132.73721639442113,33.18633055880832],[132.74191111540574,33.189743333088416],[132.73925138844083,33.19242499991384],[132.7384158373211,33.19584444086831],[132.74064250294919,33.20128361344803],[132.7429180539251,33.20104138735019],[132.74848000015197,33.20348666737584],[132.7507480543793,33.20247610818592],[132.7594400001559,33.201703613031384],[132.76546027237373,33.204233054312056],[132.7679572238469,33.20328361304837],[132.77185027207247,33.20554333325828],[132.77535306129482,33.20582194592612],[132.77594333311845,33.20840944114286],[132.7731608298085,33.2124366673184],[132.77358749696543,33.217968891850944],[132.77085916971498,33.22104249491525],[132.77114306140322,33.2263077745842],[132.7745977818622,33.22835389231835],[132.77490944191732,33.2339941623008],[132.77192166025645,33.24106305391683],[132.7776055509555,33.246139720571705],[132.77773221776772,33.251525279168334],[132.77960805426835,33.256165558793555],[132.78216749693252,33.25696444095621],[132.7873436061226,33.262581666710616],[132.78913583714927,33.27046999989062],[132.79311722398074,33.27484138672065],[132.79590666735885,33.27416194621691],[132.80050972764184,33.2754974952133],[132.80994082980556,33.28016805411244],[132.8145352790799,33.28065861270488],[132.817562503207,33.283831107919355],[132.8243974973467,33.28223055929294],[132.8326297276799,33.28539805427681],[132.83763360590626,33.28940499984094],[132.83955138768647,33.287861666982394],[132.84971722427053,33.28964222480886],[132.85136527868474,33.29155444068493],[132.8577033326427,33.29318610765279],[132.86305722431155,33.29777194591861],[132.87164749723422,33.303101386819606],[132.87246165977785,33.30492638734296],[132.8849491699683,33.30710333305245],[132.89854583742056,33.314702775212936],[132.90066666723294,33.32062249513211],[132.89898444937285,33.324449999867625],[132.90334360632244,33.3301399996613],[132.90176666669834,33.33576305392188],[132.90288499434712,33.33804082892118],[132.90043583734405,33.3437369459034],[132.89473389095633,33.34952555905738],[132.8937908303826,33.352523612774576],[132.89013389106628,33.35750916191836],[132.8870616603674,33.358713332554316],[132.88379749725675,33.36234916208423],[132.87413306059238,33.363961386608764],[132.86674306064378,33.368097224807116],[132.86001999972325,33.368455279087925],[132.85907055756024,33.373907495434594],[132.8565849942022,33.37811444122855],[132.85650277638206,33.38258638665246],[132.85306306111147,33.388481946284855],[132.85555555104793,33.390055829113294],[132.85593888527137,33.394943612957434],[132.85450888497712,33.39830194587813],[132.84677277644255,33.39756166713727],[132.84105389132412,33.39789499995436],[132.83543499373002,33.40064361321225],[132.8316188852034,33.40885166707085],[132.8332994420157,33.4119508288677],[132.83401333284905,33.42015249484183],[132.82491527931677,33.42293444057202],[132.8233852789076,33.42984277532389],[132.8245166674103,33.43467333260827],[132.82777250279878,33.43832444072041],[132.8265622176723,33.44560444099221],[132.82194555064666,33.44862138676763],[132.81327306080323,33.45114638719605],[132.80813111505893,33.453855000408],[132.80699027198352,33.460777774674625],[132.8110563938376,33.46606166671262],[132.81482333283066,33.4643347210706],[132.81893165986833,33.46655249510161],[132.82297306115788,33.47294416214339],[132.8271572244264,33.47240582886599],[132.83171221774467,33.47591194557987],[132.8341263938181,33.47420305382792],[132.84041916960905,33.47472610762384],[132.84753444915555,33.47918972082903],[132.85232722412218,33.47815055870137],[132.86241832704422,33.47452972086995],[132.86452861230566,33.47233944091249],[132.87368583673208,33.4709844413789],[132.88105639423725,33.47095305414018],[132.88412888484027,33.473017775250185],[132.89387333328773,33.47247638697576],[132.90005055788697,33.47005194604054],[132.91521306103402,33.4676538921135],[132.9290012454112,33.46857453168934],[132.93099722414263,33.47007389219641],[132.9385205575777,33.4720788920273],[132.94422416321459,33.47194889232759],[132.94683944208668,33.46858582897289],[132.95166555132425,33.46657833262401],[132.95963805385315,33.46631222502924],[132.97267360640183,33.46978638703217],[132.97883805433275,33.472918332714926],[132.98687250306364,33.47290610823035],[132.9927283270507,33.4758291620862],[132.9990297282394,33.475753612739084],[133.0153669393328,33.480874999981324],[133.0134008297846,33.49058249528599],[133.02070000000504,33.49610833283333],[133.02543944157708,33.502202774838224],[133.02616333287153,33.50518916165055],[133.03061693932034,33.507835279174856],[133.03425527885804,33.51183389162088],[133.03825250275088,33.51932249503716],[133.03794194616398,33.526406387344935],[133.04628917010916,33.53028666699612],[133.0591633330215,33.53871333255432],[133.06261917043844,33.54536777520269],[133.06195583679255,33.55083222502719],[133.06025221776565,33.55409027904318],[133.0623086120529,33.56145027940693],[133.05547555055625,33.56744805418441],[133.05399693920742,33.57042444143485],[133.04675666738638,33.57521749519128],[133.04757166000422,33.581851945910614],[133.04921444888782,33.58496222512662],[133.05519832734103,33.58995110805722],[133.05461917023854,33.59351777522522],[133.057415550987,33.59635999981418],[133.06296917039094,33.59730749494497],[133.06401917024857,33.59948082897711],[133.06995082956723,33.601142494630494],[133.07962000026282,33.60869972081554],[133.07898221815492,33.611669441391655],[133.0732025028933,33.61436027860401],[133.06723027155988,33.62255249540141],[133.07006194620192,33.63090361341108],[133.070172502559,33.635928053736734],[133.07235778228585,33.638387224690746],[133.07418277561464,33.644214720932666],[133.07501972787816,33.65061861335835],[133.07750888492717,33.65355305442995],[133.08477999989714,33.65492249527699],[133.09075555062827,33.65781277513952],[133.097408611918,33.658242775183965],[133.10666166000772,33.65665110826211],[133.11653250277288,33.6601461075569],[133.11842610897781,33.667820558571975],[133.12150027231974,33.67403694594833],[133.11948416316363,33.67946110794384],[133.1214772235951,33.68628389198807],[133.11922693907206,33.68860249530894],[133.12243111470423,33.69252416176073],[133.1253222183458,33.698325828574184],[133.1341716596944,33.69985166692095],[133.14458055784655,33.70465166704088],[133.14467194605356,33.707389721358595],[133.14129277584095,33.710373054073216],[133.1398172239858,33.71569110775846],[133.14582610898776,33.719520558626925],[133.1458374971029,33.721939440852566],[133.15171277612376,33.72469638722856],[133.16119639419833,33.73169194632629],[133.1592966672075,33.7339372252228],[133.15899138784232,33.74323110792932],[133.15783722400874,33.75029500021412],[133.16355333292006,33.754210278781386],[133.16464555055177,33.756360558692904],[133.17092055843705,33.75754277507906],[133.17574055768068,33.760750279102126],[133.1767869386664,33.76379582871459],[133.1799730613078,33.764054999838436],[133.1837425031141,33.768141666704594],[133.18237221780362,33.7714783331586],[133.18725832711016,33.77737110759057],[133.18714138826454,33.779445559365115],[133.19046972789567,33.7836255587726],[133.19022778238627,33.78684055864494],[133.19274416281291,33.793781946179934],[133.20370444880132,33.794735000020296],[133.2155377822429,33.78561222502424],[133.21984444936186,33.78043055892323],[133.23160888484222,33.783962225376456],[133.2369205578375,33.78272500015868],[133.24593693943825,33.78894722503446],[133.24988111502148,33.78832916236098],[133.2571802717522,33.79386333302642],[133.25862583661308,33.79837582888143],[133.26245499430263,33.80482527916337],[133.26077221796356,33.81108389240774],[133.26754360575285,33.82083055858345],[133.26921333292898,33.82561833331948],[133.27450583687494,33.82805694577149],[133.27718027225183,33.830812775189486],[133.2842497277428,33.83179222503122],[133.28864999989764,33.82936972123571],[133.29376888522597,33.828695558852985],[133.3022919464163,33.82312889208475],[133.31027527858134,33.81588000026187],[133.3191530611649,33.81605749495748],[133.32633138768347,33.814763613350124],[133.33330972836131,33.82129527875418],[133.3410113883649,33.82414889235753],[133.3456136059832,33.82481944126425],[133.35049306120584,33.82872416179066],[133.35245444931343,33.83262694607674],[133.35580027176525,33.834358053781216],[133.361854163339,33.83316666700813],[133.36901693878076,33.829333332867066],[133.375706667229,33.82867610831579],[133.39167333335774,33.82443444059703],[133.39296861161222,33.82767472131138],[133.396813891448,33.83062027890281],[133.4008333330919,33.83623694617819],[133.40595832661552,33.836259440920514],[133.41205277581503,33.839139721221215],[133.4196355508401,33.83973472078077],[133.42489360625495,33.8392630542466],[133.42759610857365,33.836659441380164],[133.43248555076764,33.83493610831482],[133.44115138832592,33.83374389236678],[133.44806138772287,33.83405333289505],[133.45365221837528,33.83665999985914],[133.4642974970319,33.8345180539651],[133.47049916970093,33.83678972076905],[133.47346527859975,33.83369972126519],[133.48321360582327,33.83299082886373],[133.48639111475825,33.83058222498977],[133.49338805431535,33.832157224776154],[133.4995027760324,33.82924222524855],[133.50793055764916,33.83587194643326],[133.50653166040786,33.8399027752929],[133.5096886117401,33.84825889173453],[133.51810527863574,33.84733472142028],[133.52251805406502,33.85223500044498],[133.52635416261455,33.85366082878426],[133.52639111485814,33.86211138663123],[133.53623972818093,33.866095278974],[133.5359183266695,33.871482495021155],[133.53955499436756,33.874549441303714],[133.54019639444812,33.878684441333974],[133.54392583710774,33.87882416180565],[133.54990610927962,33.88198972144852],[133.5571141628884,33.882155559131775],[133.55880221824782,33.8786436130124],[133.56218306119933,33.875335000010296],[133.5656986118015,33.875029440955984],[133.57152972781478,33.871822775101066],[133.5711113883799,33.870279721032375],[133.57813805412798,33.86809166689699],[133.5831227758955,33.86765416201001],[133.58549444910955,33.87097777480449],[133.5928880544402,33.87536166670759],[133.59622666702717,33.87982082916801],[133.6032161089363,33.87993055904809],[133.6069502721374,33.88151389195258],[133.6110919460366,33.880751107677554],[133.61736389083092,33.87660027867997],[133.62730832691784,33.87203082875982],[133.6295433328586,33.87273749533921],[133.63525165993622,33.88019944105139],[133.63903722388886,33.880689999643835],[133.64406944155155,33.88302582857915],[133.65172333316536,33.88277361281206],[133.65400472074134,33.881596386763874],[133.6607480541794,33.88180916186337],[133.66191805417498,33.88578416170975],[133.67794555134617,33.89308444079438],[133.677465836779,33.898793613234716],[133.67451389130315,33.90318582926267],[133.67654527904142,33.90507972055269],[133.67757778168937,33.909550828707836],[133.6821427763681,33.91043972131615],[133.68794693880022,33.91625555874708],[133.69051722369102,33.91629055856248],[133.68850693944376,33.921629721134764],[133.68562972762993,33.9257161083118],[133.6756836062135,33.92638000043672],[133.67648444889824,33.93294472132186],[133.68005666668193,33.934368613420816],[133.68175944214465,33.9380816668355],[133.6864399997063,33.93897638705067],[133.69256583704384,33.943991387192796],[133.69262610870805,33.947838891951335],[133.68713444899572,33.955331386734144],[133.69183610914922,33.960499721285146],[133.69236389068112,33.962455000298064],[133.6866472241901,33.965375829231164],[133.68297749741362,33.96459277513651],[133.6829372239738,33.9688852788326],[133.68032194600107,33.970224999783966],[133.6814608303531,33.97388777480103],[133.6841311153587,33.97639110786338],[133.6813805577666,33.97878861320396],[133.68062916970052,33.98417416190807],[133.67509165985223,33.98368249535093],[133.67647749713888,33.99249138716783],[133.68068583688193,33.99629582878953],[133.6830119459446,34.001830279144144],[133.68573693940834,34.00365638673293],[133.67954861177907,34.01251999959834]]],[[[132.5961774967941,34.0314652787996],[132.59052944227994,34.02902638665847],[132.58933250309258,34.024807225373195],[132.59456082961867,34.026508053803695],[132.5961774967941,34.0314652787996]]],[[[132.6022805579015,34.038147774899926],[132.60033027192458,34.03754555918027],[132.59953221803755,34.0356402788758],[132.60257555082103,34.036327494918],[132.6022805579015,34.038147774899926]]],[[[132.72726461716843,34.052069639902015],[132.72507233532008,34.05038053233574],[132.72747094682677,34.050001801741814],[132.72726461716843,34.052069639902015]]],[[[132.7059358629498,34.067950161770625],[132.70587958517478,34.068006586135084],[132.7049137483708,34.0677116939396],[132.70493805434785,34.06764355860338],[132.7059358629498,34.067950161770625]]],[[[132.7102666669732,34.07251527875718],[132.7052217508832,34.07235746842247],[132.70248863834001,34.06819097323489],[132.7079289485622,34.07014174844301],[132.7102666669732,34.07251527875718]]],[[[132.75367166041883,34.09685138658227],[132.75356693886317,34.0969705593439],[132.75343111515394,34.09687055922899],[132.75344666713,34.09679027944787],[132.75367166041883,34.09685138658227]]],[[[132.7543227758755,34.09712555929718],[132.7544430610984,34.097193333105906],[132.75431111526586,34.097374161588334],[132.75415610901723,34.09721582874755],[132.7543227758755,34.09712555929718]]],[[[133.0530942276166,34.015985892335095],[133.05301810630067,34.01608469365374],[133.05284958504035,34.01597038712373],[133.05296063602464,34.015875585989534],[133.0530942276166,34.015985892335095]]],[[[133.04683105121205,34.022690134941854],[133.04676547264853,34.022663666994674],[133.04717250310864,34.022011135105856],[133.0472398047732,34.02203933334863],[133.04683105121205,34.022690134941854]]],[[[132.81551596638883,34.023358946358314],[132.81518732803283,34.02310502727522],[132.8152283919768,34.023076134755854],[132.81551596638883,34.023358946358314]]],[[[133.10429557697933,34.023786558702795],[133.10165444889378,34.02253641382447],[133.10249608302786,34.02177944096849],[133.10486355371006,34.021932332910865],[133.10429557697933,34.023786558702795]]],[[[133.0989237744127,34.024246386561515],[133.09098399461573,34.022259224783454],[133.09635204880806,34.02003410778792],[133.0989237744127,34.024246386561515]]],[[[132.85183019490762,34.0492690809034],[132.85202007776445,34.04965038715568],[132.85150652440666,34.049670828745775],[132.8514998307527,34.04935733317444],[132.85183019490762,34.0492690809034]]],[[[133.09360858596756,34.05925564033561],[133.09336116718418,34.05959869392461],[133.09308155626888,34.05935325185112],[133.0934857196903,34.05898916222009],[133.09360858596756,34.05925564033561]]],[[[133.09669661505677,34.06124319781537],[133.09652566832494,34.057855305977625],[133.10213499443455,34.05864933270061],[133.09669661505677,34.06124319781537]]],[[[133.09583972842074,34.06229030635262],[133.09573968873576,34.06209172075637],[133.09598379981253,34.06194644067574],[133.09601341089024,34.06223480199458],[133.09583972842074,34.06229030635262]]],[[[133.1092422178541,34.06236230607561],[133.10863457832318,34.06045422528234],[133.11092930014718,34.06062630605925],[133.1092422178541,34.06236230607561]]],[[[133.094684916176,34.065429586006644],[133.09424830071862,34.06524827908487],[133.09464666711006,34.06508666731588],[133.094684916176,34.065429586006644]]],[[[132.91975783355724,34.06950091943196],[132.91574089472658,34.070387721116504],[132.91569160828112,34.07021222471445],[132.91975783355724,34.06950091943196]]],[[[132.88239116711873,34.07319141425239],[132.880662918359,34.07270722465876],[132.88132155574522,34.071139162242616],[132.88268447470875,34.07236638699919],[132.88239116711873,34.07319141425239]]],[[[132.88431639438613,34.073409972891966],[132.88373747110745,34.07331016163471],[132.88389858555138,34.073068801583986],[132.88431639438613,34.073409972891966]]],[[[132.91448953306553,34.07701882905576],[132.9139975616382,34.07702694633656],[132.91402744521054,34.07666844059611],[132.91448953306553,34.07701882905576]]],[[[133.00120555069566,34.0750000003498],[132.99975472120343,34.07662294569246],[132.99967649817188,34.076581585871565],[133.00120555069566,34.0750000003498]]],[[[132.91489075210654,34.07848510800136],[132.91482702974372,34.07806177463124],[132.91498221765528,34.07822849544874],[132.91489075210654,34.07848510800136]]],[[[132.90679377441325,34.07871666724043],[132.9065423608414,34.078752775020575],[132.90653403401848,34.078562251846506],[132.90679377441325,34.07871666724043]]],[[[132.9159491048673,34.079165802160105],[132.915116498128,34.07920294595925],[132.9151425550849,34.078735972986806],[132.9159491048673,34.079165802160105]]],[[[132.91634680935783,34.08018602726338],[132.91565939006887,34.080095053643845],[132.91594916961856,34.07931680192894],[132.91644221843364,34.07970036008362],[132.91634680935783,34.08018602726338]]],[[[132.92317522675535,34.087426414197694],[132.92314308678408,34.08753219785268],[132.9230174712793,34.08751916217966],[132.92304328092268,34.08742200032509],[132.92317522675535,34.087426414197694]]],[[[132.99410725034943,34.087550251742755],[132.99391836574,34.088332586379806],[132.99382085584784,34.08829361335961],[132.99399216590575,34.08754886498821],[132.99410725034943,34.087550251742755]]],[[[132.92962374803756,34.09478446842854],[132.92952983093699,34.094925054048076],[132.92942518762243,34.09483077542001],[132.92947619986683,34.09472925185355],[132.92962374803756,34.09478446842854]]],[[[132.92979289162872,34.09517719786942],[132.92970572034278,34.09531427883098],[132.92962732823867,34.09521949478392],[132.92979289162872,34.09517719786942]]],[[[132.9291089491188,34.095274440662934],[132.92904616115152,34.09552208067953],[132.9289043578499,34.09540000040977],[132.9291089491188,34.095274440662934]]],[[[132.985201219161,34.09867516222903],[132.9842315818221,34.10030072100153],[132.9841854987618,34.100301972857835],[132.985201219161,34.09867516222903]]],[[[132.9838692476677,34.100696359749236],[132.98367622617695,34.10125030615677],[132.98365199664238,34.101670413658724],[132.9836097276069,34.10167205402212],[132.98362966287868,34.10125786495854],[132.9838692476677,34.100696359749236]]],[[[133.03266250307217,34.10424638676142],[133.0325541626446,34.104409720732065],[133.03244583660614,34.10432527888855],[133.03266250307217,34.10424638676142]]],[[[133.02770817119517,34.10443169386764],[133.02743936383558,34.10442974773474],[133.02745143993207,34.10430474826558],[133.02765094733343,34.10427422527533],[133.02770817119517,34.10443169386764]]],[[[132.92810089544002,34.10021633311732],[132.92782661480646,34.100953802376125],[132.92713457839818,34.10109961305676],[132.92592241188981,34.104800225250244],[132.92587802944752,34.10479019780945],[132.92709763874507,34.101067359770866],[132.92775263297767,34.10092938668191],[132.92810089544002,34.10021633311732]]],[[[132.9277932814349,34.10370144076893],[132.92740063563087,34.10493380155373],[132.92734814490098,34.10492227943968],[132.92774077811453,34.103689747783676],[132.9277932814349,34.10370144076893]]],[[[133.03246111518843,34.104842774874214],[133.03242055756277,34.10501749516135],[133.03230527886558,34.10498361320322],[133.03231888470884,34.10487082922543],[133.03246111518843,34.104842774874214]]],[[[132.92682635465258,34.104684162344256],[132.9267003110706,34.10505405440114],[132.9266489112183,34.10504199988844],[132.92677486396883,34.10467194595361],[132.92682635465258,34.104684162344256]]],[[[133.1738161092261,34.10600999956188],[133.1738711153597,34.10610555882454],[133.17374888490315,34.10616249490329],[133.1736819456653,34.10606361264564],[133.1738161092261,34.10600999956188]]],[[[133.02758741922412,34.10714105441616],[133.02737961108028,34.10699319777791],[133.0274425807106,34.10675658614758],[133.02735849499857,34.1064195319359],[133.02756505758146,34.10640580198623],[133.02758741922412,34.10714105441616]]],[[[133.17401355358265,34.10857197291824],[133.1728101428739,34.10774597259859],[133.17409194568677,34.106333694344585],[133.17517664138893,34.10791166728967],[133.17401355358265,34.10857197291824]]],[[[132.92622858608047,34.107866495242604],[132.92570345035404,34.10868369389743],[132.9256679118447,34.10866782895721],[132.92622858608047,34.107866495242604]]],[[[132.89969661530665,34.10958994611917],[132.89951447471333,34.109669919231465],[132.89948683494958,34.10958099966348],[132.89969661530665,34.10958994611917]]],[[[133.03800131041226,34.11100666702413],[133.03801671939618,34.11080430607393],[133.03814980466984,34.11055182860406],[133.03828369573603,34.110524667279606],[133.03822345015215,34.11085882927159],[133.03800131041226,34.11100666702413]]],[[[133.18129577158265,34.11191113499092],[133.17867910505674,34.10680955891405],[133.18258483821978,34.10343069357168],[133.18788233520172,34.102759414415516],[133.18734669269577,34.107973081092894],[133.184673606302,34.111671197667704],[133.18129577158265,34.11191113499092]]],[[[132.90778639392704,34.11187119789753],[132.90687143986509,34.11216763962494],[132.90688121909307,34.11210169413795],[132.90775255513643,34.11179663960331],[132.90778639392704,34.11187119789753]]],[[[132.90559007771992,34.11249719798735],[132.90624791201162,34.1122800270017],[132.90626552523383,34.11232266655787],[132.90559007771992,34.11249719798735]]],[[[132.9681117512564,34.11432864035453],[132.9677309729061,34.11465038720564],[132.96757372194975,34.11452663959278],[132.96795472063388,34.11420002740937],[132.9681117512564,34.11432864035453]]],[[[133.00260771697265,34.11829413526618],[133.00125277589495,34.11768944101493],[133.00356461721333,34.11630682869725],[133.00450189424714,34.11737638701072],[133.00260771697265,34.11829413526618]]],[[[132.89151230894595,34.11926472138981],[132.89154936371222,34.11904058605427],[132.8918320880805,34.11902682912489],[132.89151230894595,34.11926472138981]]],[[[132.96960953255393,34.119043387442446],[132.96849080380764,34.11840141359443],[132.9687856159635,34.11707382899408],[132.9706461091307,34.11766402707326],[132.96960953255393,34.119043387442446]]],[[[133.01213172539883,34.12221313522804],[133.01147299628178,34.12219908062315],[133.01147852081715,34.12202869416893],[133.01213172539883,34.12221313522804]]],[[[132.993251245049,34.12238930612165],[132.99334230860075,34.12244072126231],[132.99335588836357,34.12258169359035],[132.99323241234606,34.12254402728507],[132.993251245049,34.12238930612165]]],[[[132.99361863788988,34.12202477492349],[132.99022902744775,34.11859877521334],[132.99154202324587,34.11296253239499],[132.99489133596649,34.11405853167594],[132.99587411240043,34.11847177475266],[132.99361863788988,34.12202477492349]]],[[[132.9928711151099,34.122689694074154],[132.99307158208785,34.12288355912898],[132.9928450842333,34.123051198154315],[132.99277175081568,34.12278853226502],[132.9928711151099,34.122689694074154]]],[[[133.00496291820423,34.122792305820326],[133.00518938997845,34.12294036030943],[133.00504247672893,34.12320158638414],[133.00470185490678,34.12307236010139],[133.00496291820423,34.122792305820326]]],[[[133.15465610879244,34.12322555871259],[133.15454749676962,34.12311277473481],[133.1547019463378,34.12308861264938],[133.15465610879244,34.12322555871259]]],[[[133.1913556680297,34.12335910803648],[133.18350250283834,34.1219449726824],[133.18136389073106,34.119418224871254],[133.18114442287686,34.11581727914415],[133.18607433186503,34.11591338699327],[133.18617610904028,34.119853081254746],[133.1913556680297,34.12335910803648]]],[[[133.00670654986743,34.123462720728014],[133.00976978015126,34.120437774583706],[133.01138763892845,34.12198253196834],[133.00670654986743,34.123462720728014]]],[[[133.01041727583663,34.12380627883675],[133.0102799736419,34.123550865080404],[133.01043313897821,34.12293289233918],[133.0107204148154,34.123029413876395],[133.0107154217793,34.12358027920658],[133.01041727583663,34.12380627883675]]],[[[133.00742858586057,34.12374166704433],[133.0078793386606,34.12391191860024],[133.0076848638654,34.1242463333017],[133.00725033663377,34.12408194622486],[133.00742858586057,34.12374166704433]]],[[[132.9308422178941,34.124107081376735],[132.9300637737242,34.12348489171444],[132.93024311292936,34.1233823330283],[132.9308422178941,34.124107081376735]]],[[[133.15945503242392,34.12417502695598],[133.15553128404156,34.121375279145866],[133.1587160568007,34.11910916205824],[133.16081024599612,34.122630748010636],[133.15945503242392,34.12417502695598]]],[[[133.0094251617419,34.12448997313379],[133.0095538646192,34.12456397294903],[133.0093866410807,34.124873360417325],[133.00920902677524,34.12480366655603],[133.0094251617419,34.12448997313379]]],[[[132.93158481238925,34.125000000249884],[132.93084635477555,34.12442580200923],[132.93102483782604,34.12432358596476],[132.93158481238925,34.125000000249884]]],[[[133.00655674439827,34.125624946334256],[133.00583822295573,34.1248757211377],[133.00678861210486,34.124753495177686],[133.00655674439827,34.125624946334256]]],[[[132.93689488998723,34.129135720637066],[132.93664394316352,34.12919219806156],[132.93632053166732,34.128199135182],[132.9365714398201,34.12814269373041],[132.93689488998723,34.129135720637066]]],[[[132.9818063036181,34.12890872096074],[132.97605372180192,34.127224666685095],[132.97609085570843,34.123402558781095],[132.9805978863834,34.12313146804286],[132.9833550836703,34.12547902683565],[132.9818063036181,34.12890872096074]]],[[[133.01529610872853,34.129568891691065],[133.0151783272181,34.12973944092249],[133.01512027238277,34.129585558826534],[133.01529610872853,34.129568891691065]]],[[[132.9372117508217,34.13030186523895],[132.93696143981867,34.1303483871684],[132.9366604151461,34.12922949474546],[132.9369107261491,34.12918286489736],[132.9372117508217,34.13030186523895]]],[[[132.93751583678647,34.13143753181669],[132.9372557195759,34.13148674811498],[132.93695710778434,34.13039544059717],[132.93721719801533,34.130346225198195],[132.93751583678647,34.13143753181669]]],[[[133.06150108920394,34.13213149457289],[133.06113525308956,34.131924892419875],[133.06119525315842,34.13187533258059],[133.06150108920394,34.13213149457289]]],[[[132.93766141364335,34.13201044132887],[132.93781574629975,34.13257913481925],[132.9375464461117,34.132623612589725],[132.9372481059154,34.13152374802263],[132.93751581070615,34.131473494806016],[132.93766141364335,34.13201044132887]]],[[[132.93796561562078,34.13333333326676],[132.93755389069952,34.13264527905642],[132.93781499356714,34.1326078016088],[132.93796561562078,34.13333333326676]]],[[[133.0094527241639,34.14188616201682],[133.00911347560645,34.14191294562602],[133.00926197076342,34.14172013457659],[133.0094527241639,34.14188616201682]]],[[[132.93509481237572,34.14533805410798],[132.93464949417887,34.145788693593374],[132.93442705586403,34.145353107859705],[132.93509481237572,34.14533805410798]]],[[[133.00847114113037,34.14666633298492],[133.0082520231124,34.14411538711545],[133.0102724768933,34.14207127936612],[133.01171158192403,34.14441374799611],[133.00847114113037,34.14666633298492]]],[[[133.08579983109735,34.14770358585184],[133.08407399521877,34.147283197761396],[133.0846885856098,34.146250721193894],[133.08579983109735,34.14770358585184]]],[[[133.09456316505805,34.15158363977321],[133.09445522662747,34.15170327928297],[133.09436538255648,34.151576027012084],[133.09456316505805,34.15158363977321]]],[[[133.02269128427542,34.15411194610948],[133.0231612447957,34.153731585944],[133.02333819720013,34.15414538739975],[133.02269128427542,34.15411194610948]]],[[[133.03238871616634,34.154529279202904],[133.03238027243174,34.15458586544537],[133.0318966673973,34.154535972856934],[133.03190511023274,34.154479467553415],[133.03238871616634,34.154529279202904]]],[[[132.99787910503676,34.158638278933495],[132.99223919568237,34.1563134136332],[132.9900125291549,34.15421169441424],[132.99195260692738,34.14953238691015],[132.99646464322882,34.14988961291533],[133.00646852090563,34.146902162205095],[133.00940852068675,34.14806619789675],[133.0109421138875,34.152862694257976],[133.0085663550533,34.15421019794235],[133.00362352820332,34.15396472079527],[133.00179894856274,34.1566328923941],[132.99787910503676,34.158638278933495]]],[[[133.109593891445,34.15886555919826],[133.1094925027768,34.15897833328353],[133.10941778170536,34.15887138680512],[133.109593891445,34.15886555919826]]],[[[133.10820328055706,34.160100721371236],[133.10788858618935,34.15884549532342],[133.1087834763764,34.159003892016074],[133.10898053222581,34.15990430583912],[133.10820328055706,34.160100721371236]]],[[[133.02480258127412,34.16016716238471],[133.0246257718619,34.16005586498625],[133.02451160832413,34.15987330620817],[133.02430061028497,34.15982369420817],[133.0243480027582,34.15969035982232],[133.02464955893004,34.15983380168865],[133.0247901949116,34.15999399972338],[133.02480258127412,34.16016716238471]]],[[[133.02940916959756,34.160437225197825],[133.0295313883629,34.16073305358759],[133.0293049939304,34.16083333339168],[133.0291336056315,34.16055361275909],[133.02940916959756,34.160437225197825]]],[[[133.0312230607957,34.16133000017942],[133.0312663937292,34.16142333272069],[133.0311258368879,34.16144555856573],[133.0311097282314,34.16132305381592],[133.0312230607957,34.16133000017942]]],[[[133.1209102199308,34.16841766694182],[133.1196882490135,34.168216612706544],[133.11987758778048,34.16745102704334],[133.120647664658,34.167626613377536],[133.1209102199308,34.16841766694182]]],[[[133.0353097276619,34.168936278986166],[133.0351882751189,34.16962291856288],[133.0350816991612,34.16961594611905],[133.0352026327953,34.16892180169987],[133.0353097276619,34.168936278986166]]],[[[133.08023396922238,34.1721448019411],[133.08226483805186,34.1710376402749],[133.08229092108922,34.17107197279336],[133.08023396922238,34.1721448019411]]],[[[133.07888666698614,34.17450097264185],[133.07880941612177,34.174369441396664],[133.07898516163596,34.17356125215014],[133.0790401425886,34.173566828846106],[133.07886542230142,34.17436566694204],[133.07888666698614,34.17450097264185]]],[[[133.07849241229508,34.175446386741385],[133.0781745532131,34.176216054427414],[133.0781130215987,34.17619908062312],[133.07849241229508,34.175446386741385]]],[[[133.11508144035622,34.17944586523453],[133.11421586267204,34.17930330560313],[133.11413416286143,34.178924108261015],[133.11508705572305,34.17902186456746],[133.11508144035622,34.17944586523453]]],[[[132.88241654958415,34.18006622477651],[132.88236847002895,34.18009833327153],[132.88195827485458,34.179673613146804],[132.88200632922883,34.17964158559073],[132.88241654958415,34.18006622477651]]],[[[132.8830928658432,34.180596865253165],[132.883062918419,34.18064297259514],[132.88248411205223,34.18038346782282],[132.88251406037568,34.18033735958153],[132.8830928658432,34.180596865253165]]],[[[133.0806404412035,34.18130702659806],[133.08038946829936,34.1811635316717],[133.08036221794202,34.18070849540078],[133.08084557656218,34.18089163963754],[133.0806404412035,34.18130702659806]]],[[[132.88702832699573,34.182249865039296],[132.88697744515298,34.18228361299839],[132.88575869021145,34.18101574787852],[132.885809610725,34.18098194596007],[132.88702832699573,34.182249865039296]]],[[[133.0806692222069,34.183252919386746],[133.07992472114904,34.18274053155034],[133.08114213969804,34.18241146781503],[133.08161128363395,34.183105945882744],[133.0806692222069,34.183252919386746]]],[[[132.9381917249682,34.18712494595957],[132.9381568087898,34.18727155883545],[132.93799172473837,34.18714844074799],[132.9381917249682,34.18712494595957]]],[[[132.95074513567954,34.18931869370283],[132.95043202321938,34.18903346831996],[132.9506419969307,34.18881163974544],[132.95074513567954,34.18931869370283]]],[[[132.9512455769219,34.18955713455415],[132.95118036258373,34.18962933302737],[132.95107335944806,34.189482891921955],[132.95121744522896,34.18947994574296],[132.9512455769219,34.18955713455415]]],[[[132.9492063938601,34.1897834138735],[132.94890946829742,34.189947612992],[132.94884136173948,34.18960930602469],[132.9491371343713,34.18959061271664],[132.9492063938601,34.1897834138735]]],[[[132.94831574577506,34.190168359682104],[132.94737600459905,34.19043386473112],[132.94689791240876,34.19000797278977],[132.94777258133968,34.18989444057604],[132.94831574577506,34.190168359682104]]],[[[132.94655880684354,34.190550360211034],[132.9467728661749,34.190767801892605],[132.9466056938977,34.19091266738576],[132.94655880684354,34.190550360211034]]],[[[132.9426218941851,34.19085910826129],[132.93738933904683,34.18978755884882],[132.93843172524396,34.187843972821156],[132.94196189432603,34.18855672061619],[132.9426218941851,34.19085910826129]]],[[[132.9204688069899,34.1895734320683],[132.9202326072491,34.19120519796155],[132.92015055760226,34.1911986401052],[132.92038569434442,34.18956468526204],[132.9204688069899,34.1895734320683]]],[[[133.0802148640248,34.191952306154064],[133.08023396922238,34.19212077525361],[133.08000297026092,34.192124666620145],[133.0801074454023,34.19195274772119],[133.0802148640248,34.191952306154064]]],[[[133.0810881057315,34.191873494965876],[133.08107316529436,34.192149693853366],[133.0808201689157,34.19217102667159],[133.08085810591695,34.191909865348066],[133.0810881057315,34.191873494965876]]],[[[132.95420875493016,34.19311491911827],[132.95312224439613,34.19319627898511],[132.95311533130757,34.193140892438294],[132.95420875493016,34.19311491911827]]],[[[132.90511438402166,34.194246721309185],[132.90161213978854,34.193418559019335],[132.89598652425877,34.1893664414082],[132.89848827541368,34.18546986514224],[132.9032362515518,34.186484946123414],[132.90714350187113,34.18896491929564],[132.90806841772337,34.192270613098344],[132.90511438402166,34.194246721309185]]],[[[133.08834394301857,34.19486805391762],[133.087078974615,34.19140805443823],[133.08253483791248,34.1856153062015],[133.08539944213067,34.18160844067705],[133.08874442281694,34.18299913520195],[133.08977189375798,34.185644946057494],[133.0934343836899,34.18776964025676],[133.09428869017097,34.19188666733589],[133.09068856012902,34.1918821077731],[133.08834394301857,34.19486805391762]]],[[[133.0370339168818,34.19528913538534],[133.03024019532882,34.19335891867922],[133.0275739168029,34.185288333389906],[133.0218640599785,34.183038612741825],[133.0208069132085,34.17819189194233],[133.02634600496424,34.17256191919728],[133.0337433847494,34.171866720772584],[133.03555489004623,34.169544162233365],[133.03581885905317,34.16447849518647],[133.04005150477315,34.15973730623176],[133.0396287811434,34.15335463960497],[133.0334796369757,34.15103455869797],[133.0313763943052,34.15446874763467],[133.0311095330785,34.15639897333398],[133.0263923614184,34.15785036040586],[133.0245333071665,34.15410582892093],[133.02423911824076,34.149168523008996],[133.0206519456309,34.14517594591325],[133.0151511928733,34.14180727888288],[133.0187383915636,34.13920191863372],[133.01928438436687,34.135402586060536],[133.0176501948007,34.12695269371187],[133.02243311319774,34.12663941397784],[133.02157380019082,34.120559360226366],[133.02006527918934,34.11842282915029],[133.01539422836106,34.116950747778844],[133.01299972765537,34.11391230640788],[133.0127278338225,34.11081991920395],[133.02416036281056,34.108734829348975],[133.02954703027126,34.11013005375901],[133.0351021137716,34.107717802234845],[133.0374496887522,34.11295941444547],[133.0427466407449,34.11317058605374],[133.0455821402037,34.1204553329473],[133.05371586329647,34.12300646767437],[133.0587019709193,34.12946086512687],[133.06104802874358,34.134451667210726],[133.06832797685468,34.13678769399695],[133.0736415051514,34.14208182931304],[133.07904464279613,34.14524966693864],[133.08053902735435,34.15042908113725],[133.08854775637394,34.158009721171766],[133.1014678602536,34.15909619843086],[133.1022680293462,34.162681441095685],[133.10791041543337,34.16590194571825],[133.11006600494227,34.17255894603858],[133.10688544730556,34.17441572140848],[133.09897916995283,34.17498291932634],[133.09265644583832,34.173537332881665],[133.090487249587,34.17022516216156],[133.08329204908887,34.169423054130675],[133.0786533585657,34.172573495270626],[133.07614007810218,34.17695338698928],[133.07690542184775,34.18120538701902],[133.07572119277893,34.18621555870112],[133.06855208790864,34.19173277534736],[133.0650490010106,34.19129746840349],[133.0545767438217,34.191763278552514],[133.050919948397,34.19308222516463],[133.04022819727356,34.194131721401845],[133.0370339168818,34.19528913538534]]],[[[133.09164302230772,34.19590644082962],[133.09178591378895,34.196336252016465],[133.09137372211967,34.196242468015555],[133.09164302230772,34.19590644082962]]],[[[133.07579172480837,34.196226279319376],[133.07345447494413,34.19568255910286],[133.07446785980392,34.193959801603626],[133.0771471083524,34.194489999613836],[133.07579172480837,34.196226279319376]]],[[[132.87317963713065,34.19736844080097],[132.86979158161625,34.19387580222656],[132.8634545528854,34.19450772075476],[132.8638749418751,34.19025005409679],[132.87003869013347,34.18612182865951],[132.87103275036122,34.18362597256066],[132.87548868965132,34.178780586355],[132.88121666691575,34.176855162136064],[132.88286878086956,34.18349880212804],[132.88458552460236,34.18481733325336],[132.89198635508626,34.183808387447186],[132.894024967978,34.19050789242533],[132.89044608262066,34.192570467752944],[132.88221094657797,34.191084775142315],[132.8755064719462,34.19447255906141],[132.87317963713065,34.19736844080097]]],[[[132.92384641957665,34.20206938689273],[132.91918603111048,34.19870166684848],[132.9194073668566,34.19355958620599],[132.92161263311664,34.1912153603007],[132.92179581062817,34.18411972104832],[132.9263008304191,34.18440710840139],[132.92977722364003,34.182675774967095],[132.9342639952872,34.184954720883695],[132.9306418939084,34.1889353873583],[132.92886080368316,34.195349864804484],[132.92384641957665,34.20206938689273]]],[[[133.12935000030234,34.203182306018675],[133.13042891066573,34.205371441139164],[133.13036871634324,34.20539191870216],[133.12935000030234,34.203182306018675]]],[[[132.93648949359533,34.20557519783716],[132.93233680929643,34.198999972870524],[132.93720194641276,34.20032436038099],[132.93834299633227,34.20341955886562],[132.93648949359533,34.20557519783716]]],[[[133.12554494174572,34.20587549495815],[133.12653311321264,34.20668138733623],[133.12712810557764,34.20793963960273],[133.12708038934852,34.20795527881313],[133.12648927396094,34.20670549456298],[133.12554494174572,34.20587549495815]]],[[[132.94317763923675,34.21504558598508],[132.9430665244006,34.21514046805822],[132.94300625183712,34.215019198077584],[132.94317763923675,34.21504558598508]]],[[[133.05694007762258,34.217659107581824],[133.05688058387193,34.21791286478691],[133.05663097344075,34.21780289208988],[133.05694007762258,34.217659107581824]]],[[[132.93782108917196,34.21941280175946],[132.93671938998796,34.219607999609536],[132.93613880656073,34.21887991927292],[132.9374821922495,34.21854069409778],[132.93782108917196,34.21941280175946]]],[[[133.12720778191363,34.219172332936864],[133.1273542796763,34.21922272105178],[133.12731341088522,34.219656892151875],[133.12709130981614,34.21954244083105],[133.12720778191363,34.219172332936864]]],[[[133.13967674358696,34.22187280188837],[133.1397592995521,34.222012251664125],[133.13967469493127,34.22225677463052],[133.13951124494804,34.22220282879755],[133.13950605675916,34.222020775438466],[133.13967674358696,34.22187280188837]]],[[[133.12243941634608,34.22238046828403],[133.12258697800667,34.222441945939124],[133.12248092095786,34.22258822516653],[133.12238258099137,34.22244430576018],[133.12243941634608,34.22238046828403]]],[[[133.05607214011718,34.22405374778231],[133.055988391651,34.22431797309605],[133.055831828676,34.22428369363763],[133.0559154989012,34.22401955915541],[133.05607214011718,34.22405374778231]]],[[[133.07367503187731,34.23280797340931],[133.07293968861575,34.23277682898754],[133.07294406022027,34.23275205356447],[133.07367503187731,34.23280797340931]]],[[[133.0992126717275,34.23715144078642],[133.0981160312299,34.238156640016996],[133.09808910462857,34.238133198288494],[133.0992126717275,34.23715144078642]]],[[[133.09350516213362,34.23843353228176],[133.0935903108442,34.23858122524342],[133.09346810556872,34.23866574802588],[133.0933432562863,34.238508999790554],[133.09350516213362,34.23843353228176]]],[[[133.10781516194027,34.24166666698312],[133.101587951223,34.235471613324364],[133.09347878142069,34.23816389214994],[133.08764108866535,34.23316416159685],[133.07877269770188,34.22964419802139],[133.07268099862927,34.231387864758176],[133.06898530482806,34.235918532314486],[133.0645816988864,34.23522335997012],[133.06150697796477,34.232641640199574],[133.05927544700432,34.226635080844346],[133.0625206613995,34.22209199994592],[133.06700486368356,34.22017855919319],[133.0658748115734,34.21685853199568],[133.05727313884438,34.21539797273829],[133.05400542161294,34.212219414294566],[133.05573211364617,34.209369026559386],[133.0597758369853,34.20645564041553],[133.0634080026772,34.20836319780341],[133.07007238733092,34.208825279363225],[133.07522199709751,34.20197686464064],[133.07754399535918,34.195581918670655],[133.08315555088802,34.19365389181371],[133.09531783385103,34.2044113599963],[133.10120525282025,34.202704468336606],[133.104149027056,34.19931835985449],[133.10505066125904,34.19456072140025],[133.1110580803662,34.19124053232474],[133.11386791227437,34.194380892064544],[133.11842469524356,34.19528058642999],[133.12367619999668,34.19407894558691],[133.12617321712037,34.19546025208899],[133.1256363551338,34.19928672080556],[133.11912247742043,34.202952081373496],[133.11978089537206,34.20641522488279],[133.12433330673673,34.207305495252456],[133.12552066094986,34.209597720558406],[133.13140847022476,34.2126058286961],[133.13855002616287,34.21188499959311],[133.13733282704834,34.21502594569091],[133.12777983077467,34.216383775390966],[133.11829033742924,34.21649830585221],[133.11344197087033,34.21826816174632],[133.10873747065784,34.22244633283202],[133.10679608257317,34.23180627883676],[133.11091163386493,34.233875000131206],[133.10827635496992,34.23783158635865],[133.10781516194027,34.24166666698312]]],[[[133.05684871639517,34.244944748001785],[133.05546953319242,34.244217135312624],[133.05595108867192,34.243745027211276],[133.05684871639517,34.244944748001785]]],[[[133.05846900064398,34.245350972669314],[133.0586456418829,34.24564082866135],[133.05848678293876,34.245809054044685],[133.05828852109846,34.24551919805259],[133.05846900064398,34.245350972669314]]],[[[132.94981805425982,34.24942110819762],[132.9477887160765,34.244128251717484],[132.94908255541566,34.24184616177098],[132.9574722831194,34.24419286530855],[132.9550993391632,34.24747016211836],[132.94981805425982,34.24942110819762]]],[[[132.9524124122031,34.252412693990664],[132.950786472118,34.25261935999549],[132.9519449419056,34.250159027117434],[132.95296352844412,34.25127086525828],[132.9524124122031,34.252412693990664]]],[[[133.04501544680545,34.266072667419735],[133.04481328100815,34.26525061332518],[133.04484306115842,34.26524630557259],[133.04501544680545,34.266072667419735]]],[[[132.96054027171624,34.2772611078139],[132.96059861163667,34.27741666714553],[132.96047916997782,34.277424440885284],[132.96041444936736,34.27728972064415],[132.96054027171624,34.2772611078139]]],[[[132.9629785855933,34.277892467863126],[132.9616958366936,34.27726189202275],[132.96242396919092,34.27647025210052],[132.96415666689677,34.27722119770016],[132.9629785855933,34.277892467863126]]],[[[132.9696049936756,34.279294721374356],[132.9695805581963,34.27938889208377],[132.96944555107143,34.27936444131598],[132.96946749722724,34.27927805423889],[132.9696049936756,34.279294721374356]]],[[[132.98025131014992,34.282361918567744],[132.97961408562162,34.28110574823177],[132.98064664132949,34.28109082937834],[132.98025131014992,34.282361918567744]]],[[[132.98071092127202,34.283333332967004],[132.98037924770415,34.28287191870413],[132.9804129956633,34.28285735957951],[132.98071092127202,34.283333332967004]]],[[[133.04991722410068,34.285231666907976],[133.04959082955315,34.28414138731523],[133.05069639402348,34.284006945863894],[133.05074722370546,34.28522000000305],[133.04991722410068,34.285231666907976]]],[[[133.02820386491646,34.29393569417698],[133.02805705598837,34.294120108256436],[133.02787678328696,34.294012775069575],[133.02802761308396,34.29383005441355],[133.02820386491646,34.29393569417698]]],[[[133.0274669388482,34.29435730624476],[133.02749027175867,34.29457855925318],[133.02741513609976,34.294571135349656],[133.0274669388482,34.29435730624476]]],[[[133.02737658935814,34.29530466737657],[133.02735530510336,34.29526635985468],[133.02825919570535,34.294920666755445],[133.0287961997849,34.29492753217994],[133.0295853305986,34.2944302790342],[133.02961600467495,34.294463829142444],[133.0288130216037,34.29496997298594],[133.02827002624076,34.29496299964279],[133.02737658935814,34.29530466737657]]],[[[133.02703830127666,34.296430694121284],[133.02701108869087,34.29640408138329],[133.02770702995554,34.29592810799585],[133.02803155571178,34.29568613460748],[133.02805910464406,34.2957131979058],[133.02703830127666,34.296430694121284]]],[[[132.97533822298067,34.29763097339077],[132.97321608285597,34.29625725177078],[132.97534802918824,34.29627946772331],[132.97533822298067,34.29763097339077]]],[[[133.00335291770307,34.29844094599292],[133.00304822289718,34.298586135241976],[133.00303652361674,34.29819138682308],[133.00335291770307,34.29844094599292]]],[[[133.01152308672113,34.2996762250778],[133.00607358003174,34.297118640412975],[132.99926481192165,34.29053597265704],[132.99519053231722,34.289107946374656],[132.98629335855173,34.291154386965445],[132.98072992214827,34.28665891887408],[132.98381455269953,34.28190138743912],[132.98645075160096,34.27481586466047],[132.98472302175014,34.26971710795823],[132.98114208773723,34.26874210796194],[132.9782336451667,34.27136674787715],[132.97046330663636,34.27036189218762],[132.96491511014426,34.26413427857415],[132.96717219174332,34.25942061337065],[132.97154775592423,34.257985333156626],[132.97817077805905,34.261116721259725],[132.98157481182818,34.261117919156675],[132.98679561642462,34.26338722524031],[132.9898812452234,34.26203946794715],[132.99254180316177,34.25727055918901],[132.98906518780825,34.252614305805594],[132.9937011407951,34.25125341391396],[132.99436435842847,34.242816612996364],[132.991443553777,34.23907472102161],[132.992336913318,34.2369153597561],[132.99057669276021,34.224980973093466],[132.98936114120374,34.223332774787764],[132.9819462516183,34.22419658620356],[132.98035302167466,34.227004748070726],[132.97451219208403,34.22621513522034],[132.96938885870895,34.22796386514034],[132.96485016919996,34.22710136043946],[132.9628670822501,34.222726558883664],[132.95682697818256,34.2240774413209],[132.95300011736163,34.22107722473419],[132.95245983075665,34.21706589227716],[132.94993594009168,34.215803999554964],[132.94663267176043,34.2094368291464],[132.94368522739137,34.208803747794775],[132.94168163410018,34.204051532252436],[132.94772856042482,34.20538297314573],[132.951325058105,34.197605693647915],[132.94861083042554,34.194256080553714],[132.95148710784383,34.19293933278402],[132.95463163414263,34.19406146816226],[132.9586614395738,34.19215777516126],[132.9692602196834,34.19377969437744],[132.97915861228023,34.19776030599337],[132.98228630416963,34.20002461274572],[132.98814605729478,34.2001797475973],[132.9928295331565,34.20188838663978],[132.99613693926835,34.20685699975081],[133.00047450079762,34.20933361305583],[133.00785530517828,34.21056544144204],[133.02026199689374,34.2111533597398],[133.03247450069773,34.20849661312826],[133.041123747563,34.2111529460517],[133.04545783411186,34.21478461261984],[133.05013474672126,34.21415325167129],[133.0572897538192,34.21852958567189],[133.0585431911154,34.22067146771411],[133.05238128376925,34.22722082907808],[133.05381988338092,34.23293946778227],[133.0517772496204,34.239815828937424],[133.05473457843812,34.247991107903374],[133.05392505819498,34.253141161935105],[133.0572783917844,34.25825553176742],[133.04816725041837,34.2590321620047],[133.04483683515184,34.26228597301929],[133.04170252874871,34.26932313475493],[133.0401593901438,34.27013769389953],[133.03617855999266,34.276918279055394],[133.03416555079957,34.28325166733066],[133.03525394271537,34.28572202675019],[133.03181022006572,34.28872149510096],[133.02936581058373,34.29283402736854],[133.02412858616538,34.29578182876844],[133.0197063291838,34.29645291906701],[133.01152308672113,34.2996762250778]]],[[[132.39501119341196,33.03786994574148],[132.3950360830488,33.038033748258954],[132.3948206360635,33.0380705862886],[132.39501119341196,33.03786994574148]]],[[[132.394913449696,33.03839233313971],[132.39469452683102,33.038542135011596],[132.39455172528199,33.03840172116253],[132.394913449696,33.03839233313971]]],[[[132.3966456419829,33.05481316229765],[132.396350246167,33.054734225204356],[132.396427691285,33.05465761285859],[132.39658552500202,33.05467905359552],[132.3966456419829,33.05481316229765]]],[[[132.45280949356334,33.05655144119612],[132.451882334802,33.056839162197605],[132.45185769067996,33.05679458640111],[132.4527897543437,33.05649738744455],[132.45280949356334,33.05655144119612]]],[[[132.43788000026188,33.05683333279211],[132.43792805373675,33.057032494853786],[132.43772444902413,33.05696082877927],[132.43788000026188,33.05683333279211]]],[[[132.42528166032048,33.06755802698143],[132.4255334758892,33.06766438710184],[132.4254694684413,33.06783905432894],[132.42520635468964,33.06773733291163],[132.42528166032048,33.06755802698143]]],[[[132.40388007810316,33.06867019787137],[132.40392747057638,33.068931054324764],[132.40366197092328,33.06902344077923],[132.4035683272166,33.06886161317294],[132.40388007810316,33.06867019787137]]],[[[132.4141052789355,33.07269727925609],[132.41406966308455,33.072848531734394],[132.41396250256753,33.072767440764835],[132.4141052789355,33.07269727925609]]],[[[132.46189666709756,33.07454035974985],[132.46198289229676,33.07457422462085],[132.4619890526527,33.074720081166845],[132.46174625188803,33.074612026723685],[132.46189666709756,33.07454035974985]]],[[[132.4622389751487,33.07521927864684],[132.46219089469412,33.07529180177528],[132.46202605705696,33.07525066678488],[132.4621451362891,33.075165467712225],[132.4622389751487,33.07521927864684]]],[[[132.46138588814824,33.0851693327985],[132.4613896113416,33.085297532055506],[132.46123722391883,33.085313945582186],[132.4612121139479,33.085216495045245],[132.46138588814824,33.0851693327985]]],[[[132.31669827460576,33.09996382886766],[132.31644958508036,33.0998669997623],[132.31664158224328,33.099752891982405],[132.31669827460576,33.09996382886766]]],[[[132.32059642018874,33.10022469431425],[132.32044007844695,33.10002497287422],[132.3207504146999,33.099962774862206],[132.32059642018874,33.10022469431425]]],[[[132.43881978010882,33.099885387300844],[132.43921247717412,33.1000408917738],[132.43909063612398,33.100439278849706],[132.4386874970304,33.10028338676892],[132.43881978010882,33.099885387300844]]],[[[132.31132224432622,33.10074149512394],[132.3111475878909,33.100579531720086],[132.31126308692194,33.100463252077475],[132.31137608313975,33.100659000312646],[132.31132224432622,33.10074149512394]]],[[[132.31070961085993,33.10102338671999],[132.31054260675592,33.100983865113335],[132.3105323346996,33.10080125237596],[132.31076102510133,33.1008678651599],[132.31070961085993,33.10102338671999]]],[[[132.31617280163357,33.101483279329955],[132.3160186902104,33.10118125191332],[132.31614516186983,33.10113519763132],[132.31621085644588,33.101309026690274],[132.31617280163357,33.101483279329955]]],[[[132.3119355253043,33.10160366707561],[132.31149182858508,33.10096786527481],[132.31188396897005,33.10057725193866],[132.31241883266307,33.10127227859283],[132.3119355253043,33.10160366707561]]],[[[132.32219577181752,33.10163466670656],[132.32199788589378,33.10142525237353],[132.32224450068327,33.101424720874206],[132.32219577181752,33.10163466670656]]],[[[132.3185178603111,33.101625748129834],[132.31822946841532,33.10157149472877],[132.3183390526052,33.10138789183782],[132.3185178603111,33.101625748129834]]],[[[132.35494011719277,33.10156919786027],[132.3548125285754,33.10183425234891],[132.3546125031645,33.10159310813549],[132.35494011719277,33.10156919786027]]],[[[132.31196066135556,33.1018927208724],[132.31194105073894,33.101642748014456],[132.31217999970727,33.10170658638992],[132.31196066135556,33.1018927208724]]],[[[132.32220005169108,33.10175994586484],[132.32222389091987,33.101823161909465],[132.32209360613513,33.101899224769454],[132.32204863823415,33.10176566735174],[132.32220005169108,33.10175994586484]]],[[[132.3234656936869,33.101799828998935],[132.3232026977464,33.10175441413497],[132.3231506359931,33.10157786462679],[132.32325968868372,33.1014328921143],[132.3234656936869,33.101799828998935]]],[[[132.4125307261122,33.10188610815743],[132.41269555115878,33.1019432249999],[132.4126900778848,33.102063585765904],[132.41250202334982,33.10200610829531],[132.4125307261122,33.10188610815743]]],[[[132.31145561558424,33.10207827888951],[132.31059455339596,33.10173655899507],[132.3109371726125,33.10161602735781],[132.3115023353646,33.10189122529988],[132.31145561558424,33.10207827888951]]],[[[132.32321941614316,33.10209522481483],[132.323009830939,33.10206102719468],[132.32309481237576,33.10193802691845],[132.32321941614316,33.10209522481483]]],[[[132.32139143976315,33.10213877538422],[132.32126083032313,33.102112495395374],[132.32114319090556,33.101879495442404],[132.3212975883131,33.101780775062764],[132.3214286896823,33.101959494635025],[132.32139143976315,33.10213877538422]]],[[[132.317966718889,33.101888198181825],[132.3180608302432,33.102035802110606],[132.31796827471612,33.1021530269407],[132.3178713880542,33.102021865316885],[132.317966718889,33.101888198181825]]],[[[132.31176116744393,33.10224580190231],[132.31154175085123,33.10224799984536],[132.3116169386708,33.10209558634227],[132.31176116744393,33.10224580190231]]],[[[132.41157041474287,33.10224989201896],[132.41167121885178,33.10235097311897],[132.41161160818922,33.10249644115788],[132.41148097266887,33.10227602721693],[132.41157041474287,33.10224989201896]]],[[[132.31166060974942,33.102389413740525],[132.31179613488382,33.102555333262046],[132.31167063629084,33.10258008080615],[132.31166060974942,33.102389413740525]]],[[[132.31283494177922,33.1025780807139],[132.31258791240225,33.10261153189674],[132.3124321399314,33.10230658618008],[132.31287299569226,33.102279306145135],[132.31283494177922,33.1025780807139]]],[[[132.35458897510114,33.102689612835434],[132.35409905322877,33.10252555940707],[132.35422608336717,33.102077973120004],[132.35454352786155,33.10238110760207],[132.35458897510114,33.102689612835434]]],[[[132.35364924831424,33.10285233256917],[132.35321968893754,33.10275325156135],[132.35341486430457,33.10239344090462],[132.35379007765005,33.10259705371112],[132.35364924831424,33.10285233256917]]],[[[132.30953496766472,33.10274991867385],[132.30937747119344,33.10273063990718],[132.30941800273865,33.10259563997687],[132.30959194601155,33.10268746795231],[132.30953496766472,33.10274991867385]]],[[[132.313490584423,33.10308389180824],[132.31329442339893,33.102811468274695],[132.31343744528192,33.10248219769534],[132.31372197099222,33.10294077459713],[132.313490584423,33.10308389180824]]],[[[132.35340849530587,33.103155225133605],[132.35318669281173,33.10310166690846],[132.35326756164875,33.10294882892538],[132.35362163373145,33.10305910829129],[132.35340849530587,33.103155225133605]]],[[[132.30741282664076,33.10335444115458],[132.3070204668212,33.10306513464832],[132.30756538313597,33.10301380224524],[132.30741282664076,33.10335444115458]]],[[[132.30872197064252,33.103384865219425],[132.30778644638747,33.10301805423984],[132.30763472086574,33.10203753240626],[132.30898878060782,33.10220219827289],[132.30872197064252,33.103384865219425]]],[[[132.31697761302644,33.103105532194604],[132.31720335904788,33.10332810810576],[132.3169817768876,33.103303107852184],[132.31697761302644,33.103105532194604]]],[[[132.32862158162072,33.10376802677308],[132.32802574569166,33.103042414176116],[132.32836603116743,33.10239291929781],[132.32936552509898,33.10332844085491],[132.32862158162072,33.10376802677308]]],[[[132.44466832678188,33.10370889185191],[132.44468861189,33.1037933327961],[132.4445277816319,33.10383277526245],[132.44456805417246,33.10370889185191],[132.44466832678188,33.10370889185191]]],[[[132.35106282688798,33.10384474793682],[132.35105060959802,33.103970467762906],[132.3507655505897,33.10380138712435],[132.35106282688798,33.10384474793682]]],[[[132.32934805396962,33.103824666974845],[132.32963444937036,33.10395363964881],[132.32943258124874,33.1040426401558],[132.32934805396962,33.103824666974845]]],[[[132.35227053185963,33.10371627888321],[132.35211403363576,33.10407346801617],[132.3517424121826,33.10387782859897],[132.35187389126713,33.1035441621334],[132.35227053185963,33.10371627888321]]],[[[132.3524334764238,33.10403974793604],[132.35233258058418,33.103831748236644],[132.3526516078855,33.1037415588259],[132.35266719763308,33.10399038684693],[132.3524334764238,33.10403974793604]]],[[[132.30716121881528,33.10414753168328],[132.30686830063166,33.10404955864027],[132.30679894941204,33.103834162016994],[132.30711788588178,33.1037663603293],[132.30716121881528,33.10414753168328]]],[[[132.33354627813833,33.104199386592484],[132.3325028271438,33.10413808070791],[132.33249391666095,33.1037829995858],[132.3331506996451,33.10376125218011],[132.33354627813833,33.104199386592484]]],[[[132.4406654731331,33.10346697332221],[132.4415536453845,33.10361719787545],[132.44136289198389,33.104210027370925],[132.44065946835985,33.103966251741156],[132.4406654731331,33.10346697332221]]],[[[132.33330958466968,33.10460655914545],[132.33287605658484,33.10446649513267],[132.33306396902697,33.10427574802742],[132.33332505840474,33.104337586310635],[132.33330958466968,33.10460655914545]]],[[[132.33636605744766,33.105233532301725],[132.33621894904536,33.10523430571868],[132.3361785209221,33.10514016198891],[132.33636199700857,33.10515477507289],[132.33636605744766,33.105233532301725]]],[[[132.35013705578058,33.10529958570737],[132.3496433072928,33.1054915585886],[132.34882208776924,33.105011468104806],[132.34923693873384,33.10456136011874],[132.35013705578058,33.10529958570737]]],[[[132.34533189355216,33.10553846812587],[132.3453711408655,33.1054328292617],[132.3455724765886,33.10539891942466],[132.34551992200682,33.10551810837404],[132.34533189355216,33.10553846812587]]],[[[132.351904552753,33.10534938656497],[132.35049946817594,33.10508674765532],[132.35054941562305,33.10414316187746],[132.35170286629432,33.104401494833155],[132.351904552753,33.10534938656497]]],[[[132.34835077826585,33.10536238716446],[132.34793827543115,33.10554497292219],[132.34753596641178,33.10521549459946],[132.34835077826585,33.10536238716446]]],[[[132.33700396905795,33.10599958561244],[132.3361867191419,33.10567844130708],[132.33651213972348,33.10550544142302],[132.33700396905795,33.10599958561244]]],[[[132.34575360634392,33.10616005434309],[132.34574518779027,33.10605608102338],[132.34598666655154,33.10604363980218],[132.34604150541122,33.10611694624015],[132.34575360634392,33.10616005434309]]],[[[132.31825788609262,33.106878054178935],[132.3181248116108,33.106972694334445],[132.31806328089579,33.10687046839746],[132.3181397538466,33.106809640052916],[132.31825788609262,33.106878054178935]]],[[[132.33246897486333,33.109608054168405],[132.32374805382972,33.10737672105887],[132.3186951616525,33.10699241376892],[132.31806369638252,33.102075919068454],[132.3251197276934,33.10249536017278],[132.33099338523664,33.1052962249409],[132.33693360610107,33.10638010765592],[132.3355702716508,33.10911294590579],[132.33246897486333,33.109608054168405]]],[[[132.4119099996468,33.1107047207463],[132.41191666722045,33.11083444075689],[132.41178972791363,33.11083444075689],[132.41176277613124,33.11071610796205],[132.4119099996468,33.1107047207463]]],[[[132.41167260740497,33.1108885862393],[132.41152788580337,33.11084474788686],[132.4115628271628,33.11071646769091],[132.4116873023272,33.11074563989939],[132.41167260740497,33.1108885862393]]],[[[132.42693577166858,33.11156625238067],[132.4268322444126,33.1114956403116],[132.42692347613763,33.111338829123724],[132.42704105080395,33.111405054299894],[132.42693577166858,33.11156625238067]]],[[[132.42538686121475,33.11165961280096],[132.42534958521526,33.11154094635765],[132.42551994828705,33.11151161317048],[132.4255032559705,33.11164610768179],[132.42538686121475,33.11165961280096]]],[[[132.42562530476403,33.112365306313905],[132.42560289186008,33.11226127903484],[132.4257774970339,33.11217827880455],[132.42585341060646,33.11230691872936],[132.42562530476403,33.112365306313905]]],[[[132.4221661353589,33.113800305939435],[132.41159910491479,33.11040077507579],[132.40817481211798,33.1062916404469],[132.4134841118024,33.10260746786042],[132.41644247663908,33.105305306294895],[132.41674044091872,33.111346494944826],[132.42055883282399,33.11152394557371],[132.4221661353589,33.113800305939435]]],[[[132.4243687162433,33.120797667278566],[132.42475999957435,33.12107589233864],[132.42435230901197,33.12130710803666],[132.42397163408373,33.12099749483855],[132.4243687162433,33.120797667278566]]],[[[132.42675997399363,33.12167572125759],[132.42667717341294,33.12149036019201],[132.42697975391263,33.12151013538448],[132.42702236109312,33.121642198128995],[132.42675997399363,33.12167572125759]]],[[[132.427727004198,33.12161102672758],[132.42758966333236,33.12171291901603],[132.4271621661012,33.121475918878616],[132.42725525312744,33.121375080595556],[132.427727004198,33.12161102672758]]],[[[132.42798360595873,33.12177069416225],[132.42784827507785,33.121709414358065],[132.42788761322288,33.121618973137174],[132.4280211670433,33.12162072141922],[132.42798360595873,33.12177069416225]]],[[[132.4258458113352,33.12187253159209],[132.42494639396102,33.12113474757058],[132.42588233460208,33.12110561313358],[132.4258458113352,33.12187253159209]]],[[[132.44679394278626,33.12462169433576],[132.44675863810073,33.12472649503178],[132.44661433198587,33.124766693827894],[132.44662730200844,33.12462982870369],[132.44679394278626,33.12462169433576]]],[[[132.44385832720013,33.126231387268774],[132.44375138791634,33.12616944106691],[132.4438649938744,33.12609610764929],[132.44399221826632,33.12616944106691],[132.44385832720013,33.126231387268774]]],[[[132.44308308731468,33.126753054310086],[132.44264185473787,33.1266155587611],[132.4433075230238,33.126344108294006],[132.4434788330817,33.12658125232298],[132.44308308731468,33.126753054310086]]],[[[132.44195885921408,33.12689641433809],[132.44185513590583,33.127022946252],[132.4417731905803,33.126913945722094],[132.44195885921408,33.12689641433809]]],[[[132.45176805435233,33.13173258609004],[132.4515712449171,33.131721973190565],[132.45154522663097,33.131446332782104],[132.45184435823057,33.131580972983556],[132.45176805435233,33.13173258609004]]],[[[132.4404583268904,33.13738527930724],[132.44039832682142,33.137520558926724],[132.44025778167133,33.137469999940606],[132.44033805425784,33.13731222467948],[132.4404583268904,33.13738527930724]]],[[[132.44034472093222,33.13779110827306],[132.44029778171728,33.1379658285602],[132.44006360635046,33.13789249514258],[132.44014389062806,33.13776861263142],[132.44034472093222,33.13779110827306]]],[[[132.44004224385458,33.13809358625008],[132.43636111457386,33.13804413522871],[132.43636182863554,33.13798374755197],[132.44004224385458,33.13809358625008]]],[[[132.31118165960595,33.14754722542415],[132.3111883271796,33.14763166726766],[132.31104778202962,33.14771055939485],[132.3110277820066,33.14756972106585],[132.31118165960595,33.14754722542415]]],[[[132.30426891098148,33.14780522473137],[132.3041636956981,33.147784197682654],[132.30408844402655,33.147686134707385],[132.30439077811195,33.147727667198126],[132.30426891098148,33.14780522473137]]],[[[132.3101727236923,33.14797761307642],[132.31003430633825,33.14783102718019],[132.31047717298316,33.1477357476067],[132.31046736677558,33.14795753211445],[132.3101727236923,33.14797761307642]]],[[[132.30815605695648,33.14900761291108],[132.30783891103692,33.148928720783886],[132.3079387807502,33.148842332807476],[132.30815605695648,33.14900761291108]]],[[[132.31518038896388,33.150899693865824],[132.3147366931439,33.15086382890263],[132.31490805356384,33.15077530593567],[132.3151431129644,33.1507574678829],[132.31518038896388,33.150899693865824]]],[[[132.436322217996,33.15095082931737],[132.4363958373981,33.151040828971134],[132.43619527868918,33.15115361294892],[132.43617499358118,33.150973333052946],[132.436322217996,33.15095082931737]]],[[[132.32008430574615,33.15122541392179],[132.31992216607512,33.151214360354516],[132.3198872238164,33.151134495160875],[132.32022435806778,33.151135693957144],[132.32008430574615,33.15122541392179]]],[[[132.32191819696732,33.15149038657211],[132.3214215049985,33.15137774828452],[132.3212251623114,33.15138222510967],[132.32132252921144,33.15120535993947],[132.32152963678334,33.15124222494876],[132.32155405967217,33.15134405428472],[132.32185586315757,33.15135327863095],[132.32191819696732,33.15149038657211]]],[[[132.32236622572077,33.151573973160396],[132.32215824940374,33.15160374791469],[132.32218238720748,33.15148969409415],[132.32236622572077,33.151573973160396]]],[[[132.32279444870494,33.15144466683796],[132.32292775611108,33.151636413989365],[132.32279070033064,33.15172402684243],[132.3227172239208,33.151574108058696],[132.32279444870494,33.15144466683796]]],[[[132.32327836580396,33.151569892036946],[132.32326444879538,33.151763413550725],[132.32302635508233,33.15178658638189],[132.32313202272474,33.15150499965608],[132.32327836580396,33.151569892036946]]],[[[132.32265795140336,33.151773585782394],[132.3226748379734,33.151922946087154],[132.32247939011188,33.151860775054786],[132.32265795140336,33.151773585782394]]],[[[132.32228891100453,33.15205264001736],[132.32079461727778,33.151968693700326],[132.32108069971457,33.15146025208901],[132.32228891100453,33.15205264001736]]],[[[132.32263102480204,33.15204636005154],[132.32253185476134,33.15240419759567],[132.3221348643326,33.152175026956],[132.32263102480204,33.15204636005154]]],[[[132.32475224402094,33.153358306340806],[132.32442046703102,33.15333294635843],[132.3244349416193,33.153094973154566],[132.3246186902005,33.15318558614592],[132.32475224402094,33.153358306340806]]],[[[132.292343307098,33.15349508063349],[132.2922842800955,33.15356855884198],[132.2920986123611,33.153536468333414],[132.29213613477486,33.15342572132005],[132.292343307098,33.15349508063349]]],[[[132.2917821661141,33.153870053859976],[132.29170713387714,33.153943387277536],[132.29159014287086,33.153866495242596],[132.2916250842303,33.15379780232678],[132.2917821661141,33.153870053859976]]],[[[132.29349058392336,33.15408974834327],[132.2933319713934,33.1536309726913],[132.29387902719543,33.153725720765465],[132.29349058392336,33.15408974834327]]],[[[132.29108019489513,33.1550960807196],[132.29081330668885,33.155045224957234],[132.29080527934025,33.15493363977572],[132.29104719786994,33.154976162419985],[132.29108019489513,33.1550960807196]]],[[[132.4247986380468,33.15540653208586],[132.4246964462841,33.15523819788456],[132.42520963721506,33.15512702729052],[132.42526527916937,33.15522716230373],[132.4247986380468,33.15540653208586]]],[[[132.33211717266943,33.1553129729154],[132.33217282721432,33.15538336015402],[132.3320023085597,33.15543572138148],[132.3319886379653,33.15532763995867],[132.33211717266943,33.1553129729154]]],[[[132.29142527915337,33.15554455913417],[132.29122204855878,33.15546722463279],[132.2913499744218,33.15537400001017],[132.29142527915337,33.15554455913417]]],[[[132.4241003891217,33.15594266742022],[132.42399869018743,33.155730494866475],[132.42452963733297,33.15571913463043],[132.4245654726185,33.15589086467173],[132.4241003891217,33.15594266742022]]],[[[132.29051936417738,33.156386694190644],[132.29006330717596,33.156365161722874],[132.29024555119133,33.156143864647674],[132.29051936417738,33.156386694190644]]],[[[132.28996771733637,33.157165918972055],[132.28998000027684,33.157316747869686],[132.28983586323454,33.15728522483329],[132.28983041514164,33.1571595589665],[132.28996771733637,33.157165918972055]]],[[[132.33057610880041,33.15743182871597],[132.3305972761434,33.157543162087336],[132.33049513564208,33.157561251950256],[132.33042121856442,33.15744308103342],[132.33057610880041,33.15743182871597]]],[[[132.28731680912347,33.15980458561319],[132.28707644642088,33.15959991880129],[132.28731630370453,33.15945774767698],[132.28752105055605,33.15955980184344],[132.28731680912347,33.15980458561319]]],[[[132.30465511044508,33.15976782942187],[132.30463411217465,33.15990286532502],[132.30449780822732,33.159838278713664],[132.30465511044508,33.15976782942187]]],[[[132.33890233537454,33.16152216211816],[132.33309885912513,33.158706251692195],[132.3328202203769,33.157801972583],[132.3294320488501,33.15694180162291],[132.3312507262401,33.15518422507199],[132.33890233537454,33.16152216211816]]],[[[132.39409425364693,33.16318053175621],[132.3937284184318,33.16272046827504],[132.39439980460736,33.16225072089412],[132.39441761298247,33.16277125209166],[132.39409425364693,33.16318053175621]]],[[[132.3973187809371,33.16333927918441],[132.39720192033246,33.16321510799088],[132.39694491567536,33.16309889220014],[132.39707377413538,33.16302080226825],[132.39737185532692,33.163162801622036],[132.3973187809371,33.16333927918441]]],[[[132.3089526332575,33.16385164004123],[132.3048205578225,33.15958089184471],[132.29704988294577,33.16005325175621],[132.29555841758702,33.15815336018949],[132.28955761299346,33.161506162279636],[132.29038980514542,33.15693397302448],[132.29289875537336,33.15431505369685],[132.29870105081295,33.154135162307966],[132.30333797686615,33.14976094621073],[132.3076095848146,33.14940246834931],[132.31169905306888,33.14841800029052],[132.31476900128848,33.15099155871354],[132.30704691318454,33.151556225039826],[132.30489005203435,33.15658130568278],[132.3089526332575,33.16385164004123]]],[[[132.3121494155631,33.16404482880586],[132.31236561618027,33.16420202670224],[132.31232358006923,33.16424910800998],[132.31205861191552,33.1640787746158],[132.3121494155631,33.16404482880586]]],[[[132.3125991440353,33.1642792793653],[132.31306147920395,33.16436030558367],[132.31278766531852,33.16456838712139],[132.3125991440353,33.1642792793653]]],[[[132.28773616119497,33.16459197274139],[132.28747861244813,33.16455327941037],[132.28753252860338,33.16441213531186],[132.28770050577384,33.16444844094286],[132.28773616119497,33.16459197274139]]],[[[132.39341413685304,33.16544244091597],[132.39353002618986,33.165483828615834],[132.39353438430442,33.165579090202925],[132.39334367137337,33.16552553197778],[132.39341413685304,33.16544244091597]]],[[[132.39370739318167,33.165795225169575],[132.3937738386918,33.165874531884185],[132.39369341142185,33.16596280214168],[132.39357364510772,33.16590825196431],[132.39370739318167,33.165795225169575]]],[[[132.487712996058,33.166119613329556],[132.48722211370966,33.16596244061418],[132.48757199675026,33.16565325189612],[132.487712996058,33.166119613329556]]],[[[132.3970871983156,33.167582919116455],[132.39381858625882,33.1657668920285],[132.39570233499478,33.162091495026516],[132.3981102203105,33.16488336027891],[132.3970871983156,33.167582919116455]]],[[[132.2654152533114,33.16841846843761],[132.2652975878135,33.168525467975996],[132.265059001272,33.16837827863469],[132.2650628269879,33.168252693706904],[132.2654152533114,33.16841846843761]]],[[[132.2716800260124,33.16883677459754],[132.2715478598459,33.168943640136945],[132.2713881060763,33.16879553168849],[132.2715966408723,33.16871905424102],[132.2716800260124,33.16883677459754]]],[[[132.28113072620215,33.16915846838867],[132.28091177725673,33.16911482878635],[132.28101055789102,33.16898697307039],[132.28113072620215,33.16915846838867]]],[[[132.27764338463453,33.16914702721357],[132.27745367085026,33.16921494581317],[132.27728280235954,33.16911905380135],[132.27763603087817,33.16907891885705],[132.27764338463453,33.16914702721357]]],[[[132.27667260695534,33.16914622501832],[132.27663778160843,33.16926449486061],[132.27649055809286,33.16925958636085],[132.27651319133076,33.169123694303096],[132.27667260695534,33.16914622501832]]],[[[132.43341296963285,33.16989216229348],[132.43334603129438,33.16979925243362],[132.43357499419074,33.169793333095924],[132.43352033699398,33.16988164022558],[132.43341296963285,33.16989216229348]]],[[[132.43093472136036,33.169980829151996],[132.43098165967592,33.169811666675116],[132.43114221833878,33.16985666695166],[132.43110194579822,33.169963892219926],[132.43093472136036,33.169980829151996]]],[[[132.26490958520924,33.1701631981731],[132.26490508410245,33.170335865308004],[132.26473021992376,33.170231197711644],[132.26490958520924,33.1701631981731]]],[[[132.26450457822375,33.17035138670718],[132.26423325635972,33.170469080983366],[132.2642500520983,33.17030525238556],[132.26450457822375,33.17035138670718]]],[[[132.2633472235956,33.171346107936586],[132.26336389073106,33.17123082923945],[132.26355138768645,33.17122499983395],[132.26351749673518,33.17133944126226],[132.2633472235956,33.171346107936586]]],[[[132.26276600524704,33.1733287749031],[132.26277719820916,33.17341961272501],[132.26256019539676,33.17335986536557],[132.26266077827233,33.1732875859534],[132.26276600524704,33.1733287749031]]],[[[132.26286182891033,33.17374353233822],[132.26277525297564,33.17385258592816],[132.2624535277082,33.17371505440627],[132.26286182891033,33.17374353233822]]],[[[132.27308494241618,33.176116414241164],[132.27310744525244,33.17626102702485],[132.27290983092405,33.17614046840794],[132.27308494241618,33.176116414241164]]],[[[132.4301817765678,33.175957081354284],[132.42947341116906,33.1762624407591],[132.429435357256,33.17619705375108],[132.4301817765678,33.175957081354284]]],[[[132.42930442316072,33.17632205411957],[132.42862922206098,33.176608026839006],[132.42859199732288,33.17654541423951],[132.42927483816334,33.176256891942046],[132.42930442316072,33.17632205411957]]],[[[132.42847214017718,33.176678306158976],[132.42785166012607,33.17693258587019],[132.4278193636727,33.1768691081229],[132.4284405317053,33.17661019780246],[132.42847214017718,33.176678306158976]]],[[[132.42765832657062,33.177021278809036],[132.42698083040102,33.1772954677117],[132.4269468090481,33.17723344057089],[132.42762744475078,33.17695819766277],[132.42765832657062,33.177021278809036]]],[[[132.26284603141926,33.17752053204697],[132.26237613475087,33.17729602709005],[132.26259832665153,33.177209252405135],[132.26306591386094,33.17737355944229],[132.26284603141926,33.17752053204697]]],[[[132.3985948640618,33.177558198352244],[132.3983777173578,33.1774989995792],[132.3984933072204,33.17737694628909],[132.3985948640618,33.177558198352244]]],[[[132.4267760565698,33.17738744137739],[132.42607294411118,33.17768133262746],[132.4260392995741,33.177621559187685],[132.42674204870661,33.1773237477928],[132.4267760565698,33.17738744137739]]],[[[132.39834165993977,33.17770333274268],[132.39852250281137,33.17778777458619],[132.39836861172216,33.17788916235503],[132.39834165993977,33.17770333274268]]],[[[132.425901387639,33.17775144107617],[132.42516780794801,33.17806925159476],[132.42513474707096,33.178005531929784],[132.425901387639,33.17775144107617]]],[[[132.39852791223348,33.178271585565255],[132.3984264983843,33.17804730633816],[132.3987529181128,33.17813333278713],[132.39852791223348,33.178271585565255]]],[[[132.37365616100305,33.181596107574364],[132.3737350324459,33.18144844069303],[132.37386730203445,33.181525413666975],[132.37365616100305,33.181596107574364]]],[[[132.37403466856517,33.18194522529194],[132.37372907893393,33.18176566665227],[132.37411319107093,33.181674441222526],[132.37403466856517,33.18194522529194]]],[[[132.39887708211177,33.18223944119728],[132.39884499430116,33.18235816159995],[132.39870963733995,33.18232641373305],[132.39873929967905,33.18224627874281],[132.39887708211177,33.18223944119728]]],[[[132.3748980797826,33.18313980196035],[132.37488299635322,33.18324674843876],[132.37473208831534,33.18325197260049],[132.3747845529648,33.183132198192425],[132.3748980797826,33.18313980196035]]],[[[132.40337369593942,33.183431891868395],[132.39894466886142,33.1823199458089],[132.4001466667354,33.18019136024316],[132.40422031141827,33.18160127867611],[132.40337369593942,33.183431891868395]]],[[[132.41954866393974,33.18385899969314],[132.41927372230452,33.18367582937606],[132.41941138782533,33.183534359722955],[132.41969610868853,33.183716108211854],[132.41954866393974,33.18385899969314]]],[[[132.3749775879454,33.1838176128926],[132.37488119321256,33.18384802706487],[132.3748148897954,33.183671161894665],[132.37499408600831,33.183753494827954],[132.3749775879454,33.1838176128926]]],[[[132.42111491602066,33.183909081139234],[132.42095783413674,33.1839896666898],[132.42096596580677,33.183823278621446],[132.42111491602066,33.183909081139234]]],[[[132.4203774971238,33.18408769369216],[132.41983350171483,33.18388261319211],[132.41998267226256,33.18345377507171],[132.42086830123117,33.1837891979132],[132.4203774971238,33.18408769369216]]],[[[132.43812444858452,33.18406444082132],[132.4382383270372,33.18413222542193],[132.4381849936426,33.184216667265446],[132.4380574967562,33.18415472106358],[132.43812444858452,33.18406444082132]]],[[[132.3744899998137,33.18410516212356],[132.37453233539907,33.18416486541628],[132.37432185536943,33.184232161684974],[132.37433544682347,33.184087306084336],[132.3744899998137,33.18410516212356]]],[[[132.37630416260708,33.18432105427331],[132.37645697810717,33.184615693759326],[132.37596258120823,33.184316748319304],[132.37630416260708,33.18432105427331]]],[[[132.43942941613466,33.18463155869955],[132.43855630393034,33.18413413468261],[132.43935727611745,33.183874918592664],[132.43942941613466,33.18463155869955]]],[[[132.26339182906975,33.18467358581739],[132.26432919603565,33.179890224953965],[132.26304510984403,33.17339786531926],[132.26451136180992,33.17268253197335],[132.26613031056547,33.16831566693452],[132.27398328060394,33.16981938735489],[132.28236277582153,33.1692950538237],[132.2892261606588,33.16628016209984],[132.2930734109093,33.16958419755275],[132.294028079932,33.175619585575475],[132.2897701947387,33.175941747913384],[132.27702124533425,33.17126805397754],[132.27170810644407,33.177238224964185],[132.26855180262362,33.173022161843335],[132.26567328139686,33.17405566723528],[132.266986939096,33.18007438722327],[132.26604452693346,33.183690332742685],[132.26339182906975,33.18467358581739]]],[[[132.3759686903029,33.18439461342075],[132.37624875537585,33.18453480243926],[132.37599861164665,33.184728829372034],[132.37577243844737,33.184602305552005],[132.3759686903029,33.18439461342075]]],[[[132.36746027187417,33.18479389172478],[132.36730788625005,33.184760667171076],[132.36737564207226,33.18467341404687],[132.36757094694167,33.18472130564379],[132.36746027187417,33.18479389172478]]],[[[132.39815389138903,33.185381667030356],[132.39815389138903,33.18555638731749],[132.39797972778229,33.1854999998252],[132.39815389138903,33.185381667030356]]],[[[132.46403878116485,33.18603608120026],[132.4638031911644,33.186198306306835],[132.46336710810567,33.18598472091821],[132.46343160838205,33.1856729997092],[132.46403878116485,33.18603608120026]]],[[[132.41979788586377,33.18622882929708],[132.41914165955995,33.18584677480885],[132.419971115075,33.185871278636625],[132.41979788586377,33.18622882929708]]],[[[132.27375958503683,33.18662797270281],[132.2736165496641,33.18660674780324],[132.27366160839654,33.18644494627728],[132.27377830082798,33.186486774645005],[132.27375958503683,33.18662797270281]]],[[[132.2735447208123,33.18655230644384],[132.27357678344185,33.186700252114974],[132.27334180318178,33.186516919020676],[132.27345374809204,33.18644549486373],[132.2735447208123,33.18655230644384]]],[[[132.39568369564608,33.18709263981356],[132.39568055791153,33.18693658585482],[132.3959086115932,33.18694002666098],[132.395772165553,33.187097720983104],[132.39568369564608,33.18709263981356]]],[[[132.50664683498348,33.18657808101369],[132.5067895591909,33.1871794135991],[132.50630680941174,33.187220161881044],[132.50599788599368,33.18681622508876],[132.50664683498348,33.18657808101369]]],[[[132.36841011693343,33.187320667414895],[132.3693017767556,33.18334294622002],[132.37259666700265,33.18599425193321],[132.36841011693343,33.187320667414895]]],[[[132.41877535669744,33.18782091890034],[132.4188011672402,33.187890612761635],[132.41869233488342,33.1879994676014],[132.4186235799143,33.187955559101795],[132.41865802934467,33.187825107942444],[132.41877535669744,33.18782091890034]]],[[[132.36755472137338,33.187993891804695],[132.36758165966592,33.18810666678928],[132.367367224418,33.18808972086396],[132.36734722439496,33.188027774662146],[132.36755472137338,33.187993891804695]]],[[[132.27079856000557,33.1882091346439],[132.27077338528352,33.18612610783367],[132.2729201686309,33.18641913483526],[132.27079856000557,33.1882091346439]]],[[[132.39499221771678,33.188722224850835],[132.39469082971812,33.18872777456721],[132.39467055809985,33.18863194640727],[132.39493194605257,33.18856444059651],[132.39499221771678,33.188722224850835]]],[[[132.41353616096512,33.18852294587731],[132.4136314396393,33.18858313480388],[132.41338031115254,33.18879464006062],[132.41336477266623,33.188680532280785],[132.41353616096512,33.18852294587731]]],[[[132.41373924766822,33.18877166687895],[132.41395219184028,33.18845058642546],[132.41411144019082,33.18858969355955],[132.41373924766822,33.18877166687895]]],[[[132.41498830076955,33.18885369404279],[132.41497849456198,33.18896282857173],[132.41486250270236,33.18898082940183],[132.41486394341632,33.18886210809984],[132.41498830076955,33.18885369404279]]],[[[132.26166272415549,33.18905061319532],[132.26153330721638,33.189098386981016],[132.26132282718675,33.18896941430705],[132.26123422777744,33.18883402676897],[132.26155819685334,33.188973440571885],[132.26166272415549,33.18905061319532]]],[[[132.2601139171236,33.1891730540932],[132.25996060969442,33.18909149457687],[132.26020063605063,33.18899449460031],[132.2601139171236,33.1891730540932]]],[[[132.25976761338472,33.18928161305604],[132.25970063637533,33.189040413983946],[132.25995038889937,33.18916122531033],[132.25976761338472,33.18928161305604]]],[[[132.4162414790611,33.18914005437006],[132.4161123867773,33.189302775003114],[132.415994253632,33.18926374802362],[132.4162414790611,33.18914005437006]]],[[[132.26909238690416,33.18936689216838],[132.26889936361476,33.18930972136661],[132.26892844409247,33.1891977746576],[132.26910208789116,33.18929649503724],[132.26909238690416,33.18936689216838]]],[[[132.4087574972608,33.189258054415745],[132.4086302719695,33.18943805372328],[132.40856333273166,33.18933110814419],[132.4087574972608,33.189258054415745]]],[[[132.25946775603222,33.189867197613125],[132.25929775628651,33.18973361321571],[132.25941852084816,33.18957964028823],[132.25965403440625,33.18964697342915],[132.25982902718795,33.18958955891105],[132.2598485856438,33.189838000223574],[132.25954858619832,33.18969633271962],[132.25946775603222,33.189867197613125]]],[[[132.43626144001348,33.190159053697414],[132.4361982230696,33.18998374795166],[132.4364364984457,33.189940774747015],[132.4364409213115,33.19014889225764],[132.43626144001348,33.190159053697414]]],[[[132.43558978044405,33.19023227919638],[132.43556483774717,33.18991230580832],[132.43574130991362,33.18995941409571],[132.43558978044405,33.19023227919638]]],[[[132.39663306136674,33.190158891819465],[132.39658639374716,33.19032222489079],[132.39645888516952,33.19018138656179],[132.39663306136674,33.190158891819465]]],[[[132.26171080371068,33.190705586094],[132.2606446430359,33.189020162150825],[132.26207747079866,33.18915963980561],[132.26417783384,33.18915966678526],[132.26487455301822,33.188230134713024],[132.26914605664524,33.18850255914583],[132.2686249157074,33.18971236043711],[132.2661542801959,33.18872455859156],[132.26171080371068,33.190705586094]]],[[[132.41759983126724,33.19139538678775],[132.41728072572494,33.19139500007924],[132.4173096632104,33.191338251958825],[132.41759983126724,33.19139538678775]]],[[[132.46121444858795,33.19192361258473],[132.461046939065,33.192013891927616],[132.4607991704454,33.19200833321804],[132.4610202723677,33.19182805422139],[132.46121444858795,33.19192361258473]]],[[[132.39680749656873,33.1921249995691],[132.3969949944235,33.192169999845646],[132.39694138763502,33.192327775106776],[132.39675389067952,33.192231946047514],[132.39680749656873,33.1921249995691]]],[[[132.50722841755749,33.192498161560934],[132.5069428657207,33.19230336031188],[132.5071531128259,33.1921801621848],[132.50739216611566,33.192383694052296],[132.50722841755749,33.192498161560934]]],[[[132.2605552792029,33.193231135108874],[132.2602906995562,33.19340846792653],[132.26005080360176,33.19307963981356],[132.26032994776892,33.193064252413365],[132.2605552792029,33.193231135108874]]],[[[132.43649839158752,33.19505753227935],[132.4362922831624,33.195032080566136],[132.43640824894158,33.19491827855575],[132.43649839158752,33.19505753227935]]],[[[132.43590710802664,33.19515866733866],[132.4358157719804,33.19511866729272],[132.43588658909482,33.19500938707358],[132.43597438361098,33.19509919786975],[132.43590710802664,33.19515866733866]]],[[[132.46693469527997,33.19488941391535],[132.46713058380942,33.195188053585866],[132.4666434759157,33.19530325224332],[132.46638341086577,33.195002748278284],[132.46693469527997,33.19488941391535]]],[[[132.39682722409714,33.1961247208792],[132.3968138907485,33.19627110802526],[132.39663277628165,33.19627110802526],[132.39668639386207,33.19613582930515],[132.39682722409714,33.1961247208792]]],[[[132.3906096891859,33.19698105443217],[132.3905039433024,33.1969139731014],[132.39059783432265,33.196732197632855],[132.39077297009658,33.19687897328606],[132.3906096891859,33.19698105443217]]],[[[132.39543389096139,33.19735833262098],[132.39540027160535,33.197471107605566],[132.39523277557225,33.19747666721446],[132.3953266665925,33.19734138669571],[132.39543389096139,33.19735833262098]]],[[[132.41936805399257,33.19730833301321],[132.4194080540385,33.19747722479411],[132.41918722371145,33.19744333294352],[132.41923389133103,33.19730833301321],[132.41936805399257,33.19730833301321]]],[[[132.36354616062692,33.19934880210559],[132.36345403407643,33.200039585758304],[132.36335797658944,33.200034054028436],[132.36345702971823,33.19937908137956],[132.36354616062692,33.19934880210559]]],[[[132.4618636961527,33.20099713530959],[132.46172472121896,33.20108013464056],[132.46154058413072,33.20092608077408],[132.4620101687343,33.200827197617116],[132.4618636961527,33.20099713530959]]],[[[132.4989474448688,33.20221689209592],[132.49876713439585,33.20216977481533],[132.49867191957344,33.201956252379205],[132.49884878114642,33.20200449471173],[132.4989474448688,33.20221689209592]]],[[[132.36279236057908,33.203238225164],[132.36237472081677,33.20308210825277],[132.36172243804015,33.20248402671649],[132.36130055797446,33.20180416173275],[132.3613377818133,33.20178430560128],[132.3617197283828,33.20241099996775],[132.36239282686756,33.20303877531927],[132.36282669309742,33.203156198000215],[132.36279236057908,33.203238225164]]],[[[132.3696670822701,33.20348963963522],[132.36989713424543,33.20314246805049],[132.3702813102343,33.20339069442508],[132.3696670822701,33.20348963963522]]],[[[132.45808533127308,33.20450602733132],[132.45802367105568,33.20487333293801],[132.4579248121804,33.20485936017138],[132.45798119337746,33.204499694305525],[132.45808533127308,33.20450602733132]]],[[[132.45799380007384,33.204935387058526],[132.45791016941882,33.20529405377761],[132.45780652435167,33.205274053754636],[132.4578911145834,33.20491755889827],[132.45799380007384,33.204935387058526]]],[[[132.42509499433856,33.2053080544232],[132.42488055819126,33.2053305590581],[132.4249811149865,33.20520082915499],[132.42509499433856,33.2053080544232]]],[[[132.45790016895774,33.20532263962815],[132.45781405977107,33.20567902656586],[132.45770856030185,33.20566505379924],[132.4577905317077,33.20530691857948],[132.45790016895774,33.20532263962815]]],[[[132.39144499389147,33.206760829149005],[132.39151055806587,33.20698277463538],[132.39139693861785,33.207014440663954],[132.391288885074,33.206811945714776],[132.39144499389147,33.206760829149005]]],[[[132.50833333271714,33.2070107750273],[132.50761566832853,33.2066148646843],[132.50765639412737,33.20656694610773],[132.50833333271714,33.2070107750273]]],[[[132.339382022962,33.20735841425949],[132.33923810625367,33.20735708056486],[132.33922564165016,33.207261891822895],[132.33937325637078,33.207245972923374],[132.339382022962,33.20735841425949]]],[[[132.39057011721718,33.20709164026704],[132.39062654967563,33.20736725189721],[132.39030474706647,33.20730044126242],[132.39057011721718,33.20709164026704]]],[[[132.3867355510049,33.20727582861667],[132.38683444855099,33.20737527924581],[132.3866541632591,33.207408054138455],[132.38659583682852,33.20730694605879],[132.3867355510049,33.20727582861667]]],[[[132.46801199675633,33.207653613123796],[132.46798603063087,33.20704277470435],[132.46850377393014,33.20740500004075],[132.46801199675633,33.207653613123796]]],[[[132.33819243843038,33.20782425228748],[132.33812119323852,33.20773769433919],[132.33827666713455,33.20768080232722],[132.3383567436689,33.20777658642038],[132.33819243843038,33.20782425228748]]],[[[132.4702801427145,33.207596161733534],[132.4699230866812,33.207899666736296],[132.469814423397,33.20774555891046],[132.4702801427145,33.207596161733534]]],[[[132.38733360556148,33.207751387416636],[132.38749472090467,33.20779027859851],[132.38737832704817,33.20792416157087],[132.38724250333894,33.20785222480038],[132.38733360556148,33.207751387416636]]],[[[132.38787111505997,33.20796972122571],[132.38789221765182,33.2080838919581],[132.38770610924962,33.2080561083028],[132.38773527876015,33.20797777465464],[132.38787111505997,33.20796972122571]]],[[[132.4992828659116,33.208333333316716],[132.49810700413502,33.207819081185676],[132.49868588784352,33.20609289187354],[132.5002052789505,33.2062334136412],[132.4992828659116,33.208333333316716]]],[[[132.3832091698673,33.20815369373804],[132.38269238704413,33.20846289234868],[132.3823803888439,33.20816949482639],[132.382837561904,33.20774161268531],[132.3832091698673,33.20815369373804]]],[[[132.3528119462144,33.20842999964481],[132.35266583695886,33.208443332993454],[132.35266333324626,33.20833972120124],[132.35288722396626,33.208333333316716],[132.3528119462144,33.20842999964481]]],[[[132.34839413727968,33.208862559159854],[132.3482719463933,33.2087282517075],[132.34841905299697,33.20863961272801],[132.34846744461697,33.208809613373035],[132.34839413727968,33.208862559159854]]],[[[132.39074199744528,33.20862722456684],[132.39016114062417,33.20899980199931],[132.38896941570601,33.20801233290291],[132.3905409728876,33.20748780242019],[132.39074199744528,33.20862722456684]]],[[[132.3368082487018,33.20930769389503],[132.33667457796946,33.208265413817855],[132.3379559140343,33.20788849535785],[132.33756983058333,33.20888455927502],[132.3368082487018,33.20930769389503]]],[[[132.43376372231796,33.21156566672221],[132.43369588825465,33.21158025192716],[132.433470856295,33.21097916215865],[132.4335410510787,33.21095510799188],[132.43376372231796,33.21156566672221]]],[[[132.47418888500908,33.21154527909141],[132.47427583686044,33.21174249502019],[132.47406138812266,33.21173110780444],[132.47418888500908,33.21154527909141]]],[[[132.47490861244262,33.21177749483559],[132.47507250309366,33.211931108034264],[132.47493277632668,33.2120430538439],[132.47477444888182,33.21184082869132],[132.47490861244262,33.21177749483559]]],[[[132.4343297798955,33.21229977521449],[132.4341853307884,33.2122732793884],[132.43397693898464,33.212113054374015],[132.4342009214355,33.212114972627944],[132.4343297798955,33.21229977521449]]],[[[132.47744124541725,33.21385933274206],[132.4772114398561,33.21385316159416],[132.47692622616444,33.213631801566464],[132.4770652271785,33.213506748137945],[132.47744124541725,33.21385933274206]]],[[[132.36818044087477,33.21409553158355],[132.36800294438046,33.21400366673589],[132.36823516192328,33.21391994614862],[132.36818044087477,33.21409553158355]]],[[[132.36841408564158,33.21487505404059],[132.368140078402,33.214861108253615],[132.3681681453437,33.21479838683615],[132.3683960569325,33.21481905415607],[132.36841408564158,33.21487505404059]]],[[[132.43563272397114,33.2139741617782],[132.43478069996934,33.214084162354254],[132.4351152531665,33.21325963962073],[132.43563272397114,33.2139741617782]]],[[[132.52326014334096,33.215267829346885],[132.52322613457852,33.215312162326484],[132.522895550989,33.215149919233454],[132.5229323350593,33.21510794607491],[132.52326014334096,33.215267829346885]]],[[[132.51072450143465,33.21539733262085],[132.5102634109278,33.215174135278176],[132.51072379996344,33.21491974764831],[132.51072450143465,33.21539733262085]]],[[[132.49148077771576,33.22015480200258],[132.4852842275851,33.21663827923328],[132.48377555100092,33.2195804409846],[132.48170014324705,33.21658680203933],[132.48539330725544,33.21515191932565],[132.4883854991915,33.21535016228023],[132.48825350209756,33.217503386572105],[132.49148077771576,33.22015480200258]]],[[[132.51177518837426,33.22044833262453],[132.51106605675318,33.22001461298407],[132.51203269755104,33.21975974781418],[132.51177518837426,33.22044833262453]]],[[[132.3648243319774,33.22052516170692],[132.36476311332706,33.22056802699291],[132.3645105063548,33.22029761344413],[132.36457844384017,33.22025477513779],[132.3648243319774,33.22052516170692]]],[[[132.36529832685642,33.22104874790142],[132.36524625161326,33.22108038695035],[132.3647831133501,33.22058522472838],[132.36483741891186,33.220555494940186],[132.36529832685642,33.22104874790142]]],[[[132.36677955882965,33.22127538694957],[132.36659630397628,33.22126972122072],[132.36665783379203,33.22115472131338],[132.36677955882965,33.22127538694957]]],[[[132.36566228338768,33.22154716207194],[132.36569549894818,33.2212654953064],[132.3662712188417,33.22120241416013],[132.36566228338768,33.22154716207194]]],[[[132.3750591438644,33.221628467979485],[132.3770314137688,33.21719738684999],[132.3684116080094,33.21370682930677],[132.3651073666117,33.21112325243621],[132.36525116730763,33.207639161917825],[132.35405302232914,33.20398682892909],[132.35754464287106,33.199729081332066],[132.35667933858065,33.19434649499482],[132.3588545009345,33.19318002663698],[132.35765686117531,33.189145694018634],[132.36372894873205,33.18782769439264],[132.36524442329153,33.18948030567162],[132.36066939038017,33.193921639971734],[132.36030377370025,33.196390305967896],[132.36271933922615,33.19894369439601],[132.36092549931243,33.20217769424522],[132.3617583659559,33.203075640328564],[132.3635768607836,33.203803585766934],[132.36821632922033,33.20441830566034],[132.37544788571142,33.20825827859676],[132.38035221798054,33.208232387115004],[132.3827280289754,33.211640721442166],[132.37998849527287,33.21507453176429],[132.38017152979228,33.21810108139982],[132.3750591438644,33.221628467979485]]],[[[132.3684002459746,33.22200327932791],[132.36789680909055,33.22128255904289],[132.36871389083342,33.2214255323625],[132.3684002459746,33.22200327932791]]],[[[132.3657577823958,33.22216944076712],[132.36577138823907,33.22240610815544],[132.36557722370992,33.22232166721125],[132.3657577823958,33.22216944076712]]],[[[132.36008394341934,33.224804440872276],[132.3601961347439,33.22481808088975],[132.36025852071418,33.22491622480396],[132.36000778163384,33.22490135990989],[132.36008394341934,33.224804440872276]]],[[[132.36013111465923,33.224941108145686],[132.36021416255358,33.22505110782242],[132.3600308303586,33.22504805372478],[132.36013111465923,33.224941108145686]]],[[[132.35245574633564,33.228293775337534],[132.352714695327,33.228378081383426],[132.35268063620242,33.22849844125011],[132.35236730160977,33.22842953159767],[132.35245574633564,33.228293775337534]]],[[[132.36190228266423,33.23202022505342],[132.36009756185308,33.23162308084056],[132.36086644622958,33.22512880205261],[132.36418564155417,33.22382502700344],[132.36190228266423,33.23202022505342]]],[[[132.5144861092466,33.23673386507585],[132.51445289188746,33.23668082935683],[132.5145641632056,33.23655491887445],[132.51464027193106,33.23665697304091],[132.5144861092466,33.23673386507585]]],[[[132.47946175135883,33.238194667150196],[132.48054522668087,33.23601125171797],[132.4842752269202,33.23511938685027],[132.48396968855036,33.23704530569637],[132.48073544678346,33.23705572074499],[132.47946175135883,33.238194667150196]]],[[[132.5161922436772,33.23935361267911],[132.51618466868763,33.23921116186568],[132.51635697789231,33.239263495214175],[132.5161922436772,33.23935361267911]]],[[[132.4810961090982,33.23973822483924],[132.48109766492541,33.23989713504477],[132.48094444922697,33.239890134721975],[132.48096321717878,33.23973858636674],[132.4810961090982,33.23973822483924]]],[[[132.48048557734762,33.2405333604263],[132.4805682493253,33.240602747618766],[132.4804786120983,33.2406936402993],[132.48035041464004,33.24058380160119],[132.48048557734762,33.2405333604263]]],[[[132.51775094684876,33.2411581077605],[132.514770389442,33.235705612623974],[132.50747966295614,33.22904553212567],[132.51116228331284,33.22747213493113],[132.52017185524699,33.2179043600982],[132.52245891124983,33.22141072142773],[132.52955613510767,33.22274330625862],[132.53389408604335,33.22447730618279],[132.53438538297905,33.22769736024503],[132.52623795062095,33.238484918843994],[132.5229290786142,33.23792561337643],[132.51775094684876,33.2411581077605]]],[[[132.46841778165538,33.255113054324056],[132.46842527930323,33.25521749529122],[132.4682861092166,33.255244161988514],[132.46822749680155,33.2551911082831],[132.46841778165538,33.255113054324056]]],[[[132.47593163443742,33.25846305412671],[132.47588946792462,33.25891241387683],[132.47533847039415,33.25899863997529],[132.47533211398593,33.258965721191146],[132.47584022015008,33.25887382936378],[132.47587769130246,33.258461413763314],[132.47593163443742,33.25846305412671]]],[[[132.5028057199081,33.26725241356809],[132.5026070299905,33.26768963966521],[132.50253700427936,33.26766719798286],[132.50273569419699,33.26722994580541],[132.5028057199081,33.26725241356809]]],[[[132.47876930036296,33.27031894616249],[132.47873243805168,33.27032113511234],[132.47867430587462,33.269633748199],[132.47871116728663,33.26963153226944],[132.47876930036296,33.27031894616249]]],[[[132.5079681971746,33.30603782888272],[132.50810282658426,33.3061004675626],[132.50796630410173,33.30620358562703],[132.50779858593603,33.30607438722325],[132.5079681971746,33.30603782888272]]],[[[132.52097333285315,33.313802775078045],[132.5211074973132,33.31388722501549],[132.520852502641,33.31398861278433],[132.52080555083558,33.31386472127991],[132.52097333285315,33.313802775078045]]],[[[132.34373871576918,33.38082590978797],[132.34390482504773,33.377799936617805],[132.34853428043277,33.37267458606334],[132.35339152959546,33.37430544993663],[132.35721208796758,33.37229927918844],[132.3577252267379,33.36951973015147],[132.3631950841858,33.373193198107685],[132.36398815762743,33.376218252170645],[132.35772268525375,33.37837887428566],[132.35034696474065,33.37776898195301],[132.34454600479432,33.37877309030591],[132.34373871576918,33.38082590978797]]],[[[132.3421553828647,33.39599824342423],[132.33868727599702,33.39556541411264],[132.3355107518198,33.39129345003272],[132.3419133977851,33.387360739006965],[132.34349974072052,33.3918453064158],[132.34632422798074,33.39522974755488],[132.3421553828647,33.39599824342423]]],[[[132.3954672504134,33.39853126130873],[132.39536500559063,33.399084595277884],[132.3951190401117,33.39905255872867],[132.3952213883565,33.39849923375266],[132.3954672504134,33.39853126130873]]],[[[132.33975405990202,33.40055125193879],[132.33840347603962,33.3991785951161],[132.33958025872198,33.39910972143656],[132.33975405990202,33.40055125193879]]],[[[132.34007158173813,33.400513278964695],[132.34025185533892,33.40058986523013],[132.340067004189,33.400681721084595],[132.34007158173813,33.400513278964695]]],[[[132.383082776449,33.40349500009421],[132.38270693897414,33.403540000370754],[132.38272693899705,33.40311777496538],[132.38333778191316,33.403134720890705],[132.383082776449,33.40349500009421]]],[[[132.3867205584071,33.40383889185142],[132.3860361086795,33.40369805442174],[132.38620389069706,33.40336582867013],[132.38657306059838,33.40352361292446],[132.3867205584071,33.40383889185142]]],[[[132.3876086641086,33.42295177500449],[132.38656988329353,33.42374208123209],[132.38652761335868,33.42294397338571],[132.3876086641086,33.42295177500449]]],[[[132.35745176358807,33.43776692760167],[132.35757166030396,33.43780842322019],[132.35765348871757,33.43790772995783],[132.3574803629284,33.4379317391585],[132.35745176358807,33.43776692760167]]],[[[132.35748561586854,33.43838386522327],[132.35709245115572,33.43848131486084],[132.3569875362458,33.43827261279091],[132.35737592735723,33.43827655901606],[132.35748561586854,33.43838386522327]]],[[[132.35756006534484,33.43863619790227],[132.35757671899046,33.4387847659043],[132.35731194598952,33.43873553161956],[132.35734542235343,33.43860230605162],[132.35756006534484,33.43863619790227]]],[[[132.35743407302414,33.4389937116905],[132.3575170426774,33.439137468319586],[132.35737107731347,33.43912296405358],[132.35743407302414,33.4389937116905]]],[[[132.3688100391521,33.44036002739341],[132.36344591409772,33.43924506320917],[132.364931711929,33.43765313458454],[132.3688100391521,33.44036002739341]]],[[[132.38078958527126,33.4680756129992],[132.3807599220329,33.46839025160887],[132.3806744225866,33.46838458587996],[132.38070408582496,33.46806997335062],[132.38078958527126,33.4680756129992]]],[[[132.380841894338,33.4687310811745],[132.3807594417949,33.46874677524352],[132.38067586330055,33.46843827900341],[132.3807583266355,33.46842258583371],[132.380841894338,33.4687310811745]]],[[[132.3642202330774,33.51827415263011],[132.36425316535133,33.51845621588171],[132.36407175141028,33.518425702783986],[132.3642202330774,33.51827415263011]]],[[[132.37052164685656,33.521895621785575],[132.3703731516997,33.52182537843851],[132.37048509660997,33.521718476926196],[132.37066853402564,33.52181707230011],[132.37052164685656,33.521895621785575]]],[[[132.38740188119198,33.52969571168779],[132.38820680859737,33.52972232442579],[132.38820732840554,33.529774450030914],[132.38740188119198,33.52969571168779]]],[[[132.3839855123216,33.530031666927925],[132.38405202258286,33.53013387397914],[132.38395016896516,33.53021879336268],[132.38381412492197,33.5300649193606],[132.3839855123216,33.530031666927925]]],[[[132.41433634174882,33.544685009006],[132.41473870292884,33.54474687426887],[132.41469027173866,33.54488304511648],[132.41433634174882,33.544685009006]]],[[[132.41217326808192,33.544787288002965],[132.4121851364349,33.544905324021556],[132.41193080366372,33.54490543194021],[132.41182185529442,33.54476734193935],[132.41217326808192,33.544787288002965]]],[[[132.41689470792448,33.54533143180021],[132.4166060048633,33.545712720965355],[132.41644088214105,33.545605522676794],[132.41689470792448,33.54533143180021]]],[[[133.26253766538105,33.96356577544026],[133.2625145267241,33.96375589212079],[133.2624103366678,33.96374705358369],[133.2624335283847,33.96355697287606],[133.26253766538105,33.96356577544026]]],[[[133.26245538280978,33.96379733288069],[133.26248756235123,33.96399686456368],[133.26238219238428,33.96398580200321],[133.26245538280978,33.96379733288069]]],[[[133.36981272367836,33.980950945829534],[133.37038277604438,33.980982306088606],[133.3703783010178,33.98110049499189],[133.36981272367836,33.980950945829534]]],[[[133.37130744458295,33.98110155888986],[133.37127600518352,33.981231224941155],[133.37075741921956,33.98114719768506],[133.3707852271566,33.9810231353095],[133.37130744458295,33.98110155888986]]],[[[133.37207416339197,33.981367531586386],[133.3720103106274,33.98148574836864],[133.37142603098664,33.9812642786236],[133.37148516231048,33.98114516161996],[133.37207416339197,33.981367531586386]]],[[[133.29260133588298,33.98518749460726],[133.29116102486148,33.98571438670962],[133.29113282661876,33.98565397295255],[133.29260133588298,33.98518749460726]]],[[[133.3311465503731,33.99274430620483],[133.3311214790731,33.99281197299422],[133.32927654957314,33.99250674758838],[133.32924930011518,33.99243702674744],[133.3311465503731,33.99274430620483]]],[[[133.35425861164572,33.993199053793376],[133.3539866413705,33.99232727888085],[133.3540726983964,33.992310081145376],[133.35425861164572,33.993199053793376]]],[[[133.36727389077748,34.007814720572924],[133.3661505584016,34.0057444407534],[133.36038544723067,34.00371253230759],[133.35522055798242,34.00547805436878],[133.35082944182534,34.00188555867163],[133.35055250279584,33.99644194613893],[133.35845610916215,33.994600279379426],[133.36065194603054,33.989900693961886],[133.36887294383132,33.99405422542219],[133.369872775908,34.00505305365556],[133.36727389077748,34.007814720572924]]],[[[133.1666666671331,33.9408325230026],[133.16542929982245,33.94163626060498],[133.16538028497223,33.94159061281658],[133.1666666671331,33.9408325230026]]],[[[133.08751286602603,33.95302686499787],[133.08752577219673,33.95268672071563],[133.0877673282996,33.95266910839268],[133.08751286602603,33.95302686499787]]],[[[133.10549555137868,33.95288605364851],[133.10163325636972,33.94971513494556],[133.10166630375693,33.949675305770825],[133.10549555137868,33.95288605364851]]],[[[133.08715089519774,33.95378477494745],[133.08710817110523,33.95416222490678],[133.0869831392605,33.95448586483087],[133.08687841770484,33.954330360357915],[133.0869989754225,33.95422191920625],[133.08705372165196,33.95380391881588],[133.08715089519774,33.95378477494745]]],[[[133.11212469519853,33.955026531849],[133.11208719796582,33.9529854413251],[133.11459033677465,33.95153961296285],[133.11465577234605,33.95162522482434],[133.11220791216545,33.953038972570596],[133.11212469519853,33.955026531849]]],[[[133.10687455291838,33.95402453240632],[133.1098692476677,33.95650225187745],[133.10983092126003,33.956546801593674],[133.10682555065875,33.95406630591532],[133.10687455291838,33.95402453240632]]],[[[133.0737553314434,33.97251113488102],[133.07371452740358,33.9732762250178],[133.07362494233723,33.973270026890305],[133.0737553314434,33.97251113488102]]],[[[132.44132691280686,33.575269413952356],[132.44131600492972,33.575340134839394],[132.44002922167135,33.57518244141659],[132.4400416341142,33.5751169725703],[132.44132691280686,33.575269413952356]]],[[[132.45065739342408,33.584937829217495],[132.4504566926223,33.5849123873968],[132.45050535673693,33.584796586193534],[132.45064177669667,33.58483046815161],[132.45065739342408,33.584937829217495]]],[[[132.4510519970521,33.58510186465935],[132.45103072628706,33.58524861333291],[132.4507986121663,33.58516294571342],[132.4510519970521,33.58510186465935]]],[[[132.47833583702936,33.61666666733288],[132.4787810509048,33.61728835967011],[132.47860313892375,33.617368586391194],[132.47833583702936,33.61666666733288]]],[[[132.49652869034685,33.630988612834244],[132.49202444936896,33.6282849458936],[132.4920687553688,33.628225667080926],[132.49652869034685,33.630988612834244]]],[[[132.48482861215075,33.73877082941033],[132.47633888523148,33.73726694621263],[132.4793574965513,33.73458277477528],[132.4912384949606,33.73584091912318],[132.48482861215075,33.73877082941033]]],[[[132.58125481225989,33.65445949461002],[132.57910189373752,33.654079558924536],[132.5791139428543,33.65400846841612],[132.58120014337203,33.654381586341174],[132.58125481225989,33.65445949461002]]],[[[132.6195567826195,33.67862613508811],[132.61810552505005,33.67800274842813],[132.61814408618068,33.67793777510826],[132.6195567826195,33.67862613508811]]],[[[132.6242813880757,33.680032413964796],[132.62425610903222,33.68010638680039],[132.6225959137705,33.67965010766636],[132.62261561611786,33.67957997313732],[132.6242813880757,33.680032413964796]]],[[[132.63368466881252,33.68668025199207],[132.63390691287384,33.68685230578933],[132.63384341084475,33.68701113505591],[132.633589442299,33.68695819826229],[132.63368466881252,33.68668025199207]]],[[[132.63690075236786,33.68981480211147],[132.63753527893005,33.68964064030337],[132.63804671888101,33.68909435971699],[132.63811302229817,33.689145828817004],[132.63758263273235,33.68970397325978],[132.63690075236786,33.68981480211147]]],[[[133.49577975363275,33.97096441427635],[133.4961186901255,33.97104116241974],[133.4960666409628,33.97112944077111],[133.49577975363275,33.97096441427635]]],[[[133.47194688663956,33.977026162327604],[133.47187189397278,33.97702786474423],[133.47174953311458,33.97526164031251],[133.47182418943487,33.97526102697486],[133.47194688663956,33.977026162327604]]],[[[133.5432977559867,33.99260244085002],[133.54455133627516,33.99261802700039],[133.54455027237725,33.99267213471131],[133.5432977559867,33.99260244085002]]],[[[133.5429894935703,33.988785162305476],[133.5429094161367,33.99267597301781],[133.54285527874822,33.99267516182931],[133.5429353570811,33.988784468028825],[133.5429894935703,33.988785162305476]]],[[[133.5350187806922,33.99841936016537],[133.53347572032828,34.00329622534059],[133.53341297013253,34.00337025213548],[133.5357779766723,33.99588549511958],[133.53581005189244,33.995960864602296],[133.5350187806922,33.99841936016537]]],[[[133.53711472086775,34.00601689216592],[133.54297635537455,34.011691305809165],[133.5429434500802,34.01171477541658],[133.53709263261896,34.00605069408431],[133.53711472086775,34.00601689216592]]],[[[133.57065566772496,34.02790908063963],[133.569852607312,34.026890081312274],[133.56991313888034,34.02676122465084],[133.57065566772496,34.02790908063963]]],[[[133.58333333326675,34.0311191980926],[133.58370703035519,34.031818613438304],[133.5835540862521,34.031874802180425],[133.58333333326675,34.0311191980926]]],[[[133.58432933872803,34.03305338710419],[133.58419464276858,34.03309974805501],[133.58375128419448,34.03220744072087],[133.58388605659627,34.03216099973042],[133.58432933872803,34.03305338710419]]],[[[132.48654888482326,33.307935278790126],[132.48655555059827,33.308053613383606],[132.48632083024222,33.308053613383606],[132.48636111537326,33.30790722533823],[132.48654888482326,33.307935278790126]]],[[[132.4967810248245,33.31254508129052],[132.49636855976132,33.31249916190683],[132.49646958510334,33.31233727944192],[132.4967810248245,33.31254508129052]]],[[[132.48412669309243,33.31502753209497],[132.48466574582756,33.31350891890156],[132.48705868980676,33.31336344097008],[132.4851890010716,33.314899558567845],[132.48412669309243,33.31502753209497]]],[[[132.4771009986123,33.31666661307378],[132.47681425427447,33.31639353213586],[132.47687510959872,33.31612941384145],[132.4771270555692,33.316096531929475],[132.4771009986123,33.31666661307378]]],[[[132.3726917514233,33.317579360199375],[132.3727727497627,33.31764308076362],[132.37270011691692,33.31772541369696],[132.37258894902084,33.31761849509752],[132.3726917514233,33.317579360199375]]],[[[132.38620089505537,33.318147891811805],[132.3860978075678,33.318209945932324],[132.3859895849514,33.31814025207103],[132.38613369591337,33.31806997275112],[132.38620089505537,33.318147891811805]]],[[[132.36982321716778,33.32848013534999],[132.36946435799382,33.328409613213125],[132.36955613470786,33.32803686490945],[132.36999538338034,33.328089531906414],[132.36982321716778,33.32848013534999]]],[[[132.37424527899645,33.33733055875831],[132.374084162754,33.337612224624536],[132.3738291698803,33.337398053777235],[132.37424527899645,33.33733055875831]]],[[[132.3761269386074,33.338326387053144],[132.3758005584491,33.33822905432743],[132.37580852104645,33.3378923598446],[132.3762692221469,33.33805197331998],[132.3761269386074,33.338326387053144]]],[[[132.37763758830408,33.33909336037033],[132.37730358009617,33.33895725157595],[132.3776427755937,33.338494278788005],[132.37792289192794,33.33860610768579],[132.37763758830408,33.33909336037033]]],[[[132.38239444884482,33.34776522518507],[132.3809908562431,33.34571427899084],[132.37767016894315,33.34454027881088],[132.37874669340522,33.343203585876836],[132.3804128655613,33.34441138707592],[132.38239444884482,33.34776522518507]]],[[[132.38251455330408,33.34785577522388],[132.38264841828993,33.34794327925897],[132.38263263338933,33.34809682860583],[132.3824386640132,33.347961306169395],[132.38251455330408,33.34785577522388]]],[[[132.38333333296703,33.34871882941047],[132.38373330734635,33.34930963992798],[132.38366869015795,33.34934674775428],[132.38333333296703,33.34871882941047]]],[[[132.3845716076936,33.35000000000008],[132.38531639383655,33.35078782859546],[132.38525600526054,33.35083997308635],[132.3845716076936,33.35000000000008]]],[[[132.38474488996474,33.351271531655925],[132.38483544719816,33.35133722533271],[132.38482625163022,33.35142816208008],[132.38468063610253,33.35138977541783],[132.38474488996474,33.351271531655925]]],[[[132.38571708227755,33.35193819818937],[132.38535708186384,33.35182246803254],[132.3852047214208,33.35142541375188],[132.38572778241132,33.35139466683046],[132.38571708227755,33.35193819818937]]],[[[132.40414258121518,33.36078174807926],[132.40260800325677,33.35943049512133],[132.4039778344096,33.35911489243841],[132.40414258121518,33.36078174807926]]],[[[132.3842019458632,33.36207838700801],[132.3839629959955,33.36182013499126],[132.38417914355273,33.36180019792084],[132.3842019458632,33.36207838700801]]],[[[132.3838286642615,33.362252279019515],[132.383480337048,33.36210991903761],[132.38367744505808,33.36203391913011],[132.3838286642615,33.362252279019515]]],[[[132.38625878081814,33.36933691866392],[132.38484194569935,33.36811972134814],[132.38060416305177,33.36566602726538],[132.38263019532735,33.36570849505108],[132.38681508434877,33.36830113528919],[132.38625878081814,33.36933691866392]]],[[[132.38621600456497,33.36956386528021],[132.38613041518659,33.370254945709235],[132.38606204872463,33.370248973311504],[132.3861476390024,33.36955791896287],[132.38621600456497,33.36956386528021]]],[[[133.36350639420482,34.16205916240045],[133.36337221805343,34.1623422249138],[133.36308360582382,34.16225055881631],[133.36319166026692,34.162027494573294],[133.36350639420482,34.16205916240045]]],[[[133.32062333310046,34.167432775302416],[133.31757832667847,34.166624441265014],[133.31865888459993,34.16568638721702],[133.32062333310046,34.167432775302416]]],[[[133.35953916989683,34.17403972115625],[133.3589086120429,34.17168110789686],[133.36056000024394,34.165596946042285],[133.36345778225086,34.16295638722755],[133.36621306128382,34.16704582940156],[133.36500333283766,34.169564162256336],[133.35953916989683,34.17403972115625]]],[[[133.3237707003576,34.18043855939203],[133.32269572003156,34.18105805378622],[133.32265810588694,34.18100291904955],[133.32372425397125,34.18037053197452],[133.3237707003576,34.18043855939203]]],[[[133.32013177715987,34.18111069380353],[133.31894622608752,34.18065849489369],[133.31898824870882,34.18059416189112],[133.32013177715987,34.18111069380353]]],[[[133.31612389090492,34.182623054010776],[133.31614250327402,34.18202389238877],[133.31663832739696,34.18217389211151],[133.31612389090492,34.182623054010776]]],[[[133.30936138841741,34.183817774570684],[133.30734555085655,34.17963722477816],[133.31096499383943,34.17838082871231],[133.31736389143055,34.17150082890021],[133.3217225033909,34.17290944061824],[133.32819111462834,34.17355500006323],[133.3279952791588,34.17909638688877],[133.3257147207578,34.18063444072692],[133.32125444943335,34.17895361321871],[133.3169300000195,34.18104027868594],[133.31296444934992,34.180724720969124],[133.30936138841741,34.183817774570684]]],[[[133.27490024624944,34.193068801883726],[133.2748238911098,34.1931074142758],[133.27453177692007,34.19258053206596],[133.27460810597938,34.192552946261515],[133.27490024624944,34.193068801883726]]],[[[133.27228499435705,34.2000552787282],[133.26971250342933,34.19738027857704],[133.2660341629463,34.19722610779871],[133.2652999995954,34.19267555892998],[133.26566333289657,34.18607277513854],[133.26831666658097,34.182499441296216],[133.2764533331549,34.18427416162331],[133.27661639373162,34.18755472117351],[133.27304749714438,34.192889720784024],[133.27228499435705,34.2000552787282]]],[[[133.16046027212394,34.22799610763434],[133.16022277556067,34.227844161778705],[133.16056194587713,34.22758472085826],[133.1607991699458,34.227804721111056],[133.16046027212394,34.22799610763434]]],[[[133.15791250265988,34.23067472126144],[133.15434333267876,34.2295611078589],[133.15294333286863,34.22488972068413],[133.14783555057022,34.22161666687572],[133.14796416261606,34.21723527868522],[133.1527558368125,34.21847472073182],[133.15362430581717,34.22341341429768],[133.1565349939948,34.22455638696772],[133.15626557689495,34.22862549457096],[133.15791250265988,34.23067472126144]]],[[[133.25258499420215,34.232350278742445],[133.2527233333152,34.2324397208165],[133.25269444888977,34.23272638691327],[133.25232610906278,34.23251944121927],[133.25258499420215,34.232350278742445]]],[[[133.2500516597563,34.232643892101976],[133.2502302723093,34.23276666664839],[133.2499169386159,34.23301666738536],[133.24986416280092,34.23267249503965],[133.2500516597563,34.232643892101976]]],[[[133.25966527932928,34.23576555943305],[133.2568088850221,34.23143444064698],[133.26005778214096,34.22923082913951],[133.26330055757478,34.23092166700138],[133.26369277620074,34.23372416224032],[133.25966527932928,34.23576555943305]]],[[[133.14253975420638,34.243773468271],[133.14174247733354,34.24383177491654],[133.14174022003522,34.2437640541678],[133.1425238910648,34.243700107873735],[133.14253975420638,34.243773468271]]],[[[133.14956941559615,34.24447891896699],[133.1495534499319,34.244544413893664],[133.14833075236243,34.24430591908293],[133.14831944158902,34.244226919037146],[133.14956941559615,34.24447891896699]]],[[[133.16374832662405,34.24639277520646],[133.1536052788606,34.2438013868246],[133.15041055780102,34.239791666852],[133.1519058371847,34.23322805393161],[133.15763333331176,34.23463361335064],[133.16246000012893,34.23313472139034],[133.16719138827204,34.23416666735784],[133.16828333340914,34.23749582896937],[133.17207027242523,34.241424162095484],[133.16828805395062,34.245431387348674],[133.16374832662405,34.24639277520646]]],[[[133.13133230933863,34.25000000000006],[133.13171625240318,34.250584161829636],[133.13164780770023,34.250621278649135],[133.13133230933863,34.25000000000006]]],[[[133.21382208801901,34.25176163968797],[133.21317433242962,34.252274532044055],[133.21312364484038,34.25222849484919],[133.21382208801901,34.25176163968797]]],[[[133.1989255512732,34.25424722462975],[133.19901389077847,34.25444444055853],[133.1988713878044,34.254461387383174],[133.19877639421532,34.2542583330557],[133.1989255512732,34.25424722462975]]],[[[133.19316444927995,34.25727833292876],[133.18971591435798,34.25668022531221],[133.18461766487337,34.250100775330566],[133.18463666664888,34.24398805370578],[133.18216055786354,34.24132166726116],[133.1816377819581,34.23649472075482],[133.18295778167635,34.232081946224866],[133.1820033329875,34.22761194603453],[133.18670277631213,34.22930361307135],[133.19180778240332,34.23468055886076],[133.18941888537336,34.23799805356737],[133.19146442304475,34.244226919037146],[133.19600444894627,34.24569833311165],[133.19706999988068,34.25433472057097],[133.19316444927995,34.25727833292876]]],[[[133.1269811149865,34.257981946309826],[133.12699944227052,34.258151946055534],[133.1267927762657,34.258038612591974],[133.1269811149865,34.257981946309826]]],[[[133.18832355428867,34.26435308092999],[133.18790992190543,34.26532377497227],[133.18783817129463,34.26529925225873],[133.18824547334998,34.26432505355842],[133.18832355428867,34.26435308092999]]],[[[133.18597861162368,34.27165666682174],[133.18565277555524,34.271436666568945],[133.18617527896606,34.27125082886272],[133.18597861162368,34.27165666682174]]],[[[133.18504221772423,34.272445559315145],[133.18536778219743,34.27297472130641],[133.18472306092053,34.27301416197406],[133.18450610936952,34.27245666684178],[133.18504221772423,34.272445559315145]]],[[[133.2078572239318,34.274961667247226],[133.20757389072253,34.275155278693205],[133.20689360575534,34.27448555896143],[133.20716389070105,34.274275278581285],[133.2078572239318,34.274961667247226]]],[[[133.20892477315977,34.27711038683492],[133.208665836759,34.27739180179026],[133.20860953290367,34.27735236022329],[133.20886600516212,34.277065748085874],[133.20892477315977,34.27711038683492]]],[[[133.20942394276085,34.27817302666392],[133.20937641988598,34.27822563970159],[133.2089910891675,34.27794938685474],[133.20903610922915,34.27789813539067],[133.20942394276085,34.27817302666392]]],[[[133.16618416286883,34.27810222483788],[133.16636722436795,34.278231945747734],[133.16630639422476,34.278350279441895],[133.1661027760224,34.27832749511788],[133.16618416286883,34.27810222483788]]],[[[133.1415461085661,34.279149441293725],[133.14167972803705,34.27935194613548],[133.14148083037605,34.27944833277439],[133.1413430614332,34.27928027916158],[133.1415461085661,34.279149441293725]]],[[[133.1525027756826,34.28040972063218],[133.1482480543043,34.280201666973426],[133.14318027205195,34.27794472117199],[133.13772499441302,34.27209666732739],[133.1359816990962,34.26648061338966],[133.13247416325214,34.26509861261093],[133.1322201947063,34.25909400028792],[133.1308133330689,34.25644389157242],[133.1328116599302,34.249349441223785],[133.1315655512093,34.24516335970134],[133.13378666712106,34.24103000003453],[133.1402308302886,34.244292225106165],[133.14359795138444,34.24415825220166],[133.15245527888806,34.246035559093855],[133.1589783269883,34.25188638734693],[133.16556902658942,34.255277252343376],[133.16556749684253,34.26062472105406],[133.15798111463675,34.271603891906125],[133.15245527888806,34.277613332689214],[133.1525027756826,34.28040972063218]]],[[[133.17190527920536,34.285616108196905],[133.16831778194012,34.28488722476567],[133.16595360637393,34.28106082889417],[133.16937639370565,34.275517774725586],[133.16679861206637,34.27297777540406],[133.17155944221452,34.26998222539942],[133.1700874966407,34.26554666744482],[133.1727936960723,34.258034278759],[133.17843197135846,34.255812640341105],[133.18047472113153,34.257655279267794],[133.1860875231207,34.25851069371362],[133.1859011152443,34.269203613056334],[133.1838375227835,34.27026410800221],[133.18202469458402,34.27598358577393],[133.1784127762287,34.27722861261043],[133.17616756208338,34.2821119457098],[133.17190527920536,34.285616108196905]]],[[[133.21341972773826,34.2860397212562],[133.21258499410226,34.28597222533796],[133.21294472112208,34.285690278883294],[133.21341972773826,34.2860397212562]]],[[[133.22179089523365,34.28844389237179],[133.22171330712354,34.288442865345985],[133.22171581083603,34.288017000384286],[133.2217971734009,34.28801491935309],[133.22179089523365,34.28844389237179]]],[[[133.16431166015502,34.28757666712954],[133.16297944224755,34.28993472101064],[133.16167194580373,34.28751333327375],[133.16431166015502,34.28757666712954]]],[[[133.17120527930024,34.291390000348315],[133.1703049940803,34.290471386945],[133.17210805384366,34.2867108286419],[133.1729291699453,34.289268612956164],[133.17120527930024,34.291390000348315]]],[[[133.22904693936482,34.291808891966866],[133.22375166011113,34.29035749500247],[133.2232816600207,34.28781082900662],[133.21673250280287,34.28417055862445],[133.2121849936426,34.28397777455473],[133.2101114402908,34.27688969410417],[133.20402888462536,34.27125582909326],[133.1988380544327,34.26879972123021],[133.2001547212634,34.2659602791436],[133.19967364512274,34.2596315592491],[133.20415031108803,34.25812830557692],[133.2000546429075,34.249169360077985],[133.20121972810807,34.242107494865024],[133.20055693855193,34.24005582921319],[133.20761832712412,34.23930222521756],[133.208620000113,34.24132444077037],[133.21399888484075,34.24400472084125],[133.21558693918598,34.25132582912374],[133.2123116343745,34.25013449541069],[133.20969644633396,34.252615494709346],[133.20853527858026,34.25746861328594],[133.21135832692528,34.260438892341085],[133.2205105583157,34.26576777476305],[133.2269577818762,34.2665963867139],[133.2308999996353,34.2735036126017],[133.23683055818378,34.277126386673444],[133.23745472095868,34.28073805411793],[133.23347527936073,34.28377527870617],[133.23250778240833,34.287865828844986],[133.22904693936482,34.291808891966866]]],[[[133.1669644488503,34.293257494737645],[133.1667405581303,34.2927841617597],[133.16712749683654,34.2923672252673],[133.16756165984282,34.292654440849844],[133.1669644488503,34.293257494737645]]],[[[133.27431705568767,34.30165449525879],[133.27442858601046,34.300609892232785],[133.2757452789216,34.29986361321522],[133.27774861230864,34.300326107563876],[133.27556082976855,34.30149222518611],[133.27431705568767,34.30165449525879]]],[[[132.013003890817,33.3381122251991],[132.01235583665266,33.33804305384393],[132.01249722356806,33.33782889198983],[132.0129322184472,33.337856666651874],[132.013003890817,33.3381122251991]]],[[[132.01397555073117,33.34168166677557],[132.01402277593047,33.34175777460166],[132.01390527860576,33.34185638706265],[132.01381138758552,33.34172110834254],[132.01397555073117,33.34168166677557]]],[[[132.01427082963517,33.34203666695868],[132.0146063936702,33.34234361276759],[132.0140091700872,33.342222494772386],[132.01427082963517,33.34203666695868]]],[[[132.01684083034013,33.342321108132694],[132.01686111544814,33.342439440927535],[132.01666583665906,33.34244610760186],[132.01663972844074,33.34232666684227],[132.01684083034013,33.342321108132694]]],[[[132.01735416336396,33.342757495162346],[132.01740805433826,33.342904161997524],[132.0172066673539,33.342864721329875],[132.01735416336396,33.342757495162346]]],[[[132.013532775817,33.343126108383274],[132.0135061091197,33.343270829085554],[132.01331999981824,33.343122774596395],[132.013532775817,33.343126108383274]]],[[[132.01730722414914,33.34323638684981],[132.01735082957714,33.343371667368615],[132.0172133331289,33.3433574949525],[132.01730722414914,33.34323638684981]]],[[[132.0144119458547,33.343174161858144],[132.01448221798,33.343365559173265],[132.01427082963517,33.34339666672287],[132.01428444896817,33.343193892084514],[132.0144119458547,33.343174161858144]]],[[[132.0215513883859,33.34432361324423],[132.02154472081224,33.34447000039023],[132.0213266666924,33.34443333323179],[132.0213636063454,33.344272774568935],[132.0215513883859,33.34432361324423]]],[[[132.0203586121603,33.34428694608573],[132.02035693942128,33.344438891941365],[132.02025639431724,33.34455166692595],[132.0201255510534,33.34450944105794],[132.0203586121603,33.34428694608573]]],[[[132.02719138767247,33.34501638709662],[132.0273925030616,33.34525861319452],[132.02723499399985,33.34532333290554],[132.02719138767247,33.34501638709662]]],[[[132.0273625025775,33.34549805409199],[132.0273925030616,33.34574861330793],[132.02720138813356,33.34568110839649],[132.0273625025775,33.34549805409199]]],[[[132.0315863942967,33.34583027894428],[132.03150944200718,33.34598527889756],[132.03128111493152,33.34603944056778],[132.03145221814543,33.345844440568555],[132.0315863942967,33.34583027894428]]],[[[132.01704221822388,33.34579055858745],[132.01715972813895,33.34593416233179],[132.0169649943391,33.34606110793385],[132.01681749742966,33.345886386747395],[132.01704221822388,33.34579055858745]]],[[[132.0328108302557,33.348306108040504],[132.03273333297705,33.34854222504373],[132.0326430608286,33.34836500014467],[132.0328108302557,33.348306108040504]]],[[[132.033072775788,33.348607225343244],[132.0330625028323,33.34867222474344],[132.0328477815999,33.348731107854405],[132.0328311153637,33.34864082941078],[132.033072775788,33.348607225343244]]],[[[132.0220947209947,33.34897000016542],[132.02164221811393,33.348967224857574],[132.0216958365936,33.34882361301936],[132.0220947209947,33.34897000016542]]],[[[132.03621306088417,33.34995055887123],[132.03604693901514,33.349943054028756],[132.03605778214103,33.34986833295727],[132.03618277621422,33.34982916208622],[132.03621306088417,33.34995055887123]]],[[[132.03488444925802,33.349967494904035],[132.03487639403045,33.35012138689257],[132.03470333299254,33.35011944075961],[132.03476722442792,33.34999555914777],[132.03488444925802,33.349967494904035]]],[[[132.0410977816374,33.351846107611834],[132.04101389107825,33.35176999978569],[132.04111444877287,33.351654441399376],[132.0412688848512,33.35175305386042],[132.0410977816374,33.351846107611834]]],[[[132.04936444881037,33.35706999958086],[132.0489913884419,33.357059161850884],[132.04879749730674,33.35678555930616],[132.04910944244682,33.356695279063956],[132.04936444881037,33.35706999958086]]],[[[132.05310194579818,33.35725861259493],[132.05320583727962,33.3573852794072],[132.05296082957864,33.35743055937286],[132.05294111464082,33.357306387280005],[132.05310194579818,33.35725861259493]]],[[[132.13221444913756,33.35948305419964],[132.13260360557206,33.35972527939816],[132.13246250284226,33.35996166709731],[132.13191221757484,33.359832224977254],[132.13221444913756,33.35948305419964]]],[[[132.05166499374457,33.36074138740514],[132.05171000031635,33.360840278655985],[132.05158306100952,33.360879721122274],[132.05155306142467,33.36076777531264],[132.05166499374457,33.36074138740514]]],[[[132.10433277583695,33.36112916158157],[132.10413472084076,33.36133472142029],[132.1039769392844,33.36125861269488],[132.10413472084076,33.361154440625],[132.10433277583695,33.36112916158157]]],[[[132.10229972795014,33.36134027923055],[132.1017058372546,33.3611233330754],[132.10175277557016,33.360664441410904],[132.10233999959132,33.36073472073082],[132.10229972795014,33.36134027923055]]],[[[132.10386277574662,33.361790828783796],[132.10337306071824,33.3616838921979],[132.10341999993307,33.36145305421513],[132.10401722441543,33.361557225385695],[132.10386277574662,33.361790828783796]]],[[[132.10243389061168,33.362109161808405],[132.10225610903228,33.36215138677716],[132.10201444860797,33.362081108356506],[132.10243055772412,33.3619824949962],[132.10243389061168,33.362109161808405]]],[[[132.1296980543218,33.361978332933745],[132.12983861206237,33.3621077750538],[132.12975805439078,33.36231055868541],[132.1294833330894,33.362113332864055],[132.1296980543218,33.361978332933745]]],[[[132.10813693866885,33.362190829243445],[132.10814306125337,33.362417224575324],[132.1079625025675,33.36233166667313],[132.10813693866885,33.362190829243445]]],[[[132.1072816600207,33.36206138712339],[132.10781527905192,33.362458332586016],[132.1077077821884,33.36266972093091],[132.10709722435752,33.362275279180835],[132.1072816600207,33.36206138712339]]],[[[132.12957693902456,33.362823333230324],[132.1296508300219,33.36294722473468],[132.12947639392053,33.362935829425055],[132.12957693902456,33.362823333230324]]],[[[132.10890555055073,33.36284999992762],[132.10918055783657,33.36312027857804],[132.10898944200926,33.36313722540268],[132.1087611149336,33.36292582896391],[132.10890555055073,33.36284999992762]]],[[[132.10182639407287,33.36423805404303],[132.10162527868374,33.36423805404303],[132.10167555078613,33.36407749538017],[132.10183666702858,33.36407749538017],[132.10182639407287,33.36423805404303]]],[[[132.12061444929748,33.36402166726617],[132.1208025029332,33.36423833283283],[132.1205874966157,33.364370829050586],[132.1204097276269,33.36422999971478],[132.12061444929748,33.36402166726617]]],[[[132.13207972799717,33.36627582876656],[132.13211333296397,33.36642222490582],[132.1319925027518,33.36644500023664],[132.1319725027289,33.36629277469183],[132.13207972799717,33.36627582876656]]],[[[132.10167194630333,33.366738892386024],[132.1017858373466,33.366865278609794],[132.10169194632635,33.36698361320322],[132.10150111468477,33.366842774874215],[132.10167194630333,33.366738892386024]]],[[[132.10189666709755,33.36818055868588],[132.1017825026604,33.368321387122364],[132.10166194584224,33.36830444119704],[132.10166194584224,33.368135559308655],[132.10189666709755,33.36818055868588]]],[[[132.1342002718252,33.3694527747258],[132.1342002718252,33.36954277527889],[132.13407277583804,33.369627495012935],[132.13401916994883,33.36956555870364],[132.1342002718252,33.3694527747258]]],[[[132.10184306120834,33.37081082925641],[132.10173499417465,33.370970000265345],[132.10159805440674,33.37087000015043],[132.10184306120834,33.37081082925641]]],[[[132.10227917034751,33.370948892277625],[132.10213666737332,33.37109277481176],[132.10200083017423,33.37094055915952],[132.10227917034751,33.370948892277625]]],[[[132.0646763941004,33.371885558671636],[132.06401194619446,33.37173916163306],[132.06401194619446,33.371499720735585],[132.06453888506155,33.37153082918445],[132.0646763941004,33.371885558671636]]],[[[132.15371389108327,33.37264110790085],[132.15345888471984,33.372725829433534],[132.1535194423684,33.37255110824708],[132.15369389106024,33.372461107693994],[132.15371389108327,33.37264110790085]]],[[[132.14064221816386,33.37274222497376],[132.14066916994625,33.372871945883674],[132.1404947212544,33.37283249532345],[132.14064221816386,33.37274222497376]]],[[[132.14986888464136,33.3730299999346],[132.1494594421996,33.37278777473608],[132.1496474967347,33.37246666730289],[132.15013055767918,33.37253416232181],[132.14986888464136,33.3730299999346]]],[[[132.15265360567946,33.37300166679353],[132.15251277634366,33.373181945790236],[132.15240527858077,33.373063612995395],[132.15265360567946,33.37300166679353]]],[[[132.1033786122332,33.37317194622841],[132.1032799997722,33.373305000025766],[132.10317861200338,33.37325055866643],[132.1033786122332,33.37317194622841]]],[[[132.15322416256515,33.37369472123447],[132.1533313878333,33.373948053959566],[132.1530899999036,33.37403249490376],[132.1531233332753,33.37372277468637],[132.15322416256515,33.37369472123447]]],[[[132.15316360581585,33.374590278718415],[132.15292888456042,33.37465777463666],[132.15287527867122,33.37448333313938],[132.1531166666009,33.37447194592363],[132.15316360581585,33.374590278718415]]],[[[132.0733488848432,33.37554110763608],[132.0728022184477,33.37497222528799],[132.07343610918917,33.37431361308285],[132.07404333323336,33.37465389226338],[132.0733488848432,33.37554110763608]]],[[[132.07411389134302,33.37556361317024],[132.074093606235,33.375707225008455],[132.0738755512158,33.37576082909902],[132.07388916964953,33.37563972099639],[132.07411389134302,33.37556361317024]]],[[[132.07159416274044,33.375904440937234],[132.07119166036694,33.375788892443495],[132.07129221806144,33.37557500038599],[132.07156083026814,33.37560027942942],[132.07159416274044,33.375904440937234]]],[[[132.070812502595,33.376048053674765],[132.07085277603483,33.37581999999304],[132.07106416258114,33.375839721226214],[132.07099360627,33.37603972055672],[132.070812502595,33.376048053674765]]],[[[132.07508111490165,33.376146387345955],[132.07507610927507,33.37620805385865],[132.0748549938629,33.3762124947109],[132.07488027200702,33.376140000360806],[132.07508111490165,33.376146387345955]]],[[[132.05355749738067,33.37625916233054],[132.0536213879168,33.37639110816315],[132.0533897279537,33.37647861309756],[132.05346360636042,33.376276108255865],[132.05355749738067,33.37625916233054]]],[[[132.07651610913115,33.37690722458882],[132.07655277628965,33.37716305383191],[132.07643221767273,33.37709582860964],[132.07651610913115,33.37690722458882]]],[[[132.0822397282809,33.379782494766346],[132.08191749669516,33.37933749492947],[132.08266888476123,33.37927277521845],[132.0822397282809,33.379782494766346]]],[[[132.0827830608896,33.37971499974748],[132.08268555099744,33.37985582908328],[132.08258166041537,33.37981333341867],[132.0826755514356,33.37971499974748],[132.0827830608896,33.37971499974748]]],[[[132.07882416340453,33.379987774915946],[132.07850888537678,33.380075000161185],[132.07855250339537,33.379965279274245],[132.07882416340453,33.379987774915946]]],[[[132.08270583700482,33.37999082901359],[132.0828255511583,33.38005972067964],[132.08279749680707,33.380155279042924],[132.08266888476123,33.38013166734265],[132.08270583700482,33.37999082901359]]],[[[132.07779416267056,33.380114440828834],[132.0777283269008,33.38022222457607],[132.07761972836784,33.38017082922045],[132.07768000003205,33.38006666704308],[132.07779416267056,33.380114440828834]]],[[[132.08063916976198,33.38057361308182],[132.08008555070762,33.380523054095704],[132.07983722360905,33.38005555861719],[132.0802766674343,33.37999361331464],[132.08063916976198,33.38057361308182]]],[[[132.0859433334182,33.38123555907384],[132.085638054053,33.381131666693136],[132.08580416333155,33.380898891570666],[132.0859433334182,33.38123555907384]]],[[[132.0884155508371,33.38235527887309],[132.08850333276268,33.38242972115478],[132.08838583723661,33.382531108024295],[132.08830722389928,33.382367224567815],[132.0884155508371,33.38235527887309]]],[[[132.1535188847888,33.38493722527278],[132.15342499376857,33.38531472109753],[132.15331778199015,33.38512333277566],[132.1535188847888,33.38493722527278]]],[[[132.09329416339494,33.386118892173215],[132.0932638913156,33.38627666743429],[132.09307944216255,33.38624555898542],[132.09311972819296,33.386118892173215],[132.09329416339494,33.386118892173215]]],[[[132.09657221833322,33.38715361344856],[132.09640389132653,33.38723138681911],[132.09630666741884,33.387138612756814],[132.0965041630368,33.38709361337959],[132.09657221833322,33.38715361344856]]],[[[132.10226861230672,33.387527225101394],[132.10230888484728,33.38765944073066],[132.1020705582098,33.38767916196383],[132.10202693929193,33.38754416203352],[132.10226861230672,33.387527225101394]]],[[[132.10290610932952,33.38809889175053],[132.10281221830928,33.38796082872932],[132.10304027199106,33.387986386562545],[132.10290610932952,33.38809889175053]]],[[[132.16794555094646,33.396748892247615],[132.16786499417424,33.39667610831577],[132.16793888517145,33.39658027925651],[132.1680327761917,33.39664222455906],[132.16794555094646,33.396748892247615]]],[[[132.16798583697687,33.39752082892318],[132.16816027217885,33.39762222478589],[132.16805972797408,33.39773472098062],[132.16790527930527,33.397695279413654],[132.16798583697687,33.39752082892318]]],[[[132.17026749704746,33.40079333324576],[132.17026055787846,33.40096805443221],[132.1701466668353,33.400917224750174],[132.17026749704746,33.40079333324576]]],[[[132.17564083026014,33.40501527883208],[132.17567527879112,33.404879161943825],[132.17581778176532,33.404990559167004],[132.17564083026014,33.40501527883208]]],[[[132.10520693934882,33.40784805424437],[132.1051791700827,33.407964440906255],[132.10502472141377,33.407876945864416],[132.10511333341367,33.40780277517797],[132.10520693934882,33.40784805424437]]],[[[132.1787355512048,33.407743892067],[132.1784136056035,33.40780027865998],[132.17856778177782,33.40753555871913],[132.1787355512048,33.407743892067]]],[[[132.18071250297965,33.40897138662024],[132.1807255512433,33.40914222543341],[132.18055472142328,33.409012494630986],[132.18071250297965,33.40897138662024]]],[[[132.18135944198468,33.409884721003095],[132.18132583701788,33.41000861340683],[132.18117805412396,33.40998055905561],[132.18125194602055,33.40989027881335],[132.18135944198468,33.409884721003095]]],[[[132.20137693879474,33.414177495395165],[132.20113555086505,33.414233891880656],[132.2012294418853,33.41396333264174],[132.20140389057713,33.41398610797256],[132.20137693879474,33.414177495395165]]],[[[132.21030194567834,33.41907833289878],[132.21029527900396,33.41886416205148],[132.21046306102153,33.418920559436344],[132.21030194567834,33.41907833289878]]],[[[132.21169778162744,33.419821666636665],[132.2117513884159,33.419940000330826],[132.2115972239328,33.419951386647256],[132.2115905581578,33.41983861256199],[132.21169778162744,33.419821666636665]]],[[[132.218541946154,33.42259110819316],[132.21861749729976,33.422704161967545],[132.2185505580619,33.422813613057826],[132.218416109416,33.42268166722522],[132.218541946154,33.42259110819316]]],[[[132.21899389055568,33.42273499972049],[132.21909444914957,33.4228924952925],[132.21900389101677,33.42294889177799],[132.21891083007085,33.42282722519633],[132.21899389055568,33.42273499972049]]],[[[132.23414389132756,33.424779999597376],[132.23417749719385,33.42494082895615],[132.2340297277898,33.42488972138358],[132.23414389132756,33.424779999597376]]],[[[132.23484250267938,33.4251630541317],[132.23476972774085,33.425358054130925],[132.23457360628697,33.425314999987336],[132.23484250267938,33.4251630541317]]],[[[132.23885027202255,33.42677416169823],[132.23895306093505,33.42691777533514],[132.23882861185098,33.42711222494927],[132.23865749694596,33.426878332868796],[132.23885027202255,33.42677416169823]]],[[[132.25170972832132,33.43722638738791],[132.25172639365826,33.437398333266515],[132.25156166034242,33.437327775156746],[132.25170972832132,33.43722638738791]]],[[[132.2550019457832,33.43800110836452],[132.2548944489198,33.438102495234034],[132.25474861215878,33.43801277526944],[132.2549380543478,33.43795889238902],[132.2550019457832,33.43800110836452]]],[[[132.1749661093985,33.437873892066534],[132.17496277561168,33.43796416241622],[132.17481499361713,33.43811333296401],[132.17474555066667,33.438024999753964],[132.17484527918634,33.43787972057271],[132.1749661093985,33.437873892066534]]],[[[132.15632972843423,33.44040805388863],[132.15637333296297,33.44056582914976],[132.156134993735,33.44065889189437],[132.15611138832992,33.440489721323615],[132.15632972843423,33.44040805388863]]],[[[132.26751583668658,33.44426805382767],[132.2675869388862,33.44439333298595],[132.26744527857682,33.444391946231406],[132.26751583668658,33.44426805382767]]],[[[132.1971380032163,33.44387641436509],[132.19752133564123,33.44454946788369],[132.19744533123708,33.44457941440851],[132.1970875881218,33.44392253159958],[132.1971380032163,33.44387641436509]]],[[[132.26793583716926,33.44438638662251],[132.2679927759459,33.444577774944435],[132.26785165972638,33.44472722518134],[132.26779805383717,33.4444258290888],[132.26793583716926,33.44438638662251]]],[[[132.2739491702181,33.44618916220014],[132.27412333292557,33.44630222496778],[132.27403194561782,33.44634361266765],[132.2739491702181,33.44618916220014]]],[[[132.28086693885825,33.44674777518975],[132.28104416285794,33.446980559305416],[132.28072165967694,33.44696361338009],[132.28086693885825,33.44674777518975]]],[[[132.28171333310388,33.44751582859266],[132.28161861200942,33.447549721342625],[132.28133666735334,33.447479162333536],[132.28152472098918,33.447417225124866],[132.28171333310388,33.44751582859266]]],[[[132.21718639443657,33.447529721319654],[132.21714610930553,33.44766277511701],[132.21702194620593,33.447710000316306],[132.21703194576776,33.447555000363025],[132.21718639443657,33.447529721319654]]],[[[132.21744165980476,33.44751277539433],[132.2174283273555,33.447758053791176],[132.21719055829772,33.447819721203246],[132.21729389130007,33.447566386679455],[132.21744165980476,33.44751277539433]]],[[[132.31591444889273,33.45202055880179],[132.3158397278213,33.452196387053675],[132.31566250292224,33.452180828782275],[132.31585749662622,33.45200361287647],[132.31591444889273,33.45202055880179]]],[[[132.31547778217396,33.452904720976164],[132.3155005584041,33.45302610786865],[132.31535999976427,33.453037225287744],[132.31539360563045,33.452907495384636],[132.31547778217396,33.452904720976164]]],[[[132.31774861170913,33.45328222489479],[132.31757055763524,33.453496386748895],[132.3174227756407,33.453268054277316],[132.31774861170913,33.45328222489479]]],[[[132.284186939076,33.45401499969256],[132.28428166017056,33.45416305418166],[132.28411805370524,33.454176946009284],[132.284186939076,33.45401499969256]]],[[[132.31512165963693,33.45505944084056],[132.31517027159077,33.45515527889307],[132.3150847208832,33.45521138669619],[132.3149972240427,33.4550536132337],[132.31512165963693,33.45505944084056]]],[[[132.31512832721057,33.456245278796644],[132.31518194569026,33.45634666656548],[132.31511527894702,33.45645305366554],[132.3149872235815,33.456388892433495],[132.31512832721057,33.456245278796644]]],[[[132.28958778165088,33.456562494863306],[132.28965416330902,33.456695829249156],[132.28952639392799,33.45668944136469],[132.28958778165088,33.456562494863306]]],[[[132.361077523409,33.45650986473851],[132.36106710836043,33.45684886508309],[132.3608574709956,33.45693982881011],[132.36087530455177,33.456580919274074],[132.361077523409,33.45650986473851]]],[[[132.2885958366286,33.45691194622941],[132.2884261093775,33.45715472091371],[132.28832360644935,33.4570300002344],[132.2885958366286,33.45691194622941]]],[[[132.3636647470305,33.45736427913823],[132.36141647159297,33.45675949495478],[132.36190483763824,33.45636238671483],[132.3636647470305,33.45736427913823]]],[[[132.3192402722209,33.457783053844935],[132.31936444881035,33.457833612830996],[132.31939138800226,33.45793222529204],[132.31925693935636,33.45796889155116],[132.3192402722209,33.457783053844935]]],[[[132.35243756204386,33.4582360540507],[132.344391166719,33.45730061343261],[132.34457744509314,33.45310186495914],[132.34857946776833,33.45327964024324],[132.3520956416006,33.45503410783783],[132.35243756204386,33.4582360540507]]],[[[132.23614138811467,33.460389441119844],[132.2360627756766,33.46057472124642],[132.23597693898466,33.46051333262426],[132.23614138811467,33.460389441119844]]],[[[132.23107555109584,33.461102775272934],[132.23114722436503,33.46128527919234],[132.23093221804754,33.461220278892824],[132.23107555109584,33.461102775272934]]],[[[132.23265832732,33.46216082855943],[132.23252944188027,33.462359441135334],[132.23243693941333,33.46220305442745],[132.23265832732,33.46216082855943]]],[[[132.3111538912392,33.462266667073095],[132.3111883271796,33.46242472112402],[132.31087832727303,33.462314721447285],[132.3108716596994,33.4622330540123],[132.3111538912392,33.462266667073095]]],[[[132.29523722381884,33.46353916190287],[132.29510944184733,33.46374472084227],[132.29482389090992,33.463603892405786],[132.29507583688041,33.46338416194959],[132.29523722381884,33.46353916190287]]],[[[132.29515639365275,33.463933612646144],[132.2950658373186,33.4640716666741],[132.29493472066088,33.463944721072096],[132.29515639365275,33.463933612646144]]],[[[132.29509250311662,33.46442916157662],[132.29525055806687,33.463885559171274],[132.2955563941124,33.46391944112935],[132.29536805359282,33.46429694594735],[132.29509250311662,33.46442916157662]]],[[[132.3236408303601,33.46519333260625],[132.32369749664224,33.465346667015126],[132.32354666684523,33.465424441284995],[132.32355666730643,33.46518500038752],[132.3236408303601,33.46519333260625]]],[[[132.334196109363,33.47206889156615],[132.33432722422208,33.47215610781819],[132.33430693911396,33.47228000022187],[132.33407499406576,33.47216166742709],[132.334196109363,33.47206889156615]]],[[[132.3338263935733,33.47226305429655],[132.3338297282594,33.47240389172629],[132.33369194582667,33.472482774860225],[132.33366527912938,33.47231389207252],[132.3338263935733,33.47226305429655]]],[[[132.26747116736055,33.47479435987185],[132.26738442325257,33.47479408108205],[132.26732472085928,33.47407327895871],[132.26740708167154,33.47406369398436],[132.26747116736055,33.47479435987185]]],[[[132.2771415296579,33.475087413853146],[132.2771363936297,33.475147802429206],[132.2760399743654,33.475065865197564],[132.27604511039362,33.47500546762831],[132.2771415296579,33.475087413853146]]],[[[132.28883999986613,33.4819505585715],[132.28873360557145,33.482101107779954],[132.28860138814366,33.481981667020364],[132.28883999986613,33.4819505585715]]],[[[132.28894083005537,33.48409389211946],[132.28891389086345,33.484426386768405],[132.28865166024593,33.484257225190845],[132.28894083005537,33.48409389211946]]],[[[132.3208277815769,33.49758333340418],[132.32073360637094,33.49772110774296],[132.32061610904623,33.49767610836574],[132.32065639417726,33.49756055897268],[132.3208277815769,33.49758333340418]]],[[[132.3522727756681,33.51189527934372],[132.35221805372032,33.512041386800604],[132.3520677824023,33.51203889208125],[132.35204749729428,33.511926386893265],[132.3522727756681,33.51189527934372]]],[[[132.35262555092845,33.511853054375024],[132.35276610866902,33.51199638742338],[132.35262555092845,33.512067225222324],[132.35242722433702,33.51196277526191],[132.35262555092845,33.511853054375024]]],[[[132.356079169718,33.515385279307225],[132.3559111152059,33.514971387019955],[132.35649555132875,33.51509805383216],[132.356079169718,33.515385279307225]]],[[[132.45428014321408,32.88538874799235],[132.45430508411243,32.88556249521304],[132.45412846985312,32.885559000447586],[132.45405785958258,32.88538349505228],[132.45428014321408,32.88538874799235]]],[[[132.45341277587897,32.88507861318749],[132.45347277594794,32.88550110838952],[132.4530058371497,32.88548999996357],[132.45293250283282,32.88510666663939],[132.45341277587897,32.88507861318749]]],[[[132.45518749710538,32.88693805414795],[132.45532778235133,32.887090000003525],[132.4551141627884,32.887129440671174],[132.45518749710538,32.88693805414795]]],[[[132.47461944173392,32.88999249535743],[132.47431221803447,32.89052777543657],[132.4739722176438,32.8905444407734],[132.47413888540132,32.88998666685126],[132.47461944173392,32.88999249535743]]],[[[132.47468583688192,32.891293891699775],[132.4742522179655,32.89125972105933],[132.47384527923634,32.89075305381044],[132.4747927761657,32.89086582879503],[132.47468583688192,32.891293891699775]]],[[[132.48680844355488,32.90276641443853],[132.48667433215473,32.90291991881924],[132.48656669319837,32.90283316212077],[132.48680844355488,32.90276641443853]]],[[[132.47611263289173,32.90265046844439],[132.47593325591504,32.902981278663106],[132.47573005230015,32.90286491898087],[132.47576341085278,32.9026218646074],[132.47611263289173,32.90265046844439]]],[[[132.47660938961167,32.90342469389458],[132.47667766524216,32.90368577517842],[132.47654477332264,32.90372002675787],[132.47649622612005,32.903526828999986],[132.47660938961167,32.90342469389458]]],[[[132.47660914409676,32.90432935971222],[132.4762942797572,32.90426380183305],[132.47659158213582,32.90408586467095],[132.47660914409676,32.90432935971222]]],[[[132.48323022009868,32.90435200014474],[132.48287544744403,32.90406569377677],[132.48322724963793,32.904017026964254],[132.48323022009868,32.90435200014474]]],[[[132.4819251095562,32.90445877485263],[132.48190988313468,32.90455961313569],[132.48173316455393,32.90460355940678],[132.48178688735504,32.90446533270898],[132.4819251095562,32.90445877485263]]],[[[132.48214583736058,32.90430277485325],[132.4822791699478,32.90455055876134],[132.4820858372916,32.904635279394654],[132.48193888537128,32.904455000398],[132.48214583736058,32.90430277485325]]],[[[132.5026816080698,32.904549000236216],[132.50281966299713,32.90464600021278],[132.5027122443746,32.90469238724393],[132.5026816080698,32.904549000236216]]],[[[132.4819946172579,32.90467316243655],[132.48204652432764,32.90476430602797],[132.4819058883461,32.90483502691501],[132.48184652409782,32.904745225112094],[132.4819946172579,32.90467316243655]]],[[[132.47221280197925,32.90599863992537],[132.47210571970322,32.90589353166121],[132.47235849484878,32.90587244076056],[132.47221280197925,32.90599863992537]]],[[[132.52073250340243,32.907339720651635],[132.5208727760578,32.907379162218604],[132.52077917012264,32.90751999964834],[132.52062583661314,32.90747500027112],[132.52073250340243,32.907339720651635]]],[[[132.47212277624521,32.9074458289619],[132.47222277636013,32.90760944082308],[132.47195583689245,32.90768833295027],[132.47183555077015,32.90757000015543],[132.47212277624521,32.9074458289619]]],[[[132.475069415721,32.90923666693868],[132.4749034764144,32.90920525182099],[132.474977418673,32.909121387342225],[132.4751350320562,32.909138441186144],[132.475069415721,32.90923666693868]]],[[[132.56342141436687,32.909936225276624],[132.56343114143408,32.910031108249086],[132.56328639375215,32.91005486474029],[132.56333319087412,32.909928802272475],[132.56342141436687,32.909936225276624]]],[[[132.5639436057129,32.91014713518217],[132.563960467102,32.9103256128368],[132.56381133612433,32.9103403059604],[132.56374571978915,32.91013210841015],[132.5639436057129,32.91014713518217]]],[[[132.5444445266936,32.910207279142696],[132.5444890530274,32.9103307479657],[132.54425533091887,32.91035710799417],[132.54433202330426,32.91020289224974],[132.5444445266936,32.910207279142696]]],[[[132.54232900108263,32.91034444104315],[132.54219810565814,32.910189945609545],[132.54247802863813,32.91009864014018],[132.5426706364408,32.91021355910851],[132.54232900108263,32.91034444104315]]],[[[132.5655136061681,32.910664721100034],[132.56536027175923,32.9105858289729],[132.56548027189706,32.910529440581286],[132.5655136061681,32.910664721100034]]],[[[132.54555291773306,32.91064497288727],[132.54547128357297,32.91087305444796],[132.5453218288394,32.91081210829219],[132.54555291773306,32.91064497288727]]],[[[132.56442002606343,32.91063763981526],[132.5645386637284,32.910807829317946],[132.56435302207433,32.91089902686866],[132.56421727570682,32.91083027909417],[132.56442002606343,32.91063763981526]]],[[[132.5444596371026,32.91074219769433],[132.54451693920544,32.910841134810596],[132.54441158182908,32.9109458923391],[132.54430802939214,32.91088527893254],[132.5444596371026,32.91074219769433]]],[[[132.5545864458079,32.911013747986146],[132.55420418897222,32.91122082857845],[132.55395014308465,32.910699666956134],[132.55461152969838,32.910670802315735],[132.5545864458079,32.911013747986146]]],[[[132.53934236066152,32.91100869379625],[132.5392562262939,32.91126489176139],[132.53895691303114,32.91118519833827],[132.5389380290668,32.911005612718895],[132.53934236066152,32.91100869379625]]],[[[132.54536613483936,32.911346891945584],[132.5454607516125,32.911463721073915],[132.54525094697374,32.91159230614005],[132.54514383861738,32.91147186533436],[132.54536613483936,32.911346891945584]]],[[[132.54477330714246,32.91142327856153],[132.54490999959683,32.911505251766016],[132.54483752323313,32.911655999724644],[132.54465858602498,32.9116264677873],[132.54477330714246,32.91142327856153]]],[[[132.55244055818525,32.911729414081265],[132.55043671937915,32.911325945835756],[132.5507813620702,32.91091474791733],[132.55244055818525,32.911729414081265]]],[[[132.56007474655235,32.91259294580783],[132.55789855987075,32.91257308068316],[132.5593216992371,32.91092041364624],[132.56007474655235,32.91259294580783]]],[[[132.53786282660826,32.91293753184169],[132.5363205315673,32.912340945877986],[132.53637481194812,32.91157319824458],[132.53847639357082,32.911658972883345],[132.53786282660826,32.91293753184169]]],[[[132.60280691310857,32.91396816210107],[132.60191933890644,32.91363110788939],[132.60172914398493,32.91313730634164],[132.60268427975575,32.91367525201133],[132.60280691310857,32.91396816210107]]],[[[132.53779847022327,32.91395008123129],[132.53702897520714,32.91359089200614],[132.53713817089,32.91319008125731],[132.53797805404406,32.91325946755046],[132.53779847022327,32.91395008123129]]],[[[132.60387372219463,32.91420486456292],[132.6040929957952,32.91433810811725],[132.60400077841325,32.91439472133936],[132.60387372219463,32.91420486456292]]],[[[132.5375343582241,32.91441808122954],[132.53688613498718,32.91417613482082],[132.5372890267672,32.91387389156688],[132.5375343582241,32.91441808122954]]],[[[132.53777313901924,32.914954972893725],[132.53768929972148,32.91502274760177],[132.5373388069404,32.91487322541906],[132.53747661455418,32.91475413539507],[132.53777313901924,32.914954972893725]]],[[[132.53788936380317,32.91519230578035],[132.5373808952122,32.9151984139757],[132.5372994418159,32.91504761295704],[132.53788936380317,32.91519230578035]]],[[[132.474771855237,32.91531366659251],[132.47481788613663,32.915439999756245],[132.47471233540602,32.91547063965834],[132.47467644616108,32.91534435955458],[132.474771855237,32.91531366659251]]],[[[132.59577194571875,32.917533054007265],[132.59554499370654,32.917533054007265],[132.59559166042686,32.91739805407701],[132.59577194571875,32.917533054007265]]],[[[132.59653891094206,32.91834913480477],[132.59647119289127,32.918500387283075],[132.5963569394213,32.91838505372732],[132.59653891094206,32.91834913480477]]],[[[132.5970373017302,32.918574612828195],[132.5967151618753,32.91854080191655],[132.59674172515054,32.91843505423441],[132.5969367440356,32.918449359750184],[132.5970373017302,32.918574612828195]]],[[[132.5015203890548,32.91616174796633],[132.50076635518326,32.917948135198344],[132.5006855771777,32.91792194604102],[132.5015203890548,32.91616174796633]]],[[[132.61703306102697,32.919011161735796],[132.61715747144024,32.91913227883168],[132.61708883338304,32.91920622468757],[132.61684613514103,32.919035586423206],[132.61703306102697,32.919011161735796]]],[[[132.62029150534875,32.92006494594057],[132.62004452723318,32.91998016235465],[132.62004552458131,32.91987997338214],[132.62020788638495,32.919938360067306],[132.62029150534875,32.92006494594057]]],[[[132.59878778173083,32.920421386837575],[132.59871778210004,32.920573613281704],[132.59863083024868,32.92046082930386],[132.59878778173083,32.920421386837575]]],[[[132.6255622178221,32.920910000196386],[132.6255458366711,32.92099999985015],[132.6253616600127,32.9210327747428],[132.62537111458528,32.920930000219414],[132.6255622178221,32.920910000196386]]],[[[132.62490360561696,32.92110582937056],[132.62505333284514,32.92126138690355],[132.62480389058715,32.92119610781418],[132.62490360561696,32.92110582937056]]],[[[132.62562250297617,32.92160027932948],[132.62571861172466,32.92173138699394],[132.6256344486709,32.921759441345216],[132.62554778190463,32.92166555931817],[132.62562250297617,32.92160027932948]]],[[[132.62646444917505,32.92188749491203],[132.6265636057259,32.921985279097385],[132.62645666734136,32.9220697209409],[132.62635416261458,32.921934161632294],[132.62646444917505,32.92188749491203]]],[[[132.47505352829774,32.92237022490599],[132.4750401949491,32.922575360264716],[132.47480664101374,32.922733224558726],[132.47464736658276,32.92256441371677],[132.474887859687,32.922313027124574],[132.47505352829774,32.92237022490599]]],[[[132.6298611147987,32.92339694581244],[132.62985972804404,32.92353082878475],[132.6296833332193,32.92351582899238],[132.6296555513627,32.92340333279765],[132.6298611147987,32.92339694581244]]],[[[132.62798919574482,32.92363780224281],[132.62778622595363,32.92356766681445],[132.6278547210186,32.92350230588676],[132.62798919574482,32.92363780224281]]],[[[132.5947727764426,32.9241883330252],[132.59481888468383,32.92430166738808],[132.59475277641957,32.92435138730673],[132.59464944161846,32.924205278950524],[132.5947727764426,32.9241883330252]]],[[[132.63507430573463,32.924640720792695],[132.63493749726774,32.92449594613106],[132.6351809734233,32.92449258626391],[132.63507430573463,32.924640720792695]]],[[[132.63943221802253,32.92458472090817],[132.63942416279497,32.92475138686706],[132.63914944239286,32.92464082871135],[132.6391436057928,32.92455082905758],[132.63943221802253,32.92458472090817]]],[[[132.63758778225042,32.925137775188205],[132.63778444869342,32.92523277507257],[132.637350829777,32.9252166673154],[132.6374741628024,32.92510082923991],[132.63758778225042,32.925137775188205]]],[[[132.6423344489757,32.92593694603329],[132.64229221771177,32.92604166668963],[132.6421433331484,32.92596249487332],[132.64221389125817,32.9258855587716],[132.6423344489757,32.92593694603329]]],[[[132.59008744527944,32.9258291353064],[132.5902135284316,32.92591433258042],[132.59020902732482,32.926053332695176],[132.59005066120915,32.92593766728959],[132.59008744527944,32.9258291353064]]],[[[132.57424444942183,32.926202495149084],[132.57433055770912,32.92631444095872],[132.57415082999682,32.92634889218766],[132.5740672236235,32.92624749542563],[132.57424444942183,32.926202495149084]]],[[[132.6485394419418,32.926406386745384],[132.6485483272436,32.92655833260102],[132.6484133327092,32.92648472129292],[132.6485394419418,32.926406386745384]]],[[[132.64443639392448,32.92647582879653],[132.64434527911135,32.92658500019763],[132.64424250278933,32.92647277469882],[132.64443639392448,32.92647582879653]]],[[[132.64458832718958,32.92678555890649],[132.64442360556495,32.92681444063396],[132.6442208300274,32.92677861344231],[132.64443389111125,32.92667333340768],[132.64458832718958,32.92678555890649]]],[[[132.42537027232027,32.926668333177076],[132.42549389133012,32.926699161936824],[132.42532360559994,32.926899440956504],[132.4251966671925,32.9267274950779],[132.42537027232027,32.926668333177076]]],[[[132.5729586122502,32.92678277460544],[132.57308277624918,32.926886387296975],[132.57297861227323,32.92698277483527],[132.5728583270502,32.92685333271521],[132.5729586122502,32.92678277460544]]],[[[132.47150328095177,32.92696202657629],[132.4715175621858,32.92703889163158],[132.4713682225655,32.92709902659885],[132.47132044068587,32.92703469359628],[132.47150328095177,32.92696202657629]]],[[[132.64411805370526,32.92726682930078],[132.6440149158558,32.927048559343575],[132.6443204668161,32.92704491888793],[132.64411805370526,32.92726682930078]]],[[[132.6467583274349,32.927410828746815],[132.64682389071004,32.9275444410232],[132.64661277575908,32.92751555929567],[132.6467583274349,32.927410828746815]]],[[[132.4272572244414,32.92846000032881],[132.425160000034,32.927868332757384],[132.42588138761596,32.9269330540173],[132.42696666697816,32.92725444113961],[132.4272572244414,32.92846000032881]]],[[[132.56741535663343,32.92889935961779],[132.5674519707319,32.92864486496859],[132.56769147907858,32.92875053171173],[132.56741535663343,32.92889935961779]]],[[[132.56999180277955,32.92923346765048],[132.5695682751558,32.92915589213078],[132.5694390533697,32.92901608082752],[132.57008686111976,32.928750332961556],[132.56990917037194,32.92902100011912],[132.56999180277955,32.92923346765048]]],[[[132.5678010893489,32.929276721443614],[132.56751116680698,32.929149161604585],[132.56768058379203,32.92901872123707],[132.5678010893489,32.929276721443614]]],[[[132.42924111538525,32.92929666660791],[132.4289938908554,32.92952499997881],[132.4289238912247,32.92925722504094],[132.42924111538525,32.92929666660791]]],[[[132.5623614787993,32.929303918740914],[132.5623060310985,32.9295711981523],[132.56198238667787,32.929358333120604],[132.5623614787993,32.929303918740914]]],[[[132.57020041491728,32.929733161556214],[132.57026267228457,32.92962482922252],[132.57040150512546,32.92965880201217],[132.57042455295084,32.92972625206494],[132.57020041491728,32.929733161556214]]],[[[132.56981011724315,32.92972453166186],[132.56941955876573,32.92974025181121],[132.56950710776687,32.929484667183715],[132.569819636567,32.929464080802745],[132.56981011724315,32.92972453166186]]],[[[132.56268997416305,32.929860359867746],[132.56246389089586,32.92972982866871],[132.56272014282035,32.929574279229655],[132.56283647192572,32.92980849506603],[132.56268997416305,32.929860359867746]]],[[[132.5684961088084,32.93095222496527],[132.5684674968776,32.93110389203105],[132.56837250328851,32.9310730542781],[132.56837916996278,32.93097194619838],[132.5684961088084,32.93095222496527]]],[[[132.58634861189898,32.93111761298752],[132.5859429960725,32.93094289180107],[132.58627717335298,32.930803612896455],[132.58634861189898,32.93111761298752]]],[[[132.43277138788926,32.93198416193957],[132.43043333313187,32.93124333281361],[132.43035999971426,32.929012225433894],[132.43242389075,32.9292036128565],[132.43277138788926,32.93198416193957]]],[[[132.551331310092,32.93302127900887],[132.5510328017225,32.93299897312414],[132.55093819664057,32.932797828956666],[132.5513157716057,32.93288658574738],[132.551331310092,32.93302127900887]]],[[[132.40230472128587,32.932941667424075],[132.4026388850765,32.933158612679904],[132.40247194572373,32.933307775133756],[132.40215778195613,32.93305694612121],[132.40230472128587,32.932941667424075]]],[[[132.40281250279486,32.93365166689097],[132.40267221844817,32.93333610827483],[132.402999728155,32.933282495191065],[132.4031933333058,32.93358944099998],[132.40281250279486,32.93365166689097]]],[[[132.56686916957653,32.93388194639476],[132.56691610879147,32.934023053621104],[132.5665619458772,32.93391582925216],[132.5666252788336,32.93382555890247],[132.56686916957653,32.93388194639476]]],[[[132.58496683505143,32.934073585627516],[132.58525727560288,32.93422172105562],[132.58510180260612,32.93431646823046],[132.58496683505143,32.934073585627516]]],[[[132.54356124495553,32.93470972107684],[132.54366625159628,32.9348581083151],[132.54328588783358,32.93502697311635],[132.54342586281336,32.93479900037363],[132.54356124495553,32.93470972107684]]],[[[132.40942250274634,32.93535027939191],[132.4090783268034,32.933874161863116],[132.41066805388766,32.93418694607078],[132.41129610892835,32.935395278769136],[132.40942250274634,32.93535027939191]]],[[[132.5400019459331,32.935558054260866],[132.54000425359345,32.9356327933188],[132.53984165976487,32.93570722480865],[132.53977472142628,32.935656666721854],[132.5400019459331,32.935558054260866]]],[[[132.46749481193604,32.936062278951056],[132.46704486402928,32.935926829359744],[132.4670527501844,32.93554041405889],[132.46773221766773,32.93578938687074],[132.46749481193604,32.936062278951056]]],[[[132.46181591427307,32.9362755864492],[132.46150671925977,32.936295892241674],[132.461144864444,32.93617549460345],[132.46148664099576,32.93598080217231],[132.46181591427307,32.9362755864492]]],[[[132.4335091701122,32.9369197213681],[132.43353916969704,32.9371338922154],[132.43340888491218,32.937116946290075],[132.43339888535036,32.93700722540319],[132.4335091701122,32.9369197213681]]],[[[132.4055313880632,32.93743472083577],[132.4054519455509,32.937561386748655],[132.40529749688199,32.93749110832806],[132.40532749736622,32.93740666738387],[132.4055313880632,32.93743472083577]]],[[[132.43511557692239,32.93792030617726],[132.43420963676533,32.937453081394665],[132.43424885889783,32.93701397301652],[132.43511557692239,32.93792030617726]]],[[[132.57774092090688,32.938230414002476],[132.57734416340247,32.937750801957975],[132.57774483835362,32.93709527892406],[132.5784658626095,32.93762453174679],[132.57774092090688,32.938230414002476]]],[[[132.40323306085713,32.93911944060977],[132.40338360556905,32.939189720829006],[132.40332333300546,32.939288333289994],[132.40314306120342,32.93921499987238],[132.40323306085713,32.93911944060977]]],[[[132.43562968875915,32.939356134977686],[132.435297561933,32.938882360432615],[132.43552569385577,32.93854505441078],[132.43614927387,32.93891680176904],[132.43562968875915,32.939356134977686]]],[[[132.4621922832473,32.9409623601249],[132.4619071343069,32.9409571350638],[132.46188427983566,32.94087963958373],[132.46212494201257,32.94091313483335],[132.4621922832473,32.9409623601249]]],[[[132.46268747065028,32.94158489242892],[132.46270852108148,32.941779892428144],[132.46250581119432,32.941732224762404],[132.46268747065028,32.94158489242892]]],[[[132.58248452723922,32.94180080166569],[132.5819570820538,32.941867134760514],[132.5802028024175,32.94173446767161],[132.58021447471833,32.94166566683708],[132.58194832715367,32.94180080166569],[132.58248452723922,32.94180080166569]]],[[[132.4646304406424,32.94238263964718],[132.46452011720976,32.942380305906454],[132.4645576648045,32.94221599976862],[132.4647026975715,32.94230022487551],[132.4646304406424,32.94238263964718]]],[[[132.4060755507461,32.94285499955862],[132.40592861231562,32.94309166694694],[132.40583166000317,32.94296749485403],[132.4060755507461,32.94285499955862]]],[[[132.4664419972005,32.9432394138679],[132.4662762521474,32.94333249459902],[132.46624330728287,32.94324633325175],[132.4664419972005,32.9432394138679]]],[[[132.5641163942563,32.94320694564408],[132.56428972778872,32.943280279061696],[132.5642330606073,32.943426667107076],[132.56395944187477,32.94329138658827],[132.5641163942563,32.94320694564408]]],[[[132.59523583736404,32.94372638686332],[132.59502527909342,32.94371249503564],[132.59507888498263,32.94354333255882],[132.5952391702516,32.94361389156791],[132.59523583736404,32.94372638686332]]],[[[132.4361306102395,32.94398966698958],[132.43632450137466,32.94421389225738],[132.4360721138371,32.944183333294234],[132.43592208803398,32.94404944132873],[132.4361306102395,32.94398966698958]]],[[[132.46813306079218,32.94448166719525],[132.46803639356483,32.94466749500896],[132.46791944212862,32.94462527903346],[132.46793277637664,32.944473333177825],[132.46813306079218,32.94448166719525]]],[[[132.40369722434752,32.9448747212914],[132.4037125029297,32.94497916225856],[132.403540271966,32.94495361341859],[132.40359027157388,32.944869161682504],[132.40369722434752,32.9448747212914]]],[[[132.45875138806616,32.94499110795334],[132.4587272241821,32.94514499994182],[132.45860778162387,32.94511222504917],[132.45875138806616,32.94499110795334]]],[[[132.56866194559234,32.945105829070826],[132.56870861231266,32.945187775295665],[132.56856499417916,32.945249720598156],[132.56855917016958,32.9451361083448],[132.56866194559234,32.945105829070826]]],[[[132.57115000007252,32.945308892391495],[132.5712702718057,32.94544416211846],[132.5711569392414,32.945465558788555],[132.57103639411434,32.94538777462617],[132.57115000007252,32.945308892391495]]],[[[132.5060751746297,32.94607145003744],[132.50602923456154,32.94608353242916],[132.5054558753884,32.94453418040814],[132.50550181635583,32.9445220989158],[132.5060751746297,32.94607145003744]]],[[[132.40537027182063,32.94616500021465],[132.4035769391245,32.944370278965266],[132.40394306122334,32.937977774654655],[132.40258555078265,32.934333054426986],[132.40705111461727,32.93579805363731],[132.40510360574683,32.937350278992255],[132.40570472069635,32.94104082867136],[132.40537027182063,32.94616500021465]]],[[[132.5660089491538,32.94619546834622],[132.5657850584338,32.94649727902623],[132.56551472132742,32.9463750000063],[132.56571160810427,32.946058694053534],[132.5660089491538,32.94619546834622]]],[[[132.40590805381373,32.94814277486921],[132.4060216597718,32.94832861257544],[132.40584138796976,32.94840749481011],[132.4057477820346,32.94812861324493],[132.40590805381373,32.94814277486921]]],[[[132.45518277566464,32.952103774969316],[132.45342422784586,32.948804918712085],[132.4502874186295,32.94713549460744],[132.4470414137303,32.94810872114061],[132.44188357966357,32.94374938702464],[132.43562124502455,32.94303491882647],[132.436946135256,32.9407014676986],[132.44469569405112,32.94053233310075],[132.44698938974864,32.9432256128718],[132.4503066668193,32.94384308109335],[132.45546824926032,32.94283869395059],[132.45862169863256,32.9463692245601],[132.45831350186666,32.95007141416448],[132.45518277566464,32.952103774969316]]],[[[132.40393083044353,32.9520441616088],[132.40395749714082,32.95220194586318],[132.40379722356306,32.952196387153606],[132.40384389118265,32.952038612791796],[132.40393083044353,32.9520441616088]]],[[[132.4035699999556,32.95210889211171],[132.40361000000155,32.95231749525624],[132.4034297281995,32.95236249463346],[132.4033461092356,32.95208916188534],[132.4035699999556,32.95210889211171]]],[[[132.455231855266,32.952261667142295],[132.4554198045804,32.95246202710092],[132.4550029957917,32.95255800005174],[132.45505880681856,32.952251612721795],[132.455231855266,32.952261667142295]]],[[[132.4013222182458,32.95327833272893],[132.40146555129422,32.95346416234128],[132.40132555113337,32.95354582887694],[132.40110861217272,32.95339666732241],[132.4013222182458,32.95327833272893]]],[[[132.40247111475026,32.95341333265924],[132.40242083005728,32.953669721280676],[132.40221055777113,32.95361916229456],[132.40221055777113,32.95338805361581],[132.40247111475026,32.95341333265924]]],[[[132.40195360617406,32.953646945949856],[132.40184306060883,32.95391777498537],[132.4015725031685,32.95367833318858],[132.40195360617406,32.953646945949856]]],[[[132.54132452670558,32.96640855870805],[132.5402639166465,32.965090693980414],[132.54208267227762,32.965233413691124],[132.54132452670558,32.96640855870805]]],[[[132.5430069388192,32.96612938666192],[132.5431603892406,32.966386775329454],[132.5429322438281,32.96639997288048],[132.5430069388192,32.96612938666192]]],[[[132.46008666726595,32.977126667162],[132.4602772237149,32.97727055868938],[132.4600349940198,32.97737305442297],[132.45992306080063,32.977163333421174],[132.46008666726595,32.977126667162]]],[[[132.4817705583646,32.98080989186309],[132.48172505806508,32.98085689223183],[132.4814203632592,32.98081838685914],[132.48175666743634,32.98071505385673],[132.4817705583646,32.98080989186309]]],[[[132.48148849499808,32.98099594630594],[132.48115108915147,32.981195558927936],[132.48102175135284,32.98114761337172],[132.4812718033511,32.980946801953394],[132.48148849499808,32.98099594630594]]],[[[132.46414138841442,32.982764161836656],[132.46391749679515,32.982676666794816],[132.46413444924553,32.98252749534771],[132.46414138841442,32.982764161836656]]],[[[132.47202199731737,32.985747494551276],[132.47165031111308,32.98549499999433],[132.4718332557003,32.985343440847146],[132.47222133564617,32.98564536034513],[132.47202199731737,32.985747494551276]]],[[[132.47188002584255,32.98658205371885],[132.47170260668997,32.98635582925817],[132.4721032555609,32.986093333340705],[132.47231625189352,32.98653925228473],[132.47188002584255,32.98658205371885]]],[[[132.47219496842308,32.9885995316431],[132.47165983133618,32.98814055903961],[132.47212396874625,32.98751738731761],[132.47253654982194,32.98796886497121],[132.47219496842308,32.9885995316431]]],[[[132.4608762522373,32.98956855924166],[132.4605511410224,32.989543720866095],[132.46016839225751,32.98909597270102],[132.4608361613598,32.98921891901796],[132.4608762522373,32.98956855924166]]],[[[132.47316744492173,32.990183774661546],[132.47276669262885,32.99017416180817],[132.4725441374021,32.98965697339065],[132.47297627783303,32.98954758615224],[132.47316744492173,32.990183774661546]]],[[[132.50056658877713,32.993820586251104],[132.50029503219002,32.993979440698695],[132.50015097338883,32.99379833342641],[132.50056658877713,32.993820586251104]]],[[[132.50314805403957,33.001845279136376],[132.5032783271331,33.00197472125643],[132.50319138787233,33.002005828806034],[132.50309778193719,33.00191555935561],[132.50314805403957,33.001845279136376]]],[[[132.391211920194,33.00385986484093],[132.3910239169203,33.00385819839721],[132.39104671923076,33.00377105409092],[132.391211920194,33.00385986484093]]],[[[132.3920403630724,33.00426794570916],[132.391749947702,33.00425963957076],[132.3912410249534,33.0039287214334],[132.39168941613366,33.00393844130605],[132.3920403630724,33.00426794570916]]],[[[132.392084721233,33.0098223601139],[132.39182891087557,33.00962825224212],[132.3920837220861,33.009225414421394],[132.39249316542725,33.009496747976584],[132.392084721233,33.0098223601139]]],[[[132.39381355365265,33.01107655913597],[132.39372756227726,33.011014864744254],[132.39379499434358,33.01082455920607],[132.39395058425214,33.010911225073016],[132.39381355365265,33.01107655913597]]],[[[132.39410856006202,33.0123768646007],[132.39392522696767,33.011275892068795],[132.39477885895724,33.01094277508906],[132.39472282669715,33.012164747804945],[132.39410856006202,33.0123768646007]]],[[[132.39472968942368,33.01269013534153],[132.39460005215074,33.01284130598151],[132.39450678256208,33.01278158560177],[132.39472968942368,33.01269013534153]]],[[[132.39498830116918,33.013021441086664],[132.39520552521492,33.01319194625137],[132.39469108872288,33.013621693586344],[132.39462233465304,33.013412081402464],[132.39498830116918,33.013021441086664]]],[[[132.39782824867484,33.01469927924842],[132.39761958527572,33.01461416201403],[132.39787128393266,33.01453313489628],[132.39782824867484,33.01469927924842]]],[[[132.38213791183523,33.017735198021],[132.3809478596561,33.01681325173024],[132.38150036265165,33.01561166664516],[132.38358038932358,33.016525694405345],[132.38213791183523,33.017735198021]]],[[[132.38368280231953,33.0181549727738],[132.3834479767428,33.01813341422576],[132.38347055782003,33.01795899970813],[132.38369238729388,33.01806274819734],[132.38368280231953,33.0181549727738]]],[[[132.38375044122995,33.01852964023078],[132.38362321683803,33.01848789190274],[132.38372827474018,33.01837710801715],[132.3838533065849,33.018400585718496],[132.38375044122995,33.01852964023078]]],[[[132.39352466892842,33.01906600039564],[132.39356619962052,33.019184747777956],[132.39339666662295,33.01921222476443],[132.3934267831196,33.01909894615949],[132.39352466892842,33.01906600039564]]],[[[132.4589454986359,33.02057333339269],[132.45906525325893,33.02089238677428],[132.4586646430589,33.02075527883312],[132.4589454986359,33.02057333339269]]],[[[132.37839360608007,33.02091055937484],[132.37827610875547,33.02101666678578],[132.37822333294048,33.02092527857877],[132.37839360608007,33.02091055937484]]],[[[132.45954199736536,33.02114716201197],[132.45925169890688,33.02125713470906],[132.4591427496382,33.02106891919533],[132.45954199736536,33.02114716201197]]],[[[132.37832138782187,33.021218613148505],[132.37837111493502,33.021288108259625],[132.37827591360258,33.02138272143549],[132.3781932173432,33.02124994642793],[132.37832138782187,33.021218613148505]]],[[[132.39785294405817,33.021421108097684],[132.39765316506157,33.02149805409198],[132.39768092083784,33.021315080726424],[132.39785294405817,33.021421108097684]]],[[[132.4000619200217,33.02360930612463],[132.39988374813652,33.02290344084116],[132.4005230869709,33.02314100035693],[132.4000619200217,33.02360930612463]]],[[[132.40019299620985,33.023733441345314],[132.40016972805063,33.02385916207072],[132.40006649757083,33.0238257477601],[132.40006299561082,33.023718080924766],[132.40019299620985,33.023733441345314]]],[[[132.41173564178655,33.027216440986024],[132.41163092113015,33.02710586484386],[132.41163011713627,33.026973829079],[132.41175447538876,33.02685916192081],[132.4118044489162,33.02710938658896],[132.41173564178655,33.027216440986024]]],[[[132.40272277563565,33.02773966655241],[132.40271452705383,33.02785553160754],[132.402828663612,33.02797105402095],[132.40269888514547,33.02799319802773],[132.4026028267591,33.027841946448746],[132.40272277563565,33.02773966655241]]],[[[132.45360199683478,33.028204359743484],[132.45331408607626,33.028001053605806],[132.45338294356804,33.02781138658628],[132.45368116685245,33.02793477536966],[132.45360199683478,33.028204359743484]]],[[[132.454845109914,33.028430441211924],[132.45497961072056,33.02855182900373],[132.45494158198846,33.02860874799535],[132.45474263306608,33.02847705397289],[132.454845109914,33.028430441211924]]],[[[132.4532668087163,33.028551748064785],[132.45315661478605,33.028748197771165],[132.45306972768583,33.028550107701335],[132.4532668087163,33.028551748064785]]],[[[132.45333513560809,33.03133599965673],[132.45219352810886,33.031662801597065],[132.45390808019386,33.02873316200589],[132.45469499417868,33.029294440586],[132.45367416293232,33.02995433342579],[132.45333513560809,33.03133599965673]]],[[[132.4522546172568,33.03468125193825],[132.452353721647,33.034778000104666],[132.45228481199456,33.034859000242704],[132.4521789752796,33.03479505394864],[132.4520966927082,33.03461422456684],[132.45220963676536,33.03458197307964],[132.4522546172568,33.03468125193825]]],[[[132.45494805440921,33.03586722479264],[132.45513194598254,33.03599194637127],[132.4549825029402,33.03604555855571],[132.45494805440921,33.03586722479264]]],[[[132.40564204874158,33.036696000420136],[132.40558189398928,33.036743721145854],[132.4053133591243,33.03647072114694],[132.40537347610507,33.03642427925712],[132.40564204874158,33.036696000420136]]],[[[132.40622416281496,33.03705125241339],[132.4053318941517,33.03631505389666],[132.4054087807907,33.036250279326964],[132.40622416281496,33.03705125241339]]],[[[132.45472561609438,33.03769086464172],[132.45455416304424,33.037646440830656],[132.4547101693389,33.03755902672776],[132.45472561609438,33.03769086464172]]],[[[132.41066944244085,33.03767333325777],[132.4107174968151,33.03778444089926],[132.4106269386823,33.03781277493965],[132.41056722369842,33.037696387378446],[132.41066944244085,33.03767333325777]]],[[[132.4113864979886,33.03861538659089],[132.4113792737346,33.03869446757568],[132.4111349684041,33.03869233258513],[132.41117997407662,33.03859772120791],[132.4113864979886,33.03861538659089]]],[[[132.47082997382427,33.03887574841713],[132.47085313856155,33.03906064003655],[132.4707190271614,33.03898849462337],[132.47082997382427,33.03887574841713]]],[[[132.4714777168232,33.039016081327134],[132.47147642000084,33.0391297205602],[132.4713660309177,33.039192747747165],[132.47130031116046,33.039043026814284],[132.4714777168232,33.039016081327134]]],[[[132.47094535684278,33.03938341391347],[132.47075658914537,33.03938661280199],[132.47077608284997,33.039159441355196],[132.4711040602043,33.039240305695614],[132.47094535684278,33.03938341391347]]],[[[132.4703905839583,33.039447558957704],[132.47013922164786,33.039434026858885],[132.47007508379818,33.03924600020281],[132.4703614791989,33.0393213328133],[132.4703905839583,33.039447558957704]]],[[[132.4485332559051,33.04003074772089],[132.44857236112568,33.040286828774185],[132.4482906359042,33.04033297298838],[132.44833169894878,33.0399580267416],[132.4485332559051,33.04003074772089]]],[[[132.44298058438653,33.04150519790659],[132.44286880675008,33.04136594598168],[132.44328613534697,33.041417279284076],[132.44298058438653,33.04150519790659]]],[[[132.43017955883965,33.04259061306641],[132.43028007786336,33.04274238715152],[132.4301153571381,33.04272419836309],[132.43017955883965,33.04259061306641]]],[[[132.42988282663123,33.04243236026525],[132.4300313361773,33.04261808105963],[132.42988128429386,33.04279644090309],[132.42967258132467,33.042650945884475],[132.42988282663123,33.04243236026525]]],[[[132.44193483832214,33.043336386664976],[132.4417523353021,33.04330502730522],[132.44167208789656,33.04311061276462],[132.44186930022806,33.043142080942346],[132.44193483832214,33.043336386664976]]],[[[132.4216901430857,33.05408825207121],[132.42173930002878,33.05420708129179],[132.42148708156367,33.05413858622683],[132.42160044110756,33.054063802202734],[132.4216901430857,33.05408825207121]]],[[[132.42250883281645,33.054280000121935],[132.42244444855248,33.05448782895019],[132.42227708202176,33.05437746774601],[132.42250883281645,33.054280000121935]]]]}},{"type":"Feature","id":"JP-38-capital","properties":{"Kind":"capital","PrefectureCode":"38","PrefectureName":"Ehime","CapitalName":"Matsuyama","CapitalNameJapanese":"松山市","PointKind":"prefecture-representative-point"},"geometry":{"type":"Point","coordinates":[132.765686,33.84164]}}]}
