{"type":"FeatureCollection","bbox":[135.4498620485947,35.34368694589591,136.83236286565375,36.29669335961091],"displayBbox":[135.4498620485947,35.34368694589591,136.83236286565375,36.29529934209103],"DataVersion":"2019-boundaries-v1","Attribution":{"BoundarySource":"MLIT National Land Numerical Information, via Fabio Crisci / piuccio","BoundarySourceURL":"https://github.com/piuccio/open-data-jp-prefectures-geojson/tree/513fb852832c99470e16b95a30ddd68bf3469dc0","BoundaryDate":"2019-01-01","CapitalSource":"Geospatial Information Authority of Japan (GSI), prefecture representative points","CapitalSourceURL":"https://maps.gsi.go.jp/","CapitalSourceRetrieved":"2026-10-04","Notice":"Simplified and enriched by Ashiato Kai. Modern geographic context, not historical immigration-era boundaries. See GEOLOCATION.md and THIRD_PARTY_NOTICES.md."},"features":[{"type":"Feature","id":"JP-18","bbox":[135.4498620485947,35.34368694589591,136.83236286565375,36.29669335961091],"properties":{"Kind":"prefecture","PrefectureCode":"18","PrefectureName":"Fukui","PrefectureNameJapanese":"福井県"},"geometry":{"type":"MultiPolygon","coordinates":[[[[135.96437350183567,35.99808077490786],[135.96389544741703,35.99811466675851],[135.9640807257449,35.99784938743932],[135.96437350183567,35.99808077490786]]],[[[135.96588377381715,35.998942999919564],[135.96566044067686,35.998931612703814],[135.96553258136362,35.998832639614704],[135.96571739294336,35.99872883806546],[135.96588377381715,35.998942999919564]]],[[[135.97363357992583,36.00404010816453],[135.97349438375886,36.00398825235601],[135.97355177669317,36.00387333338767],[135.97374533058257,36.00390483843762],[135.97363357992583,36.00404010816453]]],[[[135.97370014324713,36.00506472106008],[135.97380325591564,36.00535994600477],[135.97363600539734,36.005420919140136],[135.9735274185556,36.00518717095122],[135.97370014324713,36.00506472106008]]],[[[135.98316185473584,36.00993661298435],[135.98321491563593,36.01004689235026],[135.98302880723372,36.010117999945805],[135.98302269813905,36.00998327880535],[135.98316185473584,36.00993661298435]]],[[[135.99601741876893,36.02006550541881],[135.99573241192138,36.019692721142235],[135.9964529703284,36.01948355861941],[135.99641769082382,36.019909107919034],[135.99601741876893,36.02006550541881]]],[[[136.0148738908175,36.05187874760617],[136.01515778160638,36.05229569399114],[136.0150191699987,36.052352080584114],[136.01475583681247,36.052036531860495],[136.0148738908175,36.05187874760617]]],[[[136.01514442307678,36.05283355872183],[136.01528330717895,36.05298022465769],[136.01519302244014,36.05302522493423],[136.01508219178982,36.05295772092211],[136.01514442307678,36.05283355872183]]],[[[136.01725219203513,36.055101333259984],[136.01730080398897,36.055237999634016],[136.01713858607695,36.05524855857419],[136.01707386456724,36.0551168924307],[136.01725219203513,36.055101333259984]]],[[[136.01742581065275,36.05856966675674],[136.01756885861596,36.05869938676733],[136.01740496796492,36.05880633324574],[136.01732163408622,36.05861466703328],[136.01742581065275,36.05856966675674]]],[[[136.01925046673568,36.06141194620443],[136.0192240338621,36.061294504637715],[136.0193517771628,36.06127925213582],[136.01935024561737,36.06140930579488],[136.01925046673568,36.06141194620443]]],[[[136.01978124480866,36.06166350456715],[136.01989616107903,36.06178689155183],[136.0196036961537,36.061944747751966],[136.0195208560027,36.06175402672699],[136.01978124480866,36.06166350456715]]],[[[136.01953230886897,36.06224038728408],[136.01933944206166,36.06216030625319],[136.019396354758,36.06205150537272],[136.01953230886897,36.06224038728408]]],[[[136.01906202279417,36.06430663993956],[136.019002943631,36.06418469366872],[136.01910041485235,36.06414917134725],[136.0191775883751,36.06424586465499],[136.01906202279417,36.06430663993956]]],[[[136.0192282229042,36.06430083841303],[136.0193000517561,36.0644177206014],[136.0191781972161,36.0645370003823],[136.0190856156088,36.06443922519014],[136.0192282229042,36.06430083841303]]],[[[136.01928221819992,36.064946891585805],[136.01950622583172,36.06532333340516],[136.01932185491978,36.0654329733531],[136.01903669338878,36.065051586161815],[136.01928221819992,36.064946891585805]]],[[[136.019553191127,36.06535244086251],[136.01959805380716,36.06544635976172],[136.0195136056684,36.06554569437833],[136.01940214009676,36.06550253231609],[136.019553191127,36.06535244086251]]],[[[136.01910172516455,36.06542686515775],[136.01900571983822,36.065550279122135],[136.01891785967155,36.06537705440758],[136.01910172516455,36.06542686515775]]],[[[136.01878260703177,36.0652233063106],[136.0188750321571,36.06545313525402],[136.01882522680285,36.06554435978444],[136.01867583682042,36.065281918725645],[136.01878260703177,36.0652233063106]]],[[[136.01871944224854,36.066078225229944],[136.01861994755257,36.065997225091905],[136.01872627799537,36.06592544120622],[136.01882252883672,36.065946891835665],[136.01871944224854,36.066078225229944]]],[[[136.01896978023126,36.06613550484974],[136.01883280179243,36.066236108409726],[136.01879505814543,36.06614291886069],[136.01896978023126,36.06613550484974]]],[[[136.01956963702924,36.06684699988921],[136.01947425403364,36.06715002735194],[136.01927747067884,36.06693383842594],[136.01956963702924,36.06684699988921]]],[[[136.0201128922962,36.067503612901476],[136.02021011710326,36.06779200030064],[136.02008766541348,36.06783061269266],[136.0201128922962,36.067503612901476]]],[[[136.02081814514133,36.06946817111924],[136.02073741929655,36.069430973360795],[136.02067286596002,36.06920113542412],[136.02073547316365,36.06917938711905],[136.02081814514133,36.06946817111924]]],[[[136.02087022038438,36.06993466655166],[136.02079858578622,36.06979535976808],[136.02088581103146,36.06964886470337],[136.02094450078812,36.069919612799936],[136.02087022038438,36.06993466655166]]],[[[136.02121050586027,36.07074813481864],[136.02126933860916,36.071165720621536],[136.02120739330667,36.07119708088061],[136.02114955880518,36.07082089177078],[136.02121050586027,36.07074813481864]]],[[[136.02064916972347,36.07033717072392],[136.02048444899822,36.070039468147],[136.02063610886944,36.07001772074125],[136.02064916972347,36.07033717072392]]],[[[136.02102389113975,36.07079717125248],[136.0209730605584,36.07098744081782],[136.02082277575062,36.07083105410993],[136.02102389113975,36.07079717125248]]],[[[136.0244397536917,36.07619963980159],[136.02420683467778,36.07625510818673],[136.02415358042344,36.07602627928941],[136.02436894916775,36.07598702658004],[136.0244397536917,36.07619963980159]]],[[[136.02471713428838,36.07637380160969],[136.0248518940997,36.07663541439291],[136.02473396869777,36.07659697287204],[136.02466533064057,36.07650646779928],[136.02471713428838,36.07637380160969]]],[[[136.02493330702657,36.077061198415606],[136.0246463936162,36.07701555872109],[136.0248320883303,36.076817667401485],[136.02493330702657,36.077061198415606]]],[[[136.0259827762842,36.07906530611905],[136.02610208844067,36.07923038657316],[136.0260223608434,36.07928855921966],[136.02592427988168,36.07910263967511],[136.0259827762842,36.07906530611905]]],[[[136.0256289110455,36.08087936009446],[136.02577724972036,36.080939639852545],[136.02587975444715,36.081092135193956],[136.0256280800719,36.08106380205288],[136.0256289110455,36.08087936009446]]],[[[136.02652946786077,36.08120325182864],[136.02618197072138,36.081205467758195],[136.02635280234006,36.080946586216044],[136.02652946786077,36.08120325182864]]],[[[136.02349891084611,36.08215158602695],[136.0235703107213,36.08221519777322],[136.02348169872153,36.08230102727066],[136.0234100263517,36.08218491939857],[136.02349891084611,36.08215158602695]]],[[[136.02585114071758,36.08405880167243],[136.0260394677473,36.084227134974356],[136.0258780799095,36.08425574780455],[136.02585114071758,36.08405880167243]]],[[[136.028775745904,36.0846683603566],[136.02862080440661,36.08462053171223],[136.02870800267226,36.08452277540579],[136.028775745904,36.0846683603566]]],[[[136.0285026721607,36.08452997268017],[136.0285915296754,36.08467161320442],[136.02842678286981,36.08476850526233],[136.02837538301753,36.08455419771809],[136.0285026721607,36.08452997268017]]],[[[136.02883114144413,36.08487408117395],[136.02894418892322,36.0850438021298],[136.02876141430784,36.085067973208425],[136.02883114144413,36.08487408117395]]],[[[136.0301109468628,36.08638180177877],[136.02983247718714,36.08622386463969],[136.02993466894986,36.08610308119228],[136.0301109468628,36.08638180177877]]],[[[136.02981177659228,36.08736530576431],[136.02991752337505,36.08752833306619],[136.02975724979729,36.08755430638621],[136.02963844395913,36.08738094587403],[136.02981177659228,36.08736530576431]]],[[[136.0290288852749,36.09103286517467],[136.02938070005928,36.090218081199566],[136.0295343843045,36.09031472144727],[136.0290288852749,36.09103286517467]]],[[[136.0302692221469,36.09150605426106],[136.03036510966217,36.091638748329615],[136.0301556683495,36.091654999978346],[136.0302692221469,36.09150605426106]]],[[[136.0282429443564,36.09178694581095],[136.02814883300232,36.09171219775976],[136.02838739256413,36.09165697309089],[136.02842758776308,36.09173219778273],[136.0282429443564,36.09178694581095]]],[[[136.02688844394663,36.09523819758482],[136.02696736665075,36.0953835586044],[136.0267590791682,36.095318667122854],[136.02688844394663,36.09523819758482]]],[[[136.02924147871136,36.09577733305753],[136.02938758796688,36.09584635962187],[136.02932391686534,36.0959588648098],[136.02918946821944,36.09594538667034],[136.02924147871136,36.09577733305753]]],[[[136.03389564207032,36.1001740537896],[136.033701971269,36.10020522519102],[136.03369891087607,36.10012313507468],[136.0338647206804,36.10005105441269],[136.03389564207032,36.1001740537896]]],[[[136.03414367059395,36.100605748156795],[136.0339366151827,36.10042964021579],[136.03408518768128,36.10026125205519],[136.03414367059395,36.100605748156795]]],[[[136.0341334111281,36.10305936040123],[136.0342014403443,36.10309291860335],[136.03402533060455,36.103353197691945],[136.0339683918279,36.103285135200906],[136.03412130985066,36.10316410803722],[136.0341334111281,36.10305936040123]]],[[[136.03428510967012,36.10346786485013],[136.034045161555,36.10346066667648],[136.03416841813805,36.10327236033123],[136.0342142799651,36.103024224788214],[136.03439147878373,36.10301205426293],[136.03429438437843,36.10323525160561],[136.03428510967012,36.10346786485013]]],[[[136.03393033701548,36.104477918621114],[136.03390116660557,36.10473417144493],[136.03374988265102,36.10458477516727],[136.03393033701548,36.104477918621114]]],[[[136.0338825029752,36.1047932793864],[136.03380328079686,36.10492238695866],[136.03368469529255,36.104824225057996],[136.0338825029752,36.1047932793864]]],[[[136.03775357986387,36.105728333295986],[136.0376047465619,36.10560258559093],[136.037800078411,36.105481802143515],[136.03775357986387,36.105728333295986]]],[[[136.0418563041252,36.10571905409114],[136.04194844416543,36.10583377520862],[136.04179263302365,36.1058562519645],[136.0418563041252,36.10571905409114]]],[[[136.0425951358569,36.10700897328553],[136.04252652388004,36.10709546828127],[136.04240367109264,36.10700835994788],[136.04246233476897,36.10690219767832],[136.0425951358569,36.10700897328553]]],[[[136.04487038915715,36.10866355857644],[136.04499625197548,36.1087470813128],[136.0448872757272,36.10882597343999],[136.04479761331925,36.108769531988344],[136.04487038915715,36.10866355857644]]],[[[136.04746396918688,36.11167708063283],[136.04713238734985,36.111927000430796],[136.04702678265994,36.11189633264968],[136.0473474970894,36.111691414027575],[136.04746396918688,36.11167708063283]]],[[[136.04705014344938,36.11283835990241],[136.04703302215626,36.11272491941952],[136.04723510971257,36.112598224728345],[136.04742202300804,36.112603640445684],[136.04720325572578,36.11285125168399],[136.04705014344938,36.11283835990241]]],[[[136.04814080435472,36.11515633279856],[136.04813167263865,36.115201333075106],[136.04762863775147,36.115133892015535],[136.04763780813835,36.11508889173899],[136.04814080435472,36.11515633279856]]],[[[136.04712953290164,36.115704135037845],[136.04652596640028,36.115778748190735],[136.0463506102925,36.115043081173326],[136.04696019505707,36.11523817110475],[136.04712953290164,36.115704135037845]]],[[[136.04830130995754,36.11670822540435],[136.04811280216416,36.11704227857837],[136.04801669341578,36.11692338730455],[136.04830130995754,36.11670822540435]]],[[[136.04898600520005,36.11838058579548],[136.04891150536173,36.118550838250655],[136.04882616059888,36.11848830569079],[136.04898600520005,36.11838058579548]]],[[[136.051634059864,36.119463224748074],[136.05148561596843,36.11947530624042],[136.05151863817468,36.11935127893844],[136.0516541893894,36.11931858588406],[136.051634059864,36.119463224748074]]],[[[136.05124046707397,36.12016305378194],[136.05111678331298,36.1204511713845],[136.05100272409652,36.120415918859635],[136.05106138777285,36.120182197650365],[136.05124046707397,36.12016305378194]]],[[[136.05387394282832,36.12154880203565],[136.0538534113059,36.12143044136184],[136.05413258065414,36.12136353180159],[136.05414260719567,36.12145891929373],[136.05387394282832,36.12154880203565]]],[[[136.05316411243393,36.122614252246024],[136.05312875468837,36.122778251714976],[136.0529231390916,36.12274189212468],[136.05306557731456,36.12261355886869],[136.05316411243393,36.122614252246024]]],[[[136.05382311314622,36.12237953188992],[136.05368416339354,36.122445387444714],[136.0535083917989,36.122752720861456],[136.05333710782133,36.12280622512725],[136.05341204922672,36.12237733304755],[136.05382311314622,36.12237953188992]]],[[[136.0545609987911,36.12345589177602],[136.05451214042296,36.12355017130341],[136.05433282729825,36.12354517107286],[136.05435997423353,36.12341491866363],[136.0545609987911,36.12345589177602]]],[[[136.05298466890736,36.12444274843415],[136.0529542799161,36.12464194556941],[136.05275810630167,36.124516107932095],[136.05298466890736,36.12444274843415]]],[[[136.05324175090618,36.12471533294632],[136.05311516233496,36.124580666664485],[136.05331124511792,36.124517440727345],[136.05324175090618,36.12471533294632]]],[[[136.05389396893156,36.12545346770344],[136.05359905335365,36.12548480188218],[136.05368403389116,36.12534269371042],[136.05389396893156,36.12545346770344]]],[[[136.05455938990394,36.12546519756086],[136.05451888533833,36.12559317108804],[136.0541818554084,36.125543801904996],[136.0543202197024,36.12540713463159],[136.05455938990394,36.12546519756086]]],[[[136.05319016939086,36.12579025211852],[136.05329199692812,36.125878026849534],[136.05323403382363,36.125997667258616],[136.0531298572572,36.12595822479227],[136.05319016939086,36.12579025211852]]],[[[136.0519819706915,36.12591297270558],[136.05189299626488,36.12604413522871],[136.05173377399456,36.125950026572525],[136.05184919568387,36.12589346820903],[136.0519819706915,36.12591297270558]]],[[[136.05123749661323,36.12595180183422],[136.04955717272537,36.12537986538854],[136.05184836560966,36.12460430624378],[136.05123749661323,36.12595180183422]]],[[[136.0547480541794,36.12828925224727],[136.05459394275636,36.12868644142617],[136.0545174707048,36.12858244112681],[136.05460457813888,36.12835291885216],[136.0547480541794,36.12828925224727]]],[[[136.05566710825053,36.12829380191749],[136.05545686114533,36.12893833343742],[136.05493832734203,36.129081730337646],[136.05566710825053,36.12829380191749]]],[[[136.05585185507914,36.12947130585616],[136.05586807974817,36.1296563332732],[136.0557015181106,36.129606721273205],[136.05585185507914,36.12947130585616]]],[[[136.05367795087682,36.12990766680542],[136.05369182921459,36.130093505411025],[136.05350114056523,36.130044108348955],[136.05367795087682,36.12990766680542]]],[[[136.06070294388587,36.1301048917274],[136.06041128385368,36.13021183820581],[136.06036849501015,36.13014599973815],[136.06052238699863,36.13006544116723],[136.06070294388587,36.1301048917274]]],[[[136.0612096111347,36.13074155867605],[136.0611818292781,36.130910440564435],[136.06097752309427,36.131027559274514],[136.06091795110262,36.130899054248005],[136.0612096111347,36.13074155867605]]],[[[136.06349452675113,36.132007027102645],[136.0638681446992,36.13229155910824],[136.0635572760475,36.13231553233601],[136.06349452675113,36.132007027102645]]],[[[136.06275747118036,36.132719170553344],[136.06233019518243,36.13236405435765],[136.062904189277,36.13209961320666],[136.06320372197422,36.13244461292862],[136.06275747118036,36.132719170553344]]],[[[136.0584313103567,36.131465081248564],[136.0584323868452,36.13424805400456],[136.05811155640322,36.134319026701746],[136.05823810630363,36.1316154407001],[136.0584313103567,36.131465081248564]]],[[[136.07620075206307,36.13962750530516],[136.0763907518318,36.1399166670206],[136.07632894862218,36.139961278790054],[136.07613160768756,36.13965972081951],[136.07620075206307,36.13962750530516]]],[[[136.24386028462447,36.29529934209103],[136.24074569405855,36.291151468265696],[136.2300425548201,36.28372122455494],[136.21735647162393,36.27585344088362],[136.19065783399196,36.26124550467637],[136.17595413707386,36.25410019766605],[136.1620339951728,36.24978150481263],[136.1578809988091,36.25012189191182],[136.15391910478297,36.25340913522348],[136.15107377393554,36.252462694098085],[136.1475167187217,36.253821747775476],[136.14117291809578,36.2528282253424],[136.13648255522583,36.2504590810218],[136.1334520485733,36.251567278707],[136.13152316466244,36.25079853192676],[136.1276345267121,36.25059153227346],[136.12647250280384,36.25105027914714],[136.1233974967971,36.250029694315],[136.13084072581887,36.24180389233584],[136.13146883302034,36.240467694028894],[136.13078316471137,36.23934991856396],[136.1254613617525,36.23821538693062],[136.1262507776513,36.235884224577376],[136.13054564206777,36.23244802655523],[136.1331725033084,36.22840013485836],[136.13471080356078,36.22074553188082],[136.12965900136192,36.21903413461769],[136.13201708222266,36.21392205356],[136.12721866401023,36.20896617125186],[136.12183214044103,36.20113719782347],[136.12655360636393,36.19891789224698],[136.131096641397,36.20518541417556],[136.1339874707453,36.20383033280365],[136.12726230900842,36.194431838258765],[136.12765219209507,36.19008758577354],[136.1210553312386,36.189608613147016],[136.11442369629663,36.19268680185445],[136.11163841767893,36.18922253239401],[136.0948891956799,36.16569519837475],[136.09039418894076,36.16052786476922],[136.0950286643415,36.15785350493536],[136.09336708232502,36.15322464040486],[136.08505944203966,36.14518997313883],[136.0766017246899,36.138456918951704],[136.06717422790837,36.13242836038057],[136.06205481198003,36.129881838276276],[136.0548210251702,36.12792030627719],[136.054894188616,36.125798387385714],[136.0543176647285,36.12104346758201],[136.04856011685592,36.11694783807235],[136.04863019472782,36.10996822485373],[136.04144474737723,36.10511480230633],[136.03585474679915,36.102423973187854],[136.03229077759738,36.097262891669175],[136.02859527894907,36.09542550478329],[136.03083252869828,36.09309519768527],[136.03037878115595,36.08601425155649],[136.02654119322153,36.079853559194476],[136.02593946763238,36.0771238020219],[136.02423620024047,36.07574750474362],[136.02613878078023,36.07279774821757],[136.02129002571417,36.07092289197794],[136.0209230222797,36.06811527869718],[136.02023372160897,36.067226892407234],[136.0197524116445,36.06561297266063],[136.0192202198374,36.06478610809245],[136.02019313880237,36.063956559047995],[136.01969403395253,36.0631472519442],[136.01990875518493,36.061884135244725],[136.0201498049696,36.06166308098648],[136.01980027176523,36.061444387448546],[136.01959610857364,36.06087525239104],[136.01940289192999,36.05964822458594],[136.0185146953969,36.05756677518656],[136.01894775583435,36.05689277468184],[136.01556027228878,36.052992135278885],[136.0165749161995,36.04967017094168],[136.0115523086921,36.047019224957296],[136.00960975418684,36.043116386711915],[136.00949691265248,36.036878838287805],[136.0106211668334,36.033334441031684],[136.0050143057657,36.029538053738236],[135.99844666658043,36.021480999648475],[135.9975577820661,36.01917694555965],[135.99158005227764,36.01483683804969],[135.98559033722438,36.008916585731924],[135.98260980499856,36.00879197297121],[135.97925160787543,36.00519669387239],[135.97501722376592,36.004674586163276],[135.97181600510464,36.00136789231442],[135.9639579511986,35.99744966666884],[135.96529516214207,35.99196161323789],[135.96076988332356,35.99043910777863],[135.9620391828621,35.98673467616442],[135.95768958480653,35.98176827898294],[135.95977929987487,35.97998077479298],[135.96067985669015,35.978233838121184],[135.95851044100414,35.976119252301714],[135.96148403406096,35.973134387142295],[135.9619820228521,35.97163055880333],[135.96699263340338,35.96966550505908],[135.96745708197886,35.9665835589841],[135.96979152955555,35.9634168922758],[135.96953542242193,35.962397170792826],[135.9733798568949,35.959377170919765],[135.9766353829167,35.95722494577467],[135.9774448384086,35.957030224565244],[135.97854761318183,35.955805224731364],[135.98120125803166,35.95441474784241],[135.98672011683993,35.94898494619838],[135.98646538297112,35.94396744144433],[135.9939848511201,35.9391889908793],[135.99672450083506,35.93582577463985],[135.99742081711713,35.92883492798961],[135.99816831381668,35.92748578394185],[135.99761807981065,35.923293125677276],[135.9951705056144,35.912248000345016],[135.9978604408068,35.90296691858845],[135.99528439665767,35.89849585629878],[135.995013891378,35.89492870259761],[135.9954334502936,35.893354135385096],[135.9949956684154,35.89234136026562],[135.9975495325849,35.88448719772606],[136.01346549943332,35.87023610801003],[136.02098413660872,35.86517108128044],[136.0298659400612,35.85714777514977],[136.03873505767683,35.85055474810321],[136.04199418908058,35.847230585822956],[136.04339194598163,35.8441039191606],[136.0456438393917,35.84302925179861],[136.0544966154265,35.83506308139613],[136.0585090792307,35.832703081382135],[136.06156800266126,35.8296805858904],[136.06467936376168,35.82870491859717],[136.07030994804575,35.82483199989696],[136.076399948299,35.81165310800458],[136.08383608256918,35.80111576597989],[136.0876768873785,35.797870892427795],[136.09014415043225,35.791123693703526],[136.09980243843188,35.77916119783106],[136.0990082750119,35.77150508129449],[136.09671966318194,35.76734425183582],[136.10120994758108,35.75815008056185],[136.10139632937717,35.75291341372309],[136.09992549896265,35.74667650471696],[136.09456022007817,35.74217432408585],[136.08817053244422,35.74134230640237],[136.08649469527404,35.738167305676654],[136.0955246692282,35.73656317055395],[136.09726130956187,35.73382455865652],[136.09602658895597,35.72947317095014],[136.09856686077205,35.726314000091065],[136.09495574641062,35.72003677537691],[136.09095630389038,35.71693594623696],[136.0924221142892,35.71103902682967],[136.0870157462797,35.707370972792205],[136.08421713431335,35.70742400041735],[136.07853661517277,35.70356122517046],[136.08160936388106,35.6994601349773],[136.08005024612203,35.69729374820798],[136.0814039434373,35.689165531664],[136.0861551103701,35.685340170912184],[136.08250369558914,35.68141472101263],[136.07559616123388,35.679515108235705],[136.0742947208248,35.678059586081076],[136.07429352832378,35.667396919032626],[136.07156631623252,35.665705892313156],[136.06677494240978,35.66591538668581],[136.06255268475866,35.66806075719825],[136.06229416294536,35.663782639956935],[136.06785778191113,35.664284585765074],[136.07165194608046,35.66313086529726],[136.07184866378486,35.660677252153505],[136.0560116727006,35.65666999992061],[136.0482795589545,35.65706110788386],[136.04323055814382,35.65996577510049],[136.04556544728757,35.66345325156635],[136.04238518822592,35.66699846810485],[136.04284966288174,35.66948319779141],[136.03779110227765,35.67215430567671],[136.0363353049304,35.6755909461653],[136.03337836641856,35.67566058606724],[136.02653036268612,35.679095080773436],[136.02545697775736,35.68349617131133],[136.03151710792827,35.691637305717165],[136.03623985718377,35.69432508073794],[136.03972732825366,35.69188730555476],[136.04418564175398,35.69114466699284],[136.04418963744183,35.69802408134632],[136.0410090267452,35.698630360203026],[136.0417682227254,35.7059436668668],[136.0376904672413,35.70981755863346],[136.03998267186284,35.71291397300149],[136.0364788331317,35.71746586455805],[136.03578133603992,35.721032531725996],[136.03839936413942,35.725219467604404],[136.03640939018123,35.72962502687352],[136.0281416339293,35.737362909770525],[136.027715499171,35.74139530614849],[136.02247158199793,35.74537713544652],[136.02404438384133,35.74997419815077],[136.02920688718814,35.744561972856786],[136.0358013099825,35.739372801913305],[136.03625214012425,35.74194141406508],[136.0329490786371,35.74709197261649],[136.03277630358366,35.750005026910515],[136.03028713394417,35.75321586472046],[136.02595230905183,35.75482459537881],[136.0234615817866,35.76041058587987],[136.0199854727514,35.763662504720855],[136.00909219165135,35.7553358383783],[136.0053716855549,35.75608575695219],[136.00115516198116,35.74988109044],[135.9948066668942,35.7486569458614],[135.98450094706118,35.73973317104907],[135.98416586326402,35.735769999985564],[135.98110027225982,35.733104720606434],[135.97601616101713,35.73251672136962],[135.97442944216505,35.73530222481787],[135.96844722386038,35.735115558836014],[135.9674661093735,35.732518332954726],[135.9618252530331,35.72747697278413],[135.95876163424214,35.72699613496371],[135.95448717274485,35.722719468328876],[135.95440466894036,35.72012169386113],[135.95943189356706,35.716678919096864],[135.95854827458322,35.71075669366655],[135.9596143579164,35.70817864043198],[135.95965547312164,35.70182308117029],[135.96262269807914,35.699678946326344],[135.96671988341598,35.70152398194625],[135.96556855964138,35.710746972894526],[135.97124496798097,35.711807252003155],[135.97264238673677,35.70875366694821],[135.9707026722906,35.70417823383849],[135.97543208822037,35.69827235988157],[135.9762615824062,35.689581441130656],[135.97756516230243,35.68669366677938],[135.9730064979516,35.677529252273246],[135.96825175081767,35.67423786488558],[135.96886005224962,35.66891453217994],[135.96689418911558,35.66731813482414],[135.96682027203804,35.65969483814632],[135.9631555248077,35.6571809461438],[135.97131691284528,35.65607150469623],[135.97462219206056,35.6546520543489],[135.97626688660762,35.65098400031144],[135.98559044064643,35.64319458626119],[135.98488527863276,35.636486224759494],[135.98088418855457,35.630277108401856],[135.9742636449513,35.6247127483947],[135.96822247698583,35.62228272087094],[135.96234678337737,35.62245283842782],[135.96113824923088,35.62469133283878],[135.95457705638614,35.629088891739],[135.9548081452798,35.63331700037929],[135.95001016863444,35.633878892297105],[135.94813005226013,35.632089441074925],[135.95140844444427,35.62862664020736],[135.95013808010833,35.62653241413966],[135.94502972763985,35.62376889192086],[135.94457861241312,35.620852747556285],[135.93980252886365,35.615675837969604],[135.93795341122097,35.614351532297405],[135.93359613475388,35.61252913531138],[135.92579700442832,35.61010833303317],[135.91796564240053,35.60908238734237],[135.913539584884,35.60936413504686],[135.9092530607802,35.61326594626644],[135.90759507065604,35.6163278293659],[135.90787144041474,35.62435122542877],[135.89885914443403,35.62399066743541],[135.89441175140132,35.620033332972014],[135.8962118290127,35.61636041360225],[135.89554649797253,35.613499359907564],[135.89148133569518,35.61198280166502],[135.88893963665498,35.61536808097219],[135.8851118027676,35.617845667343715],[135.87991241192833,35.61638141367138],[135.8766396629901,35.61033125158605],[135.87015133591547,35.60830374801958],[135.86523050558344,35.610300973211395],[135.85925605742113,35.6110706939574],[135.85742105104077,35.61394513496009],[135.85691053199548,35.618121531683414],[135.85981386461822,35.62038069431367],[135.85928997355347,35.623165694141505],[135.85552664084184,35.62469708130533],[135.84906024643328,35.62277236035618],[135.84356525293413,35.62662319800222],[135.84613444874583,35.635495413782394],[135.8393741630872,35.637630972691284],[135.83441416278345,35.63650041426274],[135.82769472073483,35.63884819788609],[135.82282416340445,35.6441620544353],[135.81885472136833,35.644057612568815],[135.81464289225573,35.64224963980911],[135.81307092138593,35.634943999865754],[135.81549888496568,35.63252997307984],[135.82007289175067,35.63501353184904],[135.82205608302183,35.63750280221262],[135.8277146173358,35.63526291924836],[135.83282538268531,35.63139880221303],[135.82356822289523,35.6313470003638],[135.82314605684508,35.62870464020705],[135.82924503233244,35.6242501353355],[135.83901442257763,35.62029966719592],[135.83868466906233,35.616138972635554],[135.83499199698315,35.615480360430354],[135.8268564977293,35.609566252280786],[135.83423542162745,35.604795972955856],[135.8394145273586,35.60745980172851],[135.8430351097826,35.607536279175974],[135.84618422801975,35.601369332928414],[135.85351858601405,35.60307094556771],[135.8555331132626,35.59205922465355],[135.85751202286167,35.58952246828733],[135.8545440595608,35.5865975051708],[135.85737500575203,35.58180353230722],[135.84841055820073,35.57753191896296],[135.8498738909674,35.573718504805186],[135.8481980034352,35.57087069362768],[135.8428183012237,35.57103150500001],[135.8404712451519,35.568337639770334],[135.83969289181357,35.563147720590905],[135.83468061032193,35.56178155867207],[135.82793866363852,35.56401310761885],[135.82782577174203,35.568520333446656],[135.8233707002977,35.570243919221525],[135.8212067443958,35.57373164030304],[135.81544627822325,35.57144036018451],[135.8102264457939,35.57149044073128],[135.80319756231768,35.568372386876206],[135.80500557734558,35.56429238668437],[135.80909616075928,35.564934919011364],[135.81283450131127,35.563382413967304],[135.81356141432786,35.561195467796665],[135.81167335873863,35.559012693580996],[135.81553752343802,35.55662408073681],[135.81875391725953,35.55682158624728],[135.82458752259618,35.552586026723816],[135.82552085610268,35.54666102688492],[135.82740002639014,35.54351102731209],[135.83105613473288,35.54226353183657],[135.83373464313934,35.53590335995216],[135.82722167284203,35.53328355928886],[135.82189167256274,35.53355630567904],[135.82047277619768,35.536387134958375],[135.81316416309573,35.535878251779934],[135.81641555133672,35.532963801738106],[135.81540416297184,35.52973383804624],[135.8119480287786,35.5275468918756],[135.8064450843732,35.5282374408053],[135.805882749989,35.53204241392632],[135.79621549934586,35.526120747874245],[135.79521191979438,35.53094963961422],[135.79229938980507,35.52984991893868],[135.78845688707577,35.53142046798024],[135.7857749423598,35.5365499194433],[135.7886085856178,35.5372196400744],[135.79006469502974,35.54045686489246],[135.7848405323648,35.54297964039813],[135.7796627504357,35.55030269391426],[135.77348664099577,35.550444359619576],[135.76593330707658,35.55730627856195],[135.76427549861546,35.55319797310801],[135.76882939026416,35.54813241397977],[135.77143105070252,35.546638801939196],[135.7695080033917,35.543311865250416],[135.7639868872851,35.544966586338944],[135.75883130961734,35.54257186529941],[135.75396992177457,35.545995387377275],[135.75581549878632,35.54879074829444],[135.75256688675245,35.54998380241062],[135.75005771709004,35.555654053991475],[135.75277438373087,35.55807183814488],[135.7507688586959,35.565650171418326],[135.7474269132215,35.56628738695338],[135.7450802195765,35.56430627941131],[135.7411824768899,35.568281558946865],[135.73582968868925,35.57134794585107],[135.72866717315162,35.56904794590605],[135.7197152270761,35.5690365586903],[135.7150977173858,35.569988775261834],[135.71190686071316,35.567142946190074],[135.71140408573,35.56375600043913],[135.70765658918026,35.56429933304781],[135.7035543316672,35.55809266734275],[135.69531933861663,35.551645441084304],[135.6900679121045,35.54877738706682],[135.6891515299193,35.54487738708178],[135.69446430638266,35.54268266717139],[135.69732291841797,35.54435044102007],[135.70288928661137,35.544305000075724],[135.70782756199242,35.542248586003495],[135.7125782226069,35.542539333223715],[135.71678211430321,35.540743774705504],[135.71852347607762,35.53584435992934],[135.71723542207712,35.53211797316595],[135.7166420493911,35.525394081271884],[135.71806900098363,35.519703531992434],[135.72299177744867,35.521766027280364],[135.72719344961808,35.521571585760114],[135.7320680538976,35.52544246839523],[135.73449058377344,35.528886387097145],[135.73713897478387,35.535280585730504],[135.7433703763419,35.53700958632339],[135.75054766504275,35.53612713465958],[135.75667169923963,35.537171865389325],[135.7580061996265,35.538643080713655],[135.76333379961522,35.5375787483606],[135.76503761289553,35.53399500036903],[135.76341141380578,35.53105561302618],[135.7519751616245,35.53206283842928],[135.75094983106987,35.53003927928938],[135.75068394290975,35.517453666553536],[135.74919152966538,35.51380730596247],[135.74648150541725,35.509957999861854],[135.7405950316355,35.50267374759545],[135.7361845269944,35.5007249463992],[135.7408356155713,35.49859960378876],[135.73746894863314,35.49441446835306],[135.73390978001237,35.4930817207449],[135.7307417769115,35.49515861327944],[135.72721241182342,35.49175269363195],[135.71999516174742,35.4911197750576],[135.71963138777835,35.485040386804485],[135.71420744521754,35.48322305390087],[135.71084591430758,35.48492200005029],[135.70770070002732,35.48982758597435],[135.7021673927111,35.4894913600383],[135.7002225809074,35.49277591887363],[135.6960783916046,35.49122153244781],[135.69173710778136,35.487723387324536],[135.67547102496792,35.48757410795878],[135.66541022020556,35.490137225252795],[135.66288564155923,35.49377913509903],[135.66027422797333,35.49210353175266],[135.6582088854318,35.48545530611756],[135.65432761292902,35.4804230273009],[135.6481792736546,35.47828930570694],[135.6385139952248,35.47973991936186],[135.63179958488297,35.48244822500561],[135.62645891055035,35.481485999879055],[135.62074610934553,35.485967225407194],[135.60381319092608,35.483476053876814],[135.59795994799322,35.488311468399615],[135.59233697826903,35.49044441387866],[135.58350722397927,35.490740774667074],[135.5922204414203,35.494522747626775],[135.5967879766838,35.49213983828298],[135.6059199742275,35.49028919808808],[135.6095160573202,35.49204283830642],[135.61610985688446,35.49242086473117],[135.62380894932357,35.49102119767019],[135.62850233481493,35.491846332842044],[135.63027102518777,35.49636127934963],[135.63641958479604,35.50394525227165],[135.64204824902754,35.50687899996592],[135.64214380019632,35.50976769432367],[135.6373827236339,35.51243197275738],[135.63954968866722,35.516750359841296],[135.63477380027075,35.51884919763239],[135.64426302202094,35.525695586182394],[135.6546970301439,35.53093025202958],[135.6580384953803,35.53094984735765],[135.66123885878642,35.5292433064335],[135.66159192003113,35.525993973143386],[135.66611525271685,35.523490532162384],[135.6688505578071,35.52521800031053],[135.66565105055565,35.53370072061182],[135.66200671883507,35.53285794613737],[135.65963464272465,35.534733838395994],[135.66117797738184,35.53852886501517],[135.66610216578238,35.538841694188875],[135.6653086381832,35.54137527864623],[135.65692588831917,35.54494769428072],[135.6519636451062,35.54548225220424],[135.65190066108676,35.5426727206696],[135.64694927359017,35.54281741439223],[135.64299822268993,35.54162894591917],[135.6419645266417,35.53919527883909],[135.6366335541952,35.53698174780948],[135.63308474666383,35.53751841374384],[135.6300220226982,35.53399391938393],[135.62673513641744,35.53307933314477],[135.6196767443863,35.52651419767216],[135.62063749732272,35.52149325211195],[135.6179091961526,35.51881264019124],[135.6125710246331,35.51883835990242],[135.603263722243,35.51509030577307],[135.591910026027,35.502407666980275],[135.58777722393984,35.5001643333174],[135.58082069991542,35.49819874807383],[135.57686474681066,35.49958522477834],[135.5748828658517,35.49338058614518],[135.564463410558,35.49032900028317],[135.55606552510392,35.490567252276946],[135.55151488990032,35.49401046770896],[135.54612158184557,35.49446317113848],[135.54282272378975,35.490954919434046],[135.536140078402,35.48886638697422],[135.51903713415652,35.49377833290379],[135.5142064716514,35.49720210769118],[135.51368946759487,35.50129233317466],[135.51055299562427,35.50093241369996],[135.5073089746295,35.50570222537743],[135.51014966317643,35.509208891577146],[135.5088966674473,35.51219817060911],[135.51018980531535,35.51478441396961],[135.51345450082465,35.51568280162007],[135.5143068611727,35.52137577457239],[135.51250797696161,35.52282966715546],[135.51668435839645,35.52610383792182],[135.51680130983266,35.52906217128225],[135.51444852058285,35.532108559062806],[135.5141377823328,35.53574989244362],[135.51644632943464,35.53958380215079],[135.5183149416813,35.545810747568],[135.51831691299515,35.549614081224945],[135.5036788333116,35.5494896672144],[135.5020802200262,35.553400504929414],[135.49929577238208,35.55383994605671],[135.4994338003297,35.547522721296616],[135.50219907892438,35.54258883820438],[135.50130131000753,35.54009722510693],[135.50741394259944,35.538871774712675],[135.50925350224736,35.53691991941878],[135.50581649843275,35.53285613490277],[135.50281438427646,35.53327699963387],[135.50263325631977,35.52473189156359],[135.49732016869086,35.52497217062921],[135.49463291797485,35.52224541359499],[135.49185163414563,35.523605639988375],[135.49376988267397,35.52832910780211],[135.48866988310863,35.52906161280322],[135.4875099995869,35.5228131708912],[135.48087717304315,35.52194141396512],[135.47787622620694,35.52553522537039],[135.48216072593686,35.52996855930161],[135.48350822332588,35.53430438693795],[135.48062044088067,35.53534466692287],[135.46998472111807,35.52963199971708],[135.46823785998936,35.53144417141141],[135.47187027209543,35.53619897340394],[135.47474211405734,35.53806077508477],[135.4733186896059,35.54077383814217],[135.47794654959364,35.54212383834454],[135.47989654958621,35.54662077502877],[135.4774724117225,35.54845397287261],[135.47856608265863,35.55111055940483],[135.4837488072617,35.554177720625376],[135.48659963656405,35.55793633279558],[135.46684489017957,35.551913838353016],[135.4604845780009,35.548456892071954],[135.4596381972451,35.54342522479436],[135.45413761266082,35.536933865205754],[135.45453927416827,35.53415386470914],[135.4498620485947,35.52724969381836],[135.44992619993423,35.52079608057471],[135.4597606606261,35.51445441404002],[135.46363817126462,35.51316441390662],[135.46665593991975,35.50948608061816],[135.4730323346746,35.50823080240963],[135.47622455292083,35.50549274809191],[135.47257594042742,35.50117636020093],[135.4763031653589,35.489681081017125],[135.47066730205438,35.4892999726157],[135.46958647163842,35.48478719797089],[135.46248092095777,35.478807468090224],[135.45895450114938,35.47297163962952],[135.4584292224307,35.468856919311406],[135.46276839194775,35.46224691935987],[135.469452308977,35.458158306360815],[135.470321751048,35.45448719822565],[135.480862023064,35.44808219783522],[135.48603619961102,35.44864219757943],[135.49098369574108,35.438552467922136],[135.4951639694417,35.43895302686076],[135.49778817138701,35.437545252411496],[135.50048538299404,35.4325471981947],[135.4954734108693,35.42925913470134],[135.49536396877215,35.426409414263105],[135.5005067436913,35.42326053164828],[135.50204897488038,35.420031360259145],[135.5056945530613,35.42089746764407],[135.51014483831375,35.424421918836515],[135.51590399507336,35.42194827869014],[135.5208078857754,35.42292633278407],[135.52393066107118,35.42183133264996],[135.52702263278832,35.418415224582986],[135.5277228916982,35.412141892134684],[135.5299698307432,35.40842383759008],[135.5251978858738,35.403084693903565],[135.52790345038397,35.39765969373991],[135.52983483800745,35.39757219779875],[135.53164233502582,35.39279691914254],[135.52878150526237,35.39072246826737],[135.52714649821235,35.384685802307956],[135.52754119267195,35.38021719786542],[135.5369801171388,35.3766713598954],[135.5504095592538,35.3768749727019],[135.55326708221014,35.37784691860048],[135.5587804146844,35.376479693682995],[135.56583847036916,35.377326640112415],[135.56808403435082,35.374881081296905],[135.5717284703927,35.374263864885506],[135.57961155602857,35.374873865136806],[135.583948495227,35.37020246806952],[135.58810238731542,35.36825746830755],[135.59386933939857,35.37048219769531],[135.5949482488627,35.37264969422807],[135.59978574621528,35.37121858596902],[135.6070626977853,35.37149553219308],[135.61167824875224,35.36921635964734],[135.6150960574372,35.37105997343906],[135.61775688697082,35.36985358597428],[135.623470778154,35.36989913483728],[135.62836800308094,35.366879134964165],[135.6366374707427,35.363709414158166],[135.6423644227799,35.366715252407005],[135.65244333269368,35.359939413872894],[135.65932805394664,35.358497467883865],[135.6613433330284,35.35634191884452],[135.66819836586194,35.357066359624866],[135.66949557675957,35.35434441396359],[135.67366836630208,35.353278026659666],[135.67711447485317,35.34983774841339],[135.6800964459942,35.350028305761725],[135.68526033699504,35.347433332682215],[135.68995282676156,35.34785389164381],[135.69235116667312,35.34594055880979],[135.7009864722479,35.34368694589591],[135.71072428010154,35.348001386754675],[135.71279153010505,35.353078333098665],[135.7189384952154,35.35530000029485],[135.72501654977407,35.3517352792598],[135.72779795141435,35.35258138662175],[135.73147907889643,35.35055222470544],[135.7363704672233,35.35114638699622],[135.74062189438496,35.353946945994835],[135.740168002951,35.35827222458357],[135.7441410890401,35.35893833263799],[135.75075386519882,35.35700364000604],[135.75518167279597,35.35444558589512],[135.76003416274648,35.35435419768811],[135.76437391682282,35.356524467730026],[135.76878530459817,35.35601446759364],[135.77006866413763,35.35997558640423],[135.7777490012155,35.36593919773583],[135.7797765236677,35.37188780208044],[135.77914569421853,35.373524748068746],[135.7839237742628,35.377014197647156],[135.78997855976274,35.37836725194717],[135.79196022038798,35.381115586415206],[135.79089358037447,35.38663891935067],[135.7952397277313,35.38738530628689],[135.79910360644635,35.38491950463151],[135.80517807990452,35.38439200009077],[135.80752919641532,35.3853617210666],[135.8100745269179,35.39177089161342],[135.8080919966484,35.39524144103973],[135.81055919585026,35.40326144126254],[135.8107602716692,35.409466694132675],[135.81321442260753,35.41297780208396],[135.8192344232301,35.41254891899746],[135.8266952268034,35.414650026677464],[135.83203741919158,35.412240586433995],[135.83631488982041,35.412008359897925],[135.83837291817565,35.414223080730665],[135.84415732789842,35.41307753240227],[135.84602622612954,35.41135502671318],[135.8553714403398,35.40949697340665],[135.85433894938308,35.400778360033314],[135.86043306133672,35.395251694210344],[135.86453192031195,35.394422801671],[135.8755535022924,35.39740474763107],[135.88028680868933,35.40060197330246],[135.89057007784686,35.403175000226156],[135.8935459138129,35.41073444144138],[135.89298150469278,35.41984750465866],[135.90097730236073,35.425758892359056],[135.9027111925675,35.42943305369255],[135.9080756161968,35.42952166659171],[135.91416224399245,35.43210610771075],[135.9145950580156,35.437989720749044],[135.91281477268365,35.44000083776848],[135.91245508433474,35.448685559291164],[135.91557674357193,35.45611889217321],[135.9148531391611,35.45913610774522],[135.91732814537772,35.466755252253165],[135.91600983098897,35.47057830624391],[135.91814289158128,35.47382635979869],[135.92169092119912,35.47611969396877],[135.92373786001428,35.481702197798256],[135.9222942799571,35.48581830577024],[135.92482510979107,35.48997053231426],[135.92983372204867,35.49196135972903],[135.9332139948301,35.50230802659422],[135.93528817141203,35.503911640110175],[135.938021802864,35.51116191868766],[135.93759958465319,35.51384497316701],[135.93964708194733,35.52054274784956],[135.94702236089336,35.52047553162055],[135.95182011720476,35.511223586099675],[135.9523700778169,35.50622135992785],[135.95758619964352,35.5059605322528],[135.96257977973312,35.50133302659793],[135.9671869777968,35.50298441389964],[135.97264642019616,35.5001055320447],[135.98095105134996,35.48668917056881],[135.98950688743298,35.49268194601507],[135.99319022005272,35.49158722467075],[136.00666491605307,35.49181944131419],[136.01168630407972,35.49761666727545],[136.01172688688644,35.50484055884476],[136.0151032808917,35.50872917071473],[136.0159635543746,35.51227222528303],[136.02013216566695,35.51189610811895],[136.02353466879003,35.51923308134167],[136.02884216623306,35.52342808144084],[136.02616885860596,35.52685058638548],[136.0282755249956,35.52906780193757],[136.04093800278667,35.53218169373025],[136.0463768606037,35.530175585934614],[136.04834661510426,35.53453172116207],[136.05783269822052,35.53192450471215],[136.06071654972902,35.53186727905177],[136.06235155587967,35.52814838723833],[136.06923347574434,35.52624727888889],[136.07704680906306,35.530541440934826],[136.07669680911056,35.5344336941597],[136.07935263301772,35.535724802257846],[136.08051985680606,35.53894646790525],[136.08322847001796,35.54055841363993],[136.09007260666556,35.537691467587194],[136.09355732760866,35.53734313497773],[136.09742758791288,35.533889532376065],[136.1037831130003,35.53041119841811],[136.10719810590797,35.53036646793822],[136.10608758797184,35.538638972610556],[136.10797508418284,35.54012063985567],[136.1094061996365,35.54511869407253],[136.10905038916417,35.54965786471871],[136.10544958463072,35.55541927877675],[136.11009569366138,35.55928677456507],[136.11067819714117,35.56332400030243],[136.10889406001297,35.56719677511114],[136.11259905280406,35.57341094565868],[136.1122201954057,35.57983817099483],[136.1167657458426,35.57881066677891],[136.1215804408847,35.57616399976882],[136.132817393408,35.57452813476567],[136.13868680884923,35.575672585921154],[136.14333014257204,35.5711486938572],[136.14956094698016,35.571390332697774],[136.15086847040368,35.57288144102574],[136.1575639949824,35.57124172062896],[136.16323955885866,35.57114422512592],[136.16688036343805,35.56535225210479],[136.1703298048767,35.5710880813499],[136.1664660053019,35.58265446812925],[136.17242102541002,35.58833889212622],[136.17323800283168,35.590721946260885],[136.17748552513694,35.5949838649135],[136.17437002625581,35.60359191923175],[136.17080255509393,35.60867746759112],[136.17036119301474,35.612357468222626],[136.16688983060124,35.61862497306413],[136.16433927413823,35.61995469355429],[136.1626043056442,35.62390941368852],[136.15986596624145,35.62522774786231],[136.1597735537066,35.63495910757683],[136.15730664138846,35.64125855903535],[136.15544691264495,35.64183994555708],[136.15154391701822,35.64827661287546],[136.15006338471744,35.65454519780269],[136.15040147944478,35.658855467605804],[136.1478151101793,35.66251991895916],[136.1374870556831,35.665076305726984],[136.13449377376867,35.669822973351586],[136.1396140863211,35.67797017098667],[136.14231269817253,35.67901766713169],[136.14349411236344,35.683039054009214],[136.14814688716922,35.68731180229787],[136.1502605322978,35.69112263989797],[136.14979358000983,35.69540653168616],[136.15135693897162,35.69842986534604],[136.15675389107923,35.700368720939764],[136.16137691271445,35.697701775116855],[136.1660444229118,35.69725122466434],[136.1667747209766,35.70221483844409],[136.17155833994548,35.701738440576605],[136.17459306082117,35.70373730613181],[136.1783569394213,35.70181036025997],[136.18528474719335,35.70372619770592],[136.1930914138377,35.70076172107662],[136.19850250328795,35.6895736673909],[136.20146277558672,35.68952558603701],[136.20419055784805,35.68679058581694],[136.20804250255946,35.68769474801428],[136.21181083010583,35.68244638729101],[136.2162988850855,35.684441386660694],[136.21947114108036,35.684353864639206],[136.22350391697228,35.68147691902465],[136.2276794683329,35.680469946331016],[136.2311353309309,35.6826932790716],[136.2344070042799,35.68246213531933],[136.2446498048447,35.67378822544629],[136.25037260741,35.676245134605324],[136.25747566786788,35.67127983819404],[136.26403097285117,35.67106036044731],[136.2693598831521,35.668727838319114],[136.27179489022205,35.66553061264773],[136.27428099856934,35.66533089210702],[136.28053408637902,35.66127530581076],[136.28074211395744,35.65863086462275],[136.284449947707,35.66339113539266],[136.29042302170512,35.66582527911339],[136.28916500596029,35.671725532307505],[136.2960053312811,35.67567717136444],[136.298932308879,35.678810225011944],[136.29435005171354,35.68106938674288],[136.2919181059359,35.68407077514621],[136.29177367121804,35.690392197941605],[136.29762063598366,35.69177577523192],[136.30474007759256,35.70153305430705],[136.30632730186358,35.70104750493846],[136.31084788622104,35.705665000239605],[136.31038258059164,35.710527252330905],[136.3130945266911,35.71289280206122],[136.32269286588314,35.71563197333694],[136.3235134109152,35.71803117120163],[136.320524254191,35.72293338736597],[136.323606200266,35.72497477466618],[136.32696007794527,35.73151702688932],[136.32404092085187,35.74046150499453],[136.32502535743436,35.74466041444663],[136.32004924757473,35.74729319772297],[136.31840199715452,35.75097541428397],[136.31982977972064,35.75314680218321],[136.32016588784552,35.75852822479777],[136.32202839189688,35.760993774643055],[136.32165671918233,35.76529991925594],[136.32794783392546,35.77510186495914],[136.33281228306043,35.77638772101659],[136.3467656162403,35.77624436008921],[136.34841228300047,35.780024386915954],[136.35601674427744,35.784422170646735],[136.35708869029088,35.78683161268884],[136.36406588793045,35.78817550469586],[136.3766584182515,35.79517802724422],[136.38895644578338,35.7917908018041],[136.38950061026503,35.788042198188975],[136.3960997796812,35.788042198188975],[136.40013644604016,35.78936691934791],[136.40166005226968,35.78607553196031],[136.40885143964226,35.780302747773646],[136.41466450086614,35.78260080158577],[136.41896394283174,35.782303305852906],[136.42397422782847,35.778591918882],[136.43072752305682,35.77502913498665],[136.43851252863033,35.77442469434425],[136.44120697841936,35.77517830643376],[136.44580474709142,35.77290830607353],[136.45153724974432,35.77664830587469],[136.45893224362817,35.779067197992845],[136.4615805842766,35.77871386515278],[136.46757666742928,35.773216386826846],[136.47459333271615,35.772751386967],[136.4845791699928,35.775142505322435],[136.4859321919172,35.773114440579036],[136.4965146951971,35.76553305410721],[136.49707466886093,35.76076250498568],[136.50059577187744,35.75413722465322],[136.5033621395512,35.75087333313786],[136.50615658855577,35.75033138728372],[136.50814603101458,35.75352833326605],[136.50815105103027,35.757007775188754],[136.51191518773578,35.758574171161115],[136.51370883339598,35.76224833339393],[136.51389522688328,35.766638332593004],[136.5119638392598,35.77191083831457],[136.51330688680343,35.77533027926904],[136.51846272437524,35.779433892060524],[136.520129143845,35.783203305987854],[136.52523608257923,35.787966639848605],[136.53064661534904,35.78414997284301],[136.5452810248994,35.778711080851735],[136.5506815823892,35.781080801637756],[136.55581769063394,35.78097774832446],[136.56159102520576,35.77868774794126],[136.5658348899683,35.779658027396124],[136.56864795134197,35.77766997259124],[136.57232377372327,35.77804410764952],[136.5770673926461,35.781519386610455],[136.58013516180836,35.7815591078666],[136.58599627830563,35.78442994618513],[136.5848201692155,35.788032441444045],[136.58609408587347,35.791523532285225],[136.59001491595563,35.795658532315485],[136.59543491588875,35.79537269359497],[136.59914963664653,35.79852991922047],[136.60681489029503,35.79220766725007],[136.6094807263545,35.792334891641985],[136.6114512839497,35.78879627882526],[136.62302486440603,35.78776735997576],[136.62774766492282,35.791074305634766],[136.62611099862374,35.795417918702015],[136.63242739330963,35.79572066737495],[136.63818377386212,35.797490667160616],[136.6407965885918,35.80348761276315],[136.64519518800762,35.80683174808678],[136.6525109992832,35.7987253598875],[136.65266929974848,35.79106313515564],[136.65432625205494,35.785882586012576],[136.6576654222215,35.78348258595264],[136.66613542161247,35.785136440993995],[136.6720495846207,35.79130835959319],[136.67759097324483,35.792088613198985],[136.68140958458469,35.78983500028511],[136.6897787546858,35.78928274820032],[136.69445875466783,35.7911577483315],[136.69712070026014,35.79406272131757],[136.7000429177465,35.794173837952314],[136.7051243058421,35.79142574809987],[136.71004791238136,35.79204325229432],[136.7119857202648,35.794721559252594],[136.7166796111752,35.79645655922286],[136.72058406010638,35.80021791882194],[136.72451769113854,35.80814758574252],[136.73238380027226,35.80657625159279],[136.74109655006578,35.80106877460429],[136.74515907912826,35.804294360396455],[136.7525635275848,35.807491613047546],[136.75446603078274,35.809242441085814],[136.76390963712015,35.810607198263654],[136.77157797724192,35.806795838157484],[136.77438547271151,35.80667336038732],[136.77414182928203,35.80004725177929],[136.7760212837553,35.798833107661835],[136.78339985691798,35.79810866688155],[136.7894326719803,35.79961480198159],[136.7927907261112,35.806947864952065],[136.79587408592045,35.80905813492507],[136.79843577239308,35.82121505433133],[136.7970896887382,35.828095332933344],[136.79942167307183,35.831342559111874],[136.79991697828598,35.8372025586512],[136.8022908953086,35.844026440767664],[136.80577141371987,35.84291533287637],[136.81544975390307,35.84253619758749],[136.8251161349018,35.845406505306016],[136.8310731128339,35.85181372072668],[136.83236286565375,35.85744344076221],[136.83014844429533,35.865572865095714],[136.82575457801147,35.8700817213944],[136.82600571998807,35.874581721169534],[136.82021963662703,35.879396414413065],[136.82287855959794,35.886405278980476],[136.82376858625128,35.89276638705917],[136.81653308713237,35.905043559312844],[136.81370258070956,35.9109226937274],[136.8114884183559,35.91264464003814],[136.80582785966806,35.912875747817566],[136.7994676392202,35.920318225006156],[136.79247875489068,35.92078655865282],[136.7865034757549,35.92229710762547],[136.78386321731364,35.92777572087289],[136.78685658916038,35.933646559041506],[136.79338552512195,35.94092344136379],[136.79345610931205,35.94558955941068],[136.78906000011898,35.9486584410343],[136.7848641888313,35.94864872116159],[136.77664919580377,35.95119180156047],[136.77210002559582,35.95022599983008],[136.76658422807975,35.95283599968167],[136.7578625552128,35.95571380235015],[136.75286535715054,35.95645991859044],[136.7499070300854,35.959404639812306],[136.74884593978834,35.96360186483423],[136.7505076387166,35.96703464003667],[136.7534773673866,35.96814408058492],[136.75241654958415,35.97312519786965],[136.75333547325351,35.97821213478227],[136.75153194584266,35.98726686527368],[136.74969333318086,35.9909001982856],[136.74141447479826,35.99194577527737],[136.72707949362382,35.99561555871111],[136.72939508421587,36.00145858624484],[136.7288854222245,36.00935555921171],[136.7323465503531,36.01328246781168],[136.73087269821656,36.01757274838366],[136.73438939005837,36.02098913524043],[136.73319608323277,36.02748219814498],[136.73572610907274,36.0323146943677],[136.73472700364835,36.04226274842716],[136.73539535730993,36.04789246756337],[136.73302063629342,36.048717504709145],[136.7405106606385,36.05431246774623],[136.74443236126456,36.05994219767433],[136.75273291759015,36.06237189244894],[136.7590187811919,36.06707769398042],[136.76425683478521,36.067682414312],[136.76407408625016,36.07419519755035],[136.76169466897386,36.07618189168102],[136.7598410888952,36.08059161301259],[136.7572535801886,36.081618279060365],[136.7542844486684,36.08629022471416],[136.74529861164172,36.08514525195187],[136.7388166409753,36.08038861264441],[136.7324808038461,36.08037555898488],[136.72475972837879,36.08234836038855],[136.71532555143312,36.08206502717934],[136.70710496821982,36.079555891691086],[136.69904525303605,36.07387841405762],[136.69559858600599,36.07444397341072],[136.6785174710045,36.07054013511919],[136.67423830065707,36.067228198222836],[136.67116664102775,36.069302080726516],[136.66863136224765,36.067785413665945],[136.66229053208247,36.067629053937765],[136.65896360618558,36.06896377465853],[136.6577455509165,36.074417386753055],[136.65496527882465,36.07775461258535],[136.6565219459311,36.079760973090515],[136.65681836607484,36.08457236042614],[136.65335447522887,36.08644764024643],[136.65134474676267,36.0922323602353],[136.64550752255423,36.094755107862],[136.64207335879848,36.09807205398215],[136.6322633587671,36.099410945758564],[136.62719031098413,36.103831747637116],[136.6221703106114,36.1064631351656],[136.61473085604428,36.10830783803635],[136.61143002577512,36.11276419820922],[136.61227474728184,36.116819747633315],[136.60442946824537,36.12218166665065],[136.6034086639787,36.127944694092434],[136.60009978028074,36.130486332878036],[136.59537199662043,36.13207105433577],[136.59048477305384,36.131217134563144],[136.58684924839417,36.132963531641735],[136.58486341131743,36.135945440729586],[136.58171425440935,36.13633350538703],[136.57632455263604,36.14222622496038],[136.56851958481104,36.14450925200043],[136.5655218026891,36.14401758634261],[136.5628509987746,36.14636536007333],[136.56009214044002,36.15301477461219],[136.55499741899575,36.152975865443864],[136.5518313098671,36.15490808134291],[136.54529491582775,36.15282027913264],[136.54142769073542,36.15365444079987],[136.53768880699295,36.150381386991455],[136.52667824890216,36.14812386472465],[136.52152769125007,36.15137717121951],[136.5136185207782,36.147858278736635],[136.51194433206535,36.14627327938837],[136.50570211436116,36.146629080867456],[136.5030390787905,36.149662387109515],[136.4970679770056,36.149668224608945],[136.49184019456936,36.158139919221924],[136.4880457462143,36.15914074774736],[136.48334185484282,36.15686050500835],[136.4770673667656,36.151442999794654],[136.47412927444657,36.146622747841604],[136.47005871623685,36.14542525197385],[136.4653475880208,36.140629720585196],[136.4644514396823,36.13793389213549],[136.45651172463647,36.13629308086104],[136.4519286643764,36.138059468070026],[136.44881477258377,36.140689747633814],[136.44060530499087,36.137255054177444],[136.43783586343443,36.14232422498304],[136.43176308699697,36.14347258639083],[136.42680891070268,36.14889702717613],[136.42419367140087,36.154578693851704],[136.41428530532266,36.15662372070818],[136.41163613460003,36.160079586004144],[136.41326700386924,36.16695374831687],[136.40930616115043,36.17222680172557],[136.40481503228796,36.170276837705956],[136.397696978333,36.1705288016629],[136.39071444861293,36.16752686467311],[136.37966802915628,36.16826994570147],[136.37402024623748,36.17004274777463],[136.36889552520836,36.16983469411588],[136.36591717293925,36.16616386477057],[136.35796966256999,36.16514053161029],[136.3550988332446,36.1688363872895],[136.35143603124789,36.16934944062422],[136.34411824865833,36.17297974831678],[136.33760855998707,36.18372672141112],[136.33566661522218,36.184870332599814],[136.33696133589694,36.19079338720513],[136.3359799480163,36.19463172067742],[136.33346522683883,36.19509644084815],[136.33121413742253,36.200886197939724],[136.32963552505953,36.20167008120933],[136.32786747140676,36.20990480176522],[136.33007834044315,36.21308453202556],[136.33117888489767,36.21837761333626],[136.32900752307876,36.224297053566204],[136.3324033586282,36.2295862246246],[136.32698031089274,36.232208440866884],[136.32325557708327,36.23166677470192],[136.31667700394064,36.23508063985969],[136.3154817249017,36.23830091875243],[136.31761814536117,36.24077786480666],[136.31529758781346,36.24588480174225],[136.3084203633092,36.24681786455284],[136.30494455284895,36.2504703603189],[136.30211403383566,36.25751564023466],[136.2990993003924,36.257837306146826],[136.2946462524227,36.26074838732825],[136.28948708196333,36.260409504794836],[136.28547152988722,36.261674504674716],[136.2822093389899,36.26573950507418],[136.28000433173463,36.26435477485302],[136.2750668351664,36.266177559446874],[136.26918905333218,36.266381720839775],[136.26826766462113,36.26927061304838],[136.26153046725733,36.27335530590267],[136.25984741932302,36.277898359821506],[136.25619966298416,36.279910865394186],[136.25742160782102,36.28295446797438],[136.25677077834882,36.286695865321974],[136.2585944226945,36.28932086496599],[136.24924747099408,36.291761694246816],[136.24386028462447,36.29529934209103]]],[[[136.05622143956782,35.65779617055688],[136.0562064982314,35.65789305362159],[136.05488547328605,35.657762532315076],[136.0549016341032,35.657665080878814],[136.05622143956782,35.65779617055688]]],[[[136.05787655006282,35.657967279166655],[136.0578617247388,35.65805661332212],[136.0565364199199,35.65792410811116],[136.056548495117,35.6578301712255],[136.05787655006282,35.657967279166655]]],[[[136.04202939034417,35.67074902684618],[136.04206022000324,35.670884586154784],[136.04192411210818,35.67092986522118],[136.04186771742127,35.67083319799377],[136.04202939034417,35.67074902684618]]],[[[136.04067817066107,35.67163489233644],[136.03995321726723,35.67195969418458],[136.03991972831284,35.67189802677257],[136.0406446691162,35.67157322492443],[136.04067817066107,35.67163489233644]]],[[[136.0394473926831,35.672160612622235],[136.0383733071825,35.672642802123676],[136.03833975437624,35.67258113471166],[136.0394473926831,35.672160612622235]]],[[[136.03459775628153,35.67600005405927],[136.0331683009764,35.67675633263872],[136.03313914405635,35.67671305366457],[136.03459775628153,35.67600005405927]]],[[[136.03299507086592,35.67680968491908],[136.03228787278715,35.67717123396534],[136.0322528271064,35.67712555020404],[136.032959921763,35.67676399126526],[136.03299507086592,35.67680968491908]]],[[[136.0321034236341,35.677263676177745],[136.03140095958668,35.677625945580985],[136.03136525290415,35.67757980226611],[136.03206761263027,35.677217531963606],[136.0321034236341,35.677263676177745]]],[[[136.03121883338247,35.677718648596795],[136.03074930004027,35.67795980180347],[136.03071315179056,35.67791284730009],[136.03118256822097,35.67767170308667],[136.03121883338247,35.677718648596795]]],[[[136.0812660827636,35.68236436012717],[136.0801530871953,35.681763972729186],[136.08020019458343,35.68170986501832],[136.0812660827636,35.68236436012717]]],[[[136.0824437216005,35.683588332935244],[136.08174961135558,35.68285941443048],[136.08185839155158,35.68280625190704],[136.0824437216005,35.683588332935244]]],[[[136.02691647221752,35.68452672063171],[136.02655686121022,35.684074278904916],[136.0266273024081,35.68403977461594],[136.02691647221752,35.68452672063171]]],[[[136.02781272397806,35.68609433338685],[136.0277442801745,35.686131505064964],[136.02721092104719,35.68532086516586],[136.0272793639515,35.68528369438701],[136.02781272397806,35.68609433338685]]],[[[136.04509535726504,35.69419258631888],[136.0451270295888,35.69444008064528],[136.04500644579093,35.69439613527345],[136.04496730189953,35.69419535982803],[136.04509535726504,35.69419258631888]]],[[[136.07901744489925,35.704724838180766],[136.07894299632233,35.704944558744444],[136.0786793897421,35.70506872094478],[136.07860577213876,35.70492483841059],[136.07901744489925,35.704724838180766]]],[[[136.09081658881462,35.7159776133762],[136.09087158235775,35.716045108395065],[136.09073769129145,35.716136225006835],[136.09067741872798,35.71599761339917],[136.09081658881462,35.7159776133762]]],[[[135.9644374706129,35.73136333275164],[135.96409219210102,35.7310758383793],[135.96437525281578,35.730653053595574],[135.9646377559278,35.73125610838275],[135.9644374706129,35.73136333275164]]],[[[136.08558330702408,35.738674251715395],[136.08536914427066,35.73869119764072],[136.08536219161192,35.738578413662935],[136.08552802929523,35.738555918920554],[136.08558330702408,35.738674251715395]]],[[[136.04196044112155,35.73618391925254],[136.04176338527202,35.736922504569975],[136.04089710791527,35.73813891857628],[136.03941075160492,35.738358387329754],[136.04100211365665,35.73729644087808],[136.04196044112155,35.73618391925254]]],[[[136.08513442301523,35.73874202732276],[136.0847960827731,35.73869119764072],[136.08482136181647,35.73855369399786],[136.08502802872056,35.738567306136304],[136.08513442301523,35.73874202732276]]],[[[135.99253741926657,35.74738317129635],[135.9925555513977,35.74750166686846],[135.99244500583245,35.74753527902993],[135.99240583675999,35.74743333278212],[135.99253741926657,35.74738317129635]]],[[[135.99743749684308,35.74971083798482],[135.99750666729892,35.749502224947776],[135.99764386517234,35.74949350512122],[135.99765167308635,35.749671387424655],[135.99743749684308,35.74971083798482]]],[[[135.9960494418283,35.74961499993236],[135.99611138803016,35.74970499958613],[135.99602167256216,35.74977277519349],[135.99593194630233,35.74967694613423],[135.9960494418283,35.74961499993236]]],[[[135.9967330605823,35.74984583791513],[135.99671221789458,35.74958110808171],[135.99698861193497,35.74971638680188],[135.9967330605823,35.74984583791513]]],[[[135.99807944191275,35.749660000208905],[135.99817555066124,35.7498347213953],[135.99799830058112,35.74984844055314],[135.99807944191275,35.749660000208905]]],[[[136.00907775573387,35.75569527941366],[136.00923691325306,35.755903612761585],[136.0088566412211,35.756157225175855],[136.00879442342398,35.755757224716206],[136.00907775573387,35.75569527941366]]],[[[136.00859386471518,35.75625277544526],[136.00883664119806,35.75631638719159],[136.00881144039568,35.756688026631195],[136.00851108931533,35.75663027936395],[136.00859386471518,35.75625277544526]]],[[[136.02525072634,35.75742715334053],[136.02505758793745,35.75783878383288],[136.02497699069568,35.757816612846455],[136.0251794676584,35.75740442297581],[136.02525072634,35.75742715334053]]],[[[136.00953302223127,35.75745527873818],[136.0097788591071,35.757814720672854],[136.0094852529421,35.75791000024634],[136.0093396886757,35.757610559279954],[136.00953302223127,35.75745527873818]]],[[[136.00897191991828,35.758110837744994],[136.00859496818327,35.758025278943535],[136.00869274967067,35.75769277530139],[136.00899581130773,35.75777444093774],[136.00897191991828,35.758110837744994]]],[[[136.01261688656018,35.75852944068117],[136.0124060566942,35.75863166661816],[136.0123266150813,35.75838305443449],[136.01261688656018,35.75852944068117]]],[[[136.0114293902542,35.75840361293643],[136.0110718935531,35.7587186130736],[136.0109096630506,35.75864777527465],[136.0110893898635,35.75838861314401],[136.0114293902542,35.75840361293643]]],[[[136.01149022039738,35.759008333268014],[136.01157328088232,35.759171946028516],[136.0114971730561,35.75935194623537],[136.01130569390273,35.75924055890471],[136.01149022039738,35.759008333268014]]],[[[136.0091782747577,35.759464721219956],[136.00878910483334,35.75944250526743],[136.00891189376898,35.759222225325516],[136.0091782747577,35.759464721219956]]],[[[136.01320494155482,35.75927361258721],[136.01343966281024,35.759481945935136],[136.0134118944435,35.759898612630934],[136.0130249422474,35.75960027872992],[136.01320494155482,35.75927361258721]]],[[[136.01433243779184,35.7601527754303],[136.01413077831285,35.760078891627586],[136.01437272382225,35.759955278913026],[136.0145102202705,35.76003972075654],[136.01433243779184,35.7601527754303]]],[[[136.01271383887263,35.76037917076218],[136.01244717279883,35.76016499991488],[136.01239910493484,35.75977555929467],[136.01298994782792,35.76002472096417],[136.01271383887263,35.76037917076218]]],[[[136.01601077777525,35.761634171080175],[136.01612133593096,35.761791946341305],[136.01589133611628,35.76192055928641],[136.0158470822771,35.761744386594216],[136.01601077777525,35.761634171080175]]],[[[136.09804216571342,35.761795081377954],[136.09795605742613,35.76196091906121],[136.09786133633168,35.76189453200709],[136.09804216571342,35.761795081377954]]],[[[136.01612827509985,35.76214694562509],[136.01602522718258,35.762357225105916],[136.01582411179334,35.762287505164295],[136.01597632924427,35.76212444099019],[136.01612827509985,35.76214694562509]]],[[[136.01542299617438,35.7626447212769],[136.01542328125947,35.76240583795908],[136.01569966270938,35.762558053611315],[136.01542299617438,35.7626447212769]]],[[[136.0161882490885,35.762801667363135],[136.0158193390913,35.762684775282196],[136.01599427971234,35.76245758584895],[136.0162410509838,35.762589171053435],[136.0161882490885,35.762801667363135]]],[[[136.01643547271897,35.762650000297356],[136.01658518825593,35.76287722480413],[136.01645111462733,35.762865467967],[136.01630102497234,35.762676387305476],[136.01643547271897,35.762650000297356]]],[[[136.01557518844425,35.76364000008601],[136.01562352790359,35.763859720649634],[136.01541630431905,35.76381472127241],[136.01557518844425,35.76364000008601]]],[[[136.01621936383265,35.764126946101726],[136.0157688070849,35.764113054274105],[136.01574131031327,35.76378666692119],[136.01621131040372,35.76374138695547],[136.01621936383265,35.764126946101726]]],[[[136.01679158176614,35.76430500017568],[136.01672269819403,35.76399500026912],[136.01701992233166,35.76396694591784],[136.017096031057,35.76415861302962],[136.01679158176614,35.76430500017568]]],[[[136.01906102544604,35.764437224798144],[136.0187340859094,35.764423332970466],[136.01869269820952,35.764237505156814],[136.019100467013,35.76428250543336],[136.01906102544604,35.764437224798144]]],[[[136.01636297027494,35.76456389161035],[136.01598992159768,35.76440055943834],[136.01638380037218,35.764192225191096],[136.01636297027494,35.76456389161035]]],[[[136.01730241197674,35.76442277539081],[136.0174363039423,35.76459527884907],[136.01720630412774,35.76461583825039],[136.01730241197674,35.76442277539081]]],[[[136.01931491575078,35.76459250533992],[136.01943824877617,35.76469833306169],[136.01920408599983,35.76501472085272],[136.0190089493036,35.7649732252342],[136.0191282488696,35.76467138667522],[136.01931491575078,35.76459250533992]]],[[[135.6523583395658,35.481083585639],[135.65029910521957,35.48041555933065],[135.65032133556122,35.48037517077756],[135.6523583395658,35.481083585639]]],[[[135.6577470556822,35.48685089205509],[135.65776941642548,35.487081441355485],[135.6576236057449,35.48711158573116],[135.65761972786822,35.48690922478096],[135.6577470556822,35.48685089205509]]],[[[135.65795861220022,35.487250000387235],[135.65801596556446,35.487366891568854],[135.6579027759924,35.48739558623737],[135.65784252860988,35.48731194568978],[135.65795861220022,35.487250000387235]]],[[[135.68333369599338,35.49898350458511],[135.68259180296934,35.4980489731816],[135.68395866366143,35.49777644083014],[135.68333369599338,35.49898350458511]]],[[[135.73333333256733,35.50220094611683],[135.73601160804935,35.50566097257587],[135.73595739331915,35.50569672062721],[135.73333333256733,35.50220094611683]]],[[[135.74394508359876,35.50689530557395],[135.7433635540848,35.507317720736296],[135.74333572006753,35.5072920540851],[135.74391713356897,35.50686963982207],[135.74394508359876,35.50689530557395]]],[[[135.74505675716364,35.510491242976514],[135.744956743559,35.510530422840816],[135.74418296956844,35.509202107990916],[135.7442846298319,35.50916347671313],[135.74505675716364,35.510491242976514]]],[[[135.71451316525042,35.52068991920447],[135.71434066089284,35.520470197741474],[135.71479566838548,35.52036853208216],[135.71492817089847,35.52056297270309],[135.71451316525042,35.52068991920447]]],[[[135.71536900057902,35.520562693913234],[135.7153676129251,35.52076325172271],[135.71520233462013,35.52076880233841],[135.71516094692026,35.52054325236924],[135.71536900057902,35.520562693913234]]],[[[135.71413399488802,35.52076880233841],[135.71408566801927,35.52093797290917],[135.71396177741417,35.5208532522758],[135.71413399488802,35.52076880233841]]],[[[135.73834736683762,35.52528797296162],[135.73594430638468,35.52487769415029],[135.73665958487197,35.52417297280448],[135.73834736683762,35.52528797296162]]],[[[135.80367525341023,35.5321640814073],[135.80371635512574,35.532235197996044],[135.8035963549878,35.53231991862941],[135.80352386513437,35.53217464034742],[135.80367525341023,35.5321640814073]]],[[[135.80600330680727,35.53222269382229],[135.80598386526322,35.53232353210535],[135.80587719757466,35.532362972773],[135.80581496808634,35.532267414409716],[135.80600330680727,35.53222269382229]]],[[[135.80454024563585,35.53296880196871],[135.80458275029378,35.53305630600374],[135.80443108862391,35.53310602682171],[135.80437941627713,35.533022972632125],[135.80454024563585,35.53296880196871]]],[[[135.8049266411516,35.533232973323095],[135.80478968879322,35.533385467765186],[135.80469914415028,35.53329325218192],[135.8049266411516,35.533232973323095]]],[[[135.81270722385932,35.53791213513699],[135.81208306108442,35.53795436010569],[135.8119072238394,35.53775853183083],[135.8125088846773,35.53766825158857],[135.81270722385932,35.53791213513699]]],[[[135.81175722411672,35.538635747641706],[135.8117377816734,35.538456585603],[135.81195693926145,35.538484360265045],[135.8119155506622,35.538605197671814],[135.81175722411672,35.538635747641706]]],[[[135.79259525326836,35.542311026832465],[135.79274664064496,35.54239241367901],[135.79262968920887,35.54244574797292],[135.79259525326836,35.542311026832465]]],[[[135.68865542161052,35.544674613342806],[135.6887879124323,35.54481544087997],[135.68860041457754,35.544990171059624],[135.6883798567451,35.54481544087997],[135.68865542161052,35.544674613342806]]],[[[135.7613607778777,35.545283802405606],[135.7613885597343,35.54537880228992],[135.76127243837243,35.54541935991557],[135.7612446691063,35.54530297325368],[135.7613607778777,35.545283802405606]]],[[[135.77940719818366,35.55112380192196],[135.77937247715818,35.55125602744374],[135.77925664088139,35.551243802059844],[135.77931386474313,35.55111241380689],[135.77940719818366,35.55112380192196]]],[[[135.8197644746508,35.55364880235038],[135.81974085575598,35.553805748436616],[135.81960002642018,35.55368380216578],[135.8197644746508,35.55364880235038]]],[[[135.69798654973954,35.554242666965536],[135.69809377410843,35.55428738665364],[135.6980090525758,35.5543790806301],[135.69787930018958,35.55433680170211],[135.69798654973954,35.554242666965536]]],[[[135.69817016881825,35.55465544139554],[135.6980760053035,35.55481822498115],[135.6979657196423,35.554699892186306],[135.69817016881825,35.55465544139554]]],[[[135.76410747108298,35.555365720551606],[135.76414191961396,35.555516278753316],[135.76400691338836,35.55552961300128],[135.76397552525032,35.55542461265583],[135.76410747108298,35.555365720551606]]],[[[135.76419108914752,35.556241278911955],[135.7642610887783,35.55639961265206],[135.76408775614505,35.55643544074303],[135.76407635543956,35.556262386899675],[135.76419108914752,35.556241278911955]]],[[[135.76686275011593,35.55679933342253],[135.76693496837413,35.556907108176574],[135.7667860829115,35.55697989210836],[135.7666799737019,35.556887108153546],[135.76686275011593,35.55679933342253]]],[[[135.7657413620742,35.55845322533611],[135.7657952530485,35.55856794555427],[135.76565024636182,35.55858738709827],[135.76558941621863,35.55852017086926],[135.7657413620742,35.55845322533611]]],[[[135.76476552480915,35.5594457207435],[135.76485108900658,35.559225721389964],[135.76515136184594,35.559237107706394],[135.76506330742575,35.55942238693365],[135.76476552480915,35.5594457207435]]],[[[135.8119055771807,35.55935741361378],[135.81206391721605,35.5595435319085],[135.8117036452071,35.559720468125136],[135.8115447466928,35.55961213489218],[135.8119055771807,35.55935741361378]]],[[[135.70565630359556,35.56211044074428],[135.70571741882384,35.56220627879679],[135.70560824922143,35.562274054404156],[135.70550464282508,35.56210489192728],[135.70565630359556,35.56211044074428]]],[[[135.81083477330617,35.56352269381733],[135.81091422840893,35.563704640157084],[135.81070394263293,35.563660198359514],[135.81083477330617,35.56352269381733]]],[[[135.8042000258106,35.56459183844265],[135.8040964203136,35.564671000366445],[135.8039064196456,35.56457210821628],[135.80409807956278,35.56449738714474],[135.8042000258106,35.56459183844265]]],[[[135.74884775571945,35.56657377515967],[135.74881442324715,35.566767945984],[135.74863525311446,35.56675710825397],[135.74870302242664,35.566587107608996],[135.74884775571945,35.56657377515967]]],[[[135.80349114060368,35.566909612588574],[135.80351613456207,35.56700405399397],[135.80339836564212,35.567040999942265],[135.8033316988989,35.566967108045674],[135.80349114060368,35.566909612588574]]],[[[135.80319394344576,35.567541837785654],[135.80329311258708,35.56768517083401],[135.8030411666166,35.567735171341155],[135.80306588808037,35.5675521080434],[135.80319394344576,35.567541837785654]]],[[[135.8065675621433,35.5700335048424],[135.80665949444017,35.57014322483002],[135.80652644603867,35.57022238675381],[135.8064478336007,35.57011850516494],[135.8065675621433,35.5700335048424]]],[[[135.7161313360923,35.56994377498529],[135.71620717322253,35.57003961303775],[135.71595549884728,35.57048210826275],[135.71576605665825,35.570372107686694],[135.71584883295736,35.57014655861684],[135.7161313360923,35.56994377498529]]],[[[135.74085830096988,35.57071766678695],[135.74109968889957,35.57039489201071],[135.74127885903215,35.570693504701524],[135.74085830096988,35.57071766678695]]],[[[135.80892255473213,35.57130794580513],[135.80906060965947,35.57133766660007],[135.8090794936238,35.57145905439188],[135.80890616099055,35.57146155900381],[135.80892255473213,35.57130794580513]]],[[[135.73509260703827,35.5713413870954],[135.73515914427912,35.571561279429545],[135.7348405315654,35.5716835053895],[135.734993061081,35.57136666703809],[135.73509260703827,35.5713413870954]]],[[[135.7340402455609,35.57184405415984],[135.73409080364775,35.57189377497781],[135.73384274994305,35.57204044091367],[135.7338633066463,35.57189377497781],[135.7340402455609,35.57184405415984]]],[[[135.81281258123568,35.57748072055887],[135.81274814481105,35.57764433331937],[135.81264007777747,35.577645720973294],[135.81260007773142,35.57746933334312],[135.81281258123568,35.57748072055887]]],[[[135.81218369612077,35.57739238734882],[135.81241730221677,35.5775718380699],[135.81205508407493,35.57775822526196],[135.8119539688007,35.57763710816607],[135.81218369612077,35.57739238734882]]],[[[135.77907474670224,35.57822822535235],[135.77859308690154,35.57803850527284],[135.77926780776318,35.577934891681934],[135.77907474670224,35.57822822535235]]],[[[136.2425196373714,36.29669335961091],[136.24223817115478,36.29668680175456],[136.24255530538312,36.29598866704339],[136.24277455290337,36.295919359890604],[136.2425196373714,36.29669335961091]]],[[[136.130531970574,36.225479504675434],[136.1303719712895,36.22529922477946],[136.13060141442384,36.225107558567004],[136.13082391659054,36.22517533327505],[136.130531970574,36.225479504675434]]],[[[136.1302053053306,36.22615533260256],[136.13035808036113,36.22582866735917],[136.13074725028548,36.225727559279505],[136.1303650321206,36.226149774792304],[136.1302053053306,36.22615533260256]]],[[[136.13014949430374,36.230589504701925],[136.13013561596597,36.23074172125348],[136.12996894910782,36.23068533286187],[136.13001783355628,36.23053866692601],[136.13014949430374,36.230589504701925]]],[[[136.12976727613898,36.2314122791534],[136.1298783918744,36.23167144128405],[136.12949644620414,36.2317333865866],[136.1295936710112,36.23146283813952],[136.12976727613898,36.2314122791534]]],[[[136.12412422815066,36.23694977461247],[136.12414533074252,36.237017838002885],[136.12395810628163,36.23708561271093],[136.12394311278445,36.236977837956886],[136.12412422815066,36.23694977461247]]],[[[136.13055291758315,36.241183414083366],[136.1304835016124,36.241089999703775],[136.13065700421748,36.24105402682193],[136.13086241207077,36.24095369395786],[136.13085364458004,36.2410729458598],[136.13055291758315,36.241183414083366]]],[[[136.12482286558281,36.243302558566256],[136.12482286558281,36.24355117074998],[136.12468703018237,36.24354699969433],[136.12470230876465,36.24342866689949],[136.12482286558281,36.243302558566256]]],[[[136.12565258100187,36.24487283781127],[136.12552119274892,36.24493394584499],[136.12547258079508,36.2448550537178],[136.12556286643326,36.24479310841525],[136.12565258100187,36.24487283781127]]],[[[136.12568175141178,36.24507866744659],[136.12571564236305,36.2452664413932],[136.12560452662763,36.24523838704198],[136.12568175141178,36.24507866744659]]],[[[136.12243564219125,36.24808366662796],[136.12247036321673,36.24826922464507],[136.12224814523574,36.2483539461777],[136.122268975333,36.24812310819493],[136.12243564219125,36.24808366662796]]],[[[136.1228511928283,36.2502778379519],[136.12290119333545,36.25048950508665],[136.12267897535446,36.25043310770184],[136.1228511928283,36.2502778379519]]],[[[136.12175924769122,36.25055338662952],[136.12175258101684,36.250707559206546],[136.12163508369224,36.250768946030064],[136.12152341127648,36.250644225350754],[136.12175924769122,36.25055338662952]]],[[[136.1284323350843,36.250990865436165],[136.1282587155673,36.25109808081186],[136.12820313926352,36.250928946213946],[136.1284323350843,36.250990865436165]]],[[[136.12314452739804,36.250985054017065],[136.12313758822916,36.25126117106623],[136.12301924823976,36.251249774857286],[136.1229220234327,36.25104700021893],[136.12314452739804,36.250985054017065]]],[[[136.13601344996084,36.25138530628692],[136.13588844419644,36.25123891914086],[136.13607594025245,36.25119946768132],[136.1362081711702,36.251289468234404],[136.13601344996084,36.25138530628692]]],[[[136.13542983132174,36.25138530628692],[136.135214553409,36.25137419786097],[136.1351701170073,36.251113918772376],[136.13532622582477,36.2510958648823],[136.13542983132174,36.25138530628692]]],[[[136.13722511015078,36.25119272096737],[136.13719732829418,36.25137308090302],[136.13705593958002,36.25137419786097],[136.1370490013104,36.25119364007446],[136.13722511015078,36.25119272096737]]],[[[136.12855927439102,36.25118974780867],[136.12861121923243,36.25144891893251],[136.12835233499231,36.25125641365264],[136.12855927439102,36.25118974780867]]],[[[136.1294181449315,36.2511656396826],[136.12928399486054,36.25140363986611],[136.12882844417743,36.2512839194174],[136.1293151096047,36.25104725202908],[136.1294181449315,36.2511656396826]]],[[[136.1270934756834,36.25130074843082],[136.12707372207467,36.251405612978715],[136.1263780029426,36.251260440816736],[136.12649422772654,36.25115308065023],[136.1270934756834,36.25130074843082]]],[[[136.1254130609641,36.2515648919063],[136.12565427982122,36.25127910804446],[136.125893799859,36.25143055927293],[136.1254130609641,36.2515648919063]]],[[[136.12969011700534,36.25118253164857],[136.1301070561957,36.25164446841751],[136.12984038922264,36.2517491980671],[136.1295234501472,36.25133474820012],[136.12969011700534,36.25118253164857]]],[[[136.1310381710748,36.25154864025757],[136.13090622614152,36.25183058581291],[136.13067678300717,36.25154308064873],[136.1310381710748,36.25154864025757]]],[[[136.1235736955697,36.25137310788267],[136.12391564209327,36.25185838655534],[136.1234362000207,36.25177950522004],[136.1235736955697,36.25137310788267]]],[[[136.13663900128893,36.25185308055529],[136.13661121943233,36.25221919815755],[136.13641649822284,36.25202780174169],[136.13644428007956,36.251847531738235],[136.13663900128893,36.25185308055529]]],[[[136.1275538907995,36.25261786492257],[136.12743771727685,36.25267750526268],[136.12709739313027,36.25255499961361],[136.12725936372874,36.252426251770146],[136.1275538907995,36.25261786492257]]],[[[136.1505629176446,36.25275617076073],[136.14984330712298,36.25299986455218],[136.14982999985466,36.252971667208726],[136.1505629176446,36.25275617076073]]],[[[136.13945316523143,36.252777251768805],[136.13950955901896,36.253081414175995],[136.13922455307068,36.253237252297424],[136.13932308729068,36.25291683824156],[136.13945316523143,36.252777251768805]]],[[[136.12063632900345,36.25354344087714],[136.11755688664107,36.252936108015035],[136.11691355391747,36.250852666617334],[136.12104411219605,36.250644333269406],[136.12063632900345,36.25354344087714]]],[[[136.15420319072473,36.253667532031045],[136.1540198567311,36.25353835970759],[136.15419847018336,36.253418918948],[136.1542840343808,36.25353835970759],[136.15420319072473,36.253667532031045]]],[[[136.15312236120803,36.2531975319406],[136.15337763916682,36.25355058599081],[136.1529468090481,36.25366002718857],[136.15312236120803,36.2531975319406]]],[[[136.1458856938698,36.25393597336654],[136.14528878055285,36.25374219824391],[136.1456893385922,36.25360030590946],[136.1458856938698,36.25393597336654]]],[[[136.1409168091635,36.25377280217316],[136.1407809728637,36.25404419778158],[136.14068791191767,36.25392253209924],[136.1409168091635,36.25377280217316]]],[[[136.15377374825994,36.253951135036914],[136.153950973159,36.254038918761125],[136.1537618025652,36.25409613542837],[136.15377374825994,36.253951135036914]]],[[[136.1427165243482,36.25346697332219],[136.14272875512802,36.25404419778158],[136.1425179117723,36.25392253209924],[136.14249569402114,36.253582252019385],[136.1427165243482,36.25346697332219]]],[[[136.14334219168882,36.25349227934527],[136.1432273275792,36.25360786471123],[136.14310966298058,36.25418635991264],[136.14305713357987,36.25418235972819],[136.14321083041557,36.253291279069344],[136.14341691276036,36.25334202691306],[136.14334219168882,36.25349227934527]]],[[[136.15341513639953,36.254287252154995],[136.15346152972586,36.254525864776895],[136.15324708188734,36.25451974758835],[136.15324236134597,36.25434335995817],[136.15341513639953,36.254287252154995]]],[[[136.14749438405863,36.25462417056906],[136.14769844382818,36.25478322466614],[136.14766919607655,36.25506277532685],[136.14746999984072,36.25506672065268],[136.14749438405863,36.25462417056906]]],[[[136.14780771685275,36.25528325222035],[136.14766116692942,36.25538086463524],[136.1476316340927,36.2552814679654],[136.14780771685275,36.25528325222035]]],[[[136.14788189383444,36.25546761323983],[136.14776683457183,36.255424945804634],[136.1478670037593,36.25523583816346],[136.147980803971,36.25539077516419],[136.14788189383444,36.25546761323983]]],[[[136.14665391724452,36.25590219802808],[136.1470930220254,36.25566010772786],[136.14672457787708,36.25529600011038],[136.14701841786575,36.254705694112545],[136.1473411413806,36.255342837701846],[136.1472322442727,36.255789558841116],[136.14665391724452,36.25590219802808]]],[[[136.14519291821864,36.255664748229606],[136.14520041496723,36.255928918684674],[136.14502736741917,36.25595891916885],[136.14506041480638,36.25565697269121],[136.14519291821864,36.255664748229606]]],[[[136.14754914377806,36.255905801611505],[136.14759535724,36.25622472099411],[136.147307224349,36.25623135978947],[136.14734780805497,36.25603641374954],[136.14754914377806,36.255905801611505]]],[[[136.1469508041364,36.256168107772],[136.14687763889197,36.25625866680406],[136.14634778172478,36.256213054089244],[136.1465154989911,36.25602769392299],[136.1469508041364,36.256168107772]]],[[[136.1471234757679,36.25627530606056],[136.14716124459585,36.256408919236264],[136.14702902716795,36.25645697271119],[136.14697486369903,36.25631697255028],[136.1471234757679,36.25627530606056]]],[[[136.1464162516088,36.25644613498122],[136.14647588835157,36.25662697335616],[136.14628652440365,36.25660586536844],[136.1464162516088,36.25644613498122]]],[[[136.14668069995446,36.25693891939568],[136.14665374817196,36.25710308074264],[136.14653236127947,36.25709225200586],[136.14655652426427,36.256971694288325],[136.14668069995446,36.25693891939568]]],[[[136.07164661489946,35.82125227906948],[136.0716488326276,35.82142950486781],[136.0715143839817,35.82139838742569],[136.0715224383099,35.82130866656178],[136.07164661489946,35.82125227906948]]],[[[136.0696074453274,35.82264950537041],[136.06943466937457,35.82289672090701],[136.0692824384339,35.822666441403214],[136.0696074453274,35.82264950537041]]],[[[136.0678427236628,35.82456700026688],[136.06785855982469,35.824632559045426],[136.06774800256835,35.82471699998962],[136.06769522675336,35.82459255899943],[136.0678427236628,35.82456700026688]]],[[[136.06657272355244,35.82523561293323],[136.06664883317717,35.82528061320977],[136.06660717298269,35.82546644102348],[136.06650328060198,35.825412559042434],[136.06657272355244,35.82523561293323]]],[[[136.06161827476365,35.82902558626182],[136.0614435535772,35.82913419828469],[136.06139661526163,35.829018360209204],[136.06161827476365,35.82902558626182]]],[[[136.05951717337894,35.831452531808964],[136.0595218939203,35.83150030559466],[136.05929050555244,35.83160113488452],[136.05930744518253,35.83148586518058],[136.05951717337894,35.831452531808964]]],[[[136.05697075199862,35.83335002668241],[136.05670185470694,35.83351169420939],[136.05655464288247,35.83336419819926],[136.05697075199862,35.83335002668241]]],[[[136.05031194583967,35.83815083799084],[136.0499859397994,35.8382831075794],[136.04999496809342,35.838498891810445],[136.04923491595866,35.83938453157094],[136.0491727503222,35.83934053223982],[136.04991213963365,35.83847894574683],[136.04990228306394,35.838241945609354],[136.05031194583967,35.83815083799084]]],[[[136.04627997394175,35.84102780159185],[136.0463285858956,35.84108419807734],[136.04623163358303,35.841185585846176],[136.0461321919472,35.841061413753266],[136.04627997394175,35.84102780159185]]],[[[136.0466260834271,35.841106693718984],[136.04651968913242,35.84123613493972],[136.0464255247183,35.841118080934734],[136.0466260834271,35.841106693718984]]],[[[136.0428591696151,35.84394058608922],[136.04281055766114,35.84386169396208],[136.04299306068128,35.84380586494876],[136.04305277566516,35.8439178017652],[136.0428591696151,35.84394058608922]]],[[[136.04166666678327,35.84529025174379],[136.04157919602312,35.845467251812295],[136.0414408560108,35.845439198360395],[136.04150308729766,35.84530946755791],[136.04166666678327,35.84529025174379]]],[[[136.0417725286793,35.847343359908166],[136.04177019493864,35.8474511076825],[136.04162975410998,35.84744558584515],[136.0416758632506,35.84733780209797],[136.0417725286793,35.847343359908166]]],[[[136.0404397540915,35.84842002736241],[136.04041243808365,35.84850083774353],[136.0397234108068,35.84921025175174],[136.0396333329121,35.84919902731332],[136.04032274959525,35.848484972803305],[136.0404397540915,35.84842002736241]]],[[[136.02091158200392,35.864461107893874],[136.02075241189436,35.864387775375576],[136.02080769142185,35.86432027855807],[136.02095182936353,35.864351946385284],[136.02091158200392,35.864461107893874]]],[[[136.0057355512547,35.87557472109654],[136.0057170557975,35.87569719796738],[136.00548219244934,35.87570350491285],[136.005573359423,35.87556200018622],[136.0057355512547,35.87557472109654]]],[[[136.00356652407584,35.878430108163],[136.0037561092571,35.87853599973664],[136.0036180804101,35.87858858579466],[136.0034589111998,35.878543586417436],[136.00356652407584,35.878430108163]]],[[[136.0021511413621,35.87967025168081],[136.00220549908454,35.87978174782944],[136.00200586308017,35.87975469442364],[136.0019780803242,35.87967025168081],[136.0021511413621,35.87967025168081]]],[[[135.99920138843345,35.881376027281874],[135.99914116713126,35.88154941387438],[135.9988327500314,35.88157913466938],[135.99894730207643,35.88136861327092],[135.99920138843345,35.881376027281874]]],[[[135.99297045362357,35.88807222455358],[135.99298434455193,35.887985720564586],[135.9927943061124,35.88783589171311],[135.99314411181138,35.887863595328724],[135.99311250333938,35.88807166697393],[135.99297045362357,35.88807222455358]]],[[[135.99498345022607,35.891271080695844],[135.99504927430462,35.89139080204393],[135.99487844358532,35.89138802673608],[135.99498345022607,35.891271080695844]]],[[[135.99469066064557,35.89282191929618],[135.9944634496286,35.892996639583316],[135.99442204933814,35.89277163999924],[135.99469066064557,35.89282191929618]]],[[[135.99510678325146,35.89329802668266],[135.99518066075893,35.893446359961615],[135.99493260705424,35.89340108089522],[135.99510678325146,35.89329802668266]]],[[[135.9924378733093,35.895455009241346],[135.99216067437567,35.89542325238125],[135.9922098178289,35.89533504507631],[135.99242590063488,35.89536798184696],[135.9924378733093,35.895455009241346]]],[[[135.99614403431974,35.90039746826858],[135.99612513596628,35.900552747911036],[135.9959848642102,35.90046997341062],[135.99614403431974,35.90039746826858]]],[[[135.99595025919712,35.90109033295255],[135.9958814268864,35.90118314388701],[135.99561395591934,35.90106953163365],[135.99567688687887,35.90096232435184],[135.99595025919712,35.90109033295255]]],[[[135.99634090760685,35.901213549965405],[135.99628978024919,35.90128716217282],[135.996089170279,35.90119595472959],[135.99614226984988,35.90111754104174],[135.99634090760685,35.901213549965405]]],[[[135.99666016873186,35.9051858023829],[135.99655822338332,35.90533830581819],[135.99644044097363,35.90524525206678],[135.9965040599145,35.90517025220544],[135.99666016873186,35.9051858023829]]],[[[135.9957996371436,35.90906413500187],[135.9957804671949,35.9092477477854],[135.9956149163953,35.90919080181408],[135.9957996371436,35.90906413500187]]],[[[135.99536630421164,35.91027135973553],[135.99501241199323,35.91038774819606],[135.99503797702107,35.910258306076],[135.99532797690472,35.91018608062319],[135.99536630421164,35.91027135973553]]],[[[135.99483938962624,35.912204413802726],[135.9949802198613,35.91227025227039],[135.9948141123814,35.912334414401755],[135.99483938962624,35.912204413802726]]],[[[135.99403910542048,35.912922197801265],[135.99402577207184,35.91300580237595],[135.9937827239936,35.912997197662605],[135.99379856015548,35.91288997329366],[135.99403910542048,35.912922197801265]]],[[[135.99449383861986,35.91302719814672],[135.99445688727565,35.91313469411091],[135.9942110512991,35.913100251875164],[135.99418994780785,35.9130102522214],[135.99449383861986,35.91302719814672]]],[[[135.99475299625385,35.913108864682386],[135.99491438409166,35.913228864820326],[135.99476355429465,35.913331919032885],[135.99461549890623,35.91324830636432],[135.99475299625385,35.913108864682386]]],[[[135.99456661535703,35.91386191919224],[135.99473717268245,35.91396553188383],[135.994505771724,35.91409525189442],[135.99445438356304,35.91391302676482],[135.99456661535703,35.91386191919224]]],[[[135.99479549911302,35.91495525198337],[135.9948385595519,35.91508302676033],[135.99464243809814,35.91503580156103],[135.99479549911302,35.91495525198337]]],[[[135.99517717318804,35.91544580158251],[135.99521272428785,35.91554302728895],[135.99507800314734,35.915562747622744],[135.99503688704272,35.91547913495418],[135.99517717318804,35.91544580158251]]],[[[135.99480299586162,35.91554135994585],[135.99467189359302,35.915738864557],[135.99449243837535,35.91561274812989],[135.99480299586162,35.91554135994585]]],[[[135.99312632861722,35.91594802707982],[135.99312800315488,35.91606553159903],[135.99299856013556,35.91606219781221],[135.99297272441174,35.91596691913804],[135.99312632861722,35.91594802707982]]],[[[135.9939146689269,35.916400801555824],[135.993912192194,35.91653746792986],[135.9937416339693,35.91656274787255],[135.99376581134322,35.91640469382162],[135.9939146689269,35.916400801555824]]],[[[135.9957877562,35.918103864801594],[135.99578108862636,35.91821608130715],[135.9955988590002,35.91820025233983],[135.99559219232583,35.91813053239821],[135.9957877562,35.918103864801594]]],[[[135.99544053155535,35.91828025243177],[135.99531552489168,35.91840302697818],[135.99525386467417,35.91831913462045],[135.99544053155535,35.91828025243177]]],[[[135.9970016341182,35.922861360263596],[135.9971263547975,35.92298358622355],[135.99686306118144,35.92299608140411],[135.9970016341182,35.922861360263596]]],[[[135.9973616732027,35.92656246798356],[135.99745167285653,35.926635802300495],[135.9973616732027,35.926732197932665],[135.9972161089363,35.92664136011075],[135.9973616732027,35.92656246798356]]],[[[135.99212268521387,35.935428233825974],[135.9919877950008,35.93544476606314],[135.9918935667348,35.93490682039351],[135.99203029785997,35.934887279024736],[135.99212268521387,35.935428233825974]]],[[[135.9935727889531,35.936026684983574],[135.99347972800706,35.935986324309454],[135.99475805404097,35.933813739412585],[135.9949040859549,35.933836630755934],[135.9937883402598,35.93580972983523],[135.9935727889531,35.936026684983574]]],[[[135.9864301169564,35.947383838193616],[135.98617427961938,35.947364946135394],[135.98619455303628,35.94725410829051],[135.98640289178013,35.94729189240695],[135.9864301169564,35.947383838193616]]],[[[135.98377066068747,35.94737050484497],[135.98388150482765,35.94755077484842],[135.98365289176763,35.94753383791635],[135.98377066068747,35.94737050484497]]],[[[135.9773895588811,35.956680774997835],[135.97740455327755,35.95681355899859],[135.97722427967688,35.95675161279672],[135.97725788644232,35.956641333430866],[135.9773895588811,35.956680774997835]]],[[[135.97601627792892,35.957264053693166],[135.97614233500087,35.95739661286342],[135.97579761316933,35.9574560535541],[135.97601627792892,35.957264053693166]]],[[[135.97530455266303,35.95744744074682],[135.97492455312567,35.95765299968622],[135.97483345000376,35.9574191076058],[135.97530455266303,35.95744744074682]]],[[[135.9729295591519,35.95855466716421],[135.97298372172145,35.958681333077095],[135.97285345042644,35.95871800023559],[135.9727756680627,35.958607999659534],[135.9729295591519,35.95855466716421]]],[[[135.9735931652924,35.9584107747375],[135.97359455294634,35.958774386828566],[135.9731859396794,35.95865050521667],[135.9735931652924,35.9584107747375]]],[[[135.96956846980913,35.963267720828696],[135.96918208778322,35.9630055046004],[135.96960457758928,35.96296605404024],[135.96956846980913,35.963267720828696]]],[[[135.96943847010937,35.963512721335064],[135.96931208838225,35.96351577543277],[135.9691890269521,35.963377440816316],[135.96949236108367,35.963341054246314],[135.96943847010937,35.963512721335064]]],[[[135.96690124519637,35.96844633283206],[135.96672985689747,35.968701892278546],[135.96650791231036,35.96855577492914],[135.96667430577463,35.96829633310932],[135.96690124519637,35.96844633283206]]],[[[135.9616154223139,35.97202994592533],[135.96147985671007,35.972153224991416],[135.96133846979455,35.9720355046349],[135.9614770823016,35.971984945648785],[135.9616154223139,35.97202994592533]]],[[[135.9611879115929,35.97226855944649],[135.96112089501332,35.97253230632094],[135.96089513640152,35.97239050481801],[135.9611879115929,35.97226855944649]]],[[[135.96097124512687,35.97324689233028],[135.96073763903087,35.97323772104403],[135.96071680893363,35.97308550539179],[135.96094542199364,35.973096891708224],[135.96097124512687,35.97324689233028]]],[[[135.96065457764666,35.97375605429852],[135.96054180266208,35.97397966712799],[135.96036374768892,35.97391966705902],[135.960453748242,35.97378994614917],[135.96065457764666,35.97375605429852]]],[[[135.95949569417098,35.97480217088355],[135.95927596641275,35.97469133303866],[135.95950805355392,35.974535027269724],[135.95972430633174,35.9747177209461],[135.95949569417098,35.97480217088355]]],[[[135.95800124486163,35.977153558989585],[135.9579459662334,35.976933838425964],[135.95822791178875,35.976864387381625],[135.95831350206652,35.977004640252005],[135.95800124486163,35.977153558989585]]],[[[135.95866625214592,35.977029666585906],[135.95869450075065,35.97714353244811],[135.95855347626195,35.97717994599776],[135.95844457825478,35.977125504638366],[135.95866625214592,35.977029666585906]]],[[[135.95910070023717,35.97716883757187],[135.95894124504252,35.97736050468359],[135.95881914408824,35.97723913487823],[135.95910070023717,35.97716883757187]]],[[[135.9598090269651,35.97824133307114],[135.9596455248212,35.978366224621595],[135.95956011710575,35.97828080161776],[135.9598090269651,35.97824133307114]]],[[[135.9591684947303,35.97886572067654],[135.9592326982305,35.978687838373105],[135.95973985740852,35.97871466694835],[135.95975846977763,35.97885383793431],[135.9591684947303,35.97886572067654]]],[[[135.95789041511068,35.98134022507139],[135.95786291833906,35.98114855885893],[135.95809625194056,35.981186612772035],[135.95807542184332,35.98132189239146],[135.95789041511068,35.98134022507139]]],[[[135.95907686100838,35.98388094564916],[135.95892041494528,35.98401550491167],[135.95881153042785,35.98387022483104],[135.95907686100838,35.98388094564916]]],[[[135.95771014330853,35.98408410789534],[135.9574609726459,35.98406161315296],[135.95745652369965,35.983883170571914],[135.95779097257537,35.9839535587098],[135.95771014330853,35.98408410789534]]],[[[135.95825513606576,35.984111054281755],[135.9582851356505,35.9841799459478],[135.95811180301735,35.98424744096667],[135.95808442315763,35.98411310833336],[135.95825513606576,35.984111054281755]]],[[[135.95758319141123,35.984629386636925],[135.9576476386277,35.98441077493737],[135.95791569415405,35.98434217105438],[135.9578812447237,35.98456189161806],[135.95758319141123,35.984629386636925]]],[[[135.95881846959674,35.98449550456394],[135.95877486416873,35.98468577502854],[135.9585551364105,35.9845685591917],[135.95881846959674,35.98449550456394]]],[[[135.95952516225645,35.985487170796375],[135.95951574635467,35.98563163968845],[135.95937267231102,35.985537999579094],[135.95952516225645,35.985487170796375]]],[[[135.9600032166752,35.98556605393031],[135.9600773927575,35.98568327876035],[135.95991795105272,35.985717170611],[135.95991099929324,35.985564945965564],[135.9600032166752,35.98556605393031]]],[[[135.96047878087109,35.98608355890917],[135.9604440598456,35.985942440890994],[135.96062433164764,35.98597077493139],[135.96061044071928,35.98606661298385],[135.96047878087109,35.98608355890917]]],[[[135.96181099877867,35.98664244079606],[135.9615546173518,35.98685105383311],[135.96150600539795,35.986659386721385],[135.96181099877867,35.98664244079606]]],[[[135.9614646167987,35.98787050462016],[135.9612773932372,35.98784244127569],[135.96127072566355,35.98768466691388],[135.96149933872357,35.98767327879881],[135.9614646167987,35.98787050462016]]],[[[135.96052933895794,35.988129946439926],[135.9605065501372,35.98828105412741],[135.96040267214562,35.98828105412741],[135.9603632170889,35.988129946439926],[135.96052933895794,35.988129946439926]]],[[[135.9608460046395,35.98835438664565],[135.96094294436148,35.98849522497471],[135.9607212839602,35.98848383775896],[135.9608460046395,35.98835438664565]]],[[[135.96099350244822,35.98817494581715],[135.96136766538552,35.988338278888534],[135.96115294415313,35.98842855913074],[135.96099350244822,35.98817494581715]]],[[[135.96004433188045,35.9886202253432],[135.9598504407453,35.988710224996964],[135.9598157197197,35.988558000351475],[135.9600031654138,35.98849391915911],[135.96004433188045,35.9886202253432]]],[[[135.96071627833362,35.988580774782974],[135.96089655013577,35.98874410785436],[135.96065863808576,35.98886674840179],[135.96071627833362,35.988580774782974]]],[[[135.96050155620196,35.990248278835054],[135.96046488994273,35.99043355896163],[135.9603007258978,35.99031050472604],[135.96050155620196,35.990248278835054]]],[[[135.96022461717246,35.99050772065482],[135.96043044141186,35.990580224897485],[135.96010461703452,35.99076050479351],[135.96004238664693,35.99065910803148],[135.96022461717246,35.99050772065482]]],[[[135.96320988342939,35.99432800023709],[135.96325849538334,35.994553278610965],[135.9630140596512,35.994676892224845],[135.963111283559,35.994332999568314],[135.96320988342939,35.99432800023709]]],[[[135.96354933883094,35.996350775168196],[135.96359766480043,35.996615505001614],[135.96330710823656,35.996593000366715],[135.96354933883094,35.996350775168196]]],[[[135.96376406006334,35.997799108142374],[135.96357011676753,35.997987251710356],[135.96337600529841,35.997787720926624],[135.96351267167256,35.99763522468595],[135.96376406006334,35.997799108142374]]],[[[135.8712107777552,35.609387639727856],[135.87129355405432,35.6094101353695],[135.87123160785245,35.609573468440885],[135.87109549905813,35.6094709727073],[135.8712107777552,35.609387639727856]]],[[[135.8916706996431,35.61352486468081],[135.89111128355898,35.61349174804576],[135.89111345002573,35.61344189232955],[135.8916706996431,35.61352486468081]]],[[[135.85853771674226,35.613612919101],[135.85853105096726,35.61371319800571],[135.8583721659428,35.61371513514541],[135.8583635540349,35.613610972968104],[135.85853771674226,35.613612919101]]],[[[135.91216150514936,35.61377583758491],[135.9120319461175,35.61366413459217],[135.9121371730921,35.61356119819078],[135.9122685604458,35.61363283818497],[135.91216150514936,35.61377583758491]]],[[[135.93809114059377,35.61452161298212],[135.937979948416,35.61482330585096],[135.93791241202825,35.614808306058535],[135.93802167336162,35.61450738660665],[135.93809114059377,35.61452161298212]]],[[[135.8916666670831,35.61442894593915],[135.89212647155944,35.61479327928646],[135.89199927414722,35.61490583843374],[135.8916666670831,35.61442894593915]]],[[[135.93982929988238,35.61743402695885],[135.93974503160803,35.61819746773898],[135.9396719203229,35.61820944131273],[135.93975724979725,35.61742766695335],[135.93982929988238,35.61743402695885]]],[[[135.90896583710378,35.619615134730736],[135.90891063581728,35.61997819823529],[135.9088405579455,35.61997277532339],[135.90888697825153,35.619602558611234],[135.90896583710378,35.619615134730736]]],[[[135.9443922827777,35.62303350459263],[135.944247276091,35.62293238662039],[135.94436513584242,35.62286230605065],[135.94453033680566,35.622909891878066],[135.9443922827777,35.62303350459263]]],[[[135.94453033680566,35.623106838010244],[135.94455089530766,35.62316877521886],[135.94443367137694,35.62328708103399],[135.9443647734156,35.623174306049464],[135.94453033680566,35.623106838010244]]],[[[135.8985430866942,35.62394653230666],[135.89853613493472,35.62416041357227],[135.89831530460765,35.624008197920034],[135.8985430866942,35.62394653230666]]],[[[135.8981775230743,35.62448708061436],[135.89812224444609,35.62457180214699],[135.8980064198605,35.62453902725434],[135.89802641988342,35.624449864869405],[135.8981775230743,35.62448708061436]]],[[[135.90747031130593,35.6251018652589],[135.9073798826755,35.62489077458963],[135.9076864723529,35.62491736034798],[135.9076660307628,35.625113613102826],[135.90747031130593,35.6251018652589]]],[[[135.94795024630685,35.62641738725267],[135.9477785864127,35.62626705388146],[135.948032724031,35.626244278550644],[135.94795024630685,35.62641738725267]]],[[[135.9484828661914,35.63092236027876],[135.9484967436299,35.63108013464057],[135.94826647221998,35.631013467897276],[135.94831730190208,35.63089430592754],[135.9484828661914,35.63092236027876]]],[[[135.94848160803986,35.63329153157895],[135.9484623346691,35.63349208129455],[135.9483173279824,35.633458198437154],[135.94835177741265,35.633311531601976],[135.94848160803986,35.63329153157895]]],[[[135.94950372171945,35.633914586389096],[135.94946233491885,35.634196252255265],[135.94920483833266,35.63411986474],[135.94950372171945,35.633914586389096]]],[[[135.9500958632335,35.63438269430594],[135.9497927764155,35.63414646758548],[135.95007847034515,35.63414230642235],[135.9500958632335,35.63438269430594]]],[[[135.9531392742582,35.63426958567288],[135.9532290014173,35.63453986522268],[135.95295316495663,35.634472360311236],[135.9531392742582,35.63426958567288]]],[[[135.94993844410396,35.634382080968294],[135.9501109466629,35.63448346783781],[135.94989622632988,35.6345609732104],[135.94993844410396,35.634382080968294]]],[[[135.95375978038965,35.63448738708331],[135.9536912187748,35.634765414292474],[135.95354483792403,35.63471125172293],[135.95375978038965,35.63448738708331]]],[[[135.83931666673084,35.63800764024046],[135.83935277630962,35.63815291942177],[135.83917472133635,35.638203467615995],[135.8390625030322,35.63809569376133],[135.83931666673084,35.63800764024046]]],[[[135.81477549909005,35.642501027300625],[135.81464674405208,35.642744918942924],[135.81447703029073,35.64248894580828],[135.81477549909005,35.642501027300625]]],[[[135.82569472113448,35.643867612800136],[135.8253108302307,35.643721224754756],[135.82524444857256,35.64333650467603],[135.82572555079355,35.64341427894584],[135.82569472113448,35.643867612800136]]],[[[135.8200780538591,35.644134278873935],[135.82001333324877,35.64433233297086],[135.81990277599243,35.64430900006033],[135.81993861217722,35.64413761266076],[135.8200780538591,35.644134278873935]]],[[[135.96589389119015,35.662872332692075],[135.96604583704584,35.66304705387847],[135.96589389119015,35.663063999803796],[135.96580444911615,35.662945667008955],[135.96589389119015,35.662872332692075]]],[[[135.965380532086,35.67344417091181],[135.96546666735287,35.67350674843772],[135.96535500572895,35.673591080563995],[135.96527525295062,35.67352761270922],[135.965380532086,35.67344417091181]]],[[[135.9652364723853,35.67359786504949],[135.96538591362912,35.673600919147134],[135.96542730222825,35.67377564033359],[135.96519258097294,35.673708135422146],[135.9652364723853,35.67359786504949]]],[[[135.96450202304993,35.674795360017924],[135.96437785995033,35.67460397259532],[135.96466591370097,35.67451591907445],[135.9646953566055,35.67468841443883],[135.96450202304993,35.674795360017924]]],[[[135.97591625173368,35.683450892244934],[135.97595791192816,35.683580613154845],[135.9757700003853,35.68361572088884],[135.9757643058781,35.683478945696834],[135.97591625173368,35.683450892244934]]],[[[135.97598513620517,35.683790053568146],[135.97595791192816,35.68394644117535],[135.97580596607258,35.68383366709014],[135.97598513620517,35.683790053568146]]],[[[135.9764079506665,35.68802641438759],[135.9765237743528,35.68811061341415],[135.97643405978408,35.68824589213426],[135.97635822265397,35.688060054428036],[135.9764079506665,35.68802641438759]]],[[[135.9764684948252,35.688488108339584],[135.97648581127123,35.68872999988963],[135.97635822265397,35.688702279186884],[135.97635128438435,35.68849394583896],[135.9764684948252,35.688488108339584]]],[[[135.97475605704642,35.69831863989339],[135.97485577207624,35.69840197287283],[135.9747063290339,35.69849558600254],[135.97469160803132,35.698342251593715],[135.97475605704642,35.69831863989339]]],[[[135.96057880706633,35.699594224793714],[135.96068603143522,35.69972977510906],[135.96048907900786,35.69978033319586],[135.96039491639237,35.699585612885755],[135.96057880706633,35.699594224793714]]],[[[135.96022658938568,35.69967310792765],[135.9603510249799,35.699791440722436],[135.96018464320673,35.69985866684408],[135.96011603122997,35.69971838699399],[135.96022658938568,35.69967310792765]]],[[[135.95562741867047,35.70335835970059],[135.95529600500674,35.70345974836874],[135.95522016877578,35.703301973107614],[135.95557211396192,35.703194747839404],[135.95562741867047,35.70335835970059]]],[[[135.9584174187289,35.70495113458725],[135.95849671914834,35.70503191888798],[135.95833464332918,35.70513310790665],[135.95825158194498,35.70500363970626],[135.9584174187289,35.70495113458725]]],[[[135.95700824943128,35.71089197328598],[135.95713936429024,35.71108364039776],[135.95699852056532,35.7111639192795],[135.95690464303493,35.71093141395363],[135.95700824943128,35.71089197328598]]],[[[135.95711856027344,35.71134280162903],[135.95715771675532,35.711486694055736],[135.95698744541437,35.71153446784149],[135.95689769127546,35.71138225218925],[135.95711856027344,35.71134280162903]]],[[[135.9576641124089,35.7136922516961],[135.957780116859,35.71379627897517],[135.95769800336018,35.71388669411567],[135.95757438435044,35.7137261345535],[135.9576641124089,35.7136922516961]]],[[[135.9574363294231,35.71376558601304],[135.9575607776079,35.714030305953884],[135.95731883299777,35.713917801665275],[135.9574363294231,35.71376558601304]]],[[[135.9585550581695,35.71482997322471],[135.95886457783809,35.71495650513867],[135.95872077804154,35.715130306318656],[135.9585550581695,35.71482997322471]]],[[[135.55535905277816,35.495379279030544],[135.5554003631363,35.49547435985386],[135.55527936385158,35.4955106942632],[135.55519775577193,35.49540927861534],[135.55535905277816,35.495379279030544]]],[[[135.5549696886003,35.49588141369634],[135.5550341888768,35.496083864578736],[135.554792113865,35.496024333056596],[135.5549696886003,35.49588141369634]]],[[[135.55461325579722,35.49612553196778],[135.55441683486913,35.496075505380304],[135.55442330728988,35.495959170879075],[135.5546028272587,35.495916170694784],[135.55461325579722,35.49612553196778]]],[[[135.5688202463573,35.4965738017396],[135.5685321917074,35.49647936033426],[135.56863469463553,35.496260198249615],[135.56893552505448,35.496329919090556],[135.5688202463573,35.4965738017396]]],[[[135.5510023087096,35.49641383842794],[135.55073238709008,35.496628386990494],[135.5505625546183,35.49632027925753],[135.55094544727467,35.49607169405351],[135.5510023087096,35.49641383842794]]],[[[135.5452984701484,35.4963317213319],[135.54440202323485,35.496417972611425],[135.54487097291712,35.4955448918833],[135.54556491588824,35.49555577457937],[135.5452984701484,35.4963317213319]]],[[[135.5505012451364,35.49662408103654],[135.5503823349768,35.49669966725588],[135.5502750062866,35.496489775382884],[135.5504131907162,35.49642189185687],[135.5505012451364,35.49662408103654]]],[[[135.5457427496283,35.49651294641541],[135.5457411929018,35.49665477489799],[135.54545785969253,35.49682341396942],[135.54544741856353,35.496597891879276],[135.5457427496283,35.49651294641541]]],[[[135.54390869023393,35.49695338668948],[135.54384372231004,35.497046306441916],[135.5436978864484,35.496838359802496],[135.54378878092757,35.496797640298894],[135.54390869023393,35.49695338668948]]],[[[135.5443132808333,35.497019225157146],[135.54443538268686,35.4971765858308],[135.54412856008503,35.49718819787711],[135.5440719711446,35.497041864690345],[135.5443132808333,35.497019225157146]]],[[[135.54386961109378,35.497427946342725],[135.54377635499486,35.497339891922536],[135.54387202307544,35.49722522476435],[135.54408641965256,35.497400440577906],[135.54386961109378,35.497427946342725]]],[[[135.56846885875086,35.49765825192685],[135.56783496800938,35.49758325206551],[135.5679727504421,35.49678297325568],[135.56894330688817,35.49705991858042],[135.56846885875086,35.49765825192685]]],[[[135.55215364507467,35.49769897322909],[135.55189688683197,35.49774510755071],[135.55181627789898,35.497659639580775],[135.5515388586315,35.497707468225144],[135.5514655512942,35.497605612808854],[135.55175263287776,35.49752555875756],[135.55215364507467,35.49769897322909]]],[[[135.56080108879928,35.49765491903935],[135.56101357971295,35.49799658587381],[135.5607327502163,35.49813436021259],[135.56063496782951,35.49780491876203],[135.56080108879928,35.49765491903935]]],[[[135.56906496807392,35.49824741398703],[135.56914664090482,35.49836074834991],[135.56899302231022,35.49837102670159],[135.56906496807392,35.49824741398703]]],[[[135.55077856008256,35.49806153221397],[135.54972216604517,35.49856230620554],[135.549652360668,35.49846672086255],[135.5507033326927,35.49793886468689],[135.55077856008256,35.49806153221397]]],[[[135.56867830096292,35.49888241359258],[135.56873024580432,35.499028252152186],[135.5686410888153,35.49904853186433],[135.56858413744806,35.498916864821524],[135.56867830096292,35.49888241359258]]],[[[135.56910219191263,35.499152414352466],[135.56883469486536,35.49908353167967],[135.56894608309528,35.49888630585838],[135.56936219221143,35.49897130618086],[135.56910219191263,35.499152414352466]]],[[[135.5689360826342,35.49982741400402],[135.56912525322787,35.49991213463733],[135.569154695233,35.50000019805077],[135.5688902459881,35.49993935981365],[135.5689360826342,35.49982741400402]]],[[[135.5665460830354,35.50085546770572],[135.56662941601485,35.50099380232217],[135.56650914428167,35.50101380234514],[135.56645525330737,35.50092574792495],[135.5665460830354,35.50085546770572]]],[[[135.51445308734014,35.5172738021443],[135.51434228277014,35.51717199978799],[135.51454061026107,35.51712727920062],[135.51445308734014,35.5172738021443]]],[[[135.5152070042999,35.51732222524055],[135.51519516202723,35.51744213544623],[135.5150174712793,35.51747230590223],[135.51500444909607,35.51727689221485],[135.5152070042999,35.51732222524055]]],[[[135.51551005244698,35.51777313542192],[135.5155184179407,35.51761258575226],[135.5157391700268,35.517640667083185],[135.51573914394635,35.51776733299607],[135.51551005244698,35.51777313542192]]],[[[135.51594868958045,35.518217360043195],[135.51574780801502,35.518169332648654],[135.5158841371433,35.517720694154775],[135.51603914429108,35.517756279428795],[135.51594868958045,35.518217360043195]]],[[[135.48452569380584,35.52373217100296],[135.48457319060037,35.52393022509983],[135.4842907000558,35.523981332672406],[135.48429847019827,35.523774108188604],[135.48452569380584,35.52373217100296]]],[[[135.52033438372484,35.53320964041262],[135.5203829956788,35.533271865404345],[135.52025438363296,35.53346102700482],[135.52017216581282,35.53334464034293],[135.52033438372484,35.53320964041262]]],[[[135.5205460571549,35.53423602677128],[135.52054994762204,35.534409918782785],[135.52044133559923,35.53438046778439],[135.5205460571549,35.53423602677128]]],[[[135.5181385603463,35.5361574409132],[135.51764130989864,35.535505107774554],[135.51812472067934,35.53485522528848],[135.51885775628045,35.53480817096039],[135.5181385603463,35.5361574409132]]],[[[135.51827046660878,35.536438414301415],[135.51825963697274,35.536372973334096],[135.51844321738065,35.53627061339813],[135.51843817128463,35.53643519832582],[135.51827046660878,35.536438414301415]]],[[[135.50654165956996,35.535731567857624],[135.50629875538334,35.536613801885494],[135.50624194610896,35.536602595433465],[135.5064828915722,35.535720359606955],[135.50654165956996,35.535731567857624]]],[[[135.5184960570475,35.54812046828505],[135.51852827525977,35.54825463993973],[135.51833827459177,35.548252972596686],[135.51832910510416,35.54815769392246],[135.5184960570475,35.54812046828505]]],[[[135.5185858111863,35.549676027426756],[135.51860163385834,35.54996463965642],[135.51840302218181,35.549991306353775],[135.51843413692598,35.549715468094405],[135.5185858111863,35.549676027426756]]],[[[135.48667046716844,35.557966333279694],[135.48675325605802,35.557637721004085],[135.48692269822402,35.55771244117625],[135.48686102541603,35.558047999815415],[135.48667046716844,35.557966333279694]]],[[[135.6412624771816,35.480762107685166],[135.63909121878476,35.48107472102163],[135.63908075157553,35.48102591931075],[135.6412519973818,35.48071330597435],[135.6412624771816,35.480762107685166]]],[[[135.6365359139014,35.48201019761257],[135.63575083003684,35.48264672066966],[135.63572778221146,35.48262736006467],[135.6365126331516,35.48199099978484],[135.6365359139014,35.48201019761257]]],[[[135.63202031088872,35.48363802717324],[135.63317389106226,35.48338194611995],[135.6337776653071,35.483169332898456],[135.63438413661868,35.482875413769364],[135.63499836638152,35.48247544118874],[135.63502844420736,35.48250186506908],[135.6344091440668,35.48290505362536],[135.6337974710765,35.48320158618429],[135.63318871638626,35.483415891929894],[135.63247085594526,35.48358008115588],[135.63202031088872,35.48363802717324]]],[[[135.62295530474353,35.48453586533799],[135.62331263327144,35.4840065315762],[135.62337002620586,35.4840384143414],[135.62295530474353,35.48453586533799]]],[[[135.62397841757002,35.49060725232289],[135.62378500577347,35.49100794615981],[135.62372202265328,35.49098989226974],[135.62397841757002,35.49060725232289]]],[[[135.60263369588847,35.51443338699124],[135.6027867191318,35.514592081359524],[135.60267053211942,35.51472005398733],[135.60253569406711,35.51449922455964],[135.60263369588847,35.51443338699124]]],[[[135.6059700781567,35.51654817066162],[135.60599155576574,35.516708946061044],[135.60585555129273,35.51671961291987],[135.6058587546778,35.51656294562349],[135.6059700781567,35.51654817066162]]],[[[135.60633250314254,35.5175559455505],[135.60618905318233,35.517559532046846],[135.60622688676153,35.517395946265935],[135.60630846966023,35.51740019826059],[135.60633250314254,35.5175559455505]]],[[[135.6126577561506,35.51903161341829],[135.61253063608,35.51889086502143],[135.612786744113,35.518870945937465],[135.61284455343343,35.51904599987307],[135.6126577561506,35.51903161341829]]],[[[135.6180487808266,35.519766505220105],[135.617975162324,35.519824748013775],[135.61764418932796,35.51954833328898],[135.61771919638386,35.51949117058109],[135.6180487808266,35.519766505220105]]],[[[135.64162897519714,35.51976450512785],[135.64187933926019,35.52002141355746],[135.6418367437708,35.52005094639412],[135.641575330637,35.5198015589948],[135.64162897519714,35.51976450512785]]],[[[135.61850802862273,35.52015725165592],[135.61843671867973,35.52021553222107],[135.6181108043702,35.519937585950856],[135.61818141374135,35.51988038727012],[135.61850802862273,35.52015725165592]]],[[[135.65026775575234,35.521685027142325],[135.64942360621455,35.52152997322975],[135.64898891080963,35.52114010812954],[135.64958233475704,35.52075846822879],[135.65026775575234,35.521685027142325]]],[[[135.6503446172104,35.52180691855449],[135.6522637218933,35.523374586168245],[135.6522244493989,35.523406558865645],[135.65031708176798,35.52184910755034],[135.6503446172104,35.52180691855449]]],[[[135.6708264196036,35.523961468447055],[135.67047158219782,35.52393589172806],[135.6705804145546,35.52358950525149],[135.67086608330317,35.5237803872551],[135.6708264196036,35.523961468447055]]],[[[135.6711547728745,35.52433725196266],[135.6709084701498,35.52441861272882],[135.67094488999476,35.5242739459859],[135.6711547728745,35.52433725196266]]],[[[135.67039705627917,35.524693837650545],[135.6695955247137,35.524272332602095],[135.67020097259683,35.52394741384211],[135.67091525283672,35.524108801679915],[135.67039705627917,35.524693837650545]]],[[[135.6710250321795,35.524794972709856],[135.67096574617233,35.52480680239205],[135.67073619961593,35.524617801770205],[135.6708751619592,35.52460861339682],[135.6710250321795,35.524794972709856]]],[[[135.6449499736624,35.524944333014616],[135.645937912205,35.52562435987636],[135.64820994773095,35.52654772080075],[135.64818994770803,35.52657938682927],[135.64591374832094,35.52565238724793],[135.6449499736624,35.524944333014616]]],[[[135.65833333271723,35.52598080167269],[135.6587516991317,35.52618499993787],[135.65969705567466,35.52658436008022],[135.6596763038184,35.52661666732541],[135.65772450068528,35.52576366665994],[135.65833333271723,35.52598080167269]]],[[[135.61924891080866,35.52681961283491],[135.61933472142027,35.52684050498539],[135.61917856044226,35.527151441086176],[135.61904910483236,35.52719619764645],[135.6191593895942,35.52693541403818],[135.61924891080866,35.52681961283491]]],[[[135.65198914358416,35.52867730641259],[135.65117856034237,35.52875499974351],[135.65110394269288,35.52867150488612],[135.65196272420042,35.52861663994605],[135.65198914358416,35.52867730641259]]],[[[135.6600608296436,35.529538170750016],[135.6590707776943,35.52994353206839],[135.65904922184416,35.52990505367535],[135.66003861189245,35.52949761312442],[135.6600608296436,35.529538170750016]]],[[[135.65877627760324,35.53006499989988],[135.65778930043598,35.53046936027283],[135.65776489013763,35.530430441211934],[135.65875438360797,35.530025278643734],[135.65877627760324,35.53006499989988]]],[[[135.6229943838838,35.530992360109394],[135.62284914427266,35.530903386582054],[135.62298308660024,35.53083799957409],[135.6229943838838,35.530992360109394]]],[[[135.62726250336186,35.53343117131158],[135.6270310250618,35.53335653207836],[135.62708953315553,35.53330038740302],[135.6272635276897,35.53332805414641],[135.62726250336186,35.53343117131158]]],[[[135.6304320227198,35.535513467872306],[135.63034819691177,35.53556297285297],[135.6302361350896,35.53539974770024],[135.6303737475505,35.53540297266909],[135.6304320227198,35.535513467872306]]],[[[135.66124505781318,35.53734372133573],[135.66104983118487,35.53735058586091],[135.66106450092605,35.5372177479008],[135.66124505781318,35.53734372133573]]],[[[135.66103930012366,35.53741617071978],[135.66109053180264,35.537587107559034],[135.66099263340334,35.537579198021604],[135.66090442340044,35.537445252096745],[135.66103930012366,35.53741617071978]]],[[[135.6612528270564,35.537747224654765],[135.6611028273337,35.53754425216556],[135.66137252861938,35.53755574819928],[135.6612528270564,35.537747224654765]]],[[[135.63524642008633,35.53776961327708],[135.63518489027058,35.5376199732832],[135.63540202258537,35.537597838269676],[135.6357219968727,35.53773833305769],[135.6355897281835,35.537790838176704],[135.63540999957183,35.53768799980139],[135.63524642008633,35.53776961327708]]],[[[135.63789871595304,35.5380793056155],[135.63744089538113,35.538039532198695],[135.63769791172933,35.53789922536902],[135.63789871595304,35.5380793056155]]],[[[135.63757732793135,35.538204252024684],[135.63750286586458,35.53835889224911],[135.63736941636557,35.53828602737832],[135.63748282717086,35.53815341424871],[135.63779291790888,35.53813674801256],[135.6376832168071,35.53827777519922],[135.63757732793135,35.538204252024684]]],[[[135.63879910459502,35.53899555919776],[135.6381310252267,35.53853338680642],[135.63860055766963,35.53839346758451],[135.63879910459502,35.53899555919776]]],[[[135.6487674707422,35.543114946097944],[135.6488110887608,35.543281468165276],[135.64868335894994,35.54326199964163],[135.6487674707422,35.543114946097944]]],[[[135.64732063603856,35.5436385053128],[135.64736824884562,35.54387435971398],[135.64717316520944,35.5438993869472],[135.64712399477662,35.54376555883351],[135.64732063603856,35.5436385053128]]],[[[135.6484266672569,35.543854640279505],[135.64810263342986,35.54405794641713],[135.64805019486062,35.54399702724106],[135.64821605682562,35.543795613276984],[135.6484266672569,35.543854640279505]]],[[[135.64267425361402,35.54425353187503],[135.642234358329,35.54426646772333],[135.6423841628989,35.54405789155851],[135.64263472121547,35.544013748335885],[135.64267425361402,35.54425353187503]]],[[[135.6562223873534,35.54587033304949],[135.65603839235803,35.54598069425367],[135.6559263287371,35.54585597267504],[135.65608805382067,35.54574133339588],[135.6562223873534,35.54587033304949]]],[[[135.6528161997079,35.5462233870997],[135.65265197091185,35.54621822499115],[135.65266133555224,35.54606763980979],[135.65280000021994,35.54609022538364],[135.6528161997079,35.5462233870997]]],[[[135.65438085639153,35.546462333370016],[135.6542811413616,35.546365170616184],[135.65440243832188,35.54629077509924],[135.65446114066913,35.54644146819925],[135.65438085639153,35.546462333370016]]],[[[135.6541331390332,35.546434504748674],[135.65370910509114,35.546425441381075],[135.65378775620002,35.54611838675419],[135.65408442275793,35.54612410824103],[135.6541331390332,35.546434504748674]]],[[[135.65542808004193,35.546592440988434],[135.65514044087865,35.546436946407994],[135.65529513596186,35.5462163597972],[135.6555679120296,35.54636513464328],[135.65542808004193,35.546592440988434]]],[[[135.65877542234796,35.54660627885676],[135.6581841891491,35.546513027254434],[135.65839399468712,35.54593194560283],[135.65888038941853,35.54637483832818],[135.65877542234796,35.54660627885676]]],[[[135.65598167301584,35.546692720792464],[135.65568680869933,35.5466770806828],[135.6558314142884,35.54648730574462],[135.65598167301584,35.546692720792464]]],[[[135.6586688329004,35.54687089177827],[135.65847038939705,35.546751972625486],[135.6585481061103,35.54662789226347],[135.65885097259434,35.546707081166915],[135.6586688329004,35.54687089177827]]],[[[135.64087014344238,35.5467786402221],[135.64038335930468,35.54676980168506],[135.6409222438665,35.546170999791855],[135.64136883280548,35.54651736018809],[135.64087014344238,35.5467786402221]]],[[[135.6635935024383,35.547216171189405],[135.6635591438395,35.54738780230531],[135.6634581059069,35.54733722533274],[135.6635935024383,35.547216171189405]]],[[[135.66289063639385,35.54752122482472],[135.6624813099645,35.547581919170284],[135.662527276113,35.54740410791328],[135.66289063639385,35.54752122482472]]],[[[135.6607394679521,35.54744622496338],[135.66069800291052,35.547682919331294],[135.6605940601678,35.54767161305455],[135.6607394679521,35.54744622496338]]],[[[135.66197574618377,35.54800019835051],[135.66184136228912,35.548092108164326],[135.66166547288333,35.54797750485801],[135.6617286898272,35.54789438681655],[135.66197574618377,35.54800019835051]]],[[[135.66414936440174,35.54811577472327],[135.66418308717982,35.54825469389908],[135.6640540335669,35.5482871351432],[135.66402011743457,35.54819563991691],[135.66414936440174,35.54811577472327]]],[[[135.8401486637299,35.56841941422465],[135.83987955869475,35.56840538659935],[135.83996194558733,35.568261198295716],[135.8401486637299,35.56841941422465]]],[[[135.8489475227101,35.57837189204923],[135.84880610881498,35.578296440728195],[135.84902841762744,35.57813472104061],[135.84919705579955,35.57834369380646],[135.8489475227101,35.57837189204923]]],[[[135.84981525337128,35.57870530580527],[135.84982564233962,35.578466891933545],[135.85000457774913,35.578588000036234],[135.84981525337128,35.57870530580527]]],[[[135.8381777167283,35.57881561305015],[135.83801949360486,35.5788198380651],[135.83795586297276,35.578647667355995],[135.83820377368522,35.578652333038804],[135.8381777167283,35.57881561305015]]],[[[135.83447121937138,35.57922783799438],[135.8342633851472,35.579210802136856],[135.83423972758146,35.5790746402825],[135.8345250581849,35.57907980239099],[135.83447121937138,35.57922783799438]]],[[[135.83487591429207,35.57988136003678],[135.83541780798555,35.5771808380253],[135.8383221658354,35.5778288921897],[135.83487591429207,35.57988136003678]]],[[[135.85451277574407,35.58104908115024],[135.8544002462744,35.581040640113486],[135.85449150497902,35.58085444087982],[135.85457702960628,35.580857612788634],[135.85451277574407,35.58104908115024]]],[[[135.85180827513182,35.59259605426456],[135.851633748199,35.592644305590284],[135.85166435842348,35.59251050535556],[135.85180827513182,35.59259605426456]]],[[[135.79235094703859,35.60029155930806],[135.7924653830711,35.60039905437293],[135.7923701169874,35.6004501709387],[135.7922462263823,35.600384613059475],[135.79235094703859,35.60029155930806]]],[[[135.84598185537834,35.60088769381207],[135.8459602455689,35.60103286507473],[135.84574452698837,35.60092805358687],[135.84598185537834,35.60088769381207]]],[[[135.8459285210845,35.601324640220014],[135.8459318548713,35.601181108421486],[135.84607050604905,35.60119010793716],[135.84603066068655,35.601298864750845],[135.8459285210845,35.601324640220014]]],[[[135.79187399518878,35.60158846803341],[135.7919706606176,35.601047667016246],[135.79218289162725,35.60106127915475],[135.7922064979316,35.60148822510155],[135.79187399518878,35.60158846803341]]],[[[135.83286666696313,35.602421135027384],[135.8329359660221,35.602264838251756],[135.83304391704326,35.60226517100091],[135.8329829960685,35.60241453220493],[135.83286666696313,35.602421135027384]]],[[[135.84390319117938,35.60249246835281],[135.84376880728473,35.60243266703401],[135.84373341086825,35.60223299955334],[135.84388797734834,35.6022929726426],[135.8439657201419,35.60239730569117],[135.84390319117938,35.60249246835281]]],[[[135.83279191981137,35.60290838681266],[135.8326811413217,35.60278755929846],[135.83279713408058,35.6027353329693],[135.8328479116019,35.60284017143681],[135.83279191981137,35.60290838681266]]],[[[135.79151204864218,35.60325180192916],[135.79073066099124,35.60292846777463],[135.79125316530144,35.60197153156099],[135.79203788583982,35.602406252146864],[135.79151204864218,35.60325180192916]]],[[[135.79132260735253,35.60401597295885],[135.79117900091023,35.604030414272245],[135.79104011680806,35.60387486483319],[135.7913117768171,35.60381625241814],[135.79132260735253,35.60401597295885]]],[[[135.79178844358182,35.60372819799801],[135.79212428011147,35.604008198319775],[135.79180510981803,35.604074586273214],[135.79178844358182,35.60372819799801]]],[[[135.82849697805318,35.60706058637703],[135.82822335932065,35.60705866722378],[135.82832994786884,35.6069163063425],[135.82849697805318,35.60706058637703]]],[[[135.80420880679105,35.62985299981614],[135.8042804665704,35.63006980207973],[135.80415600489573,35.630087532213906],[135.80409596615596,35.62989717091773],[135.80420880679105,35.62985299981614]]],[[[135.82304944177838,35.630833802238215],[135.8229242282706,35.63068708144368],[135.8230336056165,35.63065425169242],[135.82315678305918,35.63072146792143],[135.82304944177838,35.630833802238215]]],[[[135.81414616071686,35.6314234409391],[135.81361141393563,35.63129966724591],[135.81377238718596,35.63106186491319],[135.8142303633407,35.63111177458876],[135.81414616071686,35.6314234409391]]],[[[135.81463639375465,35.63142644107745],[135.8148056155868,35.631681441145645],[135.8143999224186,35.63170433338831],[135.81463639375465,35.63142644107745]]],[[[135.81485917021462,35.63195894584874],[135.81474396885915,35.63207389179672],[135.8145977822619,35.632075468308244],[135.81463949371778,35.63194022466172],[135.81485917021462,35.63195894584874]]],[[[135.80322457795194,35.63865838697501],[135.80317547316963,35.63873410809265],[135.80296836559762,35.63872666710205],[135.8029840335863,35.63863186506859],[135.80322457795194,35.63865838697501]]],[[[135.80502977990045,35.639372413606054],[135.80256510959225,35.6325209996445],[135.8064821139585,35.63124938704965],[135.80502977990045,35.639372413606054]]]]}},{"type":"Feature","id":"JP-18-capital","properties":{"Kind":"capital","PrefectureCode":"18","PrefectureName":"Fukui","CapitalName":"Fukui","CapitalNameJapanese":"福井市","PointKind":"prefecture-representative-point"},"geometry":{"type":"Point","coordinates":[136.221725,36.065208]}}]}
