{"type":"FeatureCollection","bbox":[139.3339865497395,41.351645558995415,148.89281866365047,45.556080613029906],"displayBbox":[139.76714111467072,41.3982855586317,145.81576000022392,45.52295735989429],"DataVersion":"2019-boundaries-v1","Attribution":{"BoundarySource":"MLIT National Land Numerical Information, via Fabio Crisci / piuccio","BoundarySourceURL":"https://github.com/piuccio/open-data-jp-prefectures-geojson/tree/513fb852832c99470e16b95a30ddd68bf3469dc0","BoundaryDate":"2019-01-01","CapitalSource":"Geospatial Information Authority of Japan (GSI), prefecture representative points","CapitalSourceURL":"https://maps.gsi.go.jp/","CapitalSourceRetrieved":"2026-10-04","Notice":"Simplified and enriched by Ashiato Kai. Modern geographic context, not historical immigration-era boundaries. See GEOLOCATION.md and THIRD_PARTY_NOTICES.md."},"features":[{"type":"Feature","id":"JP-01","bbox":[139.3339865497395,41.351645558995415,148.89281866365047,45.556080613029906],"properties":{"Kind":"prefecture","PrefectureCode":"01","PrefectureName":"Hokkaido","PrefectureNameJapanese":"北海道"},"geometry":{"type":"MultiPolygon","coordinates":[[[[144.0814354729688,44.12506038682744],[144.08153007805072,44.12531380229018],[144.08145983110637,44.125327468388036],[144.0814354729688,44.12506038682744]]],[[[143.77645138762148,44.18468694574602],[143.77028722387638,44.18589583782273],[143.73831360558847,44.194555837881694],[143.69987333298798,44.20599333292603],[143.69130778242823,44.20818889190389],[143.65126583704875,44.22144444110813],[143.64016999984563,44.2246394409575],[143.6346674970074,44.22726555935816],[143.62948555121727,44.22812833295626],[143.62698583702684,44.23054889241752],[143.59272416269005,44.24159666715252],[143.5777744490316,44.24603583768379],[143.55286861169714,44.254576945569625],[143.51594138818461,44.26774722465473],[143.51425389130407,44.268759999774204],[143.4910169393803,44.276989170613774],[143.4657091698424,44.28683666697867],[143.4380830613842,44.29818027909664],[143.41146751031738,44.3094706936177],[143.40826101173639,44.31145345861029],[143.3824948901272,44.325061495291834],[143.37405745788544,44.331136756556134],[143.37652315162222,44.33369940530338],[143.37148368362512,44.33946477457971],[143.3651357721982,44.337479018442025],[143.36215062285305,44.34088635991765],[143.36544809325494,44.34278681985592],[143.36307293067125,44.346163387430465],[143.360054488424,44.345510279076166],[143.35822192010562,44.35425999100585],[143.36412006528883,44.35637147686219],[143.35669832736596,44.35971755022484],[143.3537062910126,44.36495392838117],[143.34887562940685,44.37040367608881],[143.34037544696935,44.37203515329975],[143.32920926119846,44.37671699059672],[143.32316592676614,44.37990129660761],[143.30921474656338,44.385417161572775],[143.2728586123352,44.40249361269014],[143.26607972779732,44.405221108067735],[143.24353527902997,44.41659527914885],[143.23364527890658,44.42192058586642],[143.22964061042592,44.425713278744865],[143.2280500784484,44.42924105383162],[143.22999180287945,44.43257338735202],[143.22689072642595,44.43873627855646],[143.22221357999274,44.44083469366626],[143.21917834020826,44.439008170590625],[143.21411632890556,44.44058472080826],[143.20678671933172,44.44465025180773],[143.19595797717898,44.44948797309155],[143.1697474708692,44.462105586403766],[143.1620611667895,44.466412640231226],[143.1520274972712,44.47085744141782],[143.130647082397,44.48201077497731],[143.11847778202412,44.48898138688156],[143.09767972763734,44.49912777472707],[143.08250861168312,44.5074580536463],[143.06421055837063,44.51859333331572],[143.06055958515674,44.523526252334705],[143.06461693862093,44.52912361296444],[143.06017722399974,44.53113917083613],[143.05851360591828,44.52829805421186],[143.05451916992376,44.52769777473259],[143.04805083028168,44.528745838349835],[143.04171999967832,44.53342722508643],[143.03632722402222,44.534342225013745],[143.0273950063745,44.53941027886134],[143.0225372239138,44.54116389209997],[143.0188288847453,44.54403944106741],[142.99424138763004,44.557731666883],[142.98535083017669,44.56394694629461],[142.9760295334363,44.57182119789002],[142.97509922165182,44.573695251934396],[142.96565491564195,44.583475414259],[142.96553832663255,44.58524593655079],[142.95757544684943,44.5930475319181],[142.95526933870906,44.59832313490483],[142.94933341120804,44.60099255925928],[142.94472800279516,44.60117086514339],[142.9429890530024,44.60803444063697],[142.93318555057272,44.61373110800429],[142.93087221817837,44.61906499965005],[142.9328388853064,44.62178833296525],[142.92914583731056,44.62523555937361],[142.92745083019167,44.62885055880628],[142.9236002722348,44.62773944102241],[142.91814221838877,44.628665278679705],[142.9099316734081,44.63499361276507],[142.90485221795552,44.639795837807696],[142.90253972822597,44.640252775245415],[142.8964230612753,44.64610833303317],[142.89306917010617,44.65204277485424],[142.8885663941238,44.655006945714035],[142.88014194629386,44.65784222483887],[142.87753027190456,44.660609440573296],[142.87108333342917,44.66214083762958],[142.86264027233074,44.67225805416592],[142.86280583662017,44.67513250506113],[142.852273891427,44.67787722515385],[142.84783555097,44.683203891646315],[142.84182083026712,44.687366107859646],[142.8383997282649,44.68810277492315],[142.837615550917,44.69141361284801],[142.83284250257952,44.690808333138136],[142.82604778187965,44.69628055940035],[142.81974167274007,44.699733892205415],[142.81564250259953,44.7034066667843],[142.81483722355904,44.70665138655232],[142.80470167344356,44.70903666740833],[142.79302778170677,44.717029170859576],[142.78788805369084,44.72159055925698],[142.78418306089964,44.72696277461239],[142.77760888544174,44.729128054316334],[142.7726697278257,44.73778944112985],[142.76327000031029,44.74244777464514],[142.75716834034665,44.74770694611874],[142.7553083400079,44.750631667317634],[142.7426194419338,44.7576116672447],[142.73781221755985,44.76093027890931],[142.72814917034805,44.77075722486609],[142.72395693926137,44.77854222504368],[142.7213991702356,44.78111277523442],[142.71942302155526,44.78605329712201],[142.70204944162845,44.79702055915152],[142.70239805392714,44.80588361263864],[142.69982277600036,44.80891222531898],[142.69012833975114,44.815083053939816],[142.68333111533877,44.821776946249145],[142.68264416279794,44.82623777515323],[142.68023455258265,44.829851865371324],[142.67682277565063,44.83179522476985],[142.6748672241431,44.835575559164795],[142.66831972797308,44.836081945825185],[142.6597658371237,44.84036472065537],[142.6557683398371,44.8472852789925],[142.65640972822644,44.84907464028248],[142.65105944193976,44.854706945868884],[142.64648111481165,44.86281305437899],[142.6460561087025,44.86637277518349],[142.64108055822123,44.870007774639134],[142.64054277622824,44.873664170764926],[142.6353877822204,44.876640000435714],[142.63601972772835,44.882903613011365],[142.6325566669567,44.887744170756946],[142.62356749704247,44.889256945551665],[142.61585083005184,44.89359361315479],[142.60795194602554,44.899594999609576],[142.59111830106883,44.91567569437785],[142.58635267213822,44.92151964011936],[142.5879197282129,44.92696505399408],[142.5865923090879,44.9337714406995],[142.58992228278714,44.939586386902306],[142.5838999996853,44.943254720628886],[142.57946984395824,44.947616550363534],[142.5800669389381,44.95103944111736],[142.57866455322664,44.95559644981637],[142.58477666690976,44.96093583811847],[142.57796000005408,44.9615691712803],[142.56576666709805,44.96922389206901],[142.56089693894262,44.977486666976176],[142.55099194622142,44.98465833311565],[142.54492749660676,44.98595166703586],[142.53958277622417,44.99194222475393],[142.53652500572446,44.99973472078079],[142.5410725031935,45.00373777497839],[142.5366091696775,45.00611527939668],[142.53665583729708,45.00883944098746],[142.53174167274005,45.01225972100934],[142.5326225029262,45.01999389240427],[142.53216722383843,45.02706389198511],[142.52908250335486,45.02913917113591],[142.52405389107423,45.02903055911304],[142.5190525030706,45.032187505049365],[142.51869399463226,45.036409838243515],[142.51257888530733,45.03706861322598],[142.50780194560332,45.040011107726514],[142.5002844487684,45.050607775328615],[142.49996778218747,45.054820838311116],[142.50362277627016,45.05755444098469],[142.50275000041222,45.059958333310476],[142.48708749669072,45.05958777485597],[142.4822144491376,45.06142917091955],[142.4636197283678,45.076458891864434],[142.4469072238893,45.09125222511017],[142.44071360644784,45.09607833344836],[142.42923167320328,45.103452775125504],[142.4067162518536,45.1206849186741],[142.38960224414836,45.13713897328506],[142.38516111489355,45.139345279161375],[142.37135972756948,45.1512363868498],[142.35391250305963,45.16746444093127],[142.34642749693148,45.17329777467262],[142.31230972761193,45.20297472140635],[142.30452389106483,45.20874027864102],[142.2908850058384,45.221013612588195],[142.28454639430072,45.225721387232284],[142.26326555056482,45.24540694607373],[142.24162000026286,45.267490000363296],[142.23945999957937,45.27069361301989],[142.23462722366753,45.274431666688145],[142.2270211148326,45.2825319457927],[142.2122311153737,45.295880838330106],[142.19228027181714,45.31496750534615],[142.1839655511693,45.32372055915653],[142.17973639391948,45.33000389206603],[142.16910972763185,45.33950472136587],[142.1608941626356,45.34380194560333],[142.14906500564553,45.35091166733963],[142.1162108296661,45.36642444113511],[142.0983674969625,45.37642527910339],[142.095695550909,45.37909110796829],[142.09203722393875,45.3796652792293],[142.08526277575652,45.383393891814706],[142.08010221764334,45.385120838356045],[142.0632405579055,45.393630837792955],[142.05421972825786,45.399064440871314],[142.04202444916905,45.40890777517376],[142.0335011667455,45.419934666751544],[142.03513583744905,45.42955138718685],[142.02856167278298,45.433061387173325],[142.02429583668356,45.43675138736671],[142.0230252789935,45.44128500020264],[142.02343250280785,45.44736555937311],[142.01879055763823,45.45356444144585],[142.00798277598437,45.45634861299817],[142.00356500572047,45.46022972092493],[141.99982666696712,45.459914720787765],[141.99281277608884,45.46265389206354],[141.98615055790196,45.469009999911634],[141.98137360560747,45.47233444098174],[141.96976277613123,45.48256146833717],[141.96759258073303,45.488700864753184],[141.96711869017543,45.497624504667215],[141.9639150838142,45.500560891871714],[141.96466416332055,45.50280472106107],[141.96142194636582,45.51049583831235],[141.95700841820405,45.51295530604261],[141.95431824918796,45.516348171131256],[141.9507763943152,45.51618861341382],[141.9495360574432,45.51794197304366],[141.9447961347339,45.51646805435729],[141.9423634110426,45.52096519788563],[141.9365421138275,45.52295735989429],[141.9282442536694,45.517810775447],[141.91255610937696,45.517529721119786],[141.908052775815,45.51520055885874],[141.90297247679848,45.51450019832555],[141.8997372241936,45.511345278561805],[141.8942550055641,45.510539171245796],[141.89236888531582,45.50218861261442],[141.8857552790829,45.496827504785585],[141.87921167338004,45.49473889228608],[141.8785467191558,45.48830083821315],[141.87968527885255,45.48235444080484],[141.8747255510434,45.47711166667011],[141.87355108861186,45.46971010773535],[141.8746166152647,45.465068918895554],[141.87831306089913,45.460917224750176],[141.87218693937587,45.450280558900715],[141.86851277624373,45.44676666664839],[141.8635447207124,45.43946499990989],[141.85439888530038,45.43202222504573],[141.8384074968086,45.42210389178126],[141.82005116742755,45.41416377473848],[141.80763102455217,45.409846081031844],[141.79561214028809,45.40652791902829],[141.78327269807664,45.40456433297766],[141.77077620006162,45.40393308084708],[141.7591210510957,45.40565683839242],[141.7544113096343,45.40975183837668],[141.7458008559248,45.41325789213806],[141.74521547281586,45.40520850476872],[141.74034243785331,45.401013667446875],[141.73369503239985,45.39904541391479],[141.71608725012652,45.39634517069311],[141.70651221776473,45.39674730614331],[141.7065144229024,45.40150227900705],[141.70268031084777,45.401525558857486],[141.70268844431632,45.40526027873892],[141.6942968091505,45.405126081003914],[141.68281289200138,45.40795519797405],[141.67712516209667,45.410623251761706],[141.6783921917463,45.41474302716904],[141.68185739290448,45.41974589185946],[141.67580880733067,45.42105553228703],[141.66989036265022,45.43112774764751],[141.66499193263166,45.43627405420432],[141.6572372503989,45.440732721138204],[141.6476655770049,45.449049467958616],[141.64496513593235,45.44970774831398],[141.64301613508667,45.44119641428313],[141.64014102498834,45.438722332569625],[141.63681505776879,45.43043377499879],[141.634234526902,45.42056730563672],[141.63555450143917,45.417328891914906],[141.6341371977735,45.41390053238371],[141.6343411145508,45.4055978383696],[141.63802094700918,45.391317748215556],[141.6452733848589,45.381510170957654],[141.65307664127408,45.37480763976083],[141.65688252900554,45.36998358637345],[141.6578053566319,45.36594053212991],[141.65704610939054,45.35929472117448],[141.6544463941858,45.35022666722699],[141.65186277594637,45.34503444128649],[141.6439237219023,45.333996333364155],[141.63561916988886,45.32535555901188],[141.62264583693593,45.31366472134988],[141.61549344956313,45.31073353222678],[141.61826455306675,45.30355799990184],[141.61992306120032,45.29521222476444],[141.61729555064926,45.286599171114915],[141.61474693941977,45.2812263873879],[141.60896527892453,45.2722363873994],[141.6037569389316,45.26627277516849],[141.59905027225227,45.26268889227862],[141.59532635502728,45.25829197279637],[141.5907525550864,45.25528253186343],[141.5789786119734,45.24290250504663],[141.5739527758999,45.23869972131513],[141.57053535662146,45.22953133270488],[141.57177800295256,45.22306202719085],[141.56843610873955,45.205102504776846],[141.56896138835748,45.19817722499897],[141.57279555077412,45.18697055894421],[141.58031194593957,45.1713877747261],[141.58429555139867,45.1600347206259],[141.591069882669,45.146773467921264],[141.60014027215595,45.133155559381635],[141.61288749666073,45.11204777488496],[141.6266272237674,45.091283892038064],[141.6306623873594,45.082912414276564],[141.63443055842356,45.07855333287006],[141.64916472077527,45.05545000041724],[141.6716550060737,45.01731444060903],[141.6843947212394,44.99397305401328],[141.68745944169996,44.989325837917136],[141.6977150063425,44.970102505426325],[141.71801221838928,44.9297430543985],[141.73191444939243,44.899903333072416],[141.73720472122102,44.885652774855714],[141.73796900106856,44.874769279278894],[141.74149861167166,44.86951750472912],[141.74716082960867,44.85711027881638],[141.75472083020225,44.8359794410984],[141.7614522179456,44.81319861272584],[141.7655111146463,44.80131638674192],[141.77388250337492,44.76989472106459],[141.77524124498757,44.765715801742886],[141.7827591698998,44.72823250492621],[141.78050722432897,44.72157694621916],[141.78341639355176,44.716190278758404],[141.78559639425828,44.70751472132736],[141.78767666734439,44.694917775335114],[141.7918947206649,44.66161277460992],[141.79251639411632,44.639484999732986],[141.7898880543903,44.60506305361707],[141.78739360573036,44.586715559175786],[141.78244555112133,44.571675558979905],[141.77807500605672,44.56543499962561],[141.7730830609346,44.56452361317429],[141.76746277568657,44.555717504759116],[141.7656211152223,44.53748110806674],[141.7639263940879,44.53631110807123],[141.7631563936527,44.530847775204734],[141.76433722418358,44.51068194601504],[141.76350306071777,44.4992994409165],[141.76061583675153,44.47239277480679],[141.75850472141587,44.462371667018886],[141.75504333338324,44.45124194605904],[141.748662503172,44.435825279213304],[141.74337221785368,44.425928053936616],[141.73614632889007,44.415358026951424],[141.72529011694542,44.40457917109194],[141.71175416272445,44.394286972565794],[141.70953347578939,44.39141383827808],[141.70695905311788,44.37796322522274],[141.69874941555315,44.36937008076467],[141.69212888543973,44.366241360050765],[141.68753077772328,44.35752091925508],[141.68187972756743,44.343547225424174],[141.67877693880473,44.332716386951745],[141.6720647210101,44.3238569460413],[141.66591555076218,44.320022225145635],[141.6616958372931,44.31561000010146],[141.6581451618698,44.31635977478385],[141.64855115381272,44.31419122514495],[141.64701944199373,44.3121105590551],[141.6484680537577,44.30529110789837],[141.6488913880272,44.29737472126641],[141.6476161088964,44.29209694641702],[141.6514527759249,44.27726555925818],[141.6543186122143,44.264296945947365],[141.65396666702816,44.260031946217396],[141.65554055795042,44.25497389193163],[141.65798722383136,44.24216222470693],[141.65479044062636,44.2256731981596],[141.6552061090747,44.21827027855056],[141.65714583701083,44.20397805384414],[141.65706833973218,44.19415333281012],[141.6579833333642,44.18805944119032],[141.65750722417908,44.17698555913631],[141.6583118548083,44.16177672111883],[141.65700691333848,44.15711891910291],[141.65393147925442,44.154481080737355],[141.65321277614873,44.14249417096926],[141.65511083040053,44.128185837606395],[141.6571877822904,44.118097224907046],[141.65987416336202,44.10060417094576],[141.66210416277693,44.078407224713715],[141.66281472072285,44.058420559361366],[141.66239444864493,44.03866972143055],[141.66096805373274,44.03561972107332],[141.66053194639233,44.028495837712796],[141.66227055803984,44.02342027902273],[141.65990917037198,44.00840194619292],[141.65709306119584,44.00210527903545],[141.6508043062738,43.99757144136896],[141.65058121864843,43.98938235960827],[141.64585153022404,43.98116508140345],[141.646275966163,43.97596225155672],[141.6358638907061,43.97454880238536],[141.63810194624784,43.97010980182597],[141.6455179509927,43.97112841444482],[141.64417655010777,43.964652532188666],[141.6413817773472,43.961199414321584],[141.64239525303856,43.955752504874226],[141.63764041507318,43.953352693671945],[141.63841978014875,43.950699504778356],[141.64630016871786,43.946782747725706],[141.64486155561633,43.94476044134137],[141.6376481447461,43.94558010773585],[141.63206849536482,43.95167341389697],[141.62941144028582,43.94466094574608],[141.6333751356541,43.94286019813967],[141.63352819666898,43.935702973313596],[141.6316741372517,43.93428550507207],[141.6268298311319,43.92097244062569],[141.6209927759959,43.91838389230281],[141.61690167277402,43.91442750482554],[141.60971778215003,43.90403889178151],[141.60612083031208,43.90068499971301],[141.60479306135073,43.89660166663367],[141.5974097280765,43.884325559177285],[141.58805749735563,43.881939441052396],[141.58260027178517,43.875085559351135],[141.58216527870468,43.87263833319258],[141.5751813883105,43.86808389205805],[141.56967333305795,43.86871417112218],[141.56499138784238,43.866675837919615],[141.5621277818717,43.85976666679829],[141.55855888528436,43.858053612983895],[141.55471360634795,43.858532504671416],[141.54916269839987,43.861368414220976],[141.54654846993606,43.860480721308306],[141.54403552491965,43.8546988018083],[141.53733938970117,43.851832774862714],[141.5291746426957,43.85361103582068],[141.52932719829164,43.85729797292316],[141.5239758373151,43.859313000194845],[141.51927477341212,43.8588944143458],[141.5098121922789,43.855174748216086],[141.50494386526725,43.85047030556018],[141.50324538316795,43.84668769408188],[141.49739416281045,43.838859000342666],[141.49357328068243,43.836199134882236],[141.48193680883674,43.83580327939785],[141.48048294413263,43.83483653158072],[141.47887761291156,43.834069107703215],[141.4664372235991,43.83304833311411],[141.4610202723677,43.83345999957936],[141.45750500595136,43.83573444079184],[141.44973027243418,43.831741387055445],[141.44621639367165,43.82870889200183],[141.43363194555786,43.82589833344139],[141.42725555080312,43.82179527912888],[141.4234122179995,43.821616946265124],[141.41960972790673,43.818078613137516],[141.41040250297317,43.81399277544631],[141.39865778243075,43.811713054314055],[141.39316399492247,43.806843468251486],[141.39018722366154,43.806223892019034],[141.38189666689777,43.80201389212749],[141.37186167267816,43.79147499967155],[141.36886000008894,43.78465527871822],[141.37091944217855,43.7841380543278],[141.37029167312232,43.77753017138036],[141.36507639396052,43.7699216667516],[141.36379138776238,43.76995833301072],[141.36168167267112,43.76147583843925],[141.35101917019858,43.754841108030746],[141.34468771726438,43.74425910837118],[141.34255175096257,43.7434949733144],[141.33684333305348,43.737007225403204],[141.3381064200753,43.73466210826973],[141.33009333294103,43.7254647210201],[141.3292252794232,43.71858055914555],[141.33107277558815,43.70759666685274],[141.33382389075996,43.70443417120009],[141.33572111493754,43.70069638732849],[141.33624111463575,43.69688555872159],[141.33900111510945,43.69313333263722],[141.34006639444863,43.684009170886554],[141.34221630383945,43.678783667332425],[141.34674389121767,43.67334035966991],[141.34945888511947,43.66745444076986],[141.35024208760228,43.661214531625376],[141.35000111515944,43.65403305388236],[141.35106167305787,43.652991945621864],[141.35221555090698,43.64120250539139],[141.35916639391405,43.63425889203427],[141.36395306068528,43.62363944100747],[141.36267555123572,43.62184527913638],[141.3655327756171,43.617426667107054],[141.3748380536333,43.61160138679463],[141.38279905293405,43.6045180268855],[141.38209014344545,43.60165535980707],[141.38422610884788,43.597658612554994],[141.3856320225998,43.59132172142034],[141.38478194563038,43.58270500033552],[141.38155444877884,43.57145222514015],[141.37609722410764,43.55768166657572],[141.3704777824238,43.553151386627235],[141.3677869389162,43.54675027940192],[141.36430805367377,43.54318222458005],[141.36406861187697,43.54113389181572],[141.36019527858934,43.53664833335398],[141.36197389118217,43.53108250475384],[141.35930666656952,43.528640000036035],[141.35869333343067,43.51932110808275],[141.36249805384216,43.5111127754343],[141.368099441636,43.50727110817513],[141.37229722423763,43.50040194609301],[141.371453606199,43.4956263868483],[141.3744305582237,43.491488053930595],[141.38738416274896,43.481446386741425],[141.38910221769322,43.47765666702162],[141.39215897465704,43.47687450505441],[141.39205916969502,43.47248361282851],[141.39618306129933,43.47040305375799],[141.39854917040793,43.46240666703409],[141.40160360622156,43.46039138705294],[141.40666666703316,43.454038891781465],[141.41312749733618,43.44211555868611],[141.41880277612734,43.4340902794429],[141.42266258091342,43.427323667053656],[141.4274888853039,43.4214788921372],[141.4287430609436,43.41689222469648],[141.43020000042975,43.40330900031017],[141.4303552791729,43.39342444108513],[141.4316738912372,43.38911889182344],[141.42779639408843,43.382269720771035],[141.42478250330998,43.370265559308166],[141.42538444923298,43.363990558617445],[141.42847583729008,43.36092333264571],[141.42592472144884,43.35200333318733],[141.42217972771232,43.34752444139991],[141.421345836741,43.34182250490471],[141.42342221756132,43.328130000299325],[141.4142486119839,43.31618777514575],[141.4066452793562,43.310013892427264],[141.40615250303563,43.30689027896324],[141.4020641634305,43.30348555901139],[141.3967983396717,43.29638889183394],[141.38763639380454,43.28760917132627],[141.37476998664567,43.276931017952165],[141.36778669340129,43.267533694324584],[141.35871749731473,43.25954889176802],[141.34916489044735,43.24905866702392],[141.33026372209315,43.23133594599716],[141.32138059663725,43.224080658195874],[141.31540765214152,43.220598063250065],[141.3100322181125,43.2203456217531],[141.30693935067052,43.22182287422629],[141.30360204929525,43.215332000271644],[141.30643933930412,43.213085865220535],[141.30459099867574,43.20987363975672],[141.2939707256685,43.20760222476292],[141.289595472653,43.208556414447],[141.29153194594267,43.20159819789859],[141.28995208801848,43.199385026597724],[141.29418116702732,43.185893414349664],[141.28935914430917,43.18512130590358],[141.2862928266527,43.196283054419496],[141.27962513609123,43.20060917117638],[141.26434050590967,43.19054672065471],[141.26673557678555,43.18832563981647],[141.2622265244346,43.18373969363199],[141.2517650321306,43.17847780170922],[141.2441142800501,43.17396086500196],[141.23588111532126,43.17070072096158],[141.22671055844557,43.1661539726278],[141.20648147903705,43.15802102744851],[141.18828027191705,43.1516441353686],[141.17118817079756,43.14632450517183],[141.1621382229007,43.14394261296127],[141.15790966280076,43.14457494607694],[141.14790834009784,43.1484661084242],[141.14029593960595,43.15235910808644],[141.13123075179783,43.15311974837772],[141.12592652428975,43.155010946198274],[141.1128133854295,43.16261072110797],[141.10284936390713,43.16541964020428],[141.10034544718474,43.16767058572901],[141.09532474713944,43.16804763998664],[141.08877802888298,43.17127017078178],[141.0784221655506,43.17187719787444],[141.07327380044558,43.173228054231345],[141.07080919578777,43.175539532223695],[141.06033099857677,43.177842197759276],[141.05767053236923,43.17940377516413],[141.0469190788525,43.18002864030956],[141.03845752319626,43.179625108212235],[141.03471647208755,43.18329674784667],[141.03036141424798,43.18214125211716],[141.0229659140458,43.184807721299364],[141.02503522709412,43.18793180241079],[141.01556736694045,43.19324561309463],[141.01165208837324,43.199660774924894],[141.00743355391546,43.203270748046634],[141.00340080410388,43.2018946935853],[141.00194198413533,43.20661933321571],[141.00365335891547,43.20983027894425],[141.00849922176178,43.20981064044872],[141.01476102490142,43.2127785048242],[141.01532267220364,43.21947350509822],[141.0208639430166,43.22277764037585],[141.01641269818754,43.22521689224584],[141.01571341144484,43.23039450510237],[141.01299269785477,43.23235425194724],[141.01574869005003,43.235431838108866],[141.015831530201,43.23896769360425],[141.0111952786392,43.23825808084581],[141.0107594680751,43.23944046810317],[141.0057815820544,43.23848780187063],[140.99942016910563,43.23953005406878],[140.99328997365342,43.2385440265856],[140.98840172485973,43.239550359861255],[140.97852147878325,43.23929153227846],[140.96883233504434,43.236394774599205],[140.96369094687975,43.232859413731035],[140.96001321703636,43.23218069358421],[140.9531901685915,43.22814972083302],[140.94361291760208,43.226671972833344],[140.93872666710206,43.227838999670155],[140.93759819689933,43.225677918900885],[140.92694461660085,43.22644425190077],[140.92451972780327,43.2236727751785],[140.9184722178187,43.222684440934245],[140.92132072597076,43.216340170862225],[140.91836357971545,43.21237853224352],[140.9135173283621,43.21080286516013],[140.90169374806806,43.210058694153474],[140.89481241186343,43.211134080973125],[140.88939866401722,43.20884061280407],[140.87641308679463,43.2052601977],[140.86943213988138,43.20606541378788],[140.867494695324,43.207404305564296],[140.8668109209873,43.21257955859983],[140.86414435827555,43.21709758618471],[140.85486652397094,43.21641183783612],[140.86004031111156,43.211567386925424],[140.85567094685678,43.20736580199025],[140.85718428013047,43.203293721228306],[140.84963817136463,43.19872619765596],[140.83243330695166,43.195541531916206],[140.81515518826143,43.193878919276756],[140.8027750841029,43.193826945657065],[140.790959728109,43.19470305440251],[140.78884486439904,43.19992736005969],[140.78756739272103,43.199339108113406],[140.7856827761393,43.1989614683971],[140.77595972795916,43.202513640292295],[140.77416367121657,43.205357278615566],[140.7755740339146,43.21328746804227],[140.7786188325931,43.21650966698758],[140.77719466889891,43.22447466737208],[140.7741178336712,43.227206838325],[140.77102275029972,43.22565477484801],[140.7626077561431,43.22723853223255],[140.75867941582248,43.226255198218894],[140.754158859344,43.22954908122517],[140.74853693912848,43.23085138678215],[140.74610833972815,43.234150279012226],[140.74584055759567,43.23542750517527],[140.7396772239248,43.23355750527469],[140.7354394682569,43.235384801767225],[140.73424511012377,43.23783227883666],[140.73576999968577,43.242088612699376],[140.72912758816767,43.241266721382146],[140.717525006374,43.24902194590612],[140.70953639428922,43.24842527900347],[140.70969693856296,43.25121527906191],[140.70389416288538,43.250584999997784],[140.69592778204162,43.25070305400277],[140.6908040988302,43.25277815328917],[140.67238182935796,43.25787613477587],[140.65928325591756,43.25943861330143],[140.64618182892832,43.26286755919057],[140.6397933068157,43.266970892292875],[140.63641839219508,43.27489586475241],[140.6445045267626,43.280706972648716],[140.64606727598402,43.28460291938927],[140.64281272392816,43.286860305858454],[140.63446513575752,43.285904892197095],[140.630037665406,43.2946492792409],[140.62287680911754,43.29498735957901],[140.6167134502656,43.296800748056114],[140.61109302202544,43.29520822497966],[140.60684355358717,43.29568438722475],[140.60271172456646,43.29940300024833],[140.59708693911102,43.30245861327444],[140.59515416293436,43.30227277466889],[140.59346221800706,43.302927775196736],[140.58983894930816,43.30819469432976],[140.58624749682463,43.307294721174515],[140.58353306140168,43.31001527918187],[140.5816327759319,43.31064166687946],[140.57893250303266,43.31045194590064],[140.5749211148177,43.314711946299326],[140.57361944238346,43.31887083771903],[140.57016221821186,43.32264110780096],[140.56227055843954,43.3243575052947],[140.55428610931654,43.330131386654216],[140.54842666735692,43.33556750513628],[140.54803749743257,43.338443612582694],[140.54226306119142,43.33841527944162],[140.54028250313513,43.34337694618915],[140.53357360563746,43.3456919459266],[140.52671194569984,43.35321583784071],[140.5289472241351,43.35787027909015],[140.52554722382536,43.35879305365654],[140.5178297276599,43.35677250544683],[140.51446833974217,43.3566149999823],[140.51150749727321,43.35730166743804],[140.50859961138303,43.36019730636065],[140.50723583716422,43.36663222539693],[140.50342693940183,43.3701947206099],[140.49806083044302,43.372006666574464],[140.49266389092588,43.37174194573424],[140.48746666655347,43.37465694616117],[140.48432888516993,43.3737788921822],[140.48280221764833,43.37569222501622],[140.47769055837261,43.37326666712306],[140.4709516729814,43.373300279284535],[140.46137749677416,43.371205000110706],[140.46044360568794,43.369011107576625],[140.4680766672045,43.36531417091231],[140.46429763862523,43.359992000130774],[140.4642232556988,43.354599586002166],[140.45871917005377,43.349607225393186],[140.4605838909339,43.34795750543458],[140.45945194575074,43.34427638694575],[140.45390208821084,43.341573107612874],[140.4518263288221,43.33897717135943],[140.44617833995846,43.33572194571127],[140.43010250332793,43.32977250499715],[140.42403555090004,43.32888305390986],[140.41696749655284,43.33027833317857],[140.41271722412068,43.33268138733621],[140.40900610874496,43.33277694569955],[140.4061163936567,43.33542222505571],[140.4050294415556,43.33367638735547],[140.40293027191456,43.332841945999064],[140.40069027203845,43.33059472096966],[140.38850194560837,43.3320666674428],[140.38163555074016,43.32938277479525],[140.37383258120872,43.33102546835073],[140.36779639368865,43.330060693646146],[140.35990027237972,43.33161027859154],[140.35170833976815,43.33016917077066],[140.3560663941488,43.32505389172377],[140.35929102486102,43.31468002666196],[140.35687666712454,43.31440341408637],[140.35459966284418,43.3051226129183],[140.35517277560314,43.30168861283926],[140.35044527882667,43.295165278754666],[140.3500329963258,43.29087941385393],[140.34584691300472,43.283559972914475],[140.34300522710964,43.281778414142536],[140.34120194611296,43.28121305443898],[140.34051917002375,43.277118333244516],[140.34376083029815,43.276001386954476],[140.343253332975,43.27184610811145],[140.33812888533987,43.26882389230883],[140.34096444865042,43.26640055933842],[140.33237221790364,43.25954555888052],[140.33412527895848,43.24612861284527],[140.33143666666888,43.24204305394386],[140.33045610886245,43.23704805382465],[140.32694360606263,43.233210278831336],[140.3265372240137,43.22466944074216],[140.32472583742754,43.221041667339136],[140.32609143996808,43.21912405373217],[140.330059169695,43.21711694589038],[140.33146639375911,43.21542305393086],[140.33194333301844,43.2153219458512],[140.33306583711874,43.2140783327489],[140.33818666678133,43.21152333273568],[140.34257472074682,43.203864171094665],[140.3464533330549,43.19957527907593],[140.3483147210476,43.193249999987586],[140.3589691700912,43.18042500031356],[140.36154693914,43.17862777535163],[140.36867583712024,43.176816666655895],[140.37613472064095,43.17020500026058],[140.3798209733593,43.16878044086468],[140.3819902721334,43.167329170704704],[140.38242333257085,43.16610527883563],[140.38963972829094,43.16264222525854],[140.4004016732987,43.15909722455734],[140.41294221830879,43.151652775155526],[140.4220099997617,43.14550750526723],[140.42291496775158,43.14345644126183],[140.42949980467233,43.142362972673084],[140.43081778181522,43.139627225116385],[140.42806917035603,43.13708305383989],[140.42892250287127,43.1350797213521],[140.4319241628699,43.13335694586641],[140.43184167255527,43.131606946103716],[140.43290916962258,43.131677505112805],[140.43316500606022,43.13227027885034],[140.43357082963018,43.13079999972024],[140.43385639405744,43.13041472116248],[140.44162221799104,43.127375838224395],[140.44187444904662,43.12560417109569],[140.44091639407634,43.12321610773722],[140.4438688854408,43.119809721341596],[140.4441636058658,43.11886722464277],[140.44504693886518,43.11878805372578],[140.44455583708225,43.11824944075914],[140.44482666701708,43.11769750523575],[140.44666888506106,43.11663277538236],[140.44585055775713,43.115479440723675],[140.4471200002879,43.11366055918751],[140.44796500598034,43.11373444119158],[140.447996666613,43.11334944142362],[140.44873416285145,43.11322999976471],[140.44972360595966,43.11372333276563],[140.45039944198072,43.11259777456769],[140.4504450061322,43.10829972115528],[140.45915333305993,43.10493889171653],[140.46032595278052,43.0995088742352],[140.46322333279068,43.094021107688036],[140.46507228315943,43.08876427894836],[140.46442250319603,43.08491222541892],[140.47078583709674,43.081653054444985],[140.47555333302,43.081786387032196],[140.4804919456468,43.078449171092416],[140.48214138771493,43.07618722506044],[140.484164721125,43.076616946315085],[140.48575250297574,43.07597277542328],[140.49141697821108,43.067483532339224],[140.4951532035576,43.06459104464108],[140.49474603100464,43.059191721021136],[140.50016861199197,43.05514472055245],[140.4996730612628,43.053991946171436],[140.50041055840063,43.053889999923626],[140.5005308301338,43.052901946267866],[140.50089138812712,43.0524141710772],[140.50060778242323,43.05216638716911],[140.50410852119137,43.045348305679795],[140.50754805389965,43.04114110807575],[140.50623250312753,43.039595559287704],[140.51274391669847,43.03109600008037],[140.5168306492152,43.03221427017246],[140.5177199995784,43.031285505221945],[140.52265377385265,43.0314296944249],[140.52905894871162,43.028432306206014],[140.53034656294358,43.02079688306975],[140.52904194612893,43.00599099978484],[140.5227634497735,42.99871719764059],[140.51898855987417,42.9885841980024],[140.51621418913362,42.98805783829863],[140.51327858613786,42.98382053229176],[140.50682747121084,42.98571994631851],[140.5022147207328,42.98077697287903],[140.49100652403195,42.97716505362439],[140.4871415301576,42.97352380208184],[140.48183053165383,42.97206550461942],[140.4730284953688,42.967856802449546],[140.45842769078536,42.95954322483999],[140.45231610860162,42.95754527929125],[140.4426316728135,42.95160222466296],[140.43397306130782,42.94872194616096],[140.42930389096182,42.9477322251621],[140.421901672824,42.94403166692791],[140.41960444908614,42.94373889173653],[140.41589082999792,42.94153250492121],[140.41224072642842,42.9336927207425],[140.4043074972932,42.92846000012895],[140.4018166666059,42.92468666695618],[140.39577805361432,42.92187138695499],[140.39016167322268,42.922863892254895],[140.39096833991698,42.91711333301396],[140.38063333276216,42.90536499989486],[140.37592610940249,42.9010186133184],[140.3776355506402,42.89747535999993],[140.368758054041,42.88558166676057],[140.36338788644184,42.87954208070249],[140.3597543582771,42.87698089155498],[140.35730333338222,42.87092055903662],[140.34658269783336,42.85765102717323],[140.33737360590726,42.851418053600355],[140.33367277607783,42.84756625188106],[140.32652083027222,42.8449208376266],[140.32328972803862,42.83998389234279],[140.31765221807552,42.83792194564131],[140.3088291700302,42.83098305372499],[140.3049583395558,42.82531861266392],[140.30487221777867,42.81785194641026],[140.30366583660918,42.812747225404166],[140.30675194564583,42.80130555930418],[140.31006666684323,42.7951147207678],[140.30795138764654,42.79171555862621],[140.30834861189896,42.78568194586518],[140.30443167318322,42.77745361319376],[140.28928749732017,42.77151555879607],[140.27738138804068,42.76871861327345],[140.26627722401474,42.76745166726067],[140.2459397277363,42.768199720640666],[140.23987722425454,42.77577805391411],[140.2368858111313,42.78488469417334],[140.2381261093326,42.79228194625489],[140.2346591697849,42.793401945743256],[140.22869917013065,42.79800972117175],[140.22728527939216,42.80296833292226],[140.2217605579035,42.80583417101025],[140.2132999995954,42.80661500018215],[140.20471500569306,42.80948027889178],[140.1950011153093,42.817939170756176],[140.1924802724467,42.82280166656369],[140.1869730607582,42.826705279125406],[140.18169027218835,42.81720722513336],[140.17808194572524,42.815518053715266],[140.1783074965938,42.81246805425735],[140.17241221844915,42.805247224879565],[140.16937333281317,42.80443666681879],[140.16846472077032,42.80050805400356],[140.1643716732142,42.795623053561144],[140.16077472137636,42.794643612712605],[140.15660555070565,42.78575694572652],[140.1535052791454,42.78287527867121],[140.15121472118255,42.77712333267573],[140.14698416278895,42.77116861294121],[140.15031416256863,42.76698722498048],[140.14857306069825,42.76014333294853],[140.1442663935793,42.75455499971349],[140.1370986116117,42.74954583797012],[140.13407082990489,42.75022666702711],[140.13013702980015,42.74646919789524],[140.12578007798822,42.747059720629636],[140.11878464299696,42.74625297299639],[140.11333455264753,42.74052097306452],[140.10970391670241,42.73984927932082],[140.10569641985398,42.73617836004331],[140.0997272758931,42.735129612941364],[140.09551730208193,42.73599791916871],[140.0909111148561,42.73452999985966],[140.0853917506289,42.73024150534127],[140.0816213879168,42.73048889174902],[140.0780980536823,42.726290558762344],[140.07333888458197,42.72773666681377],[140.06883916989182,42.72338638707214],[140.06902250298617,42.71821444084384],[140.0645018286965,42.713018667077904],[140.06524486385945,42.70684941406927],[140.06299027158389,42.704476945854424],[140.0478208301672,42.69506694628262],[140.04032333335522,42.691262504660926],[140.02963416328612,42.68781064044873],[140.0246350056011,42.688167225237294],[140.0181061092096,42.69119472095963],[140.01703105064257,42.689179585769295],[140.00909379973916,42.68675346759852],[140.00192849540383,42.686554170638544],[139.99404333323332,42.69113777498836],[139.98906444896522,42.69209944073663],[139.9855358500995,42.68865431514456],[139.98237566840248,42.68809739557838],[139.97208944227395,42.691054171313],[139.96690082980956,42.68967583796962],[139.96090555065075,42.689476666914686],[139.9565661086391,42.68803583788366],[139.94074277555876,42.68974999966281],[139.93382416335453,42.68775944114532],[139.92528277577958,42.68815889211925],[139.9179907003106,42.683975801741894],[139.90672055830714,42.681028054301294],[139.89840778199357,42.67978389171327],[139.8882496885724,42.674467532350775],[139.88409296991472,42.67121005390089],[139.87958064942745,42.66981744112206],[139.87718277626414,42.66770583835381],[139.87514639369113,42.667512225109135],[139.87495138829604,42.666085000122735],[139.87290027212987,42.66524361330215],[139.86846250274232,42.66559500000932],[139.86818833992004,42.663456387002725],[139.86641447484817,42.66010066661255],[139.86428138817564,42.658841387320194],[139.86393082974405,42.657384170842874],[139.86177555140068,42.6537597213341],[139.8560483403587,42.650095838352286],[139.85638389090389,42.64654472136186],[139.85459416269055,42.64109138715787],[139.84675722396673,42.63577861339235],[139.84213444874592,42.63178861285428],[139.84257452659324,42.62671744105711],[139.8396222834417,42.62424894593215],[139.83285778176128,42.6230483330142],[139.82625500606377,42.61866444111109],[139.82207999969228,42.610067999738476],[139.82513639422928,42.59973833275791],[139.82798500580338,42.595798613315424],[139.8232555512028,42.594948891578156],[139.82707194571378,42.587998613345405],[139.8270552785783,42.5826533326852],[139.82820610862507,42.58048250506363],[139.82870972807154,42.577506667298906],[139.83305389062457,42.57403444063698],[139.836066108664,42.563232224887315],[139.83512861219572,42.561917774885444],[139.83618472114802,42.55298361290346],[139.83750389079194,42.55115889206928],[139.83995944197477,42.53985583757691],[139.8450983399165,42.52991250495819],[139.84657389087238,42.52562944144563],[139.8441094417974,42.517699171079926],[139.84401666683573,42.5160008382681],[139.84323500579092,42.51376499955512],[139.84356778192762,42.512288613129044],[139.84260306118244,42.51165666672182],[139.84553911833575,42.50187800896299],[139.84346277618624,42.49710055934338],[139.84364389065308,42.49711527944663],[139.8440066672739,42.497079999942116],[139.84418917029404,42.49704222481887],[139.84435861156078,42.496471387344684],[139.84569444923955,42.49523694642801],[139.84685861173557,42.494400837728506],[139.84883944228648,42.49332333300549],[139.8476252792833,42.49050972124667],[139.84774583700084,42.48747583763986],[139.84698360580887,42.48703389190064],[139.8478827758695,42.4850611075841],[139.84771555143163,42.48344027924554],[139.84642416274494,42.4794344407469],[139.84910610925965,42.47399027872842],[139.85185111533679,42.471188054185404],[139.85293500614569,42.46571694578046],[139.85118834016987,42.46040944114287],[139.84765610894237,42.4561708383136],[139.84720527880063,42.45076277508207],[139.84446583682893,42.44373110820413],[139.8468188850835,42.438468333147114],[139.84606221799697,42.43237472121649],[139.84135972776926,42.418552225005214],[139.83600250321297,42.40551638737145],[139.8288802719071,42.393398054276815],[139.822387224291,42.38821972106331],[139.81630999980666,42.38113999981118],[139.81715360615408,42.379546386756374],[139.81465805402604,42.37441277502961],[139.8071469387803,42.36822000025285],[139.8024080538886,42.36610110758011],[139.80250277588243,42.36420500036053],[139.80163500565106,42.36115861257997],[139.79614138811462,42.3563030541427],[139.78959472111956,42.355045279416174],[139.78453138781333,42.35226944098196],[139.78100610924457,42.35286333257682],[139.77627778239378,42.34112166703136],[139.77574972836737,42.33576305392188],[139.77234277629816,42.32940972138158],[139.77485112757756,42.326185891965395],[139.77309277581105,42.32075250472434],[139.77001360594318,42.31904110836052],[139.76933111493906,42.31825166728066],[139.76882972760995,42.31488444096425],[139.76974346309044,42.312196018431564],[139.76714111467072,42.30248944133473],[139.77183194608756,42.30085833284585],[139.77525333317487,42.29653417121506],[139.7745561085776,42.29371889211325],[139.77939321742315,42.28759602703508],[139.7794597276843,42.28414222478392],[139.78299486372202,42.281540026551056],[139.78574666687518,42.27499472112953],[139.7848871731046,42.270068081177044],[139.7821898832566,42.267397612709715],[139.77865802884503,42.26690758561665],[139.77744833996894,42.26493389208548],[139.77783055813381,42.264169170670755],[139.7763847207783,42.26354110843545],[139.77494250319398,42.26196444130596],[139.77828639390202,42.25625750458022],[139.77925583698732,42.25092417141343],[139.78351444883276,42.24987055897918],[139.78869167318226,42.2440572252608],[139.79038221786516,42.23881499971253],[139.79381610912617,42.23649194564683],[139.7942474968246,42.23497777510431],[139.7934427762632,42.23346694644249],[139.7998025029832,42.22888583771129],[139.81214693913,42.229058054285815],[139.81405167264666,42.22560527906046],[139.81399333272623,42.22277527895602],[139.8206394422565,42.22248166739507],[139.82561555121674,42.22414277456943],[139.83224399536414,42.22274857718514],[139.83717212729186,42.220276901158115],[139.8425590006974,42.22121777458068],[139.84804138839945,42.21994110779593],[139.853437496943,42.2164186126289],[139.8637655514391,42.21900805397854],[139.8665522177107,42.2163958381974],[139.87372472111906,42.21335666657694],[139.88064805386466,42.20778499957811],[139.8820344487309,42.20440750480253],[139.87992082968265,42.19829499991437],[139.88227138771447,42.19093861302662],[139.8849424119628,42.19047783818172],[139.88780167330867,42.1858641712945],[139.89491067378867,42.18380646759448],[139.89615360610412,42.17495083801083],[139.90061444939738,42.17080972079202],[139.90188444860848,42.16857555931466],[139.90159027227332,42.1657738923513],[139.90480055789953,42.1657647210651],[139.90731277626367,42.160079171116934],[139.91229722373794,42.15371417077239],[139.91369389066062,42.147749721272646],[139.9180825031051,42.14323527928474],[139.91738719766113,42.140632622397675],[139.92105527867818,42.136342775298885],[139.92074055823025,42.13384555942508],[139.92488703001254,42.13290835973305],[139.93380083044406,42.13307610757636],[139.93800250261347,42.13104666687025],[139.9480222182508,42.129322504629954],[139.9545508295572,42.12940138686457],[139.9579666669282,42.12910305386288],[139.9595061093196,42.12864805356486],[139.96065666687173,42.12927222533301],[139.96413250341232,42.130578333223525],[139.9715908302527,42.130184440959226],[139.9734635281194,42.12805705418975],[139.98121446197786,42.128596404600444],[139.98697826193734,42.12735247673544],[139.9915680536228,42.12775833268097],[139.99862805364182,42.12212527885856],[140.00516472107506,42.11996972082602],[140.01097555108083,42.12072417108368],[140.01414194619394,42.11848972092395],[140.01940917019715,42.11708833256057],[140.0235880544452,42.11456694560809],[140.04140027240476,42.09882417109867],[140.05050666714908,42.08975694632608],[140.05465389076448,42.084195558578244],[140.05728693934088,42.08261527887208],[140.05962610925758,42.07584389198206],[140.06382277580053,42.07106944070216],[140.06684833977909,42.06992333299547],[140.07202444896916,42.05442361285952],[140.07487360643188,42.053848613322884],[140.0791405576906,42.048469440812084],[140.08401749661027,42.04584944139867],[140.08628306061485,42.03947050515973],[140.08274389111773,42.0364702786805],[140.09210610880996,42.036231107579624],[140.09615833973567,42.032886946175665],[140.09485888502957,42.02973610843469],[140.09871778239983,42.02919222544091],[140.10071910490285,42.024394559061705],[140.10019472100964,42.02080583781924],[140.10592693857745,42.013148053939574],[140.10333722383393,42.00774638668645],[140.11359306097108,42.00628861262942],[140.1191911149781,42.00395750513479],[140.12174306089366,41.99990555929418],[140.1272986120414,41.979703892120995],[140.13278555121224,41.97493666689371],[140.13231360588827,41.97020577517645],[140.12754666664546,41.96611444082885],[140.126734163351,41.96159610837378],[140.1324322183723,41.954205558939464],[140.13582416255508,41.94365722540067],[140.13966710775094,41.92889276578859],[140.14100206229546,41.91440997294194],[140.1359901953913,41.90568390958481],[140.13850123204634,41.89821655894707],[140.13889194610647,41.894045774892675],[140.13582265888863,41.89119863101206],[140.13380627813729,41.886986990757066],[140.13126022008316,41.8722381982343],[140.1200749291147,41.866639360018496],[140.1250992606224,41.85886208142],[140.12641076534464,41.85531297261565],[140.12520378702527,41.84927525175152],[140.12549406030269,41.838998251767975],[140.1238553309588,41.82795431533941],[140.1196227760703,41.816980278716926],[140.11518805358583,41.810377774614665],[140.10879167319717,41.80493999958139],[140.10111722398074,41.80512583818694],[140.0980135278021,41.80815650491883],[140.09102027186816,41.809458332935776],[140.08831296986773,41.80737363968177],[140.08390055776465,41.80945417087332],[140.08191944212865,41.808626387198046],[140.0803144490526,41.80873389215543],[140.07593583706932,41.80808555920123],[140.0699572241466,41.80453638744439],[140.0699477821645,41.801073054178175],[140.07320778231337,41.79882610793857],[140.07383194598754,41.7905575054246],[140.072779999997,41.775663612685605],[140.0705405577006,41.76743972086649],[140.0673160825712,41.760032026756676],[140.0649783398785,41.75886694605276],[140.0601722180735,41.74955222515513],[140.0554016734485,41.74294277468937],[140.04999549879335,41.739405694317384],[140.04802389078998,41.734284999553154],[140.04607194556388,41.73319889191538],[140.03988639414183,41.724417504963924],[140.03561389136803,41.7200127748697],[140.03005277611476,41.71744444060852],[140.02720693894912,41.71461138730575],[140.0275185603333,41.71179833312664],[140.02370138790877,41.70617889234205],[140.0211244489342,41.705230559043116],[140.01703527925474,41.698821667286154],[140.01187834001348,41.69572638696326],[140.00848555136713,41.69110138681958],[140.00863111473427,41.682680000281835],[140.00443194627735,41.675270279100175],[140.0035991695661,41.67091361327266],[140.00421333277916,41.66092222538043],[140.002086393872,41.65497027915512],[140.00257693897458,41.65190417104071],[139.99688778184577,41.64713999991113],[139.9989947207298,41.64558777455619],[139.99872944230992,41.641659170734215],[139.99368027242667,41.63449861302064],[139.9935258372476,41.62998638696223],[139.98808055827124,41.61606194630184],[139.98336027225878,41.60946833289728],[139.9842686900481,41.60423944069771],[139.9820930609461,41.60043110770948],[139.98240555107543,41.593877505142814],[139.98458277557472,41.590114170632546],[139.9832455511413,41.587550838400546],[139.98515778230592,41.57324694588988],[139.9843119456399,41.56905861336435],[139.9864908302876,41.56656472138485],[139.98665583699733,41.56429055896217],[139.98458861217478,41.56086250520053],[139.98906834033176,41.54804254982389],[139.99138377444172,41.54658761312788],[139.99149182888482,41.543376802297644],[139.9978063943497,41.5399719456488],[139.9986902723383,41.53526027873892],[140.00195527901303,41.531252504899214],[140.00187985736954,41.52459461335076],[140.00724250303915,41.51928472101309],[140.0094427762632,41.50946722513237],[140.01294138813466,41.508291386738165],[140.01336221779218,41.50221194632434],[140.01689221780168,41.49920583827884],[140.01501530481255,41.492608278649186],[140.0173819706015,41.487063441124974],[140.02238333342416,41.48423250482631],[140.02524666690022,41.48036500004474],[140.02516444908008,41.47747722479414],[140.02879194639127,41.47306999998057],[140.0296631394424,41.46788325181069],[140.02731916984385,41.4623799998372],[140.0344913881671,41.45608638677737],[140.04047163425855,41.44732074785429],[140.04748194583522,41.44610638700021],[140.05491583719618,41.43995389195862],[140.05985194611048,41.438113054374014],[140.07264805416446,41.428633892440246],[140.07486944167147,41.4244119459546],[140.08256472098515,41.4236072253932],[140.09004778187966,41.420701107570096],[140.09248058381195,41.42479783785001],[140.1013851356156,41.426030892012136],[140.1050253826154,41.42567199956318],[140.11055522664242,41.427878613007636],[140.11367111493007,41.426931667362624],[140.1202344490606,41.430290279073176],[140.12362360624445,41.42872944091101],[140.12789888522548,41.43077417099124],[140.13224389134257,41.42968805436027],[140.13512333257586,41.427295559142806],[140.1432374972128,41.42847777462964],[140.1505591702695,41.425084440994226],[140.15390525262535,41.42515017064392],[140.15941535743286,41.422020027202564],[140.1783613875681,41.4070802789318],[140.18090167287392,41.40397250522699],[140.19404693911497,41.39840110802476],[140.1998533327652,41.3982855586317],[140.2036294160648,41.40402197333543],[140.21606749681757,41.410084171047686],[140.21656194587717,41.416583333154335],[140.2200721661976,41.4204577483265],[140.22078647161845,41.42520427925416],[140.22289061001368,41.42885174780997],[140.22742972759988,41.43224333316334],[140.2309588849447,41.436908053663785],[140.23695472078384,41.441283613348105],[140.2365936061101,41.44568555914128],[140.23830610864002,41.44980805409847],[140.2427311148491,41.451893892189446],[140.24696983099295,41.458767558975694],[140.24672508409537,41.462676305766934],[140.24991055832572,41.46473194642226],[140.25599833995147,41.465824441045186],[140.25740888521193,41.46879694592235],[140.2566330868475,41.476257000360306],[140.25813252919295,41.48016077479997],[140.2687238386343,41.48493733319145],[140.27652114063824,41.48662319780237],[140.28635182867401,41.49001110762657],[140.29326250256247,41.49128750461472],[140.30076741878145,41.49141138712588],[140.3095639431216,41.49343555870411],[140.3109394418019,41.49545669417114],[140.32362880662424,41.49988544066059],[140.33146871580868,41.50481599985858],[140.33657144031974,41.50697646818952],[140.34511360580836,41.50494277458944],[140.34999360602012,41.50657694616916],[140.35292749670668,41.51207333271816],[140.36364221831377,41.51547389240625],[140.36759167291746,41.5142458375754],[140.37438944231894,41.51645305356561],[140.38492250267143,41.51495944062572],[140.4042341629763,41.51907777531915],[140.40521861214927,41.51939944123126],[140.405644449232,41.51923444081683],[140.40552221787607,41.518259171024],[140.4067155507821,41.517853054275065],[140.40777306087807,41.51661472109254],[140.4092091702671,41.5169663865895],[140.4095541627944,41.52105444110964],[140.41229972824988,41.521596108173924],[140.4205519460155,41.529362504975666],[140.42039491629237,41.532057387338625],[140.4263406607929,41.535173558912675],[140.4331016731038,41.541662504720875],[140.43702861228064,41.54806277467736],[140.4374461090507,41.554435278965],[140.43657333319288,41.558744171006765],[140.43104769079832,41.56258700018998],[140.42911639400643,41.57478999995857],[140.4287830611894,41.59016361266066],[140.42894693924995,41.60664583763537],[140.4308427757735,41.62324083759461],[140.4331730612878,41.65048055863093],[140.43679464285856,41.669878891997314],[140.4418365893872,41.6811043871578],[140.44881839155562,41.688772197578885],[140.4551754472891,41.69447980160163],[140.46206167310777,41.69738333297448],[140.47195916997975,41.697357505344655],[140.47794250344384,41.700558892179174],[140.4840186118695,41.697925000038765],[140.49382805432128,41.69849999957535],[140.4974469388252,41.70052889169506],[140.5040097279666,41.69928305367006],[140.51383722430853,41.70029805371229],[140.5189761087605,41.701615558711126],[140.52700416331152,41.700540558599926],[140.5325308300338,41.70778138710136],[140.53501111527078,41.70846194636181],[140.54046333341614,41.714828891939874],[140.5491963943981,41.7208686128962],[140.5529811147867,41.72067389168683],[140.5583672237684,41.72391444129846],[140.56200194623284,41.728109170701714],[140.5665536057644,41.729507504967444],[140.57776766514564,41.731378198245295],[140.58117394272335,41.737158224672385],[140.58799486427165,41.73810219805807],[140.58934338508925,41.74139750469112],[140.59502827493498,41.74005899962316],[140.60179999997013,41.74268138673665],[140.60191167328514,41.75019610826382],[140.6049964720096,41.75619458631115],[140.60573958541363,41.76045519824885],[140.6043554991071,41.7625085861024],[140.61202185532443,41.76847391873639],[140.6136458106057,41.77166308108639],[140.61353444935537,41.77758610781268],[140.6206353829167,41.787478467757126],[140.61800216616712,41.79514380234468],[140.6226843056363,41.80511489163899],[140.6290788073411,41.81122233334406],[140.63519769112065,41.81455750512481],[140.6433464715625,41.81755610832778],[140.65512230864772,41.82103835973254],[140.6651582750344,41.82221738712275],[140.68246968932476,41.82117753161782],[140.691940000131,41.81928769357228],[140.70182693896209,41.81537291862537],[140.70523438385976,41.81043830618296],[140.71357430620935,41.80652772117742],[140.71138571967526,41.80180472101114],[140.71439530539908,41.79769583819245],[140.71927311306376,41.79901333329872],[140.71966758808878,41.79395555870212],[140.72365610924214,41.79522146779658],[140.72661702995208,41.79083046765203],[140.72694277608832,41.78475033296155],[140.724168274946,41.77372499990889],[140.71474922189918,41.76661235987257],[140.71013924762826,41.772343892156925],[140.7059879770635,41.77399580196476],[140.70521526607172,41.780326756674526],[140.69264354066695,41.76447380172465],[140.69345321739218,41.75394355894815],[140.69793089509483,41.7493388376173],[140.69928968886813,41.743025720960304],[140.704017108303,41.73997566664377],[140.71129408595334,41.74345999997905],[140.7173858111064,41.74531241363701],[140.72218894896093,41.745537171303454],[140.71812992185846,41.75102027936248],[140.72662888481523,41.76134958571487],[140.73251014342839,41.76580574803688],[140.73812197055258,41.76847253198184],[140.74895097260935,41.771405532339486],[140.7631744747223,41.773810054190676],[140.77481418862396,41.77465933256218],[140.77873289180957,41.77358813478463],[140.78996625244065,41.7732229192024],[140.80001605669577,41.77101917099799],[140.80768822343282,41.76755858605998],[140.82320747144774,41.7637606402414],[140.83604425403917,41.75896230566593],[140.84006786044347,41.760830918811905],[140.8470080536788,41.75871030573609],[140.85318133565022,41.759942531622585],[140.8647357722382,41.75784653209183],[140.87227561632665,41.75333158558425],[140.8831164723474,41.752254532320876],[140.89480496817475,41.74889897290933],[140.9271602722289,41.738395558708135],[140.93390972825148,41.73510277467335],[140.93455749733073,41.73346289239862],[140.94127338525857,41.73046666700316],[140.949846393896,41.72180194640276],[140.9508311146643,41.71542472067438],[140.95664849533182,41.71240469382161],[140.9627183660598,41.71055005434158],[140.96830316495914,41.71010283767589],[140.97592131032025,41.71310917055183],[140.98351358038747,41.7144321083552],[140.99190167312383,41.71715305397032],[140.99559111483813,41.71700533312969],[140.9975609206001,41.71448186514601],[141.0065722183333,41.7154086129172],[141.01293111497898,41.72124083779448],[141.01688778214555,41.722507505017404],[141.02166250322205,41.72167750541257],[141.0222944487299,41.71921694590537],[141.0300283404356,41.71820666730389],[141.0301244491841,41.72229389174976],[141.03303722378894,41.725868892035805],[141.0360315300311,41.72772419791346],[141.04308333272968,41.727408053838644],[141.0474499999176,41.72509999956537],[141.05122296976435,41.72821030576108],[141.0506125027648,41.73119444067095],[141.05239972816503,41.734424441235035],[141.05967250328342,41.73581805406002],[141.06140083028413,41.738445278626784],[141.06567972813696,41.7377869461107],[141.06967639355082,41.73919417107419],[141.07481360616305,41.74294666695516],[141.076450609708,41.74938127932262],[141.079888885164,41.75729277544127],[141.08855000038227,41.76159083784694],[141.09342138778686,41.76272194576126],[141.09118221798508,41.765288332990224],[141.0943374965783,41.767915838145484],[141.09543472073585,41.77161972117324],[141.10159888538033,41.77831333289407],[141.10804861175404,41.78400444065244],[141.1145095068083,41.78749565829804],[141.1267466412446,41.78901734177697],[141.1305166406305,41.78891943168645],[141.13331693882571,41.78788138741612],[141.13585788603268,41.784041945979084],[141.14192455337547,41.78513105375515],[141.15598228255635,41.784637306166815],[141.16233299627083,41.78955766705275],[141.16451961059158,41.793242999764686],[141.17438743163473,41.79596502726423],[141.1859825292704,41.802428972818916],[141.1848178595567,41.80325674840026],[141.18542422834548,41.806311945939626],[141.1874188850735,41.80889230593522],[141.18306992193936,41.812504531858735],[141.18438635494635,41.815536505305545],[141.1791799475966,41.81816197259701],[141.1778800522227,41.82083958617801],[141.17102529188378,41.81975654972507],[141.16409169877295,41.821790693885475],[141.1580617507493,41.82654272057016],[141.15233111508894,41.82794250544231],[141.1462644486454,41.83217583824438],[141.14396938957577,41.83788274799048],[141.14350277633207,41.847725558887475],[141.14939610924307,41.8498477745552],[141.15022749740115,41.85268027927151],[141.14378000044678,41.85711472116748],[141.1339630612464,41.85816166692746],[141.1271155512418,41.86090194616793],[141.1233700134154,41.86474650474747],[141.12036917000125,41.864226387238034],[141.116905836735,41.86632638695323],[141.1166455513512,41.86918666723096],[141.1068805578915,41.87503417069047],[141.10278944207914,41.87521555855125],[141.08261333273913,41.882155559331636],[141.07780722442396,41.88600361267663],[141.07044534357783,41.888121477424306],[141.06882697758306,41.887220351338215],[141.06036027240873,41.890160279173585],[141.05660221781818,41.88973986500281],[141.04634360627244,41.89344138731025],[141.0420201434149,41.893162801622054],[141.04049527903396,41.89410000041477],[141.03297583696542,41.89539110761359],[141.029908611893,41.8933583331206],[141.01985082975204,41.89164417134151],[141.01656169876344,41.893322558988984],[141.01090758821465,41.89348855944951],[141.0088388066656,41.89566002738843],[140.99604221837376,41.89960750528218],[140.99018027180216,41.9030591707442],[140.98376683487163,41.904528973233596],[140.9730299998347,41.909207775318635],[140.96395844392714,41.91459025193865],[140.961186420417,41.91524217138914],[140.95407944161298,41.9220658376683],[140.949359441585,41.93292777469708],[140.94065194563086,41.93469833296177],[140.93673082956423,41.93777805411395],[140.93343416315622,41.94307499981147],[140.93272455309568,41.94504625168321],[140.93306444916504,41.94781638661698],[140.93143325613994,41.94934253163257],[140.9325636059258,41.95202694588687],[140.92823610870948,41.95886555889848],[140.922646939105,41.96182972076508],[140.918251193238,41.96681747684511],[140.91425317794187,41.96911284708028],[140.90961555131673,41.9750683330372],[140.9086383398875,41.9831555593816],[140.90613796379603,41.98621739571627],[140.89616000008402,41.992201107794926],[140.89269693931237,41.99632777470708],[140.886142217989,42.00016119788103],[140.88203277579203,42.000333613205726],[140.87545194625034,42.006955558851985],[140.86779944229045,42.00703250484628],[140.86249055809287,42.011266666823246],[140.8530866667163,42.01356889169108],[140.84312416324963,42.022344441143105],[140.8332163943212,42.02826917118534],[140.82144705573705,42.03417987360234],[140.8178544494234,42.040217224845094],[140.8145483401339,42.042166386669464],[140.81170058381497,42.050960568275684],[140.8053172238109,42.05488166725519],[140.8032491698134,42.05787083836856],[140.8041544489687,42.06833610782519],[140.8022638905661,42.077032775042596],[140.79528916965955,42.075426387118114],[140.78779861201645,42.07710055874384],[140.78305861196543,42.08121555875107],[140.77562444900923,42.084075278751186],[140.76975167280148,42.09093694588341],[140.76571555143164,42.10062972108483],[140.7620044486465,42.114060279258524],[140.75882500616922,42.117055000088214],[140.7437611145839,42.12016944136667],[140.7408363942842,42.12217333323281],[140.72578102467457,42.12812441431032],[140.72074221767923,42.13292555926722],[140.7152378082783,42.13669408106705],[140.70471452715378,42.13742227921489],[140.69456669319845,42.128836386889816],[140.688510219671,42.12595769389253],[140.68355330673978,42.125524720689384],[140.674883307119,42.12649991943579],[140.66477092084142,42.12865641366261],[140.65443252863838,42.12819377542246],[140.64620294411066,42.12487319783986],[140.63523830090696,42.121952721441005],[140.61525844432185,42.11485574759473],[140.58945902711253,42.10956583819291],[140.57937297028639,42.10821125234747],[140.56497795127154,42.110705108354125],[140.55701608322568,42.112745170952905],[140.55110352820532,42.11298446795888],[140.5415479122064,42.11694100022703],[140.5353241117184,42.12141144108517],[140.52935527892305,42.121913332934014],[140.5220573021029,42.12480544111827],[140.51444194643875,42.1293658375634],[140.5069824378893,42.13617589170411],[140.49787341082936,42.14748283756296],[140.48874749719926,42.15201055894022],[140.48364778181974,42.15582750473561],[140.47581749717983,42.15788666713604],[140.468092775861,42.16362944094601],[140.46299083016277,42.16610666668936],[140.45854472136182,42.174800558598974],[140.4559766146291,42.17773158584407],[140.45233999999107,42.17758666729094],[140.4428813875661,42.18010250542636],[140.44073972765636,42.18177417064152],[140.43393866403812,42.19096817104429],[140.42461289227117,42.19349674807654],[140.41836555112934,42.19870361318124],[140.41049167275253,42.201056387142614],[140.4027959662609,42.20960613481532],[140.39904968919188,42.21559202685063],[140.39447966280625,42.2171121706902],[140.38767486430356,42.22224572126305],[140.37749961091833,42.22457661292043],[140.37066413744003,42.222969027099],[140.35868939010334,42.22490927933984],[140.3481957722172,42.22482483839565],[140.34117003906613,42.22819067615882],[140.34016219223145,42.22686589204733],[140.33311131043865,42.229124441339934],[140.32540885903165,42.233333468165085],[140.3207977821919,42.23481141401561],[140.30704697813565,42.23746269364847],[140.2996972237479,42.24285208065902],[140.29562016883574,42.243958639779464],[140.28445172486727,42.25625153218249],[140.28074413663262,42.268141504926575],[140.2775169779262,42.27439510804783],[140.27617147883075,42.279421748115226],[140.2750988853054,42.294901666978376],[140.27710922171332,42.309039666947115],[140.27625527855832,42.31060389195608],[140.27717897492983,42.32053733293162],[140.27855868963184,42.326896252060465],[140.2846335021345,42.349338197899556],[140.2896149683562,42.36301966692412],[140.2945713362982,42.37379019775949],[140.295001971264,42.37800908115423],[140.30332221824585,42.39423333290205],[140.30914027160634,42.4071730536935],[140.32566152985578,42.436998559436006],[140.32867686134819,42.439419359915576],[140.32867833983357,42.4423205593464],[140.34028044138927,42.460152081253625],[140.35737069979803,42.48453269382878],[140.37270972817146,42.50364122516248],[140.39015946808502,42.52291858622385],[140.39775182898381,42.52933705396191],[140.39853058431902,42.531468359976884],[140.4144694164305,42.54599053233727],[140.44139333333578,42.56751610768225],[140.4584616725682,42.57983166659818],[140.4667827757046,42.58515083814075],[140.47586583663906,42.589052224880334],[140.4833944490946,42.58730389156142],[140.4875783398686,42.58490527915535],[140.49327027230527,42.58379333309591],[140.49615027201753,42.58512917077468],[140.49688167265117,42.58639055897714],[140.4983886117451,42.58644666678032],[140.50097778239876,42.58430499967602],[140.51098111508645,42.58422917063979],[140.51132306071077,42.58689361275009],[140.51610610861007,42.58926166709233],[140.52583306074723,42.58907972075258],[140.5281316730384,42.5876161082968],[140.53240583686,42.588811667024856],[140.53844583660612,42.587061386673724],[140.55224583717575,42.57789499995431],[140.559111115086,42.577090279392905],[140.56452472083924,42.57495777458166],[140.56902444901914,42.57056889234059],[140.5761061092096,42.56774861300812],[140.58178527936718,42.56702083844101],[140.588789442279,42.568839999666295],[140.59048666712602,42.57264277484421],[140.60090267172097,42.57579236882282],[140.60592639438767,42.574783054294585],[140.60687555056631,42.57434305378894],[140.61221027228635,42.57710083833308],[140.6384597282339,42.585217504883985],[140.6468050060463,42.58665083806579],[140.6483305584086,42.58478472143781],[140.65670306139725,42.58694500001178],[140.66215917000977,42.587484720943166],[140.6693716725647,42.58614250527245],[140.67303944241644,42.58681110804628],[140.68642277629021,42.587312224679465],[140.6954413882096,42.58654666689523],[140.7086261086081,42.582586387152105],[140.71195416315413,42.57964083765461],[140.7104213883365,42.575103613141266],[140.721592775786,42.57477305383344],[140.72436082968864,42.57203194631734],[140.73110138781885,42.56903305443194],[140.7347527756201,42.56482361301937],[140.74519444866496,42.557116666800766],[140.7508643063427,42.555781197844055],[140.7562402718711,42.55281113462621],[140.76439075203166,42.54657910803945],[140.76990883292638,42.54099950542292],[140.77655927359172,42.532277918890884],[140.77750961058018,42.52894758636205],[140.7712339425924,42.52232613534295],[140.77807282719925,42.51788125231798],[140.78453693912854,42.51896005386345],[140.7858022438785,42.51584019776698],[140.77948011691387,42.51628427939602],[140.77972880733864,42.51289246831283],[140.78154516177983,42.50767719814422],[140.78327914371755,42.50091802674558],[140.78821114093148,42.50138772106652],[140.79849344961303,42.49990369400035],[140.80766686093693,42.494639134688384],[140.80694069975357,42.491829720964915],[140.81563849472082,42.4887776944351],[140.8193494940839,42.48643253233553],[140.82787444924645,42.47826246763884],[140.83421552492655,42.47343919756099],[140.84053805388817,42.47025144085137],[140.8519671078958,42.467614838154304],[140.85537461664535,42.46600202727177],[140.86245878144769,42.46550222544738],[140.86999447516496,42.461619306286025],[140.87404900116053,42.458009000415075],[140.8806381970952,42.44976283778476],[140.89080447524645,42.43387319768999],[140.8958418936885,42.427063505076774],[140.89903021966893,42.4189194406797],[140.90155600520552,42.415175224856796],[140.90524406016527,42.401133170859225],[140.9086679509652,42.37683822500412],[140.9133716076136,42.374785278717695],[140.9170580033243,42.36916538737279],[140.92157072580846,42.36928305376995],[140.93636516162303,42.36334127887699],[140.93921219218896,42.364700134703526],[140.9447803374427,42.36414477456174],[140.94884163443396,42.36121397304646],[140.95267944180284,42.36027880222497],[140.967533139343,42.35845155879247],[140.97258491636092,42.35699894594467],[140.9763267831546,42.357849414119244],[140.98692396876618,42.3550426938653],[140.9861156940841,42.35325474810821],[140.9757951363365,42.35260230615154],[140.97645167290648,42.348665558968435],[140.98031717309914,42.348092000145755],[141.00167219201808,42.35081589193993],[141.00774817094145,42.34758969370944],[140.98108518783124,42.34367577491713],[140.98247861179857,42.33322169392608],[140.98686632941758,42.332225026563776],[140.98417978017278,42.326800108238444],[140.97925839226104,42.32806933313327],[140.97600871632926,42.323595748245225],[140.9730056416971,42.32710189193881],[140.96925447501405,42.32794235965224],[140.9702328016026,42.332459945669996],[140.96851647155802,42.33633691941333],[140.96379591395032,42.33872174791037],[140.96153535737096,42.335368053692775],[140.95808319098649,42.3396094408231],[140.950625383055,42.34519736036992],[140.95095783363718,42.347465613347424],[140.94175500638846,42.346613252099985],[140.94246216579643,42.341573224724584],[140.9319115048122,42.33825869418342],[140.931183917304,42.33506264032866],[140.93383744524192,42.3313838016212],[140.9382400520368,42.3288478375577],[140.94104583699584,42.325428332751414],[140.94350658895803,42.319180252366834],[140.95807538307258,42.31727322467964],[140.96361596590418,42.314426748096025],[140.96836655007633,42.3074580544457],[140.9751722182234,42.30881689228579],[140.98180097263685,42.30755944131522],[140.98411447500314,42.305201224656855],[140.98817391669297,42.30513386543561],[140.99230929983435,42.302111531821765],[140.99944966327143,42.30214630590734],[141.00203177694505,42.300992332730004],[141.00556827455625,42.30489405401744],[141.00882713436488,42.3062669185835],[141.00945219196512,42.309817360183104],[141.00730189406727,42.31341438666465],[141.00938019494015,42.314310467554094],[141.01276727558934,42.32175010828092],[141.02352360612963,42.33266777539757],[141.03249133620625,42.338560639761795],[141.0336659659116,42.341258414344395],[141.04498238702763,42.35053241393979],[141.0520429698073,42.35081608079753],[141.0545192476652,42.35231597280398],[141.05290744492265,42.35787405374464],[141.06735199679724,42.37173217120278],[141.06842243824497,42.37379658564396],[141.0765187162658,42.3818035861666],[141.0975019455584,42.399997441328935],[141.10212680900509,42.402101612999104],[141.11695250255605,42.413482198045074],[141.1392494938691,42.42942361300936],[141.15560683538718,42.44025291903705],[141.16003635529364,42.44187997338213],[141.1654523352571,42.43953274823781],[141.17519616137383,42.44579889240504],[141.18937797721196,42.452689559075964],[141.1957376131004,42.451622107874016],[141.2059621403406,42.45336038677249],[141.21485808023624,42.459602000132236],[141.24153669266434,42.47687166699387],[141.28033863841745,42.50238802708583],[141.2831333068567,42.503549918793794],[141.30741044073932,42.51789651381313],[141.31227121884172,42.52133366691527],[141.31654396892907,42.520413135258025],[141.32568839240548,42.52866174764159],[141.33977919595316,42.53708261257259],[141.37903377408952,42.556777640375856],[141.40231147879183,42.56777569429289],[141.41794671866614,42.57470402726909],[141.4491432561564,42.587626107858625],[141.4618061350452,42.59251141407054],[141.49325796398387,42.60214909860207],[141.50011481164927,42.60469702724606],[141.52921778227494,42.61282783833411],[141.5358784437352,42.61393477516981],[141.57022900076788,42.62131333304393],[141.58315486390586,42.62376046837096],[141.59822197056758,42.62592264001785],[141.60511756192602,42.62604213473679],[141.6108789750847,42.62716774779335],[141.6115629175946,42.62037991859842],[141.61757905293098,42.62072444078035],[141.6167709734018,42.62812119823474],[141.62423114115427,42.63035108073785],[141.62457747097358,42.635421774994995],[141.6209727238122,42.64129058609171],[141.62515224388096,42.64424435988934],[141.62982756199244,42.63668986494537],[141.6424001426525,42.6395558649113],[141.69540581082958,42.65739633327422],[141.69842422789588,42.65253053155885],[141.6905290526737,42.64988186535584],[141.68683891128683,42.650937837611195],[141.67407897486487,42.64674719832459],[141.67386280212668,42.64470594592274],[141.66773946760236,42.6426549187895],[141.6655974191856,42.64363991924694],[141.64839121927946,42.6378511981743],[141.64018089463264,42.634046531722106],[141.63111988327603,42.62814127919671],[141.6453164722774,42.62967969366298],[141.65945686084547,42.63046441420141],[141.67199836633165,42.63036650501027],[141.67377975423233,42.6278561977054],[141.69087185535193,42.62870838718237],[141.7164820228271,42.62741525201233],[141.72775097322892,42.62594919789723],[141.73655914378946,42.623564414366285],[141.74947306123283,42.622885305712316],[141.7594613356722,42.62080902741474],[141.76877114087551,42.61804163990979],[141.7754766407345,42.61520694624363],[141.7779622832328,42.61687446828216],[141.78731910499278,42.615070946267224],[141.78371491631037,42.613110774942356],[141.78119450062582,42.606902270123726],[141.8011345271368,42.60164327941385],[141.81004335881403,42.61065038720568],[141.81542586331295,42.613416027327844],[141.82046700404908,42.61186313467596],[141.81720635458964,42.6056590536225],[141.82178212674387,42.6056875225612],[141.84450330668233,42.59789508139295],[141.85205566843445,42.59489608068964],[141.87634455285888,42.58666250497066],[141.89348999996355,42.58157063977325],[141.90380583716967,42.57742930581787],[141.9185999744094,42.56004194557937],[141.92407219167842,42.559183441063],[141.93586450074622,42.552202252232235],[141.94158197123102,42.544967945614246],[141.95604136191935,42.53890041402292],[141.96221328141792,42.53561005366112],[141.96745167315623,42.531201559004785],[141.96686102541605,42.52857261313562],[141.97514953262487,42.52262527863377],[141.98197038942203,42.516034559247544],[142.0006814923571,42.50884854082756],[142.01545785989242,42.49921279343573],[142.01906085607368,42.493217981924374],[142.01878648460865,42.4915364322606],[142.02512224439613,42.48891060434096],[142.02730264620027,42.48508509879832],[142.0437921916564,42.48287705363316],[142.05706999998063,42.48009992826911],[142.06700175112996,42.47885346791327],[142.07107574564918,42.47742981143671],[142.0790714273046,42.46979774816759],[142.08918092136253,42.4701868470454],[142.11705985712672,42.468724613250345],[142.1415369390785,42.46578361342307],[142.16057944218755,42.46125389195362],[142.17237000027535,42.45744972102784],[142.1760366666589,42.455249170812635],[142.1942861089169,42.44776638690928],[142.20503660195766,42.44014621627491],[142.2070891309587,42.438038117265364],[142.20819596617093,42.43139449525978],[142.21704929978546,42.42754221600052],[142.22217304774802,42.42379091891581],[142.22499055806782,42.41735694596633],[142.23309055838263,42.413949171017464],[142.24175194609552,42.40853277466789],[142.25104333318336,42.40122972117473],[142.2660450060722,42.39056138659879],[142.2753616731028,42.380968892100725],[142.27678496805186,42.37619230583033],[142.28363805385322,42.37220666700415],[142.2939674969025,42.36776694608773],[142.3004633333162,42.36242027867297],[142.30568250294527,42.361373612602165],[142.32030111500455,42.35477277494368],[142.3300333326722,42.347372504737336],[142.33643929983384,42.34377005444452],[142.3578228920129,42.336312359827616],[142.3622566153506,42.33377886530246],[142.37047594041235,42.3243004677924],[142.3778693388989,42.322448198025995],[142.38785472111852,42.31751194611945],[142.39496055778363,42.3159083326035],[142.40265778233083,42.31213750494197],[142.4065063941548,42.308546946384524],[142.41326389101584,42.3096333328121],[142.41787000000056,42.309594170934304],[142.43131722441046,42.308007505142314],[142.43862778184678,42.30632472070937],[142.44807500615673,42.30232889166507],[142.45140861221773,42.29965583764687],[142.45223616116994,42.2948909191806],[142.46385389114425,42.28474110761607],[142.47034666716502,42.28026777543755],[142.47598749742508,42.27425666731142],[142.48281975402847,42.27225799960706],[142.48453944214157,42.26966999987064],[142.4953780291728,42.2655916400422],[142.49778194578028,42.266787775235684],[142.50739555096402,42.26706389228485],[142.51301722386586,42.26532500004879],[142.5216236063444,42.260519171422686],[142.52644289242562,42.25900246838927],[142.535058054086,42.25445889196436],[142.54379082998287,42.25090194556839],[142.5508044231857,42.249919919168974],[142.55511204898198,42.248011252017704],[142.5637735284257,42.24698830556588],[142.56988138831548,42.24450083834307],[142.57693555083506,42.245168333152094],[142.5851574974206,42.24315666664688],[142.5904050055866,42.2392936126102],[142.5986127761588,42.23560222476294],[142.60210805424333,42.23311472066786],[142.60752444879438,42.231308613102044],[142.61542658926578,42.225226559258374],[142.62225778197114,42.22489583807254],[142.62838577228558,42.222586720800564],[142.63585500610372,42.2177294410609],[142.63831360598817,42.21444305390389],[142.64870027200004,42.20915333335972],[142.65513027174472,42.205118333444375],[142.65952089507334,42.199750027441894],[142.67044972817246,42.191696666867756],[142.6770383404471,42.192468054057485],[142.6880297276898,42.191945000261626],[142.69283333319186,42.190960559182486],[142.6991916731572,42.18578000014696],[142.71119333270622,42.18626194593213],[142.71704082987048,42.18582305429055],[142.72398527869768,42.18410722516836],[142.73202693909207,42.17804417130151],[142.73685416258957,42.17663305407223],[142.7483530606453,42.17705499978848],[142.76087966256648,42.17439100014457],[142.76317294367652,42.170439054418864],[142.76801922200957,42.16525966719996],[142.77051444858296,42.16671019811719],[142.77533619970586,42.160095108002906],[142.78331352799694,42.157459467580395],[142.80130082956964,42.15038472137786],[142.80796416291582,42.14656944112687],[142.8144408302802,42.141719441399175],[142.82684333295356,42.139952504704354],[142.83304527901646,42.140695558753066],[142.84100749689856,42.140538054187914],[142.85288333319932,42.13869305364159],[142.85984861212387,42.13601472060293],[142.87591230880605,42.132279837944225],[142.88652277560573,42.13336917055085],[142.89537083019968,42.133056945721535],[142.9029394418019,42.13137666679978],[142.9090283403857,42.13218694607076],[142.9123168085739,42.130168837721726],[142.91112389115472,42.12687472089169],[142.91668861179005,42.12780889166709],[142.9195351621181,42.1260310542898],[142.9181347207408,42.122313053704545],[142.92685000032736,42.125711386671185],[142.93385306067023,42.1257677750628],[142.94214111462077,42.12446555943808],[142.94541888537333,42.12256777498288],[142.95562250337593,42.12153889210623],[142.96605138806115,42.11776999978571],[142.96755255530627,42.11371163998024],[142.97466167269806,42.10682555895244],[142.9782677823324,42.1017372253927],[142.9889352787402,42.09958222493981],[142.99279972762542,42.096227224906556],[142.99821944157407,42.094043440752216],[143.00000221802804,42.08732083758662],[143.00880274974713,42.08305586483635],[143.00886444863545,42.08102361284949],[143.01736807997293,42.08045583756689],[143.03159208840418,42.075278053839156],[143.03707138783432,42.07485972069958],[143.04159542199125,42.0719971075805],[143.049189559051,42.070043891612386],[143.0617150062426,42.06524722527928],[143.06727333269816,42.06183305435201],[143.071497496912,42.05782833281137],[143.07841583662162,42.05635999981422],[143.09545527883813,42.04999972091042],[143.10194345033005,42.04561364005747],[143.10351313872047,42.0433594677653],[143.1120204150102,42.04074889234755],[143.1184834495516,42.03496446823567],[143.1342599998991,42.02783833297275],[143.14022500607928,42.022063973173886],[143.1406654220716,42.01946613485427],[143.14621360597323,42.01715305427007],[143.1494116734101,42.009662775416814],[143.1542833333092,42.005754999893384],[143.16091833980965,41.99680444057253],[143.16091041498373,41.99149480184366],[143.16311527924677,41.98739999971025],[143.1635899998787,41.982730000189406],[143.17284916965355,41.976653612973905],[143.17907639386056,41.973388892283594],[143.18308972820842,41.96690861324197],[143.18617861165365,41.96711417128205],[143.19332861222574,41.9639588917895],[143.19529722368804,41.958499170600305],[143.20335749735068,41.95459472076982],[143.20734888464335,41.95504805372474],[143.21023833982758,41.95233361290599],[143.2153502715978,41.95133861288673],[143.21612972840433,41.94889027876343],[143.22009111521288,41.94761305439897],[143.22299888509053,41.941571107620575],[143.2241872240612,41.94152610824335],[143.22570444870144,41.941059720729584],[143.22943027158988,41.938646945799974],[143.2417794417679,41.92685444067996],[143.24661444889773,41.92769694625713],[143.24406555078463,41.933466386764394],[143.24532364477045,41.93490191878857],[143.24071639364672,41.94190897302076],[143.2405886116752,41.94832944085107],[143.24341250268492,41.9555719456888],[143.24431306129884,41.96633305432704],[143.24908917002927,41.980690279332975],[143.25620861163816,41.99756583809301],[143.25948416286394,42.00385722533076],[143.2647041625671,42.01115555918176],[143.27085885914914,42.01828436003524],[143.27599555105394,42.02269610843871],[143.28899306138078,42.02790083765359],[143.29022221788114,42.02994889162812],[143.28785360595919,42.03325722494105],[143.29234888519295,42.03746055905759],[143.29410060985538,42.043031054239805],[143.29993891055233,42.043874252294984],[143.3099925027518,42.04749889156062],[143.30833277603688,42.050700558983635],[143.31219444871488,42.05443110780942],[143.30958666659149,42.05950027861502],[143.31116027242865,42.063028333390946],[143.30781306142376,42.07015974767427],[143.30813233513925,42.0801434139874],[143.31124861193393,42.08633889212621],[143.31321944202375,42.09331583795563],[143.31560500616615,42.09551999984819],[143.31655666695667,42.10474250516256],[143.32123046701247,42.113241225302374],[143.3225686123517,42.11727222503322],[143.32000060994028,42.118013892327326],[143.3167894420792,42.12277110810021],[143.31962360604462,42.133765251765],[143.318964501011,42.13577172108813],[143.3217883659404,42.14625646806161],[143.32366834022184,42.15065805412593],[143.32275111537172,42.156785837596374],[143.3255855509325,42.16325500011823],[143.3296261086581,42.168313054403995],[143.32988834017488,42.17176944130671],[143.33138917017413,42.17358166696039],[143.3331222177162,42.17459999989012],[143.33307888478282,42.181664721349875],[143.33577778171934,42.18963750536665],[143.33300749659873,42.191929720780024],[143.33588888486418,42.201783613123325],[143.32405360618907,42.20670861271236],[143.32054861182905,42.20921555925071],[143.318957223697,42.21261138670616],[143.3207600001739,42.22342250484479],[143.3156660566433,42.227219559435184],[143.31470778223843,42.23602444117506],[143.3112161086366,42.23875417136799],[143.30820639430976,42.24350527894552],[143.30885027202248,42.25558583781623],[143.3100522177357,42.26107555859022],[143.31384916980346,42.266943613357114],[143.31367138822407,42.26994277503911],[143.32133791171532,42.284065053959125],[143.31949344986288,42.290558802147075],[143.3211170562073,42.29261130596706],[143.32079538310052,42.297564171049714],[143.32696277631112,42.295353305610604],[143.32857263292078,42.29775710800419],[143.32406703036918,42.29940555901936],[143.32577700400554,42.301642892405596],[143.33128211397843,42.30037083824362],[143.3325901428209,42.30263361255123],[143.3263954470923,42.30500822474983],[143.32524381305154,42.3079531438226],[143.32650661498838,42.313416892175894],[143.33178949438968,42.32077305423314],[143.33394557672705,42.3266203598418],[143.33955994803318,42.33725350484542],[143.3441513881761,42.34468166662566],[143.35099138794226,42.353036945798465],[143.3562911152428,42.366112504688374],[143.3736783396837,42.392348054419244],[143.3843999995604,42.40943499972553],[143.39356647171542,42.42126069432561],[143.39389972809,42.423337225332716],[143.39941916965904,42.43145555922672],[143.41663610926912,42.452839171190874],[143.4222266674268,42.46077194616845],[143.4327709989825,42.473733306447],[143.43254555063675,42.47589499965454],[143.4440930606463,42.48948110816667],[143.45901277561916,42.50525610808296],[143.49444639428577,42.541344720982124],[143.521459169605,42.57080083828811],[143.53344083003037,42.58232250537935],[143.54034972775776,42.588364721055086],[143.55074111521037,42.59877805376425],[143.57756055787354,42.62421222481436],[143.60022306064582,42.643784441199045],[143.60861221817936,42.65010750525721],[143.61988639364222,42.659446107651775],[143.6317291699653,42.6699097205572],[143.64171491641036,42.67571730580909],[143.65060082976458,42.683568333311996],[143.66166938963067,42.69117494576716],[143.66646046667722,42.692576531981445],[143.6721325034124,42.69845861257494],[143.68509472074481,42.70829000028334],[143.69962444920907,42.71984583801509],[143.71491944227853,42.7299275052502],[143.71830306143715,42.732841108130685],[143.73678722405123,42.746470558569456],[143.76039610859357,42.762551387336714],[143.76435749720076,42.763198053847134],[143.77524027242066,42.77374417055705],[143.79596916984133,42.78864917082262],[143.80298000032678,42.79205250491924],[143.81065333258528,42.79863889227113],[143.81981875523138,42.80398008101599],[143.81923583716423,42.80647861259797],[143.82313944163195,42.80818389177324],[143.84903500626058,42.82849972068561],[143.8951011152244,42.85993444092179],[143.9022936060651,42.86392944079114],[143.90881999964336,42.868518891633585],[143.92869138809715,42.88015694628609],[143.9476331653384,42.890199171054974],[143.9616961087885,42.89837861298264],[143.98457111506502,42.91041389188763],[143.99817529185634,42.9167899368062],[143.99884164722425,42.917644891698444],[144.0297349683941,42.93335111686059],[144.05085286576718,42.94242613515809],[144.0624337217389,42.946578009167865],[144.0688364846161,42.94805311675799],[144.08025486367103,42.95333129720166],[144.08893422793233,42.95248923409093],[144.09522317800736,42.95507827883955],[144.10048959801657,42.956099765691704],[144.11115761333326,42.960935639768024],[144.11763887173663,42.965565170696095],[144.12464931281556,42.96900524299764],[144.14066238665987,42.97504672122926],[144.1629076651567,42.982574811178665],[144.18145722377187,42.98781332432549],[144.21273430634324,42.99480455858355],[144.22425802928467,42.99675466739404],[144.2522019707444,43.000679441003456],[144.2753377165625,43.00342553166303],[144.3034601689517,43.00491017116752],[144.30668542199464,43.004823359610384],[144.3074772498752,43.00462994601526],[144.30882036306934,43.00448530625192],[144.30947277624773,43.0044892245981],[144.3100006998725,43.00460425238441],[144.3099693638951,43.00441125157806],[144.3107626333889,43.00408991931437],[144.314148339874,43.00369635979922],[144.31436664130752,42.99768002661199],[144.31890914394194,42.99721989208439],[144.32008011700384,43.001614413974096],[144.3237356938473,43.0013177483155],[144.3226570298981,42.99720219792317],[144.334587859742,42.99567158597495],[144.33697255513937,42.999623558680355],[144.34024199727037,42.999200972646804],[144.33743214018114,42.994544694082435],[144.34058705634766,42.99388722491557],[144.34448561561874,42.99669327877183],[144.34978917043395,42.99796035968291],[144.36378450105394,42.993552332674085],[144.3654729961819,42.99016969377641],[144.37172922172624,42.98562772084267],[144.36998593989927,42.980791225334826],[144.37266944224098,42.975857558979214],[144.3658220878192,42.97166533328857],[144.3682675881787,42.96890989237767],[144.37456841829794,42.96747099958702],[144.38332557661408,42.96953386539565],[144.38935800316938,42.96910986472852],[144.39388027195707,42.966112386577436],[144.39430710818658,42.963595667106404],[144.39835649815393,42.960245838174956],[144.40456060978443,42.95776644056883],[144.4143620491693,42.95664719830961],[144.42297797705203,42.95245753208951],[144.4393768348731,42.952086414256655],[144.44127878139068,42.94924099977237],[144.4503555767485,42.943751892336024],[144.46078697773692,42.944890171444285],[144.47180883311125,42.942401251816364],[144.477466744195,42.94190750512729],[144.48561213958862,42.93938538702605],[144.49897805359433,42.94164083815423],[144.50534444878735,42.94502583777222],[144.51398861178507,42.94819638685385],[144.52144888475834,42.94830722469874],[144.52926011726072,42.95120669383391],[144.54224138763004,42.94933277468783],[144.55145138787134,42.946765278594796],[144.56410138756905,42.949894171079166],[144.5748222182708,42.95048166669562],[144.58153888501158,42.949481386756645],[144.58842083005732,42.949858612784794],[144.59473805391815,42.94902805380167],[144.6079866666514,42.95091861310357],[144.6295844485635,42.9512577753261],[144.63563917021156,42.94900694581395],[144.64031778164042,42.94577110775049],[144.6546938906106,42.94661861265888],[144.6652033329675,42.944841108030744],[144.67496277581154,42.93890138718933],[144.6845538907495,42.93784389238181],[144.69424444912204,42.93818750534916],[144.69751639406638,42.93709166704684],[144.70687444879684,42.937045837595406],[144.7094672239333,42.93574138715536],[144.72840194599303,42.93408694575601],[144.75740583740958,42.933346107636794],[144.77120944156252,42.93384999957789],[144.77397833992848,42.932896945737525],[144.78154527879167,42.934125559047345],[144.7856600000091,42.93639666737238],[144.77811306116894,42.9416575052897],[144.77528167341052,42.94207305412817],[144.76372834029075,42.94948972077407],[144.75971221804446,42.94983110791935],[144.7566174970999,42.95407333321782],[144.7477761091801,42.955563613270215],[144.7427569388817,42.960955279162874],[144.7413691698514,42.96524972089793],[144.73748666707604,42.96850138702945],[144.72805680867486,42.97140150457585],[144.72319810620775,42.97492655921337],[144.721966667228,42.978584441019166],[144.72322944218513,42.98699417144388],[144.72704861200395,42.99594444118304],[144.73393749711784,43.00645055874634],[144.73897194599863,43.01273750513178],[144.7400599997692,43.016642224758925],[144.74601555137667,43.02392333299548],[144.76258693873626,43.03655861258994],[144.77150082999935,43.045217224994985],[144.77823834032722,43.0493130541542],[144.77713444859603,43.05108500007276],[144.78518313899076,43.05548108138686],[144.80265916968494,43.058914864729275],[144.81774869014998,43.05914146780452],[144.82898968872325,43.05756783768561],[144.8417333851877,43.05381630587789],[144.84428844365686,43.05137505391565],[144.8543167442224,43.04873366682534],[144.851857108319,43.04536466704582],[144.84840522701973,43.04545766683793],[144.84647664078443,43.04243477474512],[144.83609352799397,43.03386664043319],[144.83522795120905,43.03032046791532],[144.83842089520817,43.024057135028784],[144.83357452694293,43.01549994636548],[144.84307535714208,43.01567525211124],[144.84862005167406,43.014629224559144],[144.85604946800856,43.010436252431134],[144.85907805370925,43.005637505066886],[144.85437416323714,43.00208333307938],[144.8563161089014,43.000426108278305],[144.86894500600727,42.99686805391758],[144.87471861217432,42.992816666555996],[144.8757577823958,42.98626777463812],[144.88118861196494,42.98458500009775],[144.88924389079295,42.987326945782],[144.89261749690002,42.986684721023096],[144.89907055795993,42.98925638727252],[144.90675833962575,42.98860277529792],[144.90990306107744,42.98621305358961],[144.91824000037582,42.98617389171176],[144.92350472066641,42.98098999978873],[144.92642306117534,42.98980861327692],[144.93818944188934,42.98813222482238],[144.943590557858,42.984110559155056],[144.94955778176632,42.982606945754014],[144.95174749694945,42.985193054216154],[144.95532972778483,42.985376107621335],[144.96188610925662,42.980896667247464],[144.96672000032777,42.98052666727193],[144.96956888529587,42.982400278849866],[144.97359972764536,42.98153555911881],[144.97913639392948,42.98374055917952],[144.98169472143434,42.98793110763455],[144.99032500609417,42.990517774575665],[144.99561861170957,42.99379333299595],[145.00049083008776,42.99116972100586],[145.01100416291183,42.993975559024875],[145.01495138809616,42.996932504731376],[145.0243525032655,43.0005363867449],[145.02552111470777,43.00581777507034],[145.03012221806603,43.01038250534839],[145.02554416343241,43.01329527905392],[145.0235508296072,43.01971722536973],[145.02629444892978,43.02308472058343],[145.02960444868643,43.02274861335786],[145.02986749678757,43.02810805384365],[145.03868944226406,43.03083833262298],[145.05031693887565,43.03090166737809],[145.05997610911027,43.03982972116478],[145.06875693938127,43.0423075053871],[145.07700583684993,43.04313166659318],[145.08050944175739,43.04287027864052],[145.0813644488103,43.04410694627859],[145.0858250061192,43.044906386920275],[145.08795749744058,43.04766277481724],[145.08728199686675,43.05130238689571],[145.08450788603022,43.053633170634384],[145.08928527899252,43.057840558894725],[145.0868277816769,43.06416917087057],[145.0896394419068,43.06964638657155],[145.09405027210244,43.07409666732741],[145.10022722420706,43.077829999554865],[145.1049261090527,43.07928166721524],[145.11206277627616,43.0792749996416],[145.12229082975807,43.07808889188891],[145.12767444941642,43.075480000002074],[145.1326669386284,43.068945838080026],[145.13805555132274,43.06809444090578],[145.14916888483629,43.06979110817315],[145.1490099998117,43.07290555934412],[145.15249778204702,43.07628555873163],[145.16060610918464,43.07814194559438],[145.16516749668267,43.07666305365706],[145.16501693938028,43.07847166673406],[145.16342111489257,43.0815230538459],[145.1629236063394,43.083046386681474],[145.16291833990954,43.083983613353155],[145.15895250325548,43.08471389163287],[145.14689167281256,43.082432504956216],[145.1440652789895,43.081026666747334],[145.13788944204418,43.08060722474369],[145.1339841630388,43.08281055925994],[145.12148966331733,43.082151504588296],[145.11876214006077,43.080635440972856],[145.1155336062909,43.08427777529914],[145.11105944223948,43.095434440846816],[145.1098538911442,43.103496387248526],[145.11112749663675,43.11469250515506],[145.11256277595146,43.11892361303438],[145.11746294435943,43.12501002679136],[145.11927917019761,43.12936027865396],[145.12224472061746,43.132439999806195],[145.12809444899972,43.134615558761084],[145.13134138829446,43.13381638701668],[145.13472360630942,43.13770194568832],[145.14570416301683,43.14469527896398],[145.1509169393653,43.145394440700954],[145.1692169388108,43.150298054411735],[145.17820444857648,43.14805389157391],[145.17859500615464,43.14470527942518],[145.18411833998948,43.1426161084467],[145.18345805414594,43.139607225093414],[145.19480888512203,43.1367838916633],[145.2017472239553,43.13597805414395],[145.21800306079274,43.13943777483348],[145.22531472079777,43.14192861271533],[145.22564972815246,43.14419610756437],[145.23002527884364,43.14595166693596],[145.23111046737426,43.14910519814646],[145.23756610858914,43.150676386605994],[145.23965610874245,43.154004171355496],[145.24875306060528,43.15884944064919],[145.26441194635436,43.163593332966],[145.270192775876,43.16477499986638],[145.28409888475574,43.17015389178874],[145.29328527869268,43.172511666879984],[145.2970850060682,43.172656386682945],[145.29949194619644,43.17029250519499],[145.3058377819881,43.17163110828909],[145.31625221816535,43.16747722519386],[145.32622805408153,43.17345583811647],[145.33047722394474,43.172247775214714],[145.33214472080226,43.17473499962057],[145.3366899996438,43.17337777516423],[145.34115389073952,43.17857805363434],[145.34708083041608,43.179760000223894],[145.3517236056599,43.17782277510105],[145.3568833327996,43.178267224552826],[145.3608163936617,43.18053138741362],[145.37107861238815,43.18263944055781],[145.3777038909219,43.182292504595466],[145.38848693942077,43.18387805432877],[145.39493389138602,43.18391472058795],[145.4039791700028,43.18554333255878],[145.42537555144065,43.18740417106568],[145.43534610923564,43.187044721037125],[145.45124861233364,43.18873000018942],[145.46142916992028,43.188975559174764],[145.47674999961282,43.188368333331994],[145.48929944161603,43.18563638720957],[145.49611083035063,43.18179722456233],[145.50263527869527,43.174275838159474],[145.50351250259996,43.16908027933147],[145.49364583718568,43.16662722466674],[145.49682027223787,43.16254527924127],[145.49574221802902,43.158841945699294],[145.51008693886115,43.16184305441351],[145.5132377819981,43.16332110818263],[145.51995861170064,43.16482472068435],[145.52339167288744,43.16722944128571],[145.52136027165932,43.171486946065784],[145.52396277566163,43.17368666710604],[145.516641946169,43.17580472071137],[145.51462610860813,43.178242225198574],[145.50823311326758,43.177894171378966],[145.50746111543822,43.18320083784846],[145.5115544489787,43.189596107574346],[145.51546500610516,43.190355558961926],[145.51929111509298,43.18611222479939],[145.52474389081794,43.18775277527044],[145.52873027158478,43.18609805418191],[145.5346852791024,43.19101194624437],[145.53432306096056,43.198191946401266],[145.52889861208132,43.19946233322014],[145.52863333276218,43.2059033325728],[145.53206194590211,43.210050279197105],[145.53672972769482,43.21154972064312],[145.54504527931624,43.21247027928001],[145.55178277615425,43.21549750520575],[145.55647111465032,43.21884610836128],[145.54987154323715,43.22266329697362],[145.54905138761148,43.23021166663517],[145.55321805367032,43.23428583832083],[145.55551639436612,43.243243891692316],[145.5565283403107,43.252815279101924],[145.55848500607829,43.260858891924386],[145.565745006327,43.27329289155375],[145.5643647727162,43.276128586165385],[145.56778147883222,43.27800510794941],[145.56578535710855,43.280895171075315],[145.5732891051082,43.28433244108936],[145.58046572021692,43.28541453235482],[145.58501219155949,43.27882966665584],[145.59045500639354,43.28047499972149],[145.59635786042702,43.28384894577226],[145.59990021981935,43.290067387200224],[145.59672160831565,43.29394610832628],[145.60266905343417,43.293441585960466],[145.60550902702005,43.29721335970885],[145.6110509993042,43.30017346833097],[145.60705472059897,43.304614720792756],[145.60958505760436,43.31038550488722],[145.61773328136587,43.31498310808405],[145.62967483832324,43.31905199984999],[145.63837644641592,43.3209823604476],[145.64888444895826,43.32168222455505],[145.65939083002286,43.32104805412445],[145.66897888456788,43.317956666966666],[145.6763886120449,43.31150417068096],[145.6791313878034,43.312383053834935],[145.67913221787762,43.31589194585666],[145.67648167299092,43.31959055885727],[145.68055360626397,43.32355555914177],[145.68876527899454,43.32764110815066],[145.69841583732114,43.32882472118399],[145.7008905575533,43.328052225130136],[145.70547583734003,43.33386917142519],[145.70978111500654,43.33540138686459],[145.71343888529634,43.334382224759906],[145.71592610880293,43.3367458382499],[145.725222503316,43.33515777491141],[145.72861778218498,43.33221250510309],[145.72884861207388,43.32842610837827],[145.7346269387823,43.330941666824515],[145.73704444864245,43.334362224736935],[145.73671306105894,43.33807166737358],[145.74290111529433,43.33937250523695],[145.75608219163985,43.3362726671499],[145.7549108300708,43.338760558852755],[145.76167610876553,43.34328500040249],[145.76723500629055,43.34581417098724],[145.77427888506259,43.34714999967281],[145.774017223716,43.34914055908956],[145.77985250269091,43.352829170729706],[145.7847302716848,43.35470750464765],[145.7896744493164,43.35817638673092],[145.78858472100808,43.36029333327076],[145.7965527763896,43.363229170989484],[145.80061111461134,43.36208750503437],[145.8109666667783,43.36767610806601],[145.80698758760718,43.36998389164336],[145.8064147212624,43.37683305370251],[145.81022333304043,43.37945417097325],[145.81576000022392,43.385792224931265],[145.8082163942712,43.387971386570314],[145.7856519463803,43.38625194577071],[145.78004306093862,43.38924110789088],[145.7735602718891,43.38961722505496],[145.7721591704094,43.39299027897823],[145.76651639401643,43.39082666661744],[145.76100861215775,43.392259999799194],[145.75982555130827,43.395378053654326],[145.7628044485665,43.398751107577596],[145.75605360578936,43.39882638712811],[145.75128082994638,43.39694638676639],[145.74594416299283,43.389593053976284],[145.74175693933137,43.391454720758816],[145.73560167257915,43.38996972062614],[145.7354436059377,43.39312722504144],[145.73052999985964,43.39170417111069],[145.73193639384954,43.389532505320915],[145.72885639390756,43.38605389167384],[145.72131277626363,43.38311917091306],[145.7152494418084,43.38392472064942],[145.70687194578375,43.38367250488227],[145.70138999964888,43.38473583808849],[145.6978450061422,43.38368917111842],[145.68477167307435,43.38640027904967],[145.67698333281464,43.38862777475208],[145.67169221832125,43.3869688916011],[145.6623788850776,43.392744171406434],[145.65066666693315,43.39146666735286],[145.6471227759954,43.38892666713201],[145.64693527904,43.385511667029846],[145.6434774972887,43.384433612821056],[145.64255306077519,43.38144055933441],[145.63856389121065,43.37854361279756],[145.63889360605515,43.374508891672065],[145.63478083007135,43.371308612802295],[145.62869167338204,43.369686386917294],[145.62554108924996,43.367408747715615],[145.6232840858919,43.3630715234321],[145.61651080413037,43.36177272073451],[145.61042849487922,43.35698810801483],[145.5989351618283,43.355165053624376],[145.59201175084172,43.35133410808265],[145.58752819696883,43.3475808378854],[145.5815930222003,43.34684597306324],[145.58709286574322,43.3412687212745],[145.5844137475964,43.3390187748966],[145.57929955942723,43.3401144414284],[145.5783158108261,43.33631661342105],[145.57441927413026,43.33224135985091],[145.56761425439436,43.32949630610972],[145.56543491558898,43.32598372057231],[145.55105147894267,43.32464786490709],[145.55418214039355,43.32120638696523],[145.55331891083915,43.31848186474633],[145.53742094661948,43.31104258644626],[145.5323628266832,43.31234264010084],[145.5275769387248,43.30864110790088],[145.52226389066607,43.30699277469682],[145.52476500600028,43.30250750491746],[145.52299272373523,43.298934946290785],[145.5193825033,43.29680472126091],[145.5139091699723,43.29614222488385],[145.50904138794976,43.2879413871853],[145.50515888517452,43.28528277537981],[145.50435834016537,43.27862722476664],[145.49845888466984,43.275089999603836],[145.4928377819382,43.26657750544757],[145.48738416264905,43.26635305355063],[145.48695639382254,43.27071277527443],[145.4805750060318,43.273654999978305],[145.4723777818092,43.27307389224637],[145.46490360621647,43.27578500017768],[145.4549963939685,43.27778194568032],[145.43987805382915,43.282063613445075],[145.43549167260267,43.28513472089071],[145.42412805416643,43.28791222486933],[145.40876194630687,43.29230999960686],[145.39687778228392,43.29102000037278],[145.385934163431,43.297383613063346],[145.38440944204217,43.300492504625424],[145.37910693943377,43.306503612751555],[145.36069833965666,43.316332774637885],[145.34455583718216,43.3268650004195],[145.32286500601526,43.344163333171366],[145.3154138908385,43.35100999961185],[145.30775082973707,43.35905694622113],[145.29688999977373,43.37264389200209],[145.2907152788871,43.382607505232215],[145.29017447517197,43.386553359849756],[145.28616167322275,43.38999472087971],[145.27794639421074,43.401924440960215],[145.27639749724676,43.40629305428109],[145.27101111487116,43.41592417106369],[145.26243888504655,43.43834917097752],[145.26132917020516,43.45498027871696],[145.25903610942896,43.464120559016635],[145.25543472123547,43.474535837858696],[145.2509672238583,43.48386194597208],[145.24760435835447,43.497468720904806],[145.24600861210786,43.50644944078914],[145.2457097278217,43.52100110821465],[145.2415433333582,43.53261917093806],[145.23713852142566,43.53541989181463],[145.23501972767838,43.5427125050781],[145.22493705590045,43.55379419774408],[145.22207306142275,43.55791389221241],[145.22383041494174,43.562525279318265],[145.2237726721711,43.56708017101312],[145.219989170364,43.57261472119251],[145.2142780535894,43.577360000263866],[145.21560250315304,43.582668891656056],[145.2187869386663,43.58552750459074],[145.21773027213442,43.58874305394886],[145.21101749676018,43.58935750494493],[145.1992655510644,43.59647444104269],[145.19521221756986,43.60083444065697],[145.19517555131074,43.60507889177751],[145.20171778195015,43.60933638666495],[145.20108472128288,43.61598917096353],[145.19406693903807,43.621036386620005],[145.19682722369748,43.62278277470534],[145.20959306057136,43.62317222521807],[145.22147583694039,43.62094250459296],[145.22761861210938,43.61791833276487],[145.23039194593161,43.61430166688848],[145.2350286120809,43.614938332937754],[145.2543866926918,43.6128343060584],[145.26693871574923,43.61037902737024],[145.26919111457835,43.607976666589934],[145.26671333305399,43.6042977748225],[145.27224894892993,43.59910455872847],[145.2651329957912,43.59712322455721],[145.26745632864674,43.59379422482368],[145.27058221829475,43.59318277486523],[145.28209674386972,43.600189748158414],[145.2826815559091,43.59204736009764],[145.2930465887291,43.59507091858808],[145.30215306081516,43.59503194556788],[145.2997046952156,43.59799397334325],[145.3072074971284,43.60058722512042],[145.3157370559204,43.59785791940749],[145.31847610938496,43.59471500019714],[145.32783360563644,43.59362722521632],[145.335005668377,43.589859721449045],[145.331648339999,43.583804053714175],[145.321294617053,43.58223853188281],[145.3262780294076,43.58013141403359],[145.3305523614024,43.58066161294312],[145.3346205840728,43.58478580222305],[145.34085452711474,43.579286440716714],[145.34083136237757,43.571501802066564],[145.33375880692347,43.56644764004659],[145.33260846970518,43.562910919403464],[145.32647596569336,43.56222108093817],[145.31708988269202,43.56324817056668],[145.31557566808272,43.56596350531157],[145.30538830082946,43.5651175859079],[145.30680330672726,43.55815044089019],[145.30059771661138,43.55785077509324],[145.2920860309456,43.560554468114276],[145.28832800333475,43.55983933261916],[145.3045133333237,43.55377413476856],[145.30220581144908,43.552713639822684],[145.2962613880527,43.554294441135596],[145.29304286643526,43.55129666710758],[145.30268282715076,43.551559467895174],[145.32298277583448,43.55008458603487],[145.33442671901798,43.55218772078672],[145.34480306081264,43.557946107726764],[145.3498427761233,43.56653186515348],[145.3456053568018,43.57996450525775],[145.34332544681195,43.58394700005408],[145.33768377388708,43.589467305871494],[145.32770630390291,43.59584989155928],[145.3212496626419,43.598290387191696],[145.3022196888876,43.60411583837532],[145.28897805399401,43.606611108116226],[145.2698505838374,43.610875413569545],[145.2471966668927,43.61467000042023],[145.2247219461609,43.62189694608725],[145.20925444873387,43.62515610806798],[145.1574688853808,43.64104361317226],[145.14424778200964,43.64634999995258],[145.1391994422006,43.649571946188416],[145.13624500560263,43.65336194559734],[145.13701612209638,43.65846831506076],[145.13260693855943,43.665682386932644],[145.1319813881306,43.6696338919906],[145.12522055838213,43.67579222543094],[145.12086555090457,43.685926946371524],[145.11636555112932,43.69184444136795],[145.10837888517744,43.70074417100676],[145.09645082974203,43.718019170848095],[145.09424621279254,43.72557476566294],[145.08499583658863,43.73153638679486],[145.07590472132586,43.73987250501216],[145.06895221817035,43.7481694406672],[145.06470583710473,43.75849194634628],[145.06333985684898,43.76666666683326],[145.06376639360428,43.77168305372999],[145.05912500601426,43.78588138741617],[145.06356722434793,43.791965837953114],[145.06349416342493,43.796794720699836],[145.06117389096232,43.80258305416464],[145.0610830612344,43.805916946210175],[145.06407999979217,43.809636667198504],[145.06963306071725,43.81338417094281],[145.08125861209533,43.818874999681555],[145.08801834017436,43.829743613277174],[145.09229999984518,43.83950389159139],[145.0985483401339,43.861346387126105],[145.09454583722072,43.86832083823617],[145.0933252791384,43.87258472100814],[145.09667749666914,43.87766333289653],[145.0967822182248,43.880277504703145],[145.09392111506747,43.88996444060649],[145.09599055761817,43.89500666682426],[145.10058194560042,43.89806777470807],[145.10134749708936,43.90069638692876],[145.10656834035672,43.904913612872974],[145.108194448615,43.91097666673983],[145.11209749730176,43.91801666673581],[145.11606610926356,43.91988166730516],[145.11884306105844,43.92349972083548],[145.12088833972518,43.93237250498714],[145.1265183403492,43.93874527907144],[145.1260666666434,43.94235694561661],[145.1298647212799,43.95010333340218],[145.13600805402848,43.956421107648055],[145.13800527922035,43.96143305369253],[145.1422130613837,43.96845777510629],[145.1494766670146,43.9715199999481],[145.1538355505703,43.976628892009785],[145.1550552785783,43.98250861278228],[145.16322513643092,43.98759905435293],[145.16884693883526,43.99275417066849],[145.1736811149915,43.99559138693303],[145.17804334582377,43.99972419801338],[145.18164555060173,44.00822389211896],[145.1895844490631,44.013306666969186],[145.19298306081964,44.01792500043848],[145.19940389107683,44.02127999957236],[145.2023275618676,44.02424008121483],[145.2048956811908,44.029350720659295],[145.21136527898454,44.03307666675482],[145.21620861203792,44.033873054198125],[145.21798416333854,44.03605666658194],[145.22262194644577,44.03714777534958],[145.2245750059318,44.041283332959495],[145.22973306123185,44.04582833301123],[145.23177082966015,44.050045837745245],[145.23888805444028,44.05831666698066],[145.2384358366446,44.06242333297047],[145.2450366671086,44.06828527864275],[145.24176277603135,44.07747694620417],[145.24160888494214,44.08577999994708],[145.2400216732617,44.08921444069392],[145.24240749730825,44.09712638737295],[145.24530817063567,44.103094945875114],[145.24706658895195,44.10352505383821],[145.25015194615548,44.109142224733944],[145.25103360641583,44.114317775445045],[145.25485111518685,44.1201247212789],[145.25556785956917,44.12590300032326],[145.25963527914485,44.13317797338482],[145.2638583398906,44.138187775445545],[145.27552194608097,44.14530833311312],[145.28275805404098,44.14857777524418],[145.29236888481626,44.156038053613315],[145.29708610863702,44.16440444121207],[145.30329194606657,44.16586444109112],[145.30709639398344,44.16964555879554],[145.3084997275804,44.174261946131935],[145.317079441563,44.18164972115778],[145.31931722371098,44.18791361342255],[145.32876583657412,44.191349720613175],[145.3329305582987,44.197285559081365],[145.3327222177562,44.205273054208135],[145.33750138777884,44.21363333271216],[145.3415372240637,44.21661055903013],[145.34401221768974,44.220780837665586],[145.3482194422735,44.223001108214646],[145.3463902715938,44.22964610798152],[145.3496341630862,44.23291861320348],[145.34736666733784,44.24130417075094],[145.3522580538662,44.24661472139235],[145.361719441599,44.25110694562909],[145.36635722380686,44.26443666731842],[145.3661925030816,44.27006250498067],[145.3616247214038,44.27220138688455],[145.3603597278193,44.27634666706507],[145.35645917025454,44.280188613114035],[145.35639583729812,44.28328972104384],[145.34876111473375,44.2945700002054],[145.3500002716952,44.29858500009772],[145.3484508297421,44.30141027876141],[145.34810527873572,44.305990278628485],[145.34622778208654,44.310933892385265],[145.35161082977606,44.3150677745582],[145.35028500604824,44.32096555911329],[145.3455202719431,44.32216583838277],[145.34188472120297,44.32492833267645],[145.34064111529528,44.331409440893026],[145.34448306134425,44.337127774727094],[145.34428027231672,44.33944500028656],[145.34093416298128,44.33968444118409],[145.33806666744283,44.34093722467321],[145.33557194628838,44.343626667037086],[145.32899944177086,44.345108053693764],[145.3267838908639,44.342413054418955],[145.32304472113708,44.34185055905613],[145.32217527906596,44.338772775043594],[145.31370749740313,44.333196386604016],[145.31469194567683,44.330340837659605],[145.31235389091944,44.32909638728847],[145.31152472138888,44.32547805406898],[145.3074672240332,44.32109833322153],[145.31024277558367,44.31937861273286],[145.30633444877583,44.31239250461044],[145.3020574970559,44.30953694577346],[145.2953288846204,44.30803305358262],[145.29214027175624,44.30992194644074],[145.28654472056246,44.30290833255356],[145.28928138812557,44.30065722515087],[145.28701888541332,44.297058613164495],[145.28306333340618,44.29584777495489],[145.28099333327577,44.29021138734572],[145.27241610861654,44.28334833255957],[145.26858055764671,44.283383612963405],[145.2649063936152,44.278710838134714],[145.25880416258212,44.27485944111038],[145.25907805380916,44.270551387236765],[145.25201749710982,44.267182775065066],[145.24036250282734,44.25871055884528],[145.23632944185033,44.25500777478902],[145.23317583689538,44.25454917090758],[145.2291919463513,44.24995333307993],[145.22543055797394,44.2479258376074],[145.22622610904773,44.24294361325718],[145.2235363941893,44.240383613013364],[145.22266999992064,44.23607472097166],[145.21796944233597,44.232644721077065],[145.21598693904605,44.227313054354056],[145.20886167342758,44.215483613178264],[145.20443722389882,44.21051750467916],[145.19975583716223,44.20329972130514],[145.19147917042744,44.19501889160864],[145.1757933328961,44.189297504576246],[145.16580527879069,44.18369444134544],[145.15479527917887,44.18054861282826],[145.15210972818147,44.17706194575226],[145.14455999964434,44.17278110806171],[145.13580221809798,44.17056444109613],[145.13229610857866,44.165336387064656],[145.12672888512998,44.165637505266716],[145.11928194640473,44.15759472071983],[145.11882500626905,44.15584194564934],[145.10983221838228,44.15040444131199],[145.0992169393104,44.14875527893304],[145.0924272242371,44.141530559088096],[145.07921194577477,44.13325027887731],[145.07077138838895,44.127334999810444],[145.06930250320806,44.12371250542782],[145.0650380538632,44.12421333337869],[145.0552766666849,44.119738892336045],[145.0520322176128,44.11575444061498],[145.048700000105,44.11551750522875],[145.04240693922895,44.110827225096386],[145.0420255511383,44.10827777479955],[145.0284808303261,44.106087775430524],[145.01930527861578,44.10230472058646],[145.01705250297073,44.09911750526868],[145.00905027155284,44.094493891879665],[145.00789972838982,44.0908555586372],[145.01003138783835,44.08616638736896],[145.00679805438676,44.08087000015041],[145.00513389131606,44.07900472079126],[145.00381481160434,44.07799977516953],[144.99868055776165,44.075007774789015],[144.99717678338186,44.072639440757655],[144.99107483833313,44.07458622477452],[144.9897882754086,44.067749720673135],[144.98586477344065,44.06622586533149],[144.97780916995725,44.065487774641156],[144.97639639437818,44.0623997212702],[144.96904277560373,44.056924720599454],[144.9608558369274,44.05510555937411],[144.95791333343368,44.04816333277165],[144.9545802723618,44.04750722517838],[144.95231111466626,44.04445417072344],[144.9459652788746,44.039902225207584],[144.94132111507747,44.039224170559066],[144.9379916728775,44.04310999992663],[144.9336286119709,44.04090972130666],[144.9334477816899,44.037376386611015],[144.92950167256424,44.0335352787302],[144.92883916989183,44.02909333289108],[144.92438167297587,44.019393613124805],[144.91675888531438,44.01294389214695],[144.91474722420514,44.008075558840005],[144.91012805436628,44.00418666728092],[144.90579944199067,44.00221027938096],[144.89245722422163,43.9935113872408],[144.88554666724497,43.99133417083539],[144.88035610864756,43.98544583815499],[144.86045722432152,43.976334441381425],[144.85327277611782,43.97376417087986],[144.84870693877428,43.97365222507017],[144.84091333298397,43.96488083768054],[144.83478389116374,43.96034194582421],[144.8353255510334,43.952522775006116],[144.8301852789275,43.94939277455694],[144.8142397279811,43.945425278653715],[144.80565333293498,43.942516667010636],[144.79599221836622,43.931908053713755],[144.78454444856754,43.92917389166183],[144.76848360633346,43.92626583759841],[144.74541444901763,43.92283027899424],[144.71941500639753,43.92002138687758],[144.69641199691614,43.91818733287914],[144.6758932170984,43.91780236009089],[144.6633726334403,43.91941225177408],[144.66164277579355,43.91675827867169],[144.63942308660626,43.917160639851716],[144.63252083037207,43.9168516669709],[144.6037833334342,43.91763027931398],[144.57066999982067,43.91974638678636],[144.53125250320056,43.923626386748424],[144.50045693923641,43.92733833309762],[144.48048639423178,43.93021583809053],[144.45042333257084,43.93552861275532],[144.4257791700727,43.940274999791484],[144.39838167287598,43.94613138675413],[144.36589472066487,43.95476444132595],[144.34468306087467,43.961693053991326],[144.32425527895805,43.96948361287849],[144.31432805409645,43.97404222506867],[144.30015661463608,43.98145972088946],[144.29716702983467,43.98424550492615],[144.2960957196418,43.98861446808331],[144.29773705612035,43.99276327900219],[144.29296572009196,43.99658744095768],[144.2897353571011,44.00175150462832],[144.28680844425435,44.004041279281694],[144.28717367062848,44.00697633279157],[144.2821444746878,44.011049080850455],[144.28749661537654,44.012444639808336],[144.28998905315234,44.0161178379679],[144.28889795067994,44.01802610761882],[144.27862705619373,44.022762198316855],[144.27127652389254,44.02474010786972],[144.26103488974843,44.032137585681085],[144.254851440042,44.039315198137956],[144.25658394259494,44.04726169407195],[144.26070596630734,44.04981533341095],[144.26139472108957,44.05710277467335],[144.2520813878458,44.06113472139032],[144.25292333314542,44.06604833286434],[144.25537861183352,44.06915999973427],[144.25254167256026,44.073009721321625],[144.25716500626015,44.08512138684256],[144.25430666671934,44.09373889213623],[144.2544391701316,44.09895194637528],[144.25007916961806,44.109361946196884],[144.24325693865683,44.11354777500986],[144.23899749673717,44.1111658378332],[144.23642610927755,44.10683110826909],[144.21776389079105,44.10210166715825],[144.20467583672053,44.10200138735422],[144.19208955938575,44.104498891910396],[144.18861603140476,44.1036769727142],[144.185089610697,44.10533258593017],[144.17851917012365,44.105343332828625],[144.15467916970795,44.10921333322881],[144.12846666690325,44.11436305361207],[144.115291115093,44.11752305364604],[144.10818655006926,44.120004559263066],[144.1075451355996,44.12373972071157],[144.1042479772624,44.12555117114971],[144.09348099874921,44.12709905367842],[144.08635002603296,44.12664083830407],[144.0821224767709,44.12426341392546],[144.06864341096468,44.12433694609325],[144.04474916973845,44.12739194578171],[144.02676749702243,44.13029610757934],[144.0164699996908,44.131396946112204],[144.00645277607487,44.13322638658855],[143.98317092100126,44.13662891938918],[143.95183944203666,44.14230174842697],[143.92552427982173,44.1482087753148],[143.91259596603106,44.15048533263206],[143.83917972806205,44.16741222469449],[143.81138639426672,44.174490278603514],[143.79648027164728,44.17764444113811],[143.789160660736,44.18015713524363],[143.7836547206889,44.17966944099197],[143.78296583730366,44.18434694625461],[143.77645138762148,44.18468694574602]]],[[[144.2949466666554,44.008262440659166],[144.2944133587896,44.007369054138564],[144.29198839175092,44.00603794599448],[144.29216077829733,44.00594977466244],[144.2946402721309,44.00729155865855],[144.2949466666554,44.008262440659166]]],[[[144.29602341055204,44.01118294583631],[144.29655511043006,44.012678225219986],[144.29628433175662,44.01281344098754],[144.295042918396,44.0094039726153],[144.29528844410652,44.009033306242145],[144.29602341055204,44.01118294583631]]],[[[144.29266255503296,44.019448414213],[144.2926941886859,44.01836083798236],[144.2975244231137,44.01562350492088],[144.2976309729911,44.01583569366238],[144.29294771656396,44.01847461301304],[144.29266255503296,44.019448414213]]],[[[144.2912087164092,44.025640134984314],[144.29115058423213,44.025298945689826],[144.2922444494219,44.02453446799137],[144.29239152994523,44.02475599978959],[144.2912087164092,44.025640134984314]]],[[[144.2573902720435,44.08688805374072],[144.25744749680462,44.08699750483106],[144.25731722371097,44.087078333198576],[144.25721306063429,44.08692972112976],[144.2573902720435,44.08688805374072]]],[[[144.2575333325973,44.090247224829625],[144.2575333325973,44.09037999983718],[144.25740834032274,44.09040361333615],[144.25737194565886,44.09028638670742],[144.2575333325973,44.090247224829625]]],[[[144.25789000012344,44.0903905587773],[144.25788221828975,44.09053889205626],[144.2577183402293,44.090515559145786],[144.25778333333426,44.09039833341643],[144.25789000012344,44.0903905587773]]],[[[144.25697333285314,44.090455559076815],[144.25700972841628,44.0906066667643],[144.2567388849916,44.09072361280454],[144.25659306082116,44.090588054395255],[144.25697333285314,44.090455559076815]]],[[[144.18622055763274,44.10833333311689],[144.18567403422935,44.10706230598066],[144.18575869011147,44.107038440671545],[144.18622055763274,44.10833333311689]]],[[[144.19166666668343,44.114357531774715],[144.1895616730328,44.11305517135912],[144.18960033668623,44.112999468250905],[144.19166666668343,44.114357531774715]]],[[[143.38108190680464,44.33681703557778],[143.38086304779154,44.336939712098115],[143.38069466862407,44.33678495496173],[143.3809135276373,44.33666227934077],[143.38108190680464,44.33681703557778]]],[[[143.38179814486853,44.340999269800534],[143.38162662796663,44.34101411670815],[143.38110715976768,44.337882766376595],[143.38127780792456,44.33786856788015],[143.38179814486853,44.340999269800534]]],[[[143.39482736708942,44.34275945888197],[143.3945959922113,44.342579350756466],[143.39455324293783,44.34005989195049],[143.3947762649127,44.34005630635352],[143.39482736708942,44.34275945888197]]],[[[143.385705331336,44.34325986505081],[143.36894565471823,44.34469162172104],[143.36892525269832,44.3445747296401],[143.385705331336,44.34325986505081]]],[[[143.36880632904888,44.34409852332823],[143.3668788067116,44.34654357672474],[143.36611255465073,44.34968026093537],[143.36597163358408,44.349664180157845],[143.3667247600397,44.3464891893247],[143.36880632904888,44.34409852332823]]],[[[143.36580108884925,44.3504924233867],[143.36567389143704,44.351265072325305],[143.36557802910283,44.351257098936],[143.3657030087869,44.35047961344344],[143.36580108884925,44.3504924233867]]],[[[143.36877034987185,44.35083787366898],[143.3672757980397,44.35102090099383],[143.36585133577057,44.35160030630914],[143.3657722439939,44.3515037928658],[143.3671951360468,44.350921423385046],[143.36877034987185,44.35083787366898]]],[[[144.9589713876195,44.05454138677561],[144.95902888487524,44.05436972058618],[144.9591719463283,44.054465838327815],[144.9589713876195,44.05454138677561]]],[[[144.9589361090143,44.054958891639615],[144.95887082992488,44.05479222478141],[144.95904277580348,44.05466472070037],[144.9592588846898,44.054703891571364],[144.95907389144702,44.05495389230833],[144.9589361090143,44.054958891639615]]],[[[144.9853884700019,44.06979822520799],[144.9853132561019,44.06983361263116],[144.9848959400956,44.06907430603445],[144.98496464290406,44.069035359993904],[144.9853884700019,44.06979822520799]]],[[[144.98333333296705,44.072009378430096],[144.98376141385825,44.07249666708759],[144.98158817065757,44.07142379297375],[144.98333333296705,44.072009378430096]]],[[[144.99784194624885,44.07386722489258],[144.99778333293455,44.07397417137099],[144.99766027240366,44.07401583786066],[144.99756444874038,44.07395166673609],[144.99767722372496,44.07387638718558],[144.99784194624885,44.07386722489258]]],[[[144.99708500576844,44.07430583774425],[144.99716972820045,44.07448638743688],[144.9968852789325,44.07446944061223],[144.99708500576844,44.07430583774425]]],[[[144.9975894417994,44.07435666742629],[144.99773722379393,44.074444720947156],[144.99762555137818,44.07455750492494],[144.99745639429727,44.074472775298375],[144.9975894417994,44.07435666742629]]],[[[144.99928083004636,44.07593083803778],[144.99883167264363,44.07586305433654],[144.9991352792698,44.07567805389914],[144.99928083004636,44.07593083803778]]],[[[145.00171722387086,44.07770361313129],[144.99955693900165,44.077170837664085],[144.9999044487314,44.07635166679603],[145.00171722387086,44.07770361313129]]],[[[145.00162583656322,44.07830027913462],[145.0017125033295,44.078353332840095],[145.00152082992247,44.07846750537112],[145.0014622184067,44.07831722505995],[145.00162583656322,44.07830027913462]]],[[[145.00300917013715,44.07843138679914],[145.00309833971664,44.078613054349034],[145.00288389097886,44.07861527927179],[145.00300917013715,44.07843138679914]]],[[[145.00198555099246,44.07846166697243],[145.00194055791053,44.07867277472883],[145.00176000012402,44.07862555942211],[145.00198555099246,44.07846166697243]]],[[[145.00279027155386,44.07867610761633],[145.00289277628065,44.078828333161084],[145.00265583729708,44.078800278809865],[145.00279027155386,44.07867610761633]]],[[[145.00369472063494,44.07918166690047],[145.00324944200815,44.07914889200782],[145.00317944237747,44.0788827754198],[145.00357444890176,44.0789244410102],[145.00369472063494,44.07918166690047]]],[[[145.00551277569411,44.079602504651916],[145.0052411147857,44.0797638915904],[145.00485833994048,44.07966805443721],[145.00527693927938,44.0795291712343],[145.00551277569411,44.079602504651916]]],[[[145.0057013878088,44.079813613307635],[145.0057363939195,44.0799469458949],[145.00557277576308,44.07996389182023],[145.00547333322777,44.079850838045786],[145.0057013878088,44.079813613307635]]],[[[145.00506805374778,44.08171166666017],[145.00486944207114,44.08164861339287],[145.00503194596763,44.08150083769357],[145.00521250285476,44.08161027889133],[145.00506805374778,44.08171166666017]]],[[[145.00588306075474,44.082563332731695],[145.00606138822252,44.08232417062402],[145.00631749715478,44.08238055901563],[145.00612778157188,44.08258722502046],[145.00588306075474,44.082563332731695]]],[[[145.007534720551,44.08263583787368],[145.00713693871876,44.08261417140693],[145.00720805440824,44.08234694595484],[145.007534720551,44.08263583787368]]],[[[145.00706778175277,44.08266138671365],[145.00713888485177,44.08279027934799],[145.00699778212197,44.08286694565305],[145.00694722403523,44.08270333289255],[145.00706778175277,44.08266138671365]]],[[[145.00689972813996,44.08311527904692],[145.00704639407593,44.083210000141435],[145.00690666730895,44.083298053662304],[145.00675083008684,44.08320555928918],[145.00689972813996,44.08311527904692]]],[[[145.07044805423436,44.12719666699263],[145.07060693925894,44.12725389175375],[145.0705680543723,44.12742833325103],[145.07039333318585,44.12737361310184],[145.07044805423436,44.12719666699263]]],[[[145.08365277555527,44.13679055903714],[145.08392888540982,44.13699361336461],[145.0837844488933,44.137151108037244],[145.08346416344045,44.13711999958838],[145.08365277555527,44.13679055903714]]],[[[145.13546083005338,44.170799441141355],[145.13557833996845,44.170948332899286],[145.1354472242101,44.171065838317816],[145.1352486116342,44.17093944130221],[145.13546083005338,44.170799441141355]]],[[[145.1831319455829,44.19248110821661],[145.18324527904645,44.19254889191791],[145.18317360577737,44.192681666925466],[145.18303693940334,44.1926177745907],[145.1831319455829,44.19248110821661]]],[[[145.18587888520244,44.19328472081327],[145.18560167277906,44.19329389209952],[145.185705836755,44.19317138734971],[145.18587888520244,44.19328472081327]]],[[[145.18626834021177,44.19346833269742],[145.18617333313284,44.19366083797735],[145.18600416256209,44.193593333065905],[145.18626834021177,44.19346833269742]]],[[[145.18744000035576,44.19436666728791],[145.18745666659197,44.19447722544368],[145.1873266668922,44.194494171368945],[145.187291388287,44.19436666728791],[145.18744000035576,44.19436666728791]]],[[[145.20965972821398,44.217835837653865],[145.2097027760624,44.21796889235054],[145.20954917005827,44.21798972064914],[145.2094552790379,44.21791138700098],[145.20965972821398,44.217835837653865]]],[[[145.22235693872176,44.24014000016092],[145.22213972816598,44.24033527895],[145.2219741629773,44.24026110826361],[145.22217861215324,44.2401138919426],[145.22235693872176,44.24014000016092]]],[[[145.2236458371857,44.24227417141594],[145.22316138768792,44.24184583781522],[145.2238319455879,44.24160999960185],[145.22423693908354,44.2418002790597],[145.2236458371857,44.24227417141594]]],[[[145.22536167260319,44.24807833294875],[145.22537167306427,44.24831277541432],[145.22514027210593,44.248325838067046],[145.2251455511264,44.24816972115576],[145.22536167260319,44.24807833294875]]],[[[145.232933606301,44.255528332966264],[145.23217834035813,44.25551777492541],[145.23203027237923,44.25463500040502],[145.23329000043327,44.2549866668013],[145.232933606301,44.255528332966264]]],[[[145.23930527871573,44.25976499955516],[145.2390344487809,44.259624440915275],[145.23930527871573,44.25954110793583],[145.23930527871573,44.25976499955516]]],[[[145.2671813879108,44.2836509103613],[145.26732814467823,44.28397329663039],[145.26705857289494,44.28399316175506],[145.2671813879108,44.2836509103613]]],[[[145.26765529195825,44.28544434198284],[145.26654383872722,44.285057360109136],[145.2675433461486,44.28469605387983],[145.26765529195825,44.28544434198284]]],[[[145.28020027242474,44.292720279117646],[145.27973306113188,44.29266833337692],[145.28011444922254,44.291967774992884],[145.2803586115607,44.29221361276808],[145.28020027242474,44.292720279117646]]],[[[145.27954167281007,44.29299889178549],[145.2794725032535,44.29323194569781],[145.2792058371797,44.29304583819493],[145.27954167281007,44.29299889178549]]],[[[145.2905536059642,44.30930805392359],[145.2907133327542,44.3094025052215],[145.2906169389206,44.309530279099135],[145.29043444939043,44.30945722537069],[145.2905536059642,44.30930805392359]]],[[[145.29184221844366,44.310010838129756],[145.2917186120244,44.31003027877438],[145.29166888491113,44.30992361288446],[145.29180583726964,44.309875278821096],[145.29184221844366,44.310010838129756]]],[[[145.30820055820925,44.323102225087666],[145.3082372235691,44.323261108313545],[145.30804583704582,44.323245279346224],[145.30820055820925,44.323102225087666]]],[[[145.31322472064437,44.330296666557956],[145.31323527868528,44.33044250511756],[145.31308944192426,44.33044250511756],[145.31309194563687,44.33034889198785],[145.31322472064437,44.330296666557956]]],[[[145.3141933327562,44.33065722455132],[145.31406583676903,44.33079277486672],[145.31396805438226,44.33076138672868],[145.31399944162104,44.330623332700725],[145.3141933327562,44.33065722455132]]],[[[145.31363639430424,44.33172250478981],[145.3135411147307,44.33155333331973],[145.3138536057594,44.33145555902689],[145.31379500593482,44.3316730537685],[145.31363639430424,44.33172250478981]]],[[[145.31321306093412,44.331933613445585],[145.31322333299045,44.33172527919834],[145.31335221843017,44.33171472115748],[145.31343306118686,44.3318944407759],[145.31321306093412,44.331933613445585]]],[[[145.31381833974467,44.331770837953854],[145.313934163431,44.33191389221241],[145.31365944212962,44.331933613445585],[145.31381833974467,44.331770837953854]]],[[[145.31915472071387,44.337447224709706],[145.3191677815679,44.33753055858847],[145.31896722375848,44.33769472083475],[145.318943890848,44.33750194575822],[145.31915472071387,44.337447224709706]]],[[[145.3190322177627,44.33810194644775],[145.31901138766546,44.3378819461949],[145.31924055830518,44.33787555920975],[145.3192497277928,44.33803694614818],[145.3190322177627,44.33810194644775]]],[[[145.3166605580384,44.33786055941732],[145.31781944241345,44.33821722514489],[145.31824916996334,44.3385633328316],[145.3165433332083,44.33801944084456],[145.3166605580384,44.33786055941732]]],[[[145.3195594417149,44.338980837695544],[145.31969221762176,44.33903944111739],[145.31964416324763,44.33915277458095],[145.31944861196394,44.3391188917235],[145.3195594417149,44.338980837695544]]],[[[145.32621360557346,44.342446946269604],[145.32608833990503,44.342720279017726],[145.32587527882117,44.34257472104662],[145.32621360557346,44.342446946269604]]],[[[145.3368427755737,44.342762225196566],[145.33701472055293,44.34284305356414],[145.33687917023758,44.34291055937484],[145.3368427755737,44.342762225196566]]],[[[145.32322914420968,44.343561747676574],[145.32338011699892,44.34374427857563],[145.3231046951256,44.34377205413705],[145.32298241160902,44.3435614679874],[145.32322914420968,44.343561747676574]]],[[[145.33300194558342,44.344587505409095],[145.333199728085,44.34467083838854],[145.33308000044178,44.344772225258055],[145.33288999977378,44.34466833287729],[145.33300194558342,44.344587505409095]]],[[[145.32743693896361,44.344451559391985],[145.32728944205417,44.34493436043243],[145.3269790527412,44.344846504762415],[145.3271006608669,44.344555171184254],[145.32743693896361,44.344451559391985]]],[[[145.33292639443766,44.344777505177774],[145.3329627756117,44.34490500026561],[145.33272861193598,44.34498583762638],[145.33270500563162,44.344777505177774],[145.33292639443766,44.344777505177774]]],[[[145.33157221778367,44.34504805362485],[145.3317780537143,44.345225279423175],[145.33163999968633,44.345441387410176],[145.3314344488408,44.34526444130097],[145.33157221778367,44.34504805362485]]],[[[145.3312261091977,44.3454025052215],[145.33104111505543,44.34537361270213],[145.33105944233944,44.34522777504185],[145.3313147211975,44.3452669459129],[145.3312261091977,44.3454025052215]]],[[[145.33066369567314,44.34644100005215],[145.330869688985,44.346610468298536],[145.330650506216,44.346796027214964],[145.33044600487926,44.346523838404494],[145.33066369567314,44.34644100005215]]],[[[145.3357343323736,44.34677044060339],[145.33575005162368,44.34694783817224],[145.33560202321485,44.34689530607358],[145.3357343323736,44.34677044060339]]],[[[143.230823605625,44.43367155939501],[143.23092622636432,44.433759387186],[143.23084822276735,44.433891333018664],[143.23067927432908,44.433759081416554],[143.230823605625,44.43367155939501]]],[[[143.23007102505778,44.43387794571066],[143.22988780797607,44.433778252264574],[143.2303171982801,44.43359397308342],[143.230375745944,44.433748080909254],[143.23007102505778,44.43387794571066]]],[[[143.22972785995285,44.43388680223421],[143.22979997388973,44.434053505065265],[143.22967089509575,44.43409166689696],[143.22964836617928,44.43392327873636],[143.22972785995285,44.43388680223421]]],[[[143.22948778233535,44.434520387206135],[143.22955992235256,44.43480961277345],[143.22945725035186,44.43479610765428],[143.22939674396457,44.434641694058996],[143.22948778233535,44.434520387206135]]],[[[143.22882875464336,44.43634413497392],[143.2286030607827,44.43634127872707],[143.22853693902857,44.43617561281434],[143.22878639387704,44.436220224583735],[143.22882875464336,44.43634413497392]]],[[[143.2290148378645,44.43680177478211],[143.22886549914358,44.4369218018997],[143.2288067437363,44.43678238719747],[143.2290148378645,44.43680177478211]]],[[[143.22785566840446,44.43793594578733],[143.22755900094717,44.43784455937896],[143.22766994761002,44.43773005409878],[143.22785566840446,44.43793594578733]]],[[[143.2280115559886,44.43881694594535],[143.2276864195926,44.4385618379585],[143.22804808015485,44.43850825185439],[143.2280115559886,44.43881694594535]]],[[[143.22471917035352,44.440322170931495],[143.22478863758568,44.44052433313152],[143.22464163440395,44.44051780225482],[143.22471917035352,44.440322170931495]]],[[[143.63306199671388,44.23506808102718],[143.6316625293024,44.23547150520585],[143.63163985739357,44.235406558865634],[143.63306199671388,44.23506808102718]]],[[[142.96632538271035,44.583362721112735],[142.96637299641668,44.583495306363375],[142.9661898827569,44.583722198120995],[142.96598241185893,44.58375777530114],[142.96622936389406,44.583356198329966],[142.96632538271035,44.583362721112735]]],[[[142.96739204880407,44.586417333193424],[142.96732505830482,44.58644499993687],[142.96682963707815,44.58586389220494],[142.96689664106725,44.58583622456217],[142.96739204880407,44.586417333193424]]],[[[142.95942138808664,44.59640166680356],[142.95936639364425,44.59661000015143],[142.95919306101098,44.59654250513256],[142.95942138808664,44.59640166680356]]],[[[142.95190530498587,44.60494677487384],[142.9515432559166,44.60491294597574],[142.95021452737865,44.603359332966875],[142.9503521137591,44.603304081318356],[142.95119905299396,44.60430061288304],[142.95190530498587,44.60494677487384]]],[[[142.9504880795613,44.605890053982876],[142.94860494236423,44.606017999631035],[142.94859941603033,44.60595280237999],[142.9504880795613,44.605890053982876]]],[[[142.87791105115411,44.66241322519022],[142.87797319071024,44.66253566698748],[142.87776683497157,44.6625977750673],[142.87774197141493,44.66243274767322],[142.87791105115411,44.66241322519022]]],[[[142.84953888491168,44.683168891830974],[142.84971834012936,44.68334222536345],[142.84942722418714,44.683598613085564],[142.8492636060306,44.68328722462576],[142.84953888491168,44.683168891830974]]],[[[144.44938972825344,42.94116583783318],[144.44951221771476,42.94137417118111],[144.4491983399315,42.94140222463301],[144.44938972825344,42.94116583783318]]],[[[144.44919082969307,42.94160472138083],[144.44914472055245,42.94181861343833],[144.44892277596546,42.94175666723646],[144.4490069390191,42.94161027919108],[144.44919082969307,42.94160472138083]]],[[[144.45120389104682,42.94172861288524],[144.451173332983,42.94191972061867],[144.4510125027249,42.94189166716677],[144.45104306078872,42.94173972131114],[144.45120389104682,42.94172861288524]]],[[[144.45035416301425,42.94198722463079],[144.4504766668648,42.94209417110915],[144.45033888533135,42.94221222511413],[144.45019360615004,42.94206610776473],[144.45035416301425,42.94198722463079]]],[[[144.44793997435045,42.9425249193896],[144.44755481180516,42.942515505286394],[144.4477322444476,42.94236366734941],[144.44793997435045,42.9425249193896]]],[[[144.44671861227425,42.94239194563181],[144.44671861227425,42.942583333054415],[144.446519728103,42.9425047206164],[144.44671861227425,42.94239194563181]]],[[[144.4478897283284,42.942617224905064],[144.44795083006682,42.94270722455883],[144.4478055508855,42.94283083817271],[144.44772888458044,42.94267333270818],[144.4478897283284,42.942617224905064]]],[[[144.4472774968591,42.94303333312189],[144.44748416286393,42.94314027870098],[144.44735389066955,42.94324166736908],[144.4472161091362,42.94320222490279],[144.4472774968591,42.94303333312189]]],[[[144.45282639392303,42.94318555866664],[144.45301778224496,42.94330361267163],[144.45291833970964,42.94339944083157],[144.45268861238958,42.94335444055503],[144.45282639392303,42.94318555866664]]],[[[144.45032267235354,42.94331253214767],[144.45030469490575,42.94344110822061],[144.4501950315755,42.943511721189054],[144.4501364722205,42.94329430558781],[144.45032267235354,42.94331253214767]]],[[[144.461862217967,42.94463083844249],[144.46138333257477,42.94429389214946],[144.4618347211955,42.944175838144474],[144.461862217967,42.94463083844249]]],[[[144.42420530523077,42.95218046805422],[144.42428622622845,42.95223930619909],[144.42419810615775,42.952327053950455],[144.42406330677625,42.95224027926554],[144.42420530523077,42.95218046805422]]],[[[144.3573084443293,42.975681135376135],[144.3554187807522,42.97631513493559],[144.35522744459092,42.97627274808889],[144.35725447511402,42.97559441375125],[144.3573084443293,42.975681135376135]]],[[[144.35451197095074,42.97550602658191],[144.35308688725013,42.976982639637185],[144.3529425676454,42.97690921628737],[144.35436055839307,42.97543189186837],[144.35451197095074,42.97550602658191]]],[[[144.34964110155568,42.97813286533949],[144.35293486405283,42.97691696394679],[144.35301634173084,42.97703734179993],[144.34964110155568,42.97813286533949]]],[[[144.29574311255465,42.980280531821165],[144.29352496800288,42.98029064020096],[144.2935245776972,42.98022302737087],[144.2957427240475,42.98021291899107],[144.29574311255465,42.980280531821165]]],[[[144.30801352820185,42.980270414448114],[144.29676085642848,42.98031419794194],[144.2967605317732,42.98024658601116],[144.3080131909561,42.98020280161808],[144.30801352820185,42.980270414448114]]],[[[144.3596716989898,42.985811305747234],[144.35894778161492,42.9874976937636],[144.3588311152638,42.9874700000405],[144.3596716989898,42.985811305747234]]],[[[144.35885581064724,42.987502999763706],[144.35788403382116,42.988003747674895],[144.357796641302,42.98788741407293],[144.35885581064724,42.987502999763706]]],[[[144.35939664134196,42.988154531606426],[144.36006625225582,42.98928910820581],[144.3599798570848,42.989318251636064],[144.35939664134196,42.988154531606426]]],[[[144.34166666728288,42.98914130642618],[144.3417681971447,42.98927661302531],[144.34047338473897,42.989804279444],[144.3403692999034,42.98965417090329],[144.34166666728288,42.98914130642618]]],[[[144.31514060955158,42.98964461290859],[144.3115977564314,42.98856069422072],[144.31166630365703,42.98845155879246],[144.31514060955158,42.98964461290859]]],[[[144.32647289201043,42.9905030805528],[144.3403675875942,42.98965491913924],[144.34038007827803,42.98982172089575],[144.32647289201043,42.9905030805528]]],[[[144.31365024586228,42.99352089237533],[144.31364917027304,42.99424035990472],[144.31343883323564,42.99424010809457],[144.31343994839494,42.993520720604806],[144.31365024586228,42.99352089237533]]],[[[144.3100725548046,43.004094774754094],[144.30986258109328,43.00447946785323],[144.30978822334794,43.00445764040785],[144.3099985855663,43.0040730273484],[144.3100725548046,43.004094774754094]]],[[[144.7157551101103,42.93264772111547],[144.71520878096055,42.93301089163941],[144.7151634497335,42.93295461296509],[144.7157551101103,42.93264772111547]]],[[[144.78155610932708,42.93394917141717],[144.78120888468231,42.933961108118694],[144.78126472089025,42.93377333327277],[144.78154416273298,42.93380138672467],[144.78155610932708,42.93394917141717]]],[[[144.77141111543074,42.944922504769806],[144.77154693913997,42.94497833288381],[144.7715588848347,42.945114170982265],[144.77131527917686,42.945074170936266],[144.77141111543074,42.944922504769806]]],[[[144.63978500617316,42.94530305379294],[144.63982333258082,42.945454171372944],[144.6395908299529,42.945454171372944],[144.63963167266365,42.94528944075512],[144.63978500617316,42.94530305379294]]],[[[144.52955980464128,42.94884880183082],[144.52773083001387,42.948150197673556],[144.52776277573162,42.94808797268183],[144.52955980464128,42.94884880183082]]],[[[144.8677541633241,42.94678110756212],[144.86794194626384,42.94696083797237],[144.86775805379125,42.94714055938937],[144.86763833963778,42.94695694570652],[144.8677541633241,42.94678110756212]]],[[[144.86816333327124,42.94719250513003],[144.8684030610525,42.94730417125055],[144.86829111524287,42.94748389176823],[144.86807555134567,42.94737610802105],[144.86816333327124,42.94719250513003]]],[[[144.8715119463193,42.94868638696721],[144.87118360563898,42.948614171406916],[144.87135055758222,42.94832638655356],[144.87166333279663,42.94841110808625],[144.8715119463193,42.94868638696721]]],[[[144.8792863938521,42.958709440888015],[144.8790719460136,42.95886833310715],[144.87882472058448,42.958843332853576],[144.87900999981173,42.958647224889546],[144.8792863938521,42.958709440888015]]],[[[144.874475279011,42.961135559058846],[144.86953416267158,42.957133891615854],[144.86535999986415,42.952229440636245],[144.86510027205998,42.94667027871043],[144.87313360563144,42.94962861297017],[144.88008194582517,42.957888332880316],[144.874475279011,42.961135559058846]]],[[[144.8784742278034,42.973530198060246],[144.87770977978255,42.973983252225366],[144.87766800267627,42.973925081377445],[144.87843243810664,42.973472027212324],[144.8784742278034,42.973530198060246]]],[[[144.8774136959853,42.97411989161975],[144.87685258108183,42.97472655898355],[144.8767924119403,42.97468066657956],[144.8774136959853,42.97411989161975]]],[[[144.87676302209582,42.97491253158813],[144.87651496839112,42.975566693947826],[144.87643836593793,42.975542747699706],[144.87668641964262,42.97488858623933],[144.87676302209582,42.97491253158813]]],[[[144.88013111535872,42.975574721296425],[144.87818778204053,42.97463305377249],[144.8797174973647,42.97331750479907],[144.88013111535872,42.975574721296425]]],[[[144.96156917018118,42.97984110778094],[144.9613819457203,42.97981610842669],[144.96143138774846,42.97965583844626],[144.96162333275072,42.97973722529275],[144.96156917018118,42.97984110778094]]],[[[144.96243583694434,42.979752774570954],[144.96275861172057,42.97994472137185],[144.9626005576697,42.979992225360945],[144.96235472079377,42.97993333325678],[144.96243583694434,42.979752774570954]]],[[[144.95858138762105,42.98136417081986],[144.95841194635432,42.98119250463043],[144.95877082980996,42.98117444084784],[144.9587752787562,42.981357505044855],[144.95858138762105,42.98136417081986]]],[[[144.95012416309976,42.98207250474235],[144.95013277590692,42.982227225006454],[144.94974944168348,42.982314170562574],[144.94966805393756,42.98209277456198],[144.95012416309976,42.98207250474235]]],[[[144.95759722443245,42.982912504808326],[144.95706000001906,42.982724999759],[144.9572586116957,42.982497224867075],[144.95772360615956,42.982600837558664],[144.95759722443245,42.982912504808326]]],[[[144.8936008300144,42.98462527893355],[144.89354666744487,42.984805837619376],[144.8932780543388,42.98474472059246],[144.8934044486565,42.9846161076473],[144.8936008300144,42.98462527893355]]],[[[144.89459360601018,42.98493889231611],[144.8946569389666,42.98509222492629],[144.8944694420112,42.98511944110936],[144.89435444929848,42.98500638733498],[144.89459360601018,42.98493889231611]]],[[[144.88600111535925,42.98520222460303],[144.88595138824599,42.985302505306436],[144.88576306121638,42.98524499995682],[144.88582861190093,42.98516499986488],[144.88600111535925,42.98520222460303]]],[[[144.9141019462479,42.985320837986364],[144.9140219461559,42.985496945927366],[144.9137047210961,42.98538722504048],[144.91390555140015,42.98524166706932],[144.9141019462479,42.985320837986364]]],[[[144.8944694420112,42.98539917073521],[144.89439277570614,42.985573053753455],[144.8941650062102,42.98545333330475],[144.8944694420112,42.98539917073521]]],[[[144.89357805378427,42.98538333277463],[144.89357333324278,42.98556389235978],[144.89324167316477,42.98563610792007],[144.89313778168332,42.98546472141982],[144.89357805378427,42.98538333277463]]],[[[144.91367055765022,42.98572666695219],[144.91345306110998,42.98581527895203],[144.9130325030476,42.98554805439926],[144.9135433332583,42.98547222536297],[144.91367055765022,42.98572666695219]]],[[[144.89489583667364,42.985726387263014],[144.894848339879,42.985870838168694],[144.89463666734844,42.985776108080984],[144.8947763941154,42.98567694613422],[144.89489583667364,42.985726387263014]]],[[[144.90569583739307,42.98607694569455],[144.90578055802644,42.98624610817143],[144.90561250261499,42.98623722466823],[144.90552111530724,42.98612666741184],[144.90569583739307,42.98607694569455]]],[[[144.906090557933,42.9866827748902],[144.90598917016416,42.98650222519757],[144.90622722430703,42.98644805363483],[144.9062847206634,42.98662861321998],[144.906090557933,42.9866827748902]]],[[[144.9847927761657,42.986696666717876],[144.9850150058379,42.986904440687454],[144.98484805389467,42.98695194557587],[144.9847069385744,42.98685138698198],[144.9847927761657,42.986696666717876]]],[[[144.98816082985843,42.98835999971425],[144.98816666735786,42.98847305438801],[144.98802111478267,42.98851917072318],[144.9880344490307,42.98835999971425],[144.98816082985843,42.98835999971425]]],[[[144.9877533326503,42.988571108370024],[144.98791138760055,42.988631945707766],[144.98787861180858,42.988741666594706],[144.98765277585494,42.98864555874559],[144.9877533326503,42.988571108370024]]],[[[144.98794749717933,42.988849721037866],[144.98792167314673,42.988929999919606],[144.98774221792905,42.98895027873243],[144.98771972768338,42.98884750510831],[144.98794749717933,42.988849721037866]]],[[[144.98911778225988,42.98918583815595],[144.98917639377567,42.98943638658005],[144.989010557891,42.989454441369446],[144.98897778209903,42.98921417129702],[144.98911778225988,42.98918583815595]]],[[[144.85718999991866,42.99807722478414],[144.85723389133113,42.99826083756767],[144.85698639430677,42.99823694617817],[144.85703834004744,42.99807722478414],[144.85718999991866,42.99807722478414]]],[[[144.85216333287156,42.99824277468434],[144.8522669392679,42.998402505071624],[144.85210722416912,42.99849833323157],[144.85198749742517,42.9983805589157],[144.85216333287156,42.99824277468434]]],[[[144.83034494186563,43.03533550492966],[144.8301792219936,43.04073474761054],[144.83010416277693,43.04079391940388],[144.83027033680662,43.03542544073156],[144.83034494186563,43.03533550492966]]],[[[145.00303549868943,42.991666666583455],[145.00314306120333,42.99170722510843],[145.00308306113448,42.99184138687053],[145.0029413882345,42.99175917084909],[145.00303549868943,42.991666666583455]]],[[[145.0112177815754,42.993714440868814],[145.0111641630957,42.99390527880564],[145.01095416330406,42.993823891959096],[145.0112177815754,42.993714440868814]]],[[[145.0118186123392,42.99408389225789],[145.0117999999701,42.994203054227626],[145.01163027181963,42.99414110802576],[145.0117030611474,42.994060838137216],[145.0118186123392,42.99408389225789]]],[[[145.01273917007666,42.99472305392584],[145.0126444489822,42.9946111081162],[145.0129397278862,42.994560279333484],[145.01295555055833,42.994718053695294],[145.01273917007666,42.99472305392584]]],[[[145.01332277612528,42.994828612750325],[145.01336027155935,42.995016107907134],[145.01315722442644,42.99490666670937],[145.01332277612528,42.994828612750325]]],[[[145.01337111468524,42.99511805415494],[145.01334333282864,42.9952941710892],[145.01320333266779,42.995280837740495],[145.0132338907315,42.995156946236136],[145.01337111468524,42.99511805415494]]],[[[145.02044693917492,42.99695417119807],[145.0208050060462,42.997062775127006],[145.02079555057423,42.9973941708044],[145.0200969392224,42.997291107598585],[145.02044693917492,42.99695417119807]]],[[[145.02397444896167,42.99896777484298],[145.0239841634385,42.99914444126301],[145.02380833968323,42.999072775188495],[145.02397444896167,42.99896777484298]]],[[[145.02524167286492,43.000314441258524],[145.02527805403906,43.00043583804353],[145.02519888492066,43.00048083832007],[145.02509333329078,43.000367774653114],[145.02524167286492,43.000314441258524]]],[[[145.02491999975825,43.0011391708361],[145.02503583693442,43.00130194632783],[145.02474306084366,43.00130333308243],[145.02473221771777,43.00117250510709],[145.02491999975825,43.0011391708361]]],[[[145.026814448628,43.00417027913511],[145.0267166671406,43.004010278951284],[145.02694333316833,43.003982774985104],[145.02700194558338,43.00415861312956],[145.026814448628,43.00417027913511]]],[[[145.02880749736812,43.0061350001302],[145.0289363935998,43.00629500031408],[145.02870221823287,43.00629110804823],[145.02880749736812,43.0061350001302]]],[[[145.03062861192097,43.00968027872193],[145.0306950061697,43.00975055894122],[145.03053472090073,43.00980777470909],[145.03049221804145,43.00971027920605],[145.03062861192097,43.00968027872193]]],[[[145.03002722357758,43.00969055887225],[145.03017167268456,43.00980777470909],[145.03003888508658,43.009866387124134],[145.03002722357758,43.00969055887225]]],[[[145.02555333292003,43.01654110768601],[145.02547527896104,43.016263891665346],[145.02577221801357,43.01631861271386],[145.02555333292003,43.01654110768601]]],[[[145.02520583668013,43.01674694631458],[145.02520972804655,43.01684861287322],[145.02505333324484,43.0168483331841],[145.02508083001635,43.01674694631458],[145.02520583668013,43.01674694631458]]],[[[145.02513527857036,43.017020279062706],[145.02543221762278,43.017215558751104],[145.02528778200565,43.01744333274365],[145.024936109314,43.01735083837053],[145.02513527857036,43.017020279062706]]],[[[145.02625749668618,43.018113892442216],[145.02636306090665,43.01832110793282],[145.0261247207793,43.018460558607956],[145.02600360638144,43.01833944061275],[145.02625749668618,43.018113892442216]]],[[[145.02453778159338,43.0191272251414],[145.02458472080832,43.01927917099698],[145.0244519458007,43.01926361272558],[145.02442055766267,43.01918166740006],[145.02453778159338,43.0191272251414]]],[[[145.0256688850111,43.01921417069747],[145.02571194634936,43.01928833328998],[145.02555555064816,43.019346945705024],[145.02553610910422,43.01924138688054],[145.0256688850111,43.01921417069747]]],[[[145.02602936386415,43.02032530556846],[145.02525330739434,43.01971210822728],[145.0253126329717,43.019663667144584],[145.02602936386415,43.02032530556846]]],[[[145.03174778223445,43.02207194636327],[145.03185333296506,43.02223610771023],[145.0316383401373,43.02223610771023],[145.03174778223445,43.02207194636327]]],[[[145.0312399998262,43.022275278581276],[145.0311969393873,43.022411945854685],[145.03109138775744,43.022384440989185],[145.0311266672619,43.0222713872148],[145.0312399998262,43.022275278581276]]],[[[145.03070083017928,43.02247444064295],[145.0308102722763,43.02257972067764],[145.03062666668734,43.022607224643764],[145.03070083017928,43.02247444064295]]],[[[145.05962722431707,43.028812505392864],[145.0594513879712,43.02903917142066],[145.05933027177468,43.028886667086056],[145.05962722431707,43.028812505392864]]],[[[145.06193055804886,43.02905333304494],[145.0612897281385,43.02888805384066],[145.06148111466177,43.02868500041251],[145.0620866668662,43.02881389214747],[145.06193055804886,43.02905333304494]]],[[[145.06765639402738,43.02993722542266],[145.06772277568564,43.03000750474263],[145.06759389114518,43.03013638658501],[145.06749610875852,43.030070000430214],[145.06765639402738,43.02993722542266]]],[[[145.06023111457432,43.0304177745607],[145.05987555141564,43.030413892187426],[145.05985610897233,43.03026555890847],[145.0603561086475,43.03017944072866],[145.06023111457432,43.0304177745607]]],[[[145.05188833957527,43.03098917141318],[145.0519000001849,43.031118054154945],[145.05177111474518,43.031118054154945],[145.0517008300294,43.031028333290976],[145.05188833957527,43.03098917141318]]],[[[145.08177194601853,43.043026667147046],[145.08184221814395,43.04308917092857],[145.08157666722946,43.043159441255284],[145.08155722388688,43.0430344408868],[145.08177194601853,43.043026667147046]]],[[[145.08377972835183,43.04425833275593],[145.0837836062285,43.04447694625412],[145.08361167294038,43.0444613870834],[145.08377972835183,43.04425833275593]]],[[[145.08612834025075,43.04457861281276],[145.08622610914767,43.04471944124924],[145.0860697278357,43.04475055869136],[145.08599167297734,43.04468027937145],[145.08612834025075,43.04457861281276]]],[[[145.09788917034905,43.044974999796466],[145.097533606291,43.04495527856329],[145.09746333326632,43.0446586129047],[145.0976938906606,43.04459610822386],[145.09788917034905,43.044974999796466]]],[[[145.09829917037052,43.04479638724354],[145.0984944491596,43.04491750523874],[145.09837360635686,43.04503472107558],[145.0981780541739,43.04495277485074],[145.09829917037052,43.04479638724354]]],[[[145.09484277627314,43.04527805423885],[145.09521000004156,43.04536389183022],[145.09503416279642,43.045578891852415],[145.09476055755374,43.04549666683778],[145.09484277627314,43.04527805423885]]],[[[145.09941639365172,43.04564666656046],[145.09953333339672,43.0456741714259],[145.099466939148,43.04580694643346],[145.09930306108743,43.0457444408533],[145.09941639365172,43.04564666656046]]],[[[145.09417861165366,43.04561917068821],[145.09419834008145,43.045861386893534],[145.0939677817878,43.04586917142518],[145.0939872242311,43.04567389173678],[145.09417861165366,43.04561917068821]]],[[[145.08801610895637,43.04745583811649],[145.08806306076167,43.04753417086533],[145.08789888502554,43.04756917068073],[145.0878872244159,43.04746389244474],[145.08801610895637,43.04745583811649]]],[[[145.08995752312126,43.050000000399734],[145.0888231911374,43.04930436040797],[145.08887263316558,43.04924702682888],[145.08995752312126,43.050000000399734]]],[[[145.11597360589724,43.050269171085404],[145.11591500607278,43.0500777746696],[145.11611805410496,43.05008944067521],[145.116149442243,43.05022610794856],[145.11597360589724,43.050269171085404]]],[[[145.1186580543258,43.052466667202964],[145.11845888506957,43.052244171331495],[145.1187127762737,43.0521933326562],[145.11889639355377,43.05235722510588],[145.1186580543258,43.052466667202964]]],[[[145.10952221757634,43.053378613032635],[145.097874163362,43.05209583805254],[145.09713833986257,43.04843861275185],[145.10405277561517,43.047468612986165],[145.11434999955293,43.04972000007797],[145.11675583711224,43.051935837868655],[145.10952221757634,43.053378613032635]]],[[[145.08675505799954,43.05508044060991],[145.0858888849641,43.05464597273351],[145.08593372156406,43.054584918659145],[145.08675505799954,43.05508044060991]]],[[[145.0881805841667,43.05590955887908],[145.0881356684264,43.0559689995697],[145.08737619995168,43.05553419804488],[145.0874180031384,43.055476693594585],[145.0881805841667,43.05590955887908]]],[[[145.0897711674055,43.056843864552775],[145.08972610867306,43.05690591867324],[145.0892269390721,43.05660172119252],[145.08926839242247,43.056544413693814],[145.0897711674055,43.056843864552775]]],[[[145.08990496764022,43.057617838192755],[145.08963097299113,43.05832044073583],[145.08955108891166,43.058295441381574],[145.08982469505372,43.05759391892428],[145.08990496764022,43.057617838192755]]],[[[145.12152888455046,43.06223389188068],[145.12164749703447,43.06234194632384],[145.12152500577452,43.06242527930323],[145.12142861194093,43.06225722479115],[145.12152888455046,43.06223389188068]]],[[[145.12311722398078,43.06251889243299],[145.12292055843704,43.0625058378742],[145.1229480543093,43.062336667303384],[145.12318500588333,43.062386108432236],[145.12311722398078,43.06251889243299]]],[[[145.1250377819681,43.06266750540112],[145.1247955513736,43.06247861269787],[145.12517194642828,43.06244861311308],[145.1250377819681,43.06266750540112]]],[[[145.12121500586784,43.062725838126994],[145.1213533332898,43.062804170875836],[145.12114111487062,43.06294083814919],[145.12106527863978,43.062789720569185],[145.12121500586784,43.062725838126994]]],[[[145.12445833978063,43.06299027927804],[145.12459778236177,43.06313750459219],[145.1244466665804,43.06318055873584],[145.12445833978063,43.06299027927804]]],[[[145.1248491698534,43.06322999986463],[145.12491416295836,43.06335361257919],[145.12482027193812,43.063450000117484],[145.124733061082,43.06325333277516],[145.1248491698534,43.06322999986463]]],[[[145.12017444889182,43.063608612647386],[145.11997138826905,43.06338972125866],[145.12032693883725,43.06338972125866],[145.12017444889182,43.063608612647386]]],[[[145.0879213878618,43.06282738687446],[145.0877590791183,43.06373755924102],[145.0876767830572,43.06372413506085],[145.0879213878618,43.06282738687446]]],[[[145.12259917041547,43.06409944103643],[145.12114221833872,43.06325610808295],[145.12275916969998,43.06298250463891],[145.12259917041547,43.06409944103643]]],[[[145.13796861206185,43.06507389244621],[145.13805221843518,43.065390279337976],[145.13761083027566,43.06528110793681],[145.13796861206185,43.06507389244621]]],[[[145.12444749665474,43.06726583794813],[145.12466778199257,43.06737389239129],[145.1244816726911,43.06748722495553],[145.12425500576398,43.06733222500225],[145.12444749665474,43.06726583794813]]],[[[145.15159888538028,43.07029250539489],[145.1514255509485,43.07034583789016],[145.15118861196493,43.07028999988364],[145.15130055777456,43.07015833284083],[145.15159888538028,43.07029250539489]]],[[[145.12917372178993,43.071164468265636],[145.12914031107653,43.071607081301806],[145.12905182857912,43.07160161342375],[145.12908922238978,43.07115925219779],[145.12917372178993,43.071164468265636]]],[[[145.16908805427033,43.07555889212921],[145.16917250330846,43.07570222517762],[145.16889916966102,43.07564110815065],[145.16908805427033,43.07555889212921]]],[[[145.1737983398216,43.076250279227054],[145.1734597279841,43.07634555880054],[145.17343500562106,43.0760630538669],[145.17369555090897,43.075933054167194],[145.1737983398216,43.076250279227054]]],[[[145.17524221755434,43.07637972134711],[145.1749547213833,43.0758522249003],[145.17564722364057,43.075871946133475],[145.17524221755434,43.07637972134711]]],[[[145.17423583661468,43.076398892195186],[145.17434917007824,43.07654083758962],[145.17401972772836,43.07654972109282],[145.17423583661468,43.076398892195186]]],[[[145.16463138832796,43.07650694573903],[145.16480722377446,43.07655250539386],[145.1646847208233,43.076647505278174],[145.164527224352,43.076594170984265],[145.16463138832796,43.07650694573903]]],[[[145.1724169388907,43.07669833316157],[145.17219444931447,43.07695999990415],[145.17181138758554,43.076793612735116],[145.17208360607367,43.07665417105318],[145.1724169388907,43.07669833316157]]],[[[145.12374936374226,43.07683880186926],[145.1224791441972,43.07735108088775],[145.1224469781456,43.0772872524048],[145.12371639369667,43.07677486456839],[145.12374936374226,43.07683880186926]]],[[[145.12174347628047,43.07763836032211],[145.12051975438317,43.07810483776808],[145.12048888515403,43.07804200033809],[145.1217122176448,43.07757117107275],[145.12174347628047,43.07763836032211]]],[[[145.16348778163592,43.082789999858676],[145.16324444937186,43.082800558798795],[145.16316888473625,43.082640278925794],[145.163459169705,43.08260917137619],[145.16348778163592,43.082789999858676]]],[[[145.13333333266723,43.08438813470468],[145.12839202297357,43.08395505358288],[145.12840389132657,43.08388997324374],[145.13333333266723,43.08438813470468]]],[[[145.1462238911197,43.08439194603153],[145.14621999975327,43.08459389239425],[145.14611333296398,43.084549440704166],[145.1462238911197,43.08439194603153]]],[[[145.18735917018967,43.08705722541066],[145.18748416336348,43.08727333339766],[145.1871116731653,43.087338332797856],[145.18717666716952,43.08705722541066],[145.18735917018967,43.08705722541066]]],[[[145.20194722418512,43.08859666690273],[145.20176888502613,43.08873305358759],[145.20168693880123,43.08862638679835],[145.20194722418512,43.08859666690273]]],[[[145.20138583678704,43.08891944077965],[145.20058639434671,43.0888347210456],[145.20048999961386,43.08864333272368],[145.20138583678704,43.08891944077965]]],[[[145.1688871727049,43.14584933308032],[145.16780900068488,43.14652005375751],[145.16776313885782,43.14646038733707],[145.1688871727049,43.14584933308032]]],[[[145.23657778243876,43.14938110835152],[145.23664416319764,43.149542505182524],[145.2364880543803,43.14952833276641],[145.23657778243876,43.14938110835152]]],[[[145.23960221776815,43.14984055939436],[145.23968416309367,43.14993166701288],[145.23963221825238,43.150033332672194],[145.2394733332278,43.1499577752312],[145.23960221776815,43.14984055939436]]],[[[145.2391686123417,43.14986417109469],[145.2392480539546,43.149966945618075],[145.23914111467082,43.15003194591765],[145.2390252792933,43.149985279197324],[145.2391686123417,43.14986417109469]]],[[[145.23968167287092,43.15021833310965],[145.2397233330654,43.1503863867224],[145.2395425027844,43.15038361321325],[145.23953722376393,43.15029527910389],[145.23968167287092,43.15021833310965]]],[[[145.24066861226675,43.150490558792285],[145.24068138803568,43.15058277527493],[145.2402974971319,43.150735278710215],[145.24027778219397,43.1505763873904],[145.24047722394482,43.15040194589312],[145.24066861226675,43.150490558792285]]],[[[145.31455861219024,43.166530838027825],[145.31434944157354,43.166735000320045],[145.31411167341503,43.166510278626504],[145.31455861219024,43.166530838027825]]],[[[145.31397527863624,43.16672889212475],[145.31429111514296,43.16693305441697],[145.31406610926365,43.16714583761035],[145.313750557842,43.16699138714284],[145.31397527863624,43.16672889212475]]],[[[145.3149216729969,43.16716999969577],[145.31445277637465,43.166970837634096],[145.31490972820143,43.16669610823885],[145.31518917004428,43.16689055875236],[145.3149216729969,43.16716999969577]]],[[[145.30897055774506,43.16719638670395],[145.30885999958934,43.16703638741939],[145.3090988847058,43.16687333313786],[145.3092544494334,43.16703250504611],[145.30897055774506,43.16719638670395]]],[[[145.31033888523143,43.16745583841629],[145.31031639408639,43.16765361282404],[145.31007722388483,43.167553892398246],[145.31033888523143,43.16745583841629]]],[[[145.30424527869673,43.17001166670508],[145.30433639440912,43.17013917078617],[145.30411639415638,43.170221108017756],[145.30400555091546,43.1700375051268],[145.30424527869673,43.17001166670508]]],[[[145.29880555123532,43.17067027891028],[145.29857917029256,43.170571386760116],[145.29898666660142,43.17038777487596],[145.2991374972977,43.17054527944117],[145.29880555123532,43.17067027891028]]],[[[141.12949333265124,43.154069999930584],[141.1295305582887,43.15415027881238],[141.12933527860025,43.15418527862778],[141.1293036062765,43.15407472137133],[141.12949333265124,43.154069999930584]]],[[[141.09210527943515,43.16972027916762],[141.09219527908897,43.16983999961633],[141.09196472079532,43.16996638673942],[141.09186306143124,43.16982555920225],[141.09210527943515,43.16972027916762]]],[[[141.08143221802254,43.17198917066372],[141.0814541632791,43.1721427748692],[141.08130194582816,43.172095838352334],[141.08143221802254,43.17198917066372]]],[[[141.0821116729154,43.17196055873285],[141.0824516733062,43.17202833344089],[141.08218194594008,43.172180558985644],[141.0821116729154,43.17196055873285]]],[[[141.0865266669722,43.17199194597157],[141.08661250276486,43.17218722476065],[141.08646167296786,43.17220166697342],[141.0864094421421,43.17206361294541],[141.0865266669722,43.17199194597157]]],[[[141.08182389076,43.172132504611454],[141.08194221815893,43.17221555880104],[141.08191111510598,43.17238750467965],[141.08172083025215,43.17232110773301],[141.08182389076,43.172132504611454]]],[[[141.0859080539136,43.17214417061706],[141.08593527908988,43.172395559007896],[141.08567111493005,43.17226027938841],[141.0859080539136,43.17214417061706]]],[[[141.0768674967377,43.17272194636081],[141.07693138817308,43.17282333323027],[141.0767502719076,43.17285194606052],[141.07671916975391,43.172750559191],[141.0768674967377,43.17272194636081]]],[[[141.07148221783018,43.175461107743956],[141.07152916963548,43.17555999989412],[141.0713416726801,43.1756747210116],[141.0712686117571,43.175536666983646],[141.07148221783018,43.175461107743956]]],[[[141.03057888470778,43.19089230583529],[141.02985011728913,43.19109561287229],[141.0297893393066,43.19097733313748],[141.03057888470778,43.19089230583529]]],[[[141.0245439688291,43.198004748020765],[141.02452155592516,43.19787922514615],[141.0294937995992,43.19073330569756],[141.02967147865593,43.19066527917937],[141.0245439688291,43.198004748020765]]],[[[141.0249999997502,43.200304026709546],[141.02648577240052,43.19986753176124],[141.0265345273466,43.199984198112304],[141.0249999997502,43.200304026709546]]],[[[141.02051033678265,43.20333519796105],[141.0147644234395,43.20970130627035],[141.01468224429016,43.2096653873478],[141.02051033678265,43.20333519796105]]],[[[140.9054802715973,43.21077830557442],[140.90533741878687,43.21066550540883],[140.90554875497116,43.21060425168491],[140.9054802715973,43.21077830557442]]],[[[140.89493566844635,43.21161355901859],[140.89468477288403,43.211444919047835],[140.89505369637106,43.21122561307163],[140.8951743323296,43.2113642786386],[140.89493566844635,43.21161355901859]]],[[[140.89379805393708,43.21184650501226],[140.89375533074394,43.21179710795025],[140.89404797733232,43.21164502719631],[140.89400144011438,43.211770306354595],[140.89379805393708,43.21184650501226]]],[[[140.85348666717596,43.212089305776885],[140.85357089498086,43.21222061309089],[140.85345341114612,43.212448468022444],[140.85330797728136,43.21235925167815],[140.85348666717596,43.212089305776885]]],[[[140.8584863041997,43.21249450521731],[140.85834238659197,43.21240750480257],[140.85842241186492,43.212195891627175],[140.85855347636186,43.21219550491867],[140.8584863041997,43.21249450521731]]],[[[140.85321530484248,43.21225319822656],[140.85321722399578,43.2125665858793],[140.8530356158011,43.212477919020785],[140.85321530484248,43.21225319822656]]],[[[141.01979153025502,43.21278953231109],[141.01937466930565,43.21260761295105],[141.01895503214905,43.2117868916518],[141.01918124491863,43.211654945819134],[141.01979153025502,43.21278953231109]]],[[[140.86121727635623,43.21723602692117],[140.86126946761192,43.21732946828041],[140.86100275027673,43.217565802020204],[140.86088277621923,43.21752630559456],[140.86121727635623,43.21723602692117]]],[[[140.91741500629757,43.21814055873983],[140.91806500569555,43.21845722532072],[140.91782444873934,43.21859833344638],[140.9171836062385,43.21829389224939],[140.91741500629757,43.21814055873983]]],[[[141.01758383942274,43.21859274775716],[141.01689527889403,43.2186635855561],[141.0163401687638,43.21685194626036],[141.01663994787532,43.21415305382044],[141.01672236084835,43.214158973158135],[141.01641924795,43.216852413907816],[141.0168686643574,43.21812427921219],[141.01758383942274,43.21859274775716]]],[[[140.91871221809447,43.21995638707767],[140.918768611882,43.220098891850455],[140.91857194633826,43.22009417130903],[140.91871221809447,43.21995638707767]]],[[[140.92178277605433,43.22326722500247],[140.921797782142,43.223627774901956],[140.92156722384834,43.223646387271],[140.92178277605433,43.22326722500247]]],[[[140.9192347206059,43.22413110836402],[140.9191636058158,43.223890838291595],[140.91952527896854,43.2239044414369],[140.9192347206059,43.22413110836402]]],[[[140.91950277613228,43.22452194563135],[140.91954138762503,43.22411444122855],[140.9198611145988,43.22422972082501],[140.91950277613228,43.22452194563135]]],[[[140.92549389143005,43.2265973866601],[140.9253784949217,43.2265895050017],[140.92518739258412,43.226450585825944],[140.9253886896364,43.22645225226967],[140.92549389143005,43.2265973866601]]],[[[140.93554158227823,43.227051135101874],[140.93537702972617,43.227138667015936],[140.93513963658506,43.22708125159852],[140.93533888498166,43.22695225194491],[140.93554158227823,43.227051135101874]]],[[[140.93763438381984,43.226811667224695],[140.93784455268406,43.22699189226205],[140.93748286604148,43.22724127876205],[140.93735016927496,43.227082748070416],[140.93763438381984,43.226811667224695]]],[[[140.94525016935984,43.22732083818619],[140.94506430557328,43.22713191940261],[140.94527688731853,43.22709346798922],[140.94525016935984,43.22732083818619]]],[[[140.94225644587834,43.227605505090025],[140.94199988278842,43.227576171003534],[140.94212883297928,43.22748536016127],[140.94225644587834,43.227605505090025]]],[[[140.9413988847508,43.22789864001027],[140.94133282684857,43.227846170864154],[140.94139379998398,43.22762144107668],[140.94150433205937,43.227805107819506],[140.9413988847508,43.22789864001027]]],[[[140.94904922224384,43.22834374776579],[140.9489415050465,43.22832297342654],[140.94900063637033,43.22819469412991],[140.94914963694623,43.22825274806593],[140.94904922224384,43.22834374776579]]],[[[140.96804289216584,43.2364111980184],[140.9677762000117,43.23633710827096],[140.96780997405108,43.23621686531612],[140.96802941582496,43.236262639908944],[140.96804289216584,43.2364111980184]]],[[[140.96812678272488,43.236730774805494],[140.96803769138637,43.236802081151154],[140.9677195328302,43.23667044108805],[140.96804158185364,43.23663341420075],[140.96812678272488,43.236730774805494]]],[[[141.01548888490413,43.23896194603702],[141.01550194575827,43.23904138675067],[141.0153338912462,43.23907138723479],[141.01532999987967,43.23895944142515],[141.01548888490413,43.23896194603702]]],[[[140.97801533134248,43.239384080610876],[140.97782391694022,43.2393945855917],[140.97786994783985,43.239155640220645],[140.97809180339402,43.239238531632964],[140.97801533134248,43.239384080610876]]],[[[141.01099544658268,43.23959713539955],[141.01081936382263,43.23954369408625],[141.01092697759805,43.239447080818195],[141.01099544658268,43.23959713539955]]],[[[140.9787694677368,43.239435720582094],[140.97885786030213,43.23955233297386],[140.9787511674325,43.2396201976141],[140.97868321735666,43.239494865395784],[140.9787694677368,43.239435720582094]]],[[[141.0105560306364,43.23977450508937],[141.01017175122536,43.23960502695047],[141.0105051622835,43.23951153163193],[141.0105560306364,43.23977450508937]]],[[[140.9784480536348,43.23981919779777],[140.97833622563633,43.23975125221858],[140.9783155511218,43.239560801889525],[140.97853747142722,43.23964941388937],[140.9784480536348,43.23981919779777]]],[[[140.9970244489192,43.239601387394146],[140.9970763937606,43.23977083765408],[140.99694888518297,43.23985277488572],[140.99684333265373,43.23967305436804],[140.9970244489192,43.239601387394146]]],[[[141.00302919614057,43.23990219802806],[141.0030945525716,43.240050360435816],[141.00303533131557,43.24008363984814],[141.00287547322455,43.239957505434575],[141.00302919614057,43.23990219802806]]],[[[141.0101271340601,43.240012748089896],[141.0100510891865,43.24015855877053],[141.009860830413,43.23985669413116],[141.00998511042462,43.23981489184382],[141.0101271340601,43.240012748089896]]],[[[141.00061610914622,43.24026499982995],[141.00064749728426,43.24035361272911],[141.00048333323934,43.24038222465998],[141.00050167311383,43.24026499982995],[141.00061610914622,43.24026499982995]]],[[[141.00914555102645,43.24046444068142],[141.00917389136202,43.240558053811185],[141.0090219464057,43.240572505017155],[141.00899834010136,43.24047333317782],[141.00914555102645,43.24046444068142]]],[[[140.98654416258307,43.24049889191036],[140.98668610887694,43.24074389241673],[140.98640221808796,43.240660559437345],[140.98654416258307,43.24049889191036]]],[[[141.01165263336236,43.24232744115852],[141.01048577200083,43.24236280160204],[141.0100321917323,43.24181508120108],[141.01136905283954,43.24173002691924],[141.01165263336236,43.24232744115852]]],[[[140.39834360627242,42.92340305380793],[140.3981630610765,42.923284999802945],[140.39834250280433,42.923191667261676],[140.3984316732832,42.9232502787774],[140.39834360627242,42.92340305380793]]],[[[140.41469000034328,42.93954472081225],[140.41474778178474,42.93964555909531],[140.41456888504604,42.939706945918886],[140.4145674973921,42.9395838916833],[140.41469000034328,42.93954472081225]]],[[[140.41413749734772,42.939756108257825],[140.41420527925027,42.93997610761136],[140.41409306094602,42.940004440752375],[140.4139980538672,42.93978055902562],[140.41413749734772,42.939756108257825]]],[[[140.41653444870587,42.94270389167133],[140.41621472083273,42.942511107601604],[140.41648972811856,42.94238417099274],[140.41653444870587,42.94270389167133]]],[[[140.41951333337374,42.94401417061755],[140.4195986115867,42.944045279066415],[140.41962583676298,42.944289999883665],[140.41938027238177,42.944140838329076],[140.41951333337374,42.94401417061755]]],[[[140.42265306089007,42.945151667315656],[140.4227888845994,42.94532944080112],[140.4225119455699,42.945369721435554],[140.42248055833113,42.94522138725728],[140.42265306089007,42.945151667315656]]],[[[140.42767472141134,42.947111387180826],[140.42750221795302,42.947145279031474],[140.42744999971774,42.947009720622134],[140.42773749678815,42.94699277469687],[140.42767472141134,42.947111387180826]]],[[[140.42830389071207,42.94756472103512],[140.4285519462154,42.94768972140355],[140.42831416276852,42.94784861272336],[140.42809749720175,42.947730000239346],[140.42830389071207,42.94756472103512]]],[[[140.43399666671291,42.94895694620618],[140.4339313876235,42.94919861292573],[140.4337250058045,42.9492219458362],[140.43373277594696,42.94899083805677],[140.43399666671291,42.94895694620618]]],[[[140.43480610871507,42.94962861297017],[140.4345869394358,42.94950583842376],[140.43488194584518,42.949378613132524],[140.435017782145,42.94959917096503],[140.43480610871507,42.94962861297017]]],[[[140.4478711149601,42.95619694643199],[140.447779441668,42.956087775030824],[140.44791805417492,42.95602000032284],[140.44806472101016,42.95615389228834],[140.4478711149601,42.95619694643199]]],[[[140.44886194572223,42.95713250486125],[140.44887167278955,42.956843053564114],[140.4492788849127,42.95689194610645],[140.44886194572223,42.95713250486125]]],[[[140.45782917038002,42.95977444143739],[140.45789111478314,42.959911667189715],[140.45776416288584,42.95998055885576],[140.45767111542966,42.95982472073433],[140.45782917038002,42.95977444143739]]],[[[140.45871500619262,42.96060083835806],[140.4586586124051,42.96076555908331],[140.45840194589312,42.96072889192487],[140.45845833968065,42.960578054034045],[140.45871500619262,42.96060083835806]]],[[[140.50343861170268,42.99453022489001],[140.50361247673447,42.99466991928142],[140.50323338461305,42.995832945933785],[140.502913332984,42.99584402738003],[140.50343861170268,42.99453022489001]]],[[[140.50720011699184,43.00415508059257],[140.50682177670365,43.004205108079304],[140.50799097270533,43.00048546802998],[140.50840108873933,43.0002425593467],[140.50720011699184,43.00415508059257]]],[[[140.44429472072488,43.118394171354],[140.44433306062228,43.11852917128431],[140.44444834021874,43.118608054418246],[140.44426416266106,43.11866999972074],[140.44417194617847,43.11852917128431],[140.44429472072488,43.118394171354]]],[[[140.4437955511238,43.11960972111177],[140.44358055829616,43.11969972076554],[140.44326583694885,43.119643333273245],[140.44354221839876,43.11949694612724],[140.4437955511238,43.11960972111177]]],[[[140.44113111530874,43.12289638705869],[140.44101583661165,43.12299750503087],[140.44083917019157,43.123036945698516],[140.44089306116587,43.12289638705869],[140.44113111530874,43.12289638705869]]],[[[140.44152999970981,43.12553583790867],[140.4416758373701,43.126019441144365],[140.44122277601036,43.12594055890975],[140.44152999970981,43.12553583790867]]],[[[140.44021693916045,43.1265427746294],[140.43993277587697,43.126678054248885],[140.4398483403287,43.12653722491308],[140.44021693916045,43.1265427746294]]],[[[140.4403858372367,43.12677917132174],[140.4403125029197,43.12692694612173],[140.43995693886166,43.12692166710133],[140.44017083001984,43.12677917132174],[140.4403858372367,43.12677917132174]]],[[[140.440915837396,43.126756666686845],[140.4409541629044,43.12693694568355],[140.44078527921738,43.12684110763104],[140.440915837396,43.126756666686845]]],[[[140.44119221794654,43.12697638725052],[140.44132277612528,43.127150837741],[140.44107693924946,43.127150837741],[140.44119221794654,43.12697638725052]]],[[[140.43831277581398,43.12723527868519],[140.43848167299086,43.12729722488706],[140.43836639429378,43.12739833296672],[140.43821306078416,43.12732527923828],[140.43831277581398,43.12723527868519]]],[[[140.4386888848842,43.12774750464365],[140.43837416263761,43.12748277481029],[140.43883472074583,43.127443333243264],[140.4386888848842,43.12774750464365]]],[[[140.43802861163124,43.12813555940858],[140.43768306062486,43.12809055913203],[140.43762167290197,43.12773055871838],[140.4381438912277,43.1278091711564],[140.43802861163124,43.12813555940858]]],[[[140.4333333330669,43.13099999995006],[140.43327527913084,43.131506667199005],[140.43312167312683,43.1315122250092],[140.43321389140806,43.13107305367856],[140.4333333330669,43.13099999995006]]],[[[140.43057250341838,43.13290777497389],[140.43059555124375,43.13313861295666],[140.43032693903706,43.133093332990995],[140.43057250341838,43.13290777497389]]],[[[140.43037277568317,43.13341389183768],[140.43042666665735,43.13360527926028],[140.43014250337387,43.13353777524816],[140.43037277568317,43.13341389183768]]],[[[140.42973555115486,43.13381361260821],[140.42977389105226,43.13394861343784],[140.42958194605,43.13397110818016],[140.42962805429136,43.133802505081576],[140.42973555115486,43.13381361260821]]],[[[140.43014250337387,43.13394861343784],[140.43007333291803,43.134145838359814],[140.429973606197,43.134078053759254],[140.43014250337387,43.13394861343784]]],[[[140.42918250317007,43.134258332755905],[140.42925167272654,43.13455666665692],[140.42901167335015,43.134599999590364],[140.4290136059932,43.134404720801285],[140.42918250317007,43.134258332755905]]],[[[140.42881888478382,43.13456972121571],[140.4288830613043,43.13482250535441],[140.42864500626206,43.13491666707057],[140.42866055823822,43.13466917094553],[140.42881888478382,43.13456972121571]]],[[[140.42686221811698,43.1353372251329],[140.426802218048,43.1350797213521],[140.42708610883687,43.135164171289546],[140.42686221811698,43.1353372251329]]],[[[140.4284686123367,43.13497277487369],[140.4284991704004,43.135316108151926],[140.42829944176594,43.135164171289546],[140.4284686123367,43.13497277487369]]],[[[140.42810180315576,43.136178747751046],[140.42806593999126,43.136239559008516],[140.427765421637,43.13609372134823],[140.42780121915098,43.136032919084016],[140.42810180315576,43.136178747751046]]],[[[140.42757713417745,43.13608344119791],[140.42743966291016,43.13629046783086],[140.42737141425937,43.13625297329611],[140.42757713417745,43.13608344119791]]],[[[140.4263336056115,43.13561999986314],[140.42596500588036,43.13643583784369],[140.42566555142412,43.13626694606279],[140.42582693926192,43.13591277505458],[140.4263336056115,43.13561999986314]]],[[[140.4262644486455,43.13653722471321],[140.42619555068416,43.13672305432556],[140.4260419455794,43.136632774982616],[140.4262644486455,43.13653722471321]]],[[[140.4263644487604,43.13684666704012],[140.4262758367605,43.137001387304224],[140.42614194569433,43.13687222487334],[140.4263644487604,43.13684666704012]]],[[[140.4271091701521,43.13721833256005],[140.4271630611264,43.13745472115852],[140.42704778242933,43.137645837885145],[140.42687888525245,43.13752777488696],[140.42693277622675,43.13734777468011],[140.4271091701521,43.13721833256005]]],[[[140.42345312566124,43.13992314433767],[140.4231165633788,43.14027681082621],[140.42295772961563,43.14018864938669],[140.42345312566124,43.13992314433767]]],[[[140.41903055841362,43.14633999959136],[140.41927639439018,43.14655972105436],[140.41909194613652,43.14668917126829],[140.41889250258703,43.146424441434874],[140.41903055841362,43.14633999959136]]],[[[140.41693444916552,43.146801666563704],[140.41691916968398,43.147004171405456],[140.41678082967167,43.14686361276557],[140.41693444916552,43.146801666563704]]],[[[140.41698693899605,43.14819250498016],[140.4168958367735,43.1482816673651],[140.4165811154262,43.14829861329042],[140.41662693858245,43.148169171170366],[140.41698693899605,43.14819250498016]]],[[[140.4155866666914,43.14885944131021],[140.4154408299304,43.14897777500437],[140.41530277590243,43.14887638723553],[140.4155866666914,43.14885944131021]]],[[[140.41409333344063,43.1491144413784],[140.41424693944475,43.14919861342531],[140.41417778157938,43.14936750520627],[140.4140011151594,43.14923250527596],[140.41409333344063,43.1491144413784]]],[[[140.4027225033409,43.155337775118255],[140.40279916964607,43.155185838255875],[140.40304500562263,43.15524777456517],[140.4027225033409,43.155337775118255]]],[[[140.40423830075702,43.15565038665608],[140.40388549941633,43.155622945642506],[140.40390849508105,43.15555708109446],[140.40423830075702,43.15565038665608]]],[[[140.3918811149216,43.16169444144538],[140.3919347208108,43.16186305443648],[140.39167360625197,43.16184055879478],[140.39171972798317,43.1616661083043],[140.3918811149216,43.16169444144538]]],[[[140.39151639396653,43.16163499985544],[140.39149888506552,43.16183361333066],[140.3912297278697,43.16176833334197],[140.39133805390816,43.16163222544691],[140.39151639396653,43.16163499985544]]],[[[140.39014167319976,43.161992504650414],[140.39014916994824,43.16216722493755],[140.38994194636382,43.162088332810356],[140.39014167319976,43.161992504650414]]],[[[140.39050306126728,43.16222889234956],[140.39046472136988,43.16227417141596],[140.39013444894567,43.16236944109687],[140.390226667227,43.162228612660385],[140.39050306126728,43.16222889234956]]],[[[140.3897666666984,43.162403054157664],[140.38972055755778,43.16252694566208],[140.38944416261802,43.16257194593862],[140.3896055513552,43.16243694600831],[140.3897666666984,43.162403054157664]]],[[[140.38786444858545,43.16302972064517],[140.38769333278117,43.16283694556864],[140.3880219459561,43.16282861334986],[140.38786444858545,43.16302972064517]]],[[[140.3869119460295,43.16329110769851],[140.38697333285313,43.1633811082516],[140.38710389103176,43.163431946027515],[140.38697333285313,43.16351610818191],[140.38684277557365,43.163409170696696],[140.3869119460295,43.16329110769851]]],[[[140.3867647207154,43.16353777464866],[140.38688000031186,43.163700837923386],[140.3867647207154,43.163751666706105],[140.3866572238519,43.1635602792835],[140.3867647207154,43.16353777464866]]],[[[140.38544333334323,43.164257504780096],[140.3851288853898,43.16433222495226],[140.3850899996039,43.16412333312536],[140.385420272028,43.16413361327568],[140.38544333334323,43.164257504780096]]],[[[140.3814819456353,43.16709917089008],[140.381313061049,43.16726250486079],[140.3811747210366,43.167161108098696],[140.3814819456353,43.16709917089008]]],[[[140.3807830608896,43.167163054231594],[140.38092138831144,43.16731500008723],[140.38071389133313,43.16741055934989],[140.3807830608896,43.167163054231594]]],[[[140.37993027156483,43.16767889186741],[140.37993027156483,43.16774055927942],[140.3797611153832,43.16780805429835],[140.37972277638505,43.167712504928204],[140.37993027156483,43.16767889186741]]],[[[140.35663778200808,43.182306107740715],[140.35666055823822,43.182495000443964],[140.35639194603152,43.18233527904994],[140.35663778200808,43.182306107740715]]],[[[140.35563306121685,43.18416610807947],[140.3553883403996,43.18418138666169],[140.35533639375967,43.18397944119829],[140.35557834016834,43.18401444101369],[140.35563306121685,43.18416610807947]]],[[[140.35375167320126,43.18565222517009],[140.35396693942278,43.185849171302266],[140.35377472102664,43.18596194628685],[140.35360555135514,43.18573110830408],[140.35375167320126,43.18565222517009]]],[[[140.34926083032315,43.19068944126474],[140.34892111501756,43.19067305381844],[140.3489991698758,43.190565558753576],[140.34926083032315,43.19068944126474]]],[[[140.34793861197738,43.193494999594634],[140.34806277597636,43.1935208380163],[140.34803111534382,43.19361889199831],[140.34784333330322,43.193577505197766],[140.34793861197738,43.193494999594634]]],[[[140.347572775863,43.19378889174402],[140.34764277639306,43.193902504896755],[140.34755693880174,43.193946387315975],[140.3474361085896,43.193804441022166],[140.347572775863,43.19378889174402]]],[[[140.34228389078896,43.197064720860226],[140.3420547210486,43.196923612734565],[140.3425008297496,43.19682722519633],[140.34228389078896,43.197064720860226]]],[[[140.34373527876016,43.199925000238636],[140.343390557828,43.19987499973149],[140.34341194640422,43.199645278706726],[140.34370555077066,43.199716108411735],[140.34373527876016,43.199925000238636]]],[[[140.3410322179626,43.20373999990113],[140.3410166668857,43.20386944112187],[140.34079972792517,43.203973332603255],[140.34072472086928,43.20386389230487],[140.3410322179626,43.20373999990113]]],[[[140.33941916965898,43.20714000021087],[140.33937861203333,43.20724055880481],[140.33909834011638,43.20721638682687],[140.3392494424079,43.20703472107556],[140.33941916965898,43.20714000021087]]],[[[140.33838250315011,43.20810527943513],[140.3382286120609,43.2082177747306],[140.33818277631417,43.20808277480029],[140.33838250315011,43.20810527943513]]],[[[140.3375400002709,43.210406107655785],[140.33763583742405,43.210550558561465],[140.33741972763835,43.2105180543648],[140.3375400002709,43.210406107655785]]],[[[140.33224749722433,43.21481444133343],[140.33224194570926,43.21491110766152],[140.3321069385844,43.21500805367879],[140.33201722401577,43.21491694606027],[140.33224749722433,43.21481444133343]]],[[[140.32546888518095,43.2171677746731],[140.32591500557317,43.21730277460341],[140.32601500568808,43.21802305422062],[140.32518444940285,43.217589721288675],[140.32546888518095,43.2171677746731]]],[[[140.32657980511397,43.217513775340535],[140.32640533124106,43.21822472089423],[140.3262302719096,43.21766861341581],[140.32657980511397,43.217513775340535]]],[[[140.32592158231523,43.2182448018562],[140.32512380002345,43.21922938682678],[140.32505994815813,43.219186694210634],[140.32592158231523,43.2182448018562]]],[[[140.32309111456334,43.22182694635654],[140.32315555098796,43.221905837584416],[140.3229291700452,43.22220000042972],[140.32283527902496,43.22212527935818],[140.32289805440178,43.221917775185204],[140.32309111456334,43.22182694635654]]],[[[140.32519944200067,43.222677224774145],[140.32514583701084,43.22275610790808],[140.32481500610766,43.22273361316576],[140.32487500617663,43.222610837720026],[140.32519944200067,43.222677224774145]]],[[[140.32500000024993,43.22518861306412],[140.3251569391415,43.22526889194586],[140.32507082995494,43.22545110808221],[140.3248355511198,43.22539277535634],[140.32500000024993,43.22518861306412]]],[[[140.3220444493919,43.2312288916001],[140.32192833972113,43.23143666736837],[140.3218402718112,43.23127277491869],[140.3220444493919,43.2312288916001]]],[[[140.32492083023214,43.233512504998146],[140.3247930608511,43.23369083786196],[140.3246738907875,43.23352222487085],[140.32492083023214,43.233512504998146]]],[[[140.32678250330991,43.241001387204335],[140.32678250330991,43.24110833278337],[140.32667472136131,43.24129417138897],[140.3265902723233,43.241243613302174],[140.32662111457284,43.24105777469657],[140.32678250330991,43.241001387204335]]],[[[140.32780500639603,43.24198638676239],[140.32681944206365,43.241320278707974],[140.32761277630868,43.2410463865815],[140.32780500639603,43.24198638676239]]],[[[140.32766805403753,43.241983332664745],[140.3277219459111,43.2421127747848],[140.32761416306323,43.242146386946274],[140.3275066670991,43.242033891650806],[140.32766805403753,43.241983332664745]]],[[[140.33334972790772,43.24773305373748],[140.3324805583312,43.247464721219956],[140.33310805399356,43.247065558928455],[140.33334972790772,43.24773305373748]]],[[[140.3323877815709,43.25732833343591],[140.33218000040677,43.25715944075563],[140.33236472115505,43.256962505415345],[140.3325416726601,43.25701305360957],[140.3323877815709,43.25732833343591]]],[[[140.32952333293554,43.25897722511888],[140.3290305584136,43.25884777490495],[140.32915389143898,43.25852694626161],[140.32952333293554,43.25897722511888]]],[[[140.33291861180453,43.262764720815255],[140.33294916986836,43.26282110830755],[140.33272610922268,43.262891107938344],[140.33272610922268,43.26280417137548],[140.33291861180453,43.262764720815255]]],[[[140.3370916729424,43.26402555863268],[140.33695306133473,43.264211107656536],[140.33668333306946,43.26401972113325],[140.3369913877424,43.2639127746549],[140.3370916729424,43.26402555863268]]],[[[140.3410872240962,43.27106583831784],[140.3412027761873,43.27109972117523],[140.34110277607238,43.27124610832129],[140.3409177819301,43.271144720552456],[140.3410872240962,43.27106583831784]]],[[[140.34088639379206,43.27677833285384],[140.34072500595437,43.276536387344436],[140.34106360610065,43.27652527891854],[140.34088639379206,43.27677833285384]]],[[[140.33962360624446,43.278021945956084],[140.33943888459692,43.278168333102144],[140.33947778207403,43.277836387039656],[140.33963944240645,43.27782499982396],[140.33962360624446,43.278021945956084]]],[[[140.33953888471183,43.27870305380293],[140.33930027209,43.278461108293584],[140.3396622177372,43.278303333032454],[140.33953888471183,43.27870305380293]]],[[[140.338599728095,43.27904610829131],[140.3384688848313,43.27855666665687],[140.33913111500897,43.27829222460656],[140.33902306056586,43.278973333352724],[140.338599728095,43.27904610829131]]],[[[140.33627138781435,43.281867504581726],[140.3360972242076,43.282163892349786],[140.33585111483717,43.28208527901245],[140.33615917040947,43.28156166673756],[140.33627138781435,43.281867504581726]]],[[[140.33553360559154,43.282084721432796],[140.3352888847743,43.281966946217665],[140.3356661090038,43.28175861286974],[140.33578944202918,43.281848613422824],[140.33553360559154,43.282084721432796]]],[[[140.52291333258427,43.02993610756539],[140.5213065498574,43.030050135305544],[140.5212971339556,43.02990361326118],[140.52290444908112,43.02978583804605],[140.52291333258427,43.02993610756539]]],[[[140.51590693935384,43.03116805376271],[140.51594527925135,43.03129750487602],[140.51576888532588,43.03129194616645],[140.51590693935384,43.03116805376271]]],[[[140.51666666683332,43.031333440885646],[140.51642861179107,43.03117944097846],[140.5168886123197,43.03113444070192],[140.51666666683332,43.031333440885646]]],[[[140.5167825031101,43.03159777501736],[140.51662778194668,43.031500278615],[140.51679666743235,43.03143277460293],[140.5167825031101,43.03159777501736]]],[[[140.50657250261895,43.04037277498361],[140.5059586119005,43.04083222512713],[140.50578666692115,43.04057138666025],[140.5062100002914,43.04028750486452],[140.50657250261895,43.04037277498361]]],[[[140.50608583719168,43.04099499971949],[140.50601583666162,43.04112389235382],[140.50584722367046,43.04102833309116],[140.5059774967641,43.0409277753966],[140.50608583719168,43.04099499971949]]],[[[140.50572000017792,43.04117305379344],[140.50554500559758,43.04126083841703],[140.50542722408716,43.0410930537015],[140.5056722182983,43.0410980539321],[140.50572000017792,43.04117305379344]]],[[[140.5017202716732,43.04378610774273],[140.5015055513402,43.04365083801582],[140.50178167288595,43.04336389222988],[140.50187360608209,43.04352138690251],[140.5017202716732,43.04378610774273]]],[[[140.5006536055795,43.05253222508219],[140.50063083024872,43.05261444110363],[140.50040083043405,43.05269861315054],[140.500323890735,43.05264472127692],[140.50050027206998,43.05253222508219],[140.5006536055795,43.05253222508219]]],[[[140.49999999990018,43.052873694065795],[140.5002702722553,43.052751387166836],[140.50028583682194,43.05288444096425],[140.49999999990018,43.052873694065795]]],[[[140.50029333267128,43.05307222480337],[140.50023944169698,43.05325027887733],[140.5000633328566,43.05322417065901],[140.50029333267128,43.05307222480337]]],[[[140.4943655512293,43.05892277516597],[140.49437999973725,43.05909389186968],[140.4942183403042,43.059150837840946],[140.49427055764022,43.058931387073926],[140.4943655512293,43.05892277516597]]],[[[140.4937574971109,43.0599772248691],[140.49375583696235,43.06015805425085],[140.49359306057136,43.06008361286848],[140.4937574971109,43.0599772248691]]],[[[140.4945274966467,43.060851667170766],[140.4945622176723,43.060910838064785],[140.49439944218057,43.06102555918227],[140.49432527868873,43.060997225141875],[140.4944641627909,43.06084972103787],[140.4945274966467,43.060851667170766]]],[[[140.49125999974922,43.06571500024711],[140.48951722424056,43.06703389200055],[140.4894677822125,43.06698000012693],[140.49125999974922,43.06571500024711]]],[[[140.49042833999601,43.067927774946895],[140.490124449184,43.06804250505763],[140.49000000009994,43.06794972110282],[140.4902286122607,43.06787610799603],[140.49042833999601,43.067927774946895]]],[[[140.49078138775087,43.067926666982146],[140.49071916995376,43.06809277536132],[140.4906133332388,43.06803694634806],[140.49078138775087,43.067926666982146]]],[[[140.49035610914723,43.06817333303297],[140.4901194417589,43.06827389162686],[140.49008055777153,43.06818250521849],[140.49035610914723,43.06817333303297]]],[[[140.4882641628609,43.07063417132997],[140.48840194619288,43.07079083772703],[140.48820027232478,43.07079138721281],[140.4882641628609,43.07063417132997]]],[[[140.48648972761885,43.07154110793584],[140.4864033333472,43.07200944068319],[140.48584082989044,43.072027505365156],[140.4861883396203,43.07156222491682],[140.48648972761885,43.07154110793584]]],[[[140.4860702721254,43.07416305438153],[140.48578639392701,43.074098892250106],[140.48600027159534,43.073813891697796],[140.48628916980942,43.07390389225088],[140.4860702721254,43.07416305438153]]],[[[140.48359306077123,43.076097505095845],[140.48367666714455,43.07634250470289],[140.48351472082777,43.07637777521421],[140.48336360594567,43.07622277526093],[140.48359306077123,43.076097505095845]]],[[[140.4798622178671,43.07841638720657],[140.4797583398755,43.07819638695372],[140.48011972794313,43.078294171139135],[140.4798622178671,43.07841638720657]]],[[[140.47794917011822,43.07952333303547],[140.47781722428556,43.079385279007454],[140.47818221773525,43.07938222490981],[140.4783236064493,43.07951722484012],[140.47794917011822,43.07952333303547]]],[[[140.4779547207338,43.07966000030882],[140.47765444879383,43.07998417083286],[140.4774713881941,43.07991583764584],[140.47771416287833,43.07970972112679],[140.4779547207338,43.07966000030882]]],[[[140.47712749733614,43.08043694620818],[140.47719693938734,43.08053361343559],[140.477088339955,43.080609440673186],[140.47697834027827,43.080469721100826],[140.47712749733614,43.08043694620818]]],[[[140.4758647205805,43.081126945652045],[140.47572917026503,43.081412775379306],[140.47534111460084,43.08137027881537],[140.47499444933442,43.08104638708113],[140.4758647205805,43.081126945652045]]],[[[140.46403306077718,43.08553472085072],[140.46411778230993,43.085601946072984],[140.46406055844807,43.08571722477018],[140.4639086116931,43.085601946072984],[140.46403306077718,43.08553472085072]]],[[[140.46357944183785,43.0867330539873],[140.46367805429884,43.086519170923054],[140.46413138815308,43.08649055899218],[140.46397333320283,43.08666166670258],[140.46357944183785,43.0867330539873]]],[[[140.46442472092417,43.08943083756316],[140.46447805431876,43.089581107981815],[140.46425500626356,43.08952555865767],[140.46442472092417,43.08943083756316]]],[[[140.46228778155591,43.08984972108783],[140.46249472095462,43.08998777511579],[140.46240972782675,43.09004444139788],[140.46228778155591,43.08984972108783]]],[[[140.4634252791534,43.09012694610175],[140.4635425030841,43.09021917067821],[140.46351055826574,43.09028694628557],[140.46327972837685,43.09019750511084],[140.4634252791534,43.09012694610175]]],[[[140.46170666662942,43.091004721290915],[140.4618180539601,43.0911205593664],[140.46169221812147,43.09114833312913],[140.46157805368432,43.09107194561386],[140.46170666662942,43.091004721290915]]],[[[140.46247888479274,43.09136194639677],[140.4622413882296,43.09136194639677],[140.4623500002524,43.091245837625365],[140.46247888479274,43.09136194639677]]],[[[140.46126916983633,43.09192777464716],[140.46113167338808,43.09209499998434],[140.4610688854208,43.0920183327799],[140.46113472119055,43.091932505081104],[140.46126916983633,43.09192777464716]]],[[[140.46282749709133,43.09201610785715],[140.46276444922,43.092120558716886],[140.4625813877209,43.092092505264986],[140.46264444908218,43.0919416673741],[140.46282749709133,43.09201610785715]]],[[[140.46118194638973,43.097511667029835],[140.46118944223906,43.097618612608926],[140.4610283403856,43.09762972103488],[140.4610511148171,43.09750889172204],[140.46118194638973,43.097511667029835]]],[[[140.45955250344537,43.0996825054433],[140.45966778214245,43.099890837891905],[140.45942972799958,43.09984555882551],[140.45955250344537,43.0996825054433]]],[[[140.45919916970593,43.10275527933271],[140.45915333305993,43.102895837972596],[140.45903027162979,43.1028733333377],[140.45906888492118,43.102704721245914],[140.45919916970593,43.10275527933271]]],[[[140.4544308302187,43.10545638680287],[140.45440778239333,43.10560250505159],[140.45424722373048,43.105586667091075],[140.45430027203997,43.10544499958712],[140.4544308302187,43.10545638680287]]],[[[140.45240360634148,43.10662666738682],[140.45244194623888,43.106756107708236],[140.4522730607532,43.10673361296591],[140.45240360634148,43.10662666738682]]],[[[140.45188389082898,43.10708777498087],[140.45198888487914,43.10690250474687],[140.45234861189897,43.10687194578372],[140.45188389082898,43.10708777498087]]],[[[140.45072972789467,43.10778610844221],[140.45076055755374,43.10733027896924],[140.45134416270298,43.10739777488743],[140.45072972789467,43.10778610844221]]],[[[140.4497644486704,43.10862444116509],[140.44982277600036,43.108385838435765],[140.45012444908411,43.108328054296294],[140.4503119460395,43.10848444100418],[140.4497644486704,43.10862444116509]]],[[[140.45022277556075,43.10988527898252],[140.45001527858233,43.1102061076258],[140.44973167287844,43.10983472089572],[140.45022277556075,43.10988527898252]]],[[[140.44914027240566,43.11053777489843],[140.4485566672564,43.11027333284807],[140.44881778181525,43.11016666695815],[140.44924778185975,43.110330000029535],[140.44914027240566,43.11053777489843]]],[[[140.44977722443946,43.110751666955935],[140.44949333275122,43.11068972075407],[140.44960833985306,43.11055472082376],[140.44977722443946,43.110751666955935]]],[[[140.44856416310574,43.112412224644515],[140.4476658366092,43.11178722460079],[140.44923972843083,43.11089250528494],[140.44947027233525,43.11219250498016],[140.44856416310574,43.112412224644515]]],[[[140.4474969394323,43.11332917070473],[140.4472358365647,43.11332917070473],[140.44735111526177,43.113092774911706],[140.44771167325518,43.11322222512564],[140.4474969394323,43.11332917070473]]],[[[140.44774999966285,43.11343055937289],[140.44778083022118,43.11354305376898],[140.44769639377364,43.113610558680364],[140.44758888521892,43.11350361310133],[140.44774999966285,43.11343055937289]]],[[[140.44527778224392,43.116413332709215],[140.444855278948,43.11605305440497],[140.4457230608706,43.11569277520147],[140.4458763943802,43.116413332709215],[140.44527778224392,43.116413332709215]]],[[[140.4461988849706,43.11661583755091],[140.44590722403927,43.11682417089884],[140.44549277597093,43.116638333192554],[140.44605306080018,43.1164808376206],[140.4461988849706,43.11661583755091]]],[[[140.44541194580472,43.11681805371029],[140.44527778224392,43.11714472075232],[140.44494194571428,43.116903054032775],[140.44541194580472,43.11681805371029]]],[[[140.69933666675388,43.25220333271767],[140.69931000005647,43.252403892325844],[140.69910833967822,43.252403892325844],[140.69933666675388,43.25220333271767]]],[[[140.69872555134316,43.25249944079661],[140.69869472078483,43.252578332923804],[140.69847944197272,43.25256138699848],[140.69847944197272,43.25247138734471],[140.69872555134316,43.25249944079661]]],[[[140.67521277644857,43.257406387394894],[140.67505917044446,43.25727694617416],[140.67518972772382,43.25716444098623],[140.67535888480472,43.25728805370079],[140.67521277644857,43.257406387394894]]],[[[140.6640097283663,43.25976777506281],[140.66365907910324,43.25962505355341],[140.66391525278675,43.25959913509206],[140.66414027215592,43.25964883792358],[140.6640097283663,43.25976777506281]]],[[[140.6545361089543,43.26122722455682],[140.6545899999286,43.26130027918458],[140.65443583724414,43.26139027883835],[140.65439749734674,43.261277775449],[140.6545361089543,43.26122722455682]]],[[[140.65429722383783,43.262127775076806],[140.65432805439627,43.26218972127867],[140.6542050055566,43.26233027901924],[140.65413555091504,43.262138891596635],[140.65429722383783,43.262127775076806]]],[[[140.654097223608,43.26254972079306],[140.65410472125598,43.2626061082853],[140.65390472102615,43.262684720723314],[140.65403555080013,43.262482224874816],[140.654097223608,43.26254972079306]]],[[[140.65324250343883,43.26267889221714],[140.65301138756558,43.262757775351076],[140.6530577817913,43.26257777514428],[140.65324250343883,43.26267889221714]]],[[[140.6534502720125,43.263208054208405],[140.65339639362878,43.263044999926876],[140.65361972766834,43.26309000020342],[140.6534502720125,43.263208054208405]]],[[[140.64686891097153,43.285136080665666],[140.64669902723836,43.28494644062579],[140.64690736688158,43.284892332914865],[140.64686891097153,43.285136080665666]]],[[[140.64301639429118,43.28701889230808],[140.64282416330457,43.28704694575998],[140.64283194603752,43.286883612688655],[140.64297834037814,43.28687250516202],[140.64301639429118,43.28701889230808]]],[[[140.64050666704907,43.28697389203154],[140.64052194563135,43.28708083761063],[140.6403602718092,43.28708083761063],[140.64040639443965,43.28696250481579],[140.64050666704907,43.28697389203154]]],[[[140.64090693910407,43.28700194638276],[140.64100693921898,43.287125837887174],[140.64082221757133,43.28724389189216],[140.64090693910407,43.28700194638276]]],[[[140.23619547264298,42.793952667181884],[140.23611564162366,42.79396789180481],[140.2360373016802,42.793629558757175],[140.2361171335989,42.79361433323493],[140.23619547264298,42.793952667181884]]],[[[140.23791355366768,42.7946660274153],[140.23783866442284,42.79469341357026],[140.2374867192368,42.79390008112392],[140.23756160758217,42.79387269406965],[140.23791355366768,42.7946660274153]]],[[[140.23386060957955,42.79822064906375],[140.23376376068904,42.798300170716345],[140.23360918341712,42.79819918944111],[140.2337042543479,42.79812079284039],[140.23386060957955,42.79822064906375]]],[[[140.20984722436992,42.80811861268387],[140.20984722436992,42.808310000106474],[140.20958749656575,42.80830417070098],[140.20940416257213,42.80814666703509],[140.2097708296601,42.80803417084036],[140.20984722436992,42.80811861268387]]],[[[140.21053416342102,42.80919361279507],[140.2092055508955,42.80907527910091],[140.2091980541469,42.80890083760363],[140.21057250331842,42.808929170744705],[140.21053416342102,42.80919361279507]]],[[[140.2055627759014,42.80989694558764],[140.20583778228786,42.810330279418906],[140.2053030606878,42.810623053711026],[140.20492138841144,42.81029666725743],[140.2055627759014,42.80989694558764]]],[[[140.17668082985642,42.81348694566606],[140.17707027227527,42.81370083772356],[140.1769555511578,42.81388666733591],[140.17656610873894,42.81358250492872],[140.17668082985642,42.81348694566606]]],[[[140.2007133328541,42.81398833299522],[140.20083527912493,42.814264171254536],[140.20044583670608,42.814528892094756],[140.20042333297056,42.81419666724247],[140.2007133328541,42.81398833299522]]],[[[140.19442027197806,42.82114694637454],[140.1943286121758,42.82140610760581],[140.19409194568686,42.821372224748416],[140.19413778233286,42.82118638704219],[140.19442027197806,42.82114694637454]]],[[[140.19305306055037,42.82317305419315],[140.1930988846059,42.82351083775501],[140.19240389122672,42.82395000009251],[140.1922588854393,42.823814721372344],[140.19305306055037,42.82317305419315]]],[[[140.19228944170447,42.824068054097495],[140.1924727756981,42.824130000299306],[140.1925644489902,42.824304440897265],[140.19225138779143,42.82428194615494],[140.19228944170447,42.824068054097495]]],[[[140.1931752793157,42.82418638689228],[140.19315250308557,42.8243777752142],[140.19295389140905,42.82434944117381],[140.1929844485735,42.82420305402775],[140.1931752793157,42.82418638689228]]],[[[140.19190749693348,42.82418055928542],[140.19184639429568,42.824422774591426],[140.19133472142028,42.8243777752142],[140.19136527858484,42.82422555866265],[140.19190749693348,42.82418055928542]]],[[[140.30455111484218,42.82691861270388],[140.30371861242406,42.82599555934763],[140.304337223684,42.825550838300614],[140.30455111484218,42.82691861270388]]],[[[140.3072163942213,42.829215000072224],[140.30693389108626,42.828956107738236],[140.30718583705675,42.82877583773478],[140.30740722406415,42.829006666724354],[140.3072163942213,42.829215000072224]]],[[[140.30691834000947,42.83104389196211],[140.3068574972757,42.82979472104961],[140.30751389085344,42.829980558755835],[140.30691834000947,42.83104389196211]]],[[[140.30746055835812,42.831550559210996],[140.30739944223058,42.83174194573428],[140.3071855510724,42.83171389228238],[140.30713972791614,42.83153944089253],[140.30746055835812,42.831550559210996]]],[[[140.3079036057669,42.83285638741239],[140.30730778242832,42.83242861319002],[140.30756749674265,42.83174750534317],[140.30833888483176,42.831235279384714],[140.3079036057669,42.83285638741239]]],[[[140.32659194596158,42.84709610789912],[140.3265766673794,42.84739444090076],[140.32618666738085,42.847428332751406],[140.32607972809706,42.847248053754754],[140.32659194596158,42.84709610789912]]],[[[140.3281777816793,42.847889441244774],[140.32798639425675,42.84775972123418],[140.32803805401306,42.847625278883584],[140.32823666658896,42.84774250461294],[140.3281777816793,42.847889441244774]]],[[[140.32872639420782,42.84756194592711],[140.32904000039582,42.84786805356788],[140.32871111472627,42.84805417096328],[140.32833360631093,42.84779555921773],[140.32872639420782,42.84756194592711]]],[[[140.32926834006196,42.849226666577465],[140.3289836057089,42.84916583823292],[140.32916639381403,42.84888805384065],[140.3295802717122,42.84905666683176],[140.32926834006196,42.849226666577465]]],[[[140.32817500637157,42.84947110770548],[140.32803722393885,42.849803332557826],[140.32781555094698,42.84966805383766],[140.3278383397676,42.849510559165026],[140.32817500637157,42.84947110770548]]],[[[140.34166666718306,43.28138327901519],[140.34170250336786,43.281573332743164],[140.34150221805294,43.28154499960209],[140.34166666718306,43.28138327901519]]],[[[140.34184834012888,43.28462917059977],[140.34147138839387,43.28386944132171],[140.34221027228625,43.28398194561038],[140.34184834012888,43.28462917059977]]],[[[140.62395817103288,43.29512950462299],[140.6240120494166,43.29527589176905],[140.6238962518106,43.295273108367326],[140.62381399531967,43.29516119763122],[140.62395817103288,43.29512950462299]]],[[[140.6204638651153,43.29647783838158],[140.62050167261418,43.29659750487099],[140.6203050322515,43.29659146772212],[140.62032406010735,43.29648622455966],[140.6204638651153,43.29647783838158]]],[[[140.61928978039907,43.29664172093874],[140.61934888474332,43.29676235959528],[140.6192107003136,43.29678950473192],[140.61917450080261,43.29663366661049],[140.61928978039907,43.29664172093874]]],[[[140.62000041478734,43.29688010783076],[140.61973360572142,43.29691227927833],[140.61978238674783,43.296781775058946],[140.62000041478734,43.29688010783076]]],[[[140.61876027216886,43.296937613180376],[140.6186931386775,43.29707402684494],[140.61852236101822,43.296989891670194],[140.61876027216886,43.296937613180376]]],[[[140.62021221771977,43.29697797295512],[140.61998044084476,43.297288999887485],[140.61974508376863,43.29720930556505],[140.62001191981426,43.296983531664694],[140.62021221771977,43.29697797295512]]],[[[140.62728639375212,43.297731387193835],[140.62720167311875,43.29802972109479],[140.6271166674004,43.298003891666326],[140.6271669781736,43.29771989205943],[140.62728639375212,43.297731387193835]]],[[[140.63058138832048,43.29819527908893],[140.63044277581355,43.298420559261444],[140.63031972787326,43.29835305435006],[140.63038111469677,43.298178333163605],[140.63058138832048,43.29819527908893]]],[[[140.6290952793238,43.299242224848854],[140.62889500569997,43.299366108259335],[140.62883466928463,43.29925102741305],[140.6290952793238,43.299242224848854]]],[[[140.63028111458186,43.29915222519509],[140.63041972798817,43.29922527892353],[140.63038111469677,43.29939972132013],[140.63009639383358,43.29919722457231],[140.63028111458186,43.29915222519509]]],[[[140.6318363940344,43.29946722533225],[140.6318363940344,43.29961917118783],[140.6316133333887,43.299557504675136],[140.6318363940344,43.29946722533225]]],[[[140.62908549919655,43.299519081140716],[140.62911833973965,43.299658612754854],[140.62894917006815,43.29966999997055],[140.62888627777954,43.29956989193704],[140.62908549919655,43.299519081140716]]],[[[140.62982328141936,43.29952158575264],[140.62971138777039,43.299743053699046],[140.62958805384562,43.29965305404528],[140.62982328141936,43.29952158575264]]],[[[140.63074442281697,43.29999999990014],[140.63049666678785,43.29999083760714],[140.63052027219283,43.29960555904938],[140.63091250340938,43.29977694644896],[140.63074442281697,43.29999999990014]]],[[[140.62917999995705,43.30024972094793],[140.62924167276503,43.30012583843677],[140.62943752262368,43.300254332671386],[140.62917999995705,43.30024972094793]]],[[[140.6315513880861,43.30056472108504],[140.6316052790604,43.30075055879132],[140.63152834026073,43.30076194600707],[140.6314358368944,43.30059861293569],[140.6315513880861,43.30056472108504]]],[[[140.34558138817056,43.30182194632579],[140.34532749696643,43.30195722504595],[140.3450116730503,43.30196277476227],[140.3453041631567,43.301714999847434],[140.34558138817056,43.30182194632579]]],[[[140.59475199690723,43.30256558583318],[140.59493861162764,43.30279027874843],[140.59467083039453,43.302781387151356],[140.59475199690723,43.30256558583318]]],[[[140.5985808299414,43.30306055919749],[140.5986961086386,43.30345472125845],[140.59848972771886,43.30343417085038],[140.5982883398351,43.30314666658546],[140.5985808299414,43.30306055919749]]],[[[140.59390861179304,43.30392944099094],[140.59349861177157,43.30432138712234],[140.59311747099457,43.30403555919378],[140.5934697282454,43.30372110764307],[140.59390861179304,43.30392944099094]]],[[[140.59986666711302,43.30437194610846],[140.60012834015083,43.30450166701837],[140.59985819729798,43.30457569381326],[140.59986666711302,43.30437194610846]]],[[[140.60009055783303,43.3047327747978],[140.59993472061092,43.30485694599133],[140.599855278998,43.30475889200932],[140.60009055783303,43.3047327747978]]],[[[140.60024500560257,43.30614138741515],[140.600374448622,43.30589194605653],[140.60104444894228,43.305829999854666],[140.6008674974371,43.306099999715286],[140.60024500560257,43.30614138741515]]],[[[140.58626805442725,43.30777694574948],[140.58631224441456,43.30799835973659],[140.58620639420974,43.30804138690053],[140.58617555106093,43.307833053552656],[140.58626805442725,43.30777694574948]]],[[[140.60260111514935,43.30810555892447],[140.59974306069375,43.306972225188076],[140.602122503151,43.306116945640554],[140.60260111514935,43.30810555892447]]],[[[140.58950999978674,43.30835110801729],[140.5894357463627,43.308582386667865],[140.58927888481276,43.30853666693366],[140.58950999978674,43.30835110801729]]],[[[140.58910944174738,43.308384721078085],[140.58910944174738,43.308626946276604],[140.5889325028328,43.308621107877855],[140.58910944174738,43.308384721078085]]],[[[140.5885474967696,43.30852555940709],[140.58839333318588,43.3086661081544],[140.58832416273003,43.30854805414941],[140.5885474967696,43.30852555940709]]],[[[140.35555944181488,43.31035972132412],[140.355097496952,43.31029222540593],[140.35529749718182,43.31008417084786],[140.35555944181488,43.31035972132412]]],[[[140.35582888499516,43.310607224643775],[140.35580583716967,43.310787505439066],[140.3555825031301,43.31065805432581],[140.35582888499516,43.310607224643775]]],[[[140.35532834033074,43.311108333183086],[140.35480472086124,43.311108333183086],[140.35473555130466,43.31070861331193],[140.3554208302072,43.31075944119533],[140.35532834033074,43.311108333183086]]],[[[140.57767749731875,43.31252277520599],[140.57771061035646,43.312666252145846],[140.5775361086046,43.31266777469807],[140.57755360581427,43.312553612958936],[140.57767749731875,43.31252277520599]]],[[[140.3554744486869,43.31285305392532],[140.35560527936025,43.3130552790779],[140.35534360632244,43.31301610820691],[140.3554744486869,43.31285305392532]]],[[[140.35518194599013,43.31343805392311],[140.35511250303966,43.31353389197557],[140.35499693925738,43.31344944113886],[140.35507416314215,43.31335944058577],[140.35518194599013,43.31343805392311]]],[[[140.5765069388442,43.31369889239005],[140.57661975429824,43.31374758618222],[140.57659944221052,43.31389583762285],[140.5764608297036,43.31385083824563],[140.5765069388442,43.31369889239005]]],[[[140.57596958492843,43.3141264408826],[140.57596834026674,43.314222224975765],[140.5757836060286,43.31417166688897],[140.57582627796046,43.314086639586776],[140.57596958492843,43.3141264408826]]],[[[140.57345778205104,43.32006972124071],[140.57361194563487,43.32039583789765],[140.57349639444317,43.32050833319306],[140.57334250335396,43.32026110776394],[140.57345778205104,43.32006972124071]]],[[[140.56491138795025,43.32457138656031],[140.5645033331624,43.32443083781294],[140.56471138772042,43.32426194603204],[140.56496527892455,43.324351945685805],[140.56491138795025,43.32457138656031]]],[[[140.56531944183882,43.325185000287604],[140.56493444926548,43.325156945936385],[140.56520389064713,43.32492055913656],[140.56531944183882,43.325185000287604]]],[[[140.4232533331749,43.32907389184669],[140.42346888538077,43.329203333067426],[140.42334583744048,43.32925389205354],[140.42309167284247,43.32916944121678],[140.4232533331749,43.32907389184669]]],[[[140.35176999998555,43.329668612616445],[140.35166999987064,43.32977527940568],[140.35156972816048,43.329657225400695],[140.35176999998555,43.329668612616445]]],[[[140.38119722387285,43.329551108097235],[140.381343605623,43.329764721364825],[140.38091999975825,43.3300575046502],[140.38092778159194,43.329613054299045],[140.38119722387285,43.329551108097235]]],[[[140.5580433329335,43.33026666717302],[140.55742333312037,43.330294440935745],[140.55713111460932,43.330024171278524],[140.5581241630997,43.33007500006124],[140.5580433329335,43.33026666717302]]],[[[140.38211360605817,43.33012499966907],[140.38192111516742,43.33040638674538],[140.38162861157127,43.33041777486045],[140.38192111516742,43.33012499966907],[140.38211360605817,43.33012499966907]]],[[[140.35072277633515,43.33052389216397],[140.35076888457638,43.330591387182835],[140.35057639368563,43.33075472115354],[140.35050722412916,43.33060833310816],[140.35072277633515,43.33052389216397]]],[[[140.36869277585095,43.330709999666794],[140.36856194607697,43.33100250506163],[140.36837693934433,43.330912505407866],[140.36869277585095,43.330709999666794]]],[[[140.55619555078408,43.33071666724044],[140.5565574973307,43.3308630543865],[140.5567188851685,43.33118944084009],[140.5565111147962,43.33122889229958],[140.55618778244025,43.33086889188593],[140.55619555078408,43.33071666724044]]],[[[140.40074693921997,43.33115555888202],[140.40067749716877,43.331296387318446],[140.40056972781076,43.3312005591585],[140.40074693921997,43.33115555888202]]],[[[140.37391333313383,43.33138555869664],[140.37383639433415,43.33163889232105],[140.37361306119385,43.33153750455227],[140.37391333313383,43.33138555869664]]],[[[140.42114360639243,43.3314602788688],[140.42125138834092,43.33151083785492],[140.42124360560797,43.33169666656795],[140.42104333288353,43.331567225347214],[140.42114360639243,43.3314602788688]]],[[[140.37059472057,43.33129555904287],[140.3706102716468,43.33168361290848],[140.37035610884743,43.33163305392236],[140.37059472057,43.33129555904287]]],[[[140.4167852786178,43.331533332597246],[140.41692389112472,43.331702225277525],[140.41674693872028,43.3316852793522],[140.4167852786178,43.331533332597246]]],[[[140.36277944201765,43.33124444067846],[140.36290483808784,43.331403135046685],[140.36277221776368,43.33168361290848],[140.36253306105198,43.33169472133437],[140.3625797277723,43.331345838339814],[140.36277944201765,43.33124444067846]]],[[[140.38651000033633,43.33152666682224],[140.3866947210846,43.33168417138745],[140.38646389119572,43.33181917131776],[140.3862636058808,43.33162777490196],[140.38651000033633,43.33152666682224]]],[[[140.36497389123213,43.33141333335868],[140.3650508300318,43.331604720781286],[140.3647813877509,43.33163305392236],[140.3648274968915,43.331469720850976],[140.36497389123213,43.33141333335868]]],[[[140.55560277614723,43.33145417067351],[140.55595277609984,43.33164527930626],[140.5557336059212,43.33184805394461],[140.55547167297937,43.33167917115685],[140.55560277614723,43.33145417067351]]],[[[140.42125138834092,43.331809170856616],[140.42125138834092,43.331955558901996],[140.42104333288353,43.33200610799554],[140.42102805430136,43.33185417113316],[140.42125138834092,43.331809170856616]]],[[[140.38971306080919,43.33206694623266],[140.38946666725292,43.33211750521872],[140.38942805396164,43.33203889188138],[140.38962834017582,43.33201666693566],[140.38971306080919,43.33206694623266]]],[[[140.5553136063379,43.33181944111436],[140.55552011676002,43.331977505057864],[140.5552293902242,43.332068171109256],[140.5553136063379,43.33181944111436]]],[[[140.38717999975722,43.33223583801356],[140.3867641631357,43.332230279303985],[140.38683333269216,43.332055837806706],[140.38717999975722,43.33223583801356]]],[[[140.55286916987632,43.33233750457225],[140.55293861192752,43.33246138708341],[140.55280000031985,43.33247250540188],[140.55269221837125,43.332399440881545],[140.55286916987632,43.33233750457225]]],[[[140.5561913878223,43.33194917101747],[140.55630306113744,43.332281108086704],[140.5560911152129,43.33235972142404],[140.5560758366306,43.33200555940908],[140.5561913878223,43.33194917101747]]],[[[140.37876744456196,43.33208386517828],[140.37893827528126,43.33259333291602],[140.3787573020079,43.33260517069215],[140.37876744456196,43.33208386517828]]],[[[140.38848861225972,43.33246666700313],[140.3885733328931,43.33251722508993],[140.38847333277818,43.33268055906058],[140.38838083031112,43.33260166693344],[140.38848861225972,43.33246666700313]]],[[[140.39208444893825,43.332686107877635],[140.39211527859732,43.33244444115809],[140.39250027206992,43.33229250519503],[140.39261583675147,43.332382504848795],[140.39208444893825,43.332686107877635]]],[[[140.36006972803557,43.33255583838127],[140.36008500571847,43.33281444113362],[140.35994639411092,43.33280333270767],[140.35993111462926,43.332544720962176],[140.36006972803557,43.33255583838127]]],[[[140.35191639432617,43.33236444106615],[140.35208416285388,43.332543891787225],[140.35180722382438,43.33276917106048],[140.3517455510164,43.33239194593159],[140.35191639432617,43.33236444106615]]],[[[140.55259194576172,43.33254000042075],[140.5527152787871,43.332646945999784],[140.55247999995208,43.332793333145844],[140.55242610897778,43.3325794410884],[140.55259194576172,43.33254000042075]]],[[[140.35815416308424,43.33251944101943],[140.3581711153048,43.33269083831158],[140.35797861182357,43.33282583824189],[140.3580016731388,43.332572775313395],[140.35815416308424,43.33251944101943]]],[[[140.39297778239882,43.332793333145844],[140.3928238913096,43.33294500021162],[140.39280055839913,43.333158892269125],[140.39258500619314,43.33315333266023],[140.39263888457697,43.332928054286356],[140.39297778239882,43.332793333145844]]],[[[140.35809111521291,43.33302277538081],[140.35792944229001,43.33328166681554],[140.35782916968049,43.33324222524857],[140.3579369390386,43.333067774758035],[140.35809111521291,43.33302277538081]]],[[[140.35885221775573,43.33313527877016],[140.35871444881286,43.33326472089021],[140.35815944210458,43.333259171173836],[140.35829027187856,43.33310722531826],[140.35885221775573,43.33313527877016]]],[[[140.3450944493494,43.33339361262517],[140.34503277564215,43.33329250544483],[140.34537167256474,43.333219171127894],[140.34541027236628,43.3333825050986],[140.3450944493494,43.33339361262517]]],[[[140.55296503221052,43.33291325234478],[140.55301888541328,43.33326610764482],[140.55278027189206,43.33341805439977],[140.5526955512587,43.33288333279961],[140.55296503221052,43.33291325234478]]],[[[140.3456702717657,43.33342194576625],[140.34571805364533,43.33357389162188],[140.34542389080002,43.33359055875735],[140.34541610896633,43.333472504752365],[140.3456702717657,43.33342194576625]]],[[[140.55331944243835,43.333209721051844],[140.55328861188002,43.333558891829455],[140.55308472118304,43.33346889217569],[140.55331944243835,43.333209721051844]]],[[[140.34610128444683,43.333580387425],[140.34607861163863,43.333731387193836],[140.34586693910796,43.333690801689215],[140.34583972832093,43.33353999977123],[140.34610128444683,43.333580387425]]],[[[140.41089500609974,43.33371110838101],[140.4109644490502,43.333885558871486],[140.41087194568377,43.33390805361381],[140.41081055796099,43.33376166736713],[140.41089500609974,43.33371110838101]]],[[[140.40222500557957,43.33366027869897],[140.40225583703727,43.33371638740141],[140.4020941632151,43.33384583761534],[140.4020480540745,43.33372777461716],[140.40222500557957,43.33366027869897]]],[[[140.40108555105735,43.33395861259993],[140.40114693878024,43.333693891759765],[140.4015474968196,43.33375583796163],[140.40108555105735,43.33395861259993]]],[[[140.39912757497768,43.334084486210145],[140.39876807998291,43.33412897297376],[140.39874247718365,43.33404708970147],[140.399107522794,43.334002774708324],[140.39912757497768,43.334084486210145]]],[[[140.40468610917662,43.33409055933191],[140.40468944206418,43.33417805437375],[140.40444834011885,43.33428861342884],[140.4042900000835,43.33423194624737],[140.40468610917662,43.33409055933191]]],[[[140.4045308304335,43.3344247213239],[140.4045244488443,43.334568891641084],[140.40433416309122,43.33464861294317],[140.4042297284193,43.33459444138043],[140.4044166668957,43.3344197210933],[140.4045308304335,43.3344247213239]]],[[[140.34702722372742,43.33446889242549],[140.34707333286804,43.33456444089626],[140.34693472126048,43.334654441449345],[140.34684999972774,43.334513891802715],[140.34702722372742,43.33446889242549]]],[[[140.34969111455337,43.33455889207926],[140.3497216726172,43.33468250479382],[140.3495599996943,43.33477833295376],[140.3493908300228,43.33471638675189],[140.34969111455337,43.33455889207926]]],[[[140.3440147206029,43.33481750472413],[140.34395306128476,43.33472194636079],[140.34436888531582,43.3346319458077],[140.3447616732127,43.33443499967552],[140.34491583679653,43.334479999952066],[140.34456138789778,43.33472194636079],[140.3440147206029,43.33481750472413]]],[[[140.34888250262543,43.33472194636079],[140.34904416295785,43.33487389221642],[140.34891333318387,43.334890838141746],[140.34876693884326,43.334761387028436],[140.34888250262543,43.33472194636079]]],[[[140.34339888465092,43.335155279292735],[140.34343749704294,43.33504833281438],[140.34392999996953,43.334884999743],[140.34392999996953,43.33501444096373],[140.34370666682923,43.33512138744214],[140.34339888465092,43.335155279292735]]],[[[140.3458183397446,43.33527917079715],[140.34585666705163,43.33543110765953],[140.34570277596242,43.33547583813947],[140.34570277596242,43.335324171073694],[140.3458183397446,43.33527917079715]]],[[[140.34233778176326,43.33626305429658],[140.3424136063029,43.3356338921904],[140.34313083002382,43.335938333387446],[140.34233778176326,43.33626305429658]]],[[[140.34253111531882,43.33677222525802],[140.34225250265092,43.336640559114585],[140.34278027159235,43.33650722472868],[140.34288527913236,43.33664250524748],[140.34253111531882,43.33677222525802]]],[[[140.5490555506732,43.33627110772551],[140.54966444925503,43.336575279125896],[140.54939360583035,43.33689055895218],[140.5490555506732,43.33627110772551]]],[[[140.34195999995404,43.33729138678814],[140.34206972803554,43.33704110816069],[140.3426155508671,43.33688138676666],[140.3426636061406,43.336990837856945],[140.34230944232695,43.33703555934363],[140.34195999995404,43.33729138678814]]],[[[140.54920167341857,43.337621946095965],[140.54883167344303,43.3377738919516],[140.54861610864657,43.33743055867342],[140.5487844491431,43.33731833317461],[140.54920167341857,43.337621946095965]]],[[[140.34134167287993,43.33800722465372],[140.34148333318933,43.33765027923704],[140.3419483402438,43.337772774993596],[140.34134167287993,43.33800722465372]]],[[[140.44774027169626,43.33802417057905],[140.44772500570457,43.33813638708466],[140.44754778170477,43.33810833273344],[140.4475322180375,43.33800722465372],[140.44774027169626,43.33802417057905]]],[[[140.3417208297526,43.33811027886634],[140.34149472130446,43.33828277513004],[140.3414297281995,43.338203891996045],[140.3417208297526,43.33811027886634]]],[[[140.4481336063809,43.33886805391762],[140.44794861223875,43.33893555882901],[140.44796416331553,43.338789440580285],[140.4481336063809,43.33886805391762]]],[[[140.5443291699553,43.33939472118948],[140.5443291699553,43.33946777491792],[140.54409778158742,43.339479171126925],[140.54403610877944,43.33939472118948],[140.5443291699553,43.33939472118948]]],[[[140.54363527914484,43.3398841709178],[140.54301861221927,43.339360838332084],[140.54366444865548,43.33921694590538],[140.54363527914484,43.3398841709178]]],[[[140.5423477818248,43.33970389192115],[140.5426794419028,43.33996277526194],[140.54247111485017,43.34017666731938],[140.5422783397736,43.33992333279565],[140.5423477818248,43.33970389192115]]],[[[140.54157666712956,43.34065527931773],[140.54166167284802,43.3407452789715],[140.5414611150385,43.34079027924804],[140.54143027188957,43.34068889237852],[140.54157666712956,43.34065527931773]]],[[[140.45530635530417,43.34334050476053],[140.45494108935986,43.34329446756567],[140.45496500593038,43.3432278376946],[140.45530635530417,43.34334050476053]]],[[[140.45400116741996,43.34400474762106],[140.453948975265,43.344055532336995],[140.4533749676807,43.34367150473622],[140.453422801721,43.34361119799843],[140.45400116741996,43.34400474762106]]],[[[140.53658055814628,43.345230558643436],[140.5365263937781,43.34504472093715],[140.5369119457298,43.345005279370184],[140.5369044489812,43.345151667415564],[140.53658055814628,43.345230558643436]]],[[[140.5345683403567,43.346462774637416],[140.5344836062335,43.34645722492104],[140.5344294418653,43.34631638659204],[140.5345683403567,43.346327774707106],[140.5345683403567,43.346462774637416]]],[[[140.53492360583982,43.34642305428059],[140.53492194569128,43.346493332701186],[140.53474555086655,43.34654166676455],[140.5347608303481,43.34641777526019],[140.53492360583982,43.34642305428059]]],[[[140.5370200001729,43.34651944091951],[140.5371972241726,43.34662638739792],[140.5369661091986,43.34671055944483],[140.53685805385612,43.34651944091951],[140.5370200001729,43.34651944091951]]],[[[140.53483027239918,43.34749833318159],[140.5346452791564,43.34745889161462],[140.53466833957225,43.34731277516448],[140.53483027239918,43.347273332698194],[140.53483027239918,43.34749833318159]]],[[[140.53479944184085,43.34761666687575],[140.53498444857348,43.34762222468595],[140.53488416337348,43.34779666708255],[140.53479944184085,43.34761666687575]]],[[[140.53507693934932,43.34793750541161],[140.53515221800058,43.34806777490792],[140.53495360632394,43.34808361286849],[140.5349457723296,43.34790972085699],[140.53507693934932,43.34793750541161]]],[[[140.46049138756757,43.34787305369855],[140.4605761091002,43.347951667035886],[140.46042972824944,43.348075559439565],[140.46031389107327,43.34799694610223],[140.46049138756757,43.34787305369855]]],[[[140.45987444904665,43.34827250467242],[140.45995167293142,43.34810944139764],[140.46014444890727,43.34817138670019],[140.45987444904665,43.34827250467242]]],[[[140.53517555091105,43.348534999690514],[140.53511389069354,43.34861944063471],[140.53484389083292,43.34859666710258],[140.5348669386584,43.34852917118434],[140.53509447522993,43.34849366684932],[140.53517555091105,43.348534999690514]]],[[[140.53489194610654,43.348719721338114],[140.53478221802504,43.34879944084156],[140.53455082965718,43.34872055860694],[140.53461739297836,43.34863699989768],[140.53489194610654,43.348719721338114]]],[[[140.53211444932242,43.348444440658454],[140.5317444493469,43.34888361288847],[140.531474448587,43.34860777462916],[140.53180027206497,43.34822417060906],[140.53211444932242,43.348444440658454]]],[[[140.45884138791973,43.34880722537321],[140.45881944176392,43.34892055883677],[140.45865639377757,43.348874721291395],[140.45867167325923,43.34880166666363],[140.45884138791973,43.34880722537321]]],[[[140.53468972814846,43.34887833296875],[140.534753061105,43.34899527900899],[140.53452778183168,43.34909750494597],[140.53455861239013,43.34889500010422],[140.53468972814846,43.34887833296875]]],[[[140.45853416332102,43.34927499964158],[140.4585327756671,43.349414999802434],[140.45831172500618,43.34941653224723],[140.45827834037323,43.3493080542234],[140.45853416332102,43.34927499964158]]],[[[140.45828610871706,43.34952750499042],[140.458102218043,43.34973110790435],[140.45800221792808,43.34962417131851],[140.45807917021762,43.349511387340726],[140.45828610871706,43.34952750499042]]],[[[140.53108138819562,43.34980666714404],[140.53082888464542,43.34983944113736],[140.53086555090454,43.349733613415594],[140.53108138819562,43.34980666714404]]],[[[140.45796360643533,43.349747775039816],[140.45816277569156,43.34991027893625],[140.45810888471738,43.349988892273586],[140.45776306121638,43.34985472061891],[140.45796360643533,43.349747775039816]]],[[[140.53129138798727,43.35003638726948],[140.53111221785468,43.350262504710884],[140.53086749703743,43.35000277510801],[140.53129138798727,43.35003638726948]]],[[[140.5315438906381,43.35031889220318],[140.53141472101265,43.35021666716551],[140.5316363940044,43.35008250540335],[140.53171044058445,43.35018730609937],[140.5315438906381,43.35031889220318]]],[[[140.53145173800738,43.35043948589362],[140.53155731481831,43.350661486238664],[140.53125001287788,43.35065468466604],[140.53145173800738,43.35043948589362]]],[[[140.45847533057213,43.35061453173529],[140.4584877816858,43.35080610801555],[140.45827972802704,43.3507947207998],[140.45847533057213,43.35061453173529]]],[[[140.45879639393854,43.35092444081033],[140.45888861221977,43.35101444136342],[140.45877306102796,43.35114944129373],[140.45861138810517,43.35105944074064],[140.45879639393854,43.35092444081033]]],[[[140.52888583731158,43.351550279022206],[140.52882416270506,43.35167417142594],[140.5286700000205,43.35164027867597],[140.5287394420717,43.35153333309688],[140.52888583731158,43.351550279022206]]],[[[140.45911999968826,43.35181361310782],[140.459035005661,43.35159972105032],[140.4594130608641,43.35159972105032],[140.45944389142255,43.35178000004703],[140.45911999968826,43.35181361310782]]],[[[140.4596427755937,43.35189138737769],[140.45979083008285,43.35219083823665],[140.45941944155402,43.352031946017576],[140.4596427755937,43.35189138737769]]],[[[140.46005306070026,43.35246666660345],[140.4599836060586,43.352708333322994],[140.45981389139808,43.3526519458307],[140.45989949426632,43.352448252085196],[140.46005306070026,43.35246666660345]]],[[[140.46033055820874,43.3526241711686],[140.46065444904366,43.35291083816469],[140.46070693887418,43.353196945782486],[140.4603613878678,43.353282504583945],[140.46014555057673,43.3528266670171],[140.46033055820874,43.3526241711686]]],[[[140.4616411150455,43.35327694587443],[140.46153167294847,43.353483891568374],[140.4614097275769,43.353355559211764],[140.4616411150455,43.35327694587443]]],[[[140.46122333319033,43.35341638665699],[140.46141610916618,43.35360777497891],[140.46128500599832,43.3536922249163],[140.46110749691354,43.35348944128475],[140.46122333319033,43.35341638665699]]],[[[140.46217539597785,43.3536517662161],[140.46226038910572,43.35377009901089],[140.46212150500355,43.35382648560386],[140.462005940322,43.353747595275365],[140.46217539597785,43.3536517662161]]],[[[140.46163194555788,43.353900278575054],[140.46147778197417,43.3538666673129],[140.46160888514203,43.353641387140385],[140.4617322181674,43.35379917139471],[140.46163194555788,43.353900278575054]]],[[[140.46189574639163,43.354024748343534],[140.46189574639163,43.354193640124436],[140.46175686139009,43.354205027340186],[140.46175686139009,43.35399113528274],[140.46189574639163,43.354024748343534]]],[[[140.46222555116833,43.355526946211626],[140.46230277595237,43.355673333357686],[140.4622486115842,43.3560222253455],[140.46205583740698,43.35568444088432],[140.46222555116833,43.355526946211626]]],[[[140.46238749658573,43.35619666684278],[140.46231778204003,43.35642194611597],[140.4621408296357,43.3562191705783],[140.46238749658573,43.35619666684278]]],[[[140.516457223722,43.35678944058026],[140.51648805428033,43.356873892316344],[140.51631861211433,43.356958333260536],[140.51626472114003,43.356872224973245],[140.516457223722,43.35678944058026]]],[[[140.5153472237954,43.3568344408568],[140.5152394418468,43.35702583817192],[140.51511610882142,43.356986386712435],[140.51519778165232,43.35686972126069],[140.5153472237954,43.3568344408568]]],[[[140.46280360570188,43.356359999914105],[140.46298861243463,43.35675944099546],[140.4627805578765,43.35705194639024],[140.46258000006696,43.356506387060165],[140.46280360570188,43.356359999914105]]],[[[140.51836167305282,43.35718333284461],[140.51824610927054,43.357020278563084],[140.51847749673914,43.35699194632133],[140.51836167305282,43.35718333284461]]],[[[140.51902500579945,43.35729027932297],[140.5189863943067,43.3574422251786],[140.51885527944762,43.357476108035996],[140.5188322181324,43.35728472061339],[140.51902500579945,43.35729027932297]]],[[[140.51909416276544,43.35753222483237],[140.51910194639777,43.35769555880307],[140.51896333299146,43.35771250472834],[140.51899416265053,43.357526667022114],[140.51909416276544,43.35753222483237]]],[[[140.51880138757406,43.35778555935616],[140.5186086115982,43.357661666952424],[140.5187627760813,43.357605559149306],[140.51880138757406,43.35778555935616]]],[[[140.5203969386679,43.3580838923578],[140.52034306118344,43.35815694608624],[140.52017360642685,43.35820222515264],[140.52022778158687,43.35805583800658],[140.5203969386679,43.3580838923578]]],[[[140.52074389081793,43.3580894411748],[140.5207672237285,43.358280837590655],[140.52052027169327,43.35824722542918],[140.5204972238679,43.358123333025446],[140.52074389081793,43.3580894411748]]],[[[140.52170778238826,43.35837083814374],[140.52162306085563,43.35819638675389],[140.5218233326807,43.358145837660345],[140.52170778238826,43.35837083814374]]],[[[140.52055888498467,43.35834277479927],[140.52056666681824,43.358568054072464],[140.52041250323452,43.35855666685677],[140.52055888498467,43.35834277479927]]],[[[140.5230699998807,43.35884527908644],[140.52287722390486,43.35892972092995],[140.5227925032715,43.358800278809895],[140.5230699998807,43.35884527908644]]],[[[140.5248919463063,43.35900138700447],[140.52478389096382,43.359102504976704],[140.52461555136665,43.35910750520725],[140.52459888513056,43.35902389163937],[140.5248919463063,43.35900138700447]]],[[[140.52262527883363,43.35900138700447],[140.52265610939196,43.35913638693478],[140.5225380535884,43.35919999958037],[140.52246861243657,43.35900305434751],[140.52262527883363,43.35900138700447]]],[[[140.52906861192696,43.358901666578674],[140.5291786116037,43.359063333206336],[140.52899916987587,43.35923944114734],[140.52873693925835,43.35908166678553],[140.52906861192696,43.358901666578674]]],[[[140.52543396860278,43.35911691931045],[140.5254986118715,43.35925610828281],[140.52530583679504,43.359211108006264],[140.52543396860278,43.35911691931045]]],[[[140.52210861202286,43.35915889156962],[140.52196221768224,43.35927138686509],[140.52187749704888,43.35923222498724],[140.52203167322318,43.359102504976704],[140.52210861202286,43.35915889156962]]],[[[140.52830722429906,43.3589338919856],[140.52774221802895,43.35882277535086],[140.52792082968256,43.358470386798956],[140.52841306101402,43.3584966667878],[140.52830722429906,43.3589338919856]]],[[[140.52509999996505,43.35929389239925],[140.5248277823763,43.359211108006264],[140.52504914420274,43.35909710814508],[140.52509999996505,43.35929389239925]]],[[[140.52234000039073,43.35918138721132],[140.5224711152498,43.359361667107294],[140.52229389125011,43.359338891776474],[140.52234000039073,43.35918138721132]]],[[[140.5259483403437,43.35951917077318],[140.5256861088269,43.35951361296293],[140.52564749733415,43.35944027864599],[140.52589416338503,43.35941222519409],[140.5259483403437,43.35951917077318]]],[[[140.52504654965855,43.35949833258206],[140.52496391725106,43.35967677516311],[140.52453905323478,43.359619170888095],[140.52455250259595,43.359445838254885],[140.52504654965855,43.35949833258206]]],[[[140.52583027194953,43.36005000010749],[140.52587639368073,43.36043250515604],[140.52530055777459,43.36017194637827],[140.52583027194953,43.36005000010749]]],[[[140.46471555088203,43.36073277529738],[140.46449972798018,43.36073861279681],[140.46422194628587,43.360316387391435],[140.4645458371208,43.36038389230282],[140.46471555088203,43.36073277529738]]],[[[140.50871639374668,43.36140972108183],[140.50887055822977,43.361471667283695],[140.5087011151644,43.36155610822789],[140.50871639374668,43.36140972108183]]],[[[140.4658872236165,43.362398612905736],[140.4659411145908,43.36246055910755],[140.46582555080863,43.362573054403015],[140.4657174972648,43.362426667256955],[140.4658872236165,43.362398612905736]]],[[[140.50867749716883,43.36398722483062],[140.50875144032682,43.36425950537193],[140.508315279027,43.364184170962744],[140.50843111530378,43.36398166702037],[140.50867749716883,43.36398722483062]]],[[[140.5078833328496,43.36542250504465],[140.50778333273468,43.365264720790265],[140.50795277580005,43.36524222514862],[140.5078833328496,43.36542250504465]]],[[[140.50824386476256,43.36561453188517],[140.5082997279502,43.36570389212096],[140.50807610882543,43.365720838046286],[140.50811472121745,43.365613891567875],[140.50824386476256,43.36561453188517]]],[[[140.46495389100937,43.36652944098097],[140.46496944208616,43.36662527903343],[140.46483833981756,43.366653333384704],[140.46476111503353,43.36656333283162],[140.46495389100937,43.36652944098097]]],[[[140.46188555077765,43.367919441229276],[140.46153083028366,43.36789694558763],[140.46155389069952,43.36780138722429],[140.46187778243382,43.36776194565732],[140.46188555077765,43.367919441229276]]],[[[140.45964944226796,43.369354440854806],[140.45961082987594,43.369472504752366],[140.45942583663316,43.36945000011747],[140.4594566671915,43.36935999956438],[140.45964944226796,43.369354440854806]]],[[[140.4602508297121,43.36953444106166],[140.45995805362134,43.36953444106166],[140.45976527944413,43.36918000025685],[140.46021250330443,43.369202504891746],[140.4602508297121,43.36953444106166]]],[[[140.50323450067174,43.370890170844746],[140.503337950586,43.37108702704472],[140.5030952793237,43.37116805416241],[140.502968340017,43.3710638919851],[140.50323450067174,43.370890170844746]]],[[[140.46104472063746,43.37175194619539],[140.46093833983264,43.37146722533225],[140.46117583729517,43.3714197213431],[140.4612374966132,43.37168417058808],[140.46104472063746,43.37175194619539]]],[[[140.46344277636308,43.371706945918845],[140.46351972775335,43.37181972090343],[140.46331167319522,43.37187027899023],[140.46329610862858,43.37174638658655],[140.46344277636308,43.371706945918845]]],[[[140.46337333341262,43.372202504741836],[140.4633811152463,43.37205610770326],[140.46368138808566,43.37197722456932],[140.46365834026028,43.372157224776174],[140.46337333341262,43.372202504741836]]],[[[140.46414416302275,43.37235444070495],[140.46406693913798,43.372393613374584],[140.46388972772877,43.37229250529492],[140.46407472097167,43.372253053835436],[140.46414416302275,43.37235444070495]]],[[[140.49768666660646,43.372476386975734],[140.49774055758076,43.372656666871706],[140.497544162733,43.372631386929015],[140.49768666660646,43.372476386975734]]],[[[140.49817250285878,43.372543891887176],[140.49824944165846,43.3727072249585],[140.49806444931494,43.37270166714825],[140.49797194594862,43.372594720669895],[140.49817250285878,43.372543891887176]]],[[[140.46416722433798,43.372776107631296],[140.46400527892058,43.37268610797753],[140.46420583673,43.372511946169425],[140.46434444923705,43.3727088923016],[140.46416722433798,43.372776107631296]]],[[[140.4964219464158,43.372971387319694],[140.49626000009903,43.372892774881734],[140.49650693864442,43.37280250543131],[140.49654194565437,43.372889999573886],[140.4964219464158,43.372971387319694]]],[[[140.4940625030821,43.37292083822615],[140.49421666666592,43.37303333262224],[140.49412083041204,43.37314917069773],[140.49397778244872,43.37305583815646],[140.4940625030821,43.37292083822615]]],[[[140.49611119287727,43.373089747993504],[140.49612138759198,43.373247224679744],[140.49589416308527,43.3731377753881],[140.49611119287727,43.373089747993504]]],[[[140.46893972768635,43.373479999802214],[140.46883167324324,43.37333917136573],[140.46910167310375,43.373305559204255],[140.46910167310375,43.373446107951565],[140.46893972768635,43.373479999802214]]],[[[140.46804527906647,43.373626386948274],[140.46789861223124,43.373446107951565],[140.46812221786615,43.37343500042499],[140.46804527906647,43.373626386948274]]],[[[140.46520027197505,43.37353027909916],[140.4652544489337,43.37396389172028],[140.4648319456378,43.373791945841674],[140.46520027197505,43.37353027909916]]],[[[140.47627972802707,43.374211946324294],[140.47603277599194,43.37383499998532],[140.47625639421733,43.37380110813467],[140.47627972802707,43.374211946324294]]],[[[140.4737891698344,43.37422889224962],[140.4733805583661,43.37424583817494],[140.47351916997377,43.3740319461175],[140.4737891698344,43.37422889224962]]],[[[140.47650333276272,43.37390250489676],[140.4765958370283,43.37406555917829],[140.4767113882201,43.37416694604775],[140.4766497280026,43.37430194597806],[140.47653416332105,43.37418944079013],[140.47644917019306,43.373947505173305],[140.47650333276272,43.37390250489676]]],[[[140.4786694416415,43.37421750503387],[140.4788005582992,43.37428500005274],[140.47862333340015,43.37440333284758],[140.47853834027228,43.37427944134322],[140.4786694416415,43.37421750503387]]],[[[140.47701972797813,43.374307775383556],[140.47701194614444,43.3744202787729],[140.4768269394118,43.37440333284758],[140.47686555090456,43.37429638726849],[140.47701972797813,43.374307775383556]]],[[[140.48780807977914,43.374731359664565],[140.48783082992895,43.37457580213163],[140.48827639364072,43.37452777473709],[140.48803277629167,43.37472722458182],[140.48780807977914,43.374731359664565]]],[[[140.4761099998767,43.37468472082327],[140.47579389087548,43.37470166674859],[140.4758863942418,43.374223332640724],[140.47631055768613,43.374465279049446],[140.4761099998767,43.37468472082327]]],[[[140.48628408594186,43.3748428018539],[140.4863902715938,43.3749972253417],[140.4861817511869,43.374960279393406],[140.48628408594186,43.3748428018539]]],[[[140.47891639367674,43.37480305361811],[140.47891639367674,43.37493250473136],[140.47872360600968,43.374983053824906],[140.47870027219983,43.374859171313744],[140.47891639367674,43.37480305361811]]],[[[140.48808666726597,43.374817225134905],[140.48806360595074,43.37492417071394],[140.4877167437328,43.375105197946596],[140.48775500628858,43.3748508381957],[140.48808666726597,43.374817225134905]]],[[[140.4754391703815,43.37343527921479],[140.4753927761558,43.37416694604775],[140.4747374968381,43.37499972096043],[140.47401138781538,43.37489861288071],[140.47452944227996,43.37390805371376],[140.4754391703815,43.37343527921479]]],[[[140.47771542192925,43.37499999975023],[140.47757472119645,43.375151945605865],[140.47752833956133,43.374977505007905],[140.47771542192925,43.37499999975023]]],[[[140.4800958365537,43.37515750521476],[140.47981055811078,43.37505055873635],[140.48007277613772,43.37479722511188],[140.48021916957907,43.374859171313744],[140.4800958365537,43.37515750521476]]],[[[140.4773777561786,43.375061386573805],[140.4773846171065,43.37529405377762],[140.47711241210823,43.37523991908705],[140.47709177716388,43.37501225211378],[140.4773777561786,43.375061386573805]]],[[[140.48510749661375,43.375321108082744],[140.4848711152099,43.37540250482181],[140.48479341108714,43.3752325050761],[140.48506111497852,43.37521972121323],[140.48510749661375,43.375321108082744]]],[[[140.47644888510797,43.37527583800954],[140.4763719463083,43.37541638675691],[140.4762638909658,43.37530944117782],[140.47644888510797,43.37527583800954]]],[[[140.4767341626515,43.37571444096875],[140.47654138757503,43.37556250500563],[140.47683444875088,43.37533194581272],[140.47699639416828,43.37550638731],[140.4767341626515,43.37571444096875]]],[[[140.47866194579228,43.37557389222138],[140.47883138795828,43.37558527943713],[140.4791397277163,43.37587805372925],[140.47886221761735,43.3758386130616],[140.47865416305922,43.37571472065787],[140.47866194579228,43.37557389222138]]],[[[140.47999583733804,43.37587222522308],[140.48003416284644,43.37597361299191],[140.4797488853029,43.37613110766455],[140.4797180538452,43.37590610808047],[140.47999583733804,43.37587222522308]]],[[[140.4811196886228,43.3762440544196],[140.48033500585586,43.37610305421265],[140.48109833961678,43.37568666720597],[140.4811196886228,43.3762440544196]]],[[[140.47856167318275,43.376721946061025],[140.47803722363903,43.375934171424944],[140.47834555080658,43.37568083780047],[140.47886221761735,43.376204441082166],[140.47856167318275,43.376721946061025]]],[[[140.47851527895705,43.376834441356436],[140.47851527895705,43.37693583811847],[140.4782608301732,43.376918892193146],[140.47840749700845,43.37680638700522],[140.47851527895705,43.376834441356436]]],[[[139.83894610927564,42.624327224721696],[139.83869389081053,42.62451917062327],[139.83858194590016,42.62433722518284],[139.83894610927564,42.624327224721696]]],[[[139.8395502720275,42.62438777517576],[139.83965944163003,42.62459000032828],[139.8393636060456,42.62453944134222],[139.8395502720275,42.62438777517576]]],[[[139.83968111529134,42.62482999970479],[139.83945693858686,42.62495638682782],[139.83931666683077,42.62480472066136],[139.8394630611714,42.62469361301987],[139.83968111529134,42.62482999970479]]],[[[139.839783605629,42.62514583801004],[139.83983666742836,42.62530250530642],[139.83963416258655,42.625320278608],[139.83954111513037,42.62514583801004],[139.839783605629,42.62514583801004]]],[[[139.8479002721799,42.637135559058834],[139.8479802722718,42.63715972114426],[139.84800583729964,42.63728917135825],[139.8479002721799,42.63729499986442],[139.84774444934692,42.63716694629761],[139.8479002721799,42.637135559058834]]],[[[139.85355722368695,42.642364999844915],[139.85369306088614,42.64199389190463],[139.85398666705112,42.64219889236506],[139.85355722368695,42.642364999844915]]],[[[139.85461778158538,42.64344222487881],[139.85460111534928,42.64355027932197],[139.85445444941342,42.643536945973324],[139.85446333291657,42.64343861320151],[139.85461778158538,42.64344222487881]]],[[[139.85426861170708,42.64354055944932],[139.8542897277888,42.64366222513166],[139.85413527911987,42.643708333372956],[139.85409805438178,42.64360277544779],[139.85426861170708,42.64354055944932]]],[[[139.85579999977028,42.64752694561213],[139.85552888475024,42.64771861272385],[139.8553027763021,42.64763610802004],[139.85572055815726,42.647479170927056],[139.85579999977028,42.64752694561213]]],[[[139.8556066671141,42.647874171156104],[139.8556672238634,42.64798027856705],[139.8554980541919,42.64804889234256],[139.85552221807598,42.64789083829163],[139.8556066671141,42.647874171156104]]],[[[139.85883027169973,42.65196527887457],[139.8589727755732,42.65209694591738],[139.85877555065122,42.65214944114382],[139.85883027169973,42.65196527887457]]],[[[139.8580091699872,42.652435278965015],[139.85769722394775,42.652062504580954],[139.85841333340863,42.6520808381602],[139.8580091699872,42.652435278965015]]],[[[139.85967083024468,42.65355999989413],[139.8594674971274,42.65377722483913],[139.8591974972668,42.65370750489751],[139.8592874969205,42.65351083755519],[139.85967083024468,42.65355999989413]]],[[[139.86153306090205,42.654058612814765],[139.861481387656,42.65427694572452],[139.86108778227538,42.654184721148],[139.86129999979516,42.654020837691576],[139.86153306090205,42.654058612814765]]],[[[139.86306111517843,42.65627889235702],[139.86320861208787,42.65642805391161],[139.8629688069649,42.65650594599265],[139.8628433326537,42.65638805386567],[139.86306111517843,42.65627889235702]]],[[[139.8632211153622,42.65681444133344],[139.86297805379422,42.65677666710957],[139.86301944239347,42.656650558776334],[139.8632008302542,42.656650558776334],[139.8632211153622,42.65681444133344]]],[[[139.8625377816934,42.65668417093781],[139.8624778598654,42.656876972993985],[139.86235666722644,42.656881666555705],[139.8624394417269,42.656675837819705],[139.8625377816934,42.65668417093781]]],[[[139.86283306059738,42.656881666555705],[139.86283833961772,42.65699722494202],[139.86270111476472,42.65699527880912],[139.86269055762318,42.65686694555313],[139.86283306059738,42.656881666555705]]],[[[139.86273221781767,42.65727055858946],[139.8625663936242,42.657148613218],[139.86284861167417,42.65710027915463],[139.86273221781767,42.65727055858946]]],[[[139.86533547275394,42.660391359873415],[139.8653266665924,42.660545278841596],[139.86509472064495,42.66056444069642],[139.86514194584424,42.660410838289636],[139.86533547275394,42.660391359873415]]],[[[139.86780444901615,42.66370083802332],[139.86776778185776,42.6638630541367],[139.86752389111473,42.66384138677063],[139.86764583738557,42.66368250534339],[139.86780444901615,42.66370083802332]]],[[[139.87362555107836,42.666321946300855],[139.87391167308533,42.666584441318946],[139.87374500622707,42.66712722534123],[139.87319527943862,42.66682638682835],[139.87362555107836,42.666321946300855]]],[[[139.8774397278612,42.66794055870986],[139.87720083015427,42.668258891734524],[139.87702167261216,42.667983612853504],[139.8774397278612,42.66794055870986]]],[[[139.87536610885888,42.66845027915713],[139.87525000008748,42.66834805411946],[139.87540722406425,42.66819027885833],[139.8755766671295,42.668307504587744],[139.87536610885888,42.66845027915713]]],[[[139.87667306121284,42.668134171055215],[139.87666666703308,42.66845027915713],[139.87627516156954,42.66838202690906],[139.87667306121284,42.668134171055215]]],[[[139.90913954575353,42.68215212591991],[139.90892593968044,42.6821240625755],[139.90883426728772,42.68188212605935],[139.90917761315643,42.681921576619516],[139.90913954575353,42.68215212591991]]],[[[139.90982678337946,42.6820786486108],[139.90947595335263,42.682450036240255],[139.90931566808365,42.68192670275516],[139.90982678337946,42.6820786486108]]],[[[139.91371530531717,42.68333333326677],[139.91398583667706,42.68371417097228],[139.91368216619912,42.68379622511577],[139.9133957456172,42.68348908055668],[139.91371530531717,42.68333333326677]]],[[[140.02069167268257,42.69226972107083],[140.01953999997113,42.69175750500489],[140.02080610871496,42.6910036132262],[140.02069167268257,42.69226972107083]]],[[[140.05595805432085,42.70099305408621],[140.05591250275984,42.70113944123227],[140.0557216729169,42.70119000021839],[140.05569111485318,42.700976108160944],[140.05595805432085,42.70099305408621]]],[[[140.0631652787547,42.70797194604853],[140.06334083001536,42.70808444134394],[140.06309666677782,42.70824750461867],[140.0630052785708,42.7080619457023],[140.0631652787547,42.70797194604853]]],[[[140.06240456471892,42.71047685562246],[140.0624805322508,42.710610288034445],[140.062389287036,42.71082018890064],[140.0622901169953,42.710837134825965],[140.06231317831055,42.71047130590608],[140.06240456471892,42.71047685562246]]],[[[140.0636605578885,42.71670610780069],[140.06369111505296,42.716008332818376],[140.06441583732112,42.71608722494551],[140.06446138798276,42.71650944135769],[140.0636605578885,42.71670610780069]]],[[[140.0657811152064,42.71694833299921],[140.06575055804194,42.717189999718755],[140.06547583674057,42.71712805441621],[140.06551416314812,42.71694805420941],[140.0657811152064,42.71694833299921]]],[[[140.06578861195499,42.71743777463365],[140.0660325026979,42.71771917070322],[140.06550610881993,42.71820305362809],[140.0652241632646,42.717994999969335],[140.06578861195499,42.71743777463365]]],[[[140.07788444940786,42.7279394405528],[140.07767111493013,42.728068891666055],[140.07764055776556,42.727832504866285],[140.07788444940786,42.7279394405528]]],[[[140.0793716726646,42.72979110777345],[140.079440272051,42.729943053629086],[140.07909693877275,42.730038891681545],[140.07904360627742,42.72987555861022],[140.0793716726646,42.72979110777345]]],[[[140.07908194617494,42.731271107675525],[140.0789674966527,42.73144555906538],[140.0786927762507,42.731259721359095],[140.0789063940149,42.73116972080601],[140.07908194617494,42.731271107675525]]],[[[140.08151472112752,42.73232361304434],[140.080485006378,42.7317158377158],[140.08127055788998,42.73095610843768],[140.08221416255367,42.731838332573034],[140.08151472112752,42.73232361304434]]],[[[140.08670966302054,42.733034332868215],[140.08596111501356,42.732936946183145],[140.08587963733544,42.73237655883116],[140.08677070000783,42.73272938715155],[140.08670966302054,42.733034332868215]]],[[[140.08553389117617,42.733364721304895],[140.08522917029006,42.73321861294869],[140.08544250296916,42.73286944127176],[140.08585416313917,42.73314527863175],[140.08553389117617,42.733364721304895]]],[[[140.08887444899665,42.73454666699513],[140.08819583676848,42.734332774937684],[140.08877527895606,42.73409638723854],[140.08887444899665,42.73454666699513]]],[[[140.08974389106777,42.73573444119154],[140.08856167288297,42.73577917077216],[140.08895083021673,42.734867504631666],[140.08974389106777,42.73573444119154]]],[[[140.0903463936712,42.73696666707809],[140.08978972771388,42.736645838434754],[140.09054472116202,42.736476945754475],[140.0903463936712,42.73696666707809]]],[[[140.09155138808615,42.73686527930926],[140.0915894419992,42.7371016670084],[140.09130722394934,42.73705666673186],[140.09130722394934,42.736904720876225],[140.09155138808615,42.73686527930926]]],[[[140.09211583677654,42.73703417109016],[140.09232944195026,42.73720861258744],[140.09199389140508,42.73723110822914],[140.09211583677654,42.73703417109016]]],[[[140.09798083025123,42.73698944061027],[140.09792000010793,42.737304721335875],[140.09760722399426,42.737130278939276],[140.09798083025123,42.73698944061027]]],[[[140.09577693905453,42.737146946074745],[140.0959522178207,42.737265278869586],[140.09579972787526,42.737400278799896],[140.0954716731792,42.73719222514114],[140.09577693905453,42.737146946074745]]],[[[140.10023861242212,42.73717527921582],[140.100192775776,42.737467774718084],[140.09988778239529,42.73741722472522],[140.1000480541744,42.73717527921582],[140.10023861242212,42.73717527921582]]],[[[140.09647861169867,42.73724833294426],[140.09648610934653,42.73735527942267],[140.09630306133727,42.73747361311678],[140.09628027161727,42.73729917072018],[140.09647861169867,42.73724833294426]]],[[[140.09278722385136,42.737428333151115],[140.09242111524236,42.73751833280488],[140.09247444863695,42.73719194635129],[140.09278722385136,42.737428333151115]]],[[[140.10259527864923,42.7375691705808],[140.10267917010765,42.73768166677553],[140.10236639399398,42.73777194611847],[140.10227500578696,42.73763666739836],[140.10259527864923,42.7375691705808]]],[[[140.0947699996358,42.73803610758034],[140.0942055509455,42.737906667258926],[140.09431999956837,42.73729889193038],[140.09479277586593,42.737321386672704],[140.0947699996358,42.73803610758034]]],[[[140.10212250325094,42.73817138719983],[140.1022977820171,42.73825027932696],[140.10226722395328,42.73840777489892],[140.10206888477126,42.73836833333195],[140.10212250325094,42.73817138719983]]],[[[140.1030605581983,42.73801389162787],[140.10261055813078,42.73842472082424],[140.10216055806336,42.73803638726952],[140.10290805386364,42.737805559179264],[140.1030605581983,42.73801389162787]]],[[[140.10503583723414,42.740957225195814],[140.1048833328996,42.740855838326354],[140.10498999968877,42.7406813869365],[140.10516555094944,42.74078833341491],[140.10503583723414,42.740957225195814]]],[[[140.10969867725225,42.74242581989574],[140.10960946810258,42.742484468283635],[140.10928546035575,42.74221671223154],[140.10937466860616,42.74215805395107],[140.10969867725225,42.74242581989574]]],[[[140.1129138911632,42.74750805425333],[140.1132877816059,42.74665250490921],[140.1124027758675,42.746641386590795],[140.11247944217257,42.745966108149446],[140.11334111500048,42.746089999653805],[140.11395888539425,42.74742917111939],[140.1129138911632,42.74750805425333]]],[[[140.1175485599182,42.7469588742527],[140.11770854661222,42.74634526142472],[140.11824272412252,42.746587494717176],[140.11808216635893,42.74713915324935],[140.1175485599182,42.7469588742527]]],[[[140.1188358881658,42.74747155886541],[140.11890448755207,42.747578505343824],[140.11870616096064,42.74771933288093],[140.11856893610764,42.74749405360774],[140.1188358881658,42.74747155886541]]],[[[140.11788230912134,42.747527099196304],[140.11790535694672,42.74773515285506],[140.1177756288423,42.74774654097013],[140.11770730195053,42.74753264891268],[140.11788230912134,42.747527099196304]]],[[[140.12040726278497,42.74761069387847],[140.12046809292826,42.74768375660017],[140.12031559039224,42.74782986495637],[140.12020892270368,42.747779305970255],[140.1202850323284,42.74763319761405],[140.12040726278497,42.74761069387847]]],[[[140.792189338767,43.19658277507506],[140.7921471335834,43.19658750460968],[140.7920088592216,43.19590883842221],[140.79204294442638,43.195903532422165],[140.792189338767,43.19658277507506]]],[[[140.78717433232964,43.19941274819985],[140.78674671908584,43.199544918862955],[140.78670705628565,43.19937725195865],[140.78717433232964,43.19941274819985]]],[[[140.7871359663518,43.19978489215907],[140.78693907867557,43.19967191932369],[140.787210661343,43.19962680213524],[140.7871359663518,43.19978489215907]]],[[[140.79323466934454,43.200665721445944],[140.79228041490933,43.20137089155344],[140.79220172512953,43.201313891622874],[140.793155966075,43.20060874759565],[140.79323466934454,43.200665721445944]]],[[[140.77788775571537,43.224619081405535],[140.7777912836409,43.22499097265529],[140.7774967187986,43.22494577542727],[140.77750885874684,43.22468141431585],[140.77788775571537,43.224619081405535]]],[[[140.77624114111586,43.22567197258354],[140.77628241190382,43.225803558687346],[140.7761453309423,43.225828387170395],[140.7760659136111,43.225744225016],[140.77624114111586,43.22567197258354]]],[[[140.7632674969974,43.227486108397216],[140.7631244490342,43.2274263871181],[140.76325444873385,43.227331108443934],[140.7634069386794,43.22744583765535],[140.7632674969974,43.227486108397216]]],[[[140.76255771696515,43.22739389191463],[140.76251038924318,43.227498278922496],[140.7622919457168,43.22754280165901],[140.76226688700729,43.2274127210203],[140.76255771696515,43.22739389191463]]],[[[140.76211527929672,43.22763444077685],[140.762226939122,43.22778110761209],[140.762018884564,43.22782194582618],[140.7619238909748,43.22772444132994],[140.76211527929672,43.22763444077685]]],[[[140.77260739261715,43.22769119789052],[140.77254795102715,43.22786158614332],[140.77235795125853,43.22773572062704],[140.77260739261715,43.22769119789052]]],[[[140.7622547209786,43.22802138667771],[140.76249277602085,43.22821138734571],[140.76225082961219,43.22831027859655],[140.7622547209786,43.22802138667771]]],[[[140.76284722402022,43.22817110761059],[140.76289527929373,43.22835722500599],[140.76264389090295,43.22828444107415],[140.76284722402022,43.22817110761059]]],[[[140.74864111479565,43.23119638740343],[140.74860055806937,43.23136694562811],[140.74844972827236,43.23125889208427],[140.74864111479565,43.23119638740343]]],[[[140.7484597278342,43.231715837615866],[140.74848861225973,43.231842224738955],[140.7483061092396,43.23186805416742],[140.74837527879617,43.23169889169054],[140.7484597278342,43.231715837615866]]],[[[140.7483869394058,43.23236305361206],[140.74837527879617,43.232585559376105],[140.74821250330444,43.23251389240227],[140.7483869394058,43.23236305361206]]],[[[140.74776333331124,43.232706666579475],[140.7477933328961,43.23290194626787],[140.74757444870193,43.23290055861395],[140.74752916963553,43.23277055891424],[140.74776333331124,43.232706666579475]]],[[[140.74674527917136,43.2339488920278],[140.7467125033794,43.23411000017643],[140.7464966669877,43.23406972134063],[140.74644861171407,43.23392277481628],[140.74674527917136,43.2339488920278]]],[[[140.74116944201614,43.23430666661943],[140.74127693887965,43.23442472062442],[140.74109250321646,43.234458613374386],[140.74116944201614,43.23430666661943]]],[[[140.74069194607648,43.23480694598385],[140.74062277562064,43.23464944141864],[140.7408072238743,43.23468333326929],[140.74069194607648,43.23480694598385]]],[[[140.74061500637754,43.23529666730741],[140.74071500559307,43.2354091706967],[140.74049194584666,43.23539250535987],[140.74061500637754,43.23529666730741]]],[[[140.74054639440067,43.23549361343959],[140.74074639373111,43.2355836130933],[140.7407155505823,43.23566250522049],[140.7404850057785,43.2355836130933],[140.74054639440067,43.23549361343959]]],[[[140.7459047206264,43.23610722536819],[140.74586639421875,43.23594389229686],[140.74607389119717,43.23590444083732],[140.74603555129977,43.23602833324105],[140.7459047206264,43.23610722536819]]],[[[140.72705167319623,43.245139170636264],[140.7269208299324,43.2452125049532],[140.72676722392828,43.24506055909757],[140.726966939073,43.245015558821024],[140.72705167319623,43.245139170636264]]],[[[140.71453416342092,43.24997889201234],[140.71424194580925,43.250063054166674],[140.71406500599528,43.24992250541936],[140.71441861222922,43.24989444117557],[140.71453416342092,43.24997889201234]]],[[[140.71624861208386,43.250018332679986],[140.7165022182029,43.25013638668497],[140.71638693860643,43.25028833343987],[140.71614083013526,43.25006333295653],[140.71624861208386,43.250018332679986]]],[[[140.71233070030166,43.250557729855416],[140.7109580668614,43.25095071200582],[140.7109154353991,43.250866090297905],[140.71233070030166,43.250557729855416]]],[[[140.70410805404356,43.25090138688955],[140.70397722426958,43.25101389207754],[140.70387722415467,43.25091250520802],[140.70410805404356,43.25090138688955]]],[[[140.72355277623967,43.252871946283335],[140.7236525029607,43.25311389179274],[140.72330693936385,43.25310833308316],[140.72355277623967,43.252871946283335]]],[[[145.49613693856895,43.15838610813245],[145.49618360618854,43.15846417108469],[145.49608749744016,43.158544720662405],[145.4959752791359,43.15847194572376],[145.49613693856895,43.15838610813245]]],[[[145.51561666687576,43.16351110795131],[145.51557749690403,43.163673892436236],[145.51545111517692,43.16361917138772],[145.51561666687576,43.16351110795131]]],[[[145.49228693909106,43.16469361301989],[145.49222250266644,43.16489777531211],[145.49205972807408,43.16480305421766],[145.49228693909106,43.16469361301989]]],[[[145.4937074974032,43.165031667277674],[145.4937719464183,43.16512277489619],[145.4936625034219,43.165256387172576],[145.49355306132475,43.16523333305196],[145.49359194621138,43.16505110792235],[145.4937074974032,43.165031667277674]]],[[[145.49218389117368,43.16515694643596],[145.4922274966018,43.1652649999798],[145.49204778237936,43.16529305433107],[145.49198306086964,43.16524305382393],[145.49218389117368,43.16515694643596]]],[[[145.4921058372147,43.16632694643147],[145.4922541632991,43.16642166662666],[145.49221888469378,43.1665127751445],[145.4920244485695,43.16642777482201],[145.4921058372147,43.16632694643147]]],[[[145.49481194581472,43.16728444112414],[145.49483861161275,43.16740000040977],[145.49471972843276,43.16747305413821],[145.49465027199255,43.16738417144239],[145.49481194581472,43.16728444112414]]],[[[145.3289394417019,43.17197944089855],[145.3290227755807,43.172075838329306],[145.32890555075062,43.17212527855884],[145.328788611905,43.172074440782865],[145.3289394417019,43.17197944089855]]],[[[145.32873111464926,43.17252889159511],[145.32823389118118,43.17251305363459],[145.3280738909973,43.17210833263351],[145.32892250297118,43.17225138689207],[145.32873111464926,43.17252889159511]]],[[[145.33182861180103,43.17271389203256],[145.33191194567985,43.1727944407109],[145.3316930605863,43.17283889240099],[145.33169833960676,43.17272555893743],[145.33182861180103,43.17271389203256]]],[[[145.33130527921537,43.17282305444047],[145.33140944229194,43.17286472093019],[145.33129861164173,43.1729649998349],[145.3312074968286,43.172898612780784],[145.33130527921537,43.17282305444047]]],[[[145.33226055797843,43.17338944116983],[145.33207444867696,43.17324638691127],[145.3323633334012,43.17322555861267],[145.33226055797843,43.17338944116983]]],[[[145.33761306109398,43.17376333341116],[145.33771333280413,43.17388444061447],[145.3375974974266,43.17391166669012],[145.3374905581428,43.17381138688603],[145.33761306109398,43.17376333341116]]],[[[145.3388863940919,43.17416305418163],[145.33885527934774,43.17430083841299],[145.33869360642484,43.17420722528328],[145.3388863940919,43.17416305418163]]],[[[145.52377082976,43.174468613235945],[145.52377833999844,43.17461305424911],[145.5236002724347,43.17458638665249],[145.5236116731403,43.17450250508659],[145.52377082976,43.174468613235945]]],[[[145.52306722357355,43.174798891955334],[145.52333805440776,43.17499417074441],[145.5230736060621,43.175171107860365],[145.52280167265917,43.17492917134422],[145.52306722357355,43.174798891955334]]],[[[145.5169816731658,43.17681638696672],[145.51708444858855,43.17694777521973],[145.51695167268156,43.17702472121397],[145.5168213878968,43.17683972077657],[145.5169816731658,43.17681638696672]]],[[[145.5168022179481,43.177361946296855],[145.51688693858137,43.17742444108512],[145.51677861164364,43.177573054053255],[145.5166680543873,43.17747917112689],[145.5168022179481,43.177361946296855]]],[[[145.38001693913054,43.1822513866922],[145.37991917023362,43.182116667350385],[145.38013861200739,43.18208389155842],[145.38013722435346,43.1822113866462],[145.38001693913054,43.1822513866922]]],[[[145.39947666741432,43.18426305409673],[145.39949416282536,43.184366387099146],[145.39936749691253,43.18439555930769],[145.39930500572154,43.184292225405954],[145.39947666741432,43.18426305409673]]],[[[145.39902167341154,43.184366387099146],[145.3989630609965,43.18450972104682],[145.39884138811965,43.184524441150074],[145.3988900000735,43.18436999967582],[145.39902167341154,43.184366387099146]]],[[[145.51756083026817,43.182543053918835],[145.51729778216702,43.18347250505212],[145.5179133330339,43.18484472120696],[145.51775583656263,43.184889171098405],[145.51712861159626,43.18345944060076],[145.51756083026817,43.182543053918835]]],[[[145.51831306099905,43.18595444144438],[145.5181374971478,43.18608333317934],[145.51800722405426,43.185920558586986],[145.5182116732302,43.18585417063355],[145.51831306099905,43.18595444144438]]],[[[145.53579805433685,43.19652694606174],[145.53582527861374,43.19666889235555],[145.535644449232,43.19676527899446],[145.5355350062356,43.196627224966505],[145.53579805433685,43.19652694606174]]],[[[145.53481221840923,43.198042224569065],[145.5348019463528,43.19817889184242],[145.53449722366804,43.19823499964559],[145.5345505579619,43.19803444093674],[145.53481221840923,43.198042224569065]]],[[[145.53360802888744,43.19937522488675],[145.53361250301464,43.200986279393305],[145.53353083018374,43.201011080896706],[145.53351588794794,43.199373386672505],[145.53360802888744,43.19937522488675]]],[[[145.5976174967501,43.20223972118623],[145.59713722370395,43.202030000184436],[145.5976072237944,43.201937504911996],[145.5976174967501,43.20223972118623]]],[[[145.59896778203756,43.20258999992859],[145.59849527913389,43.20259527894899],[145.59867888472286,43.202290558962204],[145.59896778203756,43.20258999992859]]],[[[145.59825972780425,43.20290110779996],[145.59806055764864,43.20283222512717],[145.59812805356694,43.20273972086147],[145.59829221761186,43.20281389244724],[145.59825972780425,43.20290110779996]]],[[[145.59865027189255,43.202858053656314],[145.59886778192265,43.202965000134725],[145.59865805372624,43.2031694412168],[145.59833500555612,43.20301694587539],[145.59865027189255,43.202858053656314]]],[[[145.59826610939353,43.20317083786392],[145.59798111513646,43.20318250476885],[145.5977427759085,43.20296777544252],[145.59815277592998,43.2029533332298],[145.59826610939353,43.20317083786392]]],[[[145.59859444917458,43.20326194638176],[145.59868277608928,43.203394721389316],[145.5984941630752,43.20341166731464],[145.59843416300623,43.20330472083623],[145.59859444917458,43.20326194638176]]],[[[145.59989610901823,43.20372944096101],[145.5995522181604,43.20372027866796],[145.59960555065572,43.20351055856548],[145.5999466671051,43.2035861079126],[145.59989610901823,43.20372944096101]]],[[[145.5873202719131,43.2071163867119],[145.58732444926397,43.207319720728606],[145.58693250313263,43.20738194572027],[145.58703250324754,43.20708777478103],[145.5873202719131,43.2071163867119]]],[[[145.58414861216875,43.21247110755564],[145.5843505576322,43.21260527921032],[145.58414722361556,43.212796666632926],[145.58395194572574,43.21259222465147],[145.58414861216875,43.21247110755564]]],[[[145.58488027180715,43.213007504592724],[145.58456389121068,43.212894171129165],[145.58469666711756,43.21271972063863],[145.58503917032147,43.212873332938045],[145.58488027180715,43.213007504592724]]],[[[145.58746805390763,43.21506083758766],[145.5875838910838,43.215236666738804],[145.58731861176454,43.215494171418925],[145.58712221781616,43.21542250534441],[145.58746805390763,43.21506083758766]]],[[[145.58986111479862,43.217163612610705],[145.58975306125478,43.217291107698486],[145.58965917023454,43.21716222495678],[145.58986111479862,43.217163612610705]]],[[[145.60495916982984,43.21821055926995],[145.60471834037912,43.218191107833434],[145.6047572243665,43.21785638736242],[145.6052063943597,43.217998332756906],[145.60495916982984,43.21821055926995]]],[[[145.59908027193705,43.220477224944034],[145.59900861215783,43.22059833304667],[145.59878472143782,43.220556666556945],[145.59877444938138,43.22047972056271],[145.59908027193705,43.220477224944034]]],[[[145.59864834014888,43.22115555928167],[145.5985519463153,43.22101110837599],[145.59878749674567,43.22101889200832],[145.59864834014888,43.22115555928167]]],[[[145.59756250320697,43.221669440892015],[145.5955144492325,43.22141694633507],[145.58735250271593,43.21490555884452],[145.5897769391545,43.21204694590989],[145.58748693877124,43.2074094406932],[145.5962011148896,43.204733053787436],[145.59995999955436,43.20586055901765],[145.60899416255063,43.211275558720104],[145.60789389059062,43.21423610801003],[145.6030502715529,43.21449361269015],[145.60244360598767,43.21804138690055],[145.59965333343462,43.217046108091495],[145.59927194624333,43.21992777514674],[145.59756250320697,43.221669440892015]]],[[[145.6137772239398,43.223814440883814],[145.61369778232688,43.224043613322124],[145.61351027188164,43.22399527925876],[145.6135886118251,43.223878054428724],[145.6137772239398,43.223814440883814]]],[[[145.61178555116237,43.22469194627638],[145.61157055833462,43.22476750461669],[145.61149111492307,43.22465694556166],[145.61175666673682,43.224619171337736],[145.61178555116237,43.22469194627638]]],[[[145.60431555112189,43.22527610810596],[145.60429610867857,43.22541166741456],[145.60407749697902,43.225388053915594],[145.60420888523197,43.22525917117389],[145.60431555112189,43.22527610810596]]],[[[145.6006361089693,43.22739305374648],[145.60071944194874,43.227486666876246],[145.6006205578925,43.22761944098448],[145.6004902722084,43.227602504951676],[145.60050861208288,43.22743861340132],[145.6006361089693,43.22739305374648]]],[[[145.61153610890437,43.22885666710158],[145.61160527936022,43.22903638671994],[145.61140861201784,43.229163891700296],[145.61127833982357,43.22902722532626],[145.61153610890437,43.22885666710158]]],[[[145.61095167278154,43.229395837647814],[145.61090999999658,43.22946333266674],[145.61072138788177,43.22947917062726],[145.610751114972,43.22936722481762],[145.61095167278154,43.229395837647814]]],[[[145.60814722421514,43.230425558692616],[145.6080666674428,43.230594721169496],[145.607875005727,43.230584441019175],[145.60797416317712,43.23041389178775],[145.60814722421514,43.230425558692616]]],[[[145.60736083003837,43.23060666686422],[145.60466444940494,43.22852555920724],[145.60553167284854,43.224729440811075],[145.61293194575273,43.22526610764481],[145.61113805367825,43.22907805410898],[145.60736083003837,43.23060666686422]]],[[[145.60688833972517,43.23114389217693],[145.60710833997803,43.23071972063866],[145.607875005727,43.23070138705941],[145.60778916993434,43.23114666658546],[145.60688833972517,43.23114389217693]]],[[[145.59913610904425,43.23327250472238],[145.5990669385884,43.2334833327896],[145.5988458366661,43.23338055916554],[145.59913610904425,43.23327250472238]]],[[[145.59873500601577,43.233509441007925],[145.5989719458986,43.233695559302646],[145.59873500601577,43.23406805399753],[145.59831194603953,43.23379583820741],[145.59873500601577,43.233509441007925]]],[[[145.60866250337187,43.23400694596381],[145.60858194570028,43.23423889191139],[145.60850360575682,43.23406027935846],[145.60866250337187,43.23400694596381]]],[[[145.6088527756351,43.23437027926502],[145.60888277611934,43.23450305427258],[145.60857277621267,43.234628053741744],[145.60861972801808,43.23438861284427],[145.6088527756351,43.23437027926502]]],[[[145.61929583723315,43.23885750506986],[145.61939749659723,43.238951387096904],[145.6192891696595,43.23907250509211],[145.61908500556865,43.2389447213219],[145.61929583723315,43.23885750506986]]],[[[145.61877389140204,43.23908000004201],[145.6188833325998,43.239169999695775],[145.6187505575922,43.239231107729495],[145.61860111544922,43.239104720606406],[145.61877389140204,43.23908000004201]]],[[[145.56101194634437,43.264074999761476],[145.56101833962475,43.264201386884565],[145.56078277570464,43.26421305378943],[145.56088306090464,43.264093333340725],[145.56101194634437,43.264074999761476]]],[[[145.56167999963236,43.26506055869788],[145.5616877823653,43.26515305397032],[145.56155610902726,43.26522194563631],[145.56148444924804,43.2651255589974],[145.56167999963236,43.26506055869788]]],[[[145.56235444889876,43.26614610785663],[145.56247944207269,43.2661969456326],[145.56234944237292,43.266295837782764],[145.56223472125544,43.26623972098639],[145.56235444889876,43.26614610785663]]],[[[145.57859477333022,43.26945310837431],[145.57647267187633,43.26939469381011],[145.57347428001412,43.26923408118796],[145.57859583722814,43.26925002706713],[145.57859477333022,43.26945310837431]]],[[[145.56625749668615,43.27126305424662],[145.56627583656064,43.27136722541718],[145.56607138828406,43.27142444118505],[145.56608555080754,43.27130722534821],[145.56625749668615,43.27126305424662]]],[[[145.56713888535137,43.272105558924466],[145.5670961090982,43.272277225113896],[145.56693972778623,43.27219389213445],[145.56713888535137,43.272105558924466]]],[[[145.58449267209926,43.2751662522208],[145.58204880670712,43.275427694132816],[145.58203172498418,43.27531105386208],[145.58449267209926,43.2751662522208]]],[[[145.58774038930756,43.27663719774853],[145.58723031093018,43.276096838298486],[145.58364403404505,43.26847997267265],[145.58377600505867,43.268245387214904],[145.58774038930756,43.27663719774853]]],[[[145.58769019544627,43.27692222528054],[145.58778422766,43.277171027221186],[145.58759224398693,43.27709658583882],[145.58769019544627,43.27692222528054]]],[[[145.59058722382133,43.27921083800982],[145.59057555062122,43.27935527902298],[145.59038277644402,43.279309721166726],[145.59058722382133,43.27921083800982]]],[[[145.59503888503662,43.28227444061298],[145.59509500632953,43.282396666572936],[145.5949022177632,43.28245805429583],[145.59489555108883,43.28227833287883],[145.59503888503662,43.28227444061298]]],[[[145.59514693858046,43.28260110765507],[145.59513027234425,43.282727504670675],[145.59494916956862,43.28273666696367],[145.59494389144754,43.28264805406451],[145.59514693858046,43.28260110765507]]],[[[145.5958891697494,43.28285110839198],[145.59594000033087,43.282990559067116],[145.5957186124241,43.283051667100835],[145.5957355511548,43.282878613257424],[145.5958891697494,43.28285110839198]]],[[[145.57229461680322,43.28308638722706],[145.57224389144255,43.2831510538781],[145.571062282998,43.28265630624361],[145.5711129957682,43.28259161261286],[145.57229461680322,43.28308638722706]]],[[[145.59850888497715,43.28646705391145],[145.59873871571926,43.28665672093098],[145.5985454990756,43.286679613173646],[145.59850888497715,43.28646705391145]]],[[[145.59976927403284,43.2887928383189],[145.59982228277215,43.28888817095236],[145.5995479122065,43.28899719756265],[145.5995487162004,43.288911027222184],[145.59976927403284,43.2887928383189]]],[[[145.60156666716807,43.289932774877684],[145.6015966667528,43.29000166744305],[145.60134666691522,43.29017222476841],[145.6013438907081,43.28999389190466],[145.60156666716807,43.289932774877684]]],[[[145.6017280541065,43.29010722536822],[145.60167083024464,43.290271386715176],[145.60152749719634,43.290185279327204],[145.6017280541065,43.29010722536822]]],[[[145.66624250298923,43.294127774976914],[145.66639055837766,43.294244441327976],[145.66624250298923,43.29430277495317],[145.66624250298923,43.294127774976914]]],[[[145.66726722380338,43.29549944074665],[145.66672888513006,43.29538389225286],[145.66676389124063,43.295064441370926],[145.667189442339,43.29494750522326],[145.6670641631806,43.295245559435045],[145.66726722380338,43.29549944074665]]],[[[145.6052123613615,43.29543750533668],[145.60543577184342,43.29562558595211],[145.6050058113692,43.295525801674444],[145.6052123613615,43.29543750533668]]],[[[145.6686144486979,43.2966697213306],[145.66870444925098,43.29691527941668],[145.668461387683,43.29704666677031],[145.66823027180965,43.296645559245235],[145.6686144486979,43.2966697213306]]],[[[145.6091938911852,43.29712002716758],[145.60937408564564,43.297264891761415],[145.60926802859672,43.297305667022954],[145.6091938911852,43.29712002716758]]],[[[145.67261250266495,43.297408892106716],[145.6727255510434,43.29761750514382],[145.6724205576627,43.29759583777775],[145.67231861231414,43.297428332751394],[145.67261250266495,43.297408892106716]]],[[[145.60948658903487,43.29789989226629],[145.609483553823,43.29801225176408],[145.6093051876843,43.297967026657034],[145.60934849543673,43.297847135337065],[145.60948658903487,43.29789989226629]]],[[[145.6739636063354,43.29835666692668],[145.67420055790944,43.2984283330012],[145.67410833962822,43.29853250507108],[145.673927224262,43.298511945669816],[145.6739636063354,43.29835666692668]]],[[[145.61132985658764,43.298695946061116],[145.611526200174,43.298867613149866],[145.6113817249867,43.298883107569395],[145.61127494218488,43.298770586193655],[145.61132985658764,43.298695946061116]]],[[[145.61112491638187,43.298984080750756],[145.6115180801953,43.299393414374606],[145.61102744516052,43.29923830560335],[145.61112491638187,43.298984080750756]]],[[[145.67432555108337,43.29947444059303],[145.67435250286576,43.2996616668525],[145.6742211146128,43.29964944056928],[145.67419693903753,43.29951333267422],[145.67432555108337,43.29947444059303]]],[[[145.67235277576003,43.299462774587425],[145.67138167342557,43.2998427750241],[145.6695919461115,43.29834333267871],[145.67332916970554,43.2982047210711],[145.67235277576003,43.299462774587425]]],[[[145.67383360573638,43.29992889230459],[145.67422138800669,43.300154721063564],[145.6736925030067,43.30019610786417],[145.67383360573638,43.29992889230459]]],[[[145.6143338907965,43.301144171366445],[145.61451221826428,43.301246945889886],[145.61444194613898,43.301374440977725],[145.61424917016313,43.301189721128765],[145.6143338907965,43.301144171366445]]],[[[145.61503138788828,43.30173777517825],[145.61517999995715,43.30191861265388],[145.6150458372956,43.30191861265388],[145.61503138788828,43.30173777517825]]],[[[145.61542861214082,43.302022774831244],[145.61572666725192,43.30211638706169],[145.61547805416888,43.30221027898125],[145.61542861214082,43.302022774831244]]],[[[145.62037749682406,43.30208305369001],[145.62065610859258,43.30223138696897],[145.6206588847998,43.3023786131825],[145.62028000042176,43.30218833282538],[145.62037749682406,43.30208305369001]]],[[[145.67439861200637,43.30225222516009],[145.6745811150265,43.302446666680396],[145.67442306097553,43.30247583798956],[145.67420916981735,43.302361386668736],[145.67439861200637,43.30225222516009]]],[[[145.6105347210006,43.30255110764756],[145.61054000002105,43.30263722492805],[145.61038111499647,43.302677504663166],[145.61032389113473,43.30262166665665],[145.6105347210006,43.30255110764756]]],[[[145.67475444855904,43.304165000414514],[145.6727086123127,43.303822505304424],[145.67210444866146,43.3023836134131],[145.6734238908,43.30194833344888],[145.67475444855904,43.304165000414514]]],[[[145.67882639442269,43.305732224662506],[145.67908167328062,43.3059191712328],[145.6789988852904,43.30607250474236],[145.6786125032645,43.305853613353634],[145.67882639442269,43.305732224662506]]],[[[145.60903175061492,43.30610146830816],[145.60886955878323,43.30621872101722],[145.60862620043883,43.306178026694624],[145.60892717295076,43.30603169440724],[145.60903175061492,43.30610146830816]]],[[[145.52255167282146,43.30727917099699],[145.5227338907565,43.307336386764916],[145.52267666689477,43.30741972064362],[145.5224916727526,43.3074091706967],[145.52255167282146,43.30727917099699]]],[[[145.6768213882965,43.31127583820944],[145.67689666694764,43.311389999948574],[145.67678972766385,43.31145083818569],[145.67673138774342,43.311319440939485],[145.6768213882965,43.31127583820944]]],[[[145.67873389105625,43.31185666715152],[145.67876778200764,43.311949171417155],[145.67859778226193,43.3120025048118],[145.67856360622557,43.311912774954635],[145.67873389105625,43.31185666715152]]],[[[145.67948749685058,43.312111946009566],[145.67956527921433,43.31218722466076],[145.67947778237385,43.312296666757845],[145.67933416334108,43.312199441051405],[145.67948749685058,43.312111946009566]]],[[[145.67996749740212,43.312527504740615],[145.67960639441958,43.31257610770126],[145.67960167297883,43.312432774652905],[145.68000527882066,43.312296666757845],[145.67996749740212,43.312527504740615]]],[[[145.680797223613,43.314126666612424],[145.68089944235544,43.31423110757959],[145.68076333266174,43.31427250517203],[145.6807072239593,43.314185000237615],[145.680797223613,43.314126666612424]]],[[[145.70020500615612,43.325506667099035],[145.70004277565363,43.32519166696193],[145.70022749730117,43.32494750462371],[145.70066083023323,43.325318332874815],[145.70020500615612,43.325506667099035]]],[[[145.55513802889698,43.32578483819975],[145.5551305582287,43.32600113504441],[145.55486114112887,43.32587999996207],[145.55513802889698,43.32578483819975]]],[[[145.74821000039128,43.33240944134269],[145.74825000043722,43.332585559176266],[145.74808972775884,43.332607505332135],[145.74810416277694,43.33248610764781],[145.74821000039128,43.33240944134269]]],[[[145.74812360611963,43.33275944129525],[145.7481394422815,43.33292361343405],[145.74802416268506,43.33292972073008],[145.74796944163654,43.33277166667915],[145.74812360611963,43.33275944129525]]],[[[145.77478639407684,43.333431108059244],[145.7737874972952,43.33308110810668],[145.77459472066994,43.33272389199408],[145.77478639407684,43.333431108059244]]],[[[145.7728167825685,43.33565630599378],[145.7707044486515,43.33495861284973],[145.77228555123725,43.33384333300347],[145.77390416274693,43.334902774843215],[145.7728167825685,43.33565630599378]]],[[[145.7487933330459,43.33308250475386],[145.74912472062942,43.33329055931193],[145.74816888518592,43.33571583841524],[145.74755972759942,43.334055558617194],[145.7487933330459,43.33308250475386]]],[[[145.7755991698658,43.335678054298796],[145.7749444490272,43.33642166682654],[145.77378444859346,43.335305838393765],[145.77431610890142,43.33502417072896],[145.7755991698658,43.335678054298796]]],[[[145.77741027226637,43.33668027857203],[145.77751555140162,43.33785694614119],[145.7764663942088,43.33733889167655],[145.77741027226637,43.33668027857203]]],[[[146.01366128434086,43.33973869388569],[146.01300477295194,43.3393849734378],[146.01377481205805,43.33923450516835],[146.01366128434086,43.33973869388569]]],[[[145.76387963663603,43.339651224924125],[145.76149452665118,43.33991653212229],[145.76147958531465,43.3398511082421],[145.76388464316187,43.339574892267535],[145.76387963663603,43.339651224924125]]],[[[145.7583333332168,43.338685720869364],[145.75988319065675,43.33995605372894],[145.7621667438002,43.34066469432025],[145.76213508406693,43.3407329186893],[145.7598291962605,43.340006306046234],[145.7583333332168,43.338685720869364]]],[[[145.5731115303729,43.34058902716191],[145.57320527930028,43.34065310835433],[145.57310503187182,43.34078372139169],[145.5729446431808,43.34071383777342],[145.5731115303729,43.34058902716191]]],[[[146.0140566667818,43.3411339731544],[146.01358761277822,43.340763640429714],[146.0141795591394,43.34047513521938],[146.0143405575708,43.34083438739714],[146.0140566667818,43.3411339731544]]],[[[145.58518494233124,43.341305134824154],[145.58515486360614,43.341327721297375],[145.58335418884485,43.34005319759706],[145.5833738911922,43.34002325197156],[145.58518494233124,43.341305134824154]]],[[[145.57868856002904,43.34546305407673],[145.57593691335796,43.343082721290614],[145.5767442536445,43.34116130624932],[145.57868856002904,43.34546305407673]]],[[[145.57499999965034,43.346627278626045],[145.57619243773092,43.34861364000756],[145.5761186123841,43.34864153158145],[145.57499999965034,43.346627278626045]]],[[[145.7768983403862,43.349922775016125],[145.77709610939803,43.35003750512681],[145.77702749742116,43.350148333079176],[145.7767941629204,43.34999972101036],[145.7768983403862,43.349922775016125]]],[[[145.7792522178156,43.35151138694101],[145.77927834042316,43.3517525050741],[145.77912333327527,43.351598891875426],[145.7792522178156,43.35151138694101]]],[[[145.78184333280365,43.352852224850324],[145.7820111148211,43.35299305418613],[145.78176639400397,43.35303083830257],[145.78184333280365,43.352852224850324]]],[[[145.78319722437243,43.35348666687622],[145.78365277595492,43.35372361305434],[145.78355416259456,43.35391638723155],[145.78312693875728,43.35377444093774],[145.78319722437243,43.35348666687622]]],[[[145.79087500557716,43.355912224769384],[145.79106221834672,43.35596833257256],[145.7909972243425,43.35620527875068],[145.79075389117918,43.35603333287207],[145.79087500557716,43.355912224769384]]],[[[146.00257910514165,43.36042500031357],[146.00254267180696,43.36053013465806],[146.0023860566713,43.36054986488443],[146.00230894879905,43.36046153167439],[146.00257910514165,43.36042500031357]]],[[[145.80695666711654,43.36218417136246],[145.80725500641347,43.3616488921827],[145.8078125033444,43.36190805431329],[145.80695666711654,43.36218417136246]]],[[[146.00913282731824,43.36348719817573],[146.0089674968525,43.363584225131945],[146.0089221917059,43.36347027923006],[146.00913282731824,43.36348719817573]]],[[[146.0104253050838,43.364284693583784],[146.0103340337887,43.3643971349199],[146.009960143346,43.36438141387123],[146.01029703028382,43.364135080569554],[146.0104253050838,43.364284693583784]]],[[[145.98912263300315,43.365120694364634],[145.98878858612443,43.36519922496433],[145.98891477269865,43.36484072102252],[145.9892161606973,43.36488944089501],[145.98912263300315,43.365120694364634]]],[[[145.99010616127043,43.366005747767076],[145.99010347589478,43.36612310839479],[145.98993369558366,43.366126972781615],[145.9900078078141,43.36599850462733],[145.99010616127043,43.366005747767076]]],[[[145.61886046733673,43.36633833324754],[145.6184955773091,43.366286170770195],[145.6185597538297,43.36608386467867],[145.61883535736592,43.366065612937746],[145.61886046733673,43.36633833324754]]],[[[146.01261155607847,43.367058720783405],[146.0119158369464,43.366878892347074],[146.0118854218748,43.366588171207184],[146.01285202310248,43.366748468167316],[146.01261155607847,43.367058720783405]]],[[[146.01267111458037,43.36748846811838],[146.01225693900665,43.367645198367256],[146.0121820227822,43.36741672110486],[146.01267111458037,43.36748846811838]]],[[[146.01309686083152,43.36770119825172],[146.01296530530465,43.367775531715495],[146.01287070022272,43.36772966719042],[146.01299352782917,43.36763050524365],[146.01309686083152,43.36770119825172]]],[[[146.01307822328147,43.367807667190164],[146.01325024560242,43.36797855906332],[146.01298544742053,43.36804564039403],[146.01307822328147,43.367807667190164]]],[[[146.01304464259624,43.36873533316913],[146.0126934501427,43.36871350482443],[146.01272435804276,43.36840219820294],[146.0133635278046,43.36850477487553],[146.01304464259624,43.36873533316913]]],[[[145.81216583718367,43.36863389234031],[145.81220749737815,43.36876389204002],[145.81202639370315,43.368863053986786],[145.8119797278822,43.36873417124508],[145.81216583718367,43.36863389234031]]],[[[146.01347739276753,43.369195000049274],[146.01355211383907,43.36932319840696],[146.01336961081893,43.36941610826682],[146.01319936375967,43.369264225363736],[146.01347739276753,43.369195000049274]]],[[[146.01403247681742,43.369885252202664],[146.01370616141025,43.36959553200825],[146.01415669297705,43.36955074756901],[146.01403247681742,43.369885252202664]]],[[[145.62542138768697,43.37115638725754],[145.625237782098,43.371152504884265],[145.62518055823625,43.37105999971925],[145.62530277610233,43.371010558590456],[145.62542138768697,43.37115638725754]]],[[[145.98794213971803,43.37143061303243],[145.98789732829914,43.37160455900323],[145.9877590008773,43.37148172060495],[145.98794213971803,43.37143061303243]]],[[[145.98823905269023,43.371866865163724],[145.98799230929774,43.37202480230286],[145.98781569413904,43.37193719844299],[145.98808302211387,43.371797612869614],[145.98823905269023,43.371866865163724]]],[[[146.00395936393352,43.372022946102106],[146.00373386522574,43.37189161270783],[146.0037041893969,43.37160589179854],[146.00392080370216,43.37155141356692],[146.0040513618809,43.37179530610854],[146.00395936393352,43.372022946102106]]],[[[146.00235302187457,43.37236691879832],[146.00208130970475,43.372330891957176],[146.00224224428416,43.37215933278702],[146.00235302187457,43.37236691879832]]],[[[146.0021651876733,43.372431694267334],[146.00189461674324,43.372645748202785],[146.00180311342297,43.3725674676146],[146.0019230865812,43.37240463996221],[146.0021651876733,43.372431694267334]]],[[[146.0162217774132,43.372719414369556],[146.0162106608933,43.37289058593183],[146.01610241219657,43.37287027924003],[146.01609691284227,43.37272255929872],[146.0162217774132,43.372719414369556]]],[[[145.9977342540327,43.37281210839217],[145.99787141413447,43.37300410825304],[145.9977336451916,43.373046135370885],[145.99764289190603,43.37287405369466],[145.9977342540327,43.37281210839217]]],[[[146.00198050559595,43.37469219778677],[146.00133177694,43.37458717136093],[146.00138077830036,43.37440738699138],[146.0019760566497,43.3744128018094],[146.00198050559595,43.37469219778677]]],[[[146.01957160814322,43.37493810840704],[146.01938927419576,43.375024224788206],[146.0193571728953,43.37494336044779],[146.01957160814322,43.37493810840704]]],[[[146.0200962780209,43.37478938662093],[146.01992800317487,43.375037360286],[146.019740220235,43.374864080712825],[146.0200962780209,43.37478938662093]]],[[[146.00166625189604,43.37477394616076],[146.00164046743373,43.37497802661471],[146.00151725042087,43.37505150482315],[146.00143844372928,43.374806134695405],[146.00166625189604,43.37477394616076]]],[[[146.01191674436234,43.37481997256373],[146.01191700426637,43.37500146834316],[146.01181177729177,43.375096586038694],[146.01162527858378,43.37500105375568],[146.01191674436234,43.37481997256373]]],[[[145.99094416304274,43.374995000419005],[145.9910656677464,43.37512569439531],[145.99093241160153,43.37515222529504],[145.99094416304274,43.374995000419005]]],[[[146.02215992174308,43.37561186519548],[146.022167522813,43.37579994581091],[146.02197795112158,43.37578838682464],[146.02199466861907,43.37561144071549],[146.02215992174308,43.37561186519548]]],[[[146.02129635494293,43.375883386709006],[146.0212388334055,43.37602577456988],[146.0211331387834,43.37603825176399],[146.02111050644476,43.37588164022554],[146.02129635494293,43.375883386709006]]],[[[146.0235813622901,43.376480918759455],[146.02366033715487,43.37665217126073],[146.02339143986308,43.37680061335766],[146.02320277558772,43.3765178017552],[146.0235813622901,43.376480918759455]]],[[[145.99327983099943,43.37699791921864],[145.9932250056296,43.37682117096034],[145.99350919589278,43.376838613311406],[145.99350021975943,43.37697391901122],[145.99327983099943,43.37699791921864]]],[[[145.99417481201806,43.37731453184023],[145.9936632812355,43.37702866703938],[145.99423914412125,43.37676900038912],[145.99417481201806,43.37731453184023]]],[[[146.0166174970999,43.378385865415396],[146.01482591358513,43.375300585553646],[146.01253333304692,43.374571891879384],[146.01032666744186,43.37466441413147],[146.00476313930744,43.37103869388068],[145.9957092478835,43.372660586117206],[145.99358722377144,43.375184504661206],[145.98995627756028,43.37319502712887],[145.98614855970834,43.368998613295446],[145.987694668774,43.366428135050455],[145.9944730218126,43.36825125239346],[145.99796177711437,43.36394417068698],[146.00490557663113,43.36043117056215],[146.00743486412773,43.3608189995972],[146.00836000031381,43.36374964013385],[146.01073863787792,43.36490555944408],[146.0134746948014,43.37181838720886],[146.02047335925818,43.3769131707063],[146.0166174970999,43.378385865415396]]],[[[146.0222664977008,43.37943605413062],[146.02232741867545,43.37921280192933],[146.02254652410284,43.379074468212195],[146.02268994798283,43.37922150466875],[146.022577030006,43.37937105383111],[146.0222664977008,43.37943605413062]]],[[[146.01458810585643,43.37943400007907],[146.01482111480266,43.379572054107086],[146.0147463550603,43.37972502698847],[146.01446138778283,43.37960686506483],[146.01458810585643,43.37943400007907]]],[[[146.02197752304437,43.380867505031404],[146.02155997411353,43.38081113462624],[146.02172044104555,43.38045780178618],[146.0223102200407,43.380529108131896],[146.02197752304437,43.380867505031404]]],[[[146.0233070555762,43.381008505238356],[146.02247189386287,43.38093310787667],[146.02323619979086,43.380141585765614],[146.0233070555762,43.381008505238356]]],[[[145.89101968920738,43.381189748308316],[145.89093016889228,43.38145083768609],[145.89077007787682,43.38144666663044],[145.890802943601,43.38121513527034],[145.89101968920738,43.381189748308316]]],[[[145.89016691337247,43.3810526403671],[145.89040396926782,43.38121536010084],[145.8900532561529,43.3815129187862],[145.8899670039741,43.381122441247726],[145.89016691337247,43.3810526403671]]],[[[145.89166666688322,43.38169797318295],[145.89141211377807,43.3813038381017],[145.89166374768388,43.381276414175204],[145.891926005281,43.381547108312475],[145.89166666688322,43.38169797318295]]],[[[145.8147538908794,43.38174333318835],[145.8145833326547,43.38168333311938],[145.81473167312822,43.381551666975895],[145.81487749729877,43.38168972100385],[145.8147538908794,43.38174333318835]]],[[[145.89047344998983,43.38179072116492],[145.89073968888556,43.38188980217268],[145.8905746686861,43.3819850538672],[145.89032105087585,43.38189430597748],[145.89047344998983,43.38179072116492]]],[[[146.02301622561833,43.38163202679664],[146.02259713435035,43.38212572132505],[146.02222119255407,43.38203686470962],[146.02234603104455,43.381524720589425],[146.02301622561833,43.38163202679664]]],[[[145.81627693862993,43.38215472086375],[145.81639416256064,43.382209171216346],[145.81631610860154,43.38232222499073],[145.8161755508611,43.38221833261002],[145.81627693862993,43.38215472086375]]],[[[146.0204618290502,43.38256830558288],[146.02040280204778,43.38227705384304],[146.0209843837224,43.38203641414924],[146.02103649763637,43.38240930634447],[146.0204618290502,43.38256830558288]]],[[[146.02158053171627,43.382857666947814],[146.02128330667938,43.3827275863091],[146.0215556420793,43.38232077528363],[146.0219999998002,43.38247835988847],[146.02158053171627,43.382857666947814]]],[[[145.7193105580359,43.383969441236786],[145.71956194642678,43.384146387345936],[145.719274163372,43.38426750534114],[145.7193105580359,43.383969441236786]]],[[[145.89464878101649,43.383626748275844],[145.89476505796108,43.38390027887482],[145.8946538001328,43.38432961342096],[145.89443411194475,43.3842536665735],[145.89440827532167,43.38374774756056],[145.89464878101649,43.383626748275844]]],[[[145.70036194594707,43.384752505224014],[145.70032666734187,43.384976666639886],[145.7000663936492,43.38479166710181],[145.70036194594707,43.384752505224014]]],[[[145.89439705627922,43.38481250529293],[145.89438771681978,43.384892224796374],[145.89422447457991,43.38494244114082],[145.89418204906235,43.38483855865263],[145.89439705627922,43.38481250529293]]],[[[145.87019481164134,43.384633197564085],[145.87045189364005,43.38467305371853],[145.8703735024352,43.3850633603858],[145.8698945531911,43.38482041393104],[145.87019481164134,43.384633197564085]]],[[[145.70103972810102,43.385097504945975],[145.70109583680346,43.38526027863901],[145.70087972791714,43.385209440863036],[145.70103972810102,43.385097504945975]]],[[[145.89133703027983,43.385838468070915],[145.89064902733082,43.38220255940064],[145.89298652360924,43.3821266674118],[145.89415632935118,43.384539775090616],[145.89133703027983,43.385838468070915]]],[[[145.69082610873795,43.386073612906955],[145.6909641627659,43.38620389229584],[145.6908497276329,43.386263612675634],[145.6907480538797,43.386139999961074],[145.69082610873795,43.386073612906955]]],[[[145.87681608279604,43.388733838096186],[145.8769084953309,43.38882702674596],[145.87686561565567,43.388912224919295],[145.87669092144893,43.38880905379483],[145.87681608279604,43.388733838096186]]],[[[145.8772999477345,43.38954450497499],[145.87744880711682,43.38960855918771],[145.8773107521895,43.38970555916427],[145.8771740336548,43.38963444077689],[145.8772999477345,43.38954450497499]]],[[[145.875250025868,43.38943197280736],[145.87541143978615,43.38958038702532],[145.87526866431745,43.389688748137246],[145.87514175109095,43.38944402732005],[145.875250025868,43.38943197280736]]],[[[145.87668255505594,43.38956102731959],[145.87682561560973,43.389855387116484],[145.87634778242432,43.3896953869326],[145.87668255505594,43.38956102731959]]],[[[145.78571807982564,43.38990944086805],[145.78568319062686,43.38997125217162],[145.78356983058325,43.38911699964984],[145.78358975416393,43.3890479191262],[145.78571807982564,43.38990944086805]]],[[[145.87607092073642,43.38988802711083],[145.87590360636636,43.39024472071736],[145.87540418855258,43.39021280197926],[145.87547627820777,43.38981855897936],[145.87607092073642,43.38988802711083]]],[[[145.64980333305743,43.39145110818214],[145.649865836839,43.391595837877674],[145.64972416303976,43.39158666659142],[145.64980333305743,43.39145110818214]]],[[[145.6506133326393,43.39163083769307],[145.65068360566397,43.3917713873397],[145.6505261091927,43.39187666737433],[145.6503633328016,43.39169194572679],[145.6506133326393,43.39163083769307]]],[[[145.7799750056421,43.39222750459572],[145.78003722433846,43.39250110803977],[145.7796899996938,43.39238638692228],[145.7799750056421,43.39222750459572]]],[[[145.78127972767732,43.39279138671316],[145.7803355510449,43.39273527891004],[145.7804266667573,43.392432225366974],[145.78127972767732,43.39279138671316]]],[[[145.7814474971044,43.39318194609001],[145.78116500566057,43.3931847213978],[145.78129917012063,43.39307277468885],[145.7814474971044,43.39318194609001]]],[[[145.78361250341436,43.393899721095295],[145.78294861218876,43.39374861340781],[145.78323639434416,43.3934686130861],[145.78361250341436,43.393899721095295]]],[[[146.0382766928152,43.39735850469128],[146.03793671940412,43.39750299966374],[146.03810204897047,43.39730108117999],[146.0382766928152,43.39735850469128]]],[[[145.7509786118735,43.39735361327871],[145.75124306111843,43.39748527942214],[145.7512194422236,43.39755555874211],[145.7509277821914,43.3974330539923],[145.7509786118735,43.39735361327871]]],[[[146.03733549923402,43.398253586433896],[146.03738108856646,43.39838719781096],[146.03722983069224,43.39839717129246],[146.0372268872111,43.39824708073826],[146.03733549923402,43.398253586433896]]],[[[146.03486988283885,43.39821713511276],[146.03469724987826,43.39858477526724],[146.03453163432755,43.398452666657306],[146.03464466921616,43.39819441374124],[146.03486988283885,43.39821713511276]]],[[[146.036845863346,43.39859780194706],[146.03689019542628,43.398765467952046],[146.03652041488533,43.39891553242592],[146.0364621136357,43.39872013492635],[146.036845863346,43.39859780194706]]],[[[146.04526141418296,43.39934922508672],[146.04538066068903,43.3995050002556],[146.04519150538374,43.39955791906277],[146.04516224414238,43.39946138673366],[146.04526141418296,43.39934922508672]]],[[[146.04311036265312,43.40044753202801],[146.04269335871163,43.40035244131218],[146.04278350225684,43.399940612968976],[146.04337355374662,43.39999755894024],[146.04311036265312,43.40044753202801]]],[[[146.03978849544274,43.40031677509916],[146.0398380543828,43.40047933295489],[146.0395703630819,43.400452278649766],[146.03978849544274,43.40031677509916]]],[[[146.03977379962123,43.40061033270075],[146.0399465890639,43.40070697294851],[146.0397692481523,43.40080013461858],[146.03958610931159,43.40063083814272],[146.03977379962123,43.40061033270075]]],[[[146.04441133631417,43.401553413958936],[146.04380897490432,43.40154938679484],[146.04382705577405,43.401362360184805],[146.04437403423435,43.401369505298476],[146.04441133631417,43.401553413958936]]],[[[146.04032060990824,43.40133308095699],[146.04032263338286,43.40175605369899],[146.0398517249772,43.401564892006206],[146.04032060990824,43.40133308095699]]],[[[146.04111444867294,43.40177005434458],[146.0409546427427,43.40214394568659],[146.04066503226545,43.40202594564096],[146.04072700364839,43.40171294559599],[146.04111444867294,43.40177005434458]]],[[[146.03631824908803,43.40290561300367],[146.03630533122612,43.403119107560826],[146.03578250316002,43.40301441388414],[146.03594044119848,43.40290091944195],[146.03631824908803,43.40290561300367]]],[[[146.04857639438512,43.4035378651804],[146.04872844366275,43.40380558615891],[146.04827094684674,43.403899080578185],[146.04824308674915,43.40363761258578],[146.04857639438512,43.4035378651804]]],[[[146.04934228311993,43.40417799991479],[146.04922744509054,43.40421322456069],[146.04903469519513,43.404119865039775],[146.04906644575988,43.404070837599136],[146.04934228311993,43.40417799991479]]],[[[146.03452369601177,43.405547332843184],[146.03456494161878,43.40564950482087],[146.0344145012283,43.405673945696094],[146.03439216566596,43.40558233265858],[146.03452369601177,43.405547332843184]]],[[[146.1422462776436,43.40579925183408],[146.1419708953406,43.40617946810801],[146.14173678292627,43.4058313333494],[146.1422462776436,43.40579925183408]]],[[[146.0230861092366,43.40611230583829],[146.02311814488655,43.406215279111905],[146.0229833589949,43.406307748304016],[146.02288289213186,43.406161225360336],[146.0230861092366,43.40611230583829]]],[[[146.15089058363355,43.40659827878761],[146.150552672368,43.40686866715532],[146.15037330708253,43.40670999976675],[146.15066275028573,43.40642655863883],[146.15089058363355,43.40659827878761]]],[[[146.1574642536724,43.406887667132196],[146.1574463940359,43.40701830624988],[146.1570955514186,43.40710566729274],[146.15707795078686,43.40692855930564],[146.1574642536724,43.406887667132196]]],[[[146.15209977968118,43.40715258582321],[146.1520943064072,43.40734297319972],[146.1518833065694,43.40734800040997],[146.15195347617203,43.407133252197866],[146.15209977968118,43.40715258582321]]],[[[146.03037736722183,43.40735166694594],[146.03048836604535,43.40743580212063],[146.03032641972857,43.40748991882475],[146.0302032809567,43.40736313510064],[146.03037736722183,43.40735166694594]]],[[[146.14871438436137,43.407174108398465],[146.14901839208517,43.40736508123359],[146.14884944184837,43.40751266717592],[146.14861549940588,43.40734202711292],[146.14871438436137,43.407174108398465]]],[[[146.1549579510487,43.40744361273261],[146.15489016914603,43.40758205436839],[146.15475060965298,43.40743097276123],[146.1549579510487,43.40744361273261]]],[[[146.15510258091945,43.40772380191197],[146.15490622564187,43.40782444144486],[146.15483457755374,43.4077102518267],[146.15510258091945,43.40772380191197]]],[[[146.02263669282922,43.407647053768585],[146.02278427967087,43.40776758630511],[146.0225540604216,43.40780630571646],[146.02263669282922,43.407647053768585]]],[[[146.154038521061,43.40778525168804],[146.15400494217442,43.407963107911144],[146.15383744524195,43.407993414164764],[146.15397316462986,43.407787721226384],[146.154038521061,43.40778525168804]]],[[[146.15759856022544,43.40808810827963],[146.15710752319376,43.40765730603988],[146.15821963742644,43.40730800036397],[146.1582570042574,43.408020107841764],[146.15759856022544,43.40808810827963]]],[[[146.02360583733957,43.40781089225891],[146.0234172243255,43.40825277504558],[146.02293147890464,43.40804905432043],[146.02360583733957,43.40781089225891]]],[[[146.0268181707221,43.40825338658459],[146.02661046689957,43.408307252377824],[146.02659605706242,43.408211667034834],[146.0268181707221,43.40825338658459]]],[[[146.14668405962175,43.408420198233614],[146.14633513615763,43.408233359581914],[146.14677377419036,43.4079159456644],[146.1469422441893,43.40831877539125],[146.14668405962175,43.408420198233614]]],[[[146.02248189432407,43.40838338718362],[146.02242544657713,43.408539468122],[146.0222584946339,43.40847166733363],[146.02248189432407,43.40838338718362]]],[[[146.15943583739408,43.40855227896458],[146.15928175115198,43.40833886534642],[146.1594851876913,43.40828872094778],[146.15969863818168,43.40839666657297],[146.15943583739408,43.40855227896458]]],[[[146.15906377437375,43.408627224866564],[146.1589054730092,43.40898030589648],[146.15870930029405,43.40882283820349],[146.15906377437375,43.408627224866564]]],[[[146.14805769130942,43.40884577541226],[146.14822927386194,43.40904502740614],[146.14804929973548,43.40909494607496],[146.14786966285476,43.408975107815024],[146.14805769130942,43.40884577541226]]],[[[146.15552552488316,43.40915972064465],[146.15524588788753,43.40916274776265],[146.15506411241893,43.40873530628943],[146.15545902721237,43.408757864883626],[146.15552552488316,43.40915972064465]]],[[[146.05492830060064,43.40930322456421],[146.05498430588102,43.40942102675905],[146.05474027214586,43.409562802181654],[146.0546803889888,43.409457225370716],[146.05492830060064,43.40930322456421]]],[[[146.05565946830984,43.40934222456406],[146.05577167312424,43.40949383767054],[146.05564472122694,43.409581224793726],[146.05544319125033,43.40954910820483],[146.05565946830984,43.40934222456406]]],[[[146.15998461719641,43.40900374762492],[146.16002263333792,43.409772170649205],[146.15928396888012,43.409867666959315],[146.1595063550343,43.40897274799397],[146.15998461719641,43.40900374762492]]],[[[146.15449477321533,43.411604864872686],[146.15173610913416,43.41050033282414],[146.1517356163057,43.4074940539075],[146.15436849491016,43.408147801679775],[146.154862282968,43.40924633255224],[146.15578399543506,43.40933944116233],[146.15684319086063,43.40865744118804],[146.15449477321533,43.411604864872686]]],[[[146.1545416989403,43.41184869356243],[146.15471089469213,43.41190744087572],[146.15462999977478,43.41200305409774],[146.1544480291533,43.41196500018464],[146.1545416989403,43.41184869356243]]],[[[146.15460795109618,43.41218091931404],[146.15455705576358,43.41234333327827],[146.1543190528821,43.412354171008246],[146.15439795130442,43.41208650488835],[146.15460795109618,43.41218091931404]]],[[[146.08274763919223,43.412614864684315],[146.08143703019482,43.41271594578433],[146.08197739324214,43.4118375860358],[146.08274763919223,43.412614864684315]]],[[[146.0821658632641,43.412719107800626],[146.0820810508999,43.4129106130344],[146.0819371081111,43.41275405365673],[146.0821658632641,43.412719107800626]]],[[[146.08352328107458,43.41318797294667],[146.08340102543707,43.41304146798939],[146.08391741885384,43.412838440641565],[146.08391922199462,43.41313638693475],[146.08352328107458,43.41318797294667]]],[[[146.0847354727639,43.412371134919965],[146.0851743841905,43.41340410791332],[146.08439175097863,43.41325180232889],[146.08411063639687,43.41277983811909],[146.0847354727639,43.412371134919965]]],[[[146.0563441626531,43.413637332696794],[146.05631418914857,43.41384066671344],[146.05607739315724,43.41367569417798],[146.0563441626531,43.413637332696794]]],[[[146.16464041462348,43.41349410756709],[146.16457680917244,43.413847080678295],[146.16428763936312,43.413800585728495],[146.16442141441678,43.413528531816326],[146.16464041462348,43.41349410756709]]],[[[146.15517070006786,43.413939081323576],[146.15533177674013,43.41404166698942],[146.15529510958174,43.41413163966348],[146.15512302161028,43.4140014412136],[146.15517070006786,43.413939081323576]]],[[[146.16528481214448,43.41314822471088],[146.16557082983002,43.41368846814834],[146.1649334110482,43.413660802304264],[146.16528481214448,43.41314822471088]]],[[[146.06094011739253,43.414520666595536],[146.0608505323263,43.414626945777],[146.0606963291723,43.41455541370141],[146.0608831390457,43.41448180239331],[146.06094011739253,43.414520666595536]]],[[[146.16612980524633,43.414638171114746],[146.16560272428637,43.4145896131202],[146.16589610921812,43.41434658572638],[146.16612980524633,43.414638171114746]]],[[[145.9089052531749,43.41454241400123],[145.90890680900213,43.414689559275814],[145.90864961099078,43.41468122525839],[145.90878347597675,43.41454580174741],[145.9089052531749,43.41454241400123]]],[[[146.0716354990791,43.414630505293644],[146.07194744511855,43.41469346772942],[146.071743385349,43.41495794575263],[146.07156713441577,43.41482630568953],[146.0716354990791,43.414630505293644]]],[[[146.07272732820365,43.41483030587398],[146.07267408564064,43.41499830642675],[146.07240588802142,43.41491938731991],[146.0725501428749,43.414800972686805],[146.07272732820365,43.41483030587398]]],[[[146.16527836580406,43.41496489211613],[146.16494036280756,43.41488189188584],[146.16519197063303,43.414764918865956],[146.16527836580406,43.41496489211613]]],[[[146.06062116743294,43.415026440817655],[146.06015739334907,43.41500013474848],[146.06039518758791,43.414751504578305],[146.06062116743294,43.415026440817655]]],[[[146.16374143971575,43.41474283781179],[146.16391557724216,43.414969531718555],[146.16354775632396,43.41499672092198],[146.16374143971575,43.41474283781179]]],[[[146.07830167338363,43.41486872131446],[146.0781871339292,43.4152386673307],[146.07777274971272,43.414839945707],[146.07830167338363,43.41486872131446]]],[[[146.0776119707159,43.41500586522852],[146.07778983143567,43.41524763986672],[146.07750555124028,43.41527958558447],[146.0776119707159,43.41500586522852]]],[[[146.07604247657912,43.41543519797608],[146.07560566776738,43.41525374806207],[146.07603391683188,43.414606441234355],[146.0764147212625,43.41511405367072],[146.07604247657912,43.41543519797608]]],[[[146.07662510956118,43.41531113470114],[146.07661294443187,43.415510505405564],[146.07651610903122,43.415474558604046],[146.0764947474347,43.41536294644288],[146.07662510956118,43.41531113470114]]],[[[146.07771608343057,43.41548250501364],[146.07775561582912,43.41558910795101],[146.07759972824488,43.41559625216536],[146.0775668868024,43.415510892114014],[146.07771608343057,43.41548250501364]]],[[[146.06641005218228,43.41562810795085],[146.06566058416865,43.41525353222477],[146.06648678323847,43.41497827942413],[146.06641005218228,43.41562810795085]]],[[[145.90837671891052,43.415782107858035],[145.9083851095852,43.41600944118284],[145.90807791196607,43.41590119788202],[145.90816258133816,43.415650081086426],[145.90837671891052,43.415782107858035]]],[[[146.0865288846004,43.41590905435942],[146.0867451616599,43.415396197976236],[146.0871080291123,43.41537591916341],[146.0870166409053,43.41581661304633],[146.0865288846004,43.41590905435942]]],[[[146.09823968901048,43.416009108433684],[146.09826788635394,43.41622386473961],[146.09796591379597,43.416200639747785],[146.09800875480028,43.416005387039036],[146.09823968901048,43.416009108433684]]],[[[146.06362654972554,43.416155721309565],[146.0636809991788,43.41623310797161],[146.06362797694965,43.41634769419079],[146.06348658913487,43.41624522543685],[146.06362654972554,43.416155721309565]]],[[[146.06895053174173,43.41595789204314],[146.06903243839633,43.416356252139394],[146.06884513569457,43.41636264002386],[146.0687409213565,43.41612430619182],[146.06895053174173,43.41595789204314]]],[[[145.8991757721442,43.416194170924314],[145.8992556939952,43.41635789160347],[145.89913313888337,43.41640625174716],[145.8989872499617,43.41630205359695],[145.8991757721442,43.416194170924314]]],[[[145.90020683497755,43.41639913541184],[145.89949391721052,43.41635891862927],[145.89958163438496,43.41623846793101],[145.90007916991783,43.41627427893485],[145.90020683497755,43.41639913541184]]],[[[146.06597664100923,43.41666666663343],[146.06564674360243,43.416780558575965],[146.06560299608145,43.41665938662146],[146.06597664100923,43.41666666663343]]],[[[146.15568061027204,43.4169573598943],[146.15513367138192,43.41686619831643],[146.15530786016973,43.41654664041516],[146.15568061027204,43.4169573598943]]],[[[146.15722852067972,43.416739134903196],[146.1572845529398,43.41682627920949],[146.1569760566997,43.41697113481007],[146.15703247656757,43.416725359987424],[146.15722852067972,43.416739134903196]]],[[[146.153655227307,43.41697058622361],[146.15338902708197,43.416772891855544],[146.15400294388087,43.4167372247432],[146.15400649800154,43.416916775288996],[146.153655227307,43.41697058622361]]],[[[145.90492021959255,43.41693299995802],[145.90490007837593,43.41713235987055],[145.90470839237844,43.41700822464992],[145.90492021959255,43.41693299995802]]],[[[145.9053444486874,43.41651283759745],[145.90539294372945,43.416790026638466],[145.90521561630771,43.416816586316486],[145.90515544716618,43.41651753205849],[145.9053444486874,43.41651283759745]]],[[[146.16418024592167,43.4175249193396],[146.16429197139746,43.417669080663586],[146.16413822330048,43.41774569390873],[146.1640534756874,43.41765055912606],[146.16418024592167,43.4175249193396]]],[[[146.0903056423915,43.41736700018697],[146.09049202328833,43.41772755907965],[146.0899836707099,43.41766738724016],[146.0903056423915,43.41736700018697]]],[[[146.06861683469924,43.417742504912724],[146.06864075216902,43.41795183830675],[146.06838330684423,43.417871802241905],[146.06861683469924,43.417742504912724]]],[[[146.07342357973448,43.41805483766069],[146.07323286590406,43.41820925215529],[146.07315697841193,43.41801830629987],[146.07342357973448,43.41805483766069]]],[[[146.07363308669767,43.418058639994285],[146.07366167344753,43.41821172079432],[146.07354297013205,43.41820455859357],[146.07363308669767,43.418058639994285]]],[[[146.0746051881789,43.41802710796469],[146.07478919576488,43.4181896127605],[146.07447963742538,43.41826172130146],[146.0746051881789,43.41802710796469]]],[[[146.09301717300423,43.4185651984252],[146.09241111538074,43.41892055923648],[146.09186588790044,43.418682747910566],[146.09216063620443,43.41822966676574],[146.09301717300423,43.4185651984252]]],[[[146.16765724978234,43.41922605443892],[146.16732386480453,43.41911002660652],[146.1675686899431,43.41896819812388],[146.16765724978234,43.41922605443892]]],[[[146.09564252877976,43.41925705406982],[146.09445325631282,43.41921869438727],[146.09477664082942,43.4186373060669],[146.09564252877976,43.41925705406982]]],[[[146.1674752530805,43.41991464014859],[146.1672354218773,43.419977359767415],[146.16725503159455,43.419872306361924],[146.1674752530805,43.41991464014859]]],[[[146.09762847017782,43.42056089207159],[146.09615542203517,43.42016055886273],[146.09659822302967,43.419218721366974],[146.0975741628174,43.41926491864115],[146.09762847017782,43.42056089207159]]],[[[146.16191033729228,43.42071055904512],[146.16184302213787,43.42089419790898],[146.1616639949974,43.42079800012766],[146.16191033729228,43.42071055904512]]],[[[145.89261011686347,43.42078246793659],[145.8933992737575,43.42103158643863],[145.89299444933442,43.421258532155605],[145.89261011686347,43.42078246793659]]],[[[146.16766082998333,43.42176389179025],[146.16768766485393,43.42142141376729],[146.16809936369475,43.421636027081036],[146.16766082998333,43.42176389179025]]],[[[146.1616479771725,43.42144035978481],[146.16166594023105,43.42170644129931],[146.1614416340243,43.42185936022133],[146.16145316513155,43.42157913506907],[146.1616479771725,43.42144035978481]]],[[[146.08930727620987,43.42142483838563],[146.08953544680344,43.42184163997973],[146.08902153011957,43.421739864603126],[146.08930727620987,43.42142483838563]]],[[[146.16765041493477,43.42185827923623],[146.16780241205174,43.42199491863062],[146.1676742802439,43.42203636028984],[146.16765041493477,43.42185827923623]]],[[[145.9331939172655,43.422051946440206],[145.93317389116226,43.42223913492819],[145.93298622603356,43.422265306099064],[145.9330078601247,43.42210402707923],[145.9331939172655,43.422051946440206]]],[[[145.9339159397689,43.42223825179394],[145.933997912074,43.42243550459489],[145.9338588849796,43.42239608101437],[145.93378169886637,43.42228017099313],[145.9339159397689,43.42223825179394]]],[[[145.93460878107044,43.42250194560836],[145.9346522830765,43.422751666656154],[145.93453236117955,43.422762305635956],[145.93445941626908,43.4225633603109],[145.93460878107044,43.42250194560836]]],[[[146.1695176907889,43.42313610794508],[146.16912736703443,43.42296358560105],[146.16956435840848,43.42277455889882],[146.1695176907889,43.42313610794508]]],[[[145.8926278856685,43.423042892315664],[145.8927978080725,43.423236000141344],[145.89256258139812,43.42332946758091],[145.8924564461082,43.42314222513363],[145.8926278856685,43.423042892315664]]],[[[146.1671052791853,43.423030532033465],[146.1636208037571,43.4225501079012],[146.16221133588454,43.4190583866353],[146.1560444229118,43.41571950515112],[146.15749428023696,43.414109531629606],[146.16367841792476,43.41273205444082],[146.1632382753262,43.41759889217519],[146.16567272391717,43.41827263997044],[146.1671052791853,43.423030532033465]]],[[[146.17072092073397,43.42431033295554],[146.16990852086167,43.42393122464637],[146.17062961076795,43.42355238703311],[146.17072092073397,43.42431033295554]]],[[[146.03894758796093,43.42424510782553],[146.0387654986289,43.42437058573398],[146.03873880675064,43.4242413333709],[146.03894758796093,43.42424510782553]]],[[[146.17074910458757,43.424613586148155],[146.1708464202262,43.424793278786865],[146.17066058431863,43.424795197940114],[146.17074910458757,43.424613586148155]]],[[[145.88738464298694,43.42496502681456],[145.8870145530792,43.42506317072878],[145.88685542164046,43.42488497276332],[145.88738464298694,43.42496502681456]]],[[[146.1706162000777,43.424966026860716],[146.17061914355872,43.42505677475043],[146.17048121903315,43.425071135124824],[146.17046941633055,43.424934504723694],[146.1706162000777,43.424966026860716]]],[[[146.17450180281605,43.42512041437567],[146.1742699216196,43.42456666671836],[146.17485574629575,43.424584774567734],[146.17509418894576,43.42496922484992],[146.17450180281605,43.42512041437567]]],[[[146.17476810556366,43.425248387003535],[146.1749083404476,43.42531533343595],[146.17480214040654,43.425414802051534],[146.1746388073351,43.425284135054824],[146.17476810556366,43.425248387003535]]],[[[146.1746236708458,43.42545072097403],[146.17471603122,43.42562027915261],[146.17435197126656,43.425710892144025],[146.17433827459172,43.425491134708125],[146.1746236708458,43.42545072097403]]],[[[145.88830644628558,43.42532913533137],[145.88789791215902,43.42546027896873],[145.8873094155971,43.425090748439345],[145.88842072583589,43.425025170775086],[145.88830644628558,43.42532913533137]]],[[[146.17358277572464,43.425973747790295],[146.17373435825414,43.42611010839482],[146.17347977996792,43.426236107910086],[146.1733473925682,43.42609922479943],[146.17358277572464,43.425973747790295]]],[[[146.0612284436378,43.42650402673951],[146.06152958522227,43.42657577465235],[146.0613150582434,43.426632558745666],[146.0612284436378,43.42650402673951]]],[[[146.17439800306545,43.426968387181375],[146.1758382493358,43.42596119775112],[146.17658997374838,43.426967333175924],[146.17439800306545,43.426968387181375]]],[[[146.17738736663375,43.427717586297604],[146.1775131386205,43.427808414227],[146.17731936439725,43.42794366686678],[146.17720963721501,43.42775905403715],[146.17738736663375,43.427717586297604]]],[[[146.17694416274298,43.42782369370855],[146.17664238713655,43.42805677460052],[146.17660252918347,43.42769041418131],[146.17694416274298,43.42782369370855]]],[[[146.09295430589657,43.42835569396016],[146.0929633332912,43.42848989169522],[146.09279255473268,43.42845410767097],[146.09285044139483,43.42832663956284],[146.09295430589657,43.42835569396016]]],[[[146.1779071343069,43.428471918744094],[146.17756386488054,43.42813591943718],[146.1781533587905,43.42831233314769],[146.1779071343069,43.428471918744094]]],[[[146.09421944157407,43.42904350535355],[146.09422591399482,43.42918572144396],[146.09411027197154,43.42917477489601],[146.09406905334424,43.429070585739],[146.09421944157407,43.42904350535355]]],[[[146.1012868349195,43.429047386827506],[146.10131949379968,43.42920235980114],[146.10116683478168,43.4292270273055],[146.10115763921374,43.429125413806844],[146.1012868349195,43.429047386827506]]],[[[146.10545722417157,43.428981999819484],[146.10507374785527,43.428534107762914],[146.105555862713,43.428353171361834],[146.10585080437124,43.42864197334842],[146.10545722417157,43.428981999819484]]],[[[146.0980288330643,43.4286829185819],[146.0989292477866,43.428882306373396],[146.09840119286082,43.42929133332842],[146.0980288330643,43.4286829185819]]],[[[146.09414547323502,43.42930064041229],[146.0942138387977,43.42941105377719],[146.09408228327084,43.42948458594492],[146.09392177676864,43.429320278907824],[146.09414547323502,43.42930064041229]]],[[[146.18046833964218,43.429554585575715],[146.18010785988986,43.42943941389791],[146.17981603078522,43.42859174801083],[146.18112885930952,43.42920777461916],[146.18046833964218,43.429554585575715]]],[[[146.176985006353,43.42954889196784],[146.17695102457014,43.429680505051294],[146.17680250333296,43.42963113496893],[146.17688868986124,43.42952891892452],[146.176985006353,43.42954889196784]]],[[[146.1784456420528,43.4296882518114],[146.17651380027178,43.42913438724224],[146.17712282655725,43.428429135296426],[146.17950778185866,43.42866874796442],[146.1784456420528,43.4296882518114]]],[[[146.1082011150894,43.429597946388185],[146.1082181446517,43.4297147206579],[146.10803208841025,43.42972338742442],[146.1080815816997,43.42958302663544],[146.1082011150894,43.429597946388185]]],[[[146.17884158207346,43.42963002700418],[146.178839805013,43.42979566683658],[146.1786569386669,43.42971541403517],[146.17884158207346,43.42963002700418]]],[[[146.0824223607035,43.4298743602136],[146.08265680856493,43.42997055889424],[146.08259819704926,43.43002066731998],[146.08237328110215,43.42994086507889],[146.0824223607035,43.4298743602136]]],[[[146.0941225288317,43.43005389187368],[146.09377447501208,43.430198838305785],[146.09377763882708,43.429974387308164],[146.0941225288317,43.43005389187368]]],[[[146.18042036260977,43.43021027858157],[146.1803797276424,43.43031319789583],[146.18024616123137,43.43028866708835],[146.18031900092126,43.43018019805777],[146.18042036260977,43.43021027858157]]],[[[146.10169369630705,43.430739251715124],[146.10134761290203,43.43072133272335],[146.1013758372252,43.43045050458716],[146.10170169937396,43.43046127936458],[146.10169369630705,43.430739251715124]]],[[[146.1082543315722,43.43048244131165],[146.10839175067883,43.43079891903494],[146.10814966307657,43.430793999743344],[146.1082543315722,43.43048244131165]]],[[[146.1121048643481,43.430612225174116],[146.11218258106135,43.43087783814178],[146.11186593966147,43.43099435970197],[146.11189778195717,43.43068322485101],[146.1121048643481,43.430612225174116]]],[[[146.10179533138955,43.430913640152426],[146.10178406018633,43.431029721044865],[146.10158416337845,43.43103717102866],[146.1015560829469,43.43091150516187],[146.10179533138955,43.430913640152426]]],[[[146.1808730219725,43.431145360370124],[146.18094549923546,43.43123786463582],[146.18073771717195,43.431299252358656],[146.18075775586578,43.43115477537265],[146.1808730219725,43.431145360370124]]],[[[146.10951464328627,43.43101694617519],[146.10960919620754,43.431193027136544],[146.1094201173446,43.43126191880259],[146.1093675879439,43.43105522491874],[146.10951464328627,43.43101694617519]]],[[[146.04649810610283,43.431159027367244],[146.04643080443816,43.431364134847],[146.04617158205292,43.43131883779421],[146.04649810610283,43.431159027367244]]],[[[146.1085423871216,43.43145580184381],[146.10843744523197,43.431619919124046],[146.10819147885377,43.431505666553335],[146.1085423871216,43.43145580184381]]],[[[146.10701044057942,43.43393741358085],[146.10695328056954,43.43401446839306],[146.1066897279486,43.434044919437554],[146.10667422813322,43.43396630610022],[146.10701044057942,43.43393741358085]]],[[[145.9471550061986,43.434518107624626],[145.94688800287906,43.43460744088077],[145.94652752312675,43.43447135996536],[145.94674902704605,43.43430122532135],[145.9471550061986,43.434518107624626]]],[[[146.10789097308998,43.434925252298626],[146.1078525810318,43.43502813474066],[146.10766277641608,43.43506305361706],[146.10761260683637,43.434973107922644],[146.10789097308998,43.434925252298626]]],[[[146.10987936424135,43.43662880207762],[146.10967591421218,43.43685683777289],[146.10930888469738,43.4366059458078],[146.10987936424135,43.43662880207762]]],[[[146.10984263323098,43.43856135971902],[146.10939427982225,43.438824666824985],[146.10925929967698,43.43864455869948],[146.10984263323098,43.43856135971902]]],[[[146.11001204931665,43.43889766659407],[146.1099663943337,43.43897746793584],[146.10976369613775,43.43895510809182],[146.10974080389508,43.438886252398675],[146.11001204931665,43.43889766659407]]],[[[146.10846747089715,43.43903297319321],[146.10838289235664,43.43887441372328],[146.10891155612353,43.43874986481444],[146.10870666717904,43.43902289179306],[146.10846747089715,43.43903297319321]]],[[[146.109624642963,43.43937622463312],[146.10942561579964,43.439532801997245],[146.109310584416,43.43943308067219],[146.109624642963,43.43937622463312]]],[[[146.10611824925786,43.439385802412914],[146.1060738389366,43.43955222465547],[146.10590472142587,43.43940561267891],[146.10611824925786,43.439385802412914]]],[[[146.10246858635628,43.442650505116774],[146.10250968897105,43.442715332746445],[146.10229438407862,43.442784531980635],[146.10224063609655,43.44270174758765],[146.10246858635628,43.442650505116774]]],[[[146.10195999995415,43.445782279029004],[146.10205136208072,43.44594897286686],[146.10182403415195,43.446025532152646],[146.10168847034674,43.44587250531191],[146.10195999995415,43.445782279029004]]],[[[145.88430082991943,43.44765846806388],[145.8839871077189,43.44782227867529],[145.88396097342024,43.44776513485317],[145.88417011705735,43.4476546666296],[145.88430082991943,43.44765846806388]]],[[[146.09864671857122,43.448119305861326],[146.0913348903929,43.442357747911785],[146.08749019511652,43.44240464036193],[146.08279224376713,43.4395280805565],[146.0823247473893,43.43701994601378],[146.08761372239542,43.4345053597346],[146.0866436713684,43.42766958588271],[146.08315975441917,43.424139945602064],[146.07794428010448,43.42682791937301],[146.07288070038408,43.42314108119598],[146.0689869389961,43.426412802209086],[146.06901795121757,43.43237089170333],[146.0636828922518,43.433700864903074],[146.0608637739441,43.432614559414446],[146.0627882493783,43.423846108311295],[146.0558514789626,43.422907612696235],[146.0554647731808,43.425750531561846],[146.05226153014553,43.42961077521716],[146.04748155612901,43.43018313524357],[146.04620569423741,43.427517999755935],[146.03938208821285,43.42443546822233],[146.03964946834833,43.419823108050025],[146.03509797699007,43.41738264029664],[146.02768936377322,43.41525464018957],[146.0242358106342,43.411482108312725],[146.02458466934706,43.40859210813932],[146.02899544738204,43.40879799982787],[146.03525778202106,43.40677861264294],[146.04195252868635,43.40182189216665],[146.0461324120812,43.40296630555059],[146.05021910502774,43.40689530597365],[146.05404080374012,43.412611639715465],[146.06052007823905,43.41634169391409],[146.06890739306175,43.418402198103024],[146.07568583693194,43.41853269422853],[146.0863715563023,43.41538858611443],[146.08521147942633,43.41971877500151],[146.08726678283585,43.42154022500142],[146.09191542165945,43.42281689178617],[146.08995491578685,43.42614177532272],[146.09353975375666,43.43082877472824],[146.0995115561135,43.43253808106766],[146.1066237743678,43.43166077532459],[146.1063059395675,43.437325945735836],[146.1023106609083,43.43885961268103],[146.10050871630426,43.4416098923827],[146.10123802871215,43.446005107649626],[146.09864671857122,43.448119305861326]]],[[[145.8726037482644,43.448948441217624],[145.87271046721435,43.449039558728714],[145.87267588828172,43.449107224618785],[145.87247566771794,43.44902636027837],[145.8726037482644,43.448948441217624]]],[[[145.95484610906078,43.45164402685043],[145.95500374762491,43.451844973167056],[145.95465041478485,43.45181569393918],[145.95484610906078,43.45164402685043]]],[[[145.90971678340293,43.45163455878793],[145.90930280208272,43.45216874798939],[145.9091119713405,43.45196330596184],[145.90971678340293,43.45163455878793]]],[[[145.91091272434278,43.45247217115383],[145.91120089500532,43.45275053201152],[145.91095016941483,43.452909945837405],[145.91091272434278,43.45247217115383]]],[[[145.95109269766988,43.45490869358139],[145.95145447514403,43.455240639643876],[145.9511733326832,43.45535936004649],[145.95109269766988,43.45490869358139]]],[[[145.862229027048,43.45503277484272],[145.86238949398,43.45515474809321],[145.86240347573982,43.45534453202458],[145.8622894938651,43.45531910819034],[145.862229027048,43.45503277484272]]],[[[145.938512672422,43.45734430589505],[145.93842992220323,43.45739972122021],[145.9382288068141,43.45733119827622],[145.93832905334318,43.45726253234005],[145.938512672422,43.45734430589505]]],[[[145.94477031080123,43.457305531625025],[145.94485639390757,43.457406306056214],[145.94467041500775,43.45744222497876],[145.94463955926835,43.457355333382],[145.94477031080123,43.457305531625025]]],[[[145.9409466668552,43.45734986460462],[145.94112730198344,43.457653053945364],[145.94071108944524,43.45764163974991],[145.9409466668552,43.45734986460462]]],[[[145.94166666678336,43.45732391916357],[145.94177914409227,43.45761302691972],[145.94148855964943,43.45761874840656],[145.94143357959604,43.45734986460462],[145.94166666678336,43.45732391916357]]],[[[145.94683241218615,43.45782841365042],[145.94669418908563,43.45791222506921],[145.94661367098422,43.45781502724179],[145.94682274987008,43.45775058632057],[145.94683241218615,43.45782841365042]]],[[[145.94631535686824,43.45782036022149],[145.94596552508892,43.45792058606622],[145.94545766533906,43.457832000146766],[145.94546910471547,43.45763155924914],[145.94631535686824,43.45782036022149]]],[[[145.88271511021424,43.45776633344957],[145.88292185535943,43.457915504896675],[145.88244211381254,43.45791369366208],[145.8824866149654,43.457767667144196],[145.88271511021424,43.45776633344957]]],[[[145.94791263286174,43.45798458631964],[145.94768600460554,43.458242531667565],[145.9475016336935,43.45816897341945],[145.9475905838384,43.45796577520042],[145.94791263286174,43.45798458631964]]],[[[146.1230579116933,43.460720558706896],[146.1228427497931,43.46054902741571],[146.12299722364298,43.46046255939967],[146.1230579116933,43.460720558706896]]],[[[145.89195552462786,43.46115980198334],[145.89188491615607,43.461279802121226],[145.8917358634194,43.461188386934566],[145.89182999995455,43.461131225125996],[145.89195552462786,43.46115980198334]]],[[[145.89234778192463,43.46106266710848],[145.8924262261894,43.46120553161006],[145.89230855979224,43.461302667384246],[145.89215163439053,43.46121694580546],[145.89234778192463,43.46106266710848]]],[[[146.12478080409085,43.46132172132042],[146.12463357967601,43.46147610793611],[146.12444868985517,43.461342892260745],[146.12461683519882,43.46127402667503],[146.12478080409085,43.46132172132042]]],[[[145.887742438263,43.46222427912721],[145.8867702720305,43.458439027239365],[145.87879588811984,43.45602683776838],[145.87222247708576,43.45590077530062],[145.86919338506675,43.45710110763008],[145.86353538315143,43.45677802708434],[145.86278778213045,43.45408894624791],[145.87009644559453,43.45129641369857],[145.87428036334813,43.45110925219029],[145.88229228316243,43.45246194586218],[145.8877758876472,43.448588639554146],[145.8919008953102,43.44890722528828],[145.89607379996596,43.44706674833185],[145.89920783387447,43.442158774707764],[145.9001217510181,43.43671022489701],[145.89661844378622,43.42991883798402],[145.89658888486917,43.42778144086088],[145.90224997415703,43.42565444079986],[145.90058119306764,43.423472693609995],[145.90699635489796,43.42145074785378],[145.9086629182591,43.42467789217102],[145.91234082976553,43.42614277536882],[145.91954403422983,43.426783170906674],[145.93291347627598,43.42294991860393],[145.93929438382884,43.42251310799361],[145.94951260682137,43.42335425199718],[145.95390038919163,43.42548408132535],[145.94568438442684,43.42983450495848],[145.94381866439994,43.434706333030874],[145.9361456424075,43.437311802098066],[145.93399260697333,43.44161402656613],[145.93866275038567,43.44992000040776],[145.94847180343106,43.45141538681071],[145.94997518840432,43.45432583756741],[145.94293204887504,43.45703358563151],[145.93506289193897,43.45732050533712],[145.9279941891806,43.44890380156926],[145.92581997381285,43.44777450488954],[145.9169360047929,43.446627053595705],[145.89792503191472,43.44864830597459],[145.89210224362375,43.451946720664694],[145.89315856031942,43.45474944073413],[145.887742438263,43.46222427912721]]],[[[145.88931399544458,43.46213364005547],[145.88914944199325,43.46246497278031],[145.88904233543553,43.462409107794144],[145.8891695850084,43.4621456936689],[145.88931399544458,43.46213364005547]]],[[[145.8903316080174,43.46247410809366],[145.89028455278992,43.46262269408214],[145.89010411191532,43.4625026939442],[145.8903316080174,43.46247410809366]]],[[[146.13014544715475,43.46345158572217],[146.13020725036438,43.46355810772053],[146.13002766474494,43.46359450508237],[146.12995552472773,43.46352133264344],[146.13014544715475,43.46345158572217]]],[[[146.14291092070255,43.46579641417321],[146.1429714396803,43.4660903872616],[146.1426276648349,43.4659092251307],[146.14291092070255,43.46579641417321]]],[[[146.14380822287126,43.46658597306424],[146.14319238691917,43.466386918921216],[146.14350680879227,43.46616019803474],[146.14380822287126,43.46658597306424]]],[[[146.14497581088506,43.46666666743283],[146.14482374811757,43.46683517070659],[146.14462489002676,43.46674433288473],[146.14460005165108,43.46656222466697],[146.14497581088506,43.46666666743283]]],[[[146.1457799217061,43.46704383770299],[146.14578311340006,43.4671983601163],[146.14560136221314,43.46712983807163],[146.1457799217061,43.46704383770299]]],[[[146.15259775588174,43.47026374787373],[146.15215172542185,43.47016622539104],[146.15230613541985,43.47000774775938],[146.15259775588174,43.47026374787373]]],[[[146.15287474707202,43.4702905593619],[146.15292108913707,43.47043883778218],[146.15278907855316,43.47046117064656],[146.15268538312398,43.47031155943097],[146.15287474707202,43.4702905593619]]],[[[146.15397236063598,43.47105580238343],[146.1534717251401,43.47101569441884],[146.1530391701217,43.4706796132736],[146.15411319087116,43.470627279025734],[146.15397236063598,43.47105580238343]]],[[[146.1564207001553,43.47201969395377],[146.15605002568816,43.47200955859432],[146.15603549893922,43.47191810833408],[146.156407392887,43.47186805386764],[146.1564207001553,43.47201969395377]]],[[[146.15666836625212,43.47225997301939],[146.15631418894873,43.47220753175225],[146.15636394304158,43.47211861308358],[146.15664924756481,43.47209483770666],[146.15666836625212,43.47225997301939]]],[[[146.16161380023675,43.47251250534788],[146.16130338484345,43.472817198355074],[146.16101530501237,43.472599171214824],[146.16146280226656,43.472298613290434],[146.16161380023675,43.47251250534788]]],[[[146.16186985700836,43.47316300027228],[146.16170097332133,43.47252689180266],[146.16249744530091,43.472675720608095],[146.16186985700836,43.47316300027228]]],[[[146.16301625159883,43.47327180205207],[146.16273547336345,43.47332002729746],[146.16246403368825,43.473151107637534],[146.16302221770127,43.4730348378875],[146.16301625159883,43.47327180205207]]],[[[146.11306596622148,43.473106747678344],[146.11319761257982,43.47333210789054],[146.11313277595696,43.47335453158644],[146.1129591699298,43.47320119807688],[146.11306596622148,43.473106747678344]]],[[[146.1642258631332,43.47533155890437],[146.16370914416177,43.474687774721076],[146.16464741944287,43.47469208067503],[146.1642258631332,43.47533155890437]]],[[[146.18875844404704,43.48444630565251],[146.1888044227859,43.484641838050436],[146.1885611669644,43.484602197733295],[146.18853535732092,43.484432919243886],[146.18875844404704,43.48444630565251]]],[[[146.1875953310597,43.48535974795408],[146.18749516187233,43.48521317105104],[146.1880291963904,43.485111224803234],[146.1879477816649,43.485412774679844],[146.1875953310597,43.48535974795408]]],[[[146.18856708180545,43.485342197684304],[146.18863060991475,43.48550558561436],[146.18829455305126,43.48545544121572],[146.18843761270568,43.485300586053256],[146.18856708180545,43.485342197684304]]],[[[146.19475464321226,43.489871467694115],[146.19474616080674,43.489977918646105],[146.19456600501724,43.4899837480516],[146.1945452792413,43.489867026841864],[146.19475464321226,43.489871467694115]]],[[[146.19891313893027,43.489919225292056],[146.19895302206442,43.49006844080594],[146.19880756211933,43.490056972651246],[146.1987790527112,43.48991055942486],[146.19891313893027,43.489919225292056]]],[[[146.1984138910883,43.48993508123908],[146.19838649773874,43.490343305998806],[146.19817379998096,43.490277505302686],[146.1984138910883,43.48993508123908]]],[[[146.19688399500046,43.49021805382017],[146.19666472139988,43.490333972834605],[146.1965892224148,43.490188279065876],[146.19688399500046,43.49021805382017]]],[[[146.19985664107116,43.49033819784961],[146.19963124488606,43.490662532050294],[146.19901697825105,43.49061372134622],[146.19874724998567,43.49034600036765],[146.19985664107116,43.49033819784961]]],[[[146.20256933900384,43.49275917099902],[146.20273686111727,43.492983441232866],[146.20258795137295,43.49304208062756],[146.20234949433382,43.492914802276346],[146.20256933900384,43.49275917099902]]],[[[146.179600078381,43.5048413333609],[146.17927491590467,43.50480374799463],[146.179353721697,43.50466069373607],[146.17967797675726,43.50470222532749],[146.179600078381,43.5048413333609]]],[[[146.06107620010664,43.52462138666772],[146.06104505838277,43.52475419764818],[146.0609024771677,43.5247356131581],[146.06092871578767,43.52457174768807],[146.06107620010664,43.52462138666772]]],[[[146.13498946818947,43.548903973139886],[146.13037219232285,43.54743013539246],[146.1284566669417,43.544952252244684],[146.11951858571422,43.540669278664325],[146.10919338476697,43.54055291898209],[146.0947804674447,43.53435505404258],[146.08361661541448,43.5337679190543],[146.06117875519544,43.524579224651575],[146.0626617768196,43.523020999919254],[146.0730741634419,43.521168972969804],[146.07837114061567,43.51745725235037],[146.08548311335505,43.50863113491897],[146.08631413728767,43.5040113868161],[146.08945335938506,43.50056241392434],[146.09225474665925,43.50098805405548],[146.0978041626321,43.49898225202935],[146.1032996372685,43.49470099975139],[146.10694891076366,43.48838341436311],[146.10791369626008,43.47924519800756],[146.11319897505268,43.47452064021542],[146.11738330739377,43.47256225224618],[146.11848586273243,43.469556919416334],[146.11635350181268,43.46641527904194],[146.11867386510687,43.459377946435154],[146.1210820229171,43.462121197935005],[146.12454172472087,43.46202750476556],[146.13180919563797,43.46562369397833],[146.13945377387267,43.467889278667315],[146.1472130867146,43.471956945556656],[146.15179522696826,43.47187366743583],[146.1633915818561,43.47434489200322],[146.16163444867095,43.476822026915045],[146.16453228283865,43.478647306228254],[146.16624416303773,43.4766046670718],[146.1800175616612,43.479590107797264],[146.18766116682946,43.48353177517134],[146.18657224431365,43.48626089202662],[146.19028160781,43.48654799969046],[146.19047406002994,43.491604586282676],[146.19417275037222,43.49261010836983],[146.19582661530615,43.49536317057391],[146.1846666411526,43.495962360074884],[146.17836175059438,43.50182366722851],[146.18071958504083,43.51076450487807],[146.1841947210096,43.51512010770688],[146.19081002606197,43.52049366664943],[146.19733411197979,43.527839802165204],[146.2037563289914,43.53182294627203],[146.20037299581713,43.53424899969161],[146.18796182907522,43.533562441053846],[146.17885360600917,43.53225300027577],[146.17318483830968,43.53265719787146],[146.161462633194,43.534803359787304],[146.15034243785328,43.539193639574876],[146.14181252922492,43.54566874841407],[146.1418734106295,43.54780372096502],[146.13498946818947,43.548903973139886]]],[[[146.40151717317906,43.565356721035926],[146.40079144007302,43.56385958635087],[146.4024649677841,43.563504414397244],[146.40279929974793,43.564592333269616],[146.40151717317906,43.565356721035926]]],[[[146.4005326070942,43.56542253162456],[146.40033328135587,43.56531602671333],[146.4005271077399,43.5651198378103],[146.4007473669975,43.56535527942265],[146.4005326070942,43.56542253162456]]],[[[146.39999999980023,43.56606069414579],[146.3997295592718,43.565803693985345],[146.4001093897366,43.56572505366836],[146.40040341138842,43.56599772091812],[146.39999999980023,43.56606069414579]]],[[[146.4027631649882,43.56661522511263],[146.40158822321803,43.56573508110915],[146.4036194158034,43.56490436024808],[146.40449880707433,43.56546725221199],[146.4027631649882,43.56661522511263]]],[[[146.4021911925696,43.56974494587263],[146.39998583727663,43.5686966673174],[146.4014062777776,43.566541585925506],[146.4029938653747,43.56779063992616],[146.4021911925696,43.56974494587263]]],[[[146.40224827523775,43.569879864863935],[146.40205802905484,43.57000464040186],[146.40199250265198,43.569931279105276],[146.4021300782406,43.56982399987777],[146.40224827523775,43.569879864863935]]],[[[146.40759705605933,43.57000950483484],[146.40530024600957,43.56949302688173],[146.40431761256787,43.567188613064104],[146.40686839206273,43.56812955933174],[146.40759705605933,43.57000950483484]]],[[[146.40206641972952,43.570524414370254],[146.40220464283004,43.57060569419747],[146.402180272102,43.57067338706719],[146.4019870563576,43.57064517083802],[146.40206641972952,43.570524414370254]]],[[[146.40414955895505,43.570867946398664],[146.4038541892195,43.57071119816334],[146.4041472755764,43.57060017056148],[146.40414955895505,43.570867946398664]]],[[[146.40506280160707,43.57087055892919],[146.40445333285504,43.57052913491168],[146.4053608953891,43.57024461279872],[146.40506280160707,43.57087055892919]]],[[[146.43922588776456,43.57126477494944],[146.43925941628913,43.57019255913934],[146.44041671875664,43.57028017109309],[146.43922588776456,43.57126477494944]]],[[[146.40984208764235,43.57180702657308],[146.4094092736192,43.571782693616456],[146.4097194938596,43.57140861341685],[146.41005099925428,43.571544892183056],[146.40984208764235,43.57180702657308]]],[[[146.4351885855848,43.574035837983615],[146.4342696628147,43.57280889201678],[146.43562111542224,43.572444305960005],[146.43625841819153,43.57323933272909],[146.4351885855848,43.574035837983615]]],[[[146.42951175096664,43.57659053222733],[146.4291809731235,43.57504589175454],[146.43067756192,43.57465105430276],[146.43117941599735,43.57590461300754],[146.42951175096664,43.57659053222733]]],[[[146.43113350200963,43.57662058577148],[146.4312015564068,43.57669450464772],[146.43102566790037,43.57675900042756],[146.43097608287997,43.57665489220955],[146.43113350200963,43.57662058577148]]],[[[146.43082355426372,43.57670722465872],[146.43073435770452,43.57686183790355],[146.4305948117012,43.57679210806941],[146.43064214032256,43.5766994140468],[146.43082355426372,43.57670722465872]]],[[[146.43160438433495,43.57770746772553],[146.4307657719229,43.577688278891],[146.4306254731871,43.57720341390649],[146.43130725012952,43.576971801607385],[146.43160438433495,43.57770746772553]]],[[[146.4301069393838,43.57861238715202],[146.42942230889253,43.57815455938544],[146.4301222440464,43.57791210755778],[146.4301069393838,43.57861238715202]]],[[[146.4301227242844,43.60037230603717],[146.42981114067163,43.59994727924362],[146.43029433201787,43.599892801911324],[146.4301227242844,43.60037230603717]]],[[[146.43106791175478,43.600384999967844],[146.43120819700073,43.60054372131572],[146.43081591362363,43.600558999898],[146.43079939037966,43.60035627921894],[146.43106791175478,43.600384999967844]]],[[[146.4321402723557,43.60074586463003],[146.4311535541932,43.599819107865585],[146.43299347626794,43.59965310830438],[146.4321402723557,43.60074586463003]]],[[[146.43071930035546,43.60130735994676],[146.43031155583367,43.601063387365514],[146.43113282661875,43.60097613514057],[146.43115396878068,43.60129605367001],[146.43071930035546,43.60130735994676]]],[[[146.42980011678208,43.60210050533408],[146.42937664131898,43.60198299991555],[146.42947834025324,43.60166191856274],[146.42993683531677,43.60172733255041],[146.42980011678208,43.60210050533408]]],[[[146.36753941571158,43.616846748278874],[146.3675950837462,43.61700563959863],[146.36735933906232,43.6170397481859],[146.36737669327988,43.616863386636055],[146.36753941571158,43.616846748278874]]],[[[146.35500639442967,43.62434274771971],[146.3551146431264,43.62448386483857],[146.35483085575947,43.62452591893606],[146.35500639442967,43.62434274771971]]],[[[146.27045202324234,43.62603297314325],[146.27016221761232,43.62622091886038],[146.27008686072008,43.62598522543783],[146.27045202324234,43.62603297314325]]],[[[146.35463747094263,43.634875360209776],[146.3545129184365,43.6350518647518],[146.35425747140528,43.63481553191133],[146.35441544721516,43.63477519821686],[146.35463747094263,43.634875360209776]]],[[[146.35468433191647,43.63529797322292],[146.35445291836754,43.63534153188624],[146.35446627779652,43.63526119814583],[146.35468433191647,43.63529797322292]]],[[[146.35232975391511,43.63869674775674],[146.35211321695147,43.63897166690896],[146.35192163437603,43.638708386782696],[146.35232975391511,43.63869674775674]]],[[[146.33870902690012,43.64024830581474],[146.33825031060337,43.64011605421257],[146.3382530868106,43.63981197274438],[146.33876138812764,43.63978950498171],[146.33870902690012,43.64024830581474]]],[[[146.32952647216905,43.64443413462766],[146.32905683540469,43.644293774737946],[146.3292012449416,43.64408980220264],[146.32954581119031,43.64417817138553],[146.32952647216905,43.64443413462766]]],[[[146.30786094702512,43.64672208095931],[146.3078651099869,43.64678122487368],[146.3076694417914,43.646817559282965],[146.30764063560696,43.646753225381076],[146.30786094702512,43.64672208095931]]],[[[146.32423016858752,43.64656910807793],[146.32417722369996,43.646801386774655],[146.32397669287013,43.64685450523126],[146.3240178080755,43.64660783828117],[146.32423016858752,43.64656910807793]]],[[[146.3257695327378,43.64716272088293],[146.32577518767482,43.647281640035715],[146.32562306105547,43.64729161261789],[146.32557603100906,43.64716583793313],[146.3257695327378,43.64716272088293]]],[[[146.3073072497299,43.64737955911943],[146.30743955888863,43.64752027873794],[146.307093943131,43.64756174827613],[146.30706474664078,43.64744253234704],[146.3073072497299,43.64737955911943]]],[[[146.3218330868276,43.64810199980752],[146.32152616080373,43.64806783816027],[146.32164827524775,43.64788819768222],[146.3218330868276,43.64810199980752]]],[[[146.32146274960633,43.648238667080875],[146.32004958462073,43.64796927875926],[146.32101727582665,43.64755122530886],[146.32146274960633,43.648238667080875]]],[[[146.31912418942989,43.650048612953185],[146.31925846990248,43.65030517064719],[146.3190605318182,43.65030466702683],[146.31912418942989,43.650048612953185]]],[[[146.31216050590274,43.651469387102566],[146.308400660762,43.64921410774491],[146.31035319144667,43.64471072112292],[146.3102592743461,43.639544802150965],[146.30095985721175,43.63429672111681],[146.2976805063504,43.63057094589249],[146.2937906606105,43.628999612642076],[146.28421447531787,43.62871944144911],[146.27943341132288,43.6277385320077],[146.27457214039202,43.628622440573224],[146.27044505799313,43.62617805357439],[146.27531961101135,43.62457089223295],[146.29485080392158,43.624712225189114],[146.30831075193976,43.62073863997631],[146.3190910512111,43.623260721205384],[146.32569413717476,43.62243336021146],[146.3321651621925,43.618528973333525],[146.34066394258696,43.61929613460899],[146.34389097269025,43.61843789179534],[146.3567984437932,43.617592108189285],[146.3557860571808,43.62397258586617],[146.35217683499297,43.6252107211979],[146.34985866424597,43.628026919406864],[146.35258147865238,43.63111777506532],[146.3521441374421,43.63829277499161],[146.34555046738024,43.63912766690834],[146.3443291961355,43.637558386810156],[146.3369950575759,43.63870346839042],[146.33541111493105,43.63751422470176],[146.32792856035485,43.63911746769702],[146.32518204881262,43.645699505028176],[146.32117647201665,43.644372558946486],[146.31689469543392,43.649950972659326],[146.31216050590274,43.651469387102566]]],[[[146.31167897470493,43.65228966683469],[146.3113001173066,43.65224383828257],[146.31147058380043,43.651811026957375],[146.31179758808833,43.65200058605825],[146.31167897470493,43.65228966683469]]],[[[145.50081810587096,43.73337030589494],[145.50016011689593,43.73339155867353],[145.5003424121727,43.733181891631034],[145.50081810587096,43.73337030589494]]],[[[145.44242933874307,43.856927107799834],[145.4422435019361,43.856341532236],[145.44276866374287,43.856327386799535],[145.44280233525967,43.856786801869475],[145.44242933874307,43.856927107799834]]],[[[145.47560319133424,43.89971838679418],[145.47562294404372,43.899915838345294],[145.47541457832017,43.899884666943876],[145.47560319133424,43.89971838679418]]],[[[145.48253752278856,43.90546817081946],[145.48260577233862,43.90564091889337],[145.48249619983983,43.90565133304261],[145.48236863820216,43.90549674767681],[145.48253752278856,43.90546817081946]]],[[[145.49389191957653,43.90696258595466],[145.49343883303573,43.90669883818089],[145.4936220492183,43.90660972076205],[145.49389191957653,43.90696258595466]]],[[[145.4942173023867,43.90718791918715],[145.49410238701557,43.907044613118444],[145.49434724992568,43.90698680199938],[145.49434724992568,43.90716866740013],[145.4942173023867,43.90718791918715]]],[[[145.4951251356166,43.90720961263355],[145.49447549864544,43.9070036669857],[145.49566814536865,43.90700246818943],[145.4951251356166,43.90720961263355]]],[[[145.49612072559103,43.90722305390085],[145.495883086935,43.90725836038507],[145.4958975228525,43.9070504407253],[145.49612072559103,43.90709297326214],[145.49612072559103,43.90722305390085]]],[[[145.49823639419435,43.90730050531414],[145.49737189389782,43.90719694568253],[145.49735358010366,43.907060864767175],[145.49794988278097,43.90708253213319],[145.49823639419435,43.90730050531414]]],[[[145.49554883321218,43.90751366712209],[145.49538005204784,43.90753374808406],[145.49537894857963,43.90731777499536],[145.49553330731635,43.90731777499536],[145.49554883321218,43.90751366712209]]],[[[145.69800150526532,43.908569467606924],[145.69722491639686,43.90834069356822],[145.6980265891558,43.90813966721191],[145.69800150526532,43.908569467606924]]],[[[145.70438457838566,43.9091096669776],[145.7033035015554,43.90880227870224],[145.70403861189254,43.90856619767192],[145.70438457838566,43.9091096669776]]],[[[145.71085274985455,43.90967625155781],[145.71031836639952,43.90912322515675],[145.70938399507543,43.908679080575155],[145.7097517773227,43.908457558669454],[145.71083717269744,43.909134505353165],[145.71085274985455,43.90967625155781]]],[[[145.66385719785148,43.9097548918748],[145.66455500610869,43.90915346755855],[145.6654995847381,43.90900950498474],[145.66605280179544,43.90924297258516],[145.66385719785148,43.9097548918748]]],[[[145.66031632863576,43.91027546803849],[145.6614008300843,43.90988266665181],[145.66156360557602,43.91015461264533],[145.66031632863576,43.91027546803849]]],[[[145.71229014257608,43.9103625862644],[145.71125958516177,43.910286586356904],[145.71061547272598,43.91039413538107],[145.7106037743448,43.90999880240287],[145.71179705598945,43.909957135013826],[145.71229014257608,43.9103625862644]]],[[[145.66194644607174,43.91050044064286],[145.6617542276755,43.91025050465714],[145.6622285858806,43.91030850463386],[145.66194644607174,43.91050044064286]]],[[[145.71419593999076,43.910542332862406],[145.71359302190046,43.909774224600824],[145.7145184953324,43.909529585621954],[145.7148798573196,43.91027538709949],[145.71419593999076,43.910542332862406]]],[[[145.71552968944366,43.9109646401061],[145.71498547280135,43.910946972924535],[145.71506713394115,43.910623027231],[145.71562277557075,43.910640305905474],[145.71552968944366,43.9109646401061]]],[[[145.72429272393015,43.91329994563603],[145.72365505783466,43.9131139730315],[145.72429272393015,43.912775837834715],[145.72429272393015,43.91329994563603]]],[[[145.7230203630993,43.91335325205097],[145.72118063617745,43.91316105433924],[145.72175669331682,43.91195477479306],[145.7230203630993,43.91335325205097]]],[[[145.7232197284078,43.91440200005229],[145.72254505790818,43.913950468439396],[145.72318586263748,43.91360672057374],[145.72359600475193,43.914176972589246],[145.7232197284078,43.91440200005229]]],[[[145.72409822305463,43.91492744064891],[145.72344752308481,43.914517559337924],[145.72451713355895,43.91417977487674],[145.72409822305463,43.91492744064891]]],[[[145.51519121919944,43.91539302686675],[145.515101751045,43.91527938673437],[145.51541891135378,43.91525586496624],[145.51535927371162,43.9153558021286],[145.51519121919944,43.91539302686675]]],[[[145.51307105128808,43.91529319762304],[145.5131740857156,43.91541272112022],[145.51291924842462,43.915440171127045],[145.51287858557828,43.915301027120734],[145.51307105128808,43.91529319762304]]],[[[145.51185221810545,43.9154734676265],[145.51200674411598,43.91531083782496],[145.51209622576027,43.91544997283802],[145.51185221810545,43.9154734676265]]],[[[145.72584566784337,43.91547164020409],[145.72488972807855,43.915256332613694],[145.7254053309913,43.91489377542746],[145.72584566784337,43.91547164020409]]],[[[145.51018846962222,43.91562822476283],[145.5100068353472,43.91555766665306],[145.51013966341475,43.91547930602519],[145.51018846962222,43.91562822476283]]],[[[145.727377912061,43.916317666627094],[145.72651824921786,43.915675135199365],[145.72786121941976,43.91566555921821],[145.727377912061,43.916317666627094]]],[[[145.7284076906625,43.9166419189894],[145.7279241117085,43.916359612805934],[145.7283609214195,43.9162149190833],[145.72882577199186,43.91635246769226],[145.7284076906625,43.9166419189894]]],[[[145.7316111153608,43.917679251896004],[145.73081530528214,43.9177221081888],[145.7290304406024,43.916188053635835],[145.73162444870945,43.916434000229],[145.7316111153608,43.917679251896004]]],[[[145.5213208040119,43.918041586050435],[145.52111719840002,43.9181504408902],[145.52106055819831,43.91796841361145],[145.5213208040119,43.918041586050435]]],[[[145.7332600780902,43.91888513484116],[145.73242797676983,43.91872377488238],[145.73236866378284,43.91836774767347],[145.73331627762423,43.91846083829711],[145.7332600780902,43.91888513484116]]],[[[145.73687033719636,43.91962846767967],[145.7353464719622,43.91918908141105],[145.73628114096198,43.91855153222747],[145.73687033719636,43.91962846767967]]],[[[145.74171861202444,43.921552774940665],[145.74122080399695,43.92150550477527],[145.74139194588167,43.921287802290294],[145.74171861202444,43.921552774940665]]],[[[145.743733061032,43.92172363983417],[145.74217255471967,43.92071008140516],[145.7390973670499,43.92062977464445],[145.739327756271,43.9200311346292],[145.74169330690063,43.9200017214024],[145.743733061032,43.92172363983417]]],[[[145.749323307125,43.924250027017194],[145.74431194563988,43.92270772118445],[145.74588705604287,43.92219033311744],[145.749323307125,43.924250027017194]]],[[[145.7548623611092,43.9252823596932],[145.7513644489103,43.92418586488583],[145.75392616056388,43.92386683758451],[145.7548623611092,43.9252823596932]]],[[[145.53289367130594,43.92684013476446],[145.53267413690196,43.9269159997736],[145.53270518779425,43.926750359941195],[145.53289367130594,43.92684013476446]]],[[[145.75723255493847,43.927550892359875],[145.75686046673718,43.92715158617682],[145.75768175101211,43.926862721237626],[145.75809775580683,43.92721102686744],[145.75723255493847,43.927550892359875]]],[[[145.7584473016018,43.927757918992825],[145.7580988331947,43.92747272058966],[145.75834924761978,43.92733608119522],[145.75869855959093,43.92761563994986],[145.7584473016018,43.927757918992825]]],[[[145.76207910486687,43.92934980175198],[145.76169613486877,43.92931530555694],[145.76196433158873,43.92881553161152],[145.76234505777825,43.92917238709606],[145.76207910486687,43.92934980175198]]],[[[145.7694783660338,43.931658802112054],[145.768741854553,43.93162841402017],[145.76886574605737,43.931280171342905],[145.7694783660338,43.931658802112054]]],[[[145.77114072596385,43.93221936033524],[145.77065425389083,43.93219341399492],[145.77095055802192,43.93183058611271],[145.77151814534625,43.931969134767826],[145.77114072596385,43.93221936033524]]],[[[145.7807863290259,43.93520466706178],[145.78032150543322,43.93498617137476],[145.78109736675015,43.934800532418706],[145.78132027181312,43.93511786539722],[145.7807863290259,43.93520466706178]]],[[[145.7800699740501,43.93644600038266],[145.77984988296578,43.936065586257826],[145.7803954216115,43.936078774815655],[145.78058683511438,43.936386387022196],[145.7800699740501,43.93644600038266]]],[[[145.7906056936979,43.946447108147595],[145.79010063623548,43.94629202725531],[145.79012335940558,43.94592166665166],[145.79076730186955,43.94606397267427],[145.7906056936979,43.946447108147595]]],[[[145.58946605701294,43.95738280217461],[145.589199856788,43.957359532216685],[145.58931944233848,43.957075612649476],[145.58951180282747,43.957121414221945],[145.58946605701294,43.95738280217461]]],[[[145.58787885882236,43.959441801797766],[145.58767155609746,43.95930433322843],[145.58785041506462,43.958988837564846],[145.58809654961613,43.95925050520668],[145.58787885882236,43.959441801797766]]],[[[145.59096836639708,43.96464386542209],[145.59081858610898,43.96458527908743],[145.59100163411813,43.96446155935354],[145.59107513570905,43.96462233295438],[145.59096836639708,43.96464386542209]]],[[[145.63488535737338,43.991151468165754],[145.63458891114942,43.9907887751819],[145.63508403380115,43.9907264413722],[145.63488535737338,43.991151468165754]]],[[[145.80586756203843,43.99337625241219],[145.80550031129042,43.99326558633777],[145.80577824856744,43.99301261334148],[145.80614549931545,43.993046667070075],[145.80586756203843,43.99337625241219]]],[[[145.8098921136302,43.99372089240529],[145.8080991964208,43.993582252019394],[145.80764688689442,43.99272572061557],[145.81076644621453,43.99288353184954],[145.8098921136302,43.99372089240529]]],[[[145.80757153000218,43.996038027133295],[145.8065278856535,43.9957862790136],[145.80698527904747,43.995231721067114],[145.80771302213827,43.995478000409435],[145.80757153000218,43.996038027133295]]],[[[145.65101347609107,44.00536519824533],[145.65000070007227,44.00473138664421],[145.65163710826596,44.00387433273431],[145.6525690792996,44.004377053758105],[145.65101347609107,44.00536519824533]]],[[[145.64907221840826,44.005442639766045],[145.64893649812097,44.005442639766045],[145.64895603139576,44.0052710536163],[145.64910591420664,44.00535108068789],[145.64907221840826,44.005442639766045]]],[[[145.82987980510893,44.02481041416934],[145.82934739296786,44.02464058619415],[145.82952433188245,44.024330532328236],[145.82990192033742,44.024271251716925],[145.82987980510893,44.02481041416934]]],[[[145.7332276125643,44.04789577457041],[145.73278219184476,44.04785783756921],[145.73247260742494,44.047399251674165],[145.73281416274347,44.047252774595904],[145.7332276125643,44.04789577457041]]],[[[145.73506688712723,44.057304360407954],[145.73462533079442,44.05732019836853],[145.73454345022014,44.05693983820305],[145.7351188328679,44.05700466673204],[145.73506688712723,44.057304360407954]]],[[[145.74121274966876,44.05884458610882],[145.74077069960822,44.05817133294073],[145.74163085617909,44.057507838316155],[145.74200099914685,44.058563612720604],[145.74121274966876,44.05884458610882]]],[[[145.87462092131852,44.07116563988245],[145.87442158209046,44.07099683803369],[145.87475802925974,44.070874414222885],[145.874843475646,44.07109569421095],[145.87462092131852,44.07116563988245]]],[[[145.88411238687718,44.08048169357534],[145.88393438406467,44.080473170700316],[145.8838821658294,44.080231918568245],[145.8842310892934,44.080298640170156],[145.88411238687718,44.08048169357534]]],[[[145.8834359402165,44.080560413932005],[145.8830727759879,44.080414972872745],[145.88323180310533,44.080264413771715],[145.88350238662588,44.08038589239504],[145.8834359402165,44.080560413932005]]],[[[145.88485530512833,44.08074691893523],[145.88473900120403,44.08039274792702],[145.88515914377956,44.08041838669925],[145.88485530512833,44.08074691893523]]],[[[145.89072585011797,44.09445651425676],[145.89660632901894,44.09656208077547],[145.8996353050254,44.094373666911224],[145.9036191443081,44.09510530586522],[145.9051152267864,44.09973827939814],[145.89926647236985,44.10329389209949],[145.899329273827,44.1082026670195],[145.90608658902488,44.12086458633166],[145.91350591406672,44.12683010782325],[145.91564827544767,44.13015980183343],[145.92205372190176,44.13609572124062],[145.9291183660198,44.13914208114221],[145.93671408588636,44.14704858602346],[145.9452893644127,44.15287591858885],[145.95221983058082,44.15394694639451],[145.95736488977786,44.1561568648475],[145.9660038645867,44.15277369355118],[145.96972202255336,44.155048305634864],[145.97134654980346,44.16065500032806],[145.97499999975025,44.162777027138134],[145.98003574635266,44.16871925169215],[145.98652328112462,44.171659891790625],[145.9912080538087,44.17169461281617],[145.99555905300792,44.1733682250636],[146.00046978035618,44.17143402705875],[146.0098825813161,44.17402335959042],[146.01306418936088,44.173570225385674],[146.01705258101185,44.17590353172267],[146.02439338534657,44.17705630610368],[146.02511130963933,44.180414837774606],[146.0281397280661,44.184025721010244],[146.03394367106364,44.18614813542814],[146.03930983128373,44.18562086471121],[146.04161538274377,44.18359005433757],[146.04707085643497,44.18471313490329],[146.0438458372157,44.19003217064824],[146.04657044127293,44.19269494631476],[146.05487016932295,44.19417389221138],[146.05308282701094,44.19688889240854],[146.04941275039823,44.1965949462998],[146.04823255478868,44.19997797280524],[146.05165833956073,44.20470413498788],[146.05362269812906,44.21202019807373],[146.0568271984165,44.21931825223561],[146.06533861158766,44.23076655892959],[146.06855408630213,44.23400761306095],[146.08312163395635,44.24559922492432],[146.1045530871553,44.259435026605274],[146.1142033334172,44.26389408114699],[146.12607044089816,44.26639980190936],[146.13386058429865,44.265181413891185],[146.13963724995915,44.26585802692648],[146.14344644629648,44.264471251647024],[146.15257674412146,44.26763825200379],[146.1583279122035,44.26729325228183],[146.16334730193648,44.27019130588411],[146.1689263289869,44.271410864819586],[146.17771464341615,44.26894035970986],[146.19575968865877,44.268936080735614],[146.2006802455969,44.27116930601869],[146.20777435780042,44.27079961271198],[146.21337469518608,44.272181639571045],[146.22484635457567,44.27279713468005],[146.22856791197967,44.27128491926368],[146.23683535706618,44.270635107824035],[146.24473922243726,44.27290305413271],[146.25064897517018,44.27212727915065],[146.26017406008486,44.273911305662295],[146.26358761317783,44.27307917106697],[146.27279632918726,44.27575300030077],[146.2782300257951,44.274098171293645],[146.2864561353424,44.27656099979038],[146.2900727238772,44.275249774757356],[146.29614686098887,44.27566961336203],[146.29922574577165,44.278076306176615],[146.29917080438918,44.281014224926594],[146.3020925551274,44.28558269368642],[146.3078057196583,44.29020794564025],[146.31289944195578,44.290793774812926],[146.31566878098954,44.295157720652355],[146.31868625196898,44.29676433340734],[146.32308511038957,44.29606869431484],[146.32881669303606,44.297347532062986],[146.32747481191313,44.301400387118235],[146.33560072619264,44.308409945962296],[146.3429533853905,44.30906802666817],[146.3439196107015,44.31685389199356],[146.34961496775657,44.32035894570885],[146.35593160795736,44.31947474756163],[146.36123380029971,44.3200769192145],[146.36485464262773,44.31802174800532],[146.36971625170372,44.32223953242851],[146.36489852055035,44.32357474777643],[146.36228189359463,44.32709883834076],[146.36747538308248,44.33038105444217],[146.36516138788784,44.33533733335133],[146.36610583701486,44.338226748066006],[146.3730936709362,44.34628527884257],[146.3885141374176,44.35942674814595],[146.3979891957448,44.364052721356074],[146.40567294395123,44.36605972127916],[146.4266855513971,44.374717505408626],[146.43829319097802,44.37719450542215],[146.4486884176364,44.377741134945495],[146.45347472108153,44.37713280203724],[146.4631890791128,44.372606170638335],[146.46506124458085,44.36884027935548],[146.4721316992186,44.366177251878696],[146.48045878104801,44.35858497281828],[146.48516357983544,44.35638377509122],[146.48442427955695,44.35336274819235],[146.49069114138308,44.35398174795938],[146.4969738393712,44.36250902697009],[146.50147319073528,44.36567097313696],[146.51638561580364,44.36867672055428],[146.51632749711632,44.37285174761013],[146.51975116668302,44.37529010825193],[146.523869170426,44.37408617143973],[146.5258007783833,44.377170197646535],[146.5336666932634,44.38031983838988],[146.53225594025946,44.38373974789113],[146.53464377429077,44.394421252139125],[146.5383353833713,44.398677414231315],[146.5385719707199,44.40253586463848],[146.54460061023008,44.407456667091594],[146.54693661543251,44.41466527917936],[146.54976027171926,44.420037972974114],[146.55144155608298,44.427137775188214],[146.5551077817987,44.43255280187037],[146.56605197082183,44.44598644112142],[146.57093525265987,44.451268639735986],[146.57064105114364,44.45324866719227],[146.5583653052147,44.447168838271295],[146.55204902744072,44.44579874811376],[146.55102866384186,44.44136386465067],[146.54560425363343,44.43704669434953],[146.53431919637387,44.43280908077452],[146.5258115045973,44.43037913508908],[146.5086776389619,44.42638483759026],[146.47674247658404,44.42112886500519],[146.45777924781407,44.41927436042346],[146.4377006096954,44.41888194574523],[146.41785483843012,44.42019194590165],[146.4140908303276,44.4212360812802],[146.40232725010253,44.420898197893564],[146.39754946773382,44.42195661270756],[146.38101786008622,44.419517171080656],[146.3519032810117,44.41697730575811],[146.33771953342978,44.417424505336726],[146.3320581059969,44.41922077521866],[146.3318502456923,44.422241467569734],[146.32360280242744,44.42570441412744],[146.31699128442028,44.42562938728645],[146.3128028655599,44.428622108023944],[146.30631403396558,44.42791333343365],[146.30281955897556,44.43095513467176],[146.2935274973961,44.43184689162081],[146.28328966288768,44.434477612751664],[146.27944719792993,44.43832180170983],[146.27896160809178,44.44309161338731],[146.27036710835546,44.44446550497912],[146.264868975323,44.44279061299642],[146.25809099910043,44.44587641356571],[146.25577513601377,44.45178922489288],[146.24412922218596,44.452767748432905],[146.23950797671182,44.45541333265925],[146.23382461661288,44.46460833310812],[146.23417136191892,44.46966933267362],[146.23053827532124,44.47243755924603],[146.22603710822602,44.48211010779528],[146.21542596603558,44.4848889193882],[146.21173267162555,44.486924747978776],[146.2096656419559,44.488882027083946],[146.19864000043572,44.49132491940958],[146.1940070296008,44.493606531816056],[146.18973280192733,44.49758008105596],[146.19003625207142,44.50149544056217],[146.18365994814815,44.50501269358102],[146.17648822265346,44.50525353202494],[146.16940985667964,44.50885427900181],[146.1700699221892,44.51590705386752],[146.16559795068497,44.516600639807734],[146.15910658929772,44.5116834409381],[146.15296435821858,44.51402408124642],[146.14986069981148,44.51109558559284],[146.14390866365397,44.51244963993901],[146.14208167293089,44.51119969381085],[146.1328742276636,44.50946761303999],[146.12930075172835,44.50791586522507],[146.12119005217926,44.500081027317606],[146.1168510508354,44.49844799967548],[146.10841360600318,44.49022164011666],[146.0999449681858,44.48761022473212],[146.09327985687992,44.48347174792286],[146.08649639389353,44.47687436006373],[146.0816638392149,44.47408858591956],[146.07900061029,44.47017741365676],[146.07944727567133,44.467636225431534],[146.07602914412973,44.46254361289749],[146.07568907898792,44.45957700037832],[146.07182202296804,44.45047935963481],[146.06439367143082,44.43862174809527],[146.06032752259716,44.433291414167456],[146.0572123870421,44.427610558680385],[146.0538918939958,44.42376525186495],[146.05094477338264,44.41757983803916],[146.04593902726435,44.41434472123194],[146.04116858606142,44.407843360282925],[146.03405185500912,44.40287022538064],[146.03312496784304,44.4005444679529],[146.02811169889583,44.39826358579592],[146.02336247719666,44.3904764407352],[146.01651933879657,44.38783086460279],[146.01391702994704,44.38438691892122],[146.00848153019854,44.382927559359416],[146.00594700415104,44.38032369378351],[146.0099106608484,44.37161544060018],[146.00521649834275,44.358869413992295],[146.00484700378627,44.353105278585815],[146.00094875478123,44.34756586487282],[146.00172433191244,44.34456830578273],[146.00023369572853,44.33627564010874],[145.9954597282839,44.331235747631695],[145.99147610933505,44.32542389239876],[145.99132077843126,44.322959667254906],[145.98790000018494,44.318804305674234],[145.98201428003506,44.314168305922635],[145.97869243800562,44.30946580220507],[145.9694301430867,44.302753332600275],[145.96734277614826,44.298156386807875],[145.96420917031708,44.29557355907252],[145.95412817127817,44.291777748244556],[145.95083978043158,44.285071973193055],[145.9465486643894,44.2792252521437],[145.94277678272238,44.277631613008566],[145.93565099909438,44.27875391925801],[145.92359191963146,44.271742134591875],[145.92341555088706,44.27034008073019],[145.91097389083245,44.264217864962575],[145.90791968884264,44.26099225219076],[145.9011919199712,44.25936717095823],[145.89901464331126,44.25686638657453],[145.8916407780995,44.25185755937889],[145.88932289243758,44.25164613506115],[145.88583741876198,44.24768991935434],[145.88362664055705,44.24284641363113],[145.8710501946108,44.22782380182707],[145.86685175100752,44.22580310792716],[145.86101905308692,44.219419505106146],[145.8567383916635,44.20783283771533],[145.85521544733513,44.20175422467776],[145.85054655038311,44.19672744071886],[145.84476749702242,44.192639531888915],[145.83745588827867,44.18239250540984],[145.83133927438803,44.17874136042548],[145.8178116730703,44.16580589162862],[145.8094794938836,44.16174244076109],[145.80717627796287,44.15958135999182],[145.80020208765632,44.157467505321165],[145.78772108855742,44.14883164036797],[145.78687513587886,44.1438202788828],[145.77684939028723,44.1331942520132],[145.76973433197395,44.12964535994547],[145.76496833971714,44.12131936000054],[145.75754988342044,44.11696394602933],[145.75389105103125,44.10937250513706],[145.74840944214213,44.10514889220764],[145.74401150462734,44.1042438918422],[145.74251243819856,44.09204297310475],[145.7456489749203,44.08488758559366],[145.74607061037045,44.078646612551154],[145.74491150476217,44.076630586132694],[145.74833108870882,44.0714220536849],[145.74699625197547,44.067389359631306],[145.74757856030237,44.06083561317308],[145.74122693917195,44.05627825193983],[145.7424495593997,44.05222374842731],[145.7359623609742,44.04694217124427],[145.7309353827618,44.044048413703365],[145.71701450071873,44.03750397342969],[145.70967060991075,44.03612025224788],[145.70228221795003,44.0326403058055],[145.69799747090667,44.03289566740119],[145.69328941567403,44.029644198221206],[145.68747191989326,44.02726983783282],[145.6778752786213,44.02558264042659],[145.67593708223058,44.022359251678154],[145.6798594159793,44.02007083769905],[145.6805961352036,44.01656991906657],[145.67638069980956,44.011735721326545],[145.67351654974902,44.01108155896685],[145.65504425368943,44.00396480183417],[145.65343700421442,43.99995833291081],[145.64530961144942,43.9920433600131],[145.64081949432432,43.98902580179936],[145.6301143064302,43.987661134553775],[145.62499900130297,43.98475210832322],[145.61830247667797,43.98233450493353],[145.61226661471255,43.976527505140325],[145.6007933590264,43.97311080172216],[145.59416727559937,43.96782041388104],[145.5901281711782,43.95783038666309],[145.59029616093915,43.95205958638087],[145.58273425378286,43.94729730562619],[145.57268583718167,43.94442005424219],[145.56367263288575,43.94316508090384],[145.5611837744117,43.94417472098661],[145.5568338651908,43.94108663973668],[145.55241635483094,43.93579622491592],[145.54794211433716,43.935005666878055],[145.5404695593228,43.93044086465426],[145.5350391956025,43.93141889176849],[145.53325622579428,43.928947694180806],[145.53393063638987,43.921568558941885],[145.52009888525538,43.916498801778346],[145.51682202281813,43.91605997308932],[145.51172224358675,43.91273808069792],[145.5047565239945,43.91104469415734],[145.5001099482156,43.90759144139196],[145.49902461669274,43.90723922461058],[145.49580564181701,43.90667808092877],[145.4934042541031,43.90656822514353],[145.49252496805286,43.90696613467941],[145.48562450057034,43.90482717093727],[145.47690786030955,43.90003350474251],[145.47308136191543,43.89861097331783],[145.46882133633562,43.89349261319359],[145.46336263317903,43.88929438722624],[145.46155247686534,43.884085999569265],[145.4573815048526,43.87908808115009],[145.45577214017214,43.87514791924116],[145.4515720490109,43.871611468394576],[145.45120608339414,43.865913747921184],[145.4474654468729,43.862854694088924],[145.44775946762536,43.85674372074618],[145.44088294369294,43.850511107801424],[145.42262391735994,43.845508973360495],[145.412103695729,43.84416046783139],[145.40691552483167,43.84249553224305],[145.39933847039413,43.83263458561771],[145.39868124494353,43.827983586073685],[145.40303269830042,43.82303944081758],[145.40833693929835,43.82062883775069],[145.4110782752423,43.81688361288849],[145.41284739279297,43.81095746821262],[145.41600092130557,43.8071427482393],[145.41932481199058,43.7948279726329],[145.42211985724566,43.78689063989117],[145.4261126070113,43.78021110795635],[145.42652780781214,43.77423091942143],[145.42546455284685,43.76732241379841],[145.41817819706625,43.75180450487403],[145.42047136216365,43.744917171090606],[145.42140525324987,43.73796022528421],[145.42683933926412,43.729964225268816],[145.42754369638453,43.727330225209755],[145.4333923869492,43.720921414391796],[145.43923121914554,43.723403054007804],[145.44763968872076,43.72536989200694],[145.47000966271582,43.728803694235125],[145.47831121908757,43.72893505370979],[145.49148294428255,43.73302789172385],[145.5118757461688,43.73498197283982],[145.52684927387497,43.73494355919797],[145.54102474679473,43.732782838157505],[145.5505926070632,43.73081625196852],[145.55011978040363,43.72388633258822],[145.5474392476233,43.72226755920053],[145.54332360639933,43.7022305587933],[145.53774516210956,43.69049008125228],[145.53606944185128,43.681775000415996],[145.53500070012228,43.67073922533501],[145.53826858642617,43.65377919775182],[145.5441296894337,43.65281827934018],[145.54822549880782,43.656081305707744],[145.55432152991477,43.67033589198786],[145.5545504667307,43.685346864766075],[145.55786902713396,43.693691666837026],[145.55941724960644,43.7015084139822],[145.5603980799075,43.72417269381481],[145.56417863823367,43.73854300035924],[145.5653323353191,43.747468080987176],[145.56921710798326,43.75939563999685],[145.56963819664554,43.765155413691446],[145.57149094665,43.76998133317204],[145.5719074190922,43.77807469379212],[145.56933992209974,43.79403438657772],[145.57087369606427,43.81154413465413],[145.57490800260234,43.82648830579075],[145.57535124516392,43.841168053762715],[145.58070241188682,43.854264198134274],[145.58488817055274,43.86207419766612],[145.590886251999,43.869207666900365],[145.59727744509803,43.87148210811284],[145.604130077641,43.868023026841286],[145.60893252931282,43.87697417072144],[145.61593405990902,43.88434710783281],[145.62023802906185,43.88542261336295],[145.62410910505128,43.883358838339745],[145.6296417252854,43.89320469434125],[145.63826968879516,43.90240044122743],[145.6474266668073,43.907714748337014],[145.65921277594896,43.9108034681056],[145.66517722365006,43.910306170893136],[145.6733991702356,43.90547933320471],[145.68812625222483,43.91011008091556],[145.70283058406426,43.9089391078536],[145.71660160757824,43.913224972754335],[145.72129500566007,43.913643865272206],[145.7272545529553,43.916795775005085],[145.7399938391444,43.922272972719554],[145.75336924819237,43.92574163986484],[145.76518121913807,43.931993081015946],[145.77225769113954,43.93235817069308],[145.77863286641377,43.93168433296563],[145.77870924763374,43.935262945828356],[145.7812848376252,43.94156444144585],[145.78916177729423,43.948630359903234],[145.78995752262165,43.953688360229705],[145.7884552528077,43.95668963981507],[145.79155274995946,43.95911527864723],[145.7891978338131,43.961682639842024],[145.78795817143248,43.968679612674066],[145.79033252912302,43.974584721307906],[145.79098783362167,43.97933230624102],[145.7974672762938,43.99126646807309],[145.80281180332213,43.993983468362444],[145.80276418871642,43.99689819809345],[145.81063564162162,44.012841640129636],[145.81693228269876,44.02070605404123],[145.8232323870651,44.025961252310026],[145.8324316727835,44.03059627899512],[145.83748830074455,44.03174522496221],[145.84635260698724,44.03187827875962],[145.85497844360032,44.02943502670519],[145.85301408593136,44.021236838409436],[145.86283027239926,44.019830305923904],[145.86626255477313,44.02239353203595],[145.87165693931638,44.02190146797841],[145.87515191972534,44.02424827943457],[145.86928861158026,44.026099414256635],[145.86609594007564,44.02915280235999],[145.86413357980098,44.03635761301348],[145.86344311270955,44.04729461285615],[145.86447131030275,44.05585194631033],[145.86719299606,44.063693504851415],[145.87097863825363,44.06997946827789],[145.8744333326323,44.07130125225103],[145.87574897513514,44.07420005408926],[145.8790815298887,44.07540694607377],[145.8816047730419,44.07967291887019],[145.880692477376,44.08579941361211],[145.8892476389674,44.08863838715189],[145.89072585011797,44.09445651425676]]],[[[145.74439744508607,44.072717413777696],[145.74372888458038,44.0719846938386],[145.74459830057117,44.071500532123935],[145.74497605719932,44.072064666950894],[145.74439744508607,44.072717413777696]]],[[[145.9027208043217,44.106333170739276],[145.90349852094005,44.105443386902834],[145.90494119268192,44.105715440815004],[145.9027208043217,44.106333170739276]]],[[[145.90277535719702,44.1117711346302],[145.9034593635588,44.11066746772951],[145.9049983922621,44.11123983764844],[145.90277535719702,44.1117711346302]]],[[[145.75505544735108,44.112594892040704],[145.75462819743348,44.11259230559051],[145.75450002605544,44.11221010811005],[145.75502341080187,44.11220497298115],[145.75505544735108,44.112594892040704]]],[[[145.90755795093878,44.1128107482175],[145.90734418928298,44.11309308138067],[145.9070829443225,44.1128141710372],[145.90755795093878,44.1128107482175]]],[[[145.90655566820953,44.113336080895465],[145.90616138833752,44.11299041387656],[145.90666016943135,44.112827865014026],[145.90685016919997,44.11321799991083],[145.90655566820953,44.113336080895465]]],[[[145.90488396882017,44.11524469408744],[145.90463852135076,44.11496291940324],[145.90498847004187,44.11489333256128],[145.90518007779838,44.11508041402993],[145.90488396882017,44.11524469408744]]],[[[145.90394496778606,44.11528577511848],[145.9032830874446,44.1151545856157],[145.90340345000925,44.11494125203723],[145.9039766410092,44.114942386981625],[145.90394496778606,44.11528577511848]]],[[[145.90476046672222,44.11599419807385],[145.90419674378472,44.11594399971585],[145.90406055764868,44.115581224893674],[145.9049045534025,44.115629135376366],[145.90476046672222,44.11599419807385]]],[[[146.04872094691427,44.181414694132854],[146.04777724962048,44.18036125167049],[146.048853864914,44.17923800023357],[146.0507500000125,44.18061677514413],[146.04872094691427,44.181414694132854]]],[[[146.0481387159291,44.18645013496581],[146.04688391705918,44.18564977521703],[146.04860929967947,44.185268504937596],[146.0481387159291,44.18645013496581]]],[[[146.2571306607515,44.266882468051506],[146.2572171341635,44.26616719765809],[146.25788155598912,44.26659141416246],[146.2571306607515,44.266882468051506]]],[[[146.2988808296866,44.27390417134046],[146.29901221793955,44.27410972128666],[146.29863834008734,44.27409472059492],[146.2988808296866,44.27390417134046]]],[[[146.00677564218222,44.38366358610568],[146.0062780032273,44.38347389210651],[146.0071809729236,44.38299186538234],[146.00795625237924,44.38302466725463],[146.00677564218222,44.38366358610568]]],[[[146.02766344980841,44.40155064024992],[146.02791936358778,44.40188727897481],[146.02746027227386,44.40173710838093],[146.02766344980841,44.40155064024992]]],[[[146.03260683513736,44.401457305910014],[146.03284538300807,44.401994720979644],[146.03346841803318,44.402348332609506],[146.0332853826144,44.40253610835475],[146.03234630423856,44.40195130620788],[146.03260683513736,44.401457305910014]]],[[[146.0339329700306,44.403105414283516],[146.0349048898488,44.40393400015404],[146.03450891115745,44.4042006131678],[146.03369021962794,44.403541134915486],[146.0339329700306,44.403105414283516]]],[[[146.41477182935648,44.42125483844012],[146.4144641631907,44.421524973198984],[146.4144962779809,44.421330054138764],[146.41477182935648,44.42125483844012]]],[[[146.3912855772677,44.42103713505577],[146.391554747054,44.421152892192254],[146.39143968869075,44.42152433288169],[146.39107955877466,44.42127858593807],[146.3912855772677,44.42103713505577]]],[[[146.41444461732533,44.421893305831475],[146.41403033743018,44.42200408072381],[146.4143256936759,44.421716973059915],[146.41444461732533,44.421893305831475]]],[[[146.39490830097736,44.422211225167985],[146.3947765889685,44.42211310823342],[146.3951675620334,44.42194753225289],[146.3951148383792,44.42211183839066],[146.39490830097736,44.422211225167985]]],[[[146.40799797742477,44.42276413465714],[146.4061901170803,44.42221836038908],[146.40680644586087,44.421972386816265],[146.40815619964894,44.42231889200332],[146.40799797742477,44.42276413465714]]],[[[146.41267824900206,44.423186000333715],[146.41375586344236,44.42233850531784],[146.4136254473566,44.42309869414947],[146.41267824900206,44.423186000333715]]],[[[146.39679938997995,44.42438469409842],[146.39660464269014,44.424260171269964],[146.39685858605492,44.4241581710628],[146.3969633849523,44.424329170854605],[146.39679938997995,44.42438469409842]]],[[[146.39873761335025,44.42422072070974],[146.39889661528662,44.424472693659936],[146.3987764199959,44.424511027262156],[146.39873761335025,44.42422072070974]]],[[[146.06043302206638,44.43362974811441],[146.0599553048935,44.43372591891608],[146.060022826892,44.433507252357856],[146.06043302206638,44.43362974811441]]],[[[146.064290052444,44.43996635955989],[146.06430243790726,44.439621748345076],[146.0645608562985,44.4398262523797],[146.064290052444,44.43996635955989]]],[[[146.0644086379483,44.44021658602668],[146.0643218551695,44.440316532182294],[146.06421557688748,44.44025241411765],[146.064568469959,44.44001102708728],[146.06451413741752,44.44018264021673],[146.0644086379483,44.44021658602668]]],[[[146.06458907882302,44.44061891932773],[146.06453581107883,44.4402818920957],[146.0649886377155,44.44010261314514],[146.06491968939224,44.44044002708563],[146.06458907882302,44.44061891932773]]],[[[146.06614652384303,44.441825332872895],[146.06596014294632,44.44172450538167],[146.06602566755055,44.44161919836739],[146.06626169911817,44.441675747737634],[146.06614652384303,44.441825332872895]]],[[[146.07121355426216,44.452520225328215],[146.07133608329366,44.452251559162164],[146.07162758774302,44.45202541384185],[146.07169785986844,44.45244533338547],[146.07121355426216,44.452520225328215]]],[[[146.24846603098263,44.45340533269001],[146.2483470560718,44.45322846841913],[146.24875922166086,44.45318172075986],[146.24870274963223,44.45336286490436],[146.24846603098263,44.45340533269001]]],[[[146.07240308663324,44.45608358568899],[146.07247993460135,44.45623404496524],[146.072162269773,44.45630376580618],[146.07221862488973,44.45601018931882],[146.07240308663324,44.45608358568899]]],[[[146.07414114070116,44.458245757335874],[146.0740193509124,44.45850773884115],[146.0737382102502,44.45839282886601],[146.07386018170212,44.45824048640935],[146.07414114070116,44.458245757335874]]],[[[146.5827339172365,44.458333333316716],[146.58368367056505,44.458871693573826],[146.58465508406493,44.46090783782648],[146.58293658935213,44.45949610815893],[146.5827339172365,44.458333333316716]]],[[[146.23606985683853,44.46240244091996],[146.23586041462647,44.462541801662894],[146.23568491642584,44.462397892149056],[146.23589968891952,44.46231066690382],[146.23606985683853,44.46240244091996]]],[[[146.23570625194202,44.4630809461288],[146.23565399503593,44.46343238679526],[146.2354324380566,44.46331202692858],[146.23549141379772,44.46308669369603],[146.23570625194202,44.4630809461288]]],[[[146.58923254244792,44.46537516163443],[146.5887540734418,44.465296441277815],[146.58876338502228,44.464947855958826],[146.58938014277942,44.46496480188415],[146.58923254244792,44.46537516163443]]],[[[146.23461258100588,44.46563819804447],[146.2348130219035,44.46590146827822],[146.23470111476468,44.466137251632915],[146.23443907930016,44.46569402705774],[146.23461258100588,44.46563819804447]]],[[[146.2348561093221,44.46786346792476],[146.23519769072095,44.46815405416635],[146.23478272374382,44.468384467669125],[146.2346661086541,44.468023441128935],[146.2348561093221,44.46786346792476]]],[[[146.2350548118302,44.46858350472502],[146.23501472095268,44.468802531911365],[146.2345851103147,44.468976973408644],[146.23470686143253,44.468707918735504],[146.2350548118302,44.46858350472502]]],[[[146.23466046720682,44.4706397479261],[146.23448396896003,44.4706871979559],[146.23410824929636,44.47053094614631],[146.2343401691635,44.47039658563398],[146.23466046720682,44.4706397479261]]],[[[146.23314403397,44.47131177531821],[146.2329975883681,44.471652693916724],[146.23282000014297,44.47159483783156],[146.23314403397,44.47131177531821]]],[[[146.23219500639448,44.47229244104335],[146.23185630372552,44.472362532404986],[146.23172705585898,44.47223419824968],[146.23211752260568,44.472078279189304],[146.23219500639448,44.47229244104335]]],[[[146.22801494223586,44.47851230609808],[146.22805330731433,44.47876833319208],[146.2278369133429,44.47894022511133],[146.22769919566144,44.478838467721175],[146.22801494223586,44.47851230609808]]],[[[146.22796058361416,44.479309612648535],[146.22777197059997,44.47914713483249],[146.22796644629454,44.47909946806607],[146.22796058361416,44.479309612648535]]],[[[146.22635464265272,44.48239100024449],[146.22634664138445,44.482531693782676],[146.22603725031888,44.482621504578844],[146.22607250284375,44.482374666757494],[146.22635464265272,44.48239100024449]]],[[[146.22115966298816,44.4842256936609],[146.22086089471463,44.48421097265833],[146.22080955871422,44.48399466682048],[146.22106014311123,44.484079802041265],[146.22115966298816,44.4842256936609]]],[[[146.21236296957545,44.48748505439181],[146.2118353310358,44.48737266701505],[146.21228452710932,44.48716966664688],[146.21236296957545,44.48748505439181]]],[[[146.2001240859579,44.49154705375361],[146.19970138840836,44.49148625238871],[146.1999109987936,44.49124719819969],[146.2001240859579,44.49154705375361]]],[[[146.19287280193828,44.49795813535974],[146.1925713096183,44.49778825162656],[146.19293005188047,44.49740583830885],[146.1932989753675,44.49770933341904],[146.19287280193828,44.49795813535974]]],[[[146.17169671932822,44.50858989181012],[146.17304243785827,44.50812519771978],[146.1735071733175,44.507729333242196],[146.17381552476672,44.50791055922497],[146.17337238742584,44.508321721170546],[146.17288016868486,44.50847825176993],[146.17169671932822,44.50858989181012]]],[[[146.15681569408912,44.51300222477289],[146.15672571961636,44.513168945590394],[146.1564732808173,44.513078107768536],[146.1567606609758,44.512868332807386],[146.15707658921326,44.51278355911404],[146.15708014333404,44.51297672089902],[146.15681569408912,44.51300222477289]]],[[[146.16861700357197,44.51786689244318],[146.16854972798762,44.5171413598859],[146.16893883316072,44.51687541416908],[146.1696027756476,44.51719686514326],[146.1694218941052,44.5175671708883],[146.16861700357197,44.51786689244318]]],[[[147.92179508367622,44.968734945961046],[147.9206413883894,44.96874413523369],[147.92068605681618,44.968326748180914],[147.92179508367622,44.968734945961046]]],[[[147.91902900108755,44.968801558744985],[147.91894736692745,44.96921644118589],[147.91866852133523,44.969178693941615],[147.91861547302574,44.96892608067412],[147.91902900108755,44.968801558744985]]],[[[147.922199247997,44.97248300009045],[147.92203019523743,44.972783027414835],[147.92171744520397,44.97262030588246],[147.922199247997,44.97248300009045]]],[[[147.9464079119956,44.99038505402706],[147.9464867186872,44.9904678024472],[147.94638678332342,44.99054733309299],[147.94629564243007,44.99040266724933],[147.9464079119956,44.99038505402706]]],[[[147.9470888327835,44.99070641416972],[147.9470720226558,44.99082597274048],[147.94693060965994,44.990805532049706],[147.9469001694074,44.99072089235534],[147.9470888327835,44.99070641416972]]],[[[147.94826313873295,44.99077691921951],[147.94822547332694,44.990868918965475],[147.94789252901705,44.99091691938037],[147.94809839192726,44.99078153184229],[147.94826313873295,44.99077691921951]]],[[[147.94747902703557,44.990802054371386],[147.94756108927288,44.99103977486578],[147.94722795070948,44.99098722478067],[147.94747902703557,44.990802054371386]]],[[[147.94842177734324,44.99129677502617],[147.94855411168294,44.991510999832826],[147.9482388066757,44.991554838185266],[147.9480809207979,44.99135953241654],[147.94842177734324,44.99129677502617]]],[[[147.9488765887836,44.991628999878515],[147.94881019543425,44.99176610781967],[147.94838525317698,44.99190613496023],[147.94821299613295,44.99185630622361],[147.94874830139304,44.99157133265095],[147.9488765887836,44.991628999878515]]],[[[147.94856194567728,44.99243155936904],[147.94856905301947,44.99258391891277],[147.9483353048305,44.99251402720063],[147.94838275036375,44.992414613443714],[147.94856194567728,44.99243155936904]]],[[[147.95150255519877,44.993483892068014],[147.95136457761328,44.99389113476809],[147.95098092143246,44.993818359829504],[147.95115391681986,44.993509774556514],[147.95150255519877,44.993483892068014]]],[[[147.9494419457892,44.994065748035894],[147.94936289178406,44.99416089181176],[147.94921277604885,44.994146721194284],[147.94922058396287,44.994050413695675],[147.9494419457892,44.994065748035894]]],[[[147.95110736701145,44.994052467747224],[147.95110627793247,44.9942417480583],[147.95088070008433,44.99426502700942],[147.95093014301176,44.994058891604595],[147.95110736701145,44.994052467747224]]],[[[147.95052985656764,44.99362072121937],[147.9502779510667,44.99433346811509],[147.95005577175652,44.994257279349995],[147.95019880712925,44.99407355864787],[147.95026647212,44.99361561307012],[147.95052985656764,44.99362072121937]]],[[[147.95176680929092,44.99437413455871],[147.95161549925592,44.99476336024094],[147.9510305055535,44.99466950519354],[147.95139822304964,44.99436144062804],[147.95176680929092,44.99437413455871]]],[[[147.95582097285967,44.99553561257852],[147.95557247668853,44.99592533288785],[147.95517252928892,44.995699108427175],[147.95582097285967,44.99553561257852]]],[[[147.95732019487116,44.99605494587911],[147.9574480541844,44.99627330576851],[147.95715267185835,44.99652477509835],[147.95698824880867,44.9963468918956],[147.95732019487116,44.99605494587911]]],[[[147.9664818025932,44.99961089222893],[147.9665333067668,44.999864640440876],[147.96620888533187,44.99990791941502],[147.96615185482426,44.999722721126716],[147.9664818025932,44.99961089222893]]],[[[147.97872469538845,45.00119425211312],[147.9787335276303,45.001333612856],[147.978559611337,45.00131699967983],[147.97863267226012,45.00118705393942],[147.97872469538845,45.00119425211312]]],[[[147.97948861191003,45.001504504729155],[147.97903128416647,45.001446306002265],[147.97927108928945,45.001209197946196],[147.97948861191003,45.001504504729155]]],[[[147.98508116656262,45.00360813500748],[147.98431011661864,45.00355327906061],[147.9845419969157,45.00334102736656],[147.9850921661706,45.00338786495803],[147.98508116656262,45.00360813500748]]],[[[147.985504034084,45.00368097289862],[147.9848733853985,45.00425019788838],[147.9846462256429,45.00394102715671],[147.985504034084,45.00368097289862]]],[[[147.9851419967058,45.00445380170163],[147.98517058435505,45.00458730605936],[147.98482152959002,45.004768279332666],[147.9848461997924,45.00450191902837],[147.9851419967058,45.00445380170163]]],[[[147.98692639373814,45.00710991878776],[147.9868971082151,45.00754486510351],[147.9865394937027,45.0074483327744],[147.98655058414226,45.00720808068843],[147.98692639373814,45.00710991878776]]],[[[147.9867788068965,45.007985558986434],[147.986816004655,45.00808125224802],[147.98656693921293,45.008146359566865],[147.98657518779476,45.008029640155826],[147.9867788068965,45.007985558986434]]],[[[147.99303885905613,45.01382069406981],[147.99270713422698,45.0139677745932],[147.99242383878925,45.01377386457227],[147.99295075157602,45.0136895594257],[147.99303885905613,45.01382069406981]]],[[[147.99363678321106,45.01463180161642],[147.99308377389707,45.014775918873625],[147.99255199667732,45.01455750502487],[147.99299221841625,45.01436005437307],[147.99363678321106,45.01463180161642]]],[[[147.9987868354442,45.02123644070923],[147.998522139785,45.021430197845405],[147.99848252914546,45.02120589163866],[147.9987868354442,45.02123644070923]]],[[[148.0064025553337,45.02753561337789],[148.0063552527928,45.02769377534753],[148.0061004667632,45.02778900006234],[148.00601033670773,45.02764261291628],[148.0064025553337,45.02753561337789]]],[[[148.0071909729851,45.02777474760654],[148.0068949683282,45.027919972828556],[148.00690289225474,45.02779574767567],[148.0071909729851,45.02777474760654]]],[[[148.00841208774773,45.028102332856406],[148.00842766490484,45.02821402685589],[148.00814513568957,45.028218251870896],[148.00812228301697,45.028160197934824],[148.00841208774773,45.028102332856406]]],[[[148.00788713368433,45.028635054364315],[148.00782372158756,45.02877297259465],[148.00767169928952,45.02868591911994],[148.00788713368433,45.028635054364315]]],[[[148.00692016913058,45.02848897298776],[148.00669674425944,45.029055413676474],[148.0051111666471,45.028317919236656],[148.00692016913058,45.02848897298776]]],[[[148.00765830118974,45.02905389202357],[148.0077235281184,45.029312224979265],[148.0073284703327,45.02942241441292],[148.00724649802748,45.0292039457056],[148.00765830118974,45.02905389202357]]],[[[148.00826219234636,45.02991697318981],[148.00820282719883,45.03011669373046],[148.0077577563154,45.03020294590925],[148.00752163391633,45.03005702731002],[148.00826219234636,45.02991697318981]]],[[[148.00874352839116,45.03095325209097],[148.00856878112438,45.03125166693093],[148.0083004414123,45.03106522488025],[148.00874352839116,45.03095325209097]]],[[[148.00914564225764,45.03114953182546],[148.00908457829075,45.031386108382264],[148.0085337480341,45.03142044090066],[148.0089648902176,45.03116474835451],[148.00914564225764,45.03114953182546]]],[[[148.0085256937059,45.03232746833805],[148.00859386501497,45.03178938687074],[148.00897944214762,45.03187155882546],[148.0085256937059,45.03232746833805]]],[[[148.02183260678942,45.04585491856972],[148.02186775589223,45.04610883765281],[148.0216237482374,45.04591230610811],[148.02183260678942,45.04585491856972]]],[[[148.02251413731767,45.04632674788115],[148.02248688696034,45.04653572064706],[148.02226111485868,45.046405999737146],[148.02251413731767,45.04632674788115]]],[[[148.0269619197569,45.04714194644373],[148.02717769139736,45.04733889167659],[148.0269208953831,45.04741891874818],[148.0267333327771,45.04721110790638],[148.0269619197569,45.04714194644373]]],[[[148.03049080370772,45.053317721335816],[148.03043891102698,45.05349508113312],[148.0302274192601,45.05340166675359],[148.03049080370772,45.053317721335816]]],[[[148.03051050605507,45.05386174822115],[148.0300923347935,45.05408883782968],[148.0301512448841,45.05380566739768],[148.03051050605507,45.05386174822115]]],[[[148.03287702975115,45.05719672125173],[148.03282855989016,45.05730302741284],[148.03256658917678,45.05742213542328],[148.03251666691074,45.05735472134336],[148.03273041507668,45.0572125592123],[148.03287702975115,45.05719672125173]]],[[[148.0328189749158,45.057517468056744],[148.032542749948,45.05765241402776],[148.0324982748756,45.05753991873229],[148.0328189749158,45.057517468056744]]],[[[148.03418516201566,45.05765697269118],[148.03400063642027,45.05792213509852],[148.0336277559163,45.05760625182711],[148.03418516201566,45.05765697269118]]],[[[148.0541684180381,45.06604455910917],[148.05419116728865,45.06632794627774],[148.05387111476023,45.066264973050124],[148.0541684180381,45.06604455910917]]],[[[148.05470133559822,45.06636874761966],[148.05464272408256,45.06669617099158],[148.05436394324147,45.06656858597154],[148.05470133559822,45.06636874761966]]],[[[148.1348087553199,45.12213505388968],[148.1348235536641,45.12238969422907],[148.13458252906048,45.12239650479489],[148.13460080418383,45.122004775400114],[148.1348087553199,45.12213505388968]]],[[[148.13634224419923,45.12223505400459],[148.13437678306218,45.1210994144065],[148.13714399519927,45.12057446843704],[148.13634224419923,45.12223505400459]]],[[[148.13525260672247,45.1240439728511],[148.13388852133824,45.12333822537886],[148.1342506099777,45.12312622459564],[148.13560891092254,45.123744252195536],[148.13525260672247,45.1240439728511]]],[[[148.13170308692793,45.12449644065828],[148.1317117509966,45.12467008085957],[148.13021321696647,45.124363748388305],[148.13053483791248,45.12421502660226],[148.13170308692793,45.12449644065828]]],[[[148.1327759142771,45.12565194628036],[148.1322863944016,45.12599944072167],[148.13228019537473,45.125694387086355],[148.1327759142771,45.12565194628036]]],[[[148.19912058424768,45.15390933294941],[148.19881469514212,45.154111747858906],[148.19805544700137,45.15395053179168],[148.19812610943245,45.15364797287572],[148.19912058424768,45.15390933294941]]],[[[148.2000878078062,45.15438266682668],[148.19955891111488,45.15432697271166],[148.19994871596055,45.15398410798025],[148.2000878078062,45.15438266682668]]],[[[148.2705149160306,45.191970224746115],[148.27058452715426,45.19233453201309],[148.26982321686808,45.1922576669578],[148.27025756243665,45.19193327879782],[148.2705149160306,45.191970224746115]]],[[[148.27093581133863,45.19266669391283],[148.2711346946105,45.19271383817312],[148.2710290269681,45.19288194574523],[148.2707546429125,45.19278538733579],[148.27093581133863,45.19266669391283]]],[[[148.27162169908217,45.19324035975484],[148.2717517509426,45.19356977512507],[148.27125296984877,45.19349605409968],[148.27162169908217,45.19324035975484]]],[[[147.78068919644932,45.208679197586946],[147.78061756185105,45.20904691868043],[147.7799400521917,45.208973667101134],[147.78068919644932,45.208679197586946]]],[[[147.79069752307225,45.20880061325772],[147.7908098825701,45.20923055934287],[147.79055664067653,45.20917489220756],[147.79046335939654,45.20887589190892],[147.79069752307225,45.20880061325772]]],[[[148.3307885857247,45.21811397258182],[148.33088708217315,45.218833585801406],[148.32989758780354,45.21849758559517],[148.3307885857247,45.21811397258182]]],[[[148.33535894935608,45.21824702727855],[148.33617871557533,45.218717414077446],[148.33594627769867,45.21897155889036],[148.33491744518403,45.218723505185665],[148.33535894935608,45.21824702727855]]],[[[148.33765360642883,45.22002717141686],[148.33757902655088,45.22015991944477],[148.33744335932363,45.220097802371754],[148.3375480026383,45.22000913461392],[148.33765360642883,45.22002717141686]]],[[[148.33810433224915,45.219858305716286],[148.3382227756606,45.22004455890931],[148.3378553567394,45.22015535988203],[148.3379460048044,45.219901108049726],[148.33810433224915,45.219858305716286]]],[[[148.33724525306604,45.221607107581974],[148.33806511011676,45.2220774683006],[148.33783263266992,45.22233164009316],[148.33680374799462,45.222083586388464],[148.33724525306604,45.221607107581974]]],[[[148.33673058364957,45.22223394584],[148.33654202279615,45.222350053712034],[148.3364706606925,45.22218044067483],[148.33673058364957,45.22223394584]]],[[[148.14509275023033,45.2616228647035],[148.1450012190311,45.262099532367586],[148.1443504408203,45.2620253059232],[148.1444497538531,45.26166236022982],[148.14509275023033,45.2616228647035]]],[[[147.86816975383113,45.262386333362656],[147.86789474744467,45.262375135004504],[147.86786961139353,45.26232061270616],[147.8681929698298,45.262265225259966],[147.86816975383113,45.262386333362656]]],[[[148.2117667186592,45.26368644097653],[148.21197299615687,45.26402291872279],[148.21172963691333,45.26407019788138],[148.21158102484446,45.26374391934644],[148.2117667186592,45.26368644097653]]],[[[147.86678455326455,45.28122927870828],[147.8668020486757,45.28143197330695],[147.86660260692486,45.28151630633255],[147.8664603368751,45.281445694263425],[147.86678455326455,45.28122927870828]]],[[[147.8663353311107,45.30337833334346],[147.8665846168866,45.30350880159],[147.86638213992387,45.3036568650723],[147.86609697839287,45.30356983767791],[147.8663353311107,45.30337833334346]]],[[[148.0037068087223,45.31799417099427],[148.00393819709018,45.318269413902385],[148.00383705573563,45.31833222525205],[148.00343119259549,45.318086468415856],[148.0037068087223,45.31799417099427]]],[[[148.00334632897,45.31902261320312],[148.00313697758952,45.31938558587615],[148.00280627798736,45.31929664022783],[148.00280933927968,45.3189980266377],[148.00334632897,45.31902261320312]]],[[[148.00544325570172,45.33503386502093],[148.00570050587373,45.335069667031576],[148.00562130977573,45.33520150494553],[148.00544325570172,45.33503386502093]]],[[[148.00226291839908,45.3374124135521],[148.00220313866396,45.337548107759005],[148.00192841826197,45.33764191873962],[148.0019381714095,45.33754289169116],[148.00226291839908,45.3374124135521]]],[[[148.00159496763376,45.34005869385368],[148.00143389096138,45.340189279012066],[148.00101138766547,45.34014105376667],[148.00108202311696,45.3399027747933],[148.0013282493993,45.34003717127848],[148.00159496763376,45.34005869385368]]],[[[148.00217411214567,45.3402731713698],[148.00239350175877,45.34035394577802],[148.0023634760936,45.34047830582921],[148.00211457792545,45.340348279149794],[148.00217411214567,45.3402731713698]]],[[[147.85281927439007,45.35666522492022],[147.85292180339854,45.35678202706896],[147.85273875538928,45.35692694562209],[147.85264841759044,45.35683063992212],[147.85281927439007,45.35666522492022]]],[[[147.85293344961906,45.35747886495773],[147.8529486904298,45.3576891354453],[147.85262481218535,45.35758708127884],[147.85293344961906,45.35747886495773]]],[[[147.85066328108564,45.36032750531018],[147.85069875484373,45.36055302740033],[147.85038968933281,45.36048435966552],[147.85041328124805,45.36031517110831],[147.85066328108564,45.36032750531018]]],[[[147.8499793637567,45.360919748447714],[147.8500383403972,45.361054386850526],[147.84984666699017,45.361057504800044],[147.849777950692,45.36093519790114],[147.8499793637567,45.360919748447714]]],[[[147.84926839212267,45.36727083807875],[147.84879383876466,45.36757544115375],[147.84889586325357,45.36720822457994],[147.84926839212267,45.36727083807875]]],[[[147.8489523352821,45.367734279413526],[147.84903430578868,45.36827046780792],[147.84848111481165,45.36797430576962],[147.8489523352821,45.367734279413526]]],[[[147.85111160841404,45.369173612871975],[147.85053102498694,45.36986722489257],[147.85006136214224,45.36933058593786],[147.85111160841404,45.369173612871975]]],[[[147.85103425412763,45.37075636031784],[147.85112713430988,45.370931360294094],[147.8509144752229,45.37104853206415],[147.85086875458944,45.37082994644493],[147.85103425412763,45.37075636031784]]],[[[147.8496839949205,45.3717347750399],[147.84978661476055,45.371830387362536],[147.8496461613413,45.37191338669351],[147.84947666701464,45.37186925156476],[147.8496839949205,45.3717347750399]]],[[[147.85175992158315,45.37199646786274],[147.8517147729185,45.37215533310217],[147.85139308722125,45.372196972612244],[147.85154241155317,45.37200869414596],[147.85175992158315,45.37199646786274]]],[[[147.860636199601,45.38450313541142],[147.86027169897977,45.38478458633966],[147.86005333279513,45.384662387359356],[147.86033169904874,45.38453394618472],[147.860636199601,45.38450313541142]]],[[[147.8616628017969,45.38545689162231],[147.86168136200536,45.385633693839964],[147.86154483772418,45.38570938707858],[147.86139282711736,45.385548027119796],[147.8616628017969,45.38545689162231]]],[[[147.86232002634824,45.38670361278156],[147.8621714403597,45.38656091915118],[147.86255344988183,45.38638369425212],[147.862520610238,45.38670135997984],[147.86232002634824,45.38670361278156]]],[[[147.86281208770777,45.387144413683814],[147.86269705632412,45.38728974772374],[147.86252833991102,45.38717838737273],[147.86281208770777,45.387144413683814]]],[[[147.86147433177507,45.38703030590392],[147.861527613009,45.38718672139015],[147.86099610918313,45.38737155905028],[147.8609789492192,45.38709769390351],[147.86147433177507,45.38703030590392]]],[[[147.8608552267874,45.38732217098146],[147.86081491557593,45.38746355879624],[147.86062871634226,45.38755050525168],[147.86055538292464,45.38743499992535],[147.8608552267874,45.38732217098146]]],[[[147.96711389109328,45.39788261299225],[147.96728999993366,45.39804727885888],[147.96713357995077,45.39812208086937],[147.96694461710047,45.397942801918816],[147.96711389109328,45.39788261299225]]],[[[147.96433033737526,45.40132533289784],[147.96445869041634,45.401441224932626],[147.9642107518248,45.401456386603],[147.96433033737526,45.40132533289784]]],[[[147.96477564208226,45.40181410813466],[147.96485489034103,45.40201908071606],[147.96447577213928,45.402005359759585],[147.96477564208226,45.40181410813466]]],[[[147.9644408946316,45.40921774810067],[147.96461958542557,45.40985666695167],[147.96419649757036,45.40972150514341],[147.9644408946316,45.40921774810067]]],[[[147.9635307519427,45.41077533341496],[147.96381533071303,45.41105546773571],[147.9634413881097,45.41107805420887],[147.9635307519427,45.41077533341496]]],[[[147.9634642281917,45.41190510763465],[147.96352153029443,45.41263705415679],[147.96277983062475,45.41244672073964],[147.9634642281917,45.41190510763465]]],[[[148.3659758746869,45.2272608107379],[148.37475263282784,45.22751122516297],[148.38199060957902,45.22982522485432],[148.38437302159775,45.22949889236003],[148.39109588826466,45.23360805396857],[148.39780163363855,45.23371910765076],[148.40189654998585,45.232145775207414],[148.4084920231884,45.237974838068396],[148.41881202335628,45.24447780160932],[148.42824202295105,45.24784244057622],[148.4342296632684,45.25208917057881],[148.44243185534594,45.253481892175614],[148.44479000005856,45.251404891722416],[148.44913341077836,45.252500505194234],[148.45360936358134,45.24925502729775],[148.4611147474477,45.250704613027494],[148.46224622588272,45.25316202670621],[148.46827367109313,45.25551166742957],[148.46943664108824,45.258204386922955],[148.47775447518893,45.26111902672176],[148.4850801169539,45.26110533274499],[148.49202152966996,45.25666669371299],[148.50115530517326,45.26097441393813],[148.50128775642486,45.264495802039676],[148.49881805440975,45.26831130622185],[148.49933124534073,45.27210246755487],[148.5022096370651,45.27346080177466],[148.5053698313527,45.27885650472399],[148.51761252899507,45.280157467593085],[148.52000797668688,45.28419202684063],[148.52676680904108,45.28681058643946],[148.53142941613476,45.29276919843983],[148.54314308668415,45.296377532097495],[148.54745119271843,45.30020317073979],[148.5514638912457,45.30059635973424],[148.5519779122509,45.303999279243385],[148.55727418885283,45.305429748084464],[148.56343783368914,45.31197417127106],[148.57370330706203,45.31652627866487],[148.58630147883025,45.31778361272359],[148.58924136169958,45.318831748286584],[148.59533535674143,45.31829683782888],[148.59599894939208,45.32050808098319],[148.60373430609343,45.32176972099586],[148.6132163287706,45.324756359618334],[148.6152519712016,45.32679936030229],[148.61671525270685,45.32720641414477],[148.6205924117105,45.32669225194593],[148.61926905302448,45.32899910832225],[148.62193105077745,45.33091008133522],[148.62651053173568,45.32983538699358],[148.63016719765812,45.33301333299897],[148.63435377380767,45.33270019805576],[148.63811758765667,45.33502961302628],[148.64305827501948,45.334745640399035],[148.64965189381996,45.33113894620544],[148.6522451617849,45.33551225218872],[148.6549981448486,45.336423946208185],[148.65983335882254,45.33336002704368],[148.67886367072185,45.3348699186119],[148.68343192004716,45.33674313538745],[148.68555702973322,45.33389338707019],[148.68798036270368,45.33417877523033],[148.69259330743523,45.33379069438507],[148.69871513559508,45.33569230635493],[148.70320374815446,45.334668585586826],[148.71174538304308,45.33622038736104],[148.71808516190072,45.33604683799126],[148.72572357977947,45.33438613461249],[148.72935252859634,45.335089721013844],[148.7322297278198,45.3348500274069],[148.7399750319222,45.33757405409938],[148.74695282671166,45.33665213478827],[148.7554792999298,45.33370510770459],[148.76242469484384,45.32937969421755],[148.77132817105826,45.326910504816],[148.77671713358893,45.322647972825735],[148.7829559662449,45.327114918918426],[148.7996709726374,45.334927135279145],[148.8088463291948,45.337296440578314],[148.81766625209593,45.33806700039179],[148.8424512187488,45.3366998654065],[148.84593105097724,45.343785387285834],[148.8482698566686,45.345713693831954],[148.84191557714223,45.35015410812565],[148.84318658898997,45.354757440903256],[148.84768891081467,45.357510171257445],[148.85166319120333,45.35738974843821],[148.8565372244134,45.36747508131003],[148.86103386522075,45.367354666584674],[148.86126827531075,45.373103892130985],[148.8686965504055,45.37908761320284],[148.8689086123427,45.384450386576134],[148.87554929986038,45.38778005360666],[148.87582980470177,45.3938940540674],[148.87469230890304,45.39725286542745],[148.87043841759896,45.402244198111305],[148.86800250311308,45.40250650517112],[148.86484347614555,45.40637405401941],[148.86024405991554,45.40883219794762],[148.85553788606467,45.41721880230591],[148.85232041485528,45.41945966732982],[148.84793396887767,45.41852133269339],[148.84355189360508,45.419642973444525],[148.84068070005435,45.4238332251233],[148.8422619708134,45.425616721034885],[148.83341406011084,45.42678246813642],[148.82858413684846,45.42834994599326],[148.82622041543993,45.44102746764355],[148.82711236124658,45.4487772521685],[148.83180518825884,45.45947897317615],[148.8378691045756,45.46330489240694],[148.85045830110982,45.467278386788166],[148.8550316990537,45.4695361977374],[148.87446902702402,45.47457817124564],[148.87653749740764,45.477808946126004],[148.8821891051432,45.481961332749336],[148.8860302462989,45.482462891849025],[148.89054255509495,45.48691383810319],[148.89051163370505,45.496769467936645],[148.8927536714449,45.50385574794444],[148.89281866365047,45.50964377474048],[148.889558974667,45.5178385591023],[148.88741325611693,45.52063677536694],[148.88335922205056,45.52175291856241],[148.87732185461994,45.52601394598685],[148.87240241194183,45.53175546794057],[148.8669852790474,45.53545935996152],[148.8630280803817,45.53656555935311],[148.856575447399,45.54045522522853],[148.84131442262253,45.5438488376538],[148.83825710807912,45.55068819800198],[148.83378472108802,45.54824774823504],[148.82934250275434,45.54835608056874],[148.82239031076426,45.55044291870581],[148.81079055823773,45.55273055926796],[148.79852160758617,45.55232041355629],[148.78454500624707,45.55562653183904],[148.78172569368587,45.55330444094727],[148.76536177722426,45.55462253230405],[148.76188510971008,45.55337280201326],[148.754873799886,45.55354394569662],[148.7521996109234,45.55507608109633],[148.7489404147684,45.55168480241173],[148.74448530465315,45.549878080609005],[148.72770941595684,45.545916639841096],[148.72206702986955,45.54380727908273],[148.71013213958668,45.54155841368987],[148.69349263307856,45.539473467726395],[148.68598671861218,45.539124000172535],[148.67974525274133,45.53744661257116],[148.67003622589118,45.536663919104626],[148.6599797279821,45.539154170628535],[148.65169841804766,45.53734402690537],[148.6434497544027,45.52603441365733],[148.63913192040184,45.52258322483601],[148.64146741928607,45.5169758376648],[148.63936075199717,45.51394483818376],[148.6390994162051,45.508795134887635],[148.6325465888541,45.505817504774086],[148.63020411213017,45.50210672124825],[148.62362525300307,45.49870522536594],[148.6142628662384,45.49795558558185],[148.61315900058742,45.49474386463771],[148.60683518829342,45.49135038711074],[148.6006516990168,45.49183494632575],[148.59881639406137,45.49048586523054],[148.5871664458748,45.49118977538785],[148.57818396871528,45.48944561312459],[148.5716116728405,45.478317919236645],[148.56872131024033,45.47561580182787],[148.5655357460779,45.46949580198975],[148.5583644225801,45.466332999668225],[148.55944461717536,45.46103725186771],[148.55692885907968,45.45802177468522],[148.54961396870976,45.45466455872247],[148.54582481196553,45.451493225432046],[148.54292713427992,45.451406973253256],[148.53975992168307,45.45269691942735],[148.5366670038792,45.44929705401586],[148.52952325629326,45.44972877536276],[148.5252496365615,45.44715630601877],[148.52066160844652,45.447315333136146],[148.51215044079026,45.43212822543728],[148.50637717276834,45.42940589216823],[148.50165180288843,45.425048441232605],[148.49744817109627,45.42228002670191],[148.49459263294375,45.421310838124725],[148.48620807993905,45.420531613343314],[148.4817332171143,45.41371017108759],[148.48111038893342,45.41010553184486],[148.4791829700181,45.40847205364241],[148.47584544740948,45.4073076941948],[148.47276849526986,45.40185102710325],[148.4703451622995,45.39999938686225],[148.47524311297934,45.39102227865527],[148.47958875491713,45.38902405431668],[148.47997975406247,45.386217171285466],[148.47536347644336,45.37920244133966],[148.47145999967927,45.37602391886884],[148.4664563552766,45.374603359657385],[148.46031208813247,45.376630838042786],[148.45785111493706,45.37144686518076],[148.455169415736,45.37019361314481],[148.45509880726422,45.3658026939392],[148.45900328137645,45.36350138727926],[148.4589066411287,45.35951397319138],[148.4479954985934,45.35929136040801],[148.44471780788058,45.35319600019528],[148.4364436061876,45.348870108268954],[148.43266938988052,45.34788330557012],[148.42977785996038,45.344991693811664],[148.42552055842714,45.3459492253765],[148.42109022013767,45.33903774839342],[148.41664422824863,45.336611667094814],[148.42001046710948,45.32931441422886],[148.41553749735772,45.32650705365768],[148.41112891097055,45.32857838658333],[148.40285919599512,45.327485667129906],[148.39307255495453,45.320451170984825],[148.3826221917608,45.31956055887275],[148.3789774706338,45.31623733278673],[148.37484269813206,45.3162924135641],[148.3649791956334,45.31217797293516],[148.36051778216995,45.30941844100829],[148.35179044087624,45.30659964016132],[148.3517370823006,45.30243386533067],[148.3454994943063,45.29996905382882],[148.34250697771495,45.2963499193134],[148.34365230930666,45.29268744107259],[148.33987128423246,45.289022360193826],[148.332023165137,45.286326306014246],[148.31154350223096,45.280712801654545],[148.2921179122119,45.27607969412264],[148.27175289218235,45.27203446801633],[148.2302145009985,45.26542258578377],[148.2068414402803,45.26268094586902],[148.19618131021934,45.261801640033696],[148.16637588813683,45.25858825174646],[148.14905769115956,45.25811058583491],[148.1373593900239,45.25684300040422],[148.12541769097368,45.25646289204889],[148.10359671891354,45.25665944068072],[148.0699769392844,45.259443586152656],[148.05606917025602,45.26191108123146],[148.03869905271915,45.26634402665553],[148.02947963657607,45.27095297300133],[148.02721732811722,45.279353837909355],[148.01945791185324,45.27801405400544],[148.0167970823196,45.27956783788545],[148.02098736727328,45.28333991920198],[148.0179358632496,45.28929194636629],[148.01193002604998,45.28866230582082],[148.00872216589528,45.29032997265017],[148.00747230880006,45.29522302742083],[148.0039458880923,45.301138441386],[148.0067188334075,45.308482441011904],[148.00254538286322,45.318950892269925],[147.99676505786124,45.323675918608785],[147.99524194625883,45.32958389158341],[147.996418222623,45.333055000388015],[148.004797833853,45.33523661267958],[148.0008587547278,45.33742686475807],[147.9991348119221,45.342016613276144],[147.9930574966063,45.34263658610962],[147.98402566825007,45.35090327936291],[147.98076389104085,45.35790405362923],[147.97810866428347,45.36093186501364],[147.9747659139158,45.372648107624116],[147.9694642539722,45.38090450543865],[147.9691486117191,45.38355791916268],[147.97482902743775,45.38649735956557],[147.97515719814623,45.389430775410005],[147.971005498605,45.39019986483197],[147.96516167337256,45.39544333324329],[147.96175658919526,45.41250738720623],[147.96402966343828,45.42030600042165],[147.95681092138693,45.420698693889676],[147.9461478343551,45.425086837787376],[147.94196907871003,45.430228054181384],[147.93656955903793,45.43304058585443],[147.92734367137336,45.43563674783769],[147.92547661495394,45.437983440583366],[147.91345150468328,45.43423991903711],[147.90430788610013,45.43015453190617],[147.89583194578768,45.42317419833063],[147.8881829437879,45.413344135323655],[147.88270221803305,45.40882694590687],[147.87733252887313,45.40683910783861],[147.87119175109854,45.400299360227336],[147.87222302167515,45.3972315047302],[147.86855702978312,45.39192741391906],[147.86313639402942,45.38687741396154],[147.85847152963743,45.377232134655344],[147.84924666719996,45.36701046815864],[147.84911330673378,45.36346738661064],[147.8554078856655,45.35418599998394],[147.85499749713688,45.349823171102514],[147.85219450097554,45.34573772101908],[147.85338228326577,45.33824561294472],[147.85768408595186,45.33330300013341],[147.85878133618974,45.3292499733077],[147.85706544681295,45.318602306051616],[147.86151852086311,45.31593613544436],[147.8631025552388,45.30895461296507],[147.86572661509126,45.30442653185901],[147.87013136227256,45.301375305725855],[147.8722873672682,45.29571122529285],[147.86837155630235,45.286992000380565],[147.86701191986424,45.281434198229704],[147.87040061029995,45.27571413499936],[147.86635389131914,45.26454422513592],[147.86926372244295,45.26215474804326],[147.87957968915134,45.259694225408225],[147.88170863804328,45.25600374767487],[147.88159839195225,45.25081019793237],[147.8764057721088,45.241771864779764],[147.87139399513683,45.23874427912523],[147.86782922194107,45.23314574757825],[147.8723269131566,45.22918441382967],[147.8696858372317,45.22405513503651],[147.86142758771302,45.22017141367985],[147.86027291756113,45.216889387335414],[147.8562960309372,45.21508880160695],[147.8542098313187,45.21142066663049],[147.8464416988254,45.21005053240617],[147.84235549870732,45.20701789166242],[147.83793228304853,45.20795119818928],[147.83534313937446,45.21239817123865],[147.82686413687054,45.2174171077134],[147.8154725027539,45.21654480220093],[147.8090623087786,45.21433810781747],[147.80429241166553,45.210056000284226],[147.79666758793894,45.20808117090934],[147.7865060051481,45.20893413470259],[147.78437192022795,45.20741230643284],[147.77937834013835,45.208965612772886],[147.77301230917078,45.20653102658565],[147.77341411187183,45.20402030559268],[147.7685396370946,45.199630999770875],[147.7658366671285,45.19495813500998],[147.75775833957573,45.19745308099493],[147.74558036344308,45.195000054209174],[147.73491878097707,45.193748775285826],[147.7306778857759,45.18878291859687],[147.7322089491837,45.181926802080284],[147.72863069964717,45.17669666701761],[147.72282741855054,45.174917504938946],[147.71615510997037,45.16997722496899],[147.7101042536085,45.16810680238706],[147.70703341056355,45.16579866717478],[147.70669328067038,45.15623969400673],[147.70128221819982,45.14562002714257],[147.69290968913094,45.14189338677045],[147.6919290530834,45.13307561324899],[147.69891905257225,45.12338338663403],[147.69549941556568,45.11824561284482],[147.69781894878554,45.113426747646315],[147.69393136214273,45.11040717135393],[147.69684705594693,45.10861710769342],[147.6977430612933,45.10413513482865],[147.69465810608676,45.10002025173327],[147.69145641977798,45.098195973365534],[147.68954163363958,45.09472261265847],[147.6826009205961,45.092709197871216],[147.6772403370719,45.0898876666825],[147.66411724991121,45.08604802739461],[147.66341530477257,45.083737775178236],[147.65088891059486,45.07867846813684],[147.63822866402165,45.07533517098142],[147.63125914389445,45.07530125215112],[147.62651749718486,45.076525802324],[147.62584938993746,45.07970753177722],[147.6224631654428,45.08168013533003],[147.61600472104112,45.08128217093548],[147.60426941640048,45.08286358558604],[147.59066141389326,45.08324461304852],[147.58457727632026,45.08439633342408],[147.57827855960795,45.087424278807475],[147.5736426066211,45.093542945850345],[147.56927099855784,45.09658791899733],[147.57339581106794,45.099728838115425],[147.57098686095492,45.104215107940945],[147.5651123085862,45.106853171137004],[147.55956505818097,45.105719000131785],[147.55135778223598,45.10950244078509],[147.54340830055264,45.10634350464909],[147.53672160821566,45.105807414280775],[147.52740155613697,45.10991880171139],[147.52078418893927,45.11033566715736],[147.51619500609468,45.112113892142474],[147.50859885905015,45.11767313500724],[147.50661736659822,45.115008135317225],[147.5019990268337,45.11367050528963],[147.49543827465675,45.10993046771699],[147.49851516204512,45.10771605355308],[147.50602758760317,45.107183693572665],[147.51663155590165,45.10146653155522],[147.51965294432796,45.102280332571354],[147.52683094709062,45.098915892354626],[147.5310287162024,45.09047536014981],[147.53202138787685,45.085194197554245],[147.53063221770276,45.081531918962924],[147.53165377380265,45.077053278985716],[147.53024941587796,45.07425489184982],[147.53454686134864,45.07157883769327],[147.52654972818743,45.067895414242],[147.52359752280745,45.060051666751065],[147.52408888539378,45.04764005394537],[147.52044121898712,45.043218198061425],[147.52433189390183,45.0396713330656],[147.52335208792863,45.03576141355842],[147.51669544733704,45.03401730615383],[147.51506930040796,45.03098794613686],[147.51724586300622,45.02873846830573],[147.5126754732945,45.02700174793239],[147.51186491613305,45.02465733316944],[147.51548875500214,45.02022164031649],[147.5135740596952,45.013844892128134],[147.51826094668536,45.01066322472809],[147.51371050573528,45.00721430579563],[147.51743199658938,45.00001686508631],[147.51720664087384,44.997353333089904],[147.510026640717,44.99306074755549],[147.50571800318335,44.99187486463336],[147.50659483768163,44.98929738696489],[147.49585616083323,44.990571198402165],[147.48873680915653,44.99005691929142],[147.47904985706532,44.986242999714705],[147.4663955514136,44.97958700033985],[147.46381046727936,44.9760046939615],[147.45964630403375,44.97513813511688],[147.4533874191941,44.97170310801209],[147.45255114142208,44.96886210829973],[147.44877116675605,44.966970774681556],[147.44365422756061,44.95969300023182],[147.43894389074808,44.95830108083027],[147.43658377382212,44.95487738698188],[147.43270769130697,44.95291277480476],[147.4268721137571,44.94759308075612],[147.41911019467977,44.93825353227476],[147.41501325575723,44.937263386795905],[147.41313600462297,44.934157251655904],[147.41206869011808,44.93353889220617],[147.41087313858452,44.93337366696119],[147.40960403419888,44.93382350515071],[147.40856593956653,44.933023053671036],[147.40305228333625,44.9277955320382],[147.40228002560275,44.92483361308081],[147.3959134757264,44.91930080219032],[147.38638644557807,44.915737413950524],[147.38313630379741,44.911461586383155],[147.37100752327865,44.90551941398979],[147.3643692999034,44.90308427921616],[147.34702941577495,44.89511117144349],[147.34404505783323,44.89444055868489],[147.33390736733122,44.8891620266063],[147.32789011683553,44.8885012524309],[147.32546108935787,44.89013655895508],[147.31813975444618,44.88536361314027],[147.31159299572028,44.88522110836749],[147.30574924782957,44.88129741394454],[147.3018488593375,44.880902224857834],[147.29792472064935,44.88393817061012],[147.29548975404896,44.878143774815385],[147.29124658895898,44.876199386592475],[147.28771289183658,44.877752864702984],[147.27301975385865,44.87267358641691],[147.27093379975508,44.86876580190028],[147.2671758629757,44.868226505448945],[147.26329192038588,44.86421746806178],[147.26400722405424,44.8581794684078],[147.26302328119948,44.8554570272201],[147.26350511007286,44.84871791879698],[147.25885455299533,44.844312945885804],[147.25280608343405,44.833264865381295],[147.24965344974703,44.82423994561702],[147.24799839231207,44.816331802170964],[147.2451150579136,44.80995089192015],[147.24226902739372,44.80812708119987],[147.2281393902208,44.802612468090956],[147.20738752321574,44.79758133321201],[147.19885330683474,44.79655602693913],[147.1928812193928,44.79720425197468],[147.1875841891591,44.804232505026164],[147.17796457830275,44.810836225011826],[147.17424372236997,44.81579655896405],[147.16958325566281,44.81876635957991],[147.16557089528067,44.81763564017268],[147.1590837481166,44.81845594598519],[147.15450871610437,44.8246229731717],[147.15130642005533,44.82338730557973],[147.145240725779,44.823695080563596],[147.13857613518053,44.82851764017698],[147.1326367443903,44.82979313514511],[147.11508185484377,44.82489061321127],[147.10722847021782,44.822141053866574],[147.10566167314778,44.819552865272556],[147.0999458628114,44.81504453237932],[147.10222730164867,44.807421531578484],[147.10090189430707,44.801388414343876],[147.1068281451029,44.7890900540628],[147.11267202339525,44.78303699975777],[147.11348172530143,44.77932744110859],[147.12537985669508,44.776389586210485],[147.123333281206,44.77340508077992],[147.12878199739134,44.76984597331307],[147.13057394333293,44.770829864906375],[147.13974936374223,44.76807958610408],[147.1435574970809,44.770030613122344],[147.16062693888216,44.76937550467585],[147.16311474694805,44.765657531969566],[147.16982046714088,44.763601775301765],[147.1755200779893,44.763478251620086],[147.17971836600987,44.76479713527965],[147.18519377407347,44.76344544075454],[147.1900752266904,44.76520244084003],[147.19460099923674,44.76131102668256],[147.19896717269694,44.75235600042913],[147.20016936392506,44.74209797344275],[147.19884114080605,44.731517694186266],[147.19427296972185,44.7145553058827],[147.18593778230286,44.6971524143525],[147.17886022032303,44.688144532244394],[147.17577644592632,44.686185666735184],[147.1643861607928,44.68279483771164],[147.15942788628797,44.67797877480069],[147.15603878126478,44.676274558624016],[147.1501871732995,44.669816748244386],[147.14522516211161,44.667525585937085],[147.13819425426152,44.65962538710198],[147.12976736657083,44.65229155880843],[147.1227780289829,44.64809586533198],[147.11294105108868,44.645229558697224],[147.1078898307511,44.64163966743678],[147.093105058152,44.63802283788374],[147.08931167279547,44.63988244072209],[147.08008905326722,44.636809441102855],[147.07387036272712,44.63713722510289],[147.07044564185298,44.64556502740413],[147.0664715053557,44.64692894641382],[147.0612373925917,44.646747558553045],[147.0589190266918,44.64960605367651],[147.0612659658517,44.65391533332604],[147.05220852120635,44.65605386539363],[147.0468230606358,44.65527358570745],[147.04729094731942,44.65940833302818],[147.03900355437065,44.65770210776611],[147.03161396900953,44.659883252410225],[147.02837024569033,44.66224544137407],[147.02043053244313,44.659638081032654],[147.01212341106668,44.66103899994994],[147.00874050596963,44.66062374788771],[147.0039468613586,44.65547027913016],[147.00763980503302,44.65084300010443],[147.01158949435978,44.64916377518813],[147.01584847043068,44.64491564044448],[147.0230059398723,44.64289497262496],[147.03319016939088,44.63861038656012],[147.034521699317,44.63532353175566],[147.03079263257405,44.62689953178801],[147.03068900099663,44.62396389192014],[147.03376147900906,44.61901635981718],[147.0311906356394,44.613292468172915],[147.03165099859473,44.60904474801674],[147.02641616097708,44.598612613181615],[147.0150796633958,44.588926027114496],[147.00461321672663,44.58099750503089],[146.99163891070725,44.575137694349166],[146.9848541122276,44.575884252156584],[146.97750319141926,44.578046504742474],[146.973736693094,44.580640306005364],[146.9697260827926,44.58706691890325],[146.95952466902827,44.594479640223256],[146.95787555071615,44.599529999909635],[146.95649786038803,44.61051105394205],[146.951266057083,44.61745817105782],[146.95299822328946,44.62609863964059],[146.95005464330723,44.630611891825424],[146.9459480537597,44.62792164007169],[146.9435659529065,44.62437591002026],[146.9419096885813,44.6187224137085],[146.93512481186065,44.60574655905651],[146.93560953295366,44.595255640035816],[146.93093732829516,44.58938046803422],[146.9320056941076,44.580120864786124],[146.938888560059,44.575699892036425],[146.94347175072073,44.57045874837257],[146.94599924766726,44.56495227862479],[146.9540353826269,44.55599158574313],[146.9517949681633,44.548816387066665],[146.945533191104,44.541877135421544],[146.94055457843115,44.538900999981195],[146.9365637478188,44.533882945741425],[146.92684894911974,44.527122467627805],[146.9211866934112,44.52406058632704],[146.9135309986567,44.521713891782724],[146.90478221842466,44.52029933284797],[146.89696066080592,44.52027174794284],[146.89514883265258,44.516975720952814],[146.8903847469586,44.514057865178415],[146.8901170043963,44.511148838048484],[146.87641372231553,44.49975422537727],[146.8739760307693,44.49204894560239],[146.87115474689415,44.48644730599841],[146.86949374763844,44.48041425171641],[146.86525089461315,44.47632266735724],[146.86646535709065,44.471471081225445],[146.86218863829504,44.46578874815225],[146.86305795086378,44.46136977459548],[146.8616329436055,44.45704425229047],[146.85921089486692,44.45606910840269],[146.85989639410332,44.451334891891804],[146.86474591359308,44.44316197274691],[146.87171922166476,44.43933769387951],[146.87953347588927,44.43851355875381],[146.88511077804003,44.43694800005022],[146.89056345034305,44.43331130627183],[146.90230586322502,44.430561558968805],[146.9078948115963,44.428629666825714],[146.9301252269977,44.42938035971588],[146.93909147858892,44.427992134729266],[146.94708581126122,44.42580202744165],[146.95382311294634,44.4270459463134],[146.95966474743022,44.42958502742715],[146.96602350198305,44.43586666691323],[146.98323075229746,44.44476036030244],[146.98349705594444,44.446710414254255],[146.9906351620831,44.45238205438835],[146.98758833992997,44.45578250525847],[146.9877552532024,44.458295225444374],[146.99712871601753,44.47105366719302],[146.99694822298216,44.47408594640933],[147.00444425389924,44.48283830594312],[147.00517175057587,44.489895027033924],[147.01030569415252,44.49479386534466],[147.01864583683596,44.508125134767226],[147.0278001429623,44.51846274815733],[147.04175747093063,44.53132217118133],[147.05024082975058,44.537398053877155],[147.05817603109904,44.53894927918594],[147.06035422776552,44.54111883786413],[147.05849092061953,44.543531000355415],[147.06550299576668,44.54961091920859],[147.07467805374927,44.555677892320944],[147.0903048642781,44.56360805386862],[147.10157138830903,44.5675531080895],[147.1090641627809,44.56888513534079],[147.13228891090455,44.56073769398944],[147.13616596558688,44.561104081388294],[147.14637780788962,44.55941502688205],[147.15120569418752,44.56116677492679],[147.15440596586268,44.560109801726014],[147.16460758826963,44.56489819789357],[147.16831866407517,44.56386350539651],[147.1713841372682,44.565654305601754],[147.191450362944,44.57202263973306],[147.19817299578722,44.57045674828038],[147.20173080373365,44.572867414299765],[147.20813983128824,44.57299435990183],[147.21238341096569,44.5774247206744],[147.2235900257591,44.58437058593387],[147.23323418900668,44.59306380155323],[147.23817661475903,44.59368913524543],[147.24201933872155,44.59618677469996],[147.2423222834467,44.60002013492135],[147.25098089495236,44.59989174770607],[147.25079603121196,44.60320050459967],[147.25408233473206,44.60921069361865],[147.25914800267822,44.61257366704115],[147.26081688718966,44.62559730627072],[147.2644257199711,44.630911504562334],[147.26533075181283,44.6366938917098],[147.26930455286288,44.64080672075363],[147.27238369575105,44.64656080173967],[147.27786380007433,44.651353774557094],[147.28293830116172,44.65889853164197],[147.2936290792187,44.66646277523694],[147.30073722444342,44.66817805397409],[147.30607625211735,44.67803999974626],[147.307510609627,44.68266355917598],[147.31569736664028,44.6858266133076],[147.3139825807316,44.688935774666334],[147.31705289227727,44.694669531873444],[147.3204496631215,44.69816505367436],[147.3266669776989,44.701023000211364],[147.32751452667412,44.706439694236565],[147.33242902667826,44.709241306341255],[147.33614907861715,44.71491317130585],[147.34606516177791,44.71654500015171],[147.3480252269827,44.720275558870014],[147.35262208823883,44.72186902713395],[147.35958961097185,44.72203169380765],[147.36763204927968,44.72655169360581],[147.36860072614263,44.72974458634366],[147.37411494175126,44.732776000412116],[147.37529736678016,44.737911532191504],[147.38485094671387,44.74574213519145],[147.39164481215846,44.74869030621272],[147.39739194588162,44.749252000279625],[147.40141289209134,44.75174686532563],[147.40523247739702,44.75593683821455],[147.40964394341336,44.757353026720864],[147.41160383864633,44.75991900026173],[147.4244567191024,44.76555708129433],[147.43348968869827,44.76553738704081],[147.43986272358586,44.7725012252514],[147.46247625197748,44.77986155926362],[147.47275444895877,44.779654467879425],[147.4740132561069,44.78179213479922],[147.48200588816132,44.782247720555915],[147.4862085208066,44.78117794640514],[147.49479319095303,44.78701938663545],[147.49687686077857,44.79231546808444],[147.49621180313227,44.79978127908282],[147.50213538294167,44.805107837656635],[147.51597574598395,44.81274653162717],[147.52539405978814,44.815516332912466],[147.53415596562536,44.8164831077093],[147.5405938650149,44.81425853210561],[147.54430260707977,44.81635061329024],[147.55034700361136,44.8160681713091],[147.55199780815235,44.81962864034955],[147.56187994820107,44.824016748274346],[147.56494289160128,44.82935869424841],[147.5731379772359,44.834578080613994],[147.57527236073088,44.83735564035055],[147.58435208787864,44.84235280243996],[147.58660613516508,44.84612927874326],[147.59689367070644,44.85330261312515],[147.59824883301735,44.86498297278604],[147.60502447459987,44.8742831075794],[147.6121934760481,44.87994117064858],[147.61533542219206,44.88862802716176],[147.62277844436983,44.89424622508329],[147.63100347563,44.90472197344036],[147.64042780769728,44.91426661321367],[147.6500000000001,44.91749755896524],[147.65179795071492,44.91990691916902],[147.6508823869127,44.92439153244334],[147.64555041531946,44.926485468029966],[147.63594133642357,44.9261814684001],[147.62716953264783,44.92925394641253],[147.62244163387436,44.932477252423325],[147.61244182922712,44.93761622500881],[147.61101280199932,44.93974094618778],[147.61196944233598,44.948874558913815],[147.61688588757374,44.96079835965662],[147.62102652365525,44.96343300003298],[147.62092635536703,44.96593200016173],[147.63143566822157,44.97758969420909],[147.63839247733108,44.98374444115308],[147.65439549855353,44.994215468069456],[147.6640370555657,44.99860797277978],[147.67507466886093,45.00258189164106],[147.6857335542602,45.00521244100139],[147.70622111501257,45.006403693775496],[147.71820038863711,45.005032919233884],[147.7262491698633,45.00281141391565],[147.7281861611625,45.00093646774383],[147.72944880661714,44.99515694583641],[147.727534423375,44.98100638683536],[147.73018985697638,44.97675277522046],[147.73565749669615,44.97301853197973],[147.74348800256928,44.96613380173363],[147.75601289218127,44.95939664034273],[147.76318788581239,44.95735355871983],[147.77022686058126,44.95409017082477],[147.77540044087766,44.95044910813988],[147.78478494197157,44.947658802311935],[147.7954642275921,44.9481873869384],[147.80387538344223,44.95105213504803],[147.81225808024624,44.9518878651329],[147.82690680880228,44.95708744123249],[147.83807791206607,44.962115891635165],[147.8506889747165,44.965395747915466],[147.85694313901467,44.964209640162835],[147.8619285208846,44.96589738705484],[147.87064411163647,44.96548213499261],[147.87806408598885,44.96211255874766],[147.88134350160135,44.962901891908814],[147.89012143965283,44.96871566719432],[147.89648658928468,44.966166224991355],[147.8954227497602,44.96195402715671],[147.90423674433032,44.96096753202602],[147.91129466871405,44.9653420538927],[147.91003783377903,44.97070072096153],[147.9144113097342,44.97219477456923],[147.91869569435084,44.96977580241139],[147.92407549908512,44.97642741399403],[147.92611902677174,44.9819034407912],[147.9346888590037,44.98819569407607],[147.94281708184292,44.99027619828797],[147.94587586318062,44.99000599967718],[147.94829435779843,44.99393997335113],[147.95188805409055,44.996209505164586],[147.9667904670065,45.000847531988086],[147.9726444491821,45.000818586408684],[147.98080702972072,45.002224386846024],[147.98835321672766,45.01243672107785],[147.99485710836893,45.016673305828476],[147.99842997366443,45.024388747942396],[148.00268486411528,45.02815469408392],[148.00668377423688,45.029210413629755],[148.00828997420297,45.035521360222674],[148.01211108925543,45.03747608075656],[148.0191160570605,45.04568097259886],[148.02109153034996,45.04579705439062],[148.02287167268958,45.04702277458142],[148.02464910537196,45.04702289239265],[148.0257232556238,45.05075338725908],[148.03194102525822,45.057070837748995],[148.03314328123747,45.058843333153334],[148.0348697277558,45.05945394584296],[148.0378994160253,45.06201713508278],[148.04112824926938,45.06526513467827],[148.0517331393729,45.06600664009443],[148.05501688701975,45.06701525225213],[148.06184805364478,45.07348686542656],[148.06046603128243,45.07718227863933],[148.06693736656632,45.086337639670376],[148.07543525303458,45.08886810797685],[148.07530791173076,45.093535864588546],[148.08405827476963,45.0991161084217],[148.08913538299157,45.10432877505298],[148.09964544677996,45.11264977476736],[148.11133936372073,45.119225586092],[148.12223836630767,45.124315532136166],[148.13210247674795,45.12649046786083],[148.13347978036768,45.12832369358364],[148.1441576387641,45.135438386772194],[148.1537421140074,45.139646468409865],[148.16754795117708,45.14687880191525],[148.17500780776413,45.14760246837926],[148.18251616119198,45.14989386540964],[148.19267744540787,45.14906746758959],[148.19939836594187,45.158030054443486],[148.20422328087977,45.16035458609531],[148.21371642007682,45.16279294583785],[148.2125998568979,45.16605194594058],[148.21481555079708,45.16913089187722],[148.2277372239938,45.177405413728934],[148.24022955904695,45.183880107980656],[148.25102639415286,45.18768289215183],[148.25764053188516,45.18845955926133],[148.25935555071817,45.184563802277694],[148.26614930015012,45.18498872115259],[148.2638198312203,45.18852863978498],[148.26760833955325,45.18950180156696],[148.26796525259442,45.191769693916285],[148.27401131017393,45.19523369358012],[148.27721752277057,45.194133107756784],[148.28064199723042,45.197506197652956],[148.27831474692812,45.201517720766276],[148.29528455283992,45.21177210819627],[148.31074133574407,45.21848041394003],[148.32414505814802,45.22221444134345],[148.33276944235593,45.22303066693178],[148.33701080430524,45.222558946438255],[148.34691403435522,45.22539269401767],[148.35840466944,45.22511394555221],[148.3659758746869,45.2272608107379]]],[[[146.64818619983328,43.70168666680627],[146.64737014331752,43.70230630599127],[146.64643233478444,43.70151689189112],[146.64818619983328,43.70168666680627]]],[[[146.639349105277,43.703447441346384],[146.63950014281738,43.70411510792593],[146.6388647466108,43.704231197811566],[146.63868564212873,43.7035000274044],[146.639349105277,43.703447441346384]]],[[[146.6734923613834,43.70684619789375],[146.672802139807,43.70729494610492],[146.6724992481419,43.7068436132422],[146.6734923613834,43.70684619789375]]],[[[146.6393821922344,43.70679546803649],[146.6398484178702,43.70722369371856],[146.6394015303564,43.70747205409208],[146.63898394275486,43.70702855882098],[146.6393821922344,43.70679546803649]]],[[[146.67507124534177,43.70583672058825],[146.67633330713647,43.70647308086802],[146.67739350170882,43.707635999601735],[146.6770171983851,43.707920748343895],[146.67555024584726,43.70683483765771],[146.67507124534177,43.70583672058825]]],[[[146.67060308696296,43.70710897260108],[146.6712778860657,43.707550467779924],[146.67057247673847,43.70776158632822],[146.67060308696296,43.70710897260108]]],[[[146.67892416311975,43.70892622456569],[146.67812608315228,43.70918558634577],[146.67775272420897,43.7083036670806],[146.67848977977962,43.708256279104035],[146.67892416311975,43.70892622456569]]],[[[146.67861160823918,43.71234394601635],[146.6788922443816,43.71345986528058],[146.67791185474834,43.71363472136534],[146.67737939044662,43.71269955863778],[146.67861160823918,43.71234394601635]]],[[[146.68574603075479,43.71800686542457],[146.6859679123893,43.718372559446095],[146.68569678298024,43.71867044098809],[146.6852266147166,43.71821902718642],[146.68574603075479,43.71800686542457]]],[[[146.69039775605165,43.726588108254646],[146.69086442325454,43.72708402680644],[146.69039564174557,43.727228198023],[146.69010360579682,43.72695838701998],[146.69039775605165,43.726588108254646]]],[[[146.62434596559388,43.728009171086455],[146.62325330729436,43.72718627882375],[146.6238660828535,43.72679586513709],[146.62458958474156,43.72729633335916],[146.62434596559388,43.728009171086455]]],[[[146.7059468606592,43.72903869428035],[146.7064233331704,43.72970991857795],[146.70591914355373,43.729956332818574],[146.7054684177333,43.7295093059098],[146.7059468606592,43.72903869428035]]],[[[146.71445897530157,43.731620414050894],[146.71551489000024,43.73238383774395],[146.71432450057534,43.73277302655396],[146.71445897530157,43.731620414050894]]],[[[146.69148997368336,43.733223171412305],[146.68526408586888,43.731202802167616],[146.68618632893595,43.72699305408622],[146.69223591365653,43.72812230579984],[146.6953127237033,43.72596480163435],[146.69374658943366,43.72286344099507],[146.69834841764543,43.72146217134218],[146.704090609594,43.729843000254334],[146.6968412447277,43.728067892319416],[146.69148997368336,43.733223171412305]]],[[[146.60760016911263,43.73591586482536],[146.60716194566737,43.73556277480225],[146.60758605695105,43.7353435587583],[146.60784474693753,43.7355422252935],[146.60760016911263,43.73591586482536]]],[[[146.73033844406405,43.735030440902165],[146.73014775631395,43.736008973435446],[146.72929182925463,43.73601174784392],[146.7292140855617,43.73512055926648],[146.73033844406405,43.735030440902165]]],[[[146.71325185488922,43.73605019835804],[146.7106768872286,43.73284510811533],[146.71264180337664,43.73211208060809],[146.7154370563751,43.73379558629733],[146.71325185488922,43.73605019835804]]],[[[146.59387355412127,43.73556199958665],[146.594821724643,43.73667138707492],[146.59342430588708,43.736365505163974],[146.59387355412127,43.73556199958665]]],[[[146.59234724992575,43.73623919808057],[146.5934064723309,43.73714244117076],[146.59139795075487,43.73775289198244],[146.59107588824168,43.73644908096037],[146.59234724992575,43.73623919808057]]],[[[146.73517591443692,43.74096991892668],[146.73308949358534,43.74051772091616],[146.73387766482244,43.739733973444174],[146.73517591443692,43.74096991892668]]],[[[146.79244238700664,43.744740135049256],[146.79291907895242,43.74531053185564],[146.79264124509746,43.74546710832044],[146.79220834024272,43.745049694288014],[146.79244238700664,43.744740135049256]]],[[[146.73324338467455,43.74408705367466],[146.73450267206078,43.74450936001898],[146.73413852127578,43.745330360108085],[146.73294613535597,43.74467374799514],[146.73324338467455,43.74408705367466]]],[[[146.79639274992553,43.74600483815283],[146.7970975881832,43.74664022536615],[146.79690652361728,43.74721513497053],[146.79546671891399,43.74636372070921],[146.79639274992553,43.74600483815283]]],[[[146.7519321664364,43.74874480173128],[146.75230260707974,43.74894041416883],[146.75210469507567,43.74935708086463],[146.75163094661093,43.74905891873419],[146.7519321664364,43.74874480173128]]],[[[146.80371533129755,43.74981297329015],[146.80395581091204,43.75069574781054],[146.80366858633624,43.75075891888906],[146.8032802716673,43.75008669364604],[146.80371533129755,43.74981297329015]]],[[[146.76508243830392,43.75076064019146],[146.76497277587293,43.75109800017265],[146.76408961104676,43.75074497310209],[146.7638091439769,43.7504008016557],[146.7643789751097,43.75038205438835],[146.7645079513809,43.75068825196132],[146.76508243830392,43.75076064019146]]],[[[146.80469345014262,43.751261531994146],[146.80504280168407,43.75158466739856],[146.80493335868766,43.75185641374253],[146.8045359401816,43.75144461327835],[146.80469345014262,43.751261531994146]]],[[[146.80850708193634,43.75445517116924],[146.80870500563162,43.75477172083828],[146.80838655029913,43.754854026791975],[146.8081967187037,43.754490919220586],[146.80850708193634,43.75445517116924]]],[[[146.78572191973092,43.75592897294382],[146.78617481201798,43.75660069366711],[146.78536639434367,43.756916054432395],[146.78528791230735,43.75605577465433],[146.78572191973092,43.75592897294382]]],[[[146.80189014281586,43.75967710801217],[146.7946030873627,43.76023172081733],[146.79204124530725,43.75691958607007],[146.79155841818647,43.752922333399],[146.793929078764,43.75062455927605],[146.78842500570954,43.74709227858585],[146.79056077775772,43.744876558606336],[146.79816902697905,43.748325107917424],[146.8008426718519,43.748527639738825],[146.80647197100473,43.75396772063385],[146.80517252888922,43.757579108389166],[146.80189014281586,43.75967710801217]]],[[[146.7974099739912,43.7612849186641],[146.79765841800167,43.76178808125502],[146.79729442279938,43.761861946171905],[146.79700131036225,43.76147446787246],[146.7974099739912,43.7612849186641]]],[[[146.7944235278236,43.76759280216612],[146.7951415051764,43.768045171047845],[146.7949878083407,43.768220171024154],[146.79419204862415,43.76783350481247],[146.7944235278236,43.76759280216612]]],[[[146.79543671932925,43.77147077505629],[146.79650894862914,43.771585197598824],[146.79643197115865,43.772098613360356],[146.7956173022967,43.77226853216706],[146.79543671932925,43.77147077505629]]],[[[146.80974944228296,43.77808194592512],[146.8099962000647,43.77840008109894],[146.80928019492512,43.77857905427999],[146.80921224395001,43.778184946178385],[146.80974944228296,43.77808194592512]]],[[[146.8025824121487,43.77945755881933],[146.80321557713728,43.779666531585235],[146.80308763868368,43.7799607483899],[146.80215577197134,43.7797768379308],[146.8025824121487,43.77945755881933]]],[[[146.80903194606753,43.77907110844495],[146.8100063291289,43.77966219775226],[146.80982557708876,43.779947387162224],[146.80896907895988,43.77938977511809],[146.80903194606753,43.77907110844495]]],[[[146.80731994805717,43.778967467874395],[146.80802610921762,43.77931997333815],[146.80725547296174,43.780191613352315],[146.80681014307368,43.77933597317667],[146.80731994805717,43.778967467874395]]],[[[146.8337898566167,43.78040717095422],[146.83439727581367,43.78092027914761],[146.8337355249746,43.781174864628326],[146.8337898566167,43.78040717095422]]],[[[146.83333333286703,43.78148441397457],[146.83376089484943,43.78172158588251],[146.83342297009403,43.78210361339109],[146.83306730171466,43.78165174812972],[146.83333333286703,43.78148441397457]]],[[[146.81083807971368,43.78312755898969],[146.81082341087176,43.783588198036966],[146.81025581095696,43.78349799963303],[146.80992189358062,43.7830806395599],[146.81083807971368,43.78312755898969]]],[[[146.8455842799906,43.78606563961762],[146.84610771689768,43.7866220537648],[146.84532050613655,43.78643635995013],[146.8455842799906,43.78606563961762]]],[[[146.8504582754291,43.7931250271983],[146.84838868988618,43.79236925223927],[146.8493800521478,43.78872955922185],[146.853992308898,43.791158333090664],[146.8504582754291,43.7931250271983]]],[[[146.8517170304167,43.79285469368921],[146.85202910505916,43.793243801560266],[146.8514603890858,43.793311748038775],[146.8517170304167,43.79285469368921]]],[[[146.84103955872877,43.801100171036126],[146.84028163438995,43.79958069359418],[146.8435282229492,43.799778666752104],[146.84103955872877,43.801100171036126]]],[[[146.84596833996693,43.80453450476364],[146.84688189378448,43.80495917092907],[146.84592496836262,43.80512510843704],[146.84596833996693,43.80453450476364]]],[[[146.88581586271198,43.805160585792464],[146.88527953312405,43.80641613469692],[146.88404075207916,43.805667801627806],[146.88581586271198,43.805160585792464]]],[[[146.85783788640936,43.80605180224893],[146.85874527897147,43.80624008071521],[146.85853683500704,43.80662774787231],[146.85764119298676,43.80638586531546],[146.85783788640936,43.80605180224893]]],[[[146.88214744534844,43.80852505388816],[146.88213863828764,43.80912272083697],[146.88164461730526,43.808804558683505],[146.88214744534844,43.80852505388816]]],[[[146.88715036309884,43.80708344064834],[146.88637038918216,43.80948327883033],[146.88560233487988,43.80813538663881],[146.88715036309884,43.80708344064834]]],[[[146.8695054729992,43.808402693929224],[146.8682989488375,43.81013961305274],[146.86677430568977,43.809046559051524],[146.8695054729992,43.808402693929224]]],[[[146.87296143991853,43.809713694131744],[146.87315391731954,43.81023664000901],[146.872820116855,43.810320440635905],[146.87257907876153,43.80991783843757],[146.87296143991853,43.809713694131744]]],[[[146.8721193003655,43.810183640262835],[146.8720494419283,43.81068377483638],[146.87151538312844,43.810468639915825],[146.8721193003655,43.810183640262835]]],[[[146.9070322178626,43.81040733313199],[146.90701596621398,43.810840387274084],[146.906455330649,43.8111390809039],[146.9063019458781,43.810635838273356],[146.9070322178626,43.81040733313199]]],[[[146.88046131004148,43.810324865300345],[146.88007839220415,43.81145380225121],[146.87840807956923,43.81059133262397],[146.88046131004148,43.810324865300345]]],[[[146.87782046704103,43.81144502666672],[146.87630949358834,43.8107473056437],[146.87711953274027,43.81018780232529],[146.87810352775568,43.810628305551916],[146.87782046704103,43.81144502666672]]],[[[146.913851115037,43.81640574822677],[146.91350885914665,43.81693619804713],[146.91303133622728,43.81646386511534],[146.913851115037,43.81640574822677]]],[[[146.91108060958254,43.8175967213117],[146.91269600511657,43.81908855898985],[146.9114280797421,43.820294558846854],[146.91108060958254,43.8175967213117]]],[[[146.91551141372088,43.82075891928872],[146.91546741888635,43.8216423871865],[146.9141334760791,43.82081725201465],[146.91551141372088,43.82075891928872]]],[[[146.91445688667602,43.82967097323689],[146.91529486416675,43.8302002251603],[146.91501800337824,43.83046019758012],[146.914304305899,43.8299789730512],[146.91445688667602,43.82967097323689]]],[[[146.91225070040957,43.84245369398286],[146.9129811927279,43.842910278886336],[146.912650557877,43.84346258582974],[146.91168836602537,43.842982802014774],[146.91225070040957,43.84245369398286]]],[[[146.91205144032176,43.84743902728934],[146.91291878067727,43.847831414088546],[146.91258902716197,43.847965225115104],[146.9116574707158,43.84763966693714],[146.91205144032176,43.84743902728934]]],[[[146.9129420488365,43.84875650530853],[146.91317902739024,43.849041666839526],[146.91267352836076,43.84918430561129],[146.91235992217275,43.84888938733542],[146.9129420488365,43.84875650530853]]],[[[146.8656730606633,43.875293639989536],[146.8659781062047,43.875627613123925],[146.86542555104836,43.87586694610275],[146.86508922169025,43.87563322489348],[146.8656730606633,43.875293639989536]]],[[[146.83198749742508,43.886930360048154],[146.82584661532906,43.8886001079087],[146.81842486391645,43.88611866704292],[146.8200278083367,43.88230644088958],[146.81924070009825,43.87604561261497],[146.82709379963921,43.8733135855536],[146.82688469467303,43.86987583799959],[146.82240916994726,43.86665630644342],[146.81698063634735,43.86624083764457],[146.81347635514976,43.86772646820202],[146.81622749730127,43.87371905389125],[146.81448085560703,43.876850747763854],[146.8096023086996,43.87638672097046],[146.81024561624224,43.87320089240734],[146.80533321705434,43.870477586071786],[146.80220968902597,43.87446953184349],[146.79754150523638,43.876168279242734],[146.7929247473793,43.87987927860587],[146.7878880286097,43.87801533294129],[146.79328571996007,43.86913753237127],[146.79400399498843,43.865006865274665],[146.79966121899008,43.86474291875078],[146.80302866384181,43.860540838289126],[146.79629080367772,43.85859138688306],[146.79617036287198,43.86229586526201],[146.79271000006656,43.86338305388489],[146.78672041541495,43.87242941438603],[146.77760727575526,43.87425677473044],[146.7735343316441,43.87603835958271],[146.76824085643045,43.87228608133762],[146.76729433166815,43.86923094585154],[146.76258741857453,43.866345332571086],[146.75414230882052,43.862749612804464],[146.7497799475866,43.858182973265684],[146.74076622618043,43.855548386848625],[146.7401784949417,43.853479531555195],[146.73303199722898,43.8508851079614],[146.72072800269518,43.84489238737382],[146.72233949427232,43.84263217073817],[146.72239433223274,43.837463305587164],[146.72796433188842,43.83559930596323],[146.73087403440923,43.833304198330154],[146.7370653307005,43.83386561270794],[146.74410294389577,43.83132258626841],[146.74817133563874,43.82843850543276],[146.74864936397705,43.818101251771395],[146.74394674424695,43.82203008132325],[146.74255138763647,43.82530025190516],[146.7352047467018,43.82854127905682],[146.7294956417105,43.828899505108154],[146.7266117245515,43.83155497288374],[146.72094817112122,43.8322556940451],[146.70908119314265,43.829754027426475],[146.71166678269594,43.82470300044315],[146.70721603069535,43.823226026759755],[146.7060018551016,43.82660158619427],[146.70255533106376,43.82981705371412],[146.6988617767497,43.830545838219905],[146.69000885862204,43.828331612913644],[146.68573878131974,43.82808833281035],[146.681736031093,43.825697558895286],[146.67336756156374,43.82799825221764],[146.6675943061324,43.82693702702221],[146.66227389082746,43.828384504741166],[146.65897635477506,43.825884197897494],[146.6532394157665,43.82523044113202],[146.64975105077042,43.823130170720844],[146.64179930009766,43.82336355918096],[146.64023786028906,43.8205455587306],[146.6320555774031,43.81865227897953],[146.62747691302923,43.81855722513586],[146.61894533076247,43.82014391880688],[146.60984725025048,43.820272585711336],[146.60454185542233,43.815426414397564],[146.59889422808624,43.81211433271034],[146.59684980467478,43.80914650520708],[146.58846005178998,43.8084578646388],[146.58574002618138,43.80646438692196],[146.58499844432276,43.80270074844083],[146.5905770037258,43.79053333304694],[146.5950411412357,43.78733308115682],[146.59485880728823,43.78367541428901],[146.60600422771302,43.778638747680134],[146.606676134596,43.7726140274155],[146.60456433217826,43.76896291930336],[146.60758442288284,43.76794113477558],[146.60558569402463,43.76408386517829],[146.59935085615712,43.76326564039704],[146.59214408588093,43.75858753168927],[146.58917944197776,43.75389505361386],[146.58926581106834,43.74886146808234],[146.58580639434967,43.74797089194317],[146.58564418902813,43.744256837583066],[146.5938073019655,43.745058999573246],[146.59753785978444,43.74363950515908],[146.59205917009467,43.73872405367217],[146.59503603128792,43.737082135332344],[146.5989532811691,43.73923872129001],[146.6062755513757,43.7395330541072],[146.60577700410556,43.73539658638339],[146.60677147892068,43.7359259192458],[146.60821204894694,43.73603274791304],[146.60951033723234,43.73563325197307],[146.61036464281403,43.73908633296793],[146.614223774008,43.7420235592399],[146.6138935015839,43.74444433273982],[146.606945940203,43.74791853161497],[146.60700625233676,43.75219489158104],[146.6120659658717,43.75706402708323],[146.6209890266224,43.7573722517281],[146.6251258630682,43.75434353202843],[146.61900472109107,43.74985180241879],[146.62208994789285,43.74480925244512],[146.61867697756054,43.740824919434544],[146.62236769091624,43.73630138709939],[146.62286771667186,43.730327721347294],[146.62680422823257,43.7290328019223],[146.63034433212533,43.72066402662358],[146.63789066122513,43.71887969434249],[146.64529968902946,43.71419869431435],[146.64990654984751,43.714909918657895],[146.64859503163552,43.710553892248356],[146.64364603093964,43.709525000378505],[146.6396600521697,43.706674504724674],[146.6439460573647,43.70123346785033],[146.64712005174908,43.7024960539498],[146.65331708211772,43.70278397280214],[146.66161211390795,43.70754677516362],[146.66948007834299,43.70842033343172],[146.67619267205419,43.70742758621418],[146.67732752294694,43.710443837713],[146.67620583722965,43.71451164039996],[146.6821649159782,43.71713336021645],[146.6822935019436,43.7181869186914],[146.68504907865213,43.71899733286068],[146.68679002583906,43.718728558776036],[146.68854328114753,43.722571108270074],[146.68503833984755,43.72288163967596],[146.6828432808927,43.72663944065772],[146.68312822298913,43.733346251728165],[146.68660741939698,43.73545986538056],[146.69020839210373,43.73438822513651],[146.69181031129688,43.73791194607952],[146.68960547311417,43.74006502737916],[146.69132571970624,43.74338125224307],[146.6955560307863,43.74593994577191],[146.70170197066943,43.74679966707106],[146.70668561594846,43.74518797314647],[146.7118899998237,43.74168105423729],[146.7138449164098,43.738257640078075],[146.72141747063984,43.733642000078305],[146.7231299479888,43.73456577469079],[146.72588435827663,43.735080224672686],[146.73318625164427,43.73717350465358],[146.73222255522683,43.74164799965553],[146.73357766537697,43.74794725236387],[146.7388740858704,43.74783699997761],[146.7428641889312,43.749763306431475],[146.74682600471635,43.74735810829014],[146.75179289202845,43.74943633272062],[146.75235610864752,43.75161083767006],[146.74919219206606,43.75494189235451],[146.75635827521432,43.754816999904676],[146.76008177695246,43.74965927915247],[146.76624866384486,43.752759693704945],[146.77318744514457,43.75907227886262],[146.76882158195053,43.76112163955207],[146.7682301949676,43.76504763983678],[146.77146435759414,43.76668186537586],[146.77574802904837,43.76402608103888],[146.78181163419958,43.756845251707034],[146.7846413878898,43.75729855858168],[146.7853788589473,43.76221450469569],[146.79027216642737,43.76383741406545],[146.79341705605236,43.76869908069807],[146.78954144028535,43.77109805373226],[146.7901005317142,43.775271224587414],[146.78877114127522,43.77911155905127],[146.79372111503744,43.78429272063261],[146.7981071077569,43.786635639822975],[146.80209678274036,43.77991674815945],[146.80966869035785,43.78408630643793],[146.80696143961882,43.788765559083345],[146.81038700405702,43.79206974832027],[146.8164950321201,43.789056414222216],[146.82230394297267,43.79039877468375],[146.82614557695683,43.78544646808007],[146.8329648383567,43.78467413480354],[146.83493674403553,43.781945278751664],[146.8416702721654,43.78594046837799],[146.84795364464503,43.78812489195025],[146.84003391703175,43.79156183820834],[146.83446297038984,43.791176279062086],[146.82657027190055,43.79661944103441],[146.82606581068865,43.80114325215942],[146.83165496770266,43.805265891907425],[146.83360491643384,43.80447963982357],[146.83859380026377,43.808618640038276],[146.84271758844602,43.80964066738295],[146.85069108922244,43.80736855901182],[146.8616877168148,43.8063734681611],[146.86653966267534,43.810979414368546],[146.8790275622722,43.814626640107406],[146.88246620015502,43.81278046774446],[146.8923936714309,43.81103808074289],[146.8917007779686,43.8091083056039],[146.8982931907782,43.80581817097186],[146.90119306101099,43.81241813538867],[146.90513374812406,43.81295963967568],[146.90561269826753,43.81899477498894],[146.9013849682417,43.82578866741312],[146.90281389114818,43.830147505103355],[146.90544583715575,43.83100325229833],[146.91416591372604,43.830963171313385],[146.91966533099026,43.83608564043999],[146.90920594040188,43.84242280227056],[146.89524461674569,43.84672730562073],[146.88876678296072,43.850344081214416],[146.88630557684098,43.85432630621409],[146.88313833996244,43.85469133293873],[146.88127691329896,43.85861463975385],[146.87450433210927,43.86406166701238],[146.87420075156354,43.86895555905187],[146.8661272236925,43.86962705404534],[146.86370175123488,43.874761252130156],[146.84957844438975,43.876857891978204],[146.84835143996702,43.878666441203336],[146.85201444880784,43.88261180209304],[146.84493299636074,43.88477617078371],[146.8455240856681,43.88766461333131],[146.8401276128991,43.88886927859437],[146.83198749742508,43.886930360048154]]],[[[146.98462080380716,44.443149559404674],[146.98412175111798,44.44359789212905],[146.98336313879793,44.44326877533376],[146.98435953276623,44.44291319778591],[146.98462080380716,44.443149559404674]]],[[[146.98479949370176,44.44389508119309],[146.98492858598547,44.444204973181],[146.98434883263258,44.44470622471255],[146.98393852144568,44.44414974761281],[146.98479949370176,44.44389508119309]]],[[[147.18735496815736,44.56834189176493],[147.1868500258081,44.5686272520461],[147.18644500623213,44.5683999187213],[147.1869799220858,44.56822005431212],[147.18735496815736,44.56834189176493]]],[[[147.18465452708483,44.56797125237148],[147.18478555111233,44.56817261327552],[147.1843729439563,44.56875933277706],[147.18381861173964,44.56892466683996],[147.1837416081887,44.568657972887195],[147.1842169385609,44.56854138657576],[147.18428097298863,44.568157197996356],[147.18465452708483,44.56797125237148]]],[[[147.18317408561563,44.56844361318224],[147.18336344956356,44.568914197832044],[147.183070025961,44.56886925241412],[147.18317408561563,44.56844361318224]]],[[[147.2102445776252,44.569096531779564],[147.20798910491328,44.56896389167031],[147.20877302235715,44.56750019827558],[147.2102445776252,44.569096531779564]]],[[[147.21804844378073,44.57745719789142],[147.21737263294074,44.577047080958096],[147.21811664117013,44.57685936007147],[147.21804844378073,44.57745719789142]]],[[[147.22241379975708,44.57972261260852],[147.22256538318595,44.580885613180556],[147.22179542232095,44.580549252346145],[147.22241379975708,44.57972261260852]]],[[[147.2381876386487,44.593297973322876],[147.23731169897576,44.59289250498517],[147.23814983114983,44.59244638729098],[147.2381876386487,44.593297973322876]]],[[[147.26865204885303,44.60749213505403],[147.26542583713274,44.607891559048255],[147.26581927434006,44.605807278583086],[147.268483165166,44.60586017130993],[147.26865204885303,44.60749213505403]]],[[[146.9855301685825,44.65363372141917],[146.9849344747463,44.65360580196625],[146.98522367063595,44.65329561320203],[146.9855301685825,44.65363372141917]]],[[[146.9784794162921,44.65414677475388],[146.97483658913734,44.65244910833974],[146.97543538293667,44.65001463996373],[146.97946211358578,44.65236010783275],[146.9784794162921,44.65414677475388]]],[[[146.98768477333374,44.654037748143594],[146.9879064463255,44.65416005414323],[146.98827577180953,44.65540886532693],[146.98776878080469,44.65513066724657],[146.98729167337206,44.65428005428112],[146.98768477333374,44.654037748143594]]],[[[147.2938942281362,44.660100468361975],[147.29240066106172,44.66097394569107],[147.2923908557534,44.65975972063467],[147.2938942281362,44.660100468361975]]],[[[147.3026633069661,44.66566091901626],[147.3021081060043,44.66513686517425],[147.3031108042203,44.66467255869168],[147.30321871567128,44.66559425227297],[147.3026633069661,44.66566091901626]]],[[[147.302408806921,44.665804747591096],[147.30245924809594,44.66598405442062],[147.30210652409687,44.66603627895114],[147.30203722413864,44.665833864940964],[147.302408806921,44.665804747591096]]],[[[147.30115214015916,44.667523666783836],[147.30063730167024,44.66730686541956],[147.30103683538175,44.66708533272197],[147.30115214015916,44.667523666783836]]],[[[147.30461968944712,44.666730864937506],[147.30391291764715,44.66802161330685],[147.30207622593718,44.66740105411543],[147.30259386491502,44.666254558800915],[147.30461968944712,44.666730864937506]]],[[[147.30380500619617,44.66917291909499],[147.30378697838637,44.6695238021818],[147.3034007780235,44.669407532431705],[147.30380500619617,44.66917291909499]]],[[[147.3083958365986,44.67837866734169],[147.3078224378553,44.67859272127714],[147.3076270817245,44.67813244105935],[147.30872452711526,44.67795983777637],[147.3083958365986,44.67837866734169]]],[[[147.31996185465596,44.694993919134106],[147.32006019462233,44.69515430602644],[147.31972016905058,44.6952736397667],[147.31960138839338,44.695037531756725],[147.31996185465596,44.694993919134106]]],[[[147.32000674431583,44.695661919362124],[147.32010530461616,44.69587844103728],[147.31970786002978,44.69585038668606],[147.31984399490455,44.69563608094046],[147.32000674431583,44.695661919362124]]],[[[147.32818574557575,44.697563613170246],[147.32763386491104,44.697744054044904],[147.3274438651423,44.6971924683578],[147.3285238906651,44.69730430624878],[147.32818574557575,44.697563613170246]]],[[[147.32642683533027,44.69798133297218],[147.32613866376835,44.69783366699022],[147.32650508444215,44.69766583820791],[147.3267968353058,44.6977840540909],[147.32642683533027,44.69798133297218]]],[[[147.32883533128563,44.697681972944736],[147.32915968886857,44.698317558908286],[147.32815800328933,44.6983705586544],[147.32883533128563,44.697681972944736]]],[[[147.3637403626277,44.717817306123834],[147.36431655016872,44.71809038706175],[147.36290250294826,44.71861802740011],[147.36302658870613,44.71795719836604],[147.3637403626277,44.717817306123834]]],[[[147.3561027235619,44.719658278606744],[147.3552781063995,44.719693053591584],[147.3562532556832,44.71920825155962],[147.3561027235619,44.719658278606744]]],[[[147.35580422778298,44.720095171055334],[147.35614697830044,44.720403224829],[147.35577761324635,44.72068258573279],[147.35527744539786,44.72057233334658],[147.35580422778298,44.720095171055334]]],[[[147.36559944206067,44.72184994621807],[147.3650474966447,44.722001694222854],[147.36494727619595,44.72174255907191],[147.36539924757733,44.72150344103102],[147.36559944206067,44.72184994621807]]],[[[147.37025000003757,44.727527252081074],[147.3701363940794,44.727869386562986],[147.36992389057514,44.72787338674743],[147.36996958512827,44.727532532000794],[147.37025000003757,44.727527252081074]]],[[[147.37605652408934,44.731866441383204],[147.3762119970861,44.73222613512809],[147.37593538271176,44.73246063964683],[147.3755566152456,44.73226955889311],[147.37605652408934,44.731866441383204]]],[[[147.37841099866876,44.732569134757796],[147.3786515304438,44.73297069374257],[147.37812652421974,44.73346408070279],[147.3778260832072,44.7325370541418],[147.37841099866876,44.732569134757796]]],[[[147.39859858605598,44.746019747813136],[147.3982689485532,44.74720283834034],[147.39734094712708,44.74719341434462],[147.39859858605598,44.746019747813136]]],[[[147.39872202340268,44.7478031349068],[147.39856671857922,44.7482678379904],[147.3979937218329,44.74801425165646],[147.39872202340268,44.7478031349068]]],[[[147.39868214026865,44.74873174787194],[147.3992227236498,44.749455053707834],[147.39850817091542,44.749502721373574],[147.39868214026865,44.74873174787194]]],[[[147.40295671867773,44.75062833263149],[147.40237014306774,44.75101561308014],[147.40122678278988,44.75119477511885],[147.40153496786456,44.75067605425653],[147.40240686058826,44.75044417126156],[147.40295671867773,44.75062833263149]]],[[[147.41132922166628,44.75595197290528],[147.41010124507648,44.75590789173589],[147.41069316535732,44.755016305658046],[147.41132922166628,44.75595197290528]]],[[[147.43493788587477,44.76163058638252],[147.43499041527548,44.762330080868594],[147.4342528659771,44.76245905444188],[147.43493788587477,44.76163058638252]]],[[[147.43693788637438,44.763235360023884],[147.43693933877955,44.76362594638039],[147.43649878069425,44.763677946080406],[147.4365173669829,44.76329905360848],[147.43693788637438,44.763235360023884]]],[[[147.41216871631332,44.93378691893122],[147.41212919560598,44.93388827882109],[147.41201155618842,44.93393769386955],[147.4119823354165,44.93378174782947],[147.41216871631332,44.93378691893122]]],[[[147.78468871631128,44.94709474842398],[147.78473450079662,44.94717235991652],[147.7845458113402,44.94729466681548],[147.7844466412995,44.94715841412955],[147.78468871631128,44.94709474842398]]],[[[147.7820934500528,44.94696525234457],[147.78219296992972,44.94724994622811],[147.78180983085906,44.947294225248356],[147.78186968883517,44.94704536035516],[147.7820934500528,44.94696525234457]]],[[[147.78390111524436,44.9471213602626],[147.78400063602055,44.94740608112579],[147.78361752303033,44.947450360146036],[147.7836773666172,44.947201505145415],[147.78390111524436,44.9471213602626]]],[[[147.7929215815658,44.947416423329344],[147.7928899218325,44.94758158562172],[147.79263038918123,44.947541640434395],[147.7927963419777,44.947411783726864],[147.7929215815658,44.947416423329344]]],[[[147.7958479116519,44.9473529725617],[147.79607002621083,44.94779669356262],[147.79559644591927,44.94776891890052],[147.7958479116519,44.9473529725617]]],[[[147.7964083655537,44.947943801964925],[147.79656316495812,44.94823208144544],[147.7962946948444,44.94828177528376],[147.79624077778976,44.948049892288736],[147.7964083655537,44.947943801964925]]],[[[147.7975196632019,44.948183586403445],[147.79757661456915,44.94829025229336],[147.79741858569923,44.94842291938227],[147.79729744522103,44.948314278581165],[147.79734160822875,44.94813125215563],[147.7975196632019,44.948183586403445]]],[[[147.80683294428502,44.950525440796525],[147.8069389491733,44.950814386674665],[147.8066384946709,44.950839504739406],[147.80683294428502,44.950525440796525]]],[[[147.81174306099354,44.95125997286948],[147.81161192005413,44.95125899980303],[147.8116160830159,44.951041972708936],[147.8118518034181,44.95109597340053],[147.81174306099354,44.95125997286948]]],[[[147.82666427963284,44.954960441171465],[147.8270744748072,44.95516819805397],[147.8268821143182,44.95528405411585],[147.82656447467082,44.955156639967015],[147.82666427963284,44.954960441171465]]],[[[147.8256550316545,44.955037225287754],[147.8256329703853,44.95524744091671],[147.8250863552512,44.95540938723349],[147.82495978016982,44.955199864981864],[147.8256550316545,44.955037225287754]]],[[[147.9000000003998,44.95775513479168],[147.9000239952113,44.95787874840556],[147.89952442271397,44.95803589234259],[147.8995468607991,44.95780066656755],[147.9000000003998,44.95775513479168]]],[[[147.9051445011179,44.95950122520145],[147.90514172491078,44.95962833268146],[147.90498031099264,44.95967335993765],[147.90492036308433,44.95950674793812],[147.9051445011179,44.95950122520145]]],[[[147.90457596590818,44.96037477537561],[147.90468591432352,44.96050991919748],[147.90445452685503,44.960619134665365],[147.90432783396238,44.960381054442166],[147.90457596590818,44.96037477537561]]],[[[147.90509880656475,44.96047269356001],[147.9053787547258,44.96057758598687],[147.90523863765304,44.96093508088933],[147.904856913216,44.96077341426172],[147.90509880656475,44.96047269356001]]],[[[147.87885063574834,44.96111380226023],[147.8787370558705,44.961261532094056],[147.8785913621017,44.961107972854734],[147.87885063574834,44.96111380226023]]],[[[147.90610464341466,44.961181333252],[147.90614666693523,44.961235054254416],[147.9059768353627,44.96131958603013],[147.90593216603668,44.9611758383943],[147.90610464341466,44.961181333252]]],[[[147.8799878338715,44.96128938679584],[147.8799877556305,44.9613780536543],[147.87979736735474,44.9614181076596],[147.87975447508904,44.961337999649004],[147.8799878338715,44.96128938679584]]],[[[147.90566555122427,44.96147686486546],[147.905805006396,44.961510135284584],[147.9058137478063,44.961632441284166],[147.9055879766039,44.961571532000676],[147.90566555122427,44.96147686486546]]],[[[147.8790328923542,44.96174580172743],[147.87907413706182,44.961925333387455],[147.8788121402681,44.96190958625846],[147.87869438393875,44.96176536018328],[147.8790328923542,44.96174580172743]]],[[[147.62049608282803,44.96199394626365],[147.6202667440151,44.96162986472655],[147.62088219235932,44.96152033269726],[147.62102936371423,44.96183600013137],[147.62049608282803,44.96199394626365]]],[[[147.91067486405382,44.96193283822993],[147.91075411231247,44.96210830585369],[147.91038299627837,44.96211550492666],[147.91040527878067,44.96197017088673],[147.91067486405382,44.96193283822993]]],[[[147.88078508376464,44.961907197659116],[147.88107469514114,44.96212080193351],[147.88092771714048,44.962236441258824],[147.8806517250971,44.96198658621205],[147.88078508376464,44.961907197659116]]],[[[147.44459464322824,44.96207819835024],[147.44433619965594,44.961884225376764],[147.44467160810825,44.96150594624248],[147.4447964717798,44.96166569371684],[147.44459464322824,44.96207819835024]]],[[[147.9095882752788,44.96279541397723],[147.90966557740455,44.96289219811649],[147.90949302178558,44.96294994628306],[147.90942380006834,44.96285602738379],[147.9095882752788,44.96279541397723]]],[[[147.9104396625604,44.96283772078425],[147.9103263938481,44.963040972962574],[147.91019111512787,44.96300425184478],[147.9102326719003,44.962884838064895],[147.9104396625604,44.96283772078425]]],[[[147.91054605685508,44.96358430557132],[147.91087350181067,44.96410786478617],[147.91150255509888,44.96454330572902],[147.91099917037548,44.96454358631752],[147.91028693879127,44.96375474778341],[147.91054605685508,44.96358430557132]]],[[[147.86877741944238,44.964593585925286],[147.86886619961547,44.964696387428376],[147.86869791217896,44.9649488379186],[147.86851316535035,44.964843558783286],[147.86853321663466,44.96462083808126],[147.86877741944238,44.964593585925286]]],[[[147.86756968928978,44.964998386966045],[147.86768944211417,44.965155081242074],[147.867497782197,44.96529513536228],[147.86731691324496,44.965117225179824],[147.86756968928978,44.964998386966045]]],[[[147.87023727632925,44.965110838194676],[147.8702805058407,44.96523819838421],[147.8699246432078,44.965299774964706],[147.86991961060164,44.965035027144836],[147.87023727632925,44.965110838194676]]],[[[147.8686835536032,44.9653349186716],[147.86819997374982,44.965313531894026],[147.86820871605948,44.96513510819875],[147.8686835536032,44.9653349186716]]],[[[147.88711316514048,44.96523777480354],[147.8874779508468,44.96550974777671],[147.8869801167391,44.965567279206596],[147.88711316514048,44.96523777480354]]],[[[147.91135250321554,44.97010089204258],[147.91153243777183,44.97043133263992],[147.91096686133164,44.97050405361921],[147.91101664060557,44.970102505426325],[147.91135250321554,44.97010089204258]]],[[[147.91289572006144,44.971005504800246],[147.91310360644638,44.97129686535811],[147.91264627780356,44.97145227899955],[147.91244189427812,44.971171468388604],[147.91289572006144,44.971005504800246]]],[[[147.50580202324488,44.995796026565415],[147.5057953053091,44.996274721301404],[147.5046401171478,44.996787171191045],[147.50396527937426,44.996572973364096],[147.50484561583255,44.99590819810493],[147.50580202324488,44.995796026565415]]],[[[147.52786172483877,45.07076833269247],[147.52781630367951,45.07114886462847],[147.5274683011213,45.071612305963185],[147.52724605705998,45.071563441299816],[147.52762092056912,45.0708880810202],[147.52786172483877,45.07076833269247]]],[[[147.53102622597964,45.07816886460148],[147.53098369614077,45.077925305708334],[147.53143518818342,45.07785150464326],[147.5311786376841,45.07818419804238],[147.53102622597964,45.07816886460148]]],[[[147.66042130969572,45.08304527921632],[147.66039474731974,45.08343830633282],[147.65994605666526,45.08385810806527],[147.6601446170805,45.08323197307715],[147.66042130969572,45.08304527921632]]],[[[147.5751196891224,45.092396892102954],[147.57545011712932,45.0926066400844],[147.57500197056459,45.09297102739106],[147.57477752316424,45.0925997746599],[147.5751196891224,45.092396892102954]]],[[[147.4943593391123,45.10988144117562],[147.4933940338077,45.109675640318585],[147.4947390787455,45.10948069427866],[147.4943593391123,45.10988144117562]]],[[[147.52049914432007,45.11271841372388],[147.5198217767537,45.1131277752267],[147.51974483795402,45.11237774783484],[147.52049914432007,45.11271841372388]]],[[[145.22299583688846,44.03711889182347],[145.2230611150785,44.037208892376555],[145.2228552791479,44.03729222535594],[145.22280333340723,44.03719722457231],[145.22299583688846,44.03711889182347]]],[[[145.24404444869242,44.07486333287659],[145.24404055822527,44.075145837810226],[145.2437544488089,44.07503389200059],[145.24404444869242,44.07486333287659]]],[[[145.24366027180417,44.07528917085858],[145.2436666668832,44.075470279030185],[145.24339999991014,44.07553389167583],[145.24328416273397,44.07538277499515],[145.24366027180417,44.07528917085858]]],[[[145.24304805382474,44.07589444067594],[145.2429674970524,44.07602472096414],[145.24286583678895,44.075949170717706],[145.24304805382474,44.07589444067594]]],[[[145.24330250260846,44.08420610812544],[145.24332082989247,44.084315559215725],[145.24316693880326,44.08431805393508],[145.24315138772647,44.08420610812544],[145.24330250260846,44.08420610812544]]],[[[145.24637949431826,44.099591585583255],[145.24570070042705,44.09945697326077],[145.24572688688636,44.09939327877686],[145.24637949431826,44.099591585583255]]],[[[145.3072705575902,44.16927444096274],[145.30735639428224,44.169500838093256],[145.307191115078,44.1695880543453],[145.30714944229294,44.169346107936576],[145.3072705575902,44.16927444096274]]],[[[145.34845639384753,44.222050558986155],[145.34842389144944,44.22229666655795],[145.34820111498948,44.22216250479579],[145.34845639384753,44.222050558986155]]],[[[145.34879722431253,44.22334361321725],[145.34843583714428,44.22332138737221],[145.3484266667573,44.2230936133796],[145.34869888524543,44.22311166726968],[145.34879722431253,44.22334361321725]]],[[[145.35152221777616,44.245533053707504],[145.35162666683732,44.245645279206315],[145.35153944159197,44.24571333270421],[145.35140500643593,44.245651387401665],[145.35152221777616,44.245533053707504]]],[[[145.35404472078733,44.2468352792248],[145.35422833986604,44.246921107822914],[145.3541800004068,44.24698722508043],[145.35398472071836,44.24695083761111],[145.35404472078733,44.2468352792248]]],[[[145.36161167314026,44.25049610810896],[145.36139027174374,44.25061861285877],[145.36134610873603,44.25047277519849],[145.36161167314026,44.25049610810896]]],[[[145.36209861196141,44.25078805412545],[145.36185888507953,44.25094805430933],[145.36172360635942,44.25081389164785],[145.36209861196141,44.25078805412545]]],[[[145.36282416340453,44.25310027855505],[145.36285027162285,44.25323694582846],[145.36269250265696,44.25324861273333],[145.36266277556672,44.253157505114814],[145.36282416340453,44.25310027855505]]],[[[145.36386834015184,44.255169170720706],[145.36387610939505,44.25529944111639],[145.36369500572005,44.25533194621238],[145.36367167280957,44.255201666823496],[145.36386834015184,44.255169170720706]]],[[[145.36477167317423,44.25528138722632],[145.36458944174944,44.25546361325519],[145.3644930614057,44.25530722474866],[145.36477167317423,44.25528138722632]]],[[[145.3658963941034,44.25611722522979],[145.36595500561907,44.25622138740715],[145.36575472120353,44.25632305396584],[145.36577277599292,44.25613417115511],[145.3658963941034,44.25611722522979]]],[[[145.36807749737864,44.257421666676635],[145.36809416271547,44.257716945580626],[145.36769194632632,44.257614171057185],[145.36807749737864,44.257421666676635]]],[[[145.36849277642057,44.25811027936595],[145.36840805398856,44.2579594405758],[145.36866055843814,44.25798527899747],[145.36849277642057,44.25811027936595]]],[[[145.36798610917162,44.25813110766455],[145.36758111477673,44.258114170732426],[145.3673025030082,44.25782250530443],[145.3679144493924,44.25787333318783],[145.36798610917162,44.25813110766455]]],[[[145.36729082980798,44.25800750484251],[145.36706666659347,44.25830027913463],[145.36672610862308,44.258069999630834],[145.36729082980798,44.25800750484251]]],[[[145.36755666670683,44.25845555877709],[145.36720749682854,44.258409721231715],[145.36740916979738,44.25831472134735],[145.36755666670683,44.25845555877709]]],[[[145.36714888531287,44.258994440641004],[145.36687666682474,44.259110278716435],[145.36693527923978,44.258933332607285],[145.36714888531287,44.258994440641004]]],[[[145.36816972825045,44.258935838118475],[145.36809416271547,44.25910110832956],[145.36791861235417,44.25905944094052],[145.3680044490461,44.258935838118475],[145.36816972825045,44.258935838118475]]],[[[145.36742472087428,44.26114777465011],[145.36729472117452,44.26070917079164],[145.36784944189833,44.26053583815843],[145.36792888530988,44.26104222481888],[145.36742472087428,44.26114777465011]]],[[[145.36786083001334,44.2618769458644],[145.3678933333108,44.26202417117861],[145.36772027227278,44.26201499989236],[145.36768138828552,44.26191083771505],[145.36786083001334,44.2618769458644]]],[[[145.36625972830393,44.26300972112176],[145.36622472129386,44.26318138731125],[145.366075005757,44.26310722471868],[145.36625972830393,44.26300972112176]]],[[[145.36696722405816,44.267276107606335],[145.36708111510143,44.26734166728414],[145.36693000021944,44.267420559411335],[145.36684972763294,44.267302224817854],[145.36696722405816,44.267276107606335]]],[[[145.36746639365924,44.2673450001717],[145.36751834029928,44.2675208383161],[145.36734027183616,44.26749610785913],[145.3672674968975,44.267346666615424],[145.36746639365924,44.2673450001717]]],[[[145.36813416276152,44.267688891928856],[145.36765221787562,44.26737389179175],[145.36821749664023,44.26720583817894],[145.36813416276152,44.267688891928856]]],[[[145.36720055765966,44.27175333295003],[145.3669830611194,44.27230944132771],[145.36651027223138,44.27209194568678],[145.36720055765966,44.27175333295003]]],[[[145.36429306117589,44.27248389181818],[145.3642541627994,44.27266889225564],[145.36412916962558,44.27263999973627],[145.36411861158467,44.272520279287505],[145.36429306117589,44.27248389181818]]],[[[145.3632097279467,44.272878332668995],[145.3629741631272,44.27270250531643],[145.36311749707488,44.27252694596183],[145.36339360603017,44.27270527882558],[145.3632097279467,44.272878332668995]]],[[[145.36628666659647,44.272925279078436],[145.36642194621595,44.27311277513451],[145.36621083036562,44.27317277520348],[145.36614583726066,44.27302166661667],[145.36628666659647,44.272925279078436]]],[[[145.36271389123317,44.27303055911307],[145.36277639411537,44.273104999596114],[145.36266333314643,44.27318944143963],[145.36257194583868,44.27308277465039],[145.36271389123317,44.27303055911307]]],[[[145.36717693876483,44.27313250536088],[145.36712888528984,44.273278333128644],[145.3669880541554,44.27315333276016],[145.36717693876483,44.27313250536088]]],[[[145.3661666673579,44.273227505245245],[145.36628778175577,44.273316108251834],[145.3661758368455,44.273435837693796],[145.36602749727126,44.27333027886931],[145.3661666673579,44.273227505245245]]],[[[145.36614583726066,44.27355944141516],[145.36611333306394,44.27364138674068],[145.36596472099518,44.27366083817719],[145.36598055805632,44.273545000101706],[145.36614583726066,44.27355944141516]]],[[[145.35737277623275,44.283051666900974],[145.357617223656,44.28330917068172],[145.35731666663094,44.28328972104384],[145.35737277623275,44.283051666900974]]],[[[145.35771888481872,44.283023054070725],[145.35792583680802,44.28327944089352],[145.35774610909573,44.28330027908464],[145.35758888511907,44.28308166738509],[145.35771888481872,44.283023054070725]]],[[[145.3561344493454,44.28468444093426],[145.35624250288924,44.284776946099214],[145.3560325030976,44.284874440702936],[145.35602639400292,44.284723612704624],[145.3561344493454,44.28468444093426]]],[[[145.35602888512506,44.28528194600506],[145.35565527886808,44.285483332989486],[145.35568888473426,44.28522861261041],[145.35602888512506,44.28528194600506]]],[[[145.3558869388312,44.28565417090334],[145.35586722389337,44.285944440583535],[145.3554883404147,44.28572972114978],[145.3558869388312,44.28565417090334]]],[[[145.35028500604824,44.29695889183944],[145.350209442312,44.29671805429484],[145.35045027176272,44.296746667125035],[145.35028500604824,44.29695889183944]]],[[[145.3507461091457,44.298381945770245],[145.3508008301942,44.2985302790492],[145.35063555098998,44.29854472126192],[145.35060555140512,44.29844055908461],[145.3507461091457,44.298381945770245]]],[[[145.3513227760253,44.29839889169557],[145.35149833987657,44.298548332939276],[145.35127861211834,44.29860694625364],[145.3513227760253,44.29839889169557]]],[[[145.35256749709242,44.29859166677204],[145.35259472136931,44.298872775058555],[145.3523252790884,44.29878833321504],[145.35256749709242,44.29859166677204]]],[[[145.34886972765582,44.30230610784065],[145.3488930605664,44.302484440704404],[145.34879138771248,44.30248166719525],[145.3487850061232,44.30232277497612],[145.34886972765582,44.30230610784065]]],[[[145.34963749687302,44.30227610825585],[145.34973138789326,44.3025197211083],[145.34960111479973,44.30253666703362],[145.3494944489098,44.302325559277165],[145.34963749687302,44.30227610825585]]],[[[145.35032111472776,44.30424583757542],[145.35038639381708,44.30441277512955],[145.35022111461285,44.30436305431158],[145.35032111472776,44.30424583757542]]],[[[145.35078055767667,44.30438666691123],[145.3507025028183,44.30450389174126],[145.3505227760054,44.304519441019465],[145.35053194639227,44.30436833333198],[145.35078055767667,44.30438666691123]]],[[[145.34857250261894,44.30612722469169],[145.34821583689143,44.30577944066869],[145.34870277571258,44.30566222483185],[145.34857250261894,44.30612722469169]]],[[[145.35283444915058,44.316490838381526],[145.35233444857602,44.316273332848084],[145.35286834010185,44.316029999684815],[145.3531313882031,44.31627472140133],[145.35283444915058,44.316490838381526]]],[[[145.35307666715448,44.31658333275465],[145.35315861158074,44.316696667117526],[145.35296610899877,44.31672277533585],[145.3529244488043,44.31666666663341],[145.35307666715448,44.31658333275465]]],[[[145.35049722356803,44.321188332875295],[145.3505841628289,44.32138610818242],[145.35039306139072,44.321377224679225],[145.35028360580384,44.32127944139313],[145.35049722356803,44.321188332875295]]],[[[145.34919527863929,44.32130110785988],[145.34929027222836,44.32138833310512],[145.3491744494413,44.32146389234481],[145.349037782168,44.32141833268997],[145.34919527863929,44.32130110785988]]],[[[145.34823416327606,44.32204222476889],[145.34835277576008,44.3221841710627],[145.34817833965872,44.322246666750345],[145.34808444863847,44.322030558763345],[145.34823416327606,44.32204222476889]]],[[[145.34710778219846,44.32238722539017],[145.3472016732187,44.322470559268936],[145.3471363941294,44.322542225343454],[145.34696194633682,44.322474440742894],[145.34710778219846,44.32238722539017]]],[[[145.34790999994664,44.322142224883805],[145.348066108764,44.322521387152335],[145.34788000036178,44.32267750496294],[145.3477094421371,44.32235972142405],[145.34790999994664,44.322142224883805]]],[[[145.3444427762132,44.32310555887449],[145.34451167327518,44.3232125053529],[145.344368611822,44.32334250505261],[145.34422778158694,44.32328417142742],[145.34428389118864,44.32312638717309],[145.3444427762132,44.32310555887449]]],[[[145.34413027169478,44.3238558380765],[145.3441888850091,44.32403138663926],[145.3440013880537,44.3240575047501],[145.34398722373146,44.3238555592867],[145.34413027169478,44.3238558380765]]],[[[145.34407834034323,44.32413166734261],[145.3440744489767,44.3242788917575],[145.34394693860042,44.32426333258678],[145.34392444925402,44.32414472100214],[145.34407834034323,44.32413166734261]]],[[[145.34317444884175,44.33048361312831],[145.34329000003356,44.33060083795834],[145.34316360571586,44.33065944138019],[145.34305972772427,44.330513612713105],[145.34317444884175,44.33048361312831]]],[[[145.34302944215506,44.332353613028886],[145.34307250259394,44.33253805408799],[145.34283167314322,44.332480838320066],[145.34302944215506,44.332353613028886]]],[[[145.34368055761172,44.33330638718007],[145.34374416306275,44.33346000037875],[145.34349194639628,44.33341833298971],[145.34368055761172,44.33330638718007]]],[[[145.343545006397,44.333531667352645],[145.34367389093734,44.33360833275839],[145.3436350060507,44.33376472126491],[145.3434538906846,44.33369444104568],[145.343545006397,44.333531667352645]]],[[[145.34600138765393,44.338286386607535],[145.34612111529725,44.33841917060829],[145.34589722367798,44.338507775413575],[145.3458633327267,44.33835138690705],[145.34600138765393,44.338286386607535]]],[[[145.34636722376842,44.338236666688886],[145.3466616725982,44.33857277481377],[145.3462358373141,44.33862500024361],[145.34636722376842,44.338236666688886]]],[[[145.3434547207588,44.33976027921358],[145.34336082973857,44.33978361302337],[145.34321778177525,44.33969777543206],[145.34335055768213,44.339629999824695],[145.34349639444315,44.33966638729402],[145.3434547207588,44.33976027921358]]],[[[145.34464861214383,44.33948694556614],[145.34480500604627,44.339562504805826],[145.34488306090464,44.33982555920227],[145.34471389123314,44.33981000003155],[145.34457834001842,44.33964583778521],[145.34464861214383,44.33948694556614]]],[[[145.34463167341312,44.33991250475833],[145.3443866666114,44.34004277515402],[145.34442583658313,44.33989444097574],[145.34463167341312,44.33991250475833]]],[[[145.34198861178504,44.34002055920149],[145.34211861238407,44.34012972071008],[145.34191555086204,44.34017417060153],[145.34198861178504,44.34002055920149]]],[[[145.34556250320702,44.340055837806744],[145.34574333258877,44.34024722522929],[145.34549861177163,44.34046583782822],[145.34541778160542,44.3401977751073],[145.34556250320702,44.340055837806744]]],[[[145.34362888526493,44.34031722486009],[145.3436630613013,44.34052305359609],[145.34347277644758,44.34070555931419],[145.34330360587683,44.34061417110718],[145.34362888526493,44.34031722486009]]],[[[145.34552833976113,44.34058166691045],[145.34571083019068,44.340649440719176],[145.34552055792744,44.34079000025838],[145.34544778208954,44.34063638705965],[145.34552833976113,44.34058166691045]]],[[[145.34683167324317,44.340551946115454],[145.34677333332274,44.34085889192437],[145.3465558367825,44.34064527865672],[145.34683167324317,44.340551946115454]]],[[[145.34430055832422,44.34140083777851],[145.34411834038917,44.3414086133169],[145.34409749680208,44.34124444117805],[145.34428749657081,44.34120805370878],[145.34430055832422,44.34140083777851]]],[[[145.34032583726764,44.34154638675642],[145.34033333311686,44.34181833274994],[145.3401591704095,44.341706386940245],[145.34032583726764,44.34154638675642]]],[[[145.2915999869499,43.38794695468829],[145.2914141366532,43.387980404971756],[145.29122033724877,43.38691370290513],[145.29140931268967,43.38677464883102],[145.2915999869499,43.38794695468829]]],[[[145.29810680858236,43.55499253177999],[145.29819369568258,43.5550917746657],[145.29807966344583,43.5551433597783],[145.2979873669235,43.55500046829701],[145.29810680858236,43.55499253177999]]],[[[145.27387916978796,43.56047319817958],[145.274050946594,43.559910108364875],[145.27569749734164,43.56013055917799],[145.27387916978796,43.56047319817958]]],[[[145.27789664101726,43.563094134686594],[145.27728155599902,43.563013135447875],[145.27731481202898,43.56287133304562],[145.27789664101726,43.563094134686594]]],[[[145.33059355394937,43.56783350521215],[145.32905355397838,43.568193332956014],[145.3263810251642,43.56720286462058],[145.32986328106563,43.56646000032879],[145.33059355394937,43.56783350521215]]],[[[145.33085500575396,43.57036222523658],[145.32984308678908,43.57078797328637],[145.3280954216665,43.57000055927847],[145.32985661529062,43.56939638663397],[145.33085500575396,43.57036222523658]]],[[[145.28932347639739,43.5718369730979],[145.28880111507942,43.57223438710736],[145.287467587759,43.572749802061765],[145.28730277620218,43.572671107785425],[145.28818834041965,43.57241055890023],[145.28898639430668,43.57196055883276],[145.28932347639739,43.5718369730979]]],[[[145.28402055830225,43.57338999974877],[145.28393138782337,43.57368027932148],[145.28350916961256,43.573525532077724],[145.28402055830225,43.57338999974877]]],[[[145.24956610888887,43.57358530641682],[145.2486092742986,43.573752198105524],[145.24640386504643,43.573295053823756],[145.24603802893193,43.57257591904346],[145.24956610888887,43.57358530641682]]],[[[145.32500000015,43.57940653168612],[145.32219725040284,43.57799738667012],[145.32115208799848,43.57672874813329],[145.3202719457937,43.576966386789366],[145.31998191982984,43.57806683771446],[145.31924683467378,43.57809600003043],[145.31930666656945,43.57711333331372],[145.31982693876228,43.57658969405918],[145.3213271734104,43.576161945917136],[145.3220472758611,43.577339171065944],[145.32309739263064,43.578213080968965],[145.32500000015,43.57940653168612]]],[[[145.31988413744307,43.584114801856686],[145.32034730178657,43.58374872112665],[145.32056958541807,43.58402672135617],[145.31988413744307,43.584114801856686]]],[[[145.3212930612259,43.58548972137362],[145.3184732810172,43.58541433300513],[145.31706822341982,43.58459725216153],[145.31626194613193,43.58463810836207],[145.31613425409262,43.58268291928135],[145.31527208843625,43.58141644091609],[145.316841802907,43.581315973153664],[145.31652924802643,43.582193667403885],[145.31669474666523,43.583720891605935],[145.3179682226554,43.584750865360206],[145.31932944190032,43.58506000011897],[145.3210561087525,43.58468389194809],[145.3212930612259,43.58548972137362]]],[[[145.32698389109373,43.58516555894346],[145.32591466912675,43.585105837664344],[145.32385383938322,43.58424074831191],[145.32494097314748,43.58400894625589],[145.32698389109373,43.58516555894346]]],[[[145.309483890769,43.58869610843868],[145.30908666741584,43.58907361325669],[145.30860111534923,43.58982638717811],[145.30850221780315,43.58976250473586],[145.3089033334221,43.58909055918201],[145.309483890769,43.58869610843868]]],[[[145.30787211410689,43.595456359923105],[145.30863639395443,43.595835360313686],[145.30928044073983,43.59649022504391],[145.30936678285082,43.596924054401654],[145.3079345270569,43.59583880201916],[145.30787211410689,43.595456359923105]]],[[[145.31179099895553,43.59767691915454],[145.31208910532803,43.59720525172105],[145.31265422761055,43.597592360399176],[145.31179099895553,43.59767691915454]]],[[[148.37691805372526,45.226253613213714],[148.37694647230194,45.22652274792654],[148.37665124465923,45.22637346766146],[148.37691805372526,45.226253613213714]]],[[[148.3764315555719,45.226600640007575],[148.37624299561787,45.22674658558651],[148.3760975617531,45.22659999969028],[148.3764315555719,45.226600640007575]]],[[[148.38691741860407,45.229965278974475],[148.38771588797795,45.23028063973976],[148.38776557731956,45.23108277475029],[148.3866873018776,45.23034389175723],[148.38691741860407,45.229965278974475]]],[[[148.39415555093797,45.2320543870004],[148.39429620040937,45.232205775276384],[148.3941147208178,45.232302440705155],[148.39403024569935,45.23219527928876],[148.39415555093797,45.2320543870004]]],[[[148.40037544656968,45.23239310765587],[148.40046083000334,45.23248194628485],[148.40030433177958,45.23254722537422],[148.40022641991345,45.23242117100028],[148.40037544656968,45.23239310765587]]],[[[148.39590661459863,45.23286302680731],[148.39591335861462,45.23306372131373],[148.39572050619643,45.23304135967106],[148.3957246691582,45.23290853160353],[148.39590661459863,45.23286302680731]]],[[[148.40766002618932,45.235164667115725],[148.40758092092278,45.2353732522738],[148.40733914358668,45.23546672061269],[148.40719418906065,45.23535825158211],[148.40750333281267,45.23516113457873],[148.40766002618932,45.235164667115725]]],[[[148.4135142277994,45.23675377456709],[148.413717173309,45.23711933279105],[148.41326958522325,45.23713530564987],[148.4135142277994,45.23675377456709]]],[[[148.41417866401423,45.237666305855385],[148.4143642544069,45.237785973244115],[148.41410705639555,45.23800741421087],[148.41381788568697,45.237846946379534],[148.41417866401423,45.237666305855385]]],[[[148.41267250283386,45.23824569408356],[148.4129913098012,45.238515414255005],[148.41277849513153,45.23859999999007],[148.41252710764002,45.238403413586695],[148.41267250283386,45.23824569408356]]],[[[148.41339119334896,45.23933736043091],[148.41343875489474,45.239439224840396],[148.41325727620244,45.239501531670385],[148.41308544723563,45.23947558622939],[148.41328627843905,45.23932774757753],[148.41339119334896,45.23933736043091]]],[[[148.4180706357513,45.24094472142178],[148.41790552472025,45.241103774619546],[148.41778138770098,45.24101280189933],[148.4180706357513,45.24094472142178]]],[[[148.41525649788912,45.241113026844744],[148.4151993001077,45.24138069386396],[148.4148678342832,45.241186080573186],[148.41525649788912,45.241113026844744]]],[[[148.42913834036221,45.24745033256687],[148.4292237741579,45.24756277480225],[148.42891975384362,45.247583387263546],[148.42892155608502,45.24745044138484],[148.42913834036221,45.24745033256687]]],[[[148.43014243792322,45.247826919177044],[148.42992374798268,45.24805022533769],[148.42971413669807,45.248153224691634],[148.42962488977696,45.24805641357267],[148.43002566815017,45.24783413533714],[148.43014243792322,45.247826919177044]]],[[[148.49628907897784,45.24849958598713],[148.4963749156699,45.24880783761165],[148.49587457784958,45.248892360394166],[148.49598778181075,45.24852464020006],[148.49628907897784,45.24849958598713]]],[[[148.45718630370504,45.24892600043461],[148.45701131002397,45.24915635997809],[148.4567023866059,45.24919250463046],[148.4567180033332,45.24890799960457],[148.45718630370504,45.24892600043461]]],[[[148.4599498313197,45.24919446785049],[148.45985936401848,45.24933510832864],[148.45960894869404,45.24922877518787],[148.45976150518936,45.24912236020879],[148.4599498313197,45.24919446785049]]],[[[148.45867834013336,45.24909441377622],[148.4588023611401,45.24923827922328],[148.45869389121015,45.24934172104366],[148.45854438431593,45.2492223603237],[148.45867834013336,45.24909441377622]]],[[[148.4953249418926,45.24980383767701],[148.4951683663271,45.249853134914304],[148.49511313896028,45.24975610795809],[148.49523416342595,45.249711837931045],[148.4953249418926,45.24980383767701]]],[[[148.46210671855033,45.250371108439936],[148.46210274984207,45.250534973010645],[148.46192538285015,45.250535919097445],[148.4619896627928,45.25040730615228],[148.46210671855033,45.250371108439936]]],[[[148.49593425416253,45.250327360019696],[148.4958631132921,45.25084719783996],[148.49529936427427,45.25064153188123],[148.49593425416253,45.250327360019696]]],[[[148.46242405962266,45.250757279125196],[148.46252133569112,45.25091336006358],[148.46222800292003,45.25105191861121],[148.46213513622763,45.2509652248653],[148.46242405962266,45.250757279125196]]],[[[148.44533927358862,45.25090264014477],[148.4452281974235,45.25111577497307],[148.44474875535082,45.251131279285175],[148.44475616126795,45.25093758600087],[148.44533927358862,45.25090264014477]]],[[[148.44740189388233,45.25125369410273],[148.44736836625714,45.25142680190544],[148.4471887545575,45.25132517131965],[148.44740189388233,45.25125369410273]]],[[[148.4620734499298,45.25148708076421],[148.46208955858629,45.25163669377844],[148.4619050842523,45.25161999966332],[148.4620734499298,45.25148708076421]]],[[[148.438948391655,45.251803197859374],[148.43836603116745,45.25229638696874],[148.43799147882373,45.25211677526903],[148.4383685213902,45.25173555894895],[148.438948391655,45.251803197859374]]],[[[148.43945358041844,45.25212105424333],[148.43944752258517,45.25248480213196],[148.43907805410902,45.25237463967795],[148.4390234113015,45.25207886524748],[148.43945358041844,45.25212105424333]]],[[[148.4950619459521,45.252652918697265],[148.49476581089357,45.25263546825232],[148.49492031082377,45.25248258620246],[148.4950619459521,45.252652918697265]]],[[[148.49309839227703,45.252433306052296],[148.49352572043574,45.252847558967744],[148.49272795073443,45.25313333293701],[148.49309839227703,45.252433306052296]]],[[[148.4659997281051,45.25421986505478],[148.46609461737273,45.25436889171101],[148.46588097262884,45.25452102732362],[148.46570966257093,45.25427450516435],[148.4659997281051,45.25421986505478]]],[[[148.49433425412258,45.25414466734259],[148.49353405984903,45.25460486482268],[148.4932072758951,45.254090171124574],[148.49380119267096,45.25369850468229],[148.49433425412258,45.25414466734259]]],[[[148.46971603077031,45.25438758591844],[148.46938102521426,45.254655612666454],[148.4684631654428,45.254253134574526],[148.46933583697933,45.2538408017117],[148.46971603077031,45.25438758591844]]],[[[148.49271474688817,45.2548780266996],[148.49147050605904,45.254812531772984],[148.49175749681115,45.25332546769624],[148.49280027241468,45.2536340268889],[148.49271474688817,45.2548780266996]]],[[[148.49344834006888,45.25492327878635],[148.4932942799071,45.255054080681305],[148.4930264716944,45.25484617091411],[148.49333910481585,45.25478038730506],[148.49344834006888,45.25492327878635]]],[[[148.4691353574109,45.25488819803195],[148.46960652392204,45.25562864044946],[148.46923355438514,45.25589197273638],[148.4690329695959,45.25521691912559],[148.4691353574109,45.25488819803195]]],[[[148.50169938961517,45.255595279198815],[148.50143005165557,45.255965891612675],[148.50106124508045,45.25585599985459],[148.50169938961517,45.255595279198815]]],[[[148.4916666670831,45.25580238677077],[148.49172572016596,45.256132532390495],[148.49144807966525,45.25613641386445],[148.49130228337378,45.25594313516763],[148.4916666670831,45.25580238677077]]],[[[148.4700892224397,45.25646817106929],[148.47021272363838,45.256704108208055],[148.46990243774735,45.256651612981614],[148.4700892224397,45.25646817106929]]],[[[148.50229435769847,45.25666686458419],[148.5021009468013,45.25695522500371],[148.50157705573656,45.25675710795423],[148.50229435769847,45.25666686458419]]],[[[148.49499978031565,45.256783612773575],[148.49486649809046,45.257198505107],[148.49453080365367,45.2569557753888],[148.49499978031565,45.256783612773575]]],[[[148.49657155603256,45.25674702655408],[148.49662841836687,45.256936225026834],[148.4956742277834,45.257309774626435],[148.4959765240974,45.256773532272746],[148.49657155603256,45.25674702655408]]],[[[148.47270600497825,45.25870344141077],[148.47297834037818,45.25878472123793],[148.47267153036694,45.25907944076363],[148.472446860834,45.2588357478715],[148.47270600497825,45.25870344141077]]],[[[148.5066889749163,45.258844467698054],[148.50657105131302,45.25918686478201],[148.50600561606643,45.25929674844622],[148.5058792739094,45.25891802684549],[148.5066889749163,45.258844467698054]]],[[[148.50243233528408,45.260103918760876],[148.50237513570403,45.26029753200555],[148.50216442274996,45.26024853244388],[148.50243233528408,45.260103918760876]]],[[[148.50339208817445,45.260795613426865],[148.50333756227872,45.261044865028566],[148.50257966312097,45.261134387142306],[148.5024779767773,45.26089855882151],[148.50339208817445,45.260795613426865]]],[[[148.5037690533992,45.26150186541878],[148.50383328118107,45.26162738739407],[148.50349581058322,45.26168025224189],[148.503531920162,45.261559306017205],[148.5037690533992,45.26150186541878]]],[[[148.51370761331577,45.277160919340986],[148.51389080431727,45.27724197343838],[148.5134714396553,45.27745244087748],[148.51339635525767,45.27719777535708],[148.51370761331577,45.277160919340986]]],[[[148.51551085564154,45.27804944142861],[148.51541577212026,45.27819850495712],[148.51529194626642,45.2781223332791],[148.51551085564154,45.27804944142861]]],[[[148.51481435769654,45.277752720911394],[148.51506953313253,45.27802141405709],[148.51469105075148,45.27818338735352],[148.5145980032953,45.27789650541945],[148.51481435769654,45.277752720911394]]],[[[148.51594185483282,45.278863532026435],[148.51553758798934,45.27890527855584],[148.51535413708382,45.278830359633446],[148.5150562258642,45.27844717110014],[148.5153112843883,45.278517197710585],[148.51549953317704,45.278815386820725],[148.51594185483282,45.278863532026435]]],[[[148.52915719804628,45.28527908056515],[148.52912927409682,45.28554608118674],[148.52864900105067,45.28567205372235],[148.52859133562174,45.28542838691055],[148.52915719804628,45.28527908056515]]],[[[148.52649547278793,45.28609719832707],[148.5265356158261,45.286246027132506],[148.52640752268906,45.2862745050644],[148.52631783420077,45.28614644070575],[148.52649547278793,45.28609719832707]]],[[[148.52845763880907,45.287737252372324],[148.5283810894158,45.28804691863047],[148.5282625551729,45.288068107557194],[148.5282220883787,45.28773438713233],[148.52845763880907,45.287737252372324]]],[[[148.5304536957815,45.28929550498361],[148.53048552458733,45.28940686533463],[148.53015413700393,45.28958638710213],[148.5302048380829,45.28936889236053],[148.5304536957815,45.28929550498361]]],[[[148.5310591049938,45.291088891639106],[148.5310492996855,45.291287693971924],[148.53090191968795,45.2912755324399],[148.53087758763058,45.291112864866875],[148.5310591049938,45.291088891639106]]],[[[148.5321763552547,45.29195233343347],[148.53195508425983,45.29210638730001],[148.53172939039916,45.29194235995203],[148.5321763552547,45.29195233343347]]],[[[148.5347916727975,45.292421053788644],[148.53468021981632,45.29270897264104],[148.53430686087302,45.29283830594312],[148.5340272238774,45.292723612704606],[148.5347916727975,45.292421053788644]]],[[[148.54403038929115,45.2934507478538],[148.54372725031237,45.29385119797445],[148.54347358034147,45.29375991858541],[148.54365221807552,45.293485279122365],[148.54403038929115,45.2934507478538]]],[[[148.5386630221808,45.293530532108434],[148.53888583731157,45.29384586499475],[148.53862180265412,45.293997225391706],[148.53820805425835,45.29369433282727],[148.5386630221808,45.293530532108434]]],[[[148.5380994943962,45.29392555931719],[148.53796710789572,45.294137891950186],[148.5377780802943,45.293948613437806],[148.5380994943962,45.29392555931719]]],[[[148.53951549944077,45.29454525156217],[148.53934457789,45.29474925197644],[148.53921233528115,45.29459010794716],[148.53951549944077,45.29454525156217]]],[[[148.54354878075173,45.29481874798688],[148.54378555066273,45.29499508075844],[148.54338894874104,45.29520833339791],[148.54332033676417,45.29491036012507],[148.54354878075173,45.29481874798688]]],[[[148.54500496840467,45.29550983830842],[148.54499335905632,45.29579874821371],[148.544521946131,45.29566041359726],[148.54500496840467,45.29550983830842]]],[[[148.34130997377633,45.29619133286377],[148.34097230892496,45.29646997341058],[148.34072380016335,45.29631694567058],[148.34130997377633,45.29619133286377]]],[[[148.34193871589912,45.29639980200932],[148.3419798571847,45.29646936007299],[148.34164172468593,45.29651166687995],[148.34162350172335,45.296440332655266],[148.34193871589912,45.29639980200932]]],[[[148.54952469480884,45.29857530610553],[148.54940243827195,45.298789225142684],[148.54923916995176,45.2986301710456],[148.54952469480884,45.29857530610553]]],[[[148.54843625163176,45.298708612612415],[148.548405188149,45.29884035969491],[148.5480781056201,45.298808413977156],[148.54811834038912,45.29873417134496],[148.54843625163176,45.298708612612415]]],[[[148.54994355405188,45.29904441406853],[148.5500371339067,45.29912253187939],[148.5498873023572,45.29918210836769],[148.5497900784494,45.29907991930287],[148.54994355405188,45.29904441406853]]],[[[148.55067525326035,45.29919602717496],[148.550634942049,45.29928425156703],[148.55042319127733,45.29935591944019],[148.55029708204472,45.299296333059374],[148.55050102490247,45.29921225184398],[148.55067525326035,45.29919602717496]]],[[[148.3432159663438,45.29930227937672],[148.34329116675406,45.299518640073245],[148.34299691307717,45.299474558903796],[148.3432159663438,45.29930227937672]]],[[[148.34533038938605,45.30063299991309],[148.3456865236143,45.300897558875306],[148.34500732772608,45.30083369441951],[148.34533038938605,45.30063299991309]]],[[[148.5530933332908,45.30069750468613],[148.5531718548973,45.300822585993615],[148.552976031119,45.300906919019155],[148.55284697840534,45.30083738703581],[148.5530933332908,45.30069750468613]]],[[[148.34023345021365,45.300637775313135],[148.34036941601585,45.30091472063788],[148.33997897534948,45.30089580160001],[148.34023345021365,45.300637775313135]]],[[[148.34444216587337,45.3003430000295],[148.34419491616256,45.300814198016894],[148.34340596611253,45.30092497290923],[148.34273641994992,45.300714080990076],[148.34444216587337,45.3003430000295]]],[[[148.55351252888022,45.301506225432036],[148.55313769055203,45.30195250500418],[148.55294763862264,45.301889747613814],[148.5533339172266,45.30148413538461],[148.55351252888022,45.301506225432036]]],[[[148.5541459663633,45.30222544115122],[148.55423730240966,45.30232033311694],[148.55402566765054,45.30238089166488],[148.55400002618035,45.30224599965322],[148.5541459663633,45.30222544115122]]],[[[148.5550736961942,45.30182627885972],[148.55526785982397,45.302022919222395],[148.55453425405267,45.30253953207381],[148.55453024577434,45.302028171263146],[148.5550736961942,45.30182627885972]]],[[[148.35131433169113,45.30257346799118],[148.35141241175347,45.30270938702864],[148.35120275010695,45.302819107915525],[148.35113666702364,45.30268938700567],[148.35131433169113,45.30257346799118]]],[[[148.55739905342364,45.30330594601264],[148.5573619707784,45.30347538727938],[148.5571619462669,45.30346666655345],[148.55727664130404,45.30329177539517],[148.55739905342364,45.30330594601264]]],[[[148.55430280183293,45.30335350486041],[148.55414413714232,45.30356419802939],[148.55403383889063,45.30352422496304],[148.55410944219705,45.30336489207616],[148.55430280183293,45.30335350486041]]],[[[148.3514291436402,45.3034356939022],[148.35150403378418,45.303612945780856],[148.35132834043065,45.30361525164261],[148.3511857196453,45.30348627896865],[148.3514291436402,45.3034356939022]]],[[[148.5541102201106,45.303851559302075],[148.55401888496363,45.304035306084586],[148.55383016942687,45.30393838704697],[148.5541102201106,45.303851559302075]]],[[[148.56038752306586,45.30417850513396],[148.55926250266248,45.304376414440014],[148.55855795128844,45.3034379458046],[148.55970083042905,45.303443224825],[148.56038752306586,45.30417850513396]]],[[[148.55760141437383,45.30435650524856],[148.55691866436496,45.30437417063155],[148.55750785970008,45.30395753181472],[148.55760141437383,45.30435650524856]]],[[[148.55597313874944,45.304627694012936],[148.5559288327495,45.304906107930606],[148.55544871618542,45.304873865436605],[148.5555874707852,45.304618639638534],[148.55597313874944,45.304627694012936]]],[[[148.56012299557983,45.30531186495068],[148.55999891072122,45.30548964023478],[148.55948005226264,45.305591108043245],[148.55951216615358,45.30531441362933],[148.56012299557983,45.30531186495068]]],[[[148.56100780796407,45.30623164027804],[148.5606777172029,45.30651350489438],[148.56050897470948,45.3063636940293],[148.56100780796407,45.30623164027804]]],[[[148.56138941638847,45.30735830644073],[148.56172744456603,45.30758402728111],[148.56142267241842,45.30770038696335],[148.56111649822788,45.30751708084864],[148.56138941638847,45.30735830644073]]],[[[148.56425202321236,45.309462693948205],[148.564191024896,45.30966580223503],[148.5635297542948,45.3101541979579],[148.56365199734182,45.309509865188204],[148.56425202321236,45.309462693948205]]],[[[148.56800236072047,45.31065180183924],[148.5678717252,45.31088041399994],[148.56761444894778,45.31071199975901],[148.56800236072047,45.31065180183924]]],[[[148.5674800263822,45.31073102671559],[148.56743533097585,45.310836108000046],[148.56705208758387,45.31092661307281],[148.56701902670682,45.31081402694582],[148.5674800263822,45.31073102671559]]],[[[148.56657744519305,45.311272801698465],[148.56658652384908,45.3113979999178],[148.56640817120024,45.311363802297706],[148.5664532173422,45.31126791927909],[148.56657744519305,45.311272801698465]]],[[[148.56698391717407,45.31141425156653],[148.5666830606748,45.31169097296009],[148.56650880713585,45.31156161267836],[148.56698391717407,45.31141425156653]]],[[[148.5650726977468,45.31155708099453],[148.56463296973584,45.311731107904336],[148.5644658109485,45.31162263977308],[148.5650726977468,45.31155708099453]]],[[[148.36056591388592,45.31209113529769],[148.36097369617914,45.3124658378282],[148.360796783345,45.31271894572279],[148.36034647211204,45.31222263956323],[148.36056591388592,45.31209113529769]]],[[[148.3702870303223,45.315437251827746],[148.37030566787234,45.31576905399868],[148.3700064202601,45.31591253183791],[148.36982983118185,45.315626053699475],[148.3702870303223,45.315437251827746]]],[[[148.3774015301566,45.31675010823096],[148.3770676649408,45.316930387227615],[148.3768328924241,45.31644150497152],[148.37735427977623,45.316401198256756],[148.3774015301566,45.31675010823096]]],[[[148.58214596616347,45.316345774837714],[148.58213939032066,45.31685358602425],[148.58178130995952,45.31700397335476],[148.58180880673115,45.316542333362065],[148.58214596616347,45.316345774837714]]],[[[148.59362758824273,45.31691691898067],[148.5936638003442,45.3172573330595],[148.59318403361635,45.31725297314625],[148.59362758824273,45.31691691898067]]],[[[148.59340530461122,45.31774500033157],[148.59342299607442,45.31780633319579],[148.59316053163332,45.31784702661906],[148.59319241170056,45.317738224839275],[148.59340530461122,45.31774500033157]]],[[[148.59527802855825,45.31785408090116],[148.595234358379,45.31800486483269],[148.59508369585592,45.317968251633545],[148.59513302187156,45.317861027264655],[148.59527802855825,45.31785408090116]]],[[[148.60119693908757,45.31968005359164],[148.6010608042128,45.320100558593936],[148.6008430612584,45.31980255924077],[148.60119693908757,45.31968005359164]]],[[[148.5992105057603,45.31956917078065],[148.59860527911042,45.3201747751458],[148.59812005169908,45.319929720680136],[148.598477301986,45.31949189203726],[148.5992105057603,45.31956917078065]]],[[[148.6007318546914,45.320531585664185],[148.60019374804313,45.32052453228141],[148.60019808007735,45.320434504748675],[148.60059858595605,45.320404586102825],[148.6007318546914,45.320531585664185]]],[[[148.60244277621325,45.32045100011362],[148.60251994793737,45.32057858603298],[148.60247586317064,45.32074402711521],[148.60230208807093,45.32074702725356],[148.60227464256081,45.3206025862404],[148.60244277621325,45.32045100011362]]],[[[148.60519221774666,45.320607531612325],[148.60507372217455,45.32088241389232],[148.6048409209718,45.320696279409844],[148.60519221774666,45.320607531612325]]],[[[148.6009146167163,45.32100094633665],[148.60043938976605,45.32099019763956],[148.60070944178733,45.320723359795295],[148.6009146167163,45.32100094633665]]],[[[148.7772503371334,45.32239446833012],[148.77726625243565,45.32248991877481],[148.7771039427928,45.32254146791445],[148.7770571339796,45.322456440612314],[148.7772503371334,45.32239446833012]]],[[[148.6124629442096,45.32380846788652],[148.61228924825025,45.32403866735069],[148.61198557687294,45.323953918838356],[148.61213260703425,45.323772108296225],[148.6124629442096,45.32380846788652]]],[[[148.61340289222971,45.32434238729138],[148.61357875465592,45.32460717108415],[148.61345325606294,45.32470561267394],[148.61323316497862,45.32446058608724],[148.61340289222971,45.32434238729138]]],[[[148.61502644641348,45.32546602723545],[148.61498233466705,45.32576805375271],[148.61457094699165,45.3256669726527],[148.61502644641348,45.32546602723545]]],[[[148.61526775610218,45.32603553191433],[148.61518379989252,45.326204865262355],[148.61500836644302,45.32619546824634],[148.61500461716946,45.32601191931468],[148.61526775610218,45.32603553191433]]],[[[148.61852910523407,45.325943837937814],[148.61845488958159,45.32622335982023],[148.6180907262061,45.32630002702467],[148.61805092131306,45.32601817140153],[148.61852910523407,45.325943837937814]]],[[[148.61680121890117,45.326200802125356],[148.61668630442944,45.32651072109297],[148.616517561936,45.32630717123902],[148.61680121890117,45.326200802125356]]],[[[148.6203150320132,45.32634797258095],[148.61995333278014,45.32653789230994],[148.61965477314936,45.32648946831438],[148.6196803111975,45.3262395323286],[148.6203150320132,45.32634797258095]]],[[[148.61832481164083,45.32670436041798],[148.61818999966886,45.3269301711905],[148.61795236101273,45.32672913494167],[148.61832481164083,45.32670436041798]]],[[[148.61666666683323,45.32663974772623],[148.6165049678301,45.32700308102744],[148.61633924795797,45.326883413638654],[148.61642472132394,45.326713585663526],[148.61666666683323,45.32663974772623]]],[[[148.41151085574143,45.328510639754256],[148.41157108873483,45.328712586117035],[148.41139350230833,45.328734441441384],[148.41132191987072,45.32856555865368],[148.41151085574143,45.328510639754256]]],[[[148.648516134612,45.32883083797287],[148.64845863825565,45.329072135071044],[148.64825347591727,45.32892955925183],[148.648516134612,45.32883083797287]]],[[[148.62705861186555,45.328608027338646],[148.62699111504799,45.329080837810466],[148.62641683496906,45.32896344120991],[148.62668732765815,45.328600359718905],[148.62705861186555,45.328608027338646]]],[[[148.6273333331668,45.32944086520382],[148.6273702458402,45.32964583778522],[148.62692891074073,45.329840225346175],[148.62684961122068,45.329452333358574],[148.6273333331668,45.32944086520382]]],[[[148.64880752304884,45.33030963997794],[148.64833021956406,45.33031286494679],[148.648235357276,45.33022244081303],[148.648773061028,45.330085305892226],[148.64880752304884,45.33030963997794]]],[[[148.41047238699116,45.32999153178383],[148.4111486636799,45.33029274801197],[148.41094364523315,45.33050755917657],[148.41032708172952,45.33027508083035],[148.41047238699116,45.32999153178383]]],[[[148.6348524766605,45.33063233291591],[148.63500871587962,45.33070625179215],[148.63491221772472,45.33080519790161],[148.63471372206072,45.33069072139972],[148.6348524766605,45.33063233291591]]],[[[148.6477700516466,45.330612054103085],[148.64794496798595,45.3308766670246],[148.6477246952386,45.33086113483358],[148.6477700516466,45.330612054103085]]],[[[148.41005236132753,45.33067738715175],[148.40993861237712,45.3308910543787],[148.4095403889778,45.33108230600368],[148.40944311290934,45.330869027283825],[148.41005236132753,45.33067738715175]]],[[[148.64926016892173,45.33054755922251],[148.6492925031465,45.33090474835552],[148.64878138785082,45.330861332684435],[148.64926016892173,45.33054755922251]]],[[[148.6483218549697,45.331226945767014],[148.6484211931836,45.33133958585324],[148.64821744457947,45.33142033328181],[148.64817914425214,45.331245864804885],[148.6483218549697,45.331226945767014]]],[[[148.64710306135726,45.33136108144879],[148.647219196209,45.33143983777836],[148.64709396921137,45.331511919339675],[148.64693605725336,45.33143886471191],[148.64710306135726,45.33136108144879]]],[[[148.63588491635585,45.33165061278561],[148.63433224403786,45.33166846792551],[148.63455693875176,45.33121241362204],[148.63590756218434,45.33113241442942],[148.63588491635585,45.33165061278561]]],[[[148.68510289188498,45.33173797292915],[148.68509846991856,45.33207625201749],[148.68480654998234,45.331972332657074],[148.68510289188498,45.33173797292915]]],[[[148.65904875519595,45.33219013496682],[148.65913031111506,45.33200617144769],[148.65945608333163,45.331962720703075],[148.65952603080177,45.332068026818035],[148.65904875519595,45.33219013496682]]],[[[148.6854622438875,45.33215477542262],[148.68549719783744,45.33229425217803],[148.68533477308142,45.33231633323226],[148.68527683515788,45.332193558685844],[148.6854622438875,45.33215477542262]]],[[[148.65765710828896,45.33222477505336],[148.65756014338592,45.33243299958332],[148.65739980505703,45.3323478922415],[148.65765710828896,45.33222477505336]]],[[[148.63237357997684,45.33181374800614],[148.6318920226987,45.3323792785809],[148.63138427986064,45.33231569381428],[148.63237357997684,45.33181374800614]]],[[[148.82975938978404,45.33222535961272],[148.82976941632558,45.33253494583113],[148.82948722435594,45.33236180205557],[148.82975938978404,45.33222535961272]]],[[[148.65990572007297,45.33246819814889],[148.6598918291446,45.33267364017638],[148.65964124474772,45.33265419773312],[148.65968224394044,45.33248164031551],[148.65990572007297,45.33246819814889]]],[[[148.6592250061292,45.33251841359396],[148.65870494167973,45.33275661342702],[148.6589099484354,45.33250725210803],[148.6592250061292,45.33251841359396]]],[[[148.692244642976,45.332566837589525],[148.69219577201739,45.332730134688006],[148.69182282676206,45.33295602729885],[148.6916707001427,45.332867640129564],[148.692244642976,45.332566837589525]]],[[[148.65721972840777,45.33287541386932],[148.65727172540983,45.33305983784129],[148.65691391664404,45.33308189191581],[148.65687189402274,45.33300753237177],[148.65721972840777,45.33287541386932]]],[[[148.68743544728818,45.33290174781746],[148.68749549861843,45.33313077456563],[148.68727697775034,45.333172387096056],[148.68713061038943,45.33297022489603],[148.68743544728818,45.33290174781746]]],[[[148.65968533131309,45.332835531634544],[148.65969630394136,45.33318777539557],[148.65926031081472,45.333045505345865],[148.65968533131309,45.332835531634544]]],[[[148.691394553416,45.33306069399589],[148.69130102482245,45.33318733292913],[148.69116236105424,45.333114441078635],[148.691394553416,45.33306069399589]]],[[[148.67809574592195,45.33296305370203],[148.67804082972054,45.33321917072823],[148.6776363551337,45.33322013480142],[148.6775967831651,45.33291969378888],[148.67809574592195,45.33296305370203]]],[[[148.41628296968338,45.33340027889983],[148.41629172458352,45.3335642792681],[148.41606243793126,45.33345655937279],[148.41628296968338,45.33340027889983]]],[[[148.68475900102715,45.333301467688614],[148.68485399461622,45.3336391981905],[148.68455192043484,45.33353397301448],[148.68444961086095,45.3333749189174],[148.68475900102715,45.333301467688614]]],[[[148.6868257456117,45.3335942248936],[148.68671994756755,45.33376855937155],[148.68654666709506,45.333649305670974],[148.6868257456117,45.3335942248936]]],[[[148.67859131014086,45.3332050270904],[148.67864907899184,45.33365246768727],[148.67817031141078,45.333686532207764],[148.67828619984834,45.33334683758653],[148.67859131014086,45.3332050270904]]],[[[148.70400739312674,45.3336208376316],[148.7028883658055,45.33363366735989],[148.7028902462879,45.33293997260171],[148.70366922195706,45.333190973384774],[148.70400739312674,45.3336208376316]]],[[[148.4169468869893,45.33370605379139],[148.4168017247199,45.333851865371344],[148.41668438387728,45.33370341428122],[148.4169468869893,45.33370605379139]]],[[[148.68750600539795,45.33367161335434],[148.68747411184086,45.33383522521552],[148.6871639950224,45.33391405439016],[148.6873180030235,45.33370661316974],[148.68750600539795,45.33367161335434]]],[[[148.7288980795828,45.33387697264425],[148.72730983098393,45.333866386724424],[148.7273962783156,45.33350258577576],[148.72839697823804,45.33330725212801],[148.7288980795828,45.33387697264425]]],[[[148.82936255493803,45.33365758572904],[148.82938367101963,45.33383133294973],[148.8291767828823,45.33399586481738],[148.82900350240982,45.33372766719816],[148.82936255493803,45.33365758572904]]],[[[148.41598722403126,45.33386950467394],[148.41594433176556,45.33408938711557],[148.41573907859572,45.33407689193507],[148.4157228656178,45.33393336013654],[148.41598722403126,45.33386950467394]]],[[[148.72418408612668,45.334085919329766],[148.72367267225604,45.33403783797587],[148.72360596594262,45.33374555921023],[148.72411172487625,45.33369091910066],[148.72418408612668,45.334085919329766]]],[[[148.41407457827927,45.33438299957584],[148.41336263267942,45.33423013461305],[148.4139543056467,45.33390408090867],[148.41407457827927,45.33438299957584]]],[[[148.72001561602792,45.33431517090844],[148.71993066067148,45.334580586025254],[148.71959333306597,45.334443999690905],[148.72001561602792,45.33431517090844]]],[[[148.72115072592533,45.33371569362441],[148.72119591416015,45.33442266687263],[148.7205170042564,45.33409964028624],[148.72115072592533,45.33371569362441]]],[[[148.4162631126526,45.33452589195639],[148.41626807960824,45.3346576399382],[148.41609080434716,45.33467672085402],[148.4160639685773,45.33456850543223],[148.4162631126526,45.33452589195639]]],[[[148.71897635497487,45.33450927878022],[148.71890702983558,45.33474458639358],[148.718610389358,45.33471850515497],[148.71897635497487,45.33450927878022]]],[[[148.7305548897964,45.33474366728649],[148.7298412453772,45.334870945637704],[148.73012269810408,45.33443197305718],[148.7305548897964,45.33474366728649]]],[[[148.8387235540489,45.334756053649016],[148.83855452736964,45.33492405420179],[148.8384754733645,45.334802775227956],[148.8387235540489,45.334756053649016]]],[[[148.41470224391344,45.33436310837078],[148.41466221778717,45.33471427924064],[148.41441011713323,45.334700694081846],[148.41470224391344,45.33436310837078]]],[[[148.71542455270105,45.33508936038572],[148.71426561616533,45.33507717097473],[148.71491958517083,45.33414377541493],[148.71569335916126,45.334237134935904],[148.71542455270105,45.33508936038572]]],[[[148.70798625196403,45.335036251821634],[148.7077998566781,45.335383694102234],[148.70757936359678,45.33521910827528],[148.70798625196403,45.335036251821634]]],[[[148.7352211148626,45.3350891346559],[148.7339840344357,45.33544291895561],[148.73387883264206,45.33500325209843],[148.7352211148626,45.3350891346559]]],[[[148.83890352817536,45.33512186458245],[148.83815347560244,45.335516999709796],[148.83805080360173,45.33515744086327],[148.83890352817536,45.33512186458245]]],[[[148.83569702959426,45.33534055901964],[148.83522194563636,45.33557430630924],[148.83514011722275,45.33533425207412],[148.83569702959426,45.33534055901964]]],[[[148.41526658918178,45.3354923600844],[148.41537719769963,45.33562355858044],[148.41519461733776,45.335722558649195],[148.41506841817306,45.33564761274721],[148.41526658918178,45.3354923600844]]],[[[148.83745341094618,45.33554494614242],[148.8373874708551,45.33568035976083],[148.83712849488415,45.335657775086304],[148.83730405963468,45.335505134954076],[148.83745341094618,45.33554494614242]]],[[[148.84154360585285,45.33578383755412],[148.84155769103472,45.33593130568528],[148.8414234501322,45.335963198342995],[148.84133108885874,45.335805720757435],[148.84154360585285,45.33578383755412]]],[[[148.73760661515325,45.33590877497005],[148.73734678302765,45.33652297325665],[148.73664274966325,45.33601786543221],[148.73760661515325,45.33590877497005]]],[[[148.4162918028245,45.33705363981369],[148.41634289241063,45.337171693818675],[148.41615625160978,45.33722522506412],[148.41600219234738,45.3371620809653],[148.4162918028245,45.33705363981369]]],[[[148.41592983109695,45.33770241433501],[148.41619425426154,45.33780553239944],[148.4162308557694,45.337921838122384],[148.41580625165727,45.3377896665599],[148.41592983109695,45.33770241433501]]],[[[148.41749394279134,45.33778864043347],[148.41764949402898,45.33792369432308],[148.41747627830762,45.33792908126213],[148.41749394279134,45.33778864043347]]],[[[148.4183070036654,45.33843463964695],[148.41851900085123,45.338538999675166],[148.41843302206632,45.33868225178452],[148.4180935540743,45.33854253221216],[148.4183070036654,45.33843463964695]]],[[[148.41987880726117,45.34185961323061],[148.41980233520962,45.34212836033561],[148.41957255482964,45.34213969359206],[148.419614617021,45.34179633333417],[148.41987880726117,45.34185961323061]]],[[[148.42983219160237,45.3463698922568],[148.43001678284827,45.34665369401284],[148.42979535717006,45.346794532341846],[148.42942671876813,45.34656702724658],[148.42983219160237,45.3463698922568]]],[[[148.42904533067758,45.3478679730286],[148.42939936408948,45.347926748220914],[148.42915552460784,45.34806619799667],[148.42904533067758,45.3478679730286]]],[[[148.45017313857954,45.36126069402587],[148.44995031085818,45.36162519824438],[148.44976469528456,45.361495918901596],[148.449851530224,45.36128855862012],[148.45017313857954,45.36126069402587]]],[[[148.4497502197969,45.361776748398256],[148.44973613461502,45.361976891620316],[148.4492526069223,45.362080170663376],[148.44930160828267,45.361883801896],[148.4497502197969,45.361776748398256]]],[[[148.4486268613407,45.36231046815362],[148.44859066093034,45.36251194596957],[148.4483107784198,45.362566306389965],[148.44833802877702,45.362321081053096],[148.4486268613407,45.36231046815362]]],[[[148.44977722373994,45.36390280237248],[148.4498017509501,45.36406463987129],[148.44961014319358,45.36403358628104],[148.449580660719,45.36391666722045],[148.44977722373994,45.36390280237248]]],[[[148.45375252935582,45.36721600011839],[148.45375557715818,45.367373748399814],[148.45357518844423,45.36746846769569],[148.45348557729767,45.367255585576856],[148.45375252935582,45.36721600011839]]],[[[148.47516355355526,45.38383983773838],[148.47514980471976,45.38394102675704],[148.47490703003552,45.38400813506746],[148.4747499481516,45.38394394595639],[148.4749772760805,45.383833531692176],[148.47516355355526,45.38383983773838]]],[[[148.47619822266995,45.38395344099854],[148.4762761606164,45.384135414317996],[148.47605483836014,45.38410519799652],[148.47619822266995,45.38395344099854]]],[[[148.47125011679952,45.40349744115406],[148.47135800306944,45.40366858573668],[148.47105555117287,45.40370766667553],[148.47125011679952,45.40349744115406]]],[[[148.47178999960886,45.40377102661165],[148.47187267158654,45.40386766685941],[148.47151447521287,45.403917027049204],[148.47156369600782,45.40376900043907],[148.47178999960886,45.40377102661165]]],[[[148.47434841794518,45.405736414004366],[148.47456844427836,45.405842170679705],[148.47429438397876,45.40598219782021],[148.4741843843019,45.405771612569936],[148.47434841794518,45.405736414004366]]],[[[148.47423647213554,45.40630730633717],[148.47426483765219,45.406394359811884],[148.47405766532904,45.406479972572754],[148.47397644575642,45.40638463993923],[148.47423647213554,45.40630730633717]]],[[[148.47441894907536,45.40826746776946],[148.47467949436327,45.408485693659884],[148.47433933928914,45.40864313527254],[148.47418875500705,45.408443251954566],[148.47441894907536,45.40826746776946]]],[[[148.47863949441717,45.40863705405684],[148.47859588808979,45.40879658569395],[148.47839119339892,45.40876422538872],[148.47863949441717,45.40863705405684]]],[[[148.4781219705526,45.40853644060428],[148.47771827477857,45.40891461271923],[148.47750338537298,45.40872310838478],[148.4781219705526,45.40853644060428]]],[[[148.4764136705545,45.40911155885141],[148.47630486427818,45.40883994560704],[148.47711036275314,45.40891658583183],[148.47706897505327,45.409033747709316],[148.4764136705545,45.40911155885141]]],[[[148.4793779511316,45.41294453236435],[148.4797402457158,45.413182054108574],[148.47932802886555,45.41347053233926],[148.47894736742717,45.413243865412085],[148.4793779511316,45.41294453236435]]],[[[148.47834447541732,45.413526134723384],[148.4782958625641,45.41367253176196],[148.4781369127884,45.413712279098434],[148.47793175134927,45.41362686508779],[148.47813031086525,45.41353074824548],[148.47834447541732,45.413526134723384]]],[[[148.48139294422901,45.415767080686294],[148.48154094655752,45.41593963990249],[148.48138097335334,45.416058053636334],[148.48121357984292,45.4158659188771],[148.48139294422901,45.415767080686294]]],[[[148.4823321655971,45.41687019810121],[148.48221900120598,45.417206414144744],[148.48183992167515,45.4171045857081],[148.4823321655971,45.41687019810121]]],[[[148.48360574590856,45.41886091939597],[148.48366771729138,45.418943837787936],[148.48347897477493,45.41902946763588],[148.48345783441164,45.41890991895764],[148.48360574590856,45.41886091939597]]],[[[148.48311683487407,45.41859774808768],[148.48325975423438,45.418949386604936],[148.48282797712955,45.41895555865216],[148.48311683487407,45.41859774808768]]],[[[148.48523705584546,45.41969586527199],[148.48530949443773,45.41979758578998],[148.48513422826204,45.41990550533484],[148.48503939025568,45.41975772064234],[148.48523705584546,45.41969586527199]]],[[[148.48426544719268,45.4196180001706],[148.48450883341604,45.419902891905],[148.48412447486464,45.41998538671629],[148.48426544719268,45.4196180001706]]],[[[148.48565041483482,45.4198710001466],[148.4856708303446,45.42018266739626],[148.48545461713695,45.420165612652966],[148.48565041483482,45.4198710001466]]],[[[148.4905677171265,45.4217542515575],[148.4906379119102,45.421856505373455],[148.49039544659263,45.4219773598673],[148.4904483402188,45.421750387170675],[148.4905677171265,45.4217542515575]]],[[[148.4962777816943,45.42206000036879],[148.4962397799419,45.42223402727859],[148.49605708176898,45.42213200009178],[148.4962777816943,45.42206000036879]]],[[[148.48705391660508,45.42211736002821],[148.48722464300295,45.42243455900774],[148.48672586280838,45.42241172072437],[148.48705391660508,45.42211736002821]]],[[[148.49114858563883,45.42224122455292],[148.49116500636,45.422568135311224],[148.4909022181629,45.42262772079272],[148.4907719198883,45.422369225059754],[148.49114858563883,45.42224122455292]]],[[[148.4921615298308,45.422758081120605],[148.49212522689777,45.42217591938322],[148.49271275039314,45.4221388016644],[148.4921615298308,45.422758081120605]]],[[[148.49662878079369,45.425269892091876],[148.49667522718005,45.42552338669498],[148.49635202342722,45.425407504552766],[148.49662878079369,45.425269892091876]]],[[[148.49923099881164,45.4252798017215],[148.49926508401643,45.42560569444731],[148.4989002722299,45.42549508143293],[148.49923099881164,45.4252798017215]]],[[[148.50039147858388,45.4278288922896],[148.50052549915256,45.42813302681776],[148.5002864458628,45.42818894576328],[148.50018466868755,45.42801277486973],[148.50039147858388,45.4278288922896]]],[[[148.51657572039323,45.44238205438836],[148.5163803894435,45.442271251617],[148.51661525279178,45.44219208070001],[148.51678180273802,45.442300279034725],[148.51657572039323,45.44238205438836]]],[[[148.5171515823797,45.4424921979566],[148.51688128394414,45.442475198071975],[148.5172276389444,45.44225291893713],[148.51733408629912,45.44233527885007],[148.5171515823797,45.4424921979566]]],[[[148.51666666703318,45.4449891350406],[148.5167785858631,45.44509013520161],[148.5166186639202,45.445180721213376],[148.51649452690094,45.44505630630357],[148.51666666703318,45.4449891350406]]],[[[148.53333333306693,45.44977010820401],[148.53325089491295,45.449933252417736],[148.53310333325226,45.449796225415525],[148.53333333306693,45.44977010820401]]],[[[148.5317196372515,45.45055330619016],[148.5320709214359,45.45075646843634],[148.53177622619194,45.4508315051699],[148.5317196372515,45.45055330619016]]],[[[148.53689616102906,45.450391359873436],[148.5359371725625,45.45126822494865],[148.53575814542216,45.45116389190014],[148.5362264457939,45.45070366744034],[148.53689616102906,45.450391359873436]]],[[[148.54176311297738,45.45235691903662],[148.5414229444134,45.45255917116884],[148.5405632563892,45.45262902690814],[148.5407655247093,45.4523504681996],[148.54176311297738,45.45235691903662]]],[[[148.54870552484022,45.45479602701511],[148.54835513638045,45.45502991909552],[148.5483483402038,45.454824558906296],[148.54870552484022,45.45479602701511]]],[[[148.54792099855536,45.45506277492717],[148.54799097300508,45.4552754412087],[148.54767016864344,45.455511197583746],[148.5474462518431,45.45530653167117],[148.54792099855536,45.45506277492717]]],[[[148.54611247720914,45.45641500005229],[148.54638483779013,45.456224946324255],[148.54649403437224,45.45636613538886],[148.54611247720914,45.45641500005229]]],[[[148.5491877817908,45.456435919182354],[148.54858871639624,45.456607197764015],[148.5485297802253,45.456363801648195],[148.5487955253933,45.45643299998301],[148.5491877817908,45.456435919182354]]],[[[148.54590158169276,45.456541468114324],[148.54605769140937,45.45673066658702],[148.54581914443804,45.45677666690972],[148.54563819724513,45.45670222462803],[148.54590158169276,45.456541468114324]]],[[[148.56848243771435,45.47596080244915],[148.5684834764313,45.47608136016669],[148.56804852112236,45.47619308114582],[148.56808680885922,45.47606477486954],[148.56835172485228,45.47592377466253],[148.56848243771435,45.47596080244915]]],[[[148.87915105137995,45.47909797319295],[148.8793773666722,45.47854622472852],[148.8797478082148,45.47860900010534],[148.87915105137995,45.47909797319295]]],[[[148.57103316504856,45.48117705377808],[148.5710745779295,45.48137538666481],[148.57085016919996,45.48138280157508],[148.57078428037028,45.48118691934093],[148.57103316504856,45.48117705377808]]],[[[148.57222308682606,45.481250108405845],[148.5722592998269,45.481342720590135],[148.57193211387607,45.481388559034826],[148.57177944226748,45.48132277542578],[148.57222308682606,45.481250108405845]]],[[[148.5717902458232,45.48151417094226],[148.57200535736138,45.481602693909224],[148.57183474697604,45.48166344131482],[148.5717902458232,45.48151417094226]]],[[[148.57050666684927,45.48141344057785],[148.5705757203932,45.48149046841041],[148.57009697799322,45.481677504912966],[148.57015871555234,45.48147730593297],[148.57050666684927,45.48141344057785]]],[[[148.883212048897,45.48172380201191],[148.88311089495187,45.48192338675494],[148.8829115053618,45.481843892082],[148.883212048897,45.48172380201191]]],[[[148.88406975391604,45.48204502725628],[148.88398472121798,45.48182650458955],[148.88420852110642,45.48177974793708],[148.8842578336322,45.48198917126331],[148.88406975391604,45.48204502725628]]],[[[148.56975688677096,45.483888305600885],[148.5699339686778,45.484007613260815],[148.5696473016817,45.484108865231974],[148.56959233511827,45.483922198350854],[148.56975688677096,45.483888305600885]]],[[[148.8890871984155,45.48407944121328],[148.88918269832288,45.4843091712313],[148.8887831906918,45.48423925164019],[148.8890871984155,45.48407944121328]]],[[[148.5702865236043,45.483888532230026],[148.57005299574917,45.484335747996454],[148.5697699476251,45.484235387253364],[148.5702865236043,45.483888532230026]]],[[[148.571287886327,45.484761945707305],[148.5709077563879,45.48449689211793],[148.5712950323399,45.48422855870109],[148.571287886327,45.484761945707305]]],[[[148.57083905268018,45.48488994621408],[148.5708166406755,45.485083613418055],[148.5705215299447,45.48504535985552],[148.57083905268018,45.48488994621408]]],[[[148.56966238690973,45.48478177485907],[148.5698216730318,45.48503074767092],[148.56950092083093,45.48521522470293],[148.5694019198628,45.48494913509455],[148.56966238690973,45.48478177485907]]],[[[148.57023516242282,45.48512558567728],[148.57018313934043,45.485318775341284],[148.57001511000942,45.48521725177483],[148.57023516242282,45.48512558567728]]],[[[148.89030861175308,45.48500174813222],[148.89000119290074,45.48578080204243],[148.88893771670234,45.4849838021608],[148.89030861175308,45.48500174813222]]],[[[148.89106442268508,45.48637455873893],[148.89084927427461,45.48619017073986],[148.89120708214125,45.4860549729587],[148.89130155592215,45.486194694329754],[148.89106442268508,45.48637455873893]]],[[[148.89108535710363,45.48710358606172],[148.89098474724835,45.48699438678159],[148.89113522720902,45.48689419780902],[148.8912934764129,45.48701800028056],[148.89108535710363,45.48710358606172]]],[[[148.57368953304558,45.487358586129915],[148.57377588774705,45.48746108096418],[148.5736500258281,45.48749889206027],[148.57355191968543,45.487408306048565],[148.57368953304558,45.487358586129915]]],[[[148.57433705571066,45.48777958575931],[148.57441972768834,45.4879100000465],[148.57421457794044,45.487902107596256],[148.57433705571066,45.48777958575931]]],[[[148.5738551099255,45.48794577507749],[148.57405836570103,45.488381865330894],[148.57378027194204,45.488277170754884],[148.5736172239558,45.48800672123326],[148.5738551099255,45.48794577507749]]],[[[148.57757891113795,45.49033153167488],[148.57809016942588,45.49050025168532],[148.5781046431149,45.49079833287681],[148.57762786033754,45.4904792785959],[148.57757891113795,45.49033153167488]]],[[[148.5785699217646,45.49141289179158],[148.57833191978239,45.49216046763155],[148.57724143964083,45.491587666937335],[148.5785699217646,45.49141289179158]]],[[[148.5856085206168,45.49306813538618],[148.58523722381892,45.49303146822774],[148.58540396891806,45.492884531595905],[148.5856085206168,45.49306813538618]]],[[[148.5922769387298,45.49312374766288],[148.59217061008565,45.49327155933503],[148.5920646168886,45.49315817101285],[148.5922769387298,45.49312374766288]]],[[[148.5927496628667,45.49354055914955],[148.59279221788665,45.49359761303947],[148.59259861183648,45.4937331984284],[148.59252391684538,45.493569305978724],[148.5927496628667,45.49354055914955]]],[[[148.61205369602135,45.49916010785273],[148.61203199717897,45.49925102661365],[148.61183824903605,45.49929438742612],[148.6118289491468,45.49919089164638],[148.61205369602135,45.49916010785273]]],[[[148.61308697838138,45.49944738728715],[148.61300085570497,45.49952946841029],[148.61272367116055,45.49957544085396],[148.61270291840503,45.49947025165085],[148.61308697838138,45.49944738728715]]],[[[148.6174842800756,45.500177667365506],[148.61766416337048,45.50055197329499],[148.61737464282555,45.500488440689026],[148.61722525284324,45.5002529460167],[148.6174842800756,45.500177667365506]]],[[[148.61023632894353,45.500987026630014],[148.60958275024382,45.500936892123946],[148.61060377394506,45.500060973135476],[148.61087616060638,45.500846973409125],[148.61023632894353,45.500987026630014]]],[[[148.87731430571068,45.52723244102441],[148.8772561087825,45.52751561325499],[148.87695885856454,45.527334891791895],[148.87731430571068,45.52723244102441]]],[[[148.6481487813412,45.53474672098446],[148.64805797679423,45.53507827943912],[148.64789557721917,45.53495566677066],[148.64798594019908,45.534760801669734],[148.6481487813412,45.53474672098446]]],[[[148.6495620488496,45.53610305421262],[148.64975674397863,45.53617658638041],[148.64955175071282,45.53636219835681],[148.64938050630542,45.53614422517592],[148.6495620488496,45.53610305421262]]],[[[148.6625423353605,45.539034891746894],[148.66262571960135,45.53930536015429],[148.6623559400747,45.539482666891615],[148.66216732795988,45.53909453208706],[148.6625423353605,45.539034891746894]]],[[[148.66621094697769,45.538830865252294],[148.6661521142288,45.53947555865017],[148.6656619711231,45.53931680222871],[148.66621094697769,45.538830865252294]]],[[[148.686428755183,45.54011953169106],[148.686263747574,45.54035569366039],[148.68559133617134,45.540525919135916],[148.68560152998668,45.54017697318881],[148.686428755183,45.54011953169106]]],[[[148.66077535729698,45.54137350498331],[148.6606025291834,45.54182530639281],[148.66026891128126,45.54186361301538],[148.6606070815517,45.54133777491842],[148.66077535729698,45.54137350498331]]],[[[148.69584277562365,45.540875748217275],[148.6955802464313,45.541921080593454],[148.69506085557407,45.54168125208815],[148.69524894877998,45.541133440855674],[148.69584277562365,45.540875748217275]]],[[[148.65738138784081,45.54191838712393],[148.65727391705764,45.54268564013023],[148.6563277169506,45.542285919359756],[148.65738138784081,45.54191838712393]]],[[[148.71253591410118,45.54352958642136],[148.71239736724476,45.543619837885274],[148.71186500636497,45.54367461289314],[148.7119909474244,45.54353425210411],[148.71253591410118,45.54352958642136]]],[[[148.7109984178428,45.54399591907645],[148.71094929957053,45.544181108371504],[148.71079147934336,45.544182972666135],[148.71083481227686,45.54397791914573],[148.7109984178428,45.54399591907645]]],[[[148.74719555103388,45.551515774833206],[148.74716050625238,45.55172046772543],[148.74695147862792,45.55162819818287],[148.74719555103388,45.551515774833206]]],[[[148.74650968937078,45.55188202733376],[148.74655072633504,45.5519776936157],[148.74626233533854,45.552058306145966],[148.7461941631302,45.55196483780708],[148.74650968937078,45.55188202733376]]],[[[148.74962466934312,45.55434353202844],[148.74972797716453,45.55457017107659],[148.74937152997222,45.55455053168174],[148.74962466934312,45.55434353202844]]],[[[148.7657402721959,45.55503646775884],[148.76581319102604,45.55525230594924],[148.7653120231314,45.5553111980534],[148.76534994844144,45.555090999949755],[148.7657402721959,45.55503646775884]]],[[[148.76888756211133,45.555973251964076],[148.76854836571454,45.5559809186845],[148.7685007520082,45.55566833322706],[148.76886827525072,45.55570994575743],[148.76888756211133,45.555973251964076]]],[[[148.76830214033157,45.55563208065604],[148.7683293637092,45.55591819816635],[148.76792805383673,45.55601335992867],[148.7678803888689,45.5557638915904],[148.76830214033157,45.55563208065604]]],[[[148.78976900073883,45.555684693693706],[148.78975894901635,45.55581991935384],[148.78920722393434,45.556080613029906],[148.78912549894267,45.555970053974875],[148.78943775614755,45.55568780175071],[148.78976900073883,45.555684693693706]]],[[[141.69806766469105,45.41194944061425],[141.6997235018382,45.410403918805855],[141.71088922176023,45.410275027070895],[141.71014413704233,45.41044844064305],[141.6999352786902,45.41057925243064],[141.69806766469105,45.41194944061425]]],[[[141.75617971492193,45.413471224817215],[141.75617553757104,45.41352618868274],[141.7536183791849,45.41344941355965],[141.75362365820536,45.413401297132225],[141.75617971492193,45.413471224817215]]],[[[141.70434102501838,45.41856691932793],[141.692680999029,45.41884341409235],[141.69267900073532,45.41877586511413],[141.70434102501838,45.41856691932793]]],[[[141.66807391737746,45.43756866696049],[141.6679925548126,45.43759922502426],[141.66763316503864,45.43712397289306],[141.66771452670412,45.43709341392997],[141.66807391737746,45.43756866696049]]],[[[141.66756858562178,45.438183946232186],[141.66790452737212,45.43839099984484],[141.6678444751425,45.43843927904953],[141.66755527925284,45.43826117101628],[141.66756858562178,45.438183946232186]]],[[[141.64094058434057,45.44532235993904],[141.64102243793525,45.44536517126568],[141.64028917030907,45.446102558686164],[141.64010464291505,45.44609635965935],[141.64094058434057,45.44532235993904]]],[[[141.87306224412737,45.46236461343619],[141.87300968864633,45.46241644136575],[141.87250486410824,45.46199410804172],[141.87255741869,45.46194227921285],[141.87306224412737,45.46236461343619]]],[[[141.96809583685342,45.497870559179034],[141.96826749674767,45.498229721424536],[141.96784693868528,45.49829222520606],[141.96778722370152,45.49809055943183],[141.96809583685342,45.497870559179034]]],[[[141.89018408582695,45.50144755865796],[141.88954494214545,45.50107483823325],[141.88959294435892,45.501020054232185],[141.89018408582695,45.50144755865796]]],[[[141.95719627758626,45.5151271705825],[141.95694021991528,45.51445194610051],[141.95701961116617,45.514435225005684],[141.95719627758626,45.5151271705825]]],[[[141.95723817070507,45.515342053692905],[141.95683121938532,45.5159156673742],[141.95676438356952,45.515876558556386],[141.95723817070507,45.515342053692905]]],[[[141.95666114139863,45.51606183778364],[141.95600169911916,45.5165582248822],[141.95595241177443,45.51650422508999],[141.95666114139863,45.51606183778364]]],[[[141.95267868976975,45.51650217103844],[141.9526568614251,45.5165673332159],[141.9521308038935,45.516421838197346],[141.95213418894173,45.516351558877375],[141.95267868976975,45.51650217103844]]],[[[141.95161678288832,45.51653572114668],[141.950833721599,45.51671794627623],[141.95081516228993,45.51665210780857],[141.95161678288832,45.51653572114668]]],[[[141.95312858641523,45.51666666693319],[141.95348508396955,45.516763053572106],[141.9534636962926,45.51682827870218],[141.9527989749928,45.51664855908376],[141.95282036266963,45.51658333305443],[141.95312858641523,45.51666666693319]]],[[[141.95581658896447,45.51666666693319],[141.95496350196413,45.51710141359939],[141.9549267187931,45.51704102682197],[141.95581658896447,45.51666666693319]]],[[[141.954721140968,45.51714310796814],[141.9536464196466,45.516903333422135],[141.95366919587673,45.516838387081975],[141.954721140968,45.51714310796814]]],[[[141.9470398829843,45.52221308096898],[141.94824488998972,45.5218402517263],[141.9501882745693,45.5220815856967],[141.95017347622502,45.52217872057156],[141.94823747058285,45.52196094614078],[141.9470398829843,45.52221308096898]]],[[[141.92461138830504,45.522348613297936],[141.9245161087315,45.522889999773724],[141.9240433333332,45.522781108061736],[141.9241777819791,45.52234833270944],[141.92461138830504,45.522348613297936]]],[[[141.95432503187476,45.522235667442146],[141.95287474737177,45.523398999864014],[141.9527047467268,45.52329455889685],[141.9541591959902,45.52213150526478],[141.95432503187476,45.522235667442146]]],[[[141.91938639376713,45.52637666684973],[141.9188566670016,45.5261786127528],[141.91905972762436,45.525400837678546],[141.91999861174656,45.525977775254205],[141.91938639376713,45.52637666684973]]],[[[142.84302472121396,44.68841417057757],[142.84281194611447,44.68820499996082],[142.84304778162993,44.68807555874008],[142.84331833996953,44.68834055926942],[142.84302472121396,44.68841417057757]]],[[[142.8318330612468,44.70133583837827],[142.83078888539876,44.701214440693946],[142.83091277600386,44.700210558970184],[142.83247888509254,44.700798053687265],[142.8318330612468,44.70133583837827]]],[[[142.80828693859144,44.708461666972426],[142.80847693925944,44.708579170592316],[142.80837111513495,44.70899861259596],[142.80800083007432,44.708783332884536],[142.80828693859144,44.708461666972426]]],[[[142.78872389079504,44.72470750514731],[142.78884055804542,44.72517750523775],[142.78862888461538,44.72524083819417],[142.78847861239808,44.72493889171653],[142.78872389079504,44.72470750514731]]],[[[142.77596639423382,44.733161386888526],[142.77601194579472,44.73330722544813],[142.77588693913106,44.733399171234794],[142.7757677816578,44.73330305439248],[142.77596639423382,44.733161386888526]]],[[[142.7758466665905,44.73413666657393],[142.77568306102455,44.73429638706864],[142.77551693915552,44.73421750483402],[142.77564333257385,44.73410333320231],[142.7758466665905,44.73413666657393]]],[[[142.738430726297,44.77789005378298],[142.73832202344272,44.778087667212105],[142.73811741868394,44.77797722506892],[142.738430726297,44.77789005378298]]],[[[142.68244791184168,44.83314658564649],[142.68164827514784,44.83382327872141],[142.68158955931074,44.83377025199559],[142.68244791184168,44.83314658564649]]],[[[142.66132985708725,44.84851177529822],[142.6612688848512,44.84979222463153],[142.66117992211582,44.84979222463153],[142.66132985708725,44.84851177529822]]],[[[142.60065102482497,44.93001233300282],[142.59804632917485,44.93124277463437],[142.59570066075696,44.93383922530006],[142.59541905334675,44.93369013479196],[142.59760263335488,44.93128297343054],[142.60065102482497,44.93001233300282]]],[[[142.59238313907065,44.935369467626856],[142.592079441613,44.93521886535842],[142.59512007822912,44.933398251727965],[142.59544555097148,44.93347222456356],[142.59238313907065,44.935369467626856]]],[[[142.59084769056858,44.936893467759376],[142.59076299601554,44.93706591905698],[142.59037002555635,44.9370475593974],[142.59039450060584,44.93682608065916],[142.59084769056858,44.936893467759376]]],[[[142.58656000004407,44.95647750483306],[142.58603639406442,44.95701277501962],[142.58515167341102,44.95608166733513],[142.58656000004407,44.95647750483306]]],[[[142.57635749720077,44.96461777499036],[142.57587027239526,44.96444777524471],[142.5761333330869,44.964077775269175],[142.57685389059463,44.96426138715333],[142.57635749720077,44.96461777499036]]],[[[142.5736708301448,44.965888332680436],[142.57400805432826,44.96551138724078],[142.57438250325004,44.96562305426062],[142.57421749743958,44.96594610782665],[142.5736708301448,44.965888332680436]]],[[[142.5717536059442,44.96861138720578],[142.57124861233365,44.968326946031766],[142.5715661089888,44.968187505249205],[142.5717536059442,44.96861138720578]]],[[[142.54828192017453,44.9902894408051],[142.54741036289795,44.99090789198567],[142.54736066096575,44.9908536673629],[142.54828192017453,44.9902894408051]]],[[[142.54088250342488,44.99712194562136],[142.5402405583551,44.99700750509231],[142.54078111475667,44.996595279248766],[142.54088250342488,44.99712194562136]]],[[[142.54020138838348,44.99767166701389],[142.5399236057898,44.99765444139939],[142.53999527905899,44.997180558935725],[142.5404883395653,44.99733694564355],[142.54020138838348,44.99767166701389]]],[[[142.53485555104294,45.028663332646715],[142.53421333257927,45.02771583841525],[142.5348377822379,45.02764944056929],[142.53485555104294,45.028663332646715]]],[[[142.51838761269823,45.039642613216074],[142.51720955927385,45.04029455874695],[142.5171698829838,45.04023544091291],[142.51838761269823,45.039642613216074]]],[[[142.50136277637114,45.06026027888879],[142.5015372241636,45.06045722502097],[142.50128360635347,45.06059194616142],[142.5012041629418,45.06037277508358],[142.50136277637114,45.06026027888879]]],[[[142.48708011685403,45.06082719801685],[142.48607955902446,45.062314414079026],[142.4860115558887,45.0622766938144],[142.48708011685403,45.06082719801685]]],[[[142.39982333328032,45.1340843063457],[142.39860082996438,45.13584013461457],[142.39853360564143,45.13580153211507],[142.39982333328032,45.1340843063457]]],[[[142.17998875537683,45.33022416211543],[142.18004363200805,45.330423882656135],[142.1799933590064,45.33052864917789],[142.18008150515743,45.33072102675402],[142.17990835328794,45.3307011796158],[142.17989560269996,45.33034456784759],[142.17998875537683,45.33022416211543]]],[[[142.17994845675594,45.33212709878666],[142.17972237438812,45.33225560381311],[142.1798387025941,45.331877829198504],[142.17994845675594,45.33212709878666]]],[[[142.1814178734362,45.33493233336054],[142.18148055798144,45.3350478737604],[142.18125059683769,45.33505840482155],[142.18121002572218,45.334939631358964],[142.1814178734362,45.33493233336054]]],[[[142.16581805425983,45.35950889202178],[142.16590389095188,45.35970610795056],[142.16564138783986,45.35968138738616],[142.16581805425983,45.35950889202178]]],[[[142.16597834042818,45.36011583817543],[142.1662838913885,45.36030972121671],[142.1661002723098,45.36055583778176],[142.16584722377047,45.36026138715334],[142.16597834042818,45.36011583817543]]],[[[142.0954743320748,45.38284410836894],[142.09546732815477,45.38291144061054],[142.09371094680284,45.382760332923056],[142.09371795072286,45.38269299978219],[142.0954743320748,45.38284410836894]]],[[[141.62395217865014,45.08575748611912],[141.6238717900511,45.085769494766396],[141.62363115395465,45.08470027909465],[141.62371077812998,45.084693604326446],[141.62395217865014,45.08575748611912]]],[[[141.22735389116917,45.0992775052527],[141.227141946144,45.09925917077419],[141.2272666668233,45.09900750539214],[141.22753917039643,45.09910417082085],[141.22735389116917,45.0992775052527]]],[[[141.2271122181544,45.099416667245464],[141.2270763936607,45.099555838231424],[141.2269077815689,45.099537504652176],[141.22697972823198,45.09943194582769],[141.2271122181544,45.099416667245464]]],[[[141.20731247688934,45.110249108309745],[141.20600522685982,45.11159197329101],[141.20594486436403,45.11154794608092],[141.20723766498634,45.11020372132475],[141.20731247688934,45.110249108309745]]],[[[141.20170333334227,45.11541055855048],[141.20145221834525,45.11538055896568],[141.20142805356193,45.11517666736938],[141.20163444887078,45.11513250526099],[141.20170333334227,45.11541055855048]]],[[[141.15029968867975,45.15312853165648],[141.14944252864984,45.15348336006906],[141.1494005581893,45.153428441169694],[141.15029968867975,45.15312853165648]]],[[[141.13446250334187,45.193096279369854],[141.1310069393188,45.19373289235915],[141.13100058380996,45.193656693701485],[141.13444980491465,45.19302455933598],[141.13446250334187,45.193096279369854]]],[[[141.1360476133068,45.20345925184307],[141.13523163413265,45.20415864020913],[141.13516822293525,45.20410783840606],[141.1359757457841,45.203402467749754],[141.1360476133068,45.20345925184307]]],[[[141.13517108907456,45.205346468364894],[141.1350991963709,45.20539130586411],[141.13458763860865,45.20488919817802],[141.1346552793177,45.20484135964108],[141.13517108907456,45.205346468364894]]],[[[141.13206861237666,45.21330138734919],[141.13209444899974,45.21343389166083],[141.13194167306983,45.21342333272071],[141.13195027238726,45.21330499992587],[141.13206861237666,45.21330138734919]]],[[[141.13728313880586,45.21867961287387],[141.13700247658312,45.21833250514106],[141.13707632890953,45.21830117096232],[141.13728313880586,45.21867961287387]]],[[[141.24610527923528,45.100688612589465],[141.2484152787422,45.10323610776021],[141.25575333295,45.10561638658703],[141.26730055787448,45.10836861332092],[141.27245000036726,45.10822961320616],[141.27550647224598,45.11060394571558],[141.28011833958976,45.10690610793057],[141.28702360585476,45.11024138673065],[141.28626596570177,45.11457846802193],[141.29294610917566,45.1192022253025],[141.2922058367301,45.122661107823944],[141.29500055822928,45.124974171321014],[141.30094500590735,45.12512361256472],[141.3087350063156,45.1301058378142],[141.30816778231735,45.13437750511781],[141.31068846959727,45.13773063995711],[141.31683861201236,45.14131861296369],[141.3227466668253,45.14613499963059],[141.3294733331279,45.14907777471956],[141.32823693888372,45.157182775264914],[141.32925778182118,45.160138613006666],[141.327206939049,45.17207166687399],[141.32482082991748,45.176217775330144],[141.32461333293907,45.1836605591875],[141.3180350062106,45.19349417091928],[141.3184636060107,45.19707638736543],[141.3136602721039,45.19910250507661],[141.31089972843984,45.205346945904864],[141.30355000013242,45.21464027912566],[141.2961369388687,45.22001277506956],[141.28231194613943,45.22330917078165],[141.2790758373801,45.22597861312255],[141.2796247206045,45.231291386888074],[141.2690144489577,45.235864720980146],[141.2647122181944,45.23007555923971],[141.253858832819,45.235228748308145],[141.24526944213108,45.23394686455623],[141.23412608295246,45.233931026595656],[141.22720878106043,45.23716310819094],[141.2287174972148,45.23953917099601],[141.22756639377417,45.24426861300611],[141.22091167323515,45.24714805423935],[141.21824194580927,45.25018833292529],[141.21180666704413,45.251535838408245],[141.20087888525245,45.256227505295215],[141.19919221844623,45.25882138659779],[141.18924693879524,45.25683889230112],[141.18761389136807,45.25218194643975],[141.18319944230052,45.25306861322599],[141.17909944208566,45.24999666671283],[141.17902749722134,45.24704610799154],[141.17606306106143,45.24306889221566],[141.17046333341614,45.238467224982514],[141.16377916997283,45.23846361330516],[141.15612194637083,45.23513361262616],[141.153206667154,45.23240805438826],[141.15272527894854,45.2280797208025],[141.15005333289503,45.22479417091432],[141.1423144490526,45.22388917144815],[141.13585500640352,45.21523889216121],[141.13237916986282,45.21345638730247],[141.13588972832838,45.20642500011371],[141.1393916730873,45.20459610822388],[141.135477782174,45.19971333270422],[141.14246805415746,45.19387944138316],[141.14172610897276,45.1903997206706],[141.13550055840415,45.18662333340018],[141.12999472087972,45.18805222483036],[141.1292494419083,45.18439166664217],[141.13989722427755,45.1813869462506],[141.13561944158403,45.17720638656556],[141.13881749732968,45.173415000401974],[141.13792360628952,45.16997583821444],[141.14098111508645,45.16217833296378],[141.14421944157402,45.159517775025336],[141.14903722398878,45.159075000111216],[141.15170778238826,45.15624277508408],[141.15229500640953,45.15139417110419],[141.16138194611995,45.14665110796233],[141.16395583729218,45.14309583790265],[141.16569555060926,45.137464440631504],[141.171437782128,45.13307638666595],[141.18001583686146,45.12801917144765],[141.19335111456235,45.12462166675658],[141.19663944155707,45.12062166665663],[141.2001022181429,45.11876555858373],[141.2042997282499,45.113954441044655],[141.21439888460088,45.11094055925946],[141.2186161348268,45.106886748224895],[141.22733805410803,45.10504499962707],[141.22685386541366,45.09997766703577],[141.2375136060681,45.09700999961183],[141.24610527923528,45.100688612589465]]],[[[141.31713752327812,45.13613933276406],[141.31664868958546,45.13786197335145],[141.3165612188252,45.13784374769085],[141.31713752327812,45.13613933276406]]],[[[141.2331688067951,45.24074322472012],[141.233109688961,45.24078497304811],[141.2319939954266,45.23951389195258],[141.23205311326058,45.23946430603297],[141.2331688067951,45.24074322472012]]],[[[141.23333333326673,45.24255527860328],[141.23172369609176,45.24368046807922],[141.23166274993605,45.24362174774552],[141.23333333326673,45.24255527860328]]],[[[141.1762477818097,45.24387944128324],[141.17633917001672,45.24410583841376],[141.1759688849561,45.244216946055246],[141.1759166667208,45.24391917063326],[141.1762477818097,45.24387944128324]]],[[[141.1759544490386,45.24490999959687],[141.17521389060857,45.24472610802354],[141.1760211148826,45.24444833262453],[141.1759544490386,45.24490999959687]]],[[[141.17499027238318,45.24696889220064],[141.17456834015684,45.246966107899595],[141.17441389058865,45.24682083771154],[141.1747850057235,45.24663166711781],[141.17499027238318,45.24696889220064]]],[[[141.1781263936182,45.24851138689104],[141.17823138766846,45.24858638675238],[141.17811111503602,45.24867250493219],[141.17800778203355,45.24853889175648],[141.1781263936182,45.24851138689104]]],[[[141.17835306144468,45.24923361264115],[141.17828221824982,45.249396108443705],[141.17816972835033,45.249341107706016],[141.17835306144468,45.24923361264115]]],[[[141.1784861089468,45.25133417083538],[141.178262503312,45.251076667054576],[141.17859250324148,45.251044170951786],[141.1784861089468,45.25133417083538]]],[[[141.17781944241335,45.25137194595857],[141.17791693881577,45.25151027877638],[141.1777805584261,45.25152333333523],[141.1776813883854,45.25144166679951],[141.17781944241335,45.25137194595857]]],[[[141.17925111544673,45.251424441185065],[141.17930555141015,45.25162805399157],[141.1791425034238,45.251614440953745],[141.17911138778038,45.25146638736396],[141.17925111544673,45.251424441185065]]],[[[141.1873509727692,45.25354144078494],[141.18660124485166,45.253772838146006],[141.18657708186686,45.253708279413615],[141.1873509727692,45.25354144078494]]],[[[141.20940555092545,45.2557761076813],[141.20848500577847,45.25545583841625],[141.20860888469235,45.25473305418717],[141.20967472071186,45.25500610814544],[141.20940555092545,45.2557761076813]]],[[[141.02229167342205,45.27578417060306],[141.02236444925995,45.27588527868272],[141.02215444856904,45.27590138733922],[141.0221580539511,45.275811667374626],[141.02229167342205,45.27578417060306]]],[[[141.0200450059723,45.27717944087857],[141.02007583743,45.27732555912729],[141.01982834040564,45.27735972077454],[141.0198591700647,45.27723527888509],[141.0200450059723,45.27717944087857]]],[[[141.01793639434914,45.27887500018119],[141.01799666691272,45.27905444100969],[141.0178097284363,45.27903194626737],[141.01793639434914,45.27887500018119]]],[[[141.0175736060371,45.27940972088197],[141.01766000030887,45.279512224709435],[141.01742666670737,45.27959694624212],[141.01736861187203,45.279444441008195],[141.0175736060371,45.27940972088197]]],[[[141.0158105580109,45.28019555927767],[141.01574972786773,45.28102944125578],[141.01523722401873,45.281132775157516],[141.01525416274944,45.28031277511451],[141.0158105580109,45.28019555927767]]],[[[141.01933360626094,45.28823805424287],[141.01932138807172,45.28805472114851],[141.01955416319413,45.288111945909634],[141.01933360626094,45.28823805424287]]],[[[141.02057111476518,45.28954555878056],[141.02005416286943,45.289437224648225],[141.02035833966568,45.28906361299539],[141.02094888488318,45.28944638694128],[141.02057111476518,45.28954555878056]]],[[[141.0254025030232,45.29345333340467],[141.0253572239568,45.2936266669372],[141.02516444888033,45.29348861290919],[141.0254025030232,45.29345333340467]]],[[[141.04999999970028,45.294682333423],[141.0536790272654,45.296171613429294],[141.0536365244061,45.29622561322151],[141.04999999970028,45.294682333423]]],[[[141.05128530537263,45.301426333258746],[141.05067697786035,45.30036591925182],[141.05127185511208,45.29698610782265],[141.05135411160302,45.29699438698145],[141.05076761333476,45.30035997293447],[141.05128530537263,45.301426333258746]]],[[[141.05309247683635,45.30239674761185],[141.05182344979244,45.30353619763747],[141.05176114116375,45.3034842249171],[141.05309247683635,45.30239674761185]]],[[[141.01755861164065,45.304662225281504],[141.01755861164065,45.30477583843424],[141.01734138759502,45.304800558998636],[141.0174022177382,45.304658892394],[141.01755861164065,45.304662225281504]]],[[[141.0172052788006,45.30510444081733],[141.01704082967058,45.30532444107013],[141.01687888515244,45.3053752788461],[141.01710610876,45.30506222484183],[141.0172052788006,45.30510444081733]]],[[[141.01903250334738,45.30544277476429],[141.01906693928788,45.305591108043245],[141.0189005584141,45.3055405589497],[141.01903250334738,45.30544277476429]]],[[[141.01941221779964,45.30666055933739],[141.01944306094856,45.3067969460223],[141.0192750064365,45.30675277492065],[141.01941221779964,45.30666055933739]]],[[[141.0186316728135,45.30701222483435],[141.01850277568258,45.307101108429435],[141.01763055830372,45.30647055866939],[141.01774500602733,45.30638555924622],[141.0186316728135,45.30701222483435]]],[[[141.01708833995497,45.31396972102584],[141.01714250342388,45.314030838052815],[141.01696972837033,45.3141613872383],[141.01690111459482,45.31410222533748],[141.01708833995497,45.31396972102584]]],[[[141.01675944169494,45.31394472077233],[141.01683082987893,45.314095558663155],[141.01664333292354,45.31410917080166],[141.01675944169494,45.31394472077233]]],[[[141.01644416276793,45.31405250541883],[141.01649999987512,45.31420666720396],[141.01631138776042,45.31416472102512],[141.01644416276793,45.31405250541883]]],[[[141.01282916963055,45.31655333296999],[141.0129416730199,45.31663166661815],[141.0128519458607,45.31680861272736],[141.01262416287489,45.31662389197908],[141.01282916963055,45.31655333296999]]],[[[141.0131650061602,45.31695499987342],[141.0132025033929,45.31717250540686],[141.01293472126042,45.317089170628776],[141.0131650061602,45.31695499987342]]],[[[141.01296389077106,45.31730666716902],[141.01315944205464,45.31737972089746],[141.01300000034985,45.31743944127726],[141.01296389077106,45.31730666716902]]],[[[141.00977722403968,45.3195791712418],[141.00972194631083,45.31971500034706],[141.00955194566586,45.319681666975384],[141.00960360632143,45.319572504567475],[141.00977722403968,45.3195791712418]]],[[[141.00955749718082,45.32004083821414],[141.00953693867882,45.320168612991154],[141.0092952791539,45.320178892242154],[141.00934416270297,45.3200030540977],[141.00955749718082,45.32004083821414]]],[[[141.00650527909545,45.32372277508608],[141.0065988850306,45.32377583778475],[141.0065819462999,45.323879170787166],[141.0064038913266,45.32382555860272],[141.00650527909545,45.32372277508608]]],[[[141.00422221788108,45.32475166695593],[141.00437805420393,45.32488527923232],[141.00427027225533,45.32493110778444],[141.00409360583535,45.32486694565307],[141.00422221788108,45.32475166695593]]],[[[141.00467055780007,45.32497583826438],[141.0046297276798,45.325126386573515],[141.0045105576162,45.32507083814869],[141.00467055780007,45.32497583826438]]],[[[141.00499888499064,45.325035558644174],[141.0050674969675,45.325143613087334],[141.00491555111182,45.32518610785263],[141.0048088852219,45.32511694639004],[141.00499888499064,45.325035558644174]]],[[[141.00476778170787,45.32534027863102],[141.00478360617853,45.325482775309865],[141.00459888543025,45.32550583842374],[141.00461555076708,45.32540083807828],[141.00476778170787,45.32534027863102]]],[[[141.00368944241393,45.327031666877986],[141.0036877822654,45.327241666669636],[141.00348610929655,45.327165000364516],[141.00368944241393,45.327031666877986]]],[[[140.99900055802937,45.32958610841223],[140.99865693876677,45.329573332643236],[140.9986530608901,45.329466387064144],[140.99890610942953,45.329450279307025],[140.99900055802937,45.32958610841223]]],[[[140.99976472096512,45.32958805364581],[140.99923805369326,45.32926333273667],[140.9997174966652,45.32907250469236],[141.0002113881451,45.32930694625861],[140.99976472096512,45.32958805364581]]],[[[141.00341444861795,45.33715610766831],[141.00334527906148,45.33726166739211],[141.0032122180695,45.33720083814819],[141.00329527855433,45.33711999988816],[141.00341444861795,45.33715610766831]]],[[[141.00096749675265,45.338903892400765],[141.00100639422976,45.33905694622115],[141.00082360612464,45.3390838917083],[141.00084306115843,45.33896027899374],[141.00096749675265,45.338903892400765]]],[[[141.0004113883749,45.339748333318994],[141.0004333327322,45.339910278736454],[141.00025917002472,45.3399080538137],[141.00029778241674,45.33975499999332],[141.0004113883749,45.339748333318994]]],[[[141.00024027167126,45.34172500000881],[141.00035944173487,45.34194527905146],[141.00013500602574,45.341996946002325],[140.99999083031264,45.341738333357455],[141.00024027167126,45.34172500000881]]],[[[140.99936138761802,45.34292527927829],[140.99946444902514,45.34316055901263],[140.99921805367035,45.34312750533019],[140.99936138761802,45.34292527927829]]],[[[141.05520972824638,45.34295666741633],[141.05535666667686,45.34318805398556],[141.0552402719211,45.343237505006925],[141.05513500627558,45.343086945905895],[141.05520972824638,45.34295666741633]]],[[[141.05528833978508,45.34350666669934],[141.05547277634764,45.343608891737006],[141.055342503254,45.34372027906767],[141.0551722184232,45.34358777475603],[141.05528833978508,45.34350666669934]]],[[[140.99921055782102,45.34393861287674],[140.99924778165985,45.34414361333717],[140.9990111151709,45.344080278582055],[140.99921055782102,45.34393861287674]]],[[[140.99729389120023,45.346533891725755],[140.99732194555145,45.34667277492866],[140.99719722397276,45.34670583760436],[140.9970883403547,45.34660472143082],[140.99729389120023,45.346533891725755]]],[[[140.9980161088564,45.346758054041004],[140.99829055766315,45.3470461077917],[140.99792277631514,45.347155000403006],[140.9980161088564,45.346758054041004]]],[[[141.05684194559933,45.347464720620394],[141.05695111520185,45.34756833331198],[141.05678888469936,45.347650559226],[141.05674693941978,45.34747861334739],[141.05684194559933,45.347464720620394]]],[[[141.0578513878313,45.34928333325928],[141.05794500635704,45.34932610771375],[141.05781083020577,45.34946027936843],[141.05769250280684,45.3493566666769],[141.0578513878313,45.34928333325928]]],[[[141.0576991703805,45.349754441314474],[141.05780055814932,45.34982417114861],[141.05770389092186,45.349907505027375],[141.0576072236945,45.34982277540081],[141.0576991703805,45.349754441314474]]],[[[141.0591697283004,45.35123833258302],[141.05945194635035,45.35138000008698],[141.05924472096717,45.35156583779326],[141.05898111528631,45.351493892029566],[141.0591697283004,45.35123833258302]]],[[[140.9978044489162,45.35171389228236],[140.9981344488458,45.35185305427507],[140.99804416320762,45.35214361263769],[140.9975519462654,45.35193917065624],[140.9978044489162,45.35171389228236]]],[[[141.0599641633155,45.35255777472156],[141.0600497284123,45.352693054341046],[141.0599002718801,45.35269166668712],[141.0599641633155,45.35255777472156]]],[[[140.99845194640022,45.3526738915869],[140.99860444893625,45.3528888916091],[140.99838027223188,45.35304555890548],[140.9981338912661,45.352871108415],[140.99845194640022,45.3526738915869]]],[[[141.05947333312793,45.35411305417415],[141.0595544492785,45.35437110834005],[141.0592925028468,45.354265000029784],[141.05947333312793,45.35411305417415]]],[[[141.0595602723887,45.355358054031],[141.05957277566313,45.35559055935687],[141.0593858371867,45.355527224601815],[141.0595602723887,45.355358054031]]],[[[140.9959827758845,45.355554440784886],[140.9962072241841,45.35567333295802],[140.99610444876134,45.35591083761511],[140.9958938913901,45.355895837822686],[140.9959827758845,45.355554440784886]]],[[[140.99435583665263,45.36053000025936],[140.99424055795544,45.360712225388966],[140.9939569387618,45.360568054172404],[140.9940597276743,45.360446667279916],[140.99435583665263,45.36053000025936]]],[[[141.06020444867647,45.36186361301537],[141.06013277630666,45.3622480543043],[141.05990833969815,45.36216472132486],[141.05980555078565,45.36187638698573],[141.06020444867647,45.36186361301537]]],[[[140.99367055775008,45.36329110779843],[140.99335555131768,45.363236667338356],[140.9933852793073,45.36307861328743],[140.99362221829085,45.36313944073265],[140.99367055775008,45.36329110779843]]],[[[140.99275834032517,45.36397777525417],[140.99254167295987,45.36396861296117],[140.99262888471537,45.36385777511629],[140.99275834032517,45.36397777525417]]],[[[140.9921950058948,45.36446638681434],[140.9920141630232,45.36475472115353],[140.99180221799804,45.364458891864444],[140.9921950058948,45.36446638681434]]],[[[140.99160639421973,45.365251946420244],[140.991494163325,45.36509250471539],[140.9918088846723,45.365082505153566],[140.99160639421973,45.365251946420244]]],[[[140.9918619455724,45.36531000035626],[140.99174972816752,45.365466946442496],[140.9916747211115,45.36534805426936],[140.9918619455724,45.36531000035626]]],[[[141.06101277641858,45.370365559023355],[141.0608719461834,45.37052250510959],[141.06078389086395,45.37041917120786],[141.06101277641858,45.370365559023355]]],[[[140.9869963938686,45.3712661077447],[140.98706639439865,45.37151389165285],[140.9867922180864,45.371522775155995],[140.98679360574033,45.3713091708816],[140.9869963938686,45.3712661077447]]],[[[140.98661500577794,45.37207999959236],[140.98656360592577,45.37225694570151],[140.9864480538347,45.37215833324052],[140.98661500577794,45.37207999959236]]],[[[140.98631888510852,45.373094441155615],[140.98668055826124,45.37322083817122],[140.98654972758789,45.37334999970278],[140.98631749655533,45.37329417068946],[140.98631888510852,45.373094441155615]]],[[[141.05952138840144,45.374606946153676],[141.0595433327586,45.37481694594533],[141.0593547206439,45.37476889157114],[141.05952138840144,45.374606946153676]]],[[[140.9850525029707,45.375040837564654],[140.9851147207678,45.3752444413779],[140.98487778178423,45.375282224595026],[140.9847580541409,45.37513805427784],[140.9850525029707,45.375040837564654]]],[[[141.0597238914445,45.375246667199974],[141.05976416308567,45.37541610756739],[141.05961610859663,45.375450279107156],[141.05948555131715,45.375263053747005],[141.0597238914445,45.375246667199974]]],[[[140.98474527927124,45.37540638679536],[140.9844091702471,45.375770278575544],[140.98425888543932,45.375553891798745],[140.98474527927124,45.37540638679536]]],[[[141.05977805401403,45.37586917072571],[141.05981389109832,45.37599999960037],[141.05963555103995,45.37599694640198],[141.05959583697836,45.37584777495488],[141.05977805401403,45.37586917072571]]],[[[140.98411527899702,45.37598750531919],[140.98422055813228,45.37618222472992],[140.983950829867,45.37618527882762],[140.98411527899702,45.37598750531919]]],[[[141.05976083019823,45.37648944123475],[141.05993082994394,45.376594170884346],[141.05978972811351,45.376648332554566],[141.05962055844213,45.3765447207623],[141.05976083019823,45.37648944123475]]],[[[140.98273583678952,45.379712505327916],[140.98266167329768,45.38047083795885],[140.98206722412317,45.380264171054705],[140.98273583678952,45.379712505327916]]],[[[140.98514693898017,45.38449138666823],[140.985266939118,45.38458889206379],[140.98497888536735,45.3846488921327],[140.984960272099,45.384489999913626],[140.98514693898017,45.38449138666823]]],[[[141.0562463938561,45.38756389166031],[141.05616138813764,45.38766999997057],[141.05597444876184,45.387636386909776],[141.05594333311842,45.38754027906066],[141.0562463938561,45.38756389166031]]],[[[141.05734910477747,45.38857827926421],[141.05730291829514,45.38864069401285],[141.05649822291468,45.38821746766206],[141.0565405836811,45.38815236034321],[141.05734910477747,45.38857827926421]]],[[[140.98780000016995,45.38965277485573],[140.9878747212415,45.38977917097202],[140.9876763937507,45.389769171410194],[140.98780000016995,45.38965277485573]]],[[[140.9869719457987,45.390729170714735],[140.98704389066313,45.39088499984291],[140.9868336057864,45.390824999774],[140.9869719457987,45.390729170714735]]],[[[140.98775360594425,45.390895000304056],[140.987831388308,45.39103444108662],[140.98770389142146,45.39121250505315],[140.98754333275872,45.39113610764531],[140.98758944189933,45.39095194627538],[140.98775360594425,45.390895000304056]]],[[[140.98750472126596,45.39335527922282],[140.987586939086,45.3935033328126],[140.98741944215362,45.39351277479477],[140.9873722178536,45.39340555941908],[140.98750472126596,45.39335527922282]]],[[[140.9869988849906,45.3932527753953],[140.98686639416883,45.39356750483654],[140.9865399996213,45.39342222475591],[140.98676944185627,45.39316917082061],[140.9869988849906,45.3932527753953]]],[[[140.9858519463104,45.394284440774356],[140.98601055794097,45.394587225420196],[140.98570194568833,45.39464444118806],[140.98555778166633,45.3943272251214],[140.9858519463104,45.394284440774356]]],[[[140.9807558372122,45.39490666730893],[140.98085778166137,45.39508194607498],[140.9806169387208,45.39507777501933],[140.9807558372122,45.39490666730893]]],[[[140.98537027212046,45.3949580536713],[140.98543472113556,45.395260838317085],[140.98509639438316,45.39516305413167],[140.98537027212046,45.3949580536713]]],[[[140.98099861189644,45.39513027923903],[140.98111194625938,45.39523277497261],[140.9808972241276,45.395255559296686],[140.98099861189644,45.39513027923903]]],[[[140.98027444900663,45.39504083806429],[140.98046805415743,45.395187774696126],[140.98030416260713,45.39533472122048],[140.98018250322002,45.39517777513424],[140.98027444900663,45.39504083806429]]],[[[140.98255639416232,45.39567250478234],[140.98279444920456,45.39585138713187],[140.98253555057522,45.39589194565684],[140.98255639416232,45.39567250478234]]],[[[141.05702444861947,45.407536107605324],[141.05705722441144,45.40761833262002],[141.0569372242735,45.40767361304688],[141.05684527938615,45.40759527939866],[141.05702444861947,45.407536107605324]]],[[[140.99016878116436,45.41011825185592],[140.98974841825498,45.41044374798065],[140.98970097272183,45.41038708079918],[140.99010719828868,45.4100624678087],[140.99016878116436,45.41011825185592]]],[[[140.98377472102663,45.411134171005244],[140.98271194629933,45.41093333260727],[140.98265805442577,45.4104047210011],[140.98390027178016,45.41038583793613],[140.98377472102663,45.411134171005244]]],[[[140.98407583743005,45.41437610827086],[140.98392167294696,45.414522775106036],[140.98363111458434,45.414435558853995],[140.98401111502096,45.41430889204179],[140.98407583743005,45.41437610827086]]],[[[140.98179000000857,45.41455083755119],[140.98185444902367,45.41472138678262],[140.9815325034224,45.4148463871511],[140.9814502721124,45.41467777505932],[140.98179000000857,45.41455083755119]]],[[[140.9849913877424,45.41621472093266],[140.9851183396397,45.416389999698765],[140.98495277624966,45.416470559169],[140.98482027193802,45.4163383327479],[140.9849913877424,45.41621472093266]]],[[[141.06180416273196,45.433091667346616],[141.06178111490658,45.43316444138594],[141.06157834026828,45.433190838286635],[141.06165055762722,45.43304750523822],[141.06180416273196,45.433091667346616]]],[[[140.96628778155593,45.43965444119954],[140.96548111486163,45.439378891622596],[140.9644663936092,45.43966583830786],[140.9630047209912,45.43926638733399],[140.96449861182157,45.43816917127032],[140.96628778155593,45.43965444119954]]],[[[140.96532916990532,45.43995277510055],[140.96495360582435,45.43990222510763],[140.96522527932325,45.439575837754774],[140.9654730614327,45.43953638719455],[140.96532916990532,45.43995277510055]]],[[[140.98910658919783,45.44171035974534],[140.9892221143092,45.44186858556685],[140.98911408594643,45.4419024414446],[140.98898250343984,45.441776108280806],[140.98910658919783,45.44171035974534]]],[[[141.03177654964816,45.444702837665886],[141.03008394281972,45.44607422464583],[141.0300271344447,45.44603422459983],[141.03171975386363,45.44465483815031],[141.03177654964816,45.444702837665886]]],[[[140.98892907921368,45.44734980235154],[140.98871472130736,45.448227332925114],[140.9886304413419,45.44821238709204],[140.98892907921368,45.44734980235154]]],[[[140.9876869392009,45.44893166666316],[140.98741527919185,45.44911722468021],[140.9873113877104,45.44896555941307],[140.9876869392009,45.44893166666316]]],[[[140.9801997279352,45.45287999981218],[140.9802841625841,45.452990279178096],[140.98003389115127,45.45297444121752],[140.9800583401203,45.45287777488943],[140.9801997279352,45.45287999981218]]],[[[140.96611111513596,45.45464083820417],[140.96627861206832,45.45464638702117],[140.96627861206832,45.45475333260026],[140.9660711150899,45.45473083785794],[140.96611111513596,45.45464083820417]]],[[[140.96548778243528,45.45503999959635],[140.96572749672669,45.45533250499119],[140.9654238909999,45.45536610815941],[140.96548778243528,45.45503999959635]]],[[[141.0462408038701,45.45523000026435],[141.04549496821824,45.45592583810702],[141.04544291815625,45.4558770004233],[141.04616564213075,45.45518525179796],[141.0462408038701,45.45523000026435]]],[[[140.9660950055801,45.456018891858434],[140.96620693879925,45.45606944095198],[140.96615888532438,45.45620444088229],[140.96599111499802,45.45610333280263],[140.9660950055801,45.456018891858434]]],[[[140.96516027182918,45.45698638701219],[140.96501639379164,45.456890837642106],[140.9652722176388,45.45671638715157],[140.96539999961033,45.45685722458131],[140.96516027182918,45.45698638701219]]],[[[140.97344082993038,45.45799138659328],[140.97344333274373,45.45806444122104],[140.97322027209793,45.45813500023013],[140.9732013881336,45.458037775423065],[140.97344082993038,45.45799138659328]]],[[[141.03878111455685,45.45816833270243],[141.03889555058925,45.45829417123906],[141.03871194589965,45.45830305384294],[141.03878111455685,45.45816833270243]]],[[[140.9656313879782,45.458792224781405],[140.96591111490613,45.45909610839874],[140.96558333270468,45.45912972056021],[140.9656313879782,45.458792224781405]]],[[[140.97010055809437,45.46064417079191],[140.97008693876126,45.460778891932364],[140.96992389077502,45.4606816671253],[140.97010055809437,45.46064417079191]]],[[[141.03256333323134,45.460994170744414],[141.03251972780322,45.4611241713435],[141.0323825029502,45.46105250526898],[141.03256333323134,45.460994170744414]]],[[[140.96663693884375,45.46365805437574],[140.9662219457863,45.46361722515485],[140.96636082988846,45.46341972144302],[140.96663693884375,45.46365805437574]]],[[[140.96734666671534,45.46421861259893],[140.96648610904674,45.457740000001024],[140.96760500596633,45.45304889159314],[140.97326833996203,45.45227277486873],[140.97684722441988,45.447631666967936],[140.97503444928043,45.44346333266674],[140.96635167299144,45.438602505101585],[140.98205639358775,45.4355655593032],[140.99132277592548,45.429270838278626],[140.99343167263362,45.426401946092994],[140.9940477819796,45.4203094412278],[140.98794610942548,45.415949440714144],[140.98686527900952,45.41239638658402],[140.99047888539235,45.410680278671975],[140.99152861185598,45.40697055904411],[140.98658082974157,45.40278583819594],[140.98517111455533,45.39616110824858],[140.9891130607192,45.39247861289772],[140.99071693863584,45.38614417061706],[140.98269027173876,45.38308889213869],[140.9830497280626,45.37962444101521],[140.98486277569657,45.37798610827235],[140.98441444926743,45.37624472131688],[140.98608917037893,45.374409440643205],[140.98688972797868,45.374237504657174],[140.9866497277028,45.37255805401105],[140.98867693898956,45.37157194558887],[140.98944055783556,45.368014721302416],[140.99456639402388,45.36286722494253],[140.99645861167562,45.35585694574149],[140.9986152785723,45.35361333328876],[140.99948916958954,45.3514113873257],[140.9998869388312,45.34365138740168],[141.0035011153842,45.338170279434905],[141.00415055810186,45.334875837949596],[141.0020400003458,45.33086944097198],[141.00640861186798,45.32429972075556],[141.0203330606223,45.31283083757313],[141.0228697279556,45.308682225404425],[141.0226341370559,45.30404725177931],[141.02500111490963,45.302293892149464],[141.02674138760506,45.29618750534917],[141.02486221821687,45.29003277459293],[141.02113888465192,45.28933194641223],[141.01675360599415,45.28346917066574],[141.01851138759048,45.2796027747483],[141.02543444874084,45.27399083790692],[141.03071277577408,45.273566667267914],[141.03647722414462,45.27528527889257],[141.04206652415087,45.27379769410834],[141.046481672891,45.27817944112837],[141.04555111469222,45.28367472061194],[141.04731027225137,45.288265279419136],[141.04497993457642,45.29515204483107],[141.04840778239327,45.3007803601256],[141.04764722394032,45.30243305414217],[141.05112972805455,45.30615417087836],[141.0522616732377,45.310688891679035],[141.05654749676967,45.316895837972595],[141.05664778196967,45.31934389240678],[141.05318333264472,45.329888053990544],[141.05119027221338,45.33216499981495],[141.05123469512512,45.33638627900365],[141.04934472128195,45.34064472087721],[141.05467250293373,45.34309250461547],[141.05606182869053,45.34752550489816],[141.05749797675026,45.350145441359075],[141.05891500612267,45.35154777490993],[141.0583411145509,45.35841750536366],[141.06001472140235,45.36315889216917],[141.05842138803666,45.36647722504398],[141.0597325033524,45.36996277516198],[141.05892944204015,45.37827500019114],[141.05650819729556,45.38596305435152],[141.05444167304483,45.38842527940318],[141.05749333265123,45.39066083842698],[141.0584694424109,45.395898892020284],[141.0564288851849,45.4043911082631],[141.05657027210043,45.408537775198226],[141.06007834034324,45.41562194629586],[141.06203919605207,45.416702891825025],[141.06179138786229,45.4211252792083],[141.06698250314003,45.42251110840101],[141.05998944235898,45.43178333273465],[141.05528306076474,45.439258054215884],[141.05488277611926,45.443107225418146],[141.04948055758177,45.450747774690115],[141.03316444908012,45.46105305385538],[141.03216389125066,45.45907972095239],[141.03513778198317,45.45162361273958],[141.0363631127675,45.443168080742396],[141.0326772242745,45.438515558646145],[141.02421000019137,45.434959721114296],[141.01331847007145,45.433033359801755],[140.99849583691343,45.43499777502734],[140.99111360620805,45.43873027897922],[140.9851283401009,45.44379305380642],[140.98584953342925,45.44741580179789],[140.98133138803314,45.448770559413845],[140.97957138780941,45.45264583793511],[140.97083805433283,45.45898472106808],[140.96734666671534,45.46421861259893]]],[[[140.96692389092493,45.464426107778706],[140.96671972773333,45.46473499972052],[140.96651583703635,45.46459833334649],[140.96692389092493,45.464426107778706]]],[[[140.96957693862487,45.46529361271013],[140.96956861180206,45.46537194635829],[140.9693877824203,45.465413891637866],[140.96942444867943,45.465285838071],[140.96957693862487,45.46529361271013]]],[[[140.96978610924157,45.46550110788985],[140.9697261091727,45.46564444093826],[140.96959055795799,45.465664440961234],[140.9694027759174,45.46557833267394],[140.96963944240645,45.465488892398525],[140.96978610924157,45.46550110788985]]],[[[140.97128999963388,45.46841972089345],[140.9710763935608,45.46849805364229],[140.97106834013186,45.468389721308654],[140.97128999963388,45.46841972089345]]],[[[140.9715727761627,45.46901638689678],[140.97162306085568,45.469213892407254],[140.97141500629755,45.46909805433182],[140.9715727761627,45.46901638689678]]],[[[140.97253972812598,45.472333054227136],[140.97250972764186,45.472725837627365],[140.97232472090923,45.47269055902211],[140.97226500592535,45.472408054088476],[140.97253972812598,45.472333054227136]]],[[[140.96204083032012,45.47438805366579],[140.9610536058393,45.47439138655329],[140.9609858374265,45.47366833342687],[140.9621636057659,45.473648613093076],[140.96204083032012,45.47438805366579]]],[[[140.9608130605743,45.47541305416917],[140.9606605580384,45.47544389192211],[140.96049500633956,45.47527833302871],[140.96053027235428,45.47522972107481],[140.9608130605743,45.47541305416917]]],[[[140.97097972813197,45.47683250541587],[140.97105583685743,45.47690750527721],[140.97083000000453,45.476949440664214],[140.97084916995334,45.47682583784217],[140.97097972813197,45.47683250541587]]],[[[140.9712133333287,45.477117225379686],[140.9709522178706,45.477362224986734],[140.97072111458783,45.477201107844905],[140.97088444855854,45.47705305425512],[140.9712133333287,45.477117225379686]]],[[[140.97141360605315,45.47758138707138],[140.97158138807072,45.477761387278235],[140.97141360605315,45.47780638665546],[140.97124583662617,45.47769389225937],[140.97141360605315,45.47758138707138]]],[[[140.9623630610065,45.47774389186719],[140.96248306114444,45.477828332811384],[140.96253888476178,45.47795777493144],[140.9624511154267,45.477991387092914],[140.96231527912687,45.47786777527767],[140.9623630610065,45.47774389186719]]],[[[140.9713736060072,45.47821666726543],[140.97150944230702,45.47836305441149],[140.97136555077964,45.478413613397606],[140.9712777823438,45.47828417127755],[140.9713736060072,45.47821666726543]]],[[[140.9706583401104,45.47990666695915],[140.97056306143622,45.480034721425284],[140.97040805428833,45.47991333273416],[140.9706583401104,45.47990666695915]]],[[[140.96442778211656,45.48012027932748],[140.9633622176923,45.47525666656196],[140.96942444867943,45.475279720682636],[140.96442778211656,45.48012027932748]]],[[[140.96364666696013,45.48042250459497],[140.96337749717384,45.48044972077804],[140.9634652790994,45.48025277464586],[140.96379277621577,45.48025277464586],[140.96364666696013,45.48042250459497]]],[[[140.9676108299759,45.482953332630245],[140.96757111501506,45.4830827747503],[140.96741111483118,45.482981386981464],[140.9676108299759,45.482953332630245]]],[[[140.9670999997652,45.48332472115902],[140.96697999962737,45.483482224824854],[140.96683639408434,45.483319171442645],[140.9670999997652,45.48332472115902]]],[[[140.96809749720182,45.483769720995895],[140.9675752788761,45.48360638702519],[140.96770027205002,45.48337694568954],[140.9679941633001,45.48354027876093],[140.96809749720182,45.483769720995895]]],[[[140.96714749655973,45.48387027869046],[140.96713167298833,45.48394333331822],[140.96690000043475,45.484016387046665],[140.96683610899925,45.4839544408448],[140.9670116728505,45.48387027869046],[140.96714749655973,45.48387027869046]]],[[[140.9615474973192,45.50371944129921],[140.96149555067916,45.50388750480454],[140.9612072244339,45.50359833319658],[140.96140693867937,45.503576108250854],[140.9615474973192,45.50371944129921]]],[[[140.96172722413212,45.50472583842674],[140.9617069390241,45.504892775081544],[140.96106500564554,45.5046563873824],[140.96140416337153,45.504463613205246],[140.96172722413212,45.50472583842674]]],[[[143.3303702715708,42.16690972080704],[143.33051944211866,42.16711110779147],[143.33023834012738,42.167210559319926],[143.33016250299715,42.167029720944925],[143.3303702715708,42.16690972080704]]],[[[143.33095444868889,42.169517225039954],[143.33106055789847,42.169629721234685],[143.330901672874,42.16970861336188],[143.33074277615822,42.16961277530936],[143.33095444868889,42.169517225039954]]],[[[143.33350306081763,42.17382694625661],[143.33332138787182,42.17382138664772],[143.3334274970814,42.173708892251625],[143.33350306081763,42.17382694625661]]],[[[143.33509111516287,42.17404083831411],[143.33495500636855,42.1739394406527],[143.3350683398321,42.17381027912114],[143.3351894416395,42.173883332849584],[143.33509111516287,42.17404083831411]]],[[[143.33262555092847,42.17408000019191],[143.33233805385817,42.17405194584069],[143.3322625027124,42.1739391708561],[143.33255749743057,42.17388305405973],[143.33262555092847,42.17408000019191]]],[[[143.33410027181014,42.1746594405808],[143.33417583734513,42.17488472075331],[143.33394138768494,42.17485638671292],[143.33410027181014,42.1746594405808]]],[[[143.336580830441,42.1766458379351],[143.33672472106912,42.17688777535062],[143.33650527929524,42.176882224734925],[143.33630861195297,42.1767188916636],[143.336580830441,42.1766458379351]]],[[[143.336006108795,42.1768652788096],[143.336157223677,42.17702277528093],[143.3359986120464,42.17702833309113],[143.33587000000057,42.176893333160876],[143.336006108795,42.1768652788096]]],[[[143.33419111502803,42.176910000296346],[143.33428944240393,42.17702805430133],[143.33421360617308,42.17711250513804],[143.3340019462329,42.17692694622167],[143.33419111502803,42.176910000296346]]],[[[143.33689111543265,42.17736027915362],[143.33670944158757,42.177315278877074],[143.33675500573895,42.17724222514863],[143.33692138841138,42.17723666733838],[143.33689111543265,42.17736027915362]]],[[[143.33475055809186,42.1780747212714],[143.334621946046,42.17806917065576],[143.33446306102155,42.17792277541582],[143.33465221812548,42.17788917134823],[143.33475055809186,42.1780747212714]]],[[[143.33441000012147,42.1781252793582],[143.33450834008784,42.178249170862614],[143.3343344489757,42.178266107794684],[143.33423610900934,42.17814222528352],[143.33441000012147,42.1781252793582]]],[[[143.33436472105507,42.178592505040115],[143.3343419457243,42.1783672248676],[143.33461444929742,42.178479999852186],[143.33436472105507,42.178592505040115]]],[[[143.3350227756806,42.17858666664142],[143.33501527893202,42.17873305378748],[143.33475055809186,42.17868805441026],[143.33475805394107,42.178592505040115],[143.3350227756806,42.17858666664142]]],[[[143.3360813883454,42.17873305378748],[143.335809442352,42.17881750462419],[143.3358397279212,42.178671107585615],[143.3360813883454,42.17873305378748]]],[[[143.3351588853743,42.17907055855949],[143.33521944212362,42.17919444107065],[143.33500778218342,42.179188612564474],[143.33505306124982,42.17907055855949],[143.3351588853743,42.17907055855949]]],[[[143.33467472096163,42.17937999998708],[143.33452360607964,42.179554440585036],[143.33441000012147,42.17952610834328],[143.33455389074948,42.179351666846],[143.33467472096163,42.17937999998708]]],[[[143.3373897283534,42.1818555592867],[143.33747277624764,42.181928891804944],[143.33733666655394,42.182063891735254],[143.33722333309038,42.181934440622],[143.3373897283534,42.1818555592867]]],[[[143.33568778206552,42.1833633329515],[143.33552888534985,42.18330722514838],[143.3356122183293,42.183222775210936],[143.33575583736206,42.183273333297734],[143.33568778206552,42.1833633329515]]],[[[143.33566527922937,42.18381361270809],[143.33578610944141,42.18393722542265],[143.3356122183293,42.18401610765727],[143.3354986123711,42.18390361326118],[143.33566527922937,42.18381361270809]]],[[[143.3358916727625,42.18592333319532],[143.3357027755627,42.18577694604926],[143.33580111462982,42.18572638706314],[143.3359825033899,42.18585583817645],[143.3358916727625,42.18592333319532]]],[[[143.33779778224198,42.186210278981264],[143.3377522180905,42.18637361295191],[143.33757083022965,42.18626666737288],[143.33779778224198,42.186210278981264]]],[[[143.33666333334622,42.18706527883961],[143.3363911148581,42.186947224834626],[143.33663306126687,42.18685722518086],[143.33666333334622,42.18706527883961]]],[[[143.33674639383105,42.187222775310886],[143.33670111476465,42.18736361274057],[143.33657250271892,42.1872736130868],[143.33674639383105,42.187222775310886]]],[[[143.33634527911136,42.188742224873806],[143.33638306142916,42.18893889221613],[143.33617888474782,42.18892194629086],[143.33612610893283,42.188820559421345],[143.33634527911136,42.188742224873806]]],[[[143.33707138813406,42.18932138737216],[143.3369655514191,42.189473333227795],[143.3368294417254,42.189326946081735],[143.33707138813406,42.18932138737216]]],[[[143.33818306079968,42.189636386610005],[143.33834194582425,42.18981666740535],[143.33815277612973,42.189782774655384],[143.33805444875384,42.18965333343465],[143.33818306079968,42.189636386610005]]],[[[143.33778250276032,42.189703892420766],[143.33772194601102,42.18994027922054],[143.33744972842226,42.189703892420766],[143.33778250276032,42.189703892420766]]],[[[143.3361863940869,42.1898108379998],[143.33616389125064,42.18996833267249],[143.33598221830482,42.190013612638154],[143.33602778155694,42.18982777493193],[143.3361863940869,42.1898108379998]]],[[[143.33724555084154,42.19053666733339],[143.33716972810055,42.1904466667803],[143.33731360613808,42.190379170862116],[143.33736639364417,42.1904466667803],[143.33724555084154,42.19053666733339]]],[[[143.33470389137153,42.191076667054574],[143.33459055790797,42.19119472105956],[143.3344922179416,42.19111055890522],[143.33470389137153,42.191076667054574]]],[[[143.33495333273015,42.196956108137954],[143.33495333273015,42.19705750489999],[143.33481722393583,42.19707417113614],[143.3347716732742,42.19699555869812],[143.33495333273015,42.196956108137954]]],[[[143.33642778201659,42.201524441100105],[143.33603444913058,42.2013275048605],[143.3363369387987,42.201198333436366],[143.33642778201659,42.201524441100105]]],[[[143.3359670035744,42.20201491875355],[143.3360312187658,42.20216991870683],[143.33559191973143,42.202281639685964],[143.3355094680876,42.20209946761639],[143.3359670035744,42.20201491875355]]],[[[143.33457444925148,42.203021108137705],[143.33436277582155,42.20291972126819],[143.33457444925148,42.20275666698666],[143.3347636063554,42.20286361256569],[143.33457444925148,42.203021108137705]]],[[[143.33505861186552,42.20308861304909],[143.33508888484425,42.203234721405295],[143.3349755513807,42.20325166733062],[143.33490749698342,42.20311666740031],[143.33505861186552,42.20308861304909]]],[[[143.33368194586512,42.203318891653566],[143.3336063938201,42.20351027907617],[143.33336444921008,42.20345972098937],[143.33352306084066,42.20330222541742],[143.33368194586512,42.203318891653566]]],[[[143.3322905579629,42.203994170994235],[143.3322452788966,42.20385361325373],[143.33247972765741,42.2038366673284],[143.3324872244059,42.20394361290744],[143.3322905579629,42.203994170994235]]],[[[143.3336897276988,42.204056108202906],[143.3335988853803,42.20420805405848],[143.33350805385362,42.20411805440472],[143.3336897276988,42.204056108202906]]],[[[143.32294972794762,42.20848333303945],[143.3227758368355,42.20843833276291],[143.3228211150025,42.20832583836682],[143.3229800000271,42.208393333385686],[143.32294972794762,42.20848333303945]]],[[[143.32070333299248,42.21056500007472],[143.32064277624318,42.21069444129546],[143.32048389121871,42.21072805435625],[143.32048389121871,42.21058750470962],[143.32070333299248,42.21056500007472]]],[[[143.3201202719331,42.216849171152376],[143.3201580542509,42.21696194613696],[143.32001444870787,42.217001108014756],[143.31998416313866,42.21687166679402],[143.3201202719331,42.216849171152376]]],[[[143.32317072644798,42.222755919250346],[143.32313260688431,42.22281574844811],[143.3219778863704,42.22220880229446],[143.3220160050347,42.222148973096694],[143.32317072644798,42.222755919250346]]],[[[143.3162091698174,42.230413613197754],[143.31628500604825,42.230548613128065],[143.3161563940024,42.2306780543488],[143.31604277635313,42.23051500006727],[143.3162091698174,42.230413613197754]]],[[[143.31561916958913,42.235572774663865],[143.31566416267106,42.235707774594175],[143.31550555104036,42.235679721142276],[143.31561916958913,42.235572774663865]]],[[[143.31296389067109,42.239139720621665],[143.31284277627321,42.23925222491033],[143.31275972837886,42.239167774972884],[143.31296389067109,42.239139720621665]]],[[[143.31148111456184,42.24530583769433],[143.31155666660698,42.24539583824736],[143.31136749691257,42.245452224840335],[143.3112919457667,42.245367774902945],[143.31148111456184,42.24530583769433]]],[[[143.31006666714302,42.2459469463945],[143.30997583741498,42.246115838175456],[143.30980944215207,42.246020278912795],[143.3098472235706,42.24593027925903],[143.31006666714302,42.2459469463945]]],[[[143.3090077819836,42.24712305368604],[143.30899250340133,42.2472241707589],[143.3088716731893,42.24729166667714],[143.30880333280766,42.24716777517273],[143.3090077819836,42.24712305368604]]],[[[143.3092269386724,42.24859694629208],[143.3090605577986,42.2487208377965],[143.30905306105,42.248574440757864],[143.3092269386724,42.24859694629208]]],[[[143.32496863759263,42.28596717134792],[143.3250264460138,42.286103918660956],[143.32479180299936,42.286309359789186],[143.32464994843644,42.28623217097794],[143.32496863759263,42.28596717134792]]],[[[143.3499999996004,42.30131558594559],[143.3530699478199,42.303909053560005],[143.352906523917,42.304016000038416],[143.3499999996004,42.30131558594559]]],[[[143.43539661466207,42.47377050510477],[143.4351261606439,42.47280505411004],[143.43520661489345,42.472792171321714],[143.43539661466207,42.47377050510477]]],[[[143.82668408620168,42.79930927929985],[143.82582586317312,42.797801359944856],[143.825898859345,42.79777064000308],[143.82668408620168,42.79930927929985]]],[[[141.2923052792653,43.22278172059998],[141.29249044068138,43.22259864021515],[141.2995778862105,43.22133480225938],[141.29954919603858,43.22159708144022],[141.2923052792653,43.22278172059998]]],[[[141.28944975370325,43.22872264023772],[141.2889490273758,43.22884653174208],[141.28709710834494,43.22363658556003],[141.28755955862675,43.223551251589015],[141.28944975370325,43.22872264023772]]],[[[141.42885569383532,43.4024896396852],[141.42877094712162,43.401842386816725],[141.42885569383532,43.401840170887226],[141.42885569383532,43.4024896396852]]],[[[141.37150916991231,43.49770166689848],[141.37146749712736,43.49791777488548],[141.3713477820745,43.497818891728514],[141.37150916991231,43.49770166689848]]],[[[141.37069444888982,43.49873889188643],[141.3709719463983,43.499178054223876],[141.3706925027568,43.498936667193504],[141.37069444888982,43.49873889188643]]],[[[141.3707130612588,43.50261166669509],[141.37076693874326,43.502745838349824],[141.37057389117217,43.502713053564605],[141.3707130612588,43.50261166669509]]],[[[141.36950055840407,43.50292805358686],[141.3696074967886,43.5030113865663],[141.3694913880172,43.50307889237706],[141.36936778159793,43.50305055923599],[141.36932888502008,43.502932505231],[141.36950055840407,43.50292805358686]]],[[[141.36885477322926,43.504498640400016],[141.36882639422276,43.504626387298],[141.36864785991088,43.504638000243574],[141.36862527883363,43.50452500042849],[141.36885477322926,43.504498640400016]]],[[[141.3639711145753,43.50851805416494],[141.3642411153353,43.50860277479825],[141.3640091702871,43.50871750490899],[141.3639711145753,43.50851805416494]]],[[[141.3611941627804,43.513366387448855],[141.36086917027603,43.51357750509783],[141.36075360559448,43.51344861336287],[141.3611941627804,43.513366387448855]]],[[[141.35865167323618,43.52059750507084],[141.35873778242274,43.52070305400281],[141.35862693918193,43.52077222535797],[141.35850944185734,43.52066917114536],[141.35865167323618,43.52059750507084]]],[[[141.3611847207983,43.53779610840371],[141.36106861202688,43.537959440575776],[141.3609913881421,43.537841107780935],[141.3611847207983,43.53779610840371]]],[[[141.34793805419793,43.66398389224287],[141.34800805382872,43.66404500027659],[141.34787167343904,43.6643991712848],[141.3477158371162,43.66421194592459],[141.34793805419793,43.66398389224287]]],[[[141.34830944182738,43.66455805361136],[141.34801360624294,43.66453110812421],[141.34804972841232,43.664403891826225],[141.3483330607222,43.664393612575225],[141.34830944182738,43.66455805361136]]],[[[141.3371669388032,43.69504610789164],[141.33707834029326,43.69524389219191],[141.33686472073032,43.69529083770203],[141.33695333273022,43.69508250525348],[141.3371669388032,43.69504610789164]]],[[[141.33540916979746,43.699084440694435],[141.33516416299574,43.69904972056821],[141.33532999977967,43.69888610780771],[141.33540916979746,43.699084440694435]]],[[[141.33465666657196,43.69975889175947],[141.3346800003818,43.69989972109528],[141.33452888460045,43.69986305393684],[141.33465666657196,43.69975889175947]]],[[[141.3326992480719,43.7052511980844],[141.3325386903084,43.70535655905803],[141.33246333341617,43.70526417080487],[141.3326992480719,43.7052511980844]]],[[[141.33133167331812,43.70547110840499],[141.33131221828432,43.705606666814276],[141.33116861184203,43.705525558757586],[141.33133167331812,43.70547110840499]]],[[[141.33114610900577,43.70619833258701],[141.33113555096497,43.706341386845565],[141.33095861205038,43.70627110842497],[141.33114610900577,43.70619833258701]]],[[[141.33101277641856,43.7073386126869],[141.33104444874243,43.707461108443454],[141.33086639376916,43.70743889159161],[141.33085666670183,43.707358054230895],[141.33101277641856,43.7073386126869]]],[[[141.3282397276813,43.7182402790657],[141.3284061085551,43.71839972077055],[141.32825389110428,43.71841972079352],[141.32813666717357,43.71834527941115],[141.3282397276813,43.7182402790657]]],[[[141.32804834025876,43.71838472097812],[141.3281144494224,43.71847527911092],[141.32795027188763,43.71854833283936],[141.32783888455697,43.71845250467942],[141.32804834025876,43.71838472097812]]],[[[141.32862639389305,43.718538333277536],[141.32876027236875,43.71861083841952],[141.32855972804907,43.71876444082636],[141.32841583742106,43.718592774636875],[141.32862639389305,43.718538333277536]]],[[[141.33044766492787,43.726229305737945],[141.33037666704956,43.7263763871606],[141.33026834011184,43.72625805436576],[141.33044766492787,43.726229305737945]]],[[[141.3308263937231,43.72651138709091],[141.33078000039677,43.72661250506309],[141.33063966299017,43.726599748179865],[141.33064027183116,43.726499721085304],[141.3308263937231,43.72651138709091]]],[[[141.33075639409242,43.72888055929042],[141.33055377413746,43.72904725222895],[141.33041555103694,43.72897610776124],[141.3306916725827,43.72883389167083],[141.33075639409242,43.72888055929042]]],[[[141.33415999978422,43.731161945967074],[141.3341938907355,43.73124777456519],[141.33389377437823,43.73127680198286],[141.33407666680478,43.7311488923076],[141.33415999978422,43.731161945967074]]],[[[141.32840333324725,43.74071055894518],[141.3282044490761,43.74101500014217],[141.32787610929506,43.74080055859895],[141.32797250312854,43.74060861269737],[141.32840333324725,43.74071055894518]]],[[[140.7778377561076,42.4988688018538],[140.7776274190702,42.49979763964939],[140.77736500589037,42.498799504593535],[140.7778377561076,42.4988688018538]]],[[[140.7820323614044,42.505247774964914],[140.78166980511753,42.50524053182511],[140.7818740861203,42.50505053205649],[140.7820323614044,42.505247774964914]]],[[[140.7698427759234,42.50581472107257],[140.76995221802053,42.50592500043848],[140.76974861240865,42.50619305416615],[140.7696391703115,42.505903612761585],[140.7698427759234,42.50581472107257]]],[[[140.7765862523537,42.50994484677733],[140.77665531758885,42.51009151361251],[140.77639596570134,42.510151793370596],[140.77641634164092,42.5099801352751],[140.7765862523537,42.50994484677733]]],[[[140.77705574612582,42.51572238657894],[140.77716603088766,42.515868279097845],[140.7769548376957,42.51592030577757],[140.7769180536253,42.515772558856554],[140.77705574612582,42.51572238657894]]],[[[140.77524773019866,42.51590594630244],[140.77534211404736,42.516088243377794],[140.77514463012062,42.51615094590949],[140.77496374767884,42.51605656835602],[140.77524773019866,42.51590594630244]]],[[[140.77804488975994,42.51787274832873],[140.77732547259257,42.517811053937066],[140.77716243809607,42.51656983842736],[140.77847224399898,42.517098666770096],[140.77804488975994,42.51787274832873]]],[[[140.77697115409558,42.51808991931438],[140.77682107703117,42.51815352296677],[140.77673013039123,42.51799581065819],[140.77697115409558,42.51808991931438]]],[[[140.77648625223878,42.51836455877742],[140.77498769122906,42.517665054398776],[140.77682522740236,42.51722374807758],[140.77648625223878,42.51836455877742]]],[[[141.00078194593016,42.29936972103587],[141.0005511151419,42.29959917136472],[141.00031527872716,42.29944610765182],[141.00051444888277,42.299301666638655],[141.00078194593016,42.29936972103587]]],[[[141.00154722402522,42.29945889241401],[141.00156805412246,42.29962889215972],[141.0013480538696,42.29967583766984],[141.00140555112534,42.29951833310463],[141.00154722402522,42.29945889241401]]],[[[141.0021097535623,42.300182972566176],[141.00212389090495,42.29987555910981],[141.00245416332905,42.299981946209925],[141.0021097535623,42.300182972566176]]],[[[141.00194814539066,42.30046877531379],[141.00181847034617,42.30073341431569],[141.00150577157422,42.3006063059363],[141.00194814539066,42.30046877531379]]],[[[141.00311963736146,42.30069283780426],[141.0031674192411,42.30087755855254],[141.00286319118334,42.30081941378495],[141.00311963736146,42.30069283780426]]],[[[141.00385802932465,42.301029468435274],[141.00396671868918,42.30108961329506],[141.0038794943432,42.301184107760434],[141.00372749722624,42.301130054008865],[141.00385802932465,42.301029468435274]]],[[[140.99753486364307,42.30167425176535],[140.99756608270866,42.301848197736206],[140.99733678256655,42.30181553166153],[140.99734494211543,42.301703774709495],[140.99753486364307,42.30167425176535]]],[[[141.00409958542764,42.30262522457451],[141.00415224433073,42.30274058600929],[141.00402391736998,42.30282158614733],[141.00388800282917,42.30278183791154],[141.00409958542764,42.30262522457451]]],[[[141.00502691326153,42.30287108123548],[141.00493802876713,42.303006612665115],[141.00485041501474,42.30295317135182],[141.00502691326153,42.30287108123548]]],[[[141.00472450093503,42.30272053202697],[141.00460224439814,42.30283730629668],[141.00442396909102,42.30311989216932],[141.00436875521393,42.302962080935345],[141.00459055770818,42.302747973040596],[141.00472450093503,42.30272053202697]]],[[[140.9903321142358,42.30296394612924],[140.99028011723374,42.30309086475165],[140.99013466897986,42.30301291871126],[140.9903321142358,42.30296394612924]]],[[[140.98870199679982,42.3036896126855],[140.98874880741164,42.30376855877205],[140.9886520493527,42.303882531653585],[140.98855569419004,42.30375138711685],[140.98870199679982,42.3036896126855]]],[[[140.98909639358374,42.303758134730174],[140.98923477316634,42.303867333110986],[140.9890933331908,42.30396589161268],[140.9889485603279,42.303841586420106],[140.98909639358374,42.303758134730174]]],[[[140.98666050607756,42.30379838658632],[140.986869273798,42.303850306246716],[140.98666907931465,42.30424891905244],[140.98634661480446,42.30402263973309],[140.98666050607756,42.30379838658632]]],[[[140.98534027163635,42.304484386745116],[140.98447153013706,42.30432408079173],[140.98479674387465,42.30381989207439],[140.98534027163635,42.304484386745116]]],[[[140.98708435835647,42.30418238720745],[140.98714705639156,42.30443758602581],[140.9868031907148,42.30444433273982],[140.9868568352748,42.304187802025524],[140.98708435835647,42.30418238720745]]],[[[140.97218852128333,42.30433317113898],[140.9724834764313,42.30443694570852],[140.97240313909367,42.30457630555213],[140.97210533129612,42.30443489165697],[140.97218852128333,42.30433317113898]]],[[[140.98653416302125,42.30463233331557],[140.9862995325974,42.304611387205796],[140.9863429437719,42.304169359628304],[140.9866861997084,42.30447322525919],[140.98653416302125,42.30463233331557]]],[[[140.98682002602345,42.304530504878926],[140.98684211427224,42.30462691939687],[140.98670252869886,42.30471683811163],[140.98659152987523,42.30466358565599],[140.98682002602345,42.304530504878926]]],[[[140.9766458374355,42.304998891585626],[140.97657944228752,42.30520972055223],[140.9763283398811,42.30521917062828],[140.97631083008082,42.305043613072314],[140.9766458374355,42.304998891585626]]],[[[141.01002044119048,42.30551789213706],[141.0099359399917,42.30557205380728],[141.00965319134173,42.30546097314544],[141.00990632891398,42.30542383833949],[141.01002044119048,42.30551789213706]]],[[[140.96944481202854,42.306425639931376],[140.97027092116616,42.30625838671523],[140.969820103615,42.3056042162616],[140.97060116661066,42.3058397208265],[140.9703703628021,42.306244431935056],[140.96944481202854,42.306425639931376]]],[[[140.98260527861078,42.30664638662148],[140.9825409725879,42.30679172066141],[140.98240021969445,42.30673453187319],[140.98260527861078,42.30664638662148]]],[[[140.9795937998141,42.307020640390306],[140.97957980456442,42.307138892246144],[140.9792609993957,42.3072668918536],[140.97932452660564,42.30702730616531],[140.9795937998141,42.307020640390306]]],[[[141.0110845010489,42.307641107850884],[141.01081875498164,42.30764074812208],[141.0107398565592,42.30745641408231],[141.01096758828362,42.30741044073932],[141.0110845010489,42.307641107850884]]],[[[140.96504425388923,42.30922105390857],[140.96527027240518,42.30831733327835],[140.96749836615675,42.306716279232944],[140.9675409211767,42.30678319778639],[140.96542708179447,42.30832522482933],[140.96504425388923,42.30922105390857]]],[[[140.96067177708096,42.310579720877456],[140.96087204890603,42.30954399955601],[140.96211452706382,42.30931108144131],[140.9623767828623,42.31006058632704],[140.96067177708096,42.310579720877456]]],[[[140.9488954219862,42.316383721431635],[140.9483248381208,42.31639894605456],[140.94838927364617,42.31609122503005],[140.9488954219862,42.316383721431635]]],[[[140.94782180323375,42.31622538679221],[140.94793503237588,42.31645933283198],[140.947601479225,42.316369198279915],[140.94782180323375,42.31622538679221]]],[[[140.95849500583995,42.31683194623736],[140.95842583718274,42.31694722493455],[140.95825055841658,42.31695277465087],[140.958322503281,42.31683972087649],[140.95849500583995,42.31683194623736]]],[[[140.95303080422832,42.31690880229945],[140.9530335543551,42.317017053694144],[140.95284871579565,42.31700372124482],[140.95277233457568,42.316894720714856],[140.95303080422832,42.31690880229945]]],[[[141.01227786003528,42.3170836673774],[141.01260713421198,42.31755546791055],[141.01232810605734,42.3175455322006],[141.01227786003528,42.3170836673774]]],[[[141.01140814457028,42.3171156940341],[141.01196416301582,42.31736019811473],[141.01159725041282,42.317728413835255],[141.01140814457028,42.3171156940341]]],[[[140.9468437221601,42.317534531693354],[140.9469800782681,42.31774638678638],[140.94687289167064,42.3177671350453],[140.94677975428226,42.31766677520159],[140.9468437221601,42.317534531693354]]],[[[140.94598024619143,42.31814474778196],[140.9457248378311,42.31855250489423],[140.9454934503625,42.31838346832245],[140.94598024619143,42.31814474778196]]],[[[140.94110919603258,42.32220219837279],[140.94127367124304,42.32229817132361],[140.94111997440734,42.32240274808839],[140.94100561571668,42.32232346835343],[140.94110919603258,42.32220219837279]]],[[[140.93877639421532,42.326210000091464],[140.9388091700073,42.32628833284036],[140.9386488847383,42.32637555898492],[140.93864527935625,42.32621305418917],[140.93877639421532,42.326210000091464]]],[[[140.93866360574089,42.32665027938691],[140.93872333331524,42.32683333279215],[140.93858306065977,42.32684972113776],[140.93851610883144,42.32669889224013],[140.93866360574089,42.32665027938691]]],[[[140.92930199688976,42.33732733289014],[140.9295523609528,42.33780244112978],[140.92919267170453,42.33793119796644],[140.92893688742743,42.337500224855546],[140.92930199688976,42.33732733289014]]],[[[140.9307289745626,42.340891134818094],[140.92911058428615,42.34431494557833],[140.92898435814163,42.34443180168637],[140.93067827528228,42.34087774840941],[140.9307289745626,42.340891134818094]]],[[[140.92813435761457,42.34463772125389],[140.92853338500777,42.345016414076326],[140.9282608562536,42.34596255932473],[140.9281976393097,42.34595086544016],[140.92846089515422,42.34502980228359],[140.92813435761457,42.34463772125389]]],[[[140.92772744496563,42.34806461309148],[140.92688824889365,42.346805639568686],[140.92890364488733,42.34673336015652],[140.92772744496563,42.34806461309148]]],[[[140.92528000027187,42.34758997339861],[140.91608228297105,42.34897122504208],[140.91666666693322,42.34881280226904],[140.92499999995005,42.34757805378422],[140.92528000027187,42.34758997339861]]],[[[140.95203566841144,42.349426387218045],[140.95182775594628,42.349445081425415],[140.95179871593803,42.34926846806542],[140.95200557709575,42.34924866679262],[140.95203566841144,42.349426387218045]]],[[[140.94970208778125,42.349346000417654],[140.95009863844143,42.34968038724014],[140.9497284702927,42.3499911983352],[140.9492579773738,42.349540306140284],[140.94970208778125,42.349346000417654]]],[[[140.92807002641064,42.35000000000008],[140.9279961093331,42.35000000000008],[140.9275600784349,42.34843574801141],[140.92762958523724,42.34842566661126],[140.92807002641064,42.35000000000008]]],[[[140.9507510246401,42.355791134853064],[140.95111169864606,42.35624446780798],[140.95056033689013,42.35642089231038],[140.95027092066653,42.356104386708125],[140.9507510246401,42.355791134853064]]],[[[140.95136380019926,42.35910908101931],[140.95100011706177,42.359139360293284],[140.95098311268055,42.35902753229482],[140.95134693881027,42.358997252121526],[140.95136380019926,42.35910908101931]]],[[[140.94399917012572,42.3598691979052],[140.94407185513205,42.3600048021799],[140.94392555072363,42.3600469731893],[140.94385411217763,42.359915612815314],[140.94399917012572,42.3598691979052]]],[[[140.951244577975,42.360071171247625],[140.95106591416072,42.3596512247243],[140.9514727503672,42.3596187214269],[140.95153428018295,42.3600326667742],[140.951244577975,42.360071171247625]]],[[[140.94345408563765,42.360298197903546],[140.94317977982303,42.360102224837874],[140.94357425394878,42.359982197720285],[140.94345408563765,42.360298197903546]]],[[[140.94292316457245,42.360195801994735],[140.9429930221104,42.36033274805794],[140.9428408037602,42.36037386506189],[140.94277141386976,42.36024289229567],[140.94292316457245,42.360195801994735]]],[[[140.91710267175097,42.35375055874135],[140.9166044230558,42.358970775181206],[140.91588063608253,42.365845198297336],[140.91579992192896,42.365839027149434],[140.91650143988966,42.359258505175944],[140.91666666693322,42.357191837933044],[140.91710267175097,42.35375055874135]]],[[[141.7696462001121,42.58669402710774],[141.76779333319587,42.58888508138148],[141.7676038649265,42.58879755935993],[141.76945014340947,42.5865914414419],[141.7696462001121,42.58669402710774]]],[[[141.76765897538144,42.58901025172179],[141.75425308741012,42.59215508109219],[141.7541801946603,42.591975532344975],[141.76758741902427,42.58880702742243],[141.76765897538144,42.58901025172179]]],[[[141.7735726068904,42.60132897265402],[141.7711932165937,42.60535766742248],[141.77252600467148,42.60873530608956],[141.77230341077382,42.6087668650988],[141.77098258098135,42.60533991930191],[141.77336330677122,42.601253999772325],[141.7735726068904,42.60132897265402]]],[[[141.62188513639,42.6144275317053],[141.6216972500281,42.61460294626903],[141.61890255460924,42.61293680199185],[141.61907691336887,42.612774999566625],[141.62188513639,42.6144275317053]]],[[[141.621848196737,42.61666666733288],[141.62315771665533,42.6188228018309],[141.62305852143368,42.618905441433014],[141.62060450089712,42.61489502718382],[141.62074427982475,42.61484908082048],[141.621848196737,42.61666666733288]]],[[[141.6248137480561,42.61994155935554],[141.62471830120865,42.62002430597698],[141.62436252940722,42.61978774830601],[141.62445749691597,42.61970355917197],[141.6248137480561,42.61994155935554]]],[[[141.7298596891734,42.619768802288434],[141.72787396900856,42.62065394562313],[141.72781038873848,42.62057758598684],[141.72979199720294,42.619685748098846],[141.7298596891734,42.619768802288434]]],[[[140.74854360580287,42.5532459460436],[140.74842949442564,42.55299630593481],[140.7494568871257,42.55237605431154],[140.74958031098265,42.55248777529067],[140.74854360580287,42.5532459460436]]],[[[140.7504528404263,42.554900188692784],[140.75022691274194,42.55503581994719],[140.7500590398928,42.554676135195564],[140.75022948120568,42.55469680161616],[140.7504528404263,42.554900188692784]]],[[[140.5827966668328,42.56586027862903],[140.58228888532392,42.56549972063567],[140.5827977819921,42.565271945743746],[140.5831274968366,42.56563777466363],[140.5827966668328,42.56586027862903]]],[[[140.58670472114602,42.567763054321574],[140.5863383400424,42.56760389230584],[140.5866047210311,42.567216108236835],[140.58688416287384,42.567604720581414],[140.58670472114602,42.567763054321574]]],[[[140.57560888484227,42.5677102794059],[140.5756541630093,42.56780277467834],[140.57546389074605,42.56794666710505],[140.5753425029542,42.567910278736406],[140.57544472079724,42.567728891775005],[140.57560888484227,42.5677102794059]]],[[[140.59001306075425,42.56968499996282],[140.59003583698438,42.56978083801533],[140.58989500584994,42.5698433328036],[140.5898736055825,42.56967972094242],[140.59001306075425,42.56968499996282]]],[[[140.56701472055295,42.570319441089396],[140.56689713419541,42.57052377515214],[140.56673888499165,42.570389170923534],[140.56701472055295,42.570319441089396]]],[[[140.59987789874606,42.572802053771795],[140.5998253441644,42.57285536917999],[140.59862103773082,42.57222867571289],[140.59866264576453,42.57218241368747],[140.59987789874606,42.572802053771795]]],[[[140.60627722441438,42.57414805378971],[140.60632666734193,42.57428222544439],[140.60614610865605,42.574356387137584],[140.60612583703778,42.574206387414904],[140.60627722441438,42.57414805378971]]],[[[140.6040738907975,42.57426138725327],[140.6039944491846,42.57443555895395],[140.6037961091032,42.574304170701],[140.6040738907975,42.57426138725327]]],[[[140.60837610897033,42.57434777522968],[140.60786138829246,42.574487504694616],[140.60774444944684,42.57398555888648],[140.6084919461465,42.57387305369855],[140.60837610897033,42.57434777522968]]],[[[140.60620416259212,42.57439917058531],[140.60630306103747,42.57450527889557],[140.6061774967941,42.5746250002436],[140.6060730612229,42.57445833338545],[140.60620416259212,42.57439917058531]]],[[[140.6046830609746,42.574460559207466],[140.60483583690439,42.574648054364275],[140.6045327761667,42.5746250002436],[140.6046830609746,42.574460559207466]]],[[[140.56325306058034,42.5748986126809],[140.5632422183537,42.575038333152634],[140.56306610861407,42.57498833264549],[140.56312833990103,42.57488194644475],[140.56325306058034,42.5748986126809]]],[[[140.71015313855662,42.57838722499048],[140.70824961103074,42.578955693650414],[140.70822038935955,42.57889272132206],[140.71015313855662,42.57838722499048]]],[[[140.70998727569224,42.57956425228849],[140.70985775623058,42.58004135972101],[140.70977997386672,42.580023305830935],[140.70990775583834,42.57954633329672],[140.70998727569224,42.57956425228849]]],[[[141.18966072586193,42.44882991886573],[141.1893620232388,42.44872053162726],[141.18938180292798,42.44800758598137],[141.1896771978445,42.44801419779702],[141.18966072586193,42.44882991886573]]],[[[141.31911664062056,42.51089222499621],[141.3228601432811,42.51600130591561],[141.3226733334077,42.5160761978583],[141.31911664062056,42.51089222499621]]],[[[141.77500000005,42.58220750457275],[141.77727269837635,42.58319583791763],[141.8006125813057,42.585254081210905],[141.80053041474696,42.58543163975844],[141.77725192043988,42.58340346799571],[141.77500000005,42.58220750457275]]],[[[141.81382316530687,42.59985846779409],[141.8091346172688,42.59503172093724],[141.8093078860502,42.59495074777885],[141.81154250258453,42.59723864015115],[141.81382316530687,42.59985846779409]]],[[[140.9622998566531,41.709396279015095],[140.96232800273515,41.70950287385858],[140.96215267180844,41.70948671214211],[140.96214106425873,41.70939978367312],[140.9622998566531,41.709396279015095]]],[[[140.9688597283938,41.70992444096021],[140.96918277566465,41.710163891750256],[140.9691155513417,41.71024472101709],[140.9686741631822,41.71004277465437],[140.9688597283938,41.70992444096021]]],[[[140.97070833971816,41.71055944056576],[140.97088055809138,41.710618892048274],[140.97086722384336,41.71071305376449],[140.97065194593063,41.71070222502772],[140.97070833971816,41.71055944056576]]],[[[140.97350138757906,41.71136417101974],[140.97353360579132,41.71149861337034],[140.97329416309526,41.71146361265568],[140.97350138757906,41.71136417101974]]],[[[140.9823033330324,41.71282527886359],[140.9823294421501,41.712951387196824],[140.9822083403427,41.712951387196824],[140.98214972792766,41.71286805421738],[140.9823033330324,41.71282527886359]]],[[[140.984829442325,41.712887774551234],[140.98483722415858,41.71300500028059],[140.98466027175425,41.71302555878259],[140.98464194626888,41.712921667301146],[140.984829442325,41.712887774551234]]],[[[140.98015805425086,41.71296805433229],[140.98019583656867,41.71309444055606],[140.98004000024594,41.7131697210059],[140.97993749731768,41.71308110810668],[140.98015805425086,41.71296805433229]]],[[[140.9983620492692,41.71414974821238],[140.99883844443877,41.71423150468024],[140.99882128357547,41.71429777482251],[140.9983620492692,41.71414974821238]]],[[[141.00748999986365,41.71472472076931],[141.00697693933432,41.71439277470682],[141.00744416321766,41.71428472116298],[141.00748999986365,41.71472472076931]]],[[[140.9891750060218,41.714660558637945],[140.98910472130592,41.714796108053974],[140.98898221835475,41.71475194594558],[140.9890316729734,41.71464777477502],[140.9891750060218,41.714660558637945]]],[[[141.0082044491761,41.715076387165595],[141.0079255514231,41.714916108191915],[141.00828749707034,41.71477666740935],[141.00842693875234,41.714979720837505],[141.0082044491761,41.715076387165595]]],[[[141.02893000021936,41.715652018026276],[141.0269308558744,41.7156734227903],[141.02693151777544,41.71557486518793],[141.02893000021936,41.715652018026276]]],[[[141.03095527886308,41.71726833266746],[141.02913527857027,41.71615250513406],[141.03097888516743,41.71595722544566],[141.03095527886308,41.71726833266746]]],[[[141.02855583728217,41.717961945587376],[141.02803000008453,41.71793083803777],[141.02814194589416,41.71753499964058],[141.02855583728217,41.717961945587376]]],[[[141.0305527755902,41.71942833335095],[141.030739441572,41.71955333282011],[141.03051250304964,41.719734171195114],[141.03022639363326,41.71957527897598],[141.0305527755902,41.71942833335095]]],[[[141.03201083023566,41.72375222518508],[141.03196416261608,41.72395277490068],[141.03181555144658,41.72388889155917],[141.03185083005178,41.723743053898886],[141.03201083023566,41.72375222518508]]],[[[141.03295999990416,41.72525027897723],[141.03314888541274,41.72534666741484],[141.03294972784772,41.72537805375424],[141.03295999990416,41.72525027897723]]],[[[141.03330027189008,41.725570837823966],[141.03340167314877,41.725806387354964],[141.0331308297241,41.72581027872144],[141.03330027189008,41.725570837823966]]],[[[141.053287924698,41.728567270063536],[141.05357238655643,41.72917450489956],[141.05345232166735,41.72921109921293],[141.05340958498448,41.72892292765107],[141.053287924698,41.728567270063536]]],[[[141.06002797740928,41.73530735964698],[141.06006658890203,41.73551508055658],[141.05971613479187,41.735370170996646],[141.05982544738652,41.73523408108804],[141.06002797740928,41.73530735964698]]],[[[141.0610636708518,41.73651308071413],[141.06119655018074,41.73674091855861],[141.0610583009999,41.73682950537744],[141.06091472063792,41.7365646127667],[141.0610636708518,41.73651308071413]]],[[[141.06170289187503,41.73777194631833],[141.0616868353792,41.73797325236376],[141.0614874970504,41.737841999908426],[141.06170289187503,41.73777194631833]]],[[[140.70392345020707,41.739839333018836],[140.70401905263725,41.73987841395768],[140.70385861178556,41.73998755927852],[140.7038103631578,41.73987833301868],[140.70392345020707,41.739839333018836]]],[[[140.70854516242935,41.741200081018974],[140.70842033742872,41.74132883785563],[140.70834319088567,41.7412223059647],[140.70854516242935,41.741200081018974]]],[[[141.07931138821004,41.74283802705338],[141.0792668870572,41.742894748194146],[141.07831280169455,41.74227730605287],[141.07833664092334,41.74220713465161],[141.07931138821004,41.74283802705338]]],[[[141.0807709726024,41.74337766704576],[141.08068953269583,41.743385108036364],[141.080610856406,41.7426759458383],[141.08069230890305,41.7426685048477],[141.0807709726024,41.74337766704576]]],[[[140.72166594013106,41.74394350518867],[140.72170739258218,41.74403833330251],[140.7215024766581,41.74410041440268],[140.721449493999,41.74400038730806],[140.72166594013106,41.74394350518867]]],[[[140.72256102457175,41.74387622510778],[140.72248461727133,41.74406508093881],[140.72234549934535,41.743946532306666],[140.72256102457175,41.74387622510778]]],[[[140.72193994827,41.74404350530358],[140.72201591400324,41.744167666604596],[140.72182710763502,41.74420561259899],[140.72175114100241,41.7441090272099],[140.72193994827,41.74404350530358]]],[[[140.72252939001942,41.74418836000484],[140.7225386116677,41.744303892310825],[140.72237280186334,41.7443280274166],[140.72232678265493,41.74424525201681],[140.72252939001942,41.74418836000484]]],[[[140.72080481229227,41.74420561259899],[140.72072649842926,41.74438322510582],[140.72050085582987,41.7443056127139],[140.7205837481415,41.74418836000484],[140.72080481229227,41.74420561259899]]],[[[140.72207992235064,41.744425387121964],[140.72179369602236,41.744396505394434],[140.72186708160064,41.74430480242472],[140.72207992235064,41.744425387121964]]],[[[140.71607797741683,41.7445362519465],[140.71609311300688,41.744735801616],[140.7159525552663,41.74465155942198],[140.71607797741683,41.7445362519465]]],[[[140.716501414209,41.74461663964627],[140.71658756206637,41.744707946014955],[140.7165790266008,41.74484458630866],[140.71644399519425,41.74482389200904],[140.716501414209,41.74461663964627]]],[[[140.72268347626152,41.74509641356866],[140.72239747116646,41.74544644140019],[140.7221923349084,41.745342558912],[140.72268347626152,41.74509641356866]]],[[[140.8761194158784,41.752216586326426],[140.87574347588077,41.752347306383115],[140.87573691262844,41.752153945847965],[140.8761194158784,41.752216586326426]]],[[[140.69272544732155,41.75705538679671],[140.6925105839963,41.75714902690612],[140.69248302157428,41.75703786530528],[140.69272544732155,41.75705538679671]]],[[[140.69304481186862,41.75719074825446],[140.69308494231632,41.7573088921917],[140.692931855221,41.757379080680096],[140.6928576125888,41.75728141430585],[140.69304481186862,41.75719074825446]]],[[[140.69286333317632,41.757417279384015],[140.69295275006948,41.7575478375627],[140.6927426072856,41.75755650522859],[140.69286333317632,41.757417279384015]]],[[[141.08672066063002,41.75833333331673],[141.08590632901394,41.75810419775058],[141.08593221779768,41.75803813535174],[141.08672066063002,41.75833333331673]]],[[[141.0872746690908,41.75868072073871],[141.08724236094622,41.758745197632834],[141.08674647207204,41.7585550000133],[141.08677435825007,41.75848938727546],[141.0872746690908,41.75868072073871]]],[[[140.82633722368394,41.76191097311295],[140.82632632929676,41.76205346799321],[140.82620444867644,41.76201969395379],[140.82633722368394,41.76191097311295]]],[[[140.81855900079734,41.76432577511446],[140.81815771700508,41.76406069364617],[140.81851732801238,41.76396725228693],[140.81855900079734,41.76432577511446]]],[[[140.8175633325818,41.76434446842251],[140.81760797672678,41.76444250531745],[140.81738907904287,41.76517661291041],[140.81742511038055,41.764543531558786],[140.8175633325818,41.76434446842251]]],[[[141.09622306104552,41.77040027914961],[141.09605389137403,41.770828612750336],[141.09569167323218,41.77064750457873],[141.09622306104552,41.77040027914961]]],[[[140.7149288587799,41.76950427919917],[140.7164508039615,41.771656613162236],[140.71451661494984,41.77274586482986],[140.71185072583035,41.77081350503926],[140.7149288587799,41.76950427919917]]],[[[141.15625194607048,41.7828188922781],[141.15636472105507,41.78288638729697],[141.15621360617308,41.78301055938988],[141.15612999979976,41.78290444118704],[141.15625194607048,41.7828188922781]]],[[[141.1397202718731,41.78313361272609],[141.13974778213446,41.783290837602124],[141.13953027210448,41.78320110774496],[141.1397202718731,41.78313361272609]]],[[[141.15579861221624,41.78352110811272],[141.1558583397906,41.783628891859905],[141.15575416322417,41.783675838269346],[141.15565527916783,41.78358833333499],[141.15579861221624,41.78352110811272]]],[[[141.14943555081004,41.78364583778523],[141.14957527937565,41.78411305357463],[141.14935916959007,41.7840997211253],[141.14943555081004,41.78364583778523]]],[[[141.15480944160254,41.78409110831802],[141.15457888510753,41.784210837759986],[141.15456333313136,41.784097505195746],[141.15480944160254,41.78409110831802]]],[[[141.1506336060561,41.78416805431232],[141.1505725034184,41.78428638710716],[141.15043722379892,41.78421499982244],[141.15045805389616,41.78414444081335],[141.1506336060561,41.78416805431232]]],[[[141.1569691697914,41.78411444122855],[141.15708778227543,41.78424999963784],[141.1569836057089,41.78439444065094],[141.15676722432795,41.784223892318835],[141.1569691697914,41.78411444122855]]],[[[141.1501413882146,41.78436305431154],[141.15016360596576,41.78445417092331],[141.14997333280314,41.78446333321631],[141.14997749666418,41.78436805364282],[141.1501413882146,41.78436305431154]]],[[[141.14973389100635,41.784343333078425],[141.14960500556663,41.7845411083855],[141.1494266673069,41.7845022252975],[141.14954666744484,41.78434361276754],[141.14973389100635,41.784343333078425]]],[[[141.15806666734284,41.784505279395205],[141.15820194606306,41.78464444138791],[141.15796639383404,41.78468610787763],[141.15784277572357,41.78458583796612],[141.15806666734284,41.784505279395205]]],[[[141.12846450103598,41.78881611667049],[141.1284734627801,41.78886972975425],[141.12734321731568,41.78888610820741],[141.1273899739682,41.78880792834326],[141.12846450103598,41.78881611667049]]],[[[140.72354085572601,41.791666667182994],[140.72318133644956,41.79003805431279],[140.7232069131686,41.790035081154144],[140.72354085572601,41.791666667182994]]],[[[140.72314946807353,41.79351258593715],[140.72243072629703,41.79448377460659],[140.7224109214269,41.794475559299656],[140.72314946807353,41.79351258593715]]],[[[140.70000000039977,41.79446025193914],[140.70015238692315,41.7933079461049],[140.70146883342,41.786791802100026],[140.70153258096389,41.78586210814984],[140.7017615303704,41.78577830572431],[140.70141852084816,41.78735358609919],[140.70021594021352,41.79324294580533],[140.70000000039977,41.79446025193914]]],[[[140.69683671873963,41.79274155937554],[140.69300435766502,41.79492453234133],[140.6929287813382,41.79485117104474],[140.69675702981317,41.792666585594475],[140.69683671873963,41.79274155937554]]],[[[140.69977438388082,41.7945881975873],[140.69880841757447,41.79513746841951],[140.69873413717073,41.795061946052044],[140.69977438388082,41.7945881975873]]],[[[141.1867739425635,41.80180413465314],[141.18646914433566,41.80168802678105],[141.1867497283174,41.80158925244211],[141.1867739425635,41.80180413465314]]],[[[141.18597871614486,41.80476227915591],[141.18567566799777,41.8044173064136],[141.18620158163776,41.804407865330745],[141.18597871614486,41.80476227915591]]],[[[141.12588055814126,41.86333750542161],[141.12556138784782,41.86331917094304],[141.12560194637274,41.86302750461567],[141.12604333273373,41.86307833339845],[141.12588055814126,41.86333750542161]]],[[[141.12242277639007,41.865400559188515],[141.12214027235575,41.86526417070496],[141.1224066668343,41.86497527878612],[141.12267999958237,41.865061945552384],[141.12242277639007,41.865400559188515]]],[[[141.11778472078834,41.86835750489496],[141.11769749734174,41.8687391708761],[141.11740693897912,41.86855027907217],[141.11778472078834,41.86835750489496]]],[[[141.09717972836188,41.87787999976223],[141.09722805433125,41.878007504742584],[141.09704055827524,41.87796722500747],[141.09717972836188,41.87787999976223]]],[[[141.08253191981237,41.8833333330669],[141.08234610908573,41.88338277509507],[141.0820922178816,41.88328638665746],[141.08233167316826,41.88317305409322],[141.082603890757,41.88313555865915],[141.08253191981237,41.8833333330669]]],[[[141.08169500621966,41.88359361305487],[141.0817000001549,41.88372638716311],[141.08154111513045,41.88378889184395],[141.08149833977666,41.883638053953064],[141.08169500621966,41.88359361305487]]],[[[141.04146389114567,41.89429917057032],[141.04138693885625,41.893951387446634],[141.041759441645,41.89391499997731],[141.04168527905244,41.89427417121607],[141.04146389114567,41.89429917057032]]],[[[140.95087167318923,41.9367452789715],[140.95088055759174,41.93694722533422],[140.95066055823827,41.93694722533422],[140.95062888501513,41.936800559398364],[140.95087167318923,41.9367452789715]]],[[[140.9501977824018,41.937638053953094],[140.9495416730099,41.93770305425261],[140.94985944215955,41.937226667177015],[140.9501977824018,41.937638053953094]]],[[[140.95003916987184,41.93797972078755],[140.9497027757626,41.93795361256923],[140.9498155507472,41.93782777493192],[140.95003916987184,41.93797972078755]]],[[[140.95022277636008,41.93806805399754],[140.95024444912212,41.938239170701195],[140.95008167273113,41.938273891726794],[140.95002722417712,41.93805500033807],[140.95022277636008,41.93806805399754]]],[[[140.93609722390784,41.94001444141338],[140.9360322182124,41.94021389215743],[140.93584111497557,41.940127225391166],[140.93609722390784,41.94001444141338]]],[[[140.93648360593374,41.94027250457248],[140.93648778238526,41.94047861299765],[140.93624277558365,41.940398333216535],[140.93648360593374,41.94027250457248]]],[[[140.93693472116047,41.94139444120054],[140.93694999974275,41.94164833330399],[140.93663749702296,41.941741666744576],[140.93666333274666,41.94152027883786],[140.93693472116047,41.94139444120054]]],[[[140.9353961088434,41.94235555926173],[140.9354655508945,41.94255750472513],[140.93513583694937,41.942579171191824],[140.93522693917203,41.94238833325505],[140.9353961088434,41.94235555926173]]],[[[140.9332913876874,41.94518722491057],[140.9334172244254,41.94538694635054],[140.93311333271424,41.9453327747878],[140.9332913876874,41.94518722491057]]],[[[140.93225367077036,41.9489028377958],[140.93179780802245,41.95002446775504],[140.93172211388446,41.94999627940484],[140.9321770818069,41.94887833306865],[140.93225367077036,41.9489028377958]]],[[[140.9357905577881,41.95039333278612],[140.9356994420757,41.95056250515552],[140.93534583674102,41.950545278641755],[140.93536306055682,41.95037166721875],[140.9357905577881,41.95039333278612]]],[[[140.60657805393407,41.75941180211305],[140.60632958474264,41.75927994621259],[140.60582586277337,41.7576957481603],[140.6056296630785,41.75679608077456],[140.60728041455957,41.75653722531274],[140.60729250324653,41.756568531612515],[140.6056349681793,41.756816170729735],[140.6059565891253,41.75800074783632],[140.60635866432096,41.75925517078957],[140.60657805393407,41.75941180211305]]],[[[140.60753036313577,41.759471775202314],[140.6078288589148,41.75908833306016],[140.607905304886,41.75912438688101],[140.60753036313577,41.759471775202314]]],[[[140.60703160812227,41.759792531899905],[140.60694747114894,41.759844667397545],[140.6066048636236,41.759496081179236],[140.60698155635384,41.75920263959017],[140.60701885933292,41.75922944118582],[140.60668216574936,41.75949413504634],[140.60703160812227,41.759792531899905]]],[[[140.69886152973584,41.805388225286435],[140.69875121889368,41.805738666806064],[140.6993683013061,41.800306413610144],[140.69938924831524,41.800719892209315],[140.69886152973584,41.805388225286435]]],[[[140.69848216601918,41.80550236004592],[140.69669044131092,41.80672977455953],[140.69661116697182,41.80666372115388],[140.69848216601918,41.80550236004592]]],[[[140.5859361614248,42.110179198311414],[140.58585719825112,42.11027008109943],[140.58567411157105,42.11024433260991],[140.58568849532787,42.11015208105374],[140.5859361614248,42.110179198311414]]],[[[140.5835017766857,42.11201944144415],[140.58673571987765,42.111328252197154],[140.58680983120883,42.11144166659966],[140.5835017766857,42.11201944144415]]],[[[140.53582527871367,42.12167472121149],[140.5357819457803,42.12194777516976],[140.53548250301515,42.12203027897425],[140.53555639401247,42.12174833341891],[140.53582527871367,42.12167472121149]]],[[[140.73480238672084,42.12647974764229],[140.73475933887244,42.12651144065052],[140.73415486405577,42.12605644125182],[140.73419791190418,42.126024748243594],[140.73480238672084,42.12647974764229]]],[[[140.488478911073,42.1538036128465],[140.48833667969404,42.153785279267254],[140.48818473383847,42.15352167628441],[140.4884155772172,42.153503341805845],[140.48855529229297,42.153627225216326],[140.488478911073,42.1538036128465]]],[[[140.4868854221246,42.15484243233243],[140.48691597928905,42.155081595339425],[140.4866690398444,42.15497964909156],[140.4868854221246,42.15484243233243]]],[[[140.33133700379972,42.439355613271005],[140.32978635495635,42.43892933282251],[140.3306580543258,42.43825455890084],[140.33133700379972,42.439355613271005]]],[[[140.49668805401052,42.58529777477253],[140.4966438910028,42.5855144412385],[140.4964602719241,42.58537472076682],[140.49668805401052,42.58529777477253]]],[[[140.49724778215943,42.58565805397609],[140.49724778215943,42.585789170633745],[140.49709834001646,42.585800558748815],[140.49710360644633,42.585655838046534],[140.49724778215943,42.58565805397609]]],[[[140.51235749690102,42.58715361304888],[140.51226888490123,42.586967224957505],[140.51250250268845,42.586943613257176],[140.5124999998751,42.58714889160814],[140.51235749690102,42.58715361304888]]],[[[140.51296444934997,42.5871838923228],[140.5127138910333,42.587035837833696],[140.5128752788711,42.58691805362531],[140.5131341631112,42.58705805378622],[140.51296444934997,42.5871838923228]]],[[[140.53032027216284,42.587149171297256],[140.5304425026195,42.587234721105574],[140.53013500642544,42.58724361270259],[140.53013972786619,42.58715833269093],[140.53032027216284,42.587149171297256]]],[[[140.51305167279656,42.58727694607427],[140.51314138826456,42.58738110825158],[140.51304055807532,42.587457504760096],[140.51291360617802,42.587286108367266],[140.51305167279656,42.58727694607427]]],[[[140.52518749680564,42.58821083805981],[140.52508472138288,42.588423891949105],[140.52482055812231,42.58830944062822],[140.52518749680564,42.58821083805981]]],[[[140.5248141630433,42.58869555915277],[140.52488055819128,42.5884588917645],[140.52505416331906,42.58855610757837],[140.5248141630433,42.58869555915277]]],[[[140.51860944167242,42.58861250496318],[140.5185186119445,42.58879305375649],[140.5183052792653,42.58872583842674],[140.51860944167242,42.58861250496318]]],[[[140.51984805364486,42.588873613226724],[140.519669170396,42.58899055926696],[140.51957221808345,42.58883805403303],[140.51984805364486,42.588873613226724]]],[[[140.5236074967886,42.589038892431006],[140.52341693944027,42.58893777535809],[140.52347999990218,42.588823892408755],[140.52373194587267,42.58888444106418],[140.5236074967886,42.589038892431006]]],[[[140.5183050058714,42.58912583798707],[140.51802138757705,42.58908777508083],[140.51809416341496,42.58891166713977],[140.51853221778765,42.588946107576874],[140.5183050058714,42.58912583798707]]],[[[140.52179250302163,42.58913305414717],[140.52133444862602,42.58912361306432],[140.52140888461236,42.58892250486974],[140.52172027217284,42.588931945952595],[140.52179250302163,42.58913305414717]]],[[[140.52041972838776,42.58897083803379],[140.52044277621326,42.58916833275242],[140.52029083035757,42.58915527909289],[140.52026805412743,42.589011386666186],[140.52041972838776,42.58897083803379]]],[[[140.51916167307286,42.58899277519646],[140.51917972786225,42.58916138728824],[140.51895527866327,42.5891491708976],[140.51916167307286,42.58899277519646]]],[[[139.79935805443074,41.35186555924821],[139.79921472138233,41.35170027914461],[139.79930583709472,41.351645558995415],[139.79945693938635,41.35174305359908],[139.79935805443074,41.35186555924821]]],[[[139.7998319458876,41.35230666681929],[139.7999269385774,41.35248527937222],[139.79970555067064,41.35247222481337],[139.7998319458876,41.35230666681929]]],[[[139.7979413883844,41.35242917066972],[139.79779555072412,41.35259333291606],[139.79771221774467,41.35241361329764],[139.7979413883844,41.35242917066972]]],[[[139.80752917043492,41.353473612717096],[139.8075680544223,41.35357917064226],[139.8074080542384,41.35364944096898],[139.80732472125896,41.35355694569654],[139.80752917043492,41.353473612717096]]],[[[139.80867722427456,41.353771666928935],[139.80858360574882,41.35358305391486],[139.8086708300948,41.35353222513214],[139.80886472122995,41.353685558641644],[139.80867722427456,41.353771666928935]]],[[[139.80967583687038,41.35433527924977],[139.8097213884314,41.35446027871893],[139.80959111533775,41.354482504563975],[139.8095391695971,41.35435222517509],[139.80967583687038,41.35433527924977]]],[[[139.80335610929706,41.35452666667237],[139.8033613883175,41.35462944119581],[139.80319472056,41.354667225312255],[139.80312693865733,41.35454333290852],[139.80335610929706,41.35452666667237]]],[[[139.81241138837493,41.35632917065476],[139.81237888507758,41.3561936131448],[139.81254277572862,41.35614944114383],[139.81252861230564,41.356313332694185],[139.81241138837493,41.35632917065476]]],[[[139.7940783397437,41.35777722483908],[139.79414360624253,41.357959171178834],[139.79396722400827,41.35792027909764],[139.7940783397437,41.35777722483908]]],[[[139.7964511146273,41.35793527889007],[139.79653972842584,41.358066945932876],[139.79642888518492,41.35811638706167],[139.7962911153428,41.358026387407904],[139.7964511146273,41.35793527889007]]],[[[139.79131055833568,41.35870777494392],[139.79145778185125,41.35891472063793],[139.79122583680294,41.358989721398586],[139.79113416261157,41.3587272245818],[139.79131055833568,41.35870777494392]]],[[[139.8164744489368,41.359584999747995],[139.81639888520044,41.35974917098753],[139.81630778207852,41.3597308383076],[139.8162974974316,41.359584999747995],[139.8164744489368,41.359584999747995]]],[[[139.79434500581738,41.360106108310276],[139.7944436056879,41.3601838915734],[139.79432416312966,41.36027694622413],[139.79417277575305,41.3602033331174],[139.79434500581738,41.360106108310276]]],[[[139.78490000013494,41.36024499960712],[139.78494722443497,41.36032417142343],[139.78476389134062,41.360376946339045],[139.78471389083347,41.36026305439651],[139.78490000013494,41.36024499960712]]],[[[139.78759416304024,41.36079361303484],[139.7873150062826,41.36070610810049],[139.78748999996355,41.36049500034403],[139.78770944173743,41.36065055877634],[139.78759416304024,41.36079361303484]]],[[[139.7864888845544,41.362548333338964],[139.7846086116981,41.361895558633194],[139.7860805581713,41.360531946292326],[139.78673333287702,41.36116250504563],[139.7864888845544,41.362548333338964]]],[[[139.81270972767186,41.363949171317245],[139.81277778206902,41.364051945840686],[139.81253333284712,41.3641047207563],[139.81253610905424,41.36394777467012],[139.81270972767186,41.363949171317245]]],[[[139.80074555096644,41.364775278656225],[139.8007525027259,41.364885000442484],[139.80059693889768,41.36486555889849],[139.8006261093076,41.3647683331921],[139.80074555096644,41.364775278656225]]],[[[139.80369693886269,41.36570638724004],[139.8003766670496,41.36438750537911],[139.79389834043616,41.35898694609074],[139.7988916732122,41.358411387175806],[139.79844416336755,41.35270138735922],[139.80327416307227,41.35518277516502],[139.80752389141458,41.353696107689245],[139.81040610885486,41.356205000360546],[139.81346722393334,41.35666472119999],[139.8155616730329,41.35926222497176],[139.81299944157104,41.362843613142275],[139.80369693886269,41.36570638724004]]],[[[139.80483250291775,41.36589472056494],[139.80471027156182,41.36602527874368],[139.80462833972615,41.36590583798409],[139.80483250291775,41.36589472056494]]],[[[140.19989749667218,41.39652666727193],[140.19986221806698,41.39665166674109],[140.1996774973187,41.396648892332564],[140.19976999978576,41.396505838074006],[140.19989749667218,41.39652666727193]]],[[[140.19708693901111,41.396642505347415],[140.19715194560592,41.396930279408934],[140.19693972808602,41.396945837680335],[140.19692138821154,41.39666583825789],[140.19708693901111,41.396642505347415]]],[[[140.19936888506606,41.39722694596685],[140.19916306082666,41.39700027903967],[140.19944972782275,41.396832505116095],[140.19966306140122,41.3969716671088],[140.19936888506606,41.39722694596685]]],[[[140.18696861181206,41.3994811083665],[140.18694778171482,41.39961917138771],[140.1867574968611,41.39963500035503],[140.1867783404481,41.3994811083665],[140.18696861181206,41.3994811083665]]],[[[140.183101387619,41.400410278911295],[140.1828941631352,41.40014333314838],[140.18334722359555,41.40001055904014],[140.18334861214885,41.400389440720176],[140.183101387619,41.400410278911295]]],[[[140.20165749689602,41.40033444088181],[140.2016288849651,41.400501107739956],[140.20147527896097,41.40043610833976],[140.20165749689602,41.40033444088181]]],[[[140.20315972803905,41.40265055937584],[140.20328861168014,41.402801387374154],[140.20303749668324,41.40278722485061],[140.20315972803905,41.40265055937584]]],[[[140.08813055767916,41.418536171407254],[140.08769247722614,41.41825738696889],[140.0877479770876,41.418206414294616],[140.08813055767916,41.418536171407254]]],[[[140.1604736058723,41.41929138698799],[140.16046083010326,41.41944750479854],[140.1603316730683,41.419381107851905],[140.1604736058723,41.41929138698799]]],[[[140.16070277561266,41.41939166679202],[140.16084472100715,41.41944750479854],[140.16074972831734,41.419551666975906],[140.16060666686428,41.419476107736216],[140.16070277561266,41.41939166679202]]],[[[140.16130306138723,41.41941250498314],[140.16140083028415,41.41953889210623],[140.16132138777186,41.4195936131548],[140.1611455514261,41.41951027927604],[140.16130306138723,41.41941250498314]]],[[[140.0931346949103,41.421496891568324],[140.0928058110394,41.422054775207755],[140.09272919599562,41.42202086537071],[140.0931346949103,41.421496891568324]]],[[[140.11900416301182,41.426494441265504],[140.11897167320421,41.42661555926071],[140.11877389070253,41.42665444144939],[140.11880111497953,41.42646055930743],[140.11900416301182,41.426494441265504]]],[[[140.11901861241904,41.42756472083528],[140.1191802718521,41.427620558841795],[140.11911389109332,41.42774417065698],[140.1188897278787,41.42768166687546],[140.11901861241904,41.42756472083528]]],[[[140.0721336059812,41.427807224823596],[140.0721897281735,41.42796083802233],[140.0720177822949,41.42804638693127],[140.0719397283359,41.42789555893296],[140.0721336059812,41.427807224823596]]],[[[140.06698805395558,41.43259138698295],[140.06690333332222,41.43248610784764],[140.06709333309095,41.43231166724968],[140.06719360570037,41.43239610819387],[140.06698805395558,41.43259138698295]]],[[[140.06418250282036,41.43265361287399],[140.06402221755138,41.43249361269011],[140.06425389100434,41.432428613289915],[140.06418250282036,41.43265361287399]]],[[[140.05968000023188,41.435463333266284],[140.0597074970035,41.43559861288571],[140.05950805435327,41.435633892390285],[140.05950416298674,41.435439720666636],[140.05968000023188,41.435463333266284]]],[[[140.0334083400229,41.443784440899265],[140.032708885107,41.443695837892676],[140.032797782192,41.44344222457903],[140.0332872238264,41.44347861294767],[140.0334083400229,41.443784440899265]]],[[[140.0449594419248,41.44632583776723],[140.0447666668482,41.44605277481577],[140.04506472106004,41.44591472078781],[140.0453461090358,41.44602027871292],[140.0449594419248,41.44632583776723]]],[[[140.0379311151289,41.44625389200354],[140.03795055757223,41.44633722498298],[140.03781778166535,41.4463775047181],[140.03775917014968,41.446296946147186],[140.0379311151289,41.44625389200354]]],[[[140.04427722431456,41.44637166721873],[140.04433944211166,41.446480837720515],[140.04421834030427,41.446588892163675],[140.04408693856146,41.4464261076788],[140.04427722431456,41.44637166721873]]],[[[140.03897805369434,41.4470225047848],[140.03857055828473,41.44702138692753],[140.03849111487307,41.44686889158612],[140.0389402722758,41.446807774559204],[140.03897805369434,41.4470225047848]]],[[[140.0389508303166,41.44925277489568],[140.0385419463538,41.44925027927701],[140.038510829811,41.44910833298326],[140.03882055812232,41.449067775357605],[140.0389508303166,41.44925277489568]]],[[[140.0347686122817,41.45452027858806],[140.0348858371118,41.454599721100294],[140.03473722414367,41.45476222499673],[140.03454333300851,41.45465833261602],[140.0347686122817,41.45452027858806]]],[[[140.02954778160495,41.45671250467842],[140.02921194597457,41.456669721230696],[140.02939666672285,41.45641555933065],[140.0296961085886,41.456524999629096],[140.02954778160495,41.45671250467842]]],[[[140.02884444881238,41.4719483331491],[140.02855027157784,41.4719133333337],[140.02867778195412,41.47181055881032],[140.02884444881238,41.4719483331491]]],[[[140.02386082961368,41.47597305381345],[140.02369944177588,41.47566055918753],[140.02429194571675,41.47563583772376],[140.02420221765829,41.4759091713712],[140.02386082961368,41.47597305381345]]],[[[140.02391167278552,41.47635444100467],[140.02393916955714,41.47653555906885],[140.02375805419092,41.47656138669868],[140.02368250304517,41.47626750534113],[140.02391167278552,41.47635444100467]]],[[[140.0232763943901,41.476470558769336],[140.02348972796858,41.47663833269297],[140.02316805396254,41.47665917088409],[140.0232763943901,41.476470558769336]]],[[[140.02107583698034,41.47943722524781],[140.02088444865842,41.47969777503232],[140.0207463937312,41.47945027890728],[140.02107583698034,41.47943722524781]]],[[[140.02239861200644,41.480027224576816],[140.0223947206399,41.48022527867374],[140.02212527925826,41.480251386892064],[140.0220497281125,41.480064999700005],[140.02239861200644,41.480027224576816]]],[[[140.0226538908645,41.48012361301437],[140.02277500616162,41.48039972107034],[140.02258888516894,41.48038138659177],[140.0226538908645,41.48012361301437]]],[[[140.02185527939764,41.4804955591228],[140.02165749689607,41.480492774821755],[140.02161055768113,41.48035861305959],[140.02187610859562,41.48029999974523],[140.02185527939764,41.4804955591228]]],[[[140.01954769097324,41.481280775187656],[140.01800394262796,41.48284155939052],[140.01794678261797,41.4827899733786],[140.01948481217437,41.48122919816899],[140.01954769097324,41.481280775187656]]],[[[140.0206416730748,41.483886945726],[140.02062333320032,41.48398333326429],[140.0203888853389,41.48404583794513],[140.02045666724143,41.48382972096488],[140.0206416730748,41.483886945726]]],[[[140.01603444893078,41.48584944089902],[140.0152999995954,41.4857375049819],[140.01534944162347,41.4853519458357],[140.01603167272356,41.48553917119585],[140.01603444893078,41.48584944089902]]],[[[140.0145136063179,41.48631805423486],[140.0141450056875,41.48625166718074],[140.01429749743158,41.48610444096721],[140.0145136063179,41.48631805423486]]],[[[140.01255027207742,41.487809999831654],[140.01254778185466,41.48801583756091],[140.01231444915254,41.48795194612546],[140.01255027207742,41.487809999831654]]],[[[140.01275527883308,41.488171386999966],[140.01278138795078,41.48832361344404],[140.01263833998746,41.488284721362845],[140.01275527883308,41.488171386999966]]],[[[140.0100613884224,41.489091666847],[140.0101330607922,41.48919333340564],[140.0099755508311,41.48927917099701],[140.00992749735622,41.48912055936637],[140.0100613884224,41.489091666847]]],[[[140.01105749730573,41.48957083822364],[140.011001672789,41.48926361272561],[140.01145083019173,41.489272775018605],[140.01136888486622,41.48954750531317],[140.01105749730573,41.48957083822364]]],[[[140.0131055512802,41.48975833338045],[140.01232167340652,41.489651666591215],[140.01274221797905,41.48924527914636],[140.0131055512802,41.48975833338045]]],[[[140.01528416343342,41.49029666665791],[140.01355917021965,41.489630000124464],[140.01403693865382,41.48888555932115],[140.01553693857886,41.48964694604979],[140.01528416343342,41.49029666665791]]],[[[140.0135708299299,41.49032917085458],[140.01298221825482,41.490238054242866],[140.01322444884931,41.49001555927072],[140.0135708299299,41.49032917085458]]],[[[140.01277138838896,41.49055194641522],[140.01236639399394,41.4903602793035],[140.01268027177719,41.490116946140176],[140.01277138838896,41.49055194641522]]],[[[140.01406416293082,41.491230278954276],[140.01371917040342,41.49113917133576],[140.01393027186464,41.49088917059879],[140.0143077820785,41.49104166683952],[140.01406416293082,41.491230278954276]]],[[[140.01328167271106,41.49143722464828],[140.01323333325183,41.491576386640986],[140.0131150058529,41.49154138682559],[140.01316306112642,41.491435837893675],[140.01328167271106,41.49143722464828]]],[[[140.01268277638906,41.49208138744615],[140.0121305575792,41.49208805412047],[140.01211639415635,41.49183777459365],[140.01263833998746,41.4918561081729],[140.01268277638906,41.49208138744615]]],[[[140.0128911151329,41.492964440756396],[140.01270888460738,41.49243722489808],[140.01333778231287,41.49251889233307],[140.0128911151329,41.492964440756396]]],[[[140.01256277625123,41.492974720906716],[140.01273472123046,41.49303194566784],[140.01261749729974,41.493190837886914],[140.01242888518493,41.493041107960835],[140.01256277625123,41.492974720906716]]],[[[139.34088649831335,41.49477202680765],[139.34091527931673,41.49493330582743],[139.34074380018626,41.49496844144045],[139.3406958366436,41.494781946329795],[139.34088649831335,41.49477202680765]]],[[[140.01038000023686,41.49597610841073],[140.01047888519247,41.4960322252071],[140.01036693938283,41.49618833312513],[140.01025306093004,41.49607972110232],[140.01038000023686,41.49597610841073]]],[[[139.33939730194402,41.49614836005884],[139.33944885917754,41.49625377499177],[139.33928097283865,41.49631774826554],[139.3392270297037,41.496204225045005],[139.33939730194402,41.49614836005884]]],[[[139.33882474676477,41.49714741422184],[139.33869644588435,41.49728886498917],[139.3384949680684,41.49725913520098],[139.3384697798565,41.49712127902387],[139.33882474676477,41.49714741422184]]],[[[139.3392581966085,41.49750655938027],[139.33904594041792,41.49762097292961],[139.33895121932335,41.49753450491352],[139.33915147855794,41.49743627916098],[139.3392581966085,41.49750655938027]]],[[[139.36458927387594,41.4998079460799],[139.3644837483264,41.50003861319152],[139.3643002722398,41.49989717141739],[139.36458927387594,41.4998079460799]]],[[[140.01156138834745,41.50053694642298],[140.01136082963865,41.50040027914963],[140.0115730606483,41.500211945824674],[140.0118347210955,41.50032361284451],[140.01156138834745,41.50053694642298]]],[[[140.0067638910408,41.50045110793235],[140.00654138797472,41.50063722532775],[140.0064230605758,41.50044944058925],[140.0067638910408,41.50045110793235]]],[[[139.3721215555654,41.5010621711823],[139.37218389117368,41.50116036006261],[139.37196686138157,41.5012225319943],[139.37193688697778,41.50113783834064],[139.3721215555654,41.5010621711823]]],[[[140.01137999958735,41.504636387259495],[140.01110111532432,41.50417138739965],[140.01162444880936,41.50433194606251],[140.01137999958735,41.504636387259495]]],[[[140.01171027201156,41.50497722491906],[140.01172472141877,41.5052197208135],[140.01135639418226,41.50535999976421],[140.01155693940132,41.50495555935163],[140.01171027201156,41.50497722491906]]],[[[140.00918167339557,41.50599944112139],[140.00922167344152,41.50610694607877],[140.00909778193716,41.506121667081345],[140.0090486124036,41.50599777467761],[140.00918167339557,41.50599944112139]]],[[[140.00915972813902,41.50638250464891],[140.00926360613062,41.5064863871371],[140.00907416304221,41.50654638720607],[140.00905221778567,41.50639889209526],[140.00915972813902,41.50638250464891]]],[[[140.01217555066125,41.50666833257753],[140.01203749663318,41.50681610827684],[140.0119516734311,41.506707224658726],[140.01217555066125,41.50666833257753]]],[[[140.01110306055784,41.50691110816115],[140.01111055820581,41.50704222481886],[140.0109391699068,41.50706777455821],[140.01095000044222,41.506931108184176],[140.01110306055784,41.50691110816115]]],[[[139.38480635542908,41.50872017089921],[139.38444364535803,41.508549306005705],[139.38383907881052,41.50864746790637],[139.3838245781418,41.5085856673947],[139.38447267187632,41.508472973349114],[139.38480635542908,41.50872017089921]]],[[[140.00952610924264,41.50879917094505],[140.0094841630637,41.50892499958911],[140.00927472085175,41.50892694572201],[140.0091452787317,41.5087919457917],[140.00952610924264,41.50879917094505]]],[[[140.00900138810368,41.50926777528764],[140.0088663935693,41.50908527856279],[140.00920555129517,41.50904889199285],[140.00932944190026,41.5092238919691],[140.00900138810368,41.50926777528764]]],[[[140.00848527887263,41.509251386942026],[140.0086638914255,41.50943917078115],[140.0082336062959,41.50943194562785],[140.00848527887263,41.509251386942026]]],[[[140.00777610858063,41.509767224577786],[140.0078583398905,41.51001333304896],[140.00769221802148,41.51003138693903],[140.0076102717967,41.50987305409819],[140.00777610858063,41.509767224577786]]],[[[140.00741527899197,41.50991861285377],[140.0074627757865,41.510015000392],[140.00731306114892,41.510108054143416],[140.00721472118255,41.50999305423613],[140.00741527899197,41.50991861285377]]],[[[140.007757782196,41.51156250520552],[140.0077505579419,41.511753891728745],[140.00754833998394,41.51177777502437],[140.0076158368015,41.51158083788539],[140.007757782196,41.51156250520552]]],[[[140.0076102717967,41.51192527912838],[140.0076413883395,41.51211861268388],[140.00736972833033,41.51219166731164],[140.00733138843293,41.512051107772436],[140.0076102717967,41.51192527912838]]],[[[140.0060116729004,41.512477505132836],[140.00607555084605,41.51263250508612],[140.00589693919244,41.51266889165606],[140.00589861193146,41.51254138667571],[140.0060116729004,41.512477505132836]]],[[[140.0075247210891,41.51253389172575],[140.00755555074818,41.51270722525828],[140.00724944220804,41.51271444141838],[140.0073461094355,41.51251583783568],[140.0075247210891,41.51253389172575]]],[[[140.00700693911904,41.51253389172575],[140.00714360639233,41.512763612750575],[140.00679360643983,41.513026107768724],[140.00665693916642,41.51289110783841],[140.00700693911904,41.51253389172575]]],[[[140.00591861195448,41.51274917143718],[140.00585472141836,41.51302250508462],[140.00557944163802,41.51290777497388],[140.00591861195448,41.51274917143718]]],[[[140.00791111480612,41.51284000026584],[140.00795834000542,41.5129566666169],[140.00777250319857,41.513077225233815],[140.00774167264012,41.51287110781544],[140.00791111480612,41.51284000026584]]],[[[140.00623944239646,41.51287666742434],[140.00631055808583,41.513055279077946],[140.0060644487154,41.513044441347915],[140.00608444873842,41.51288027910164],[140.00623944239646,41.51287666742434]]],[[[140.00790194621788,41.513972225138104],[140.0077797283518,41.51410527893552],[140.0077066674288,41.51400500003081],[140.00790194621788,41.513972225138104]]],[[[139.33429114112334,41.51469955903747],[139.33411966289225,41.51490677542739],[139.3339865497395,41.51466261308917],[139.33429114112334,41.51469955903747]]],[[[140.00672944161056,41.515381107552116],[140.00687527927073,41.51546861338585],[140.00662749716128,41.51555222515515],[140.00657082997986,41.51537722517884],[140.00672944161056,41.515381107552116]]],[[[140.00727277601789,41.515231386619234],[140.00750610872,41.51541027886134],[140.0070322181624,41.51558333270469],[140.00690082990945,41.51530999995657],[140.00727277601789,41.515231386619234]]],[[[139.33417963688078,41.515696837938776],[139.3342707516939,41.515799532422534],[139.33403691267347,41.515820251903165],[139.33407036295694,41.5156768019429],[139.33417963688078,41.515696837938776]]],[[[140.0053733332128,41.51728389223791],[140.00538416284894,41.517404171165595],[140.00522749735114,41.5173986133554],[140.00523500579095,41.517309441077884],[140.0053733332128,41.51728389223791]]],[[[140.00699583698838,41.51713805367831],[140.00722527922335,41.51746083834706],[140.00694472132193,41.517424440985224],[140.00699583698838,41.51713805367831]]],[[[139.33420961128456,41.517551775094375],[139.33418683505442,41.51767700029336],[139.3340537219018,41.517708532322956],[139.33403452677203,41.517601333135076],[139.33420961128456,41.517551775094375]]],[[[140.0047008300793,41.51959889197536],[140.0047227762352,41.519875838199425],[140.00446389109572,41.51979194584169],[140.0047008300793,41.51959889197536]]],[[[139.33561007784283,41.52084097263281],[139.33555610862754,41.52100583814894],[139.3353642535575,41.52086889208573],[139.33561007784283,41.52084097263281]]],[[[140.00472999958993,41.52094361315727],[140.00480472066135,41.52106583821791],[140.0045238911647,41.521133333236776],[140.00450944175736,41.520987504569746],[140.00472999958993,41.52094361315727]]],[[[140.00411555129176,41.521173333282775],[140.0037983397217,41.5209619458372],[140.00417917023253,41.52084361304236],[140.00411555129176,41.521173333282775]]],[[[140.0044619458622,41.52128833319006],[140.00459693859796,41.521408613017115],[140.00440194579323,41.52160917082665],[140.0041994418508,41.5213611081287],[140.0044619458622,41.52128833319006]]],[[[140.00175778159644,41.522067225222315],[140.001772502599,41.52226417135449],[140.00165389101437,41.52230250495671],[140.00152805427638,41.52210750495743],[140.00175778159644,41.522067225222315]]],[[[139.33614255473515,41.522118251855886],[139.33620011674202,41.522281333117064],[139.33598306086958,41.52234350504875],[139.33594708169255,41.52211464017853],[139.33614255473515,41.522118251855886]]],[[[139.35793622607605,41.52296619833146],[139.35798897491134,41.52311125178289],[139.3578726332155,41.52313377530356],[139.35777552532033,41.52299953170308],[139.35793622607605,41.52296619833146]]],[[[139.3373103630829,41.52298599960426],[139.3373211405583,41.52319955891255],[139.33709450061076,41.52310674797809],[139.3373103630829,41.52298599960426]]],[[[139.35828516213064,41.52314099955754],[139.35832233470808,41.52330046824204],[139.35809688726158,41.523295945551524],[139.35805491590168,41.523190532417175],[139.35828516213064,41.52314099955754]]],[[[140.00088083018625,41.52295472118351],[140.00087194578373,41.52331027894627],[140.00068055836118,41.523261107614076],[140.0007097278717,41.52300027903971],[140.00088083018625,41.52295472118351]]],[[[139.33755133642512,41.52330855944251],[139.3377419971955,41.52338602704356],[139.33772880683898,41.52354822517049],[139.33743741930152,41.52348064021942],[139.33755133642512,41.52330855944251]]],[[[139.99846944201124,41.52365861335437],[139.99843666711854,41.52381361330765],[139.99820138828352,41.523789999808685],[139.9982252787737,41.5236749999014],[139.99846944201124,41.52365861335437]]],[[[139.33870360628646,41.52384638730098],[139.33870360628646,41.52399505422841],[139.33857289162574,41.52398783806831],[139.3385525291759,41.5238590002927],[139.33870360628646,41.52384638730098]]],[[[139.34882355406387,41.524581531812316],[139.34885352756828,41.524786053833395],[139.34864966295163,41.52473380232317],[139.34882355406387,41.524581531812316]]],[[[139.33998778241028,41.52475989165572],[139.3401004665634,41.52485000012746],[139.3400489111284,41.5249247751583],[139.3399074189923,41.52489144088736],[139.33998778241028,41.52475989165572]]],[[[139.34083069987696,41.525104946236354],[139.3362707521935,41.5218157477986],[139.33467128365294,41.51452835959617],[139.33873544678352,41.507037640075055],[139.33816588814534,41.50179208073996],[139.34048243831398,41.49510822486474],[139.3472163036895,41.495136504945776],[139.34994814459128,41.497853197666984],[139.35945369623118,41.50063458581752],[139.37218730230222,41.50140153215506],[139.3756071731326,41.502653170807264],[139.38306730221427,41.507621747945336],[139.38346797716542,41.5121547753227],[139.37590144029934,41.52251217109989],[139.3700597536548,41.52400674811298],[139.36080703022037,41.5228581978476],[139.35304411199627,41.52313558563884],[139.34851175101653,41.52459505401856],[139.34083069987696,41.525104946236354]]],[[[139.99384055769565,41.53266750540109],[139.9938602717342,41.53276222469697],[139.99368693910105,41.53279499958961],[139.99367306076317,41.5326844414339],[139.99384055769565,41.53266750540109]]],[[[139.99668805411045,41.53342389189913],[139.9967027760124,41.53357722540869],[139.99657250291875,41.53358777535561],[139.99659693929732,41.53342750537513],[139.99668805411045,41.53342389189913]]],[[[139.99376055760376,41.53393889226612],[139.9938350061807,41.53408999995361],[139.99367306076317,41.53411027876638],[139.9936369385939,41.53400972107181],[139.99376055760376,41.53393889226612]]],[[[139.9952519456209,41.53449417056959],[139.99479583735808,41.53451222535898],[139.99474000025089,41.533963891620374],[139.9954755512557,41.53407444078289],[139.9952519456209,41.53449417056959]]],[[[139.99759583697835,41.535643053584124],[139.99747722359507,41.53577972085748],[139.99730778232833,41.53568861323896],[139.99759583697835,41.535643053584124]]],[[[139.9902297284193,41.538523332985505],[139.99024833988904,41.53866000025886],[139.9900852793122,41.53867694618418],[139.99009917024057,41.538542504732845],[139.9902297284193,41.538523332985505]]],[[[139.9914186123791,41.539496108058984],[139.9914874968506,41.53962138721732],[139.99135111466228,41.53964833270442],[139.99126749659774,41.53955027872246],[139.9914186123791,41.539496108058984]]],[[[139.99177472142628,41.53980972144154],[139.991793332896,41.539904440737416],[139.99166416327057,41.53993277477781],[139.9916338911912,41.539811946364296],[139.99177472142628,41.53980972144154]]],[[[139.99619194580168,41.54051500036701],[139.99622444909915,41.54063917066122],[139.99609194568677,41.54065722455135],[139.99609666712752,41.54052417075394],[139.99619194580168,41.54051500036701]]],[[[139.99331888525842,41.54084222498875],[139.99331527897698,41.54098638721206],[139.9931802718521,41.54095361321873],[139.99331888525842,41.54084222498875]]],[[[139.99250555099047,41.54078666667141],[139.99253805428782,41.540963891570414],[139.99227277586795,41.54103944091753],[139.992189170394,41.54094694564509],[139.99250555099047,41.54078666667141]]],[[[139.9906658366591,41.54184861312302],[139.99076360555603,41.54207777476955],[139.99047138794424,41.54199861284576],[139.9906658366591,41.54184861312302]]],[[[139.9903166667808,41.542516667310394],[139.99030972761193,41.54266666703313],[139.99018749715538,41.54265666657193],[139.99019917035548,41.5425200001979],[139.9903166667808,41.542516667310394]]],[[[139.9887944491046,41.5431561077682],[139.98908639422177,41.54331083792488],[139.9888319463373,41.543408053738744],[139.9887944491046,41.5431561077682]]],[[[139.98972194601106,41.543162224956745],[139.98934944232292,41.54339444070092],[139.9892144486879,41.543174170651525],[139.98972194601106,41.543162224956745]]],[[[139.98707111513988,41.54446750457174],[139.98712111474777,41.54462889240949],[139.98695693901163,41.54458027865701],[139.98707111513988,41.54446750457174]]],[[[139.99066805438724,41.54543917078115],[139.9906005575698,41.545582504728884],[139.99047722364503,41.54551694595034],[139.99066805438724,41.54543917078115]]],[[[139.98772805370675,41.544711026592665],[139.9861903371144,41.54559844071554],[139.98615167256173,41.545540359799816],[139.9876765243522,41.544652945676944],[139.98772805370675,41.544711026592665]]],[[[139.99039444914456,41.54563110768953],[139.99039916968604,41.545755278883064],[139.99022333334028,41.545743891667314],[139.99019083004282,41.54566610840425],[139.99039444914456,41.54563110768953]]],[[[139.99037583677546,41.545939999631344],[139.990386393917,41.5460799997922],[139.99026527861975,41.54606972144052],[139.99022583705278,41.54596833277242],[139.99037583677546,41.545939999631344]]],[[[139.99021306128384,41.5462661081944],[139.99024805390468,41.54643083791291],[139.99008500591833,41.54647277509855],[139.9900722175588,41.54630555875457],[139.99021306128384,41.5462661081944]]],[[[139.9895799997173,41.546719720838496],[139.98964861169418,41.54682917102946],[139.98951472062788,41.54685166667116],[139.98945999957937,41.5467683327924],[139.9895799997173,41.546719720838496]]],[[[139.98902722422713,41.546991666832014],[139.98895500596882,41.547182225079666],[139.98877693930433,41.54713499988037],[139.9888816725512,41.54698833304519],[139.98902722422713,41.546991666832014]]],[[[139.98530111535422,41.548607504832546],[139.98539194598163,41.54866610825434],[139.9853511149621,41.54882972101484],[139.98517527861623,41.548757504555226],[139.98530111535422,41.548607504832546]]],[[[139.98484444861253,41.55208389175823],[139.98494583728063,41.552169721255666],[139.98480610871502,41.55229027897326],[139.98470944238693,41.55212222536045],[139.98484444861253,41.55208389175823]]],[[[139.9847991704454,41.552446108101435],[139.98487277635763,41.55253861326645],[139.98473972795614,41.55259055900717],[139.98467583742,41.55247222531301],[139.9847991704454,41.552446108101435]]],[[[139.98572333266577,41.5511069456291],[139.98612000023786,41.552155000253094],[139.9854394418768,41.55236277512205],[139.98572333266577,41.5511069456291]]],[[[139.98578722410116,41.552969721275645],[139.98587916988788,41.553082505253485],[139.98577194641825,41.55311638721156],[139.9856661088039,41.553019441194294],[139.98578722410116,41.552969721275645]]],[[[139.98569416315513,41.55310750460768],[139.98580250268344,41.55318861266437],[139.9856999997553,41.553271108374986],[139.98561610919614,41.55315138702696],[139.98569416315513,41.55310750460768]]],[[[139.98482610873805,41.55329027922306],[139.98488306100455,41.5533952786692],[139.9847644494199,41.553434721135545],[139.98469472138436,41.553331945712785],[139.98482610873805,41.55329027922306]]],[[[139.98591416340798,41.55327666708456],[139.98603527870523,41.553389720859],[139.9861761089403,41.55372361305433],[139.98592360628948,41.55362444121505],[139.98581416329307,41.553388612894196],[139.98591416340798,41.55327666708456]]],[[[139.98569194632637,41.5534494412388],[139.98584082999037,41.55374389186716],[139.9855963942582,41.553644720927196],[139.98569194632637,41.5534494412388]]],[[[139.98511472096766,41.55351250529793],[139.98517167323416,41.55371555872608],[139.9849691701911,41.55370777509381],[139.98511472096766,41.55351250529793]]],[[[139.98628416338352,41.55303861294169],[139.9866888852839,41.553643612962446],[139.98643194627732,41.55376417067998],[139.98613749744766,41.55331750529871],[139.98628416338352,41.55303861294169]]],[[[139.9852297280696,41.55451083820469],[139.9852786116187,41.55466110772397],[139.98512389135453,41.55469277465187],[139.98506111507845,41.554548332739444],[139.9852297280696,41.55451083820469]]],[[[139.98456416320562,41.554423053581104],[139.98472833984113,41.55452110756312],[139.98449666728743,41.55475917069924],[139.98435250326543,41.55454944070419],[139.98456416320562,41.554423053581104]]],[[[139.98506583741857,41.55475805374124],[139.98511221815443,41.55484833308418],[139.98491916968396,41.55488333289952],[139.9849144491426,41.55479527937871],[139.98506583741857,41.55475805374124]]],[[[139.98460500591636,41.55501777525018],[139.98477610913017,41.55519472135933],[139.98457805413398,41.555385559296155],[139.98449444865992,41.555118054154946],[139.98460500591636,41.55501777525018]]],[[[139.98520058374004,41.555693891859676],[139.98475072576548,41.554872720899425],[139.9848329435855,41.55484727907873],[139.98520058374004,41.555693891859676]]],[[[139.9845919459616,41.55599277524641],[139.98482027213788,41.5562963872685],[139.98465834021033,41.556349171177374],[139.9844547211086,41.55609305415118],[139.9845919459616,41.55599277524641]]],[[[139.98410805404353,41.55596999991559],[139.98500722410415,41.558085558801565],[139.984412775829,41.55835417100826],[139.98393333285708,41.557194170574576],[139.98410805404353,41.55596999991559]]],[[[139.98333333306698,41.55879246819791],[139.98355277574012,41.55916222535649],[139.98319888532035,41.55946361335515],[139.98311778176026,41.55886444094125],[139.98333333306698,41.55879246819791]]],[[[139.98433583702933,41.55923444091678],[139.98462083038703,41.559557224686216],[139.98427416332208,41.559485000132725],[139.98433583702933,41.55923444091678]]],[[[139.9838286122008,41.55929999969527],[139.98377610888042,41.559596667152505],[139.98355749718087,41.5594558378167],[139.9838286122008,41.55929999969527]]],[[[139.98428472136288,41.55958777465611],[139.98434999955293,41.5596736131468],[139.9841997282349,41.55971972138809],[139.98418111496653,41.559619440684685],[139.98428472136288,41.55958777465611]]],[[[139.98241138767548,41.56028027871196],[139.9824961092081,41.56041222544388],[139.98219583726814,41.56045638665296],[139.98215055820174,41.56035138720682],[139.98241138767548,41.56028027871196]]],[[[139.98275999997406,41.56066277476731],[139.982637782108,41.560791386813094],[139.98249500574002,41.56067750476308],[139.9826647212999,41.56061527887209],[139.98275999997406,41.56066277476731]]],[[[139.98302693944174,41.55950277523294],[139.98341861217932,41.560562504855795],[139.98304277560362,41.56098110779192],[139.98283111476417,41.560158613029614],[139.98302693944174,41.55950277523294]]],[[[139.98325138774146,41.56117861330239],[139.98349666703757,41.56157917134175],[139.9831058369649,41.56158805394557],[139.98278221772523,41.56132305431555],[139.98325138774146,41.56117861330239]]],[[[139.9827855506128,41.56212999979971],[139.98271583696635,41.562273332848065],[139.98260055826927,41.56221333277915],[139.9827855506128,41.56212999979971]]],[[[139.98397861192348,41.56219750471115],[139.98399500566507,41.56230138719934],[139.98379027230328,41.562343053689006],[139.98378306063978,41.56224027916562],[139.98397861192348,41.56219750471115]]],[[[139.98211306096903,41.56215805415093],[139.9821536060042,41.56230889204181],[139.98203138813813,41.56230333333224],[139.98211306096903,41.56215805415093]]],[[[139.98415666689675,41.56230944062821],[139.9842136056734,41.562387224790655],[139.9840983395668,41.56244917099252],[139.98403778191812,41.562346667165],[139.98415666689675,41.56230944062821]]],[[[139.98395055757226,41.56278861290423],[139.98404610874104,41.56288333309942],[139.98395749674114,41.56296666697813],[139.9838505583566,41.562851667070845],[139.98395055757226,41.56278861290423]]],[[[139.98267416328213,41.56293666739333],[139.98279389092534,41.563122774896215],[139.98254027221583,41.56312499981897],[139.98267416328213,41.56293666739333]]],[[[139.98478360587876,41.56335166674609],[139.98404250335886,41.56265250500917],[139.9843650056406,41.56248750459474],[139.98478360587876,41.56335166674609]]],[[[139.98622333324033,41.56556027938342],[139.98626277570656,41.56574194603405],[139.98602778195664,41.565669720581184],[139.98622333324033,41.56556027938342]]],[[[139.9852886120799,41.56666583755839],[139.98558639379712,41.566909441417636],[139.9854797279072,41.56699777462762],[139.98524194625884,41.56684305436352],[139.9852886120799,41.56666583755839]]],[[[139.9850838913086,41.56679555936762],[139.98523639384462,41.56689944095649],[139.98518527907743,41.56703027882435],[139.98492805408648,41.566944441233034],[139.9850838913086,41.56679555936762]]],[[[139.98443221827233,41.56728417092779],[139.9844833330394,41.56736889156116],[139.9842691702861,41.56742972080502],[139.98421805372027,41.56732138667269],[139.98443221827233,41.56728417092779]]],[[[139.98488138826553,41.56730777543356],[139.98491277640358,41.56743417065053],[139.98471250277987,41.56740472055145],[139.98475221774072,41.56730444074742],[139.98488138826553,41.56730777543356]]],[[[139.9817152791369,41.567890278913296],[139.98182805412148,41.56802333271071],[139.98160333332726,41.568021945956104],[139.9817152791369,41.567890278913296]]],[[[139.98410500624107,41.568083053989824],[139.9841363943791,41.56823333340168],[139.98398972844325,41.56822527907343],[139.98391083002082,41.56813389176574],[139.98410500624107,41.568083053989824]]],[[[139.98331389062366,41.56822194618593],[139.98233055840865,41.56810361339109],[139.98257722356004,41.56765222477043],[139.98331389062366,41.56822194618593]]],[[[139.98401111522082,41.56850166681852],[139.9841436060426,41.56859638701371],[139.98390500601124,41.56863250468638],[139.98401111522082,41.56850166681852]]],[[[139.9830308299089,41.568457504710125],[139.98308333322927,41.56860083775848],[139.98283306089706,41.56868305377998],[139.98281693875083,41.5684891707387],[139.9830308299089,41.568457504710125]]],[[[139.9824747206319,41.56850166681852],[139.98257000020544,41.568748612558466],[139.98224778210954,41.568706946068744],[139.9824747206319,41.56850166681852]]],[[[139.9838747213414,41.569192224741414],[139.98364194621888,41.569323053616074],[139.98303666740833,41.56906694558313],[139.9833638911307,41.56894833309917],[139.9838747213414,41.569192224741414]]],[[[139.98333333306698,41.56926961320215],[139.98348027239672,41.56939417110419],[139.9832650061752,41.569402225432384],[139.98333333306698,41.56926961320215]]],[[[139.9823066670191,41.569920278997756],[139.98261389071854,41.57012472097915],[139.9822263944326,41.57023666678879],[139.9823066670191,41.569920278997756]]],[[[139.98279527857926,41.570341387445126],[139.98281500610767,41.57045194560084],[139.98267888472287,41.570459999929085],[139.98259972819494,41.570391108263095],[139.98279527857926,41.570341387445126]]],[[[139.98313416291137,41.5709758375649],[139.98342472127388,41.57148777484099],[139.98320389094692,41.571577775394076],[139.98296416316566,41.57104444144784],[139.98313416291137,41.5709758375649]]],[[[139.9835599999941,41.57114389207703],[139.98386805376776,41.571556667406355],[139.98376221795206,41.57188722491554],[139.98345639359775,41.57136389232983],[139.9835599999941,41.57114389207703]]],[[[139.9845930611209,41.57210610821039],[139.984563890711,41.57230138699947],[139.98431944238837,41.572248333294],[139.98432778180177,41.572015837860704],[139.9845930611209,41.57210610821039]]],[[[139.98234972835735,41.572190837836956],[139.98239972796512,41.572306945709045],[139.9822972241376,41.57234999985269],[139.98221472123248,41.57222027894278],[139.98234972835735,41.572190837836956]]],[[[139.98408444863844,41.5720530536056],[139.98425333322484,41.57249083818169],[139.98382277560063,41.57233972060169],[139.98408444863844,41.5720530536056]]],[[[139.9829861093216,41.572781107861886],[139.98322472104405,41.57307222470348],[139.98295360602413,41.573106107560875],[139.9829861093216,41.572781107861886]]],[[[139.98467861182849,41.573127774926945],[139.98427306075325,41.572808054248355],[139.9846513875516,41.572498612820766],[139.9849211149176,41.572934441371444],[139.98467861182849,41.573127774926945]]],[[[139.98128138772597,41.573018892208154],[139.98131389102332,41.573511108251125],[139.9810602723138,41.5733113868111],[139.98109055788302,41.57305277506555],[139.98128138772597,41.573018892208154]]],[[[139.98459416279047,41.57352555855772],[139.98467583742,41.57369722474715],[139.98447555120583,41.57369722474715],[139.9844102721164,41.57354472131192],[139.98459416279047,41.57352555855772]]],[[[139.9820016727391,41.574264721239956],[139.98199138809218,41.57398833259555],[139.98242167322167,41.57410666718897],[139.9820016727391,41.574264721239956]]],[[[139.98328138822558,41.575186666631396],[139.98336194589717,41.575340000140955],[139.9832441625881,41.5753738919916],[139.98316277574156,41.575263332936515],[139.98328138822558,41.575186666631396]]],[[[139.98054834043364,41.575855558986916],[139.98028749657078,41.57573610833481],[139.9805330609521,41.57562638744787],[139.98054834043364,41.575855558986916]]],[[[139.9837655508395,41.575897505165756],[139.98380749701846,41.57602055940134],[139.98362000006307,41.576023892288845],[139.98361888490365,41.57594138668571],[139.9837655508395,41.575897505165756]]],[[[139.98355749718087,41.576330559307905],[139.98274972791762,41.57574389196708],[139.98317306128786,41.575460838446986],[139.98355749718087,41.576330559307905]]],[[[139.98234583699082,41.57654083788941],[139.98201778229486,41.576741667294186],[139.98181167297037,41.57660389205603],[139.98224472081722,41.57646750537111],[139.98234583699082,41.57654083788941]]],[[[139.98276583657412,41.57702361284953],[139.9823691699013,41.57683194573775],[139.98290000013492,41.576441387260274],[139.98319306131077,41.57678333288453],[139.98276583657412,41.57702361284953]]],[[[139.98333333306698,41.577233252013],[139.98348610899677,41.57754833308917],[139.98317555061124,41.57751110835102],[139.98333333306698,41.577233252013]]],[[[139.9812344494104,41.57795889158962],[139.98132749686658,41.57811027896628],[139.98115527939274,41.57814750460369],[139.9810983397167,41.57799861284576],[139.9812344494104,41.57795889158962]]],[[[139.9824763942703,41.57763722477813],[139.98286500571555,41.57826805422735],[139.98231221763479,41.57826027868896],[139.9824763942703,41.57763722477813]]],[[[139.98306500594538,41.57830638693025],[139.983202503293,41.57860444114209],[139.9828811152713,41.578728332646506],[139.9828183398945,41.5783752785963],[139.98306500594538,41.57830638693025]]],[[[139.98312778222146,41.57883805443271],[139.9832858371717,41.57918000005702],[139.9828499996279,41.579175278616276],[139.98312778222146,41.57883805443271]]],[[[139.98327306140277,41.57970666732888],[139.98320805390858,41.57951500021716],[139.98338583728662,41.579435000125216],[139.98343472083582,41.57963917141069],[139.98327306140277,41.57970666732888]]],[[[139.98339999981022,41.579867225092414],[139.98346972784577,41.57998472061843],[139.98336972773086,41.58008722534521],[139.98328250338488,41.579910000446205],[139.98339999981022,41.579867225092414]]],[[[139.98265306069027,41.57985138713184],[139.98271472090767,41.58038610783268],[139.9822805579015,41.58043777478355],[139.98265306069027,41.57985138713184]]],[[[139.98215861163067,41.58068610817742],[139.98218194633978,41.580828333261024],[139.98205167324613,41.58084972093792],[139.98206778190263,41.58071555917576],[139.98215861163067,41.58068610817742]]],[[[139.9801927763756,41.581007774988905],[139.98002082959772,41.58070750484751],[139.98036639409383,41.58069527856429],[139.98048389141854,41.580987505169276],[139.9801927763756,41.581007774988905]]],[[[139.98182666736682,41.580791107623554],[139.98192444885433,41.580987505169276],[139.98170583715478,41.58093666739336],[139.98182666736682,41.580791107623554]]],[[[139.98066527927926,41.581302224717945],[139.98076527939418,41.58154500030156],[139.9805686120519,41.58159472111953],[139.98047666716457,41.581442224878856],[139.98066527927926,41.581302224717945]]],[[[139.98176277593143,41.581039441017424],[139.98193389083644,41.581615838100504],[139.981686108727,41.581684720773296],[139.98137639390552,41.58128750461469],[139.98176277593143,41.581039441017424]]],[[[139.9838108299059,41.58232083823617],[139.98384333320337,41.5824822251746],[139.98367111483014,41.582501387029424],[139.98357666712957,41.58234361266767],[139.9838108299059,41.58232083823617]]],[[[139.98333333306698,41.582621999605635],[139.9834197282379,41.58281138693599],[139.98327306140277,41.58286333267671],[139.9832044494259,41.58270194573828],[139.98333333306698,41.582621999605635]]],[[[139.98262834012587,41.58289972104535],[139.982708611813,41.58307555918975],[139.98257250301867,41.58311277493465],[139.98248416261413,41.58294138663575],[139.98262834012587,41.58289972104535]]],[[[139.98310778219843,41.5830869464055],[139.98317888529743,41.58324722537918],[139.98300083032416,41.583239171050934],[139.98310778219843,41.5830869464055]]],[[[139.9815638908609,41.5831602789238],[139.98185360565947,41.583302504906726],[139.98149416282547,41.58344222537846],[139.9815638908609,41.5831602789238]]],[[[139.98175583676255,41.58351333297401],[139.9816441634474,41.58369166673708],[139.98151277609384,41.58351444093876],[139.98175583676255,41.58351333297401]]],[[[139.98171749686503,41.584113892142454],[139.98146833969224,41.58420610772572],[139.98057693887472,41.58371444116858],[139.98133583717924,41.58360944082307],[139.98171749686503,41.584113892142454]]],[[[139.981495837363,41.58438722489058],[139.98157610905025,41.58445277467587],[139.98155055841164,41.584632225396945],[139.98139917013566,41.58458472140779],[139.9813666668383,41.584465000059765],[139.981495837363,41.58438722489058]]],[[[139.98042666665742,41.58433389239525],[139.9806491697235,41.58444083797434],[139.98021972815798,41.58466861286627],[139.98014389102786,41.58445666694166],[139.98042666665742,41.58433389239525]]],[[[139.98090805396362,41.584718613373354],[139.98057861161374,41.58491500012718],[139.98052167283697,41.584701946237885],[139.98090805396362,41.584718613373354]]],[[[139.98103138788827,41.585058333175596],[139.98101055779102,41.58525027907717],[139.9807811146568,41.585188054085506],[139.98103138788827,41.585058333175596]]],[[[139.98173778197315,41.58514750455373],[139.98175999972432,41.58532583831686],[139.9815888848192,41.58527944139314],[139.98173778197315,41.58514750455373]]],[[[139.9818236060746,41.586818333399435],[139.98194500555758,41.58701638659704],[139.98154888477325,41.58703722478816],[139.98158639369717,41.586846386851335],[139.9818236060746,41.586818333399435]]],[[[139.98303333272224,41.58744110762109],[139.9830850059683,41.58759527929874],[139.98288389057916,41.58756194592712],[139.98303333272224,41.58744110762109]]],[[[139.98176555123928,41.587950278582525],[139.98184500634204,41.58806277477731],[139.98171394274436,41.58814305365905],[139.98160138809362,41.58807333281811],[139.98176555123928,41.587950278582525]]],[[[139.98255527920287,41.59186027902871],[139.9824983404261,41.59207194616346],[139.98234472093213,41.59197917120184],[139.98255527920287,41.59186027902871]]],[[[139.98087527907091,41.59322166734614],[139.9811319455829,41.593467225432164],[139.98072360570995,41.59353305400731],[139.98087527907091,41.59322166734614]]],[[[139.98148416326364,41.593552775240425],[139.9813766672994,41.593764170779934],[139.98128749682064,41.59367250468239],[139.98148416326364,41.593552775240425]]],[[[139.98168833994498,41.594367224667735],[139.9817333330269,41.594463053727],[139.98161000000152,41.594500559053586],[139.98155500555913,41.59438805386566],[139.98168833994498,41.594367224667735]]],[[[139.98069555135862,41.597817774970395],[139.98070972827145,41.59812944132074],[139.98052167283697,41.59810222513761],[139.98069555135862,41.597817774970395]]],[[[139.98116944191622,41.59827833307867],[139.98124472056747,41.598412504733346],[139.9811061089598,41.59844166704937],[139.98104917018316,41.598337504872006],[139.98116944191622,41.59827833307867]]],[[[139.97961082957625,41.60194250474285],[139.97963221815246,41.60218833262553],[139.9793325028927,41.602113332764134],[139.97961082957625,41.60194250474285]]],[[[139.98009194618646,41.60194638711613],[139.98006416343048,41.60249861312053],[139.97981277593897,41.60237166661915],[139.97987306109292,41.60205055918601],[139.98009194618646,41.60194638711613]]],[[[139.98041333330877,41.602381107702],[139.98033055790893,41.602581946099974],[139.98023277642153,41.60253527937971],[139.98041333330877,41.602381107702]]],[[[139.9813938911152,41.60550472116603],[139.98145500634348,41.6055558377318],[139.98138216575444,41.60572164034147],[139.98127888491263,41.60557972102737],[139.9813938911152,41.60550472116603]]],[[[139.98168778236538,41.60750944130774],[139.98134944212313,41.60749277507159],[139.98146749702744,41.60736583756341],[139.98168778236538,41.60750944130774]]],[[[139.98168555114728,41.60770972122668],[139.98174666727493,41.60778055902563],[139.9815888848192,41.6078419458492],[139.9815544488788,41.607755558772055],[139.98168555114728,41.60770972122668]]],[[[139.9808725028638,41.60836110827859],[139.98074250316404,41.60824666685022],[139.98093138777335,41.60821638667693],[139.9808725028638,41.60836110827859]]],[[[139.98240111471978,41.60941222509416],[139.98253972812597,41.60957583785466],[139.98234416335254,41.60957472089672],[139.98240111471978,41.60941222509416]]],[[[139.98313360623104,41.61011222499923],[139.9831902716138,41.61024972144753],[139.98305500638355,41.61026638678436],[139.98305306114992,41.61014777519972],[139.98313360623104,41.61011222499923]]],[[[139.9819650055806,41.6109944410407],[139.98204778187971,41.611128892384556],[139.98189416328512,41.611128892384556],[139.9819650055806,41.6109944410407]]],[[[139.98238916992432,41.61120361255672],[139.98238167317572,41.611351667045824],[139.9822450059023,41.61136000016393],[139.9822669385684,41.61121944062472],[139.98238916992432,41.61120361255672]]],[[[139.9820980539821,41.61149972063566],[139.9821161087715,41.611626667137045],[139.98181111539077,41.611766386709405],[139.9818413883694,41.61152166679153],[139.9820980539821,41.61149972063566]]],[[[139.9845974965773,41.61252417075394],[139.9845738911722,41.61265861310454],[139.98442999964482,41.61257417126103],[139.9845974965773,41.61252417075394]]],[[[139.98437805390415,41.61453666733337],[139.9844294420651,41.614655278918065],[139.98430500557163,41.61481277538934],[139.98415778205606,41.614644999667064],[139.98437805390415,41.61453666733337]]],[[[139.98706749716735,41.61569361277009],[139.98716416259606,41.61586555864869],[139.98695055832172,41.61584889241249],[139.98706749716735,41.61569361277009]]],[[[139.98898583742653,41.62096305360211],[139.98895888474476,41.621136945613614],[139.9888355508201,41.62112750543008],[139.9888536056095,41.62097138672016],[139.98898583742653,41.62096305360211]]],[[[139.98893002639966,41.621421134977425],[139.9890063941299,41.62154917055784],[139.9888744491965,41.62178027923653],[139.9887164976683,41.621607053622654],[139.98893002639966,41.621421134977425]]],[[[139.99000861210777,41.621797225161856],[139.99003111494403,41.62190444143687],[139.9898850056885,41.62195138694699],[139.98983666712854,41.62186055901765],[139.99000861210777,41.621797225161856]]],[[[139.9902705576402,41.622118891973344],[139.99025861194548,41.622269720870975],[139.99009972782028,41.6222499996378],[139.9901297283044,41.622136387384444],[139.9902705576402,41.622118891973344]]],[[[139.991480000102,41.62510610796056],[139.9914788849427,41.625209171166375],[139.99133500600578,41.6252300003643],[139.9913188847588,41.625134171305035],[139.991480000102,41.62510610796056]]],[[[139.9918116727705,41.62664444058851],[139.9914250056595,41.626635000404974],[139.9915528658721,41.62653958593319],[139.9917386118475,41.62655777472156],[139.9918116727705,41.62664444058851]]],[[[140.20937610912017,41.405342504553005],[140.20938389095386,41.40545805394606],[140.209260271944,41.40548027889179],[140.2092016730188,41.40533083764808],[140.20937610912017,41.405342504553005]]],[[[140.21299221831623,41.40792889180494],[140.2133372243335,41.40826472114003],[140.2130741627425,41.408366386799344],[140.21299221831623,41.40792889180494]]],[[[140.2136066666144,41.4084886127593],[140.2134347207358,41.40849777505235],[140.21337500575203,41.40841194555492],[140.21362500558962,41.40837417133099],[140.2136066666144,41.4084886127593]]],[[[140.2159827761842,41.409668613215956],[140.21573027173474,41.40965694631109],[140.2157211148376,41.40954472081228],[140.21587861220826,41.409580000316794],[140.2159827761842,41.409668613215956]]],[[[140.2495707000279,41.461697721072994],[140.2495405583502,41.46176725215702],[140.2478433326038,41.461669414012306],[140.2478465890489,41.461591171195664],[140.2495707000279,41.461697721072994]]],[[[140.26158435833156,41.47468897301775],[140.2625653568058,41.47643974799604],[140.26248814461223,41.47646425182381],[140.26158435833156,41.47468897301775]]],[[[140.29890527895554,41.49096361288048],[140.29877610933,41.49100110831455],[140.2987305577691,41.49090972100686],[140.29887861225825,41.49084444101817],[140.29890527895554,41.49096361288048]]],[[[140.3020463941258,41.491076386965744],[140.30218389057416,41.49126166709232],[140.3020550060338,41.49139389171478],[140.30183472069587,41.491248054054495],[140.3020463941258,41.491076386965744]]],[[[140.30441610861658,41.49176777496291],[140.30438834024972,41.491956387077664],[140.30419693933732,41.49185638696275],[140.30441610861658,41.49176777496291]]],[[[140.30537277593294,41.49169694615722],[140.30531389102327,41.49193861287671],[140.3051086117731,41.491775000116206],[140.30537277593294,41.49169694615722]]],[[[140.3294227761403,41.502931946252374],[140.32942834024573,41.50313610764533],[140.32928250258544,41.50307972105236],[140.32928416273398,41.50292833277638],[140.3294227761403,41.502931946252374]]],[[[140.34119919598618,41.504303198334014],[140.34034827455332,41.50466086500694],[140.3403096891409,41.50459558591763],[140.34119919598618,41.504303198334014]]],[[[140.3353141629184,41.505979720787536],[140.3353997280151,41.50610389198107],[140.33529944191582,41.506153054320066],[140.33518111541616,41.506029170909585],[140.3353141629184,41.505979720787536]]],[[[140.35346666725297,41.511831387208815],[140.35350472116602,41.51196972092595],[140.35330805382364,41.51200083836807],[140.35333917036644,41.51185499980846],[140.35346666725297,41.511831387208815]]],[[[140.3595958365787,41.5132097205522],[140.35991111460635,41.51351333257429],[140.35949389123016,41.5136047207813],[140.3595958365787,41.5132097205522]]],[[[140.36973444888577,41.514498333031725],[140.36964888468833,41.5146552791179],[140.36954111533032,41.51459138678314],[140.36973444888577,41.514498333031725]]],[[[140.3836325034373,41.51491861320346],[140.38361805403008,41.515046387081156],[140.38343027198948,41.51498250463891],[140.38341916985883,41.5148930535716],[140.3836325034373,41.51491861320346]]],[[[140.37873833980257,41.51521722499501],[140.37853778199315,41.5150386133414],[140.37866555137418,41.514960278793865],[140.37888055769167,41.51506583761835],[140.37873833980257,41.51521722499501]]],[[[140.3733180538851,41.51592889180495],[140.37289360625493,41.51560083800831],[140.37309138785736,41.51511638671195],[140.37397167305437,41.51546277498716],[140.3733180538851,41.51592889180495]]],[[[140.40486916977648,41.51881277478975],[140.40493666659393,41.518873053648576],[140.40478888459938,41.51904610839125],[140.40469610873845,41.518836667078574],[140.40486916977648,41.51881277478975]]],[[[140.40537944240737,41.51906083838702],[140.40549805399212,41.51917750473808],[140.405406939179,41.519268613255974],[140.405255550903,41.51915750471511],[140.40537944240737,41.51906083838702]]],[[[140.4146461089308,41.52157805428385],[140.41445277627463,41.5217933330959],[140.41436360579587,41.52159277528642],[140.4146461089308,41.52157805428385]]],[[[140.41328111523137,41.52189361289999],[140.41322639418286,41.52201722471523],[140.41308250265547,41.5219661081494],[140.4132044489262,41.521869720611164],[140.41328111523137,41.52189361289999]]],[[[140.4135161089813,41.52209750539561],[140.41338500581344,41.52227972063264],[140.41317722374993,41.52221222471445],[140.4135161089813,41.52209750539561]]],[[[140.41390055836416,41.52236889201083],[140.41384221844373,41.52251472067786],[140.4136055510554,41.52256417079991],[140.4137586120704,41.52237444082783],[140.41390055836416,41.52236889201083]]],[[[140.41467722367497,41.52309610809897],[140.41455861209033,41.52343722544765],[140.41429250269687,41.523218333159605],[140.41467722367497,41.52309610809897]]],[[[140.4195547210736,41.52568305382994],[140.4196383400374,41.525745000031804],[140.41954194620394,41.52593472101063],[140.41941055795098,41.52590722513838],[140.41943805382323,41.525704999985805],[140.4195547210736,41.52568305382994]]],[[[140.4179688853559,41.52576472126492],[140.41799277584596,41.52593610776523],[140.41788333284956,41.52597444136745],[140.41779749705688,41.52580110783492],[140.4179688853559,41.52576472126492]]],[[[140.4182658369989,41.52607472117148],[140.4183477823243,41.526222225275546],[140.41816555089952,41.52620222525252],[140.4182658369989,41.52607472117148]]],[[[140.42041333260931,41.526000278889796],[140.42040055773964,41.526218892388044],[140.4202638913656,41.526191386623225],[140.42041333260931,41.526000278889796]]],[[[140.42011444922252,41.526238892411016],[140.42007972819692,41.526406386645476],[140.42014167260015,41.526504721215986],[140.42001055774108,41.52653944134221],[140.41994666720495,41.52644083787442],[140.42000500622612,41.526267775037866],[140.42011444922252,41.526238892411016]]],[[[140.41921749689004,41.526226107648824],[140.419520000048,41.52648861255949],[140.41941610856657,41.52661610764733],[140.419204721121,41.526417504963945],[140.41921749689004,41.526226107648824]]],[[[140.41893861172764,41.52707917126679],[140.4188894421941,41.52728694613569],[140.41869805387216,41.527155558782056],[140.41893861172764,41.52707917126679]]],[[[140.41925389065455,41.52720666725395],[140.4193194422386,41.52739083761713],[140.41905333284512,41.5274252789535],[140.4191336063309,41.52721027893131],[140.41925389065455,41.52720666725395]]],[[[140.4202800000221,41.52732500004879],[140.42031082968106,41.52757861336238],[140.4200902718486,41.52757110762059],[140.4202800000221,41.52732500004879]]],[[[140.4207830609895,41.52964194591914],[140.42086138834247,41.52983138720879],[140.420673606302,41.52980777460914],[140.4207830609895,41.52964194591914]]],[[[140.42750861213278,41.534279171446656],[140.42769472143436,41.5343922252211],[140.4276452794062,41.53452166734115],[140.4274666668532,41.53452527901845],[140.42750861213278,41.534279171446656]]],[[[140.43233360621105,41.53459666720249],[140.4318727756082,41.53450417103073],[140.43205888490968,41.534372774683845],[140.4324991696011,41.53443027913414],[140.43233360621105,41.53459666720249]]],[[[140.43197333330272,41.53481917116784],[140.4317752792058,41.53503527915484],[140.43161639418133,41.53478805372578],[140.43197333330272,41.53481917116784]]],[[[140.42980722442394,41.53594889232755],[140.42954834018383,41.5358194412143],[140.42965749719576,41.53569361257024],[140.42984527923636,41.535748332719436],[140.42980722442394,41.53594889232755]]],[[[140.432931388273,41.540401945693304],[140.43256138829747,41.540206666904226],[140.43288194624483,41.5400036125767],[140.43314999997256,41.54018833332498],[140.432931388273,41.540401945693304]]],[[[140.43752027164328,41.55702333266072],[140.43735805373126,41.55716361341007],[140.43702972833933,41.55695583764185],[140.4371208296626,41.55685722518086],[140.43752027164328,41.55702333266072]]],[[[140.43311500555308,41.58504638658155],[140.4328225028563,41.58504638658155],[140.4328225028563,41.58483417086035],[140.43311111508592,41.584832775112545],[140.43311500555308,41.58504638658155]]],[[[140.5365850583538,41.70637810836308],[140.53593503197624,41.70639436001176],[140.535929974189,41.706326441412216],[140.53658527868777,41.70631110797132],[140.5365850583538,41.70637810836308]]],[[[140.06890306132732,42.06120555868961],[140.06896972807056,42.0612586132944],[140.0689186124041,42.06139555935761],[140.0688261090378,42.061377224879095],[140.0688002724147,42.06125499981846],[140.06890306132732,42.06120555868961]]],[[[140.0675658368939,42.06351250499819],[140.0674574973657,42.06366222503169],[140.06737500615168,42.063566946357525],[140.0675658368939,42.06351250499819]]],[[[140.0665263941778,42.06477777467461],[140.0667327759969,42.064990558767306],[140.06662861202085,42.06504472133685],[140.06642888518502,42.064814720622905],[140.0665263941778,42.06477777467461]]],[[[140.06112722434204,42.06899999995011],[140.06104693916495,42.06896110786886],[140.06112083016228,42.068798333276504],[140.0613052793152,42.06893277472784],[140.06112722434204,42.06899999995011]]],[[[140.05990587485633,42.0718210895717],[140.05920883282147,42.07254888302458],[140.0591063937452,42.072496225020814],[140.05978714725916,42.0717602072678],[140.05990587485633,42.0718210895717]]],[[[139.97425805396608,42.126342504802835],[139.97442472082423,42.126478054218865],[139.97416972795065,42.12666027934847],[139.9739925030516,42.12640000025988],[139.97425805396608,42.126342504802835]]],[[[139.97313833956275,42.126769721445555],[139.97292999991964,42.126478054218865],[139.97329972829993,42.126478054218865],[139.97313833956275,42.126769721445555]]],[[[139.9723727763826,42.126816666955676],[139.97244055828526,42.12688417096774],[139.97220082960462,42.12733750482204],[139.97210194644776,42.12698333291456],[139.9723727763826,42.126816666955676]]],[[[139.97250277608237,42.128170559423836],[139.97199250255198,42.1281652786048],[139.97188834037468,42.12800917068671],[139.97234138824456,42.12797805414391],[139.97250277608237,42.128170559423836]]],[[[139.93252138835146,42.128283891988076],[139.93258389123366,42.12850250458695],[139.9322974967322,42.12851305363455],[139.93233389139607,42.12832027855808],[139.93252138835146,42.128283891988076]]],[[[139.958215005718,42.12824055905463],[139.9585663942238,42.128362775122014],[139.95856111520334,42.12861555926071],[139.95815500564902,42.12841499965259],[139.958215005718,42.12824055905463]]],[[[139.96597221774368,42.12864917142218],[139.96574833961427,42.12818610780266],[139.96639416256062,42.12832666734187],[139.96597221774368,42.12864917142218]]],[[[139.93348500562854,42.128460838097226],[139.93364639436572,42.128580838235166],[139.9335266667224,42.12878389166332],[139.93320138823356,42.12864277544378],[139.93348500562854,42.128460838097226]]],[[[139.950093061046,42.12834194592409],[139.95004111530534,42.128696107939106],[139.94982749664177,42.12844610810146],[139.950093061046,42.12834194592409]]],[[[139.9601522182503,42.128641386890536],[139.96033972779628,42.128862774797255],[139.96014693922996,42.128956666716874],[139.96004555056174,42.12881610807699],[139.9601522182503,42.128641386890536]]],[[[139.93667722387488,42.128997504930965],[139.93625527905795,42.12882027913264],[139.9366874968306,42.128726666902196],[139.93667722387488,42.128997504930965]]],[[[139.95771749716482,42.128592224551596],[139.95779055808782,42.12877972060767],[139.95718639443658,42.12905027894726],[139.95728527939218,42.1285138918027],[139.95771749716482,42.128592224551596]]],[[[139.96855000028233,42.12896222542639],[139.96843527916485,42.12923305356264],[139.96810194634782,42.12918083802532],[139.96822194558638,42.128988332745394],[139.96855000028233,42.12896222542639]]],[[[139.9657741627475,42.129279440593734],[139.96560250285324,42.12881583828039],[139.9664408301802,42.12860277539784],[139.96664888473833,42.1289408377495],[139.9657741627475,42.129279440593734]]],[[[139.96822693862237,42.12933694594335],[139.96821138844484,42.12948805363084],[139.96798221780512,42.12948805363084],[139.96803944166697,42.12932138677263],[139.96822693862237,42.12933694594335]]],[[[139.93358888541877,42.129580558795794],[139.93346389134558,42.12953889230607],[139.93365416270956,42.12927333329776],[139.93381555144663,42.12942444098519],[139.93358888541877,42.129580558795794]]],[[[139.96174333298848,42.129638892420985],[139.9618630606318,42.12932638700323],[139.96198805380573,42.12936805439227],[139.96192027190307,42.1295922248014],[139.96174333298848,42.129638892420985]]],[[[139.9342266666274,42.12989583772281],[139.93426583659914,42.129609441422645],[139.9345211145578,42.12972638656356],[139.9342266666274,42.12989583772281]]],[[[139.94158306070972,42.12957555856525],[139.9418330614467,42.12972638656356],[139.94166639368916,42.12993472081075],[139.9413852791074,42.12967444082284],[139.94158306070972,42.12957555856525]]],[[[139.94053610865456,42.12988277507009],[139.940468611837,42.13007555913981],[139.9403694417964,42.12999722459227],[139.9403799998372,42.129888054090486],[139.94053610865456,42.12988277507009]]],[[[139.93693221764784,42.12997138706993],[139.93691666657094,42.13013805392808],[139.93672138778186,42.13010361259171],[139.93680221794807,42.12993499960061],[139.93693221764784,42.12997138706993]]],[[[139.9393227757256,42.13011722473021],[139.93922389077,42.13027361323674],[139.93910944214713,42.13023694607824],[139.93916666690825,42.13009110841796],[139.9393227757256,42.13011722473021]]],[[[139.93423972838082,42.130476386975715],[139.93360167287892,42.130429440566274],[139.93350277623222,42.13017166698887],[139.9340702718257,42.13027861256796],[139.93423972838082,42.130476386975715]]],[[[139.93801555087703,42.13046610772477],[139.93782805392163,42.13051305413421],[139.93783333294198,42.13039861270585],[139.93801555087703,42.13046610772477]]],[[[139.93897916995274,42.13074222477388],[139.93878111495656,42.130783892162924],[139.93880722407414,42.130664170814896],[139.93897916995274,42.13074222477388]]],[[[139.93842693855242,42.13064333262378],[139.93836972818042,42.13084638695125],[139.93820834034273,42.130778613142525],[139.93842693855242,42.13064333262378]]],[[[139.92651639381654,42.13163472096568],[139.925844449162,42.13137444097771],[139.92630805417343,42.13096305420163],[139.92651639381654,42.13163472096568]]],[[[139.9342266666274,42.13135138685709],[139.93410944179732,42.13166917129524],[139.9338750056271,42.131674441322446],[139.93394277583855,42.13133055855849],[139.9342266666274,42.13135138685709]]],[[[139.92152194588118,42.13241305361959],[139.921568885096,42.13258500039751],[139.9213083398081,42.13259027941791],[139.92141000007155,42.132397505240704],[139.92152194588118,42.13241305361959]]],[[[140.29142252922645,42.25315881133014],[140.29134874165118,42.25317936893276],[140.29071226985548,42.25191468471496],[140.29078605743064,42.25189421614522],[140.29142252922645,42.25315881133014]]],[[[142.6569749422399,42.19703246777419],[142.65471566809367,42.19787938722402],[142.65468688709018,42.197816108226846],[142.6569749422399,42.19703246777419]]],[[[142.655394668829,42.19933708124137],[142.65506282708782,42.198689585556],[142.6551394421316,42.19866558624784],[142.655394668829,42.19933708124137]]],[[[142.2072377691078,42.430819009189975],[142.20601144007594,42.430873260792396],[142.20601207499737,42.43081444063398],[142.20723216633144,42.43076115310481],[142.2072377691078,42.430819009189975]]],[[[142.25280555113534,42.38801277536936],[142.25264861224377,42.38819889186544],[142.25240944204222,42.38814444061347],[142.2525183400494,42.387969721225716],[142.25280555113534,42.38801277536936]]],[[[142.25243389101138,42.38832138672268],[142.25248749690047,42.38852694566208],[142.25224027237073,42.38859472126944],[142.25226444884527,42.388319999968076],[142.25243389101138,42.38832138672268]]],[[[142.22475722356705,42.416927224711685],[142.22455583658268,42.41658417112268],[142.22476306106648,42.416479170777166],[142.22491444934246,42.41669917102996],[142.22475722356705,42.416927224711685]]],[[[142.61250555079062,42.22403613475984],[142.61197975406242,42.224864198124294],[142.61191058360657,42.2248279734323],[142.61250555079062,42.22403613475984]]],[[[142.55000000029986,42.24372758595939],[142.54881730187708,42.243474801820696],[142.54883891078714,42.24340963964323],[142.55000000029986,42.24372758595939]]],[[[142.54896933856423,42.24468041406993],[142.54874461687064,42.24505666703163],[142.5486742799941,42.24502199996539],[142.5488990007883,42.24464574790301],[142.54896933856423,42.24468041406993]]],[[[142.4954191695591,42.26444444055852],[142.49539583664864,42.264655559106814],[142.49476027226876,42.26532194595109],[142.49470055818426,42.26506944060225],[142.49515111493213,42.26449389157989],[142.4954191695591,42.26444444055852]]],[[[142.48042394301058,42.27011941358012],[142.4802145529593,42.27113761341019],[142.4801342803728,42.27112400037237],[142.48034367132345,42.270105802340936],[142.48042394301058,42.27011941358012]]],[[[142.46865416285937,42.28004638663151],[142.46874027204603,42.28024944095898],[142.46853194589266,42.280364171069664],[142.4683547209936,42.28016083795234],[142.46865416285937,42.28004638663151]]],[[[142.46604472058743,42.281223054200666],[142.46588333274963,42.28103805376321],[142.46605527862823,42.28088694607578],[142.46626111455885,42.28094417083685],[142.46604472058743,42.281223054200666]]],[[[142.46366972797568,42.2838269458569],[142.46358917030398,42.28359250519003],[142.46391972781328,42.28344417101175],[142.46392500593436,42.28368110819662],[142.46366972797568,42.2838269458569]]],[[[142.45614111462078,42.289065558828554],[142.45627639424026,42.289344170597076],[142.45587805392915,42.2894275053751],[142.45591972761338,42.28916972100586],[142.45614111462078,42.289065558828554]]],[[[142.45567778210398,42.289797505350634],[142.4555969393473,42.29023750495696],[142.4553208303921,42.29030777528368],[142.45547972800716,42.28986000013896],[142.45567778210398,42.289797505350634]]],[[[142.45514888541277,42.2905813868216],[142.4551202716832,42.29082055882179],[142.4548988846758,42.29103417119012],[142.45469583664362,42.2909977747276],[142.45477916962307,42.29072444108016],[142.45514888541277,42.2905813868216]]],[[[142.45075291831256,42.296327197642086],[142.45070736675166,42.29639058635655],[142.45037175055586,42.2963558383513],[142.45038019518995,42.296288613129036],[142.45075291831256,42.296327197642086]]],[[[142.4051536060541,42.30661722520483],[142.40446888473127,42.306559720754535],[142.40455472142332,42.30633861343631],[142.4051536060541,42.30661722520483]]],[[[142.4079738907825,42.306726667301916],[142.40750805365383,42.30658861327396],[142.40749500628954,42.306057505149795],[142.4081536059042,42.30629694604727],[142.4079738907825,42.306726667301916]]],[[[142.40833333271723,42.30718380169117],[142.4078750058269,42.30701305370951],[142.4083513884059,42.306807504662686],[142.40833333271723,42.30718380169117]]],[[[142.41207778236378,42.30843861315151],[142.412210829866,42.307627775401556],[142.4126672241132,42.30766555861868],[142.41207778236378,42.30843861315151]]],[[[142.41136221789213,42.309133891615886],[142.4110277816069,42.30915472081375],[142.41113527936966,42.30897500029607],[142.41143722404877,42.308945278601755],[142.41136221789213,42.309133891615886]]],[[[142.402606939159,42.31125722514088],[142.40207834014336,42.31096805443224],[142.402924449304,42.31064527875668],[142.402606939159,42.31125722514088]]],[[[142.38812055801736,42.31683833322256],[142.38823888541629,42.31639944068172],[142.3888561090223,42.31664444118809],[142.38812055801736,42.31683833322256]]],[[[142.38652666707208,42.317279440793584],[142.38658389093393,42.31706333280664],[142.38716194636675,42.31698777536559],[142.38722722365753,42.31721694600532],[142.38652666707208,42.317279440793584]]],[[[142.38250861218273,42.319831386709154],[142.38275861202044,42.319253333074926],[142.38313888495168,42.3194563874024],[142.38250861218273,42.319831386709154]]],[[[143.25782693896213,41.915294440885816],[143.25772360595977,41.915471386994966],[143.25758610861203,41.91529305413121],[143.25782693896213,41.915294440885816]]],[[[143.25750888472726,41.91585083794587],[143.25724693919494,41.915710837785014],[143.25744583685594,41.91559999994007],[143.25767583667061,41.915695278614294],[143.25750888472726,41.91585083794587]]],[[[143.25651250334943,41.916228612560474],[143.25646277623616,41.916466387014225],[143.25612722389235,41.91661222467451],[143.25611610917122,41.916363613390104],[143.25651250334943,41.916228612560474]]],[[[143.25590306067772,41.91775638714762],[143.255955278913,41.917555558642164],[143.25624944175843,41.91751889238304],[143.25605000000758,41.91774499993187],[143.25590306067772,41.91775638714762]]],[[[143.25519778175226,41.917494170919326],[143.25486917037597,41.9179358378687],[143.25470472124596,41.917794441060664],[143.25519778175226,41.917494170919326]]],[[[143.25585583727718,41.918064440921285],[143.25583527877518,41.918212224714466],[143.25570306134728,41.918245558985404],[143.25561055798096,41.91811610787215],[143.25585583727718,41.918064440921285]]],[[[143.25403444933045,41.91820499956111],[143.25421861159975,41.91832110833252],[143.25386888504113,41.91866944094198],[143.25377389055268,41.91836555912329],[143.25403444933045,41.91820499956111]]],[[[143.25485000042727,41.91875777505135],[143.25484805429437,41.91884110803079],[143.25456389101078,41.91899610798407],[143.25460527871076,41.91877583793462],[143.25485000042727,41.91875777505135]]],[[[143.25403277569205,41.91935527922283],[143.25387167293945,41.919530000409225],[143.25370722380944,41.919361667107296],[143.25403277569205,41.91935527922283]]],[[[143.25381749688006,41.920144999991805],[143.25399527935872,41.92026194603204],[143.25377749683412,41.920394441350425],[143.2537050060812,41.92024194600907],[143.25381749688006,41.920144999991805]]],[[[143.25147167287946,41.92052277460641],[143.25138194572025,41.92072722468174],[143.25126666702317,41.92068389174824],[143.25147167287946,41.92052277460641]]],[[[143.2512041632416,41.9208283327614],[143.25118583685696,41.92114138676561],[143.25092277616523,41.92107110834502],[143.2512041632416,41.9208283327614]]],[[[143.252091115113,41.92082805397155],[143.2522341630762,41.921159170859084],[143.25204194557944,41.92143610808995],[143.25167916985788,41.9212136131178],[143.252091115113,41.92082805397155]]],[[[143.2508194422635,41.921359720574685],[143.25078805412545,41.92182444074541],[143.25039055827767,41.92168861343879],[143.2508194422635,41.921359720574685]]],[[[143.2511522184002,41.92272027881785],[143.2511611153932,41.92295722499597],[143.2508738908175,41.92297361334164],[143.25099500611475,41.92272333291555],[143.2511522184002,41.92272027881785]]],[[[143.25018194613995,41.9227511075776],[143.25020472057145,41.92305222488034],[143.24991888544832,41.92305361343358],[143.24996333264176,41.92285194586066],[143.25018194613995,41.9227511075776]]],[[[143.24897277617276,41.92299833300672],[143.2490566667318,41.92314250512254],[143.24890000033486,41.9231233333752],[143.24897277617276,41.92299833300672]]],[[[143.24875610880747,41.92324194585916],[143.24886666696318,41.92343722464824],[143.24862000001303,41.92358444096925],[143.24838722399124,41.92346917126531],[143.24875610880747,41.92324194585916]]],[[[143.25133389134612,41.923590837846916],[143.25116639441364,41.923578053984045],[143.25122000030285,41.92343610769029],[143.25134082961563,41.92349527858431],[143.25133389134612,41.923590837846916]]],[[[143.24928082994643,41.92396110761905],[143.24915693934133,41.92365833286584],[143.24967972783725,41.923361107828896],[143.2497205579574,41.92373750468215],[143.24928082994643,41.92396110761905]]],[[[143.25057111516492,41.92488110777697],[143.25049583741304,41.925142775418806],[143.2502122182193,41.92495777498141],[143.25057111516492,41.92488110777697]]],[[[143.24990917007221,41.92535389216846],[143.24990167332362,41.92561917058828],[143.24961805413,41.925513892352285],[143.24990917007221,41.92535389216846]]],[[[143.23745055779705,41.92772138713235],[143.23752027234275,41.92776750526622],[143.23748749655078,41.9279136127231],[143.23733944206163,41.92779417106419],[143.23745055779705,41.92772138713235]]],[[[143.2484636061106,41.927970838383544],[143.2484108302956,41.92812027872793],[143.24822138810669,41.928011108226144],[143.2484636061106,41.927970838383544]]],[[[143.23845778230088,41.92839444065095],[143.23839749714682,41.928600837758495],[143.23825749698597,41.928544170577084],[143.23845778230088,41.92839444065095]]],[[[143.23748527882265,41.92850638735996],[143.237456109312,41.928663053756964],[143.2373272238724,41.92864861334289],[143.23736833997702,41.92850861318203],[143.23748527882265,41.92850638735996]]],[[[143.23660749733824,41.928633892340315],[143.23665722355213,41.928736945653554],[143.23653972802606,41.928796107554376],[143.23646277573653,41.92866222458207],[143.23660749733824,41.928633892340315]]],[[[143.2376066666144,41.92991444059902],[143.23737000012545,41.930140279250566],[143.23726444939484,41.92990472072631],[143.2376066666144,41.92991444059902]]],[[[143.2367374970379,41.931111386981],[143.23664861164423,41.93124750476858],[143.2364258369829,41.93117417135096],[143.23661194628437,41.931071108145204],[143.2367374970379,41.931111386981]]],[[[143.23587027179565,41.93159583827736],[143.23598917026402,41.9317111079813],[143.2358055511853,41.93183944123729],[143.2357422182289,41.9317077750938],[143.23587027179565,41.93159583827736]]],[[[143.2355372240637,41.93196638683935],[143.23514221843868,41.93184917100251],[143.23514306110349,41.931662774817255],[143.23552306064084,41.93175999962432],[143.2355372240637,41.93196638683935]]],[[[143.23484444931194,41.93331750489898],[143.2346308297491,41.93328889206879],[143.23470444915108,41.93312805371676],[143.23488916989936,41.93320972115174],[143.23484444931194,41.93331750489898]]],[[[143.23331306124885,41.93387861260794],[143.23345472065887,41.9339816668205],[143.23337999958733,41.93419833328653],[143.23314444915707,41.93414722481464],[143.23303360591626,41.93393694623313],[143.23331306124885,41.93387861260794]]],[[[143.24598055815625,41.93473250540086],[143.24611167301532,41.934847224719704],[143.24596944163648,41.934914171152116],[143.24583444890072,41.93476472091521],[143.24598055815625,41.93473250540086]]],[[[143.22959083025273,41.93645805439576],[143.2298138908984,41.936559441265274],[143.22968666740587,41.93676417102972],[143.229535005736,41.93668277518998],[143.22959083025273,41.93645805439576]]],[[[143.24590255455928,41.937631891798446],[143.2455471982447,41.936971053771174],[143.24562308663621,41.9369455588905],[143.24590255455928,41.937631891798446]]],[[[143.22905639373766,41.93794000043073],[143.22906083009332,41.93811138693104],[143.2288608298635,41.93801638704667],[143.22905639373766,41.93794000043073]]],[[[143.24500693861944,41.937439667107014],[143.24457549876036,41.93789655867931],[143.24446747129684,41.93878225239911],[143.24438613481232,41.938774081158954],[143.24449627838055,41.93787094598741],[143.24500693861944,41.937439667107014]]],[[[143.24328194630482,41.93897583776476],[143.2434400003558,41.939071945613875],[143.24339639402842,41.93914999957286],[143.24320778191372,41.93912361256474],[143.24328194630482,41.93897583776476]]],[[[143.22664666661046,41.93976472126491],[143.22668027157738,41.93990277529292],[143.22649999977523,41.939858891974325],[143.22664666661046,41.93976472126491]]],[[[143.24355805436073,41.939541108435435],[143.2436538906146,41.939718613023615],[143.24334833965418,41.939920000008044],[143.24330693936383,41.93973722539272],[143.24355805436073,41.939541108435435]]],[[[143.2440299996848,41.93981944141416],[143.2439411151904,41.93999417069449],[143.24380221759827,41.939955559201735],[143.24386639411887,41.93984972068813],[143.2440299996848,41.93981944141416]]],[[[143.2240705577101,41.9413422247639],[143.22410917010222,41.94147527856131],[143.22392389087497,41.94142722508644],[143.2240705577101,41.9413422247639]]],[[[143.22239999956037,41.941718332934784],[143.22254472116197,41.941828053821666],[143.2223600004138,41.941932504681404],[143.22225666741133,41.941775558595225],[143.22239999956037,41.941718332934784]]],[[[143.22083444895077,41.94411138663122],[143.22080333330723,41.94420444128201],[143.22049027210846,41.94424389184218],[143.22058888456945,41.94409250536489],[143.22083444895077,41.94411138663122]]],[[[143.24183500638048,41.94475194584567],[143.24190000038482,41.94483305390236],[143.2417663944036,41.94489805420187],[143.2417011153143,41.94473110765455],[143.24183500638048,41.94475194584567]]],[[[143.2160613880227,41.94700194618292],[143.21573583703935,41.94699972126017],[143.21563916981188,41.94681055876032],[143.215963890721,41.9467702790252],[143.2160613880227,41.94700194618292]]],[[[143.21497360584726,41.94890666710904],[143.21493500604572,41.94905972092943],[143.2147788846379,41.94896110756912],[143.21497360584726,41.94890666710904]]],[[[143.2105499998827,41.95123583836329],[143.21048444919802,41.95143805362335],[143.21030527906544,41.951415000401994],[143.21032834038067,41.95123472140534],[143.2105499998827,41.95123583836329]]],[[[143.20907944196279,41.952989171013485],[143.20882861205087,41.95285666670185],[143.20904666707008,41.95276555908333],[143.20907944196279,41.952989171013485]]],[[[143.2032138909084,41.95361083816971],[143.20326944203123,41.95378917103346],[143.2030608298935,41.9538733331878],[143.20300639392997,41.95367694643397],[143.2032138909084,41.95361083816971]]],[[[143.20269360612508,41.95412972090992],[143.20266500588536,41.95437500020614],[143.2024377822779,41.95439777463764],[143.20243167318324,41.95416861299117],[143.20269360612508,41.95412972090992]]],[[[143.19796693942283,41.956033612661145],[143.19784999967783,41.956221667196246],[143.1975744492015,41.95614499999181],[143.19796693942283,41.956033612661145]]],[[[143.19349138771747,41.95607000013047],[143.19347805436882,41.956236666988616],[143.1932988851355,41.95613250481131],[143.19349138771747,41.95607000013047]]],[[[143.19583693922345,41.95668750522424],[143.195826667167,41.956849440749124],[143.19567722412467,41.95686166703234],[143.19557861166368,41.95673527900999],[143.19583693922345,41.95668750522424]]],[[[143.1957522176907,41.956987775365576],[143.19588944164445,41.9570850001727],[143.1956977817273,41.95716583843273],[143.19558194634976,41.9570133331988],[143.1957522176907,41.956987775365576]]],[[[143.19488916979947,41.95829527900395],[143.19478778203063,41.95841361269811],[143.19460472143078,41.95835417110817],[143.1948102722763,41.958245559085356],[143.19488916979947,41.95829527900395]]],[[[143.19505306134977,41.95864833305416],[143.1949172241507,41.95882055862194],[143.1948205578226,41.958677224674204],[143.19505306134977,41.95864833305416]]],[[[143.18889027176874,41.963978053644325],[143.1889358368195,41.964061667212206],[143.18881472062287,41.964115559085826],[143.18873111514893,41.96406055924746],[143.18889027176874,41.963978053644325]]],[[[143.19031083008076,41.96435917103895],[143.1902419456094,41.96450444122701],[143.1901283396512,41.96440583775927],[143.19031083008076,41.96435917103895]]],[[[143.18005111506693,41.96965610774322],[143.179903605567,41.96983610795007],[143.1794999997253,41.96983138740865],[143.1797638913905,41.96959389174475],[143.18005111506693,41.96965610774322]]],[[[143.17113861235714,41.977216666815764],[143.17099221801652,41.97717694555962],[143.1711797275624,41.977052504569485],[143.17126027174425,41.97713750489197],[143.17113861235714,41.977216666815764]]],[[[143.15803496763976,41.99340805373873],[143.15732719759217,41.99435083822067],[143.15726169906827,41.99431027879638],[143.1579694682165,41.993367505106335],[143.15803496763976,41.99340805373873]]],[[[143.14315605670674,42.01359538661785],[143.14090883257666,42.01434677468393],[143.140882826881,42.01428266741124],[143.14315605670674,42.01359538661785]]],[[[143.28348639378214,42.023185837856204],[143.28331306114887,42.0229494411638],[143.2836450063121,42.02291583799558],[143.28348639378214,42.023185837856204]]],[[[143.28425610913223,42.0231916672617],[143.28415027241715,42.02303389200057],[143.28440693892912,42.02296083827213],[143.28445972823397,42.02306222514164],[143.28425610913223,42.0231916672617]]],[[[143.28538722424105,42.023669720781015],[143.2853119455899,42.0238383328728],[143.28502527859382,42.02384972098787],[143.28510055814434,42.0236694410919],[143.28538722424105,42.023669720781015]]],[[[143.29110500589138,42.02912777462717],[143.29097666723942,42.02922889170003],[143.29091639377657,42.02915027926201],[143.2909919458217,42.029060278708926],[143.29110500589138,42.02912777462717]]],[[[143.29849027180865,42.038276081376125],[143.2984900002134,42.03834369420616],[143.2974472237105,42.03833980194037],[143.29744749710437,42.03827219810353],[143.29849027180865,42.038276081376125]]],[[[143.300372192223,42.037358720728434],[143.29948888530384,42.039864640241035],[143.29939561571518,42.039887531584384],[143.30029491617745,42.03733627904609],[143.300372192223,42.037358720728434]]],[[[143.09850922182318,42.0458449187081],[143.0984291048194,42.045858973313045],[143.09816605671824,42.044623694228164],[143.09824616113144,42.04460963962322],[143.09850922182318,42.0458449187081]]],[[[143.31110778169887,42.061604999770964],[143.31116055841312,42.061706107850625],[143.31097944214764,42.0617344409917],[143.31096444865045,42.061604999770964],[143.31110778169887,42.061604999770964]]],[[[143.31101693938035,42.064806107815684],[143.31063972774132,42.06491889179347],[143.31070778213848,42.0646375047171],[143.31101693938035,42.064806107815684]]],[[[143.3165966670026,42.099203053678025],[143.31669138809718,42.09943722544767],[143.31643472068583,42.099468612686394],[143.31642888498516,42.099228892099745],[143.3165966670026,42.099203053678025]]],[[[143.32364082996037,42.114560278933766],[143.32367111463032,42.11463917106096],[143.3234822183298,42.1146841713375],[143.3234369392634,42.11455472112351],[143.32364082996037,42.114560278933766]]],[[[143.3247736061171,42.11466750510135],[143.32450194610794,42.11475750475512],[143.32452472143882,42.114588891764015],[143.3247736061171,42.11466750510135]]],[[[143.3211627759414,42.11779333269618],[143.32104194572923,42.117956666666885],[143.32088333319928,42.11791166728966],[143.32098888482926,42.117810278621505],[143.3211627759414,42.11779333269618]]],[[[143.31997444866192,42.118351387206815],[143.32000444914604,42.11841889211826],[143.31986944202117,42.11856083841201],[143.3198030612623,42.11847222461353],[143.31997444866192,42.118351387206815]]],[[[143.3218091699573,42.12099164025204],[143.3217286122857,42.12100386473662],[143.32150108920393,42.119767467794475],[143.32158163428505,42.119755252303094],[143.3218091699573,42.12099164025204]]],[[[143.31997610881047,42.133250558966154],[143.3201422180889,42.13345305391533],[143.31996861206187,42.13356000039374],[143.31988555067767,42.133374170781394],[143.31997610881047,42.133250558966154]]],[[[143.32077666730936,42.136271945593876],[143.32082194637576,42.13637889207229],[143.32071610876153,42.1364913873677],[143.3205725032185,42.13637889207229],[143.32077666730936,42.136271945593876]]],[[[143.32693861242706,42.15200833311815],[143.32689306086615,42.15214917144715],[143.32671944224853,42.152081667435084],[143.32671944224853,42.151991666882],[143.32693861242706,42.15200833311815]]],[[[143.02699360567044,42.07643083811274],[143.0270744493264,42.07653138681411],[143.0269205582373,42.07658472110802],[143.02683360638594,42.07644861321296],[143.02699360567044,42.07643083811274]]],[[[143.02748111466178,42.076440279195594],[143.02753527902996,42.07651305413418],[143.02739778168234,42.07660250520149],[143.02737583732505,42.07643222486735],[143.02748111466178,42.076440279195594]]],[[[143.01863972764136,42.07712063970581],[143.01881343709056,42.077201693803204],[143.01865551164258,42.07733894563586],[143.01845021980182,42.07720234221438],[143.01863972764136,42.07712063970581]]],[[[143.0153011150545,42.07943555940358],[143.01529277564111,42.07953194604255],[143.01511472066784,42.079519171172876],[143.01520055825927,42.079416667345356],[143.0153011150545,42.07943555940358]]],[[[143.01623749726275,42.079753054260095],[143.0164013879138,42.07981527925176],[143.01640749700846,42.07990333277263],[143.01625833995047,42.07993861317652],[143.01623749726275,42.079753054260095]]],[[[143.01057778213897,42.080414440873824],[143.01034583709077,42.08038861324394],[143.01036805394256,42.08028417137746],[143.0105336056414,42.08026194643173],[143.01057778213897,42.080414440873824]]],[[[143.01030693871428,42.08049917139971],[143.01015555133768,42.080665278879565],[143.01010000021495,42.08048583805106],[143.01030693871428,42.08049917139971]]],[[[143.00943055837365,42.08063889187139],[143.00935472124343,42.080761946106975],[143.0092197276084,42.08065250490921],[143.00943055837365,42.08063889187139]]],[[[143.00209138810715,42.0843127753144],[143.00203722373897,42.08448305384991],[143.00193693943822,42.0844869461157],[143.00193500589592,42.0843091708316],[143.00209138810715,42.0843127753144]]],[[[143.0021299995999,42.084830559083116],[143.00205082958223,42.085025837872195],[143.00192888511003,42.085013613387616],[143.00196527887454,42.08486110815369],[143.0021299995999,42.084830559083116]]],[[[143.0003316729684,42.08667889161762],[143.0001338913661,42.086818333299505],[143.00006722372348,42.08669750488599],[143.0001619457173,42.0866269458769],[143.0003316729684,42.08667889161762]]],[[[142.99966111506842,42.08709444135542],[142.99952555126322,42.0870555591668],[142.9995936056605,42.086919170683245],[142.99974666667538,42.08696500013468],[142.99966111506842,42.08709444135542]]],[[[142.98593900118408,42.09858613494225],[142.9857737741404,42.098346891895574],[142.98418089493236,42.09842755928446],[142.98417671938012,42.098360054373074],[142.98583489026805,42.09827605409669],[142.98593900118408,42.09858613494225]]],[[[142.9185402457358,42.12394525217172],[142.91836216558158,42.12475244137215],[142.91828216638896,42.12473789214005],[142.9185402457358,42.12394525217172]]],[[[142.90278972806357,42.12870805363383],[142.9022055509455,42.128065279389205],[142.9036408302602,42.12782750493545],[142.90278972806357,42.12870805363383]]],[[[142.9015333328971,42.12889027876338],[142.90115250328552,42.12847194562386],[142.90178167258614,42.128278891757475],[142.9019497279976,42.12881110784639],[142.9015333328971,42.12889027876338]]],[[[142.90090527875566,42.12896861331092],[142.9010336057164,42.12904694605976],[142.90082527866377,42.12912083795635],[142.9007558366127,42.12900917093657],[142.90090527875566,42.12896861331092]]],[[[142.8969933330759,42.13174861290821],[142.89698138828055,42.13147833335847],[142.89717194562888,42.13150222474792],[142.89714778174482,42.13171027930599],[142.8969933330759,42.13174861290821]]],[[[141.62124221825388,43.9208541707834],[141.62002306131524,43.92042222460606],[141.6201088854168,43.92034361306736],[141.62124221825388,43.9208541707834]]],[[[141.6282804151091,43.944764838126844],[141.62856547321803,43.94489802682256],[141.62786427991261,43.9449319726325],[141.62810569392275,43.944757639953195],[141.6282804151091,43.944764838126844]]],[[[141.62757552469077,43.94583741366574],[141.62746347635846,43.94584000011599],[141.62749050638183,43.94568619805966],[141.62768963696726,43.94573694590338],[141.62757552469077,43.94583741366574]]],[[[141.6277895588412,43.946109613268106],[141.62755194626538,43.94622253214419],[141.62738277569463,43.94607913524396],[141.6277895588412,43.946109613268106]]],[[[141.62742374790776,43.946345413709935],[141.62767133576358,43.94647791892089],[141.62771016938882,43.946657919127745],[141.62715756207194,43.946346224898434],[141.62742374790776,43.946345413709935]]],[[[141.62801114100137,43.946575414423876],[141.62806535663094,43.94667466720216],[141.6279169388157,43.946704171260535],[141.627804889584,43.946639721346116],[141.62801114100137,43.946575414423876]]],[[[141.62716097320038,43.94661538659085],[141.62719866378734,43.94677064015298],[141.6270774972288,43.94677383814218],[141.62716097320038,43.94661538659085]]],[[[141.6281361998258,43.946719865329555],[141.6280466408399,43.94687002693024],[141.6278563550868,43.946791640222045],[141.6281361998258,43.946719865329555]]],[[[141.62866914436563,43.94710746773552],[141.62930855964237,43.947431306409726],[141.62918367078987,43.947562612824356],[141.62850944185732,43.94730702729754],[141.62866914436563,43.94710746773552]]],[[[141.6230564457984,43.962965054193944],[141.627066615432,43.96659230599016],[141.62763606974886,43.977242378033395],[141.62741744455946,43.977245648867665],[141.62692858568573,43.96668235960328],[141.6230564457984,43.962965054193944]]],[[[141.64440036258668,43.983091135147845],[141.6452774452979,43.98367400015502],[141.64515258072709,43.98374558618991],[141.64429997396473,43.98317383770251],[141.64440036258668,43.983091135147845]]],[[[141.329078054109,43.740589440949975],[141.329062217947,43.74075472105358],[141.32892527907848,43.74069694590736],[141.329078054109,43.740589440949975]]],[[[141.3416290789189,43.74643372123927],[141.34098581094645,43.745996505034725],[141.34103802918173,43.745944440583514],[141.3416290789189,43.74643372123927]]],[[[141.36928722392634,43.77902500020366],[141.369534163371,43.779149171397194],[141.36935138785634,43.77928499960308],[141.36910444931095,43.77917861340234],[141.36928722392634,43.77902500020366]]],[[[141.37028389128864,43.782764170829864],[141.36928250338485,43.78272610792362],[141.3691661086291,43.78250305357312],[141.37024055835514,43.78230194627787],[141.37028389128864,43.782764170829864]]],[[[141.4315044490711,43.82487166739361],[141.43168360571394,43.82488638659754],[141.4314313881481,43.825036945698514],[141.43139055802794,43.82489389233933],[141.4315044490711,43.82487166739361]]],[[[141.46867389058764,43.83415583832135],[141.46863360635587,43.834358053581354],[141.46850333326233,43.83436694607775],[141.46845693903663,43.834178333063676],[141.46867389058764,43.83415583832135]]],[[[141.47968639391206,43.834514720877735],[141.4797255512932,43.834600838158224],[141.47954389093786,43.83466610825434],[141.47956639377412,43.83451277474484],[141.47968639391206,43.834514720877735]]],[[[141.4582241632146,43.83569833301169],[141.45805722386183,43.83563555943357],[141.45828583692185,43.83549889216022],[141.45844639378606,43.83562000026285],[141.4582241632146,43.83569833301169]]],[[[141.47388778209552,43.83574444125304],[141.47390805371379,43.835830278844355],[141.4737413877549,43.83589055860244],[141.47368639421177,43.83581527905193],[141.47388778209552,43.83574444125304]]],[[[141.47754185527242,43.83613069377657],[141.47751019463988,43.83620838710743],[141.47631060964693,43.83595230605414],[141.47634228287018,43.83587461272327],[141.47754185527242,43.83613069377657]]],[[[141.4735830612094,43.84070583820392],[141.4736352794447,43.84083417056058],[141.47351610938097,43.84085805385615],[141.47346639395903,43.84074027864102],[141.4735830612094,43.84070583820392]]],[[[141.47273778212298,43.841313612633144],[141.47280444886633,43.84147055871938],[141.47256555115928,43.84158110788189],[141.47243111510397,43.84141750501391],[141.47273778212298,43.841313612633144]]],[[[141.53078024641127,43.854227864624306],[141.53003783357917,43.8538913598984],[141.53008233473201,43.85383233289588],[141.53078024641127,43.854227864624306]]],[[[141.78022114099292,44.72150374769984],[141.77950678341142,44.72210941411822],[141.77945114055774,44.72205541432595],[141.78022114099292,44.72150374769984]]],[[[141.7803622832928,44.72687708990583],[141.78024355389698,44.72686975683388],[141.77863452736165,44.725571685285104],[141.77882277615026,44.72563140476558],[141.7803622832928,44.72687708990583]]],[[[141.73265296995862,44.865756279129016],[141.73122128433488,44.869140359639914],[141.7311452268708,44.869115306326364],[141.73265296995862,44.865756279129016]]],[[[141.31415888502454,44.41337861283279],[141.31408555070766,44.41353277461792],[141.31398693914593,44.4134819458352],[141.31415888502454,44.41337861283279]]],[[[141.292322217996,44.41395027858255],[141.2919172236011,44.41394861303809],[141.291844162678,44.41375305366057],[141.29225722399178,44.41375917084912],[141.292322217996,44.41395027858255]]],[[[141.31524360590777,44.41372250458994],[141.31547749708886,44.414032224807386],[141.31526917003623,44.41411500020712],[141.3151661086291,44.4139055588945],[141.31524360590777,44.41372250458994]]],[[[141.3159305584486,44.41418110757212],[141.31602138817664,44.41441861312853],[141.31578250306018,44.41434222471395],[141.3159305584486,44.41418110757212]]],[[[141.29133944156206,44.41456027883385],[141.29142861204093,44.41468444103418],[141.29120639405994,44.41472527924827],[141.2911313879033,44.414631667017886],[141.29133944156206,44.41456027883385]]],[[[141.29094693875027,44.41886166693246],[141.29125888478973,44.41864305433353],[141.2914011152693,44.41885638701268],[141.29094693875027,44.41886166693246]]],[[[141.29143055817383,44.41919777505734],[141.29137972759247,44.419014441063666],[141.29182472113405,44.41886083775751],[141.29187416316222,44.41904027858607],[141.29143055817383,44.41919777505734]]],[[[141.2905784181595,44.41984197292874],[141.29032702976872,44.41981502744164],[141.29025841779185,44.419645864964764],[141.29054703002146,44.419647532307806],[141.2905784181595,44.41984197292874]]],[[[141.29195221802047,44.41983277466289],[141.2920366670586,44.41992194604103],[141.2918633326268,44.420131387353706],[141.2917472238554,44.41986638682437],[141.29195221802047,44.41983277466289]]],[[[141.2914827764091,44.41995499972353],[141.2915055508406,44.42002500025359],[141.29136500569052,44.42016777482303],[141.29131610865159,44.42001166690494],[141.2914827764091,44.41995499972353]]],[[[141.29312724972283,44.41996244071413],[141.29305002583806,44.42021272114022],[141.29284280225363,44.42015327865096],[141.29293252941272,44.419949666743776],[141.29312724972283,44.41996244071413]]],[[[141.29312413716923,44.42149130617889],[141.2932180542698,44.42155272088144],[141.29309610889834,44.421698531562015],[141.29301191976435,44.42159272092738],[141.29312413716923,44.42149130617889]]],[[[141.29370992227518,44.42160674765336],[141.29375686059075,44.42173450534318],[141.2936046170595,44.42178783783851],[141.2935410250983,44.421665360068346],[141.29370992227518,44.42160674765336]]],[[[141.29399639411838,44.42275138676712],[141.29351639356673,44.422387225190334],[141.29420527875072,44.42217833336343],[141.29399639411838,44.42275138676712]]],[[[141.29732722397227,44.423656666821785],[141.29713416291133,44.42375083843052],[141.29711944190876,44.42363472066586],[141.29732722397227,44.423656666821785]]],[[[141.29904555141115,44.423655558857035],[141.29918693922593,44.423697505035875],[141.2990022175784,44.42382277520096],[141.29891999975825,44.42374917108742],[141.29904555141115,44.423655558857035]]],[[[141.29557335892343,44.423816945795465],[141.2954497543028,44.42373280162752],[141.29560422815268,44.42367446800233],[141.29569891057633,44.423790837577144],[141.29557335892343,44.423816945795465]]],[[[141.29626664089278,44.423782332688575],[141.29634024590564,44.4239698377379],[141.2961591440294,44.42398289229669],[141.29609581107286,44.42385399966241],[141.29626664089278,44.423782332688575]]],[[[141.29726005180999,44.42394410813415],[141.29716033678017,44.42414825243998],[141.29705866392624,44.42409577519993],[141.29726005180999,44.42394410813415]]],[[[141.29769027218833,44.42448777529063],[141.2974816726412,44.42447444104266],[141.2975800000171,44.42431027879638],[141.29781555134673,44.42443777478354],[141.29769027218833,44.42448777529063]]],[[[141.300615550967,44.42481055906012],[141.30068888528388,44.42490833335296],[141.3004316728834,44.425132504661406],[141.3003227757755,44.42502166681652],[141.300615550967,44.42481055906012]]],[[[141.30169972776025,44.42562333305045],[141.301882503275,44.4258319460875],[141.30167583727018,44.425911667389585],[141.3015216727871,44.425680558710894],[141.30169972776025,44.42562333305045]]],[[[141.4208797280171,44.426165838282884],[141.42083416296634,44.42627722471423],[141.42070805373373,44.426276667134516],[141.4206869385514,44.42617499967656],[141.4208797280171,44.426165838282884]]],[[[141.42210555073063,44.42635110761756],[141.42210778194863,44.42650305437252],[141.4219066665595,44.426454170823376],[141.42210555073063,44.42635110761756]]],[[[141.30298027242168,44.42655138663724],[141.30301082958613,44.4266508381657],[141.302784162659,44.42666555916827],[141.30281055776106,44.42653777539806],[141.30298027242168,44.42655138663724]]],[[[141.42187194643327,44.426709721276666],[141.42201055804094,44.42673277539734],[141.42197221814342,44.4268619459221],[141.4217241626401,44.42678833281536],[141.42187194643327,44.426709721276666]]],[[[141.4134438914225,44.426774171191084],[141.41338167272613,44.426950837611116],[141.41325250310058,44.42684417082188],[141.4134438914225,44.426774171191084]]],[[[141.30433360641086,44.426925000088715],[141.30427861196847,44.42705805388613],[141.30402194635576,44.427080000042],[141.30424472101708,44.42690666740884],[141.30433360641086,44.426925000088715]]],[[[141.41923111512392,44.427199171004986],[141.4190494421781,44.42706833313713],[141.41931389142303,44.426990279178085],[141.41923111512392,44.427199171004986]]],[[[141.3046330608671,44.426994720929656],[141.30480666689425,44.42720500041048],[141.3045761086006,44.427239440847586],[141.3046330608671,44.426994720929656]]],[[[141.3034902716588,44.42714500034157],[141.30348916998923,44.42727138656528],[141.3033469386104,44.4272486130331],[141.30335082997692,44.42716500036454],[141.3034902716588,44.42714500034157]]],[[[141.4254994419457,44.427358054230865],[141.42514555062678,44.42698889242348],[141.42551666666088,44.426851108192125],[141.42584834022875,44.42706638700423],[141.4254994419457,44.427358054230865]]],[[[141.30435610924712,44.42717833281387],[141.3043916729374,44.42741666664591],[141.30421722424558,44.427277775349125],[141.30435610924712,44.42717833281387]]],[[[141.41075111527186,44.42819472140934],[141.41089444921954,44.42824138723029],[141.41086055826827,44.428328613374845],[141.41062360579485,44.42829555879308],[141.41075111527186,44.42819472140934]]],[[[141.43787389116721,44.42919694568258],[141.43787722405466,44.429359999964106],[141.43768306132426,44.42935277481075],[141.43760778177375,44.4291880540855],[141.43787389116721,44.42919694568258]]],[[[141.4273022184227,44.429184721198],[141.42730472123594,44.4293661081594],[141.4271936063999,44.429333333266754],[141.42717444904167,44.42919861302562],[141.4273022184227,44.429184721198]]],[[[141.40809167339205,44.42930750473761],[141.40801805399008,44.429439170881096],[141.40780693903912,44.429363613440046],[141.40791111470628,44.42923499959562],[141.40809167339205,44.42930750473761]]],[[[141.39287111540966,44.42951917097304],[141.3929291702451,44.429668613116064],[141.39282333263077,44.42970917074172],[141.39267805434883,44.4295658376933],[141.39287111540966,44.42951917097304]]],[[[141.42760833955333,44.429786387431875],[141.4275077818587,44.42963166716777],[141.42770749700344,44.42959777531712],[141.42773555135466,44.42977472142633],[141.42760833955333,44.429786387431875]]],[[[141.3877783400984,44.42969638687879],[141.3878825031751,44.42982333338017],[141.3876202716583,44.429782774855255],[141.3877783400984,44.42969638687879]]],[[[141.39235888495466,44.42977750482805],[141.39246749697747,44.42985722523082],[141.39228693919097,44.42994583812998],[141.39224389134256,44.4297855591563],[141.39235888495466,44.42977750482805]]],[[[141.39166416317062,44.42983250466642],[141.39175055834164,44.42994889222763],[141.3915561087275,44.42997833333345],[141.39152888534989,44.42986750538114],[141.39166416317062,44.42983250466642]]],[[[141.39645389123416,44.42986277494714],[141.39650833978817,44.43000110776495],[141.39629444863,44.42995027898223],[141.39645389123416,44.42986277494714]]],[[[141.38346472121998,44.43023250512607],[141.38354805419942,44.43037472121648],[141.38338360596867,44.43036166665763],[141.38346472121998,44.43023250512607]]],[[[141.38409472059493,44.43029389194959],[141.38404972841226,44.430446666980174],[141.3838605578186,44.43041638680688],[141.38389472126448,44.430250559016145],[141.38409472059493,44.43029389194959]]],[[[141.30935472104363,44.43027138731475],[141.30947610883538,44.43038194636978],[141.30932194615093,44.430511386691194],[141.30921805377022,44.43033917101599],[141.30935472104363,44.43027138731475]]],[[[141.30898693879624,44.430591386783135],[141.3090330614267,44.43067972089244],[141.3088655510045,44.43071694563059],[141.30882693861236,44.430601107555106],[141.30898693879624,44.430591386783135]]],[[[141.39466194619195,44.4304586126749],[141.3947972240128,44.430557225135885],[141.394700000105,44.43072917101449],[141.3944677816629,44.43063694643797],[141.39466194619195,44.4304586126749]]],[[[141.3091108303006,44.43159777491741],[141.30877167257472,44.4314516665612],[141.30893555063517,44.43134277484921],[141.3091108303006,44.43159777491741]]],[[[141.4288958368735,44.43187694606428],[141.4289033327227,44.43214777509979],[141.4287383404021,44.43204666702013],[141.42869333293106,44.4319291705948],[141.4288958368735,44.43187694606428]]],[[[141.3815138911532,44.43237000027534],[141.3812538908544,44.43263694603826],[141.38115138792625,44.43255277489072],[141.3815138911532,44.43237000027534]]],[[[141.38049000041326,44.43338389235282],[141.38049778224695,44.43353833292775],[141.38035027184765,44.433553053930325],[141.38035250306564,44.43340861291722],[141.38049000041326,44.43338389235282]]],[[[141.37944639383602,44.43356805372275],[141.3796416726252,44.433758612869724],[141.37950221835274,44.43382110765805],[141.37935250281578,44.43363194605752],[141.37944639383602,44.43356805372275]]],[[[141.42879861206632,44.435885279282274],[141.42888333269968,44.435938612676864],[141.42881444912757,44.43605305410523],[141.4286794420027,44.43599138669322],[141.42879861206632,44.435885279282274]]],[[[141.43063341070342,44.43935358579938],[141.4297101945699,44.43887864033701],[141.42975258141655,44.4388208022383],[141.43063341070342,44.43935358579938]]],[[[141.43130267178094,44.440050721363775],[141.4307790532108,44.44068294566148],[141.43071593968898,44.440639837558535],[141.43130267178094,44.440050721363775]]],[[[141.32669510969163,44.44239369361412],[141.31435722420656,44.434464999759996],[141.30737722427955,44.42735333279012],[141.30152834036073,44.42533750512183],[141.30080999968186,44.423526945911874],[141.29632389083497,44.42321889213821],[141.29297944164796,44.41958222533947],[141.29253861196742,44.414075838329325],[141.29444221773417,44.412662774967146],[141.30909666687774,44.414828053771714],[141.31960221786812,44.41558999987865],[141.32485555094297,44.420108612922206],[141.3326813884354,44.42813083806777],[141.3355655511093,44.432284721163],[141.33214083023518,44.4358899998237],[141.32753600458295,44.43787266679021],[141.32669510969163,44.44239369361412]]],[[[141.41086444873542,44.44453833297774],[141.41080610881488,44.4446711079853],[141.41069639422324,44.444612224874334],[141.41086444873542,44.44453833297774]]],[[[141.41005194634033,44.444601108354505],[141.41018221763534,44.44466805388765],[141.41009693942226,44.44473972086149],[141.40997277632266,44.44468972125367],[141.41005194634033,44.444601108354505]]],[[[141.40943472093568,44.44477500036601],[141.40944027155138,44.444945000111716],[141.40927055779002,44.44490722498847],[141.40943472093568,44.44477500036601]]],[[[141.41334749668965,44.4449169457605],[141.41330360617656,44.445059440640705],[141.41317194632836,44.44503083770303],[141.4132522180155,44.4449149996276],[141.41334749668965,44.4449169457605]]],[[[141.4257422184287,44.4465672250974],[141.40892639443757,44.444070838398545],[141.40845333305492,44.44254333270868],[141.40171306090906,44.44052861300514],[141.39604778167984,44.44111055890522],[141.38639138765245,44.43800666667437],[141.38070583680496,44.43379361268512],[141.38432277607535,44.4303988922951],[141.3903725028888,44.429722774786285],[141.3938516732162,44.43099055896715],[141.40708861184999,44.42975333285011],[141.41581416259362,44.42771666699065],[141.42245778190113,44.427201108144686],[141.42601472110255,44.428155278942995],[141.42908834035472,44.43349138741763],[141.4257422184287,44.4465672250974]]],[[[141.7616812446937,44.537324251912764],[141.76161233504126,44.5373608381322],[141.76067883336157,44.53603738681602],[141.76074561611733,44.53599917102497],[141.7616812446937,44.537324251912764]]],[[[141.65149839223704,44.22362717125702],[141.65075211411886,44.22438025184721],[141.65068994758303,44.22433017130044],[141.65143372198872,44.223578865072625],[141.65149839223704,44.22362717125702]]],[[[141.65508555135716,44.2439319457028],[141.6551527756801,44.244075838129504],[141.65491805442468,44.24420722458382],[141.6548758366506,44.24400944118281],[141.65508555135716,44.2439319457028]]],[[[141.65529111479316,44.24534527886158],[141.65482583704284,44.24515055855147],[141.655410829846,44.24504417055209],[141.65529111479316,44.24534527886158]]],[[[141.64889105078146,44.00000000029985],[141.64956713411596,44.00082299958183],[141.64950369593885,44.00086561305767],[141.64889105078146,44.00000000029985]]],[[[141.65959555069412,44.03523138661927],[141.6596605581883,44.03576055940232],[141.65934138789476,44.03574777464013],[141.6593269393868,44.03527222483336],[141.65959555069412,44.03523138661927]]],[[[139.44906027161426,42.01064166677958],[139.44900732762608,42.01074850533928],[139.448879169738,42.010754171068186],[139.44885972819395,42.01063610807],[139.44906027161426,42.01064166677958]]],[[[139.446728611936,42.01131138741067],[139.44692306065076,42.01173166668315],[139.4466230612054,42.01180666744381],[139.44645693933637,42.01157027884534],[139.446728611936,42.01131138741067]]],[[[139.4479858371767,42.01238617078519],[139.4479822183048,42.0126925050551],[139.44782997387426,42.012710801762125],[139.44774778213446,42.01245805359633],[139.4479858371767,42.01238617078519]]],[[[139.45028664111567,42.01266491925065],[139.45028277582946,42.01284805359484],[139.45003581120375,42.01270069428165],[139.45028664111567,42.01266491925065]]],[[[139.4467733334227,42.01278610829229],[139.4467825029102,42.012973613341615],[139.4464991049498,42.01305944104041],[139.44658466914723,42.012818586408684],[139.4467733334227,42.01278610829229]]],[[[139.44923374813902,42.012676505216575],[139.44926194638174,42.012898612580955],[139.44909306089608,42.01306750526123],[139.44885888462989,42.012861108153686],[139.44923374813902,42.012676505216575]]],[[[139.45094472092217,42.012969441386645],[139.45081834009443,42.01311250463846],[139.45067500614664,42.01306722467274],[139.45077655039756,42.01293980242997],[139.45094472092217,42.012969441386645]]],[[[139.44823555102994,42.01300638733494],[139.44825416339904,42.01315638705768],[139.44797513614367,42.01324450532974],[139.4480666673429,42.013034721375334],[139.44823555102994,42.01300638733494]]],[[[139.45122433183747,42.01315177533422],[139.45121083031563,42.013314999587635],[139.45100985701936,42.01316835973205],[139.45122433183747,42.01315177533422]]],[[[139.45011907943206,42.01331325220485],[139.450275005687,42.01341638735647],[139.45018121898818,42.01346772065881],[139.45000360558197,42.01337138707993],[139.45011907943206,42.01331325220485]]],[[[139.44947639422026,42.01327944129321],[139.44940333329725,42.01345666709159],[139.44928472081324,42.01340444076237],[139.44947639422026,42.01327944129321]]],[[[139.45113233478946,42.01362610835827],[139.45120333266777,42.01378222526955],[139.45093444886584,42.01373361331565],[139.4509405579604,42.01361917098802],[139.45113233478946,42.01362610835827]]],[[[139.44857069957823,42.01366180155094],[139.4485916726676,42.01375194599558],[139.44836666678827,42.01380833258855],[139.4483586115607,42.01363027941392],[139.44857069957823,42.01366180155094]]],[[[139.44920333306743,42.0137400003008],[139.4491736059772,42.01392861331493],[139.4489158368964,42.01379833302673],[139.44920333306743,42.0137400003008]]],[[[139.44939250276184,42.01414805418938],[139.44962610885796,42.01507638656602],[139.4490225027863,42.01464889203277],[139.44939250276184,42.01414805418938]]],[[[139.4471852786777,42.01487166669409],[139.44722666727694,42.01505972122919],[139.44684319096052,42.01517764033588],[139.4468266668173,42.014851386982],[139.4471852786777,42.01487166669409]]],[[[139.45247527891104,42.014672504632415],[139.45179444895473,42.015202225102655],[139.45113999971124,42.01456583784318],[139.4516930611859,42.01412527885856],[139.45247527891104,42.014672504632415]]],[[[139.45412555105338,42.01532944140064],[139.45424861158426,42.01540666708405],[139.45416722383834,42.015554440984715],[139.4540213879767,42.0154544408698],[139.45412555105338,42.01532944140064]]],[[[139.45219861237615,42.015467224732674],[139.45223610870949,42.01552972131964],[139.452075550946,42.01581055891023],[139.4519755508311,42.01563777486348],[139.45219861237615,42.015467224732674]]],[[[139.45284666743987,42.015665000039746],[139.45288834022483,42.01581083770003],[139.45275277641952,42.015889720834025],[139.4527152791868,42.015754720903715],[139.45284666743987,42.015665000039746]]],[[[139.4529838913935,42.01632055904662],[139.4529597284088,42.016043891612355],[139.45328805380075,42.016034440636986],[139.4533311151389,42.01629805441172],[139.4529838913935,42.01632055904662]]],[[[139.45004111540527,42.016596387413415],[139.44926999981067,42.01541777461068],[139.45023722426856,42.01530722544817],[139.45004111540527,42.016596387413415]]],[[[139.45644542241837,42.01821950542586],[139.4564469386753,42.01834999975273],[139.4561283403507,42.01835944083558],[139.45625138829098,42.01814417101673],[139.45644542241837,42.01821950542586]]],[[[139.45679194559193,42.01971666709056],[139.45684194609896,42.0198144413834],[139.4566647212,42.01983110761955],[139.45667111537978,42.01971666709056],[139.45679194559193,42.01971666709056]]],[[[139.4681486122687,42.02019194620141],[139.46802360560503,42.02031277461492],[139.4679611153133,42.02020861333688],[139.4681486122687,42.02019194620141]]],[[[139.45745221794562,42.020210558570454],[139.45747306063333,42.02031055868537],[139.45730856024193,42.02038322480604],[139.45726055802834,42.02029610837877],[139.45745221794562,42.020210558570454]]],[[[139.4481759007972,42.05206690076693],[139.44809112800317,42.05207023365443],[139.4494770165511,42.05148099964845],[139.4494406227866,42.05152917992774],[139.4481759007972,42.05206690076693]]],[[[139.44737381255152,42.052687090336974],[139.4471368483869,42.053001505015516],[139.44704435761105,42.05304084675771],[139.44783151801016,42.05199640471034],[139.44785772965054,42.05204499058391],[139.44737381255152,42.052687090336974]]],[[[139.4474479769426,42.054404216281625],[139.44719909226433,42.054888594732915],[139.44711832684936,42.05486554061224],[139.44736721062839,42.054381171154205],[139.4474479769426,42.054404216281625]]],[[[139.44462391686034,42.05736933322822],[139.44399642029862,42.05819313470545],[139.44391839241996,42.058154360435424],[139.44462391686034,42.05736933322822]]],[[[139.44430527896554,42.05840627942632],[139.4436102720964,42.05927086515834],[139.44353902690466,42.05923046761205],[139.44430527896554,42.05840627942632]]],[[[139.44406655033106,42.05946619790677],[139.44343338534247,42.06020766735003],[139.44337077813896,42.06016489199624],[139.444003695814,42.05942097279973],[139.44406655033106,42.05946619790677]]],[[[139.45833333321684,42.06113817069007],[139.4571637999694,42.060491044626076],[139.45729005219425,42.06039278380001],[139.45833333321684,42.06113817069007]]],[[[139.45555609633686,42.06120595529063],[139.45480801597716,42.06169472962813],[139.4547587807932,42.06165288327401],[139.45544688716416,42.06120329689469],[139.45555609633686,42.06120595529063]]],[[[139.4169136057784,42.066379171361746],[139.4170405576757,42.066903333122355],[139.4165677822774,42.06665527941766],[139.4169136057784,42.066379171361746]]],[[[139.42202778225646,42.06707222490331],[139.42204027204093,42.0671972252718],[139.42183194588767,42.06719305421615],[139.42194027192602,42.06706805384766],[139.42202778225646,42.06707222490331]]],[[[139.41739250286173,42.066993613364616],[139.41746555119425,42.067201945813224],[139.41723639404438,42.06722277501109],[139.41739250286173,42.066993613364616]]],[[[139.41498666710106,42.06770166669861],[139.41506666719295,42.06784389178222],[139.4149188851984,42.067903333372215],[139.4147647207153,42.06771055919501],[139.41498666710106,42.06770166669861]]],[[[139.41664250334895,42.0675699996558],[139.41689693864282,42.067982505188525],[139.41659472056995,42.067965838053055],[139.41632500579442,42.06764972095789],[139.41664250334895,42.0675699996558]]],[[[139.42168000003198,42.068063613245215],[139.4217277819116,42.06818861271438],[139.42154027236575,42.06824083814422],[139.4215550059588,42.06810527883562],[139.42168000003198,42.068063613245215]]],[[[139.41641861172957,42.06811833339441],[139.41623111477418,42.06846222515162],[139.41563778165835,42.06832666674234],[139.41589805355238,42.06779555861817],[139.41641861172957,42.06811833339441]]],[[[139.41663221780266,42.06855083805078],[139.41664250334895,42.068873891616875],[139.41627805398912,42.06874889214771],[139.41663221780266,42.06855083805078]]],[[[139.41721027233632,42.06846222515162],[139.41762693903206,42.068764441425856],[139.41779444855501,42.069417504814055],[139.4170227762802,42.06927444066298],[139.41721027233632,42.06846222515162]]],[[[139.4063355514446,42.07028972129365],[139.4060752786512,42.070529171184376],[139.40604389141254,42.070248053904606],[139.4063355514446,42.07028972129365]]],[[[139.418126667112,42.07042027857307],[139.41801194599452,42.0707222250507],[139.41775167320122,42.070524440750376],[139.418126667112,42.07042027857307]]],[[[139.4182777819941,42.07116777527267],[139.41816944156653,42.07135944058575],[139.4177736058673,42.071053054155186],[139.41814749720925,42.07087861265791],[139.4182777819941,42.07116777527267]]],[[[139.42007944241243,42.071727505220224],[139.4201938910353,42.07182138724727],[139.4200688852709,42.07188389192811],[139.41997527933574,42.07181083819967],[139.42007944241243,42.071727505220224]]],[[[139.41866527917932,42.072813333168824],[139.4186694421411,42.07301527863228],[139.41855693875175,42.07300083821815],[139.41866527917932,42.072813333168824]]],[[[139.4161711147052,42.07338610778271],[139.41617610864057,42.073558053661316],[139.4159913878923,42.07356555940311],[139.41606944185128,42.07338610778271],[139.4161711147052,42.07338610778271]]],[[[139.4173277822514,42.07349666683774],[139.41737583662564,42.0736883330502],[139.41725082996186,42.07372166732114],[139.41722360568497,42.07353417126507],[139.4173277822514,42.07349666683774]]],[[[139.41568389079896,42.07336277487224],[139.4157308300139,42.07369583789267],[139.4154027762172,42.07377389185166],[139.4153663941438,42.0734197208435],[139.41568389079896,42.07336277487224]]],[[[139.4191627760414,42.073631945557906],[139.41919416328005,42.073736107735215],[139.41910444871144,42.07383610785013],[139.4189858371268,42.07374222492382],[139.4191627760414,42.073631945557906]]],[[[139.41625444858403,42.073703613431064],[139.41612944192025,42.07405250541882],[139.4159002721799,42.073938054097994],[139.41625444858403,42.073703613431064]]],[[[139.41538722424104,42.07412805386667],[139.41442917017014,42.07412805386667],[139.41478333308442,42.073638333442375],[139.41538722424104,42.07412805386667]]],[[[139.48613761266074,42.07426774825802],[139.48613571958788,42.074336135404394],[139.48583953326795,42.07433122510599],[139.48583953326795,42.07426283795968],[139.48613761266074,42.07426774825802]]],[[[139.41942306142516,42.07441444117359],[139.41945444866394,42.07459166697191],[139.41915221800048,42.074633332562314],[139.41925639366775,42.074404170915784],[139.41942306142516,42.07441444117359]]],[[[139.41936500569057,42.07510250527645],[139.4191816725962,42.07503999969629],[139.4192608300234,42.074944170637025],[139.41940027170529,42.074985838026066],[139.41936500569057,42.07510250527645]]],[[[139.41829194631634,42.075054441009684],[139.4182294416355,42.07521694580544],[139.4181419456943,42.07518583825589],[139.41819194620143,42.07503361271114],[139.41829194631634,42.075054441009684]]],[[[139.4234727760478,42.078781387151366],[139.42345194595066,42.07890222455808],[139.42330000009497,42.07887527907093],[139.4233477819746,42.078760558852764],[139.4234727760478,42.078781387151366]]],[[[139.41663861198242,42.087476108235876],[139.41671416312818,42.087616387186586],[139.41649277612078,42.08759805360734],[139.41646944231093,42.08749417111915],[139.41663861198242,42.087476108235876]]],[[[139.42404138769996,42.08922027859302],[139.42395027198756,42.08944166739906],[139.42384111497552,42.089386946350544],[139.42391639362677,42.08922027859302],[139.42404138769996,42.08922027859302]]],[[[139.42507805420894,42.09133194611246],[139.4249791701526,42.09154305386892],[139.42485944161,42.09142583803208],[139.42507805420894,42.09133194611246]]],[[[139.4182950058099,42.091883892427745],[139.4182077823633,42.09180027885981],[139.418417223676,42.09175972123421],[139.4184566670416,42.09184777475508],[139.4182950058099,42.091883892427745]]],[[[139.42479416341996,42.09185027936695],[139.42462221844073,42.09220972130163],[139.4243227756756,42.0921002792046],[139.42479416341996,42.09185027936695]]],[[[139.42293083019376,42.09561417055755],[139.42302138832645,42.09585222470048],[139.4229097276019,42.09593444072192],[139.42287027164582,42.09563333331175],[139.42293083019376,42.09561417055755]]],[[[139.50617360582726,42.09763444087679],[139.5060619460021,42.09750694578895],[139.50632833958127,42.09743472123546],[139.50637138832894,42.09757138671017],[139.50617360582726,42.09763444087679]]],[[[139.42154138842443,42.10023999987612],[139.4213330613718,42.10040666673433],[139.42123500559114,42.10019389163483],[139.42154138842443,42.10023999987612]]],[[[139.5071986117266,42.10491361287296],[139.50714749695953,42.1050772247342],[139.50700333293753,42.10514389237676],[139.5069555510579,42.10495999990411],[139.5071986117266,42.10491361287296]]],[[[139.41768221766029,42.10997666738933],[139.41791250256006,42.11026333258678],[139.4176950060198,42.11027472070185],[139.41756333268177,42.1101122248993],[139.41768221766029,42.10997666738933]]],[[[139.41213833971267,42.11159027866847],[139.41115610916722,42.11100917093654],[139.41186972840535,42.110425838281856],[139.41277389060258,42.11076083844199],[139.41213833971267,42.11159027866847]]],[[[139.41081194581466,42.114222224675984],[139.41072888532983,42.11351944136919],[139.41197639429527,42.11334361311731],[139.4121922180965,42.11395694625611],[139.41081194581466,42.114222224675984]]],[[[139.41730833980807,42.114712505377895],[139.41740472105107,42.114832224927284],[139.41727555142563,42.11485583842625],[139.41716277644105,42.11473944097247],[139.41730833980807,42.114712505377895]]],[[[139.4171836056389,42.11500694611374],[139.41700444899618,42.11511861313352],[139.41695333332973,42.115015837710814],[139.4171836056389,42.11500694611374]]],[[[139.5199838910438,42.137951945725774],[139.51986277574656,42.13808944127476],[139.51975583736203,42.13802194625589],[139.51984778224937,42.13794972080302],[139.5199838910438,42.137951945725774]]],[[[139.5202247213938,42.137887774601154],[139.52034221781912,42.13805805403604],[139.5200886117001,42.13813250531092],[139.52006194590217,42.1379327748777],[139.5202247213938,42.137887774601154]]],[[[139.41524472126696,42.146267775237675],[139.41536111512346,42.1464638921949],[139.41506444856554,42.14656444089627],[139.41486999985068,42.14643583784368],[139.41524472126696,42.146267775237675]]],[[[139.41502250328597,42.14745027940694],[139.41500583704976,42.147557224985974],[139.41478972816344,42.14756972106585],[139.41482472078428,42.14745361319376],[139.41502250328597,42.14745027940694]]],[[[139.4124083395733,42.14953861311653],[139.41260861229773,42.14968972080402],[139.41207805365934,42.1496738918367],[139.41213389076654,42.14953194644221],[139.4124083395733,42.14953861311653]]],[[[139.41329444877988,42.14984861302315],[139.41268500610818,42.14944250526747],[139.41304444894217,42.148791666802026],[139.41375805379118,42.14884889156315],[139.41329444877988,42.14984861302315]]],[[[139.41205472074887,42.150283332709705],[139.41168944221408,42.15026083796732],[139.41161472114254,42.14994027912064],[139.41238055771657,42.15009389231932],[139.41205472074887,42.150283332709705]]],[[[139.41118527867775,42.1517141711721],[139.41050944175743,42.151640837754485],[139.41081194581466,42.15144777489496],[139.41118527867775,42.1517141711721]]],[[[139.41045583676748,42.151676666744834],[139.41062444885927,42.15181083839951],[139.41044167334462,42.151841386570766],[139.41030666711902,42.15175999972428],[139.41045583676748,42.151676666744834]]],[[[139.41168944221408,42.15195555910185],[139.4113891702741,42.15197138716985],[139.41132389118468,42.15181999979319],[139.41167778160445,42.151720837846426],[139.41168944221408,42.15195555910185]]],[[[139.4106291703,42.15271944144911],[139.41055805371127,42.15255694564655],[139.41091194592957,42.152570558684374],[139.41089555128872,42.15270361338111],[139.4106291703,42.15271944144911]]],[[[139.5224186121293,42.1525616670873],[139.52233834044216,42.152733333276785],[139.52221610908623,42.152684721322885],[139.5224186121293,42.1525616670873]]],[[[139.41010306060787,42.153035559443595],[139.41006000016898,42.1531697212057],[139.40989000042327,42.15316861324095],[139.40986111509847,42.15305694622117],[139.41010306060787,42.153035559443595]]],[[[139.52289555138861,42.155107504807575],[139.52295138759655,42.15527889220715],[139.52271861157476,42.15533083794787],[139.52268834039467,42.155166108229366],[139.52289555138861,42.155107504807575]]],[[[139.40438610903175,42.164725414146574],[139.40451871586606,42.164766693927845],[139.40446980533727,42.16488566703998],[139.4042904670315,42.164806360325315],[139.40438610903175,42.164725414146574]]],[[[139.51786221766724,42.16617833276388],[139.51788888526391,42.16646499975997],[139.51750360580684,42.166339720601684],[139.51786221766724,42.16617833276388]]],[[[139.40931839223003,42.16860263970011],[139.40859566825554,42.16888572109923],[139.40855092068853,42.168828640229606],[139.40931839223003,42.16860263970011]]],[[[139.40792604385194,42.170773432248154],[139.4071125683904,42.16954903585935],[139.40729905270916,42.169498684616656],[139.40792604385194,42.170773432248154]]],[[[139.4083333333167,42.17105644080215],[139.4082416726152,42.171176946359026],[139.40789583742298,42.17121861284875],[139.40770027175017,42.171097775442036],[139.40805194624033,42.17103027862453],[139.4083333333167,42.17105644080215]]],[[[139.407829442275,42.171334720720836],[139.40768167287092,42.171453054415],[139.40762360634437,42.17134917102749],[139.407829442275,42.171334720720836]]],[[[139.40739083032258,42.17151083765509],[139.40746306117137,42.17159777511728],[139.4073583396157,42.17167777520922],[139.40726527866968,42.17158972078903],[139.40739083032258,42.17151083765509]]],[[[139.4083333333167,42.17180399955498],[139.40846138778284,42.171892224846374],[139.40826583739852,42.17201305415915],[139.4081563944021,42.17193722512292],[139.4083333333167,42.17180399955498]]],[[[139.40733500580598,42.17296055918251],[139.40705917024457,42.17314110797582],[139.4069800002269,42.173018053740236],[139.40733500580598,42.17296055918251]]],[[[139.4088897276788,42.1728275053851],[139.40870250321802,42.17315110843697],[139.40856167298284,42.17290750457772],[139.4088897276788,42.1728275053851]]],[[[139.4092830605648,42.1731466666854],[139.40897722362,42.1730869463056],[139.40950277573256,42.172814171137134],[139.40947360622204,42.17313417060552],[139.4092830605648,42.1731466666854]]],[[[139.40595250320553,42.17435861285975],[139.40562082963766,42.17431417106218],[139.40550389079203,42.17413194593263],[139.40588138841542,42.17408500042251],[139.40595250320553,42.17435861285975]]],[[[139.40584500634202,42.174820838311064],[139.4055927761857,42.17458527888755],[139.40612583673806,42.17453305435703],[139.40619416273046,42.174838892201194],[139.40584500634202,42.174820838311064]]],[[[139.40784583691595,42.17473610778518],[139.4079130612389,42.174820838311064],[139.40765389101432,42.17510055894371],[139.40755444937838,42.174871387404664],[139.40784583691595,42.17473610778518]]],[[[139.40487277625766,42.176532775167516],[139.40476277568166,42.17670750534717],[139.404658054126,42.176665837958126],[139.40477221766378,42.17652638728299],[139.40487277625766,42.176532775167516]]],[[[139.40647610918518,42.17653944094252],[139.40511999988814,42.17624250458795],[139.4049694416865,42.17500444120208],[139.4065486116292,42.17516972130562],[139.40647610918518,42.17653944094252]]],[[[139.40403111514388,42.17679972093043],[139.4042230610455,42.17719305381644],[139.4038336060362,42.17714610830632],[139.40403111514388,42.17679972093043]]],[[[139.40575111532178,42.17683361278108],[139.40572693884724,42.177243612802556],[139.4053052791154,42.177183612733586],[139.40575111532178,42.17683361278108]]],[[[139.40355693860192,42.177725558587724],[139.40337722437948,42.17723055914303],[139.4040122176898,42.17734027913065],[139.40355693860192,42.177725558587724]]],[[[139.40616027177919,42.17873694605328],[139.40623277602185,42.17890610763084],[139.40609444860002,42.17887750469316],[139.40616027177919,42.17873694605328]]],[[[139.40937194595858,42.17989833324151],[139.40927277591788,42.18010277522296],[139.40896389117074,42.18009250496516],[139.40909666707762,42.17990361316129],[139.40937194595858,42.17989833324151]]],[[[139.40865610899232,42.180101667258214],[139.40861722410568,42.18023694597832],[139.4084669392979,42.180201946162924],[139.4085541627445,42.18007555903989],[139.40865610899232,42.180101667258214]]],[[[139.52100752277897,42.17659450463276],[139.5251795326094,42.17904594591374],[139.5251107776403,42.17908550529188],[139.52094581130018,42.176637252107525],[139.52100752277897,42.17659450463276]]],[[[139.4096136063829,42.180032504896246],[139.40974666737486,42.18010138666972],[139.4096152791219,42.180307225298236],[139.40941250268486,42.18038277464541],[139.4096136063829,42.180032504896246]]],[[[139.40919472105963,42.18019638655403],[139.40906306121133,42.18041917110793],[139.40894778161487,42.180383891603356],[139.4090833328296,42.18020444088228],[139.40919472105963,42.18019638655403]]],[[[139.52747719791444,42.18079677485133],[139.52604169916515,42.1799978018571],[139.52608399518033,42.179939693961785],[139.52747719791444,42.18079677485133]]],[[[139.40978277605439,42.18070166704837],[139.4097922180365,42.18080444067243],[139.40964444863243,42.180963332891565],[139.40957610915018,42.180887774551195],[139.40969555080903,42.18070027939444],[139.40978277605439,42.18070166704837]]],[[[139.4091316731882,42.18104666677033],[139.4090430611884,42.181189999818685],[139.40888194584522,42.18114166665464],[139.4091316731882,42.18104666677033]]],[[[139.4098205583722,42.18186694560313],[139.4097211149376,42.1821194410594],[139.40958277582456,42.18202055880181],[139.4098205583722,42.18186694560313]]],[[[139.40918888535884,42.18274110821562],[139.40930583679494,42.1829713868201],[139.40899916977594,42.1829238918242],[139.40918888535884,42.18274110821562]]],[[[139.41124888502804,42.18371722516986],[139.41120194581322,42.18390972055721],[139.410995278909,42.18382138734722],[139.41124888502804,42.18371722516986]]],[[[139.5253204671659,42.184381891611054],[139.52517706936635,42.18436486474678],[139.5255679120296,42.18258405421079],[139.5257124897397,42.182601278925915],[139.5253204671659,42.184381891611054]]],[[[139.4137769386549,42.18499194582171],[139.41373527935968,42.18526417060502],[139.4135433325588,42.185219720713576],[139.4137769386549,42.18499194582171]]],[[[139.41329111499306,42.18500889174703],[139.413422503246,42.1852066670541],[139.41317834000847,42.185300558973665],[139.41310027166026,42.18517027868546],[139.41329111499306,42.18500889174703]]],[[[139.41303861234212,42.18539777478753],[139.41299583698833,42.18553972108134],[139.41288167255118,42.18547444109265],[139.41303861234212,42.18539777478753]]],[[[139.41100833976316,42.18598750521926],[139.41111834033916,42.18609138680813],[139.41100583694993,42.18615944120529],[139.41089944175587,42.18603333287206],[139.41100833976316,42.18598750521926]]],[[[139.41392722436194,42.1861008377835],[139.41393389103632,42.18621694565559],[139.4138077818037,42.18628083799035],[139.41373027193458,42.18622722490653],[139.41382138764698,42.186118054404744],[139.41392722436194,42.1861008377835]]],[[[139.4099827762842,42.18617777478454],[139.40947527896105,42.18651361311282],[139.40940805373873,42.18619861297566],[139.4099827762842,42.18617777478454]]],[[[139.41364917017313,42.1869288921547],[139.41374306119337,42.1871361076453],[139.41329749658223,42.187066946182654],[139.41339944193078,42.186918612903696],[139.41364917017313,42.1869288921547]]],[[[139.41555610882745,42.186876946413975],[139.4155627764011,42.1871347208907],[139.41536138761796,42.18705389162386],[139.41555610882745,42.186876946413975]]],[[[139.41364639396602,42.18729638661898],[139.41331610895134,42.18729361310983],[139.41335389126914,42.187155559081816],[139.41364778161994,42.18718805428534],[139.41364639396602,42.18729638661898]]],[[[139.41526194598214,42.18781833334947],[139.41514917009818,42.18791722460031],[139.41502693874224,42.18791610764231],[139.41500277575756,42.187800278560076],[139.41526194598214,42.18781833334947]]],[[[139.41571972788324,42.18859138698298],[139.41544861196394,42.18858610796258],[139.4154030613023,42.188441666949416],[139.4158094415526,42.188458891664595],[139.41571972788324,42.18859138698298]]],[[[139.41647277609775,42.18902000027282],[139.41664055811532,42.18918417061303],[139.416362776421,42.18925055856647],[139.41647277609775,42.18902000027282]]],[[[139.41619221819633,42.18914750525323],[139.4160808299664,42.18936889226063],[139.41574778223446,42.18933110814419],[139.41576778225738,42.18911361340258],[139.41619221819633,42.18914750525323]]],[[[139.41737778185916,42.189474441192544],[139.41737250283882,42.18961638658703],[139.41708221787007,42.18964638707115],[139.41707306097305,42.18956944107691],[139.41737778185916,42.189474441192544]]],[[[139.41691444934247,42.19003555879408],[139.4168769386199,42.190286946285596],[139.41654527944115,42.19014110772599],[139.41691444934247,42.19003555879408]]],[[[139.4156941628554,42.19016055916251],[139.4156055508555,42.19038583843576],[139.41535583700238,42.190142224683996],[139.4156941628554,42.19016055916251]]],[[[139.41821666676583,42.19081555879103],[139.41844500643197,42.1909105586754],[139.41836444876037,42.19099389165484],[139.41813888530135,42.19090277504307],[139.41821666676583,42.19081555879103]]],[[[139.4177641629858,42.190840279355484],[139.41787194583367,42.19103694579849],[139.41745834043013,42.190930000219396],[139.4177641629858,42.190840279355484]]],[[[139.4193041629568,42.193126667162005],[139.41936472060547,42.19322694606677],[139.4192263940829,42.193376666999654],[139.41910416272697,42.193342775149006],[139.4191780537243,42.193147505353124],[139.4193041629568,42.193126667162005]]],[[[139.41960749708835,42.19445722492105],[139.4195752788761,42.19469250465539],[139.41928277617922,42.194783613173286],[139.4191080540935,42.194628613220004],[139.41960749708835,42.19445722492105]]],[[[139.4250761089753,42.19788805399054],[139.4250761089753,42.19809889195034],[139.4248263942228,42.19799999980023],[139.4250761089753,42.19788805399054]]],[[[139.42329306092608,42.19907250519202],[139.42327416257262,42.19918166670061],[139.42312917027505,42.19919222474141],[139.42310500639098,42.199090559082094],[139.42329306092608,42.19907250519202]]],[[[139.4245280540265,42.200245838075034],[139.4242233331404,42.200353891618875],[139.42414833957423,42.20021972086346],[139.4245280540265,42.200245838075034]]],[[[139.4228888849142,42.20026889219565],[139.42282583704286,42.20042638686829],[139.422672502634,42.20041472086274],[139.42269416280544,42.20029222510618],[139.4228888849142,42.20026889219565]]],[[[139.42344221798407,42.200413333208814],[139.42302055825223,42.20033000022937],[139.42348389076903,42.20014277486922],[139.42344221798407,42.200413333208814]]],[[[139.42500000024984,42.202242467915596],[139.4250733327682,42.20234305438851],[139.4248436063474,42.202378054203905],[139.4248961087685,42.20225055911607],[139.42500000024984,42.202242467915596]]],[[[139.42505861176562,42.203133332737195],[139.42516861234162,42.2033038918612],[139.42490277634215,42.20333110804427],[139.42505861176562,42.203133332737195]]],[[[139.42443805437279,42.203603054037785],[139.42458722402125,42.203711107581626],[139.42437083004984,42.203769720895934],[139.42443805437279,42.203603054037785]]],[[[139.42460472123093,42.20396138710839],[139.42455500580888,42.204131946232394],[139.4244152790419,42.20403027877438],[139.42460472123093,42.20396138710839]]],[[[139.42500000024984,42.20475391915812],[139.42514416337247,42.204901387289226],[139.42498027182216,42.204983332614745],[139.42484472060744,42.204890838241624],[139.42500000024984,42.20475391915812]]],[[[139.42510138801867,42.205220278792865],[139.42522805393162,42.205284720613406],[139.42525805441574,42.20543138744864],[139.42504333318334,42.20540417126557],[139.42510138801867,42.205220278792865]]],[[[139.42395916987982,42.20557444080782],[139.42396722420813,42.20574110766603],[139.42375389062965,42.20575027895228],[139.42379416317021,42.20559250459047],[139.42395916987982,42.20557444080782]]],[[[139.432851114987,42.212484999583126],[139.43291944187877,42.212641108400476],[139.43275749736063,42.212633892240376],[139.432851114987,42.212484999583126]]],[[[139.46877306102806,42.217606386825366],[139.4687783400484,42.21777917087206],[139.4686333333617,42.217694720934674],[139.46877306102806,42.217606386825366]]],[[[139.4565722178337,42.21771722467025],[139.45664111489555,42.217833053752486],[139.45650138812857,42.21785166702085],[139.45645194610051,42.21776000002404],[139.4565722178337,42.21771722467025]]],[[[139.4475080543533,42.217833053752486],[139.44744138761007,42.21806417142443],[139.4472555508031,42.217912224669476],[139.4475080543533,42.217833053752486]]],[[[139.44160250325297,42.21766083807728],[139.44173360642083,42.21775972123419],[139.4416605580883,42.21803389215046],[139.4413899997487,42.217908891781974],[139.44160250325297,42.21766083807728]]],[[[139.44029083035764,42.217960838422016],[139.44035194558592,42.218069999930606],[139.44014138821456,42.2181055591243],[139.44017055772508,42.217979440898546],[139.44029083035764,42.217960838422016]]],[[[139.43991693901557,42.21808583789118],[139.43992250312112,42.21825027892726],[139.43960749668872,42.21819083823664],[139.43963555103994,42.21807750477308],[139.43991693901557,42.21808583789118]]],[[[139.4396347209656,42.21850972074708],[139.43952082992246,42.21867222464351],[139.43914583691094,42.218567774683095],[139.4391469385804,42.21848583835083],[139.4396347209656,42.21850972074708]]],[[[139.43974416306276,42.21869499997433],[139.43974527912144,42.21881138663622],[139.43957861226318,42.21881138663622],[139.43964749673466,42.218685837681335],[139.43974416306276,42.21869499997433]]],[[[139.4695013877789,42.21886861319598],[139.46952805357682,42.21906138737319],[139.46936389133054,42.218956108237876],[139.4695013877789,42.21886861319598]]],[[[139.43233083020368,42.21924583832481],[139.4325374971079,42.21870722535823],[139.4328516725667,42.21894805390963],[139.43233083020368,42.21924583832481]]],[[[139.4697941629703,42.21935722475615],[139.46987916958813,42.219487505044356],[139.46975778179626,42.21957166719875],[139.4696558373471,42.21950305432256],[139.4697941629703,42.21935722475615]]],[[[139.44814610895583,42.2193983327669],[139.4483761087705,42.21954222519361],[139.4481205583172,42.219708892051756],[139.4479916728775,42.219546387256],[139.44814610895583,42.2193983327669]]],[[[139.4704519460006,42.219797774747576],[139.4704905583926,42.22001638734645],[139.47022194618592,42.219905000015785],[139.4704519460006,42.219797774747576]]],[[[139.44890583733456,42.220364441166055],[139.44891861220424,42.22050194570829],[139.4487338905567,42.22048110841649],[139.448753333,42.22035610804801],[139.44890583733456,42.220364441166055]]],[[[139.4700500003073,42.220425837882146],[139.47011333326384,42.22051750487901],[139.46992749735614,42.22061027894125],[139.4698963943032,42.22047694635404],[139.4700500003073,42.220425837882146]]],[[[139.4494705576202,42.22145083838552],[139.44884805409447,42.22135472064389],[139.44929472127444,42.22100277455843],[139.4494705576202,42.22145083838552]]],[[[139.47249250322648,42.22191833296472],[139.47244416286787,42.22213610829482],[139.47218416256908,42.222072504642426],[139.47249250322648,42.22191833296472]]],[[[139.4736122176298,42.222399721170234],[139.47370666712902,42.2227472246048],[139.47336610915863,42.22269083801183],[139.4736122176298,42.222399721170234]]],[[[139.47820299587158,42.22265384709743],[139.4780564594381,42.22282327037766],[139.47796627812136,42.222748802015644],[139.47802765235429,42.22264174761864],[139.47820299587158,42.22265384709743]]],[[[139.5565433332083,42.2226830543795],[139.55669917043042,42.222777774574695],[139.5565402719161,42.22284972123771],[139.5564402718012,42.22275083808074],[139.5565433332083,42.2226830543795]]],[[[139.4730952792238,42.22260083835806],[139.47329277574102,42.22279833307664],[139.4731416734495,42.22293583761888],[139.4727974966072,42.222700000304826],[139.4730952792238,42.22260083835806]]],[[[139.47488250282527,42.22269083801183],[139.47498194625985,42.2229391714057],[139.4747516730513,42.22332750496042],[139.47456666721803,42.223252774895684],[139.47461861205932,42.22284222538843],[139.47488250282527,42.22269083801183]]],[[[139.47253111471923,42.22285138678211],[139.4726372239288,42.22308138659679],[139.47223306140677,42.22338610838227],[139.47205944188977,42.22305417131298],[139.47253111471923,42.22285138678211]]],[[[139.48390700440484,42.22321159493919],[139.48408901369714,42.223363639720276],[139.48393705615024,42.22342508140241],[139.48390700440484,42.22321159493919]]],[[[139.47581805406003,42.223409170596824],[139.47592444925397,42.22357777459467],[139.47567416343202,42.223703613131306],[139.47560416290185,42.223531946042556],[139.47581805406003,42.223409170596824]]],[[[139.476173333033,42.223978332633976],[139.47627972822693,42.224158613429324],[139.47609389141996,42.22426999986067],[139.47601972792813,42.224098332771916],[139.476173333033,42.223978332633976]]],[[[139.48785464327727,42.225062765734094],[139.4878394033658,42.225187395581884],[139.48760662824338,42.22515907233338],[139.48761367083432,42.22505143157838],[139.48785464327727,42.225062765734094]]],[[[139.52378833986006,42.23169000029333],[139.5237583402752,42.23195277500059],[139.52353416267158,42.231799721180266],[139.52378833986006,42.23169000029333]]],[[[139.52410306120737,42.23196000015395],[139.52419111472818,42.2321683326025],[139.5239344491156,42.23224527859679],[139.52382500611918,42.232138054227846],[139.52410306120737,42.23196000015395]]],[[[139.5248108303556,42.23329638731849],[139.5242911148431,42.233223613279165],[139.52449944189584,42.233113054224134],[139.5247958368584,42.23317972096743],[139.5248108303556,42.23329638731849]]],[[[139.53028583732157,42.233719171202836],[139.53015472066386,42.23384333340317],[139.5299872237315,42.23375166730568],[139.53028583732157,42.233719171202836]]],[[[139.5612699873201,42.23510112611615],[139.56139444899463,42.235241909586534],[139.56140666718397,42.23552775730019],[139.56135666667694,42.235530108128046],[139.56134514905943,42.23524299956483],[139.5612699873201,42.23510112611615]]],[[[139.54151778241976,42.236761108238625],[139.5416200002628,42.236877774589686],[139.54150610921965,42.236915279016955],[139.5413847214278,42.23680389168629],[139.54151778241976,42.236761108238625]]],[[[139.5609891704139,42.23911750466914],[139.56100972801664,42.239237225117904],[139.56084749661477,42.239221666846504],[139.56082917023014,42.23910805369377],[139.5609891704139,42.23911750466914]]],[[[139.54675483776566,42.240610936845314],[139.54674918282853,42.24050240486213],[139.54841466880202,42.240291126234524],[139.54843774270773,42.24038222485984],[139.54675483776566,42.240610936845314]]],[[[139.56102416303474,42.24424833299423],[139.56105555117279,42.24437222539791],[139.56091055797594,42.24438166738008],[139.56088472135286,42.24423999987613],[139.56102416303474,42.24424833299423]]],[[[139.55620072568297,42.24966419784448],[139.55623182873592,42.24981530643129],[139.5560771075725,42.24979974815989],[139.55620072568297,42.24966419784448]]],[[[139.55631944158904,42.25029244084351],[139.55625496829225,42.250451892440935],[139.5560444226121,42.250474666872435],[139.55603053168375,42.250356054388476],[139.55631944158904,42.25029244084351]]],[[[139.55657727632035,42.250631720877266],[139.55652477299998,42.2507889457533],[139.55637341080433,42.25078255876815],[139.55636591405573,42.250653667033134],[139.55657727632035,42.250631720877266]]],[[[139.5607324121712,42.25091402706073],[139.56095907909832,42.25106517072112],[139.56081408590137,42.25119517132015],[139.5606110252786,42.25116402689838],[139.5607324121712,42.25091402706073]]],[[[139.56159936401946,42.251056837603016],[139.56192352824826,42.25113791868006],[139.56198574604537,42.25126291904854],[139.56168075176538,42.25121402740547],[139.56159936401946,42.251056837603016]]],[[[139.559395939571,42.252585891925435],[139.55948732777802,42.252634774575256],[139.55949593968592,42.25274005371057],[139.55932955881212,42.252708946160965],[139.559395939571,42.252585891925435]]],[[[139.55969949403652,42.24941866673811],[139.557566472115,42.2524803600806],[139.5543722178037,42.24457610800101],[139.5499133332338,42.23873608060569],[139.54113749689805,42.23600805372877],[139.5369534631319,42.233059387181015],[139.53003138763847,42.23249889191038],[139.52767250278384,42.233990279028205],[139.5226630613513,42.23015750516481],[139.51533360556152,42.229754170918284],[139.50280416268208,42.226759171298795],[139.49580557736556,42.22623352295875],[139.48094619970743,42.222386234037515],[139.47272385202416,42.22198387375681],[139.46887306114297,42.2172830535701],[139.46289972813997,42.2157983331266],[139.45303306092705,42.21689861318049],[139.44850360565692,42.21843083761314],[139.44677306092808,42.21649750475609],[139.44210333300248,42.21742944071616],[139.43572194611102,42.21598889227363],[139.43131917024357,42.20923222458754],[139.42536693893317,42.2047763869208],[139.42552610904272,42.19748389236781],[139.41936999962581,42.194201946063004],[139.41956360567588,42.193131667392606],[139.4184583397806,42.19238944072015],[139.41933277578698,42.19162666723696],[139.4161550060487,42.187518892383025],[139.41419583656864,42.18531222497927],[139.41253111501896,42.18386444059149],[139.40977861219324,42.18257499983645],[139.40993194570285,42.18027722481412],[139.4088402721609,42.17916694609772],[139.40795693916152,42.17882555895244],[139.40659944221056,42.17820333331724],[139.4112944230992,42.17002302714104],[139.40530749684353,42.164302505256444],[139.40641972798812,42.16035777479152],[139.41276666724798,42.15619417092432],[139.41106555103443,42.153283332559795],[139.4140833331793,42.15137972139706],[139.41597805364438,42.14710472120595],[139.4210779641768,42.14077018899309],[139.42311722368095,42.13621277469986],[139.4218050057965,42.134090279342956],[139.42292944164046,42.129190837587146],[139.41840778169387,42.120227224606765],[139.4177936058902,42.11463138742863],[139.41901250292472,42.11173033278868],[139.42293805444774,42.10815833264098],[139.42532583721766,42.100628333430905],[139.42318444890327,42.094842224888794],[139.4250600003188,42.0918686129462],[139.42539444919453,42.08721083790988],[139.4242147212325,42.079455559426606],[139.42102167291193,42.07612805436628],[139.42116778216746,42.07118583815594],[139.42642583668305,42.07139666712254],[139.4347486116592,42.06682166658669],[139.44408221831975,42.063507504767585],[139.44423944229652,42.06085833314563],[139.44950055810432,42.052392774606915],[139.45168722368646,42.053605558949414],[139.4504233461605,42.06089119797048],[139.45321002592198,42.06553825218862],[139.45762316467733,42.06841753244322],[139.46435972801908,42.070599170815115],[139.47172834029072,42.071702225277534],[139.47717639367568,42.070756667286446],[139.48532007765948,42.07416133327894],[139.48946972764588,42.07934465772985],[139.4961347211405,42.08307666705457],[139.49656693891313,42.08811889237302],[139.49964444863247,42.092914721437296],[139.50494833979405,42.09782138744714],[139.5059450062571,42.1077888920438],[139.5118669394078,42.11843277495268],[139.5150797800079,42.13049952293471],[139.51818944228899,42.13418027899672],[139.5195047205665,42.13804361272258],[139.5177358368395,42.14299417104422],[139.51964466856668,42.145805387009034],[139.51939749709686,42.14979277501658],[139.52262360629447,42.154016108256826],[139.51818833972015,42.15642805401154],[139.51655138833598,42.159355278923044],[139.51708610903677,42.176354170708464],[139.52138457793603,42.18258382938029],[139.5214969392324,42.18570417111067],[139.53035999991414,42.193598054007055],[139.53369277590093,42.19738194611995],[139.54563666659897,42.20362638694826],[139.54662277592047,42.206628892309595],[139.5510608303931,42.210461107694016],[139.5491997283848,42.21291583779572],[139.5513408945667,42.21880858614736],[139.55957985722466,42.22664333322331],[139.56093944240138,42.2290155586212],[139.5603588850546,42.23866194589215],[139.56159389074548,42.24211722483011],[139.55979138766247,42.24602277543079],[139.55969949403652,42.24941866673811]]],[[[139.55902191962593,42.252924467790024],[139.55900693871934,42.253104747685995],[139.55889525281373,42.25307364013645],[139.55902191962593,42.252924467790024]]],[[[139.55794344993035,42.25319510796788],[139.55802705630367,42.2533034412009],[139.5578145527994,42.25339705433066],[139.55775204901795,42.2532826129023],[139.55794344993035,42.25319510796788]]],[[[139.5550925810578,42.25360189201376],[139.55489510972166,42.25359772095811],[139.5549378859747,42.25342466711476],[139.55513038855668,42.253517441176996],[139.5550925810578,42.25360189201376]]],[[[139.55846158173665,42.253687413943055],[139.55846158173665,42.25380325201854],[139.55833269809557,42.25380325201854],[139.55833491582382,42.25369991901613],[139.55846158173665,42.253687413943055]]],[[[139.55895625202947,42.25430894620098],[139.5590370821957,42.25447561305913],[139.55873430564372,42.2545286667646],[139.55895625202947,42.25430894620098]]],[[[139.55805438400273,42.254632134665314],[139.55780744455797,42.254523802331676],[139.55791272369333,42.25441213531184],[139.5581963293971,42.25451630558308],[139.55805438400273,42.254632134665314]]],[[[139.91817013034733,42.13442834169467],[139.9181161350516,42.13436768512065],[139.9186816989013,42.13419500899255],[139.9187181322361,42.134261108263615],[139.91817013034733,42.13442834169467]]],[[[139.91791512308453,42.135935377915416],[139.91744773012874,42.13620647674753],[139.91747092094636,42.13704658563148],[139.91739470789946,42.1370478114074],[139.91737010424697,42.13615465781129],[139.91791512308453,42.135935377915416]]],[[[139.91733555139467,42.13682138729723],[139.91739924767717,42.13790785556313],[139.91647472123145,42.13757166739856],[139.91631333339365,42.136496107909124],[139.91733555139467,42.13682138729723]]],[[[139.9168811149715,42.141474720581925],[139.91684444871237,42.14166750465165],[139.9166311151339,42.14154250518254],[139.9168811149715,42.141474720581925]]],[[[139.91724555084159,42.14163110818913],[139.91728194640473,42.14170917114137],[139.91716749688248,42.14184972078806],[139.917068611927,42.141719441399175],[139.91724555084159,42.14163110818913]]],[[[139.91756834000694,42.142245559185255],[139.917636109319,42.14244861261341],[139.9174016731488,42.14240694612374],[139.91756834000694,42.142245559185255]]],[[[139.91721917012865,42.14324527884662],[139.91731834016934,42.14338055936537],[139.9171202716833,42.14340666668437],[139.91707333336774,42.14327638729549],[139.91721917012865,42.14324527884662]]],[[[139.91682834005587,42.14337027921505],[139.9168908303476,42.143484720643414],[139.9166569391665,42.143474441392414],[139.91666194569234,42.14330777543353],[139.91682834005587,42.14337027921505]]],[[[139.9172138911083,42.14356805362286],[139.91728167301085,42.143687774970886],[139.9171358371492,42.143708613162005],[139.9170263941528,42.14362000026284],[139.9172138911083,42.14356805362286]]],[[[139.91644944218808,42.14366638729399],[139.9163080543733,42.143818333149625],[139.91622472139386,42.143630837992816],[139.91644944218808,42.14366638729399]]],[[[139.9168597281939,42.14396917104045],[139.91645333265524,42.144260838267144],[139.91611527929672,42.14384417067197],[139.9168597281939,42.14396917104045]]],[[[139.9149119459296,42.144276667234465],[139.91490693940375,42.144406666934174],[139.91470360628648,42.14438583773625],[139.91472972799465,42.144260838267144],[139.9149119459296,42.144276667234465]]],[[[139.91538082996135,42.144286945586146],[139.91533916976698,42.14450583787419],[139.91508389090893,42.14437027856553],[139.91538082996135,42.144286945586146]]],[[[139.91485472116847,42.14578638703216],[139.91508888484418,42.1458280544212],[139.91491722405067,42.145973892081486],[139.91485472116847,42.14578638703216]]],[[[139.91378693901606,42.14736999962582],[139.9133805578665,42.147801945803224],[139.9127716727745,42.14719277472682],[139.91375555087802,42.1467294413107],[139.91378693901606,42.14736999962582]]],[[[139.91276610866908,42.14779166655222],[139.91271389133306,42.14797917070223],[139.91253167339812,42.147843613192265],[139.91276610866908,42.14779166655222]]],[[[139.91007861243804,42.151374440578024],[139.91010999967682,42.15152027913763],[139.90984944179831,42.15152027913763],[139.90993805379821,42.15135889219914],[139.91007861243804,42.151374440578024]]],[[[139.91159944156107,42.151692225016234],[139.9117036064364,42.15177027897522],[139.91145360569942,42.15193666704363],[139.91142221756138,42.151702505166554],[139.91159944156107,42.151692225016234]]],[[[139.91010444906112,42.15504583829488],[139.91008888539386,42.15517610779119],[139.90979194634133,42.155118892023324],[139.90988555137722,42.154915837695796],[139.91010444906112,42.15504583829488]]],[[[139.90694333296847,42.15718638664248],[139.90698500575343,42.15731638724151],[139.9067399998512,42.15745722467125],[139.9066983396567,42.15724361320224],[139.90694333296847,42.15718638664248]]],[[[139.90569834030623,42.157842505027645],[139.905583890784,42.15758722527028],[139.90592749655673,42.15760805356888],[139.90569834030623,42.157842505027645]]],[[[139.90741693934035,42.15754055944933],[139.90720861228772,42.157972775423275],[139.90713055832862,42.157785279367204],[139.90720861228772,42.15756638707916],[139.90741693934035,42.15754055944933]]],[[[139.9061774972937,42.15792583800709],[139.9066408298105,42.15834777473009],[139.90626583679898,42.158467225382196],[139.90594834014382,42.158222504565],[139.9061774972937,42.15792583800709]]],[[[139.90555250264595,42.158863053886876],[139.90552111540717,42.15904527901648],[139.90533888488164,42.1588994413562],[139.90555250264595,42.158863053886876]]],[[[139.90747944222255,42.15939944103144],[139.90739083022265,42.15968083800033],[139.90706277642607,42.15954527869172],[139.90747944222255,42.15939944103144]]],[[[139.9060783398436,42.160253612614156],[139.90610972798163,42.16042027857304],[139.90581277633862,42.160498333431406],[139.90584389108278,42.16027444091276],[139.9060783398436,42.160253612614156]]],[[[139.90653138771347,42.16030583804405],[139.9064533328551,42.1604775051328],[139.9062397276814,42.16042027857304],[139.9063647208552,42.16024333336321],[139.90653138771347,42.16030583804405]]],[[[139.90541167331014,42.1603316665732],[139.9052086117881,42.160534999690526],[139.90481805420995,42.160441107770964],[139.90500555116535,42.16020166687349],[139.90541167331014,42.1603316665732]]],[[[139.90634389075797,42.16068583758141],[139.90660444863647,42.160909721106805],[139.9065522178107,42.160982505038646],[139.90626055777864,42.16083138655932],[139.90634389075797,42.16068583758141]]],[[[139.90563027241922,42.16157610795108],[139.9055574965813,42.16172194561136],[139.90541167331014,42.16173250455148],[139.90540639428968,42.16157110772048],[139.90563027241922,42.16157610795108]]],[[[139.90566167314773,42.16212305403576],[139.90566693867834,42.16222722520632],[139.90548444914805,42.162274170716444],[139.90558861222473,42.16208138664672],[139.90566167314773,42.16212305403576]]],[[[139.90533861238714,42.16268555929116],[139.9052552794077,42.16282610803853],[139.90507833959373,42.16261277535932],[139.90533861238714,42.16268555929116]]],[[[139.90484389083292,42.162701387359164],[139.90490639371512,42.162956387427414],[139.904698054072,42.16289389173977],[139.90484389083292,42.162701387359164]]],[[[139.90476583687393,42.163430278884334],[139.90474500587743,42.16321666741533],[139.90506277592647,42.16327417096625],[139.9049844485735,42.163430278884334],[139.90476583687393,42.163430278884334]]],[[[139.9039533326802,42.16432083793637],[139.90376055760373,42.164185559216264],[139.9040627756766,42.16402389168928],[139.90427610925508,42.16417500027609],[139.9039533326802,42.16432083793637]]],[[[139.90013555141468,42.165872774608886],[139.90014083043502,42.16601861316849],[139.8999897281435,42.16610194614793],[139.89992722436193,42.16597166675905],[139.90013555141468,42.165872774608886]]],[[[139.90000000019995,42.16655983776633],[139.90007306112295,42.16673194642226],[139.8999480535599,42.166752774720806],[139.89990111524435,42.166617504993894],[139.90000000019995,42.16655983776633]]],[[[139.90081277598892,42.1680858379911],[139.90076583677399,42.16829944136617],[139.90057306079814,42.16815861292969],[139.90081277598892,42.1680858379911]]],[[[139.9012655513642,42.16844527902646],[139.90135416336398,42.16860138694449],[139.90110416262712,42.16863777531313],[139.90099500561507,42.16845555917678],[139.9012655513642,42.16844527902646]]],[[[139.9006561086925,42.16901805364034],[139.90063055805388,42.168841108430456],[139.90086972825543,42.16886694595286],[139.90085416278941,42.16898694609074],[139.9006561086925,42.16901805364034]]],[[[139.90076749692253,42.17039722515187],[139.9006674968076,42.17065027908717],[139.9005052788956,42.17059110819315],[139.90058472140788,42.170395279018976],[139.90076749692253,42.17039722515187]]],[[[139.89989194575674,42.17085250513907],[139.89981027202646,42.171371386979956],[139.89930527931529,42.17093583811851],[139.89989194575674,42.17085250513907]]],[[[139.89881555079705,42.17123583756393],[139.89897555098094,42.17137861303263],[139.89884472120696,42.17140472125095],[139.89871778190013,42.17133805360834],[139.89881555079705,42.17123583756393]]],[[[139.89952221827582,42.171577505297705],[139.89918610925156,42.17158055939535],[139.8990538909244,42.1714441709118],[139.8993933328361,42.17133583767884],[139.89952221827582,42.171577505297705]]],[[[139.8858302721494,42.18777527920582],[139.88608167313078,42.188145279181356],[139.88582916958057,42.18820055870884],[139.88564666656043,42.18792444076041],[139.8858302721494,42.18777527920582]]],[[[139.88010111497454,42.20320889197683],[139.88018167264613,42.203262225371475],[139.88007416319215,42.20338722484058],[139.87996027214888,42.20327666668487],[139.88010111497454,42.20320889197683]]],[[[139.87912472102914,42.20489527909393],[139.87868749673066,42.20489527909393],[139.87866805428735,42.204510837804946],[139.87899805421694,42.204568333262046],[139.87912472102914,42.20489527909393]]],[[[139.87953167324815,42.20556305359213],[139.87922221833082,42.205554721373346],[139.87936527888462,42.20528694643548],[139.87967027226534,42.20539222467147],[139.87953167324815,42.20556305359213]]],[[[139.85263749692297,42.21643833296275],[139.8523988852005,42.21634889178796],[139.85257306139772,42.21570499968601],[139.85282250275634,42.215684171387466],[139.8528844489582,42.21637583817443],[139.85263749692297,42.21643833296275]]],[[[139.85732944170047,42.21683194643725],[139.85718972842324,42.216692504755315],[139.85724027212098,42.21642527930322],[139.85749277567118,42.216488613159015],[139.8575122181145,42.21673610838474],[139.85732944170047,42.21683194643725]]],[[[139.84964944186834,42.21679055873733],[139.84957861216333,42.216959170829114],[139.84935834031523,42.216905000165696],[139.84938082966164,42.21680194595308],[139.84964944186834,42.21679055873733]]],[[[139.84924555094153,42.21708500037255],[139.84927555142565,42.21717666736936],[139.84905527867818,42.21724138708038],[139.8491188850286,42.21710500039552],[139.84924555094153,42.21708500037255]]],[[[139.84851944191882,42.21842361335911],[139.84830444909107,42.2182952792038],[139.84837111493505,42.21808694585593],[139.84864082971058,42.21814861326794],[139.84851944191882,42.21842361335911]]],[[[139.84444916969346,42.218859720699584],[139.84438722439097,42.219145278831604],[139.84405944218952,42.218910838164675],[139.84444916969346,42.218859720699584]]],[[[139.82588853412858,42.219141170728506],[139.82560136171355,42.21915649517615],[139.82684706933685,42.21846107192101],[139.82674832737348,42.21866544105734],[139.82588853412858,42.219141170728506]]],[[[139.8435299996098,42.2187047207463],[139.8429830607197,42.21868250479383],[139.84325167292639,42.21837972104731],[139.8435299996098,42.2187047207463]]],[[[139.83892944214006,42.219688613238986],[139.83892167289696,42.21998027866698],[139.8386477816698,42.21986166708234],[139.83892944214006,42.219688613238986]]],[[[139.83333333336668,42.21994568534518],[139.83214199695567,42.219450071663516],[139.83061705613227,42.219549495313004],[139.82939924817686,42.21923764909826],[139.827955292203,42.21943726981419],[139.82793224437762,42.21922380223674],[139.82945390357486,42.21912449459978],[139.83060259413446,42.21942978385749],[139.8321192998659,42.219327270137455],[139.83333333336668,42.21994568534518]]],[[[139.84066944234098,42.22012944112089],[139.84012055821722,42.2199991707252],[139.8402805584011,42.219741945734256],[139.84066944234098,42.22012944112089]]],[[[139.81845971494397,42.2211996847177],[139.81768326816837,42.22176830626239],[139.81759587474994,42.22170504525167],[139.8183748899893,42.22113336871007],[139.81845971494397,42.2211996847177]]],[[[139.8237430610934,42.22290889213173],[139.8238194423135,42.22314944099395],[139.82348527942213,42.22334000014092],[139.82352277575558,42.22296083787245],[139.8237430610934,42.22290889213173]]],[[[139.8244227758904,42.22342638721807],[139.8240622178971,42.223267225202335],[139.82398250289032,42.22284499979696],[139.82471583706626,42.223267225202335],[139.8244227758904,42.22342638721807]]],[[[139.81372610907272,42.22337555933467],[139.8138591700647,42.223486107597864],[139.81364111504547,42.22372750542007],[139.81358333270475,42.22343083796284],[139.81372610907272,42.22337555933467]]],[[[139.81360666741386,42.22393277477778],[139.81375472100365,42.22412444099024],[139.8134916729025,42.224138054028],[139.81360666741386,42.22393277477778]]],[[[139.79474055823027,42.231687775370574],[139.79479861216623,42.23187972127215],[139.79465666677186,42.23192583760738],[139.79458444941292,42.23172833299623],[139.79474055823027,42.231687775370574]]],[[[139.79463472061593,42.23201944084457],[139.79491972836286,42.2323533600196],[139.79461693922042,42.232514441188584],[139.79463472061593,42.23201944084457]]],[[[139.79375693913153,42.23557833337344],[139.79380333335723,42.23568194606503],[139.7936033331274,42.23566277521695],[139.7936136060831,42.23555805366129],[139.79375693913153,42.23557833337344]]],[[[139.78988082963667,42.23907583817942],[139.79017639362576,42.23918305355511],[139.79011833968968,42.239320837786465],[139.78986221816695,42.2392305593429],[139.78988082963667,42.23907583817942]]],[[[139.78974916978837,42.23933444093177],[139.78950834033765,42.23956444074639],[139.78921167288047,42.23944389202205],[139.7893199998182,42.23919777455768],[139.78974916978837,42.23933444093177]]],[[[139.78900333323725,42.23956110785889],[139.78904888479826,42.239687504874496],[139.78888693938086,42.2396911075586],[139.78890333312233,42.23956583829283],[139.78900333323725,42.23956110785889]]],[[[139.7894488852579,42.23977889218219],[139.78957693882478,42.239863612815554],[139.78950693919398,42.239976386900764],[139.789337223634,42.2398769461642],[139.7894488852579,42.23977889218219]]],[[[139.78806916965652,42.243102225287544],[139.78814944224303,42.24319250463043],[139.78798861198493,42.243228613309896],[139.7879247214488,42.24313833306769],[139.78806916965652,42.243102225287544]]],[[[139.78641805395011,42.24525166703086],[139.78662722366755,42.245618612908686],[139.7863211151274,42.24555861283977],[139.78641805395011,42.24525166703086]]],[[[139.78577888508755,42.24652417085383],[139.7857986117166,42.24667444127249],[139.78555333331974,42.24659999989012],[139.78577888508755,42.24652417085383]]],[[[139.7770638905862,42.26412027902768],[139.77625306093012,42.26407527875119],[139.77639555131373,42.26369222511613],[139.7770638905862,42.26412027902768]]],[[[139.7766166667259,42.264216108087],[139.7766091699773,42.26434833270946],[139.77629861159176,42.26437361265215],[139.7764683397421,42.264181666750574],[139.7766166667259,42.264216108087]]],[[[139.7835141628484,42.27693055859845],[139.7837225033909,42.27703972100636],[139.78347749658928,42.277065838217936],[139.7835141628484,42.27693055859845]]],[[[139.78163448804128,42.279096117092195],[139.78096661461768,42.28005514422955],[139.78084971534213,42.280008296745564],[139.78163448804128,42.279096117092195]]],[[[139.77533221810745,42.29112666736188],[139.77535306079517,42.29145972138906],[139.77494138803468,42.29138166743007],[139.77533221810745,42.29112666736188]]],[[[139.76632167310675,42.305837504897],[139.76623306110696,42.306196945932356],[139.76568610872698,42.306202224952756],[139.7659152793667,42.30579583840728],[139.76632167310675,42.305837504897]]],[[[139.77280472116104,42.32264777467509],[139.77266389092586,42.322741386905534],[139.77241917010872,42.322606108185425],[139.77251306112896,42.322507504717635],[139.77280472116104,42.32264777467509]]],[[[139.77077333342265,42.323075000311064],[139.77102333326025,42.32325999984914],[139.77080194625285,42.323309440977994],[139.77077333342265,42.323075000311064]]],[[[139.77166138786288,42.32317638718058],[139.7717447208422,42.323241386580776],[139.77159888498068,42.32333277478779],[139.77149722381785,42.32319472075983],[139.77166138786288,42.32317638718058]]],[[[139.77187221772874,42.32333277478779],[139.77200778243332,42.32337944060873],[139.77199972810502,42.32347333342767],[139.7717550063885,42.3234288916301],[139.77187221772874,42.32333277478779]]],[[[139.77289555088907,42.32374166684451],[139.77292944184035,42.32383277536235],[139.77271583666663,42.3238300000545],[139.77270555112034,42.32373638692479],[139.77289555088907,42.32374166684451]]],[[[139.77257500643145,42.32494166732414],[139.7722547209787,42.3248949997045],[139.77225221816536,42.32471000016642],[139.77261138760548,42.324801107784936],[139.77257500643145,42.32494166732414]]],[[[139.7722730608532,42.32769944107639],[139.77194500615713,42.32768361300839],[139.7720750058569,42.32735555921175],[139.77246055780859,42.32748055868092],[139.7722730608532,42.32769944107639]]],[[[139.77098138798078,42.32913666742331],[139.7710022180779,42.32883972117622],[139.77145500604377,42.32895972131416],[139.77098138798078,42.32913666742331]]],[[[139.77129360561548,42.32956889239051],[139.77110639374519,42.329199171204834],[139.77167055824975,42.32919527893904],[139.77129360561548,42.32956889239051]]],[[[139.771762218052,42.32958472135783],[139.77175194599556,42.329720000078],[139.7715747210966,42.329699170880076],[139.771762218052,42.32958472135783]]],[[[139.77256444928992,42.330537505401594],[139.77269389140997,42.33062750505536],[139.7726211146728,42.33069638682883],[139.77247583729013,42.3305844410192],[139.77256444928992,42.330537505401594]]],[[[139.7802361088094,42.35298555943609],[139.7800666666434,42.35308444079436],[139.78001472090273,42.352951666686124],[139.7802361088094,42.35298555943609]]],[[[139.78068389114867,42.353149441093876],[139.78059805355736,42.352967224957524],[139.78078027239167,42.35294389204705],[139.7808297279097,42.3531208381562],[139.78068389114867,42.353149441093876]]],[[[139.783157782206,42.35345138667219],[139.78294666725492,42.35328777481101],[139.78310805419346,42.353063892184935],[139.78331639383657,42.35335805413092],[139.783157782206,42.35345138667219]]],[[[139.78235555096796,42.353688613438806],[139.7822097276968,42.35379000030832],[139.78209000005347,42.3536233325508],[139.78218639388706,42.35357138681013],[139.78235555096796,42.353688613438806]]],[[[139.78138693885626,42.35368333261977],[139.7815013883784,42.35379277471685],[139.78135027169776,42.35382917117937],[139.78138693885626,42.35368333261977]]],[[[139.78964138783988,42.35532138657277],[139.78932639399795,42.355276945674575],[139.78924555124127,42.35515472061394],[139.78939138800217,42.3549750000962],[139.78964138783988,42.35532138657277]]],[[[139.78991194617947,42.355216945605605],[139.79003444913053,42.35532638680337],[139.7899041634464,42.35538110785188],[139.78991194617947,42.355216945605605]]],[[[139.79145083009178,42.355805837869184],[139.79133111503904,42.355936108264814],[139.7912477820596,42.35585777461665],[139.79133111503904,42.35574861310806],[139.79145083009178,42.355805837869184]]],[[[139.78964138783988,42.35599083830658],[139.78963861163265,42.35614944094402],[139.7894825028153,42.356074171286025],[139.78964138783988,42.35599083830658]]],[[[139.7890888848442,42.35628222494478],[139.78883639388448,42.3562977751223],[139.78884194629882,42.356183332794615],[139.7890161090063,42.35616750472661],[139.7890888848442,42.35628222494478]]],[[[139.79096416286586,42.3568708384185],[139.79087833966366,42.356626107708735],[139.79119082979298,42.356686107777705],[139.79096416286586,42.3568708384185]]],[[[139.7909611150635,42.35749055944183],[139.7909147208378,42.357313332744184],[139.79110972803164,42.35738110835155],[139.7909611150635,42.35749055944183]]],[[[139.78991472058794,42.35732138707243],[139.78996416261612,42.35737083809374],[139.78983639413434,42.35748527862279],[139.78976360570596,42.357365559073344],[139.78991472058794,42.35732138707243]]],[[[139.79166944179133,42.35811833299471],[139.79152360592968,42.35764944086907],[139.79217722419958,42.35765222517011],[139.79218778224038,42.35793333255731],[139.79166944179133,42.35811833299471]]],[[[139.7945547214233,42.35806361284551],[139.79439055827766,42.358188613214],[139.79433861163773,42.358045279266264],[139.7945547214233,42.35806361284551]]],[[[139.79486444883526,42.35829027887331],[139.79466917004618,42.35829805441176],[139.7946302716698,42.3581938922344],[139.79475527923285,42.35811833299471],[139.79486444883526,42.35829027887331]]],[[[139.7966427763431,42.35821472143232],[139.79659082970306,42.35830055902363],[139.79639277560614,42.35831889170356],[139.79641138797524,42.35821194612447],[139.7966427763431,42.35821472143232]]],[[[139.79977027218035,42.35997222513811],[139.79983027224932,42.3600686126764],[139.7997052790754,42.36017277485371],[139.79957749710388,42.36006333275668],[139.79977027218035,42.35997222513811]]],[[[139.79953833972263,42.36022750489548],[139.79946555129425,42.36031861341331],[139.79934306093355,42.36032638715312],[139.79938472112804,42.360165000214636],[139.79953833972263,42.36022750489548]]],[[[139.80038749668574,42.36027694602427],[139.8003688852159,42.360396667372356],[139.80021027178668,42.36034722534424],[139.80026250261244,42.36022750489548],[139.80038749668574,42.36027694602427]]],[[[139.80041583702132,42.3604852793722],[139.80027778209399,42.360581666910434],[139.80022861166117,42.36044889190288],[139.80041583702132,42.3604852793722]]],[[[139.80071805419493,42.36054777505984],[139.800598054057,42.36064944071916],[139.80051221826432,42.36061555876108],[139.80058500579344,42.36049055929192],[139.80071805419493,42.36054777505984]]],[[[139.80153555142465,42.36163083759311],[139.80155389129914,42.36171666709055],[139.80132722437202,42.36178444089927],[139.8013350062056,42.361573612832046],[139.80153555142465,42.36163083759311]]],[[[139.7994627759864,42.36189389198955],[139.79936111482368,42.36204999990764],[139.7992388852664,42.3619225048198],[139.7994627759864,42.36189389198955]]],[[[139.80179833962177,42.362391387052924],[139.80195722374697,42.36252166734113],[139.80187639358076,42.36261277495964],[139.80166306090166,42.3625450002516],[139.80179833962177,42.362391387052924]]],[[[139.80147527886106,42.36282361291944],[139.80155610902727,42.362922505069605],[139.80144666693025,42.36301889170852],[139.80129306092613,42.362912224919285],[139.80147527886106,42.36282361291944]]],[[[139.80168639381213,42.3644638917952],[139.8017566668368,42.364615000382],[139.8016316727635,42.364638333292476],[139.80153527893003,42.364510838204694],[139.80168639381213,42.3644638917952]]],[[[139.80174111486065,42.364932774927695],[139.8017725029987,42.36502389243873],[139.80159277618577,42.36503694609826],[139.80158999997855,42.36491194572977],[139.80174111486065,42.364932774927695]]],[[[139.80211333256432,42.36499250520001],[139.80216277639113,42.36514889190789],[139.80204306133828,42.36515917115889],[139.801988611885,42.36506027900873],[139.80211333256432,42.36499250520001]]],[[[139.80206389143552,42.36559694584241],[139.8019074966337,42.3657583327809],[139.8017930606013,42.365659440630736],[139.80184082989047,42.365492225186074],[139.80206389143552,42.36559694584241]]],[[[139.80223027230932,42.366167224837625],[139.80229472132442,42.36629610757933],[139.8020791700177,42.366341667234224],[139.80205833992056,42.36622694611674],[139.80223027230932,42.366167224837625]]],[[[139.80233444887574,42.366784441249024],[139.80236583701378,42.36690417069099],[139.8021427763681,42.36686555919823],[139.80224221800404,42.366751107877406],[139.80233444887574,42.366784441249024]]],[[[139.8091563938525,42.37059666740231],[139.8091094420472,42.370726945891874],[139.80898972789373,42.37068000038175],[139.80898444887328,42.37058110823159],[139.8091563938525,42.37059666740231]]],[[[139.80993749731772,42.37132055869688],[139.81003138833796,42.371445559065364],[139.80987500612673,42.37146110834351],[139.80980221769823,42.37138305438452],[139.80993749731772,42.37132055869688]]],[[[139.8106611152184,42.37172666735188],[139.81075500623865,42.37183083762312],[139.81053610855463,42.371856945841444],[139.810515550952,42.37172138743216],[139.8106611152184,42.37172666735188]]],[[[139.8109477822145,42.37210166665864],[139.81091639407634,42.37228389178824],[139.81076527919436,42.37217444069796],[139.8109477822145,42.37210166665864]]],[[[139.81123916975196,42.37285694609125],[139.8110830609346,42.372789171383204],[139.81115083024667,42.37267444127252],[139.81128082994644,42.37273194572276],[139.81123916975196,42.37285694609125]]],[[[139.81132805424636,42.37310166690844],[139.81128639405188,42.373174440947764],[139.8111352791699,42.37312777512676],[139.81116138828747,42.373044441248],[139.81132805424636,42.37310166690844]]],[[[139.811760272019,42.37393472061092],[139.81179639418826,42.37428889161913],[139.81161944178393,42.37425250504913],[139.81146861198692,42.37400250521148],[139.811760272019,42.37393472061092]]],[[[139.81446555144407,42.37621083815969],[139.81432749741612,42.376114440728884],[139.81442111504248,42.37603610798004],[139.81458000006705,42.37611694624013],[139.81446555144407,42.37621083815969]]],[[[139.81470000020488,42.37637472071685],[139.81475722406674,42.37646583822789],[139.81466083023315,42.37652055927646],[139.81455138813612,42.37645555897694],[139.81470000020488,42.37637472071685]]],[[[139.81488472095316,42.37669777518221],[139.81473360607117,42.37681750462417],[139.81470778203857,42.376648333154094],[139.81488472095316,42.37669777518221]]],[[[139.8167905579379,42.37937999958734],[139.81686083006332,42.379489170988506],[139.81675916979987,42.37956750463667],[139.816626393893,42.379491946296355],[139.8167905579379,42.37937999958734]]],[[[139.81462389058015,42.381178891892375],[139.81463944165694,42.381402775417826],[139.81443639362476,42.38131444130846],[139.81462389058015,42.381178891892375]]],[[[139.81517306068827,42.38182750543507],[139.81528500559864,42.38203583788368],[139.81515221800055,42.38212694640151],[139.81503778196816,42.38197083758416],[139.81517306068827,42.38182750543507]]],[[[139.8145663942238,42.382225837652356],[139.81415000002255,42.382163332971516],[139.81470194633778,42.381881945895145],[139.814915279017,42.38215277493066],[139.8145663942238,42.382225837652356]]],[[[139.8144152793417,42.38246027921855],[139.8143788846778,42.38266333264676],[139.81417610914013,42.382595558838034],[139.81417610914013,42.38247055936887],[139.8144152793417,42.38246027921855]]],[[[139.8159647212949,42.38252277490619],[139.81600639407986,42.382955278663246],[139.8157199995784,42.38288750485452],[139.8159647212949,42.38252277490619]]],[[[139.81666666733292,42.38400117131704],[139.81666527877962,42.384137504941975],[139.81653500568598,42.38410861332193],[139.8165558366826,42.383986387361915],[139.81666666733292,42.38400117131704]]],[[[139.8172744489567,42.38417389241124],[139.8172094423619,42.384293612860006],[139.81702972813946,42.384218053620316],[139.81702722442697,42.38411389234233],[139.8172744489567,42.38417389241124]]],[[[139.81797749666418,42.38418166705037],[139.81796472089525,42.38429610757936],[139.8178005577496,42.38430138659976],[139.81779527872925,42.38415027891227],[139.81797749666418,42.38418166705037]]],[[[139.81844138765996,42.38488222543441],[139.81831360568845,42.384757225065925],[139.81848555066767,42.38465305389536],[139.81856639432374,42.38484833268444],[139.81844138765996,42.38488222543441]]],[[[139.81690999959687,42.38504361327216],[139.8167327755972,42.38502527879365],[139.81673555090504,42.384881945745235],[139.81696194623692,42.3849108382646],[139.81690999959687,42.38504361327216]]],[[[139.8183391698169,42.3858275046357],[139.81821944217359,42.38574417075694],[139.8183027760523,42.385653054145166],[139.81848500567855,42.38575999972426],[139.8183391698169,42.3858275046357]]],[[[139.81878194563035,42.385897774962416],[139.8185813878208,42.386030837753026],[139.81854221784909,42.38586666741281],[139.81878194563035,42.385897774962416]]],[[[139.81839389086542,42.38621527881213],[139.8183652789345,42.38606944115185],[139.81857610880047,42.386087774731095],[139.81853972762644,42.38619722492206],[139.81839389086542,42.38621527881213]]],[[[139.81834693906,42.38721277534938],[139.81834693906,42.387413054369006],[139.81809972802012,42.38736361324021],[139.81808666716597,42.387236108259856],[139.81834693906,42.38721277534938]]],[[[139.82189111508296,42.38873861279677],[139.82194583703085,42.38887138690501],[139.82172693934683,42.38893138697398],[139.82171917010373,42.38879083822667],[139.82189111508296,42.38873861279677]]],[[[139.8174147207128,42.388991108253094],[139.81701389107832,42.38867361339658],[139.81758138757107,42.388584999598095],[139.8174147207128,42.388991108253094]]],[[[139.82025306112996,42.389751666706104],[139.820211388345,42.389551107997306],[139.82048749730018,42.38962666723694],[139.82025306112996,42.389751666706104]]],[[[139.8341052790355,42.40413138735369],[139.83402722417713,42.40419389203453],[139.83387610929503,42.404120838306085],[139.83403250319748,42.40404805437424],[139.8341052790355,42.40413138735369]]],[[[139.83448027204702,42.40419917105493],[139.83443360622596,42.40426666697317],[139.83427194589365,42.40421472123245],[139.8343397277963,42.404136667273406],[139.83448027204702,42.40419917105493]]],[[[139.83601917034855,42.40667805424886],[139.83605027160286,42.40682389190914],[139.83590444923107,42.40680055899867],[139.83601917034855,42.40667805424886]]],[[[139.8457897279137,42.43424638666147],[139.84587500612668,42.43437861308257],[139.8458022176983,42.43445889196437],[139.84562693893213,42.434381107801926],[139.8457897279137,42.43424638666147]]],[[[139.84541250278482,42.43470666687921],[139.84537749667425,42.43489638695877],[139.84522194633587,42.43484999992762],[139.84526221797705,42.434710278556565],[139.84541250278482,42.43470666687921]]],[[[139.84588111522135,42.435303612571715],[139.8459488854328,42.435411667014876],[139.8458761086955,42.43550417128051],[139.8457358369394,42.43541527869223],[139.84588111522135,42.435303612571715]]],[[[139.84110610905975,42.43962444131495],[139.84044472064738,42.43961000000155],[139.84062111457285,42.439233053662576],[139.8411011151244,42.43928777471109],[139.84110610905975,42.43962444131495]]],[[[139.84134693940985,42.439676666744845],[139.84145333280514,42.43999610773426],[139.84130306058785,42.439993891804704],[139.84119527863925,42.43975805359133],[139.84134693940985,42.439676666744845]]],[[[139.84064749708443,42.439923332795615],[139.84054999978275,42.44010555882454],[139.84037805390415,42.43993777500839],[139.84064749708443,42.439923332795615]]],[[[139.8397036064364,42.440868612896224],[139.840369170401,42.44106666699315],[139.8398477821495,42.44130722484863],[139.8397036064364,42.440868612896224]]],[[[139.84250333266277,42.44358583801608],[139.84258972783368,42.44373666691371],[139.84232389093484,42.44370499998581],[139.84250333266277,42.44358583801608]]],[[[139.83903836622767,42.44575451356002],[139.83867670566553,42.44577383819211],[139.8380881974124,42.4405082428612],[139.83845481233982,42.44048768525852],[139.83846935077997,42.441849927931855],[139.83885596573032,42.445354207330865],[139.83903836622767,42.44575451356002]]],[[[139.84166666728288,42.44642325213141],[139.84139306114093,42.4460636132452],[139.84182027238774,42.44591055942482],[139.84191389091336,42.446388333255015],[139.84166666728288,42.44642325213141]]],[[[139.84166082978356,42.4464938920795],[139.84180749661869,42.446580000366794],[139.84164472112707,42.446690559421825],[139.84153805433778,42.44654972109282],[139.84166082978356,42.4464938920795]]],[[[139.8400830609845,42.44861666712552],[139.83970861206285,42.448818332899805],[139.83949805379223,42.44853999992114],[139.8400830609845,42.44861666712552]]],[[[139.83850562943132,42.44878966700958],[139.84042926130144,42.44708270340408],[139.8405062783421,42.44712871182065],[139.83902284033184,42.44844490111137],[139.83850562943132,42.44878966700958]]],[[[139.835533721704,42.451045072272336],[139.83997476012712,42.45350965804431],[139.83986815808908,42.453616865326126],[139.835533721704,42.451045072272336]]],[[[139.84221055837065,42.45572944116083],[139.8423583403652,42.455871667143754],[139.84195360587432,42.4559005587638],[139.8419097279517,42.455736386625006],[139.84221055837065,42.45572944116083]]],[[[139.84221666656595,42.45612277494615],[139.8421413879148,42.455973332803126],[139.84234583709076,42.45597472135637],[139.84242360596465,42.45610110758008],[139.84221666656595,42.45612277494615]]],[[[139.84336610895878,42.45595917117885],[139.84351500611274,42.45609999961533],[139.84337360570737,42.45615610831777],[139.84329083030764,42.45606610776474],[139.84336610895878,42.45595917117885]]],[[[139.84265916988488,42.45604166688946],[139.84283834001747,42.456130278889304],[139.8428733326383,42.45630638683036],[139.84261027194657,42.45618722486057],[139.84265916988488,42.45604166688946]]],[[[139.84825944162003,42.45768110759707],[139.8482769388297,42.45783194638727],[139.848088885194,42.45780027856006],[139.84811916986382,42.457695837592894],[139.84825944162003,42.45768110759707]]],[[[139.84826834041166,42.45791444119857],[139.84825444858404,42.45813083786794],[139.8480802723867,42.45808444094422],[139.84807778216395,42.45795694585644],[139.84826834041166,42.45791444119857]]],[[[139.84783763889595,42.45814483761421],[139.84721778207506,42.458481945785195],[139.84701000001155,42.45795444124451],[139.84739972841476,42.45771250472836],[139.84783763889595,42.45814483761421]]],[[[139.84911639390657,42.45850027936444],[139.84929333282116,42.45860472123093],[139.84915167341103,42.45867750516277],[139.84900749679855,42.45861194638428],[139.84911639390657,42.45850027936444]]],[[[139.84901610870656,42.4586763873055],[139.8490802717372,42.45879417061451],[139.8489672242581,42.45892305425559],[139.8488294418254,42.45887333343762],[139.84901610870656,42.4586763873055]]],[[[139.84884194599908,42.45932277502612],[139.8483280535969,42.45929583763285],[139.8484736061721,42.45882110800778],[139.8489322181474,42.459032505345874],[139.84884194599908,42.45932277502612]]],[[[139.84835472119346,42.45939444110064],[139.84842500590935,42.459448054184406],[139.84834472073237,42.45958777465614],[139.8481955510839,42.459492774771775],[139.84835472119346,42.45939444110064]]],[[[139.84789472066484,42.45968250474385],[139.84796861166217,42.45983917114091],[139.84772916986537,42.45987444075291],[139.8477419456343,42.45968472067335],[139.84789472066484,42.45968250474385]]],[[[139.8457805584261,42.459943891797195],[139.8459033329725,42.460090838321605],[139.84569916978091,42.4601333330869],[139.84562778159693,42.46000583799906],[139.8457805584261,42.459943891797195]]],[[[139.85118527887755,42.46339138710289],[139.85049833982657,42.46307555869015],[139.85067389108724,42.46271583796562],[139.8514936060451,42.4628397213761],[139.85118527887755,42.46339138710289]]],[[[139.84890083000937,42.463762774732345],[139.84894472142184,42.463900279274526],[139.84883055788396,42.463952504704366],[139.84874805407946,42.46382610768876],[139.84890083000937,42.463762774732345]]],[[[139.85049221814143,42.467603333127386],[139.8506047206314,42.46773722509289],[139.85046055840814,42.46782694595686],[139.85036555132922,42.46773583833834],[139.85049221814143,42.467603333127386]]],[[[139.85035277556017,42.46836750505639],[139.85042805421142,42.468558333100646],[139.85019000006855,42.46855110794735],[139.85035277556017,42.46836750505639]]],[[[139.8500594418898,42.46911361320275],[139.85009944193575,42.469208333397944],[139.84990527920536,42.46929222485636],[139.8498463942957,42.469146387196076],[139.8500594418898,42.46911361320275]]],[[[139.85101944209362,42.46967999993211],[139.8510558367575,42.46980277537784],[139.85085639410738,42.469801667413094],[139.85086027198406,42.469726108173404],[139.85101944209362,42.46967999993211]]],[[[139.85113861215734,42.46987083786894],[139.85115999983418,42.46995110775748],[139.85097083013977,42.47000444115207],[139.85098194576028,42.469884171217586],[139.85113861215734,42.46987083786894]]],[[[139.85140306140227,42.47016361306032],[139.85147194587364,42.47029000018341],[139.85129389090037,42.470328892264604],[139.8512338908315,42.470193892334294],[139.85140306140227,42.47016361306032]]],[[[139.84983888495663,42.47211889207324],[139.84986277634607,42.47234000029084],[139.84968834024482,42.47236194644671],[139.84971360579834,42.47212750488052],[139.84983888495663,42.47211889207324]]],[[[139.85014082963562,42.4725513868371],[139.8501183402892,42.472698613050625],[139.84986000013896,42.47271305436402],[139.84998027187214,42.472567224797615],[139.85014082963562,42.4725513868371]]],[[[139.84637527919585,42.47340694607374],[139.84615583742197,42.47337917141169],[139.84611333276416,42.47322833262149],[139.84639389066558,42.473287775110805],[139.84637527919585,42.47340694607374]]],[[[139.84879999982024,42.47366583840778],[139.84883000030436,42.473767774763076],[139.84862583711276,42.47377750542756],[139.84863693924342,42.47366694637253],[139.84879999982024,42.47366583840778]]],[[[139.84867472066185,42.47410444136693],[139.84861834036417,42.47424917106247],[139.84850555099047,42.47421277459995],[139.84856444938987,42.47409610824883],[139.84867472066185,42.47410444136693]]],[[[139.84691389126317,42.47572305377594],[139.84658944194928,42.4756355587341],[139.8467472244049,42.475488613109064],[139.8469891699143,42.475498332981715],[139.84691389126317,42.47572305377594]]],[[[139.84654389128764,42.47568777517074],[139.84667306091308,42.475861667182244],[139.84622944243483,42.47580083793838],[139.8462333329021,42.47568055901064],[139.84654389128764,42.47568777517074]]],[[[139.8463322178576,42.47587610759632],[139.8462969392524,42.475984171032735],[139.84594500575747,42.4759975052807],[139.84598250299018,42.475858891874395],[139.8463322178576,42.47587610759632]]],[[[139.84693888522145,42.47637777461466],[139.84680360560196,42.476264999630075],[139.8470041634115,42.47621027858156],[139.84707167281954,42.476366945877885],[139.84693888522145,42.47637777461466]]],[[[139.84748778193568,42.476338892425986],[139.84752055772765,42.476463053727],[139.8473199999181,42.476501945808195],[139.8472497277928,42.47641444087378],[139.84748778193568,42.476338892425986]]],[[[139.84754055775056,42.476551666626165],[139.8475905582577,42.47665610759333],[139.84738500561355,42.47668166722519],[139.84729972829984,42.47658694613074],[139.84754055775056,42.476551666626165]]],[[[139.84693389128608,42.47695889223911],[139.84662834032576,42.47693083788789],[139.846569170331,42.47678138675167],[139.84701416297332,42.476745000181666],[139.84693389128608,42.47695889223911]]],[[[139.8468688846914,42.4784986134203],[139.84680722357461,42.478622774721316],[139.84666083013326,42.47856917063075],[139.84669444859003,42.478470837858936],[139.8468688846914,42.4784986134203]]],[[[139.84636610880898,42.478926107953555],[139.8464238911497,42.4790111082761],[139.84626722385337,42.479085278962486],[139.84619693913749,42.47895750508485],[139.84636610880898,42.478926107953555]]],[[[139.84565916973497,42.47966861341581],[139.8452230605958,42.479846108111474],[139.8451791700827,42.47964917097249],[139.84565916973497,42.47966861341581]]],[[[139.84458527938716,42.479763332711684],[139.84465306128982,42.47992389227386],[139.84453888516146,42.47995417064851],[139.8444499997678,42.47978638683236],[139.84458527938716,42.479763332711684]]],[[[139.84492613503312,42.480635999751655],[139.84460167312875,42.48077900005086],[139.84453396856782,42.48073010840784],[139.8448964196341,42.48057366684128],[139.84492613503312,42.480635999751655]]],[[[139.8431166667009,42.48216583828287],[139.84283082977902,42.4817416667446],[139.8433846430869,42.4816768022427],[139.8435099995869,42.481949440714175],[139.8431166667009,42.48216583828287]]],[[[139.84595027218734,42.48201638714659],[139.84616805381268,42.48209777489245],[139.84610555093047,42.482203613406114],[139.84583360583633,42.482120838006324],[139.84595027218734,42.48201638714659]]],[[[139.84661666712555,42.48415277523043],[139.84668055766167,42.48423777465365],[139.84657277571307,42.484300837813464],[139.84646111498853,42.48423277532237],[139.84661666712555,42.48415277523043]]],[[[139.84767693903962,42.48430722479861],[139.84774972836738,42.48441777486045],[139.84754277637808,42.48448083802032],[139.84747500616663,42.48433277543728],[139.84767693903962,42.48430722479861]]],[[[139.84761805412995,42.485595559387605],[139.8472922180615,42.48557833287384],[139.84727221803848,42.485374170581565],[139.8475777815894,42.48542277534085],[139.84761805412995,42.485595559387605]]],[[[139.8462619457323,42.48626972087095],[139.84630944162745,42.48643361332063],[139.8461113884299,42.48642389164934],[139.8462619457323,42.48626972087095]]],[[[139.84594221785915,42.48634000019092],[139.8460802718871,42.48646389169528],[139.84587583710027,42.48658777510576],[139.84566666738283,42.48650389174128],[139.84594221785915,42.48634000019092]]],[[[139.8465202723927,42.48650777501388],[139.84650888517695,42.486788332915296],[139.84630583714477,42.48681750512384],[139.84633333301701,42.486561108408466],[139.8465202723927,42.48650777501388]]],[[[139.84615027241716,42.486632775382304],[139.8462630608916,42.48698527904742],[139.84595360597416,42.48689889197033],[139.84615027241716,42.486632775382304]]],[[[139.84663138812812,42.48690638692028],[139.84678444914312,42.487112775034575],[139.8465286118061,42.48719305391637],[139.84663138812812,42.48690638692028]]],[[[139.8477041633165,42.48834638677636],[139.8475336059912,42.48829889178046],[139.84754610926564,42.48814472100213],[139.84769027238826,42.488111946109484],[139.8477041633165,42.48834638677636]]],[[[139.8473844489332,42.48816305368206],[139.84743583709428,42.488326946131735],[139.847219169729,42.48835000025235],[139.84718138831045,42.48823944119732],[139.8473844489332,42.48816305368206]]],[[[139.84763500635052,42.49215000012248],[139.84773666661397,42.49230555855473],[139.84755722398677,42.49235917073918],[139.8474972239178,42.492179171431644],[139.84763500635052,42.49215000012248]]],[[[139.8465022176033,42.4936588916446],[139.84650082994938,42.493956667066584],[139.84638194587012,42.49394833304916],[139.8463430609835,42.49370750539708],[139.8465022176033,42.4936588916446]]],[[[139.84631055768614,42.49405389187365],[139.84637444912164,42.49425444068993],[139.84619527898894,42.49433110789437],[139.846143890828,42.49411722483012],[139.84631055768614,42.49405389187365]]],[[[139.84413250311263,42.495408892306614],[139.84385194611048,42.49494222510367],[139.84426306129126,42.494766108169415],[139.844359441635,42.49532250522947],[139.84413250311263,42.495408892306614]]],[[[139.84367888507256,42.49665555860719],[139.84382389086,42.496801387274274],[139.8438669387083,42.49708944102491],[139.8437341628014,42.49710222488784],[139.8435419462039,42.496869170975515],[139.84367888507256,42.49665555860719]]],[[[139.84280194625285,42.49731055913503],[139.84271749721484,42.49760222456308],[139.84248639393195,42.497517504829034],[139.84280194625285,42.49731055913503]]],[[[139.8425500263627,42.50356190136074],[139.84185136195083,42.503059207316596],[139.84193797655644,42.50300522461146],[139.8425500263627,42.50356190136074]]],[[[139.84277888493762,42.51311583832535],[139.84220888473226,42.51318222537947],[139.84218277561467,42.512761667317136],[139.8427158370663,42.51260027858007],[139.84277888493762,42.51311583832535]]],[[[139.83910250317808,42.51273750523171],[139.83951693865583,42.5130730539783],[139.83927416307222,42.513337505021866],[139.83877888483778,42.51308250495367],[139.83910250317808,42.51273750523171]]],[[[139.84273610868456,42.51336361324019],[139.8424900002134,42.51359805390712],[139.8423225032809,42.513331386934],[139.84273610868456,42.51336361324019]]],[[[139.8383786118835,42.51370833327303],[139.83807666720452,42.51341889186841],[139.83856221837175,42.51324472106705],[139.83891306098906,42.5134636133551],[139.8383786118835,42.51370833327303]]],[[[139.84344834026876,42.515196945982325],[139.8434430612483,42.51544166679952],[139.84321306143374,42.5153958382474],[139.84320333256778,42.51523027935394],[139.84344834026876,42.515196945982325]]],[[[139.8437427756087,42.51566250522052],[139.8437105582957,42.51588944104492],[139.8433774970739,42.51590194611799],[139.8434052789305,42.515710279006214],[139.8437427756087,42.51566250522052]]],[[[139.84393929995883,42.52499999965033],[139.84331021969092,42.524332612759906],[139.84338243794923,42.52429213517394],[139.84393929995883,42.52499999965033]]],[[[139.84431306089914,42.528911386851064],[139.8441958369683,42.52906555942809],[139.84412055831717,42.528904170690964],[139.84431306089914,42.528911386851064]]],[[[139.84443749739262,42.52909055878234],[139.8445427756286,42.52918944103993],[139.84441277592896,42.52935499993333],[139.84418306119937,42.529176107691285],[139.84443749739262,42.52909055878234]]],[[[139.83574063592164,42.54310853163349],[139.83571736686304,42.54332658575339],[139.83547350220044,42.54321344114743],[139.83574063592164,42.54310853163349]]],[[[139.83856167338263,42.544044135028855],[139.83861819667254,42.544222838413305],[139.8383820877632,42.54435646777682],[139.83827121934132,42.54417610784117],[139.83856167338263,42.544044135028855]]],[[[139.83483455277246,42.549999999600345],[139.83524972839234,42.550920387366034],[139.83517658922824,42.55094272112973],[139.83483455277246,42.549999999600345]]],[[[139.8328983402862,42.57222110791787],[139.8328983402862,42.57236694557815],[139.832611388205,42.57235250516402],[139.83277250264894,42.57222110791787],[139.8328983402862,42.57222110791787]]],[[[139.82824444942185,42.577427775171714],[139.828163890851,42.57727027870044],[139.8283799997373,42.57728389173826],[139.82846360611063,42.577415279091895],[139.82824444942185,42.577427775171714]]],[[[139.82817138759947,42.57835999981421],[139.8283241626301,42.578620278902804],[139.8279761088104,42.578576667179505],[139.82817138759947,42.57835999981421]]],[[[139.8281102723712,42.57989000022337],[139.82820055800937,42.580031666828006],[139.8279405577107,42.58008166733515],[139.8278869392309,42.579898333341475],[139.8281102723712,42.57989000022337]]],[[[139.82764944176836,42.580939721291145],[139.82778360622854,42.581098892300076],[139.82742693870227,42.5811613870884],[139.82731416281842,42.58102722532624],[139.82764944176836,42.580939721291145]]],[[[139.82706722427304,42.58143444104667],[139.8272444491721,42.58165000044721],[139.82693306071224,42.581668891606114],[139.82706722427304,42.58143444104667]]],[[[140.12868500600825,41.95757638704066],[140.12869306123582,41.95771361279304],[140.128563890711,41.957703053852924],[140.12852888460043,41.95754944065419],[140.12868500600825,41.95757638704066]]],[[[140.1269600002039,41.95793555917879],[140.126914448643,41.95808666686622],[140.1266644488053,41.95796166739706],[140.12669833975667,41.95789000042322],[140.1269600002039,41.95793555917879]]],[[[140.1256780543988,41.95895889233907],[140.12584610891088,41.95906166686251],[140.12565472058895,41.9591150002571],[140.1256780543988,41.95895889233907]]],[[[140.12511138798027,41.96097861317253],[140.12526749679762,41.96105417061352],[140.1252388848667,41.961181946289855],[140.1250252787936,41.961116667200486],[140.12511138798027,41.96097861317253]]],[[[140.1227855514121,41.962096108049025],[140.12283778223798,41.96225999959938],[140.1226527764046,41.96225222496025],[140.1226527764046,41.9620752788511],[140.1227855514121,41.962096108049025]]],[[[140.12309555131867,41.962330278919296],[140.123233606246,41.96239027898821],[140.1231163940064,41.962570000405265],[140.12296805443225,41.96235638713762],[140.12309555131867,41.962330278919296]]],[[[140.1245330609521,41.96344083822413],[140.1246225030261,41.96358805364582],[140.1245222178262,41.96368555904138],[140.12438583743653,41.963516386671984],[140.1245330609521,41.96344083822413]]],[[[140.12415778195611,41.96492638694326],[140.1241994421506,41.965077505422585],[140.12402749717137,41.96503333342167],[140.12415778195611,41.96492638694326]]],[[[140.12239250271193,41.9651686130411],[140.1225252786188,41.96531944103941],[140.1223377816633,41.965423613109294],[140.12215306091514,41.96529861274081],[140.12239250271193,41.9651686130411]]],[[[140.1236186123092,41.96578555875658],[140.1236916732322,41.96597583821443],[140.123517223641,41.96599389210451],[140.1233688849661,41.965879440783624],[140.1236186123092,41.96578555875658]]],[[[140.12810027220985,41.96784417077191],[140.1282238912197,41.967969171140396],[140.12815111538168,41.96807444128251],[140.1279816732157,41.96796389212],[140.12810027220985,41.96784417077191]]],[[[140.1263499217116,41.96822097321939],[140.12635085610714,41.96959069375555],[140.12626472084025,41.96959069375555],[140.1263499217116,41.96822097321939]]],[[[140.12401827462372,41.969261081433785],[140.12395905336768,41.97094464018306],[140.12388150482764,41.97094508085087],[140.12401827462372,41.969261081433785]]],[[[140.10239111455837,42.00731389192265],[140.1019733327032,42.006946107876615],[140.10256027163928,42.006810559359906],[140.10239111455837,42.00731389192265]]],[[[140.10214322992613,42.011378621626136],[140.1020287678134,42.01138324324211],[140.10197597940794,42.010663405192076],[140.10209045411125,42.01065877458285],[140.10214322992613,42.011378621626136]]],[[[140.09796221788213,42.019380279276504],[140.09801221838927,42.01968417098777],[140.09780834028277,42.01963666699862],[140.09796221788213,42.019380279276504]]],[[[140.09940111516937,42.02079500008921],[140.09944444900214,42.020923333345195],[140.09923639444412,42.020994720629915],[140.09921888464385,42.02081666655596],[140.09940111516937,42.02079500008921]]],[[[140.09374722405516,42.02864361291245],[140.0936627759164,42.02878444134893],[140.09351500561309,42.02864999989765],[140.09374722405516,42.02864361291245]]],[[[140.09428111468173,42.028851946260374],[140.09430944242695,42.02899277469686],[140.09419861177662,42.02905361293392],[140.09409666732745,42.02894083794939],[140.09428111468173,42.028851946260374]]],[[[140.09416389075102,42.0292469455901],[140.09425055841655,42.029405279330206],[140.09412250305115,42.02945305401528],[140.0940899997538,42.0292644410012],[140.09416389075102,42.0292469455901]]],[[[140.08093082999392,42.042424171038704],[140.08097861187355,42.042504440927246],[140.080822217971,42.042543612697614],[140.0807680536028,42.042424171038704],[140.08093082999392,42.042424171038704]]],[[[140.08177722423954,42.042663054356524],[140.0811911153777,42.042619440834585],[140.08118693892618,42.04243499977548],[140.0815752787762,42.042441667349124],[140.08177722423954,42.042663054356524]]],[[[140.08259111518782,42.043012225134134],[140.08214610905577,42.042986107922616],[140.08229167332217,42.042786667071084],[140.08259111518782,42.043012225134134]]],[[[140.08342833994595,42.04341389203756],[140.08303333342167,42.04337694608927],[140.08291861230418,42.043157775011366],[140.08324389079303,42.043110000326294],[140.08342833994595,42.04341389203756]]],[[[140.07395888529436,42.049235000395015],[140.07452944218005,42.04963444057705],[140.0743169386758,42.04976027911363],[140.07397416297727,42.04951722474016],[140.07395888529436,42.049235000395015]]],[[[140.07477250284876,42.04977750472813],[140.07451888503863,42.04929583773276],[140.07503722368904,42.049458892014286],[140.07477250284876,42.04977750472813]]],[[[140.076621387567,42.050981946060006],[140.0766125031646,42.05109055898214],[140.07646082980352,42.0510644408713],[140.07646944171142,42.05096889240053],[140.076621387567,42.050981946060006]]],[[[140.0737652792443,42.052596387413416],[140.07384555093154,42.05284166670958],[140.0735747209966,42.05278305429459],[140.0737652792443,42.052596387413416]]],[[[140.07411693934534,42.05260305408774],[140.07419722362306,42.052867774927904],[140.07391083002085,42.05282000024289],[140.07411693934534,42.05260305408774]]],[[[140.07330111485464,42.05342972080501],[140.07331861206433,42.05361833291977],[140.0731274971364,42.0535230542456],[140.07330111485464,42.05342972080501]]],[[[140.07153472135042,42.05509166704684],[140.07152833976113,42.055315000187136],[140.07133944166196,42.05513055912803],[140.07153472135042,42.05509166704684]]],[[[140.11681843092595,41.86477455909869],[140.11680940263193,41.86471745934335],[140.11842259392768,41.864108207327945],[140.11847863787887,41.864147531983065],[140.11681843092595,41.86477455909869]]],[[[140.11209805408203,41.869789622193366],[140.11191159494422,41.869778955334596],[140.11172714669055,41.86967582018303],[140.1119282620797,41.86964697262971],[140.11205574637563,41.86969089192115],[140.11209805408203,41.869789622193366]]],[[[140.1263798961154,41.87384100865569],[140.12622203631804,41.87392358620457],[140.1240667957461,41.873723243333075],[140.12408374796667,41.87362052276899],[140.1263798961154,41.87384100865569]]],[[[140.1218914787088,41.875500873866315],[140.1205726589011,41.872257081299324],[140.12072414969987,41.872227450436526],[140.1218914787088,41.875500873866315]]],[[[140.127568611902,41.894709441287716],[140.12708167308085,41.894683333069395],[140.12730027218993,41.894540278810894],[140.127568611902,41.894709441287716]]],[[[140.13792999976977,41.89516527885456],[140.137878054029,41.895256387372456],[140.13750055820424,41.89513917063624],[140.1375655513092,41.895055837656855],[140.13792999976977,41.89516527885456]]],[[[140.1344502853525,41.89904786526682],[140.13471791190216,41.89921327037615],[140.13453020810266,41.89930834220627],[140.1344502853525,41.89904786526682]]],[[[140.1357607387671,41.903428694079025],[140.1354937606286,41.90329633275962],[140.13553164726773,41.903136098751986],[140.13586721130287,41.90313030621871],[140.1357607387671,41.903428694079025]]],[[[140.13503188141624,41.903775071562336],[140.13495612162774,41.903612829368626],[140.1351731649097,41.90356028827671],[140.13527434493517,41.9036607839181],[140.13503188141624,41.903775071562336]]],[[[140.13381491612552,41.90549255004123],[140.1336640206781,41.905614945973014],[140.13356645862518,41.9055118378011],[140.13381491612552,41.90549255004123]]],[[[140.1329168738148,41.90922411689951],[140.13310415043622,41.909313171365795],[140.13306228339775,41.90940272135856],[140.13290686076311,41.90935889199932],[140.1329168738148,41.90922411689951]]],[[[140.13337383913142,41.90975753178469],[140.13322730179857,41.909467990555356],[140.1335550579197,41.909400251820216],[140.13356131000648,41.909675332850384],[140.13337383913142,41.90975753178469]]],[[[139.99273610928412,41.63318917134325],[139.99265306138977,41.63335277511055],[139.9925255510134,41.63325805401604],[139.99273610928412,41.63318917134325]]],[[[139.99253194609253,41.63493500005029],[139.99250306076772,41.635155837571915],[139.99229555119882,41.63502889196985],[139.99253194609253,41.63493500005029]]],[[[139.99206138842237,41.63679083832659],[139.99211610857162,41.636928332976254],[139.99194111489055,41.636894171329004],[139.99206138842237,41.63679083832659]]],[[[139.99194749737921,41.63701917079817],[139.99212027243266,41.637102504676875],[139.99205916979497,41.637172224618496],[139.99186055811833,41.63711083779498],[139.99194749737921,41.63701917079817]]],[[[139.99321583734104,41.63763361280104],[139.99337610912016,41.63773555904885],[139.99334055802035,41.63787305369851],[139.99312360556996,41.63779389177472],[139.99321583734104,41.63763361280104]]],[[[139.9945713881591,41.63829500031409],[139.994580000067,41.638393891564874],[139.99436639399391,41.63844805413447],[139.99438138839048,41.63830972131666],[139.9945713881591,41.63829500031409]]],[[[139.99752082992245,41.64108638712713],[139.99753389077648,41.641190559197014],[139.99739055772807,41.64118777489597],[139.99739861205637,41.6410836127186],[139.99752082992245,41.64108638712713]]],[[[139.9967825027104,41.64658305426457],[139.99697888496758,41.64685638701269],[139.99667833963372,41.64681472142229],[139.9967825027104,41.64658305426457]]],[[[139.99582416265503,41.64690805396356],[139.99588444870835,41.64708610803751],[139.99570944243692,41.647089171128414],[139.99561167264062,41.646936108314776],[139.99582416265503,41.64690805396356]]],[[[139.99611639375667,41.647297505375604],[139.99616472062542,41.647429999794724],[139.99598749662573,41.64744666693019],[139.99602500644892,41.64730389236081],[139.99611639375667,41.647297505375604]]],[[[139.99582111485267,41.647244171081695],[139.9958619458722,41.64748999986364],[139.99566944239086,41.647495278884094],[139.99567500559715,41.647286946435486],[139.99582111485267,41.647244171081695]]],[[[139.99637416283736,41.64739333263623],[139.9964427757136,41.647483891668344],[139.99641472136238,41.64760917082663],[139.9963011154042,41.647573613431575],[139.99628500584845,41.64743610799002],[139.99637416283736,41.64739333263623]]],[[[139.99657416306718,41.64849277542129],[139.99660805401857,41.6486661080545],[139.99650944155758,41.64871027915609],[139.996506667149,41.64850972134661],[139.99657416306718,41.64849277542129]]],[[[139.9978225030062,41.64981166717473],[139.99778861205482,41.64997194614847],[139.9975608299684,41.64992361298442],[139.9978225030062,41.64981166717473]]],[[[139.99697082974012,41.64998610777269],[139.99705693892668,41.650129440821104],[139.99683944238643,41.65027389172678],[139.99675861222022,41.65010972138657],[139.99697082974012,41.64998610777269]]],[[[139.99756861180208,41.65008110765706],[139.99758666659147,41.65020083799834],[139.99742666730697,41.65029722463726],[139.9973913878024,41.6501188917735],[139.99756861180208,41.65008110765706]]],[[[140.00089749732172,41.65470166694843],[140.0009574973907,41.654782505208516],[140.00070861181302,41.65479555886799],[140.00071138802025,41.6547147206079],[140.00089749732172,41.65470166694843]]],[[[139.9990486117041,41.658042775154],[139.999064162781,41.658128612745315],[139.99884805389468,41.658128612745315],[139.9988819457452,41.658042775154],[139.9990486117041,41.658042775154]]],[[[140.0012447210671,41.67267110798531],[140.00132778155194,41.672735000320074],[140.0011980543468,41.67280666729391],[140.00109693907257,41.67271805439475],[140.0012447210671,41.67267110798531]]],[[[140.0038358369544,41.674999171274806],[140.00345834023028,41.675220559181525],[140.0034144488178,41.674935000150185],[140.0038358369544,41.674999171274806]]],[[[140.00280749726824,41.67554833328899],[140.0028999997353,41.67521917062828],[140.00321027213647,41.675427225186354],[140.00280749726824,41.67554833328899]]],[[[140.0037872241012,41.6761030540128],[140.00375083033657,41.67598583817596],[140.00385972834385,41.67593638715459],[140.00393888487167,41.67604305394383],[140.0037872241012,41.6761030540128]]],[[[140.00512444943388,41.6777305589182],[140.0049525026559,41.67785277498564],[140.00482527916336,41.67774722515435],[140.00496610939854,41.677661386663715],[140.00512444943388,41.6777305589182]]],[[[140.0046908296182,41.677840000115964],[140.00477250334836,41.677996108033994],[140.00459693859796,41.67800917068672],[140.0046908296182,41.677840000115964]]],[[[140.00514333339822,41.67827972093244],[140.0048638906561,41.678238054442716],[140.00496610939854,41.67804555905536],[140.00518888495913,41.67808583789116],[140.00514333339822,41.67827972093244]]],[[[140.00774472134185,41.68684417072194],[140.00773027193452,41.686969440887026],[140.00757416311717,41.68691583769578],[140.00761999976328,41.686833892370316],[140.00774472134185,41.68684417072194]]],[[[140.00729221756183,41.69075389237827],[140.00751693925542,41.69087750509283],[140.00742250324595,41.690966108099474],[140.00715250338544,41.69084110773099],[140.00729221756183,41.69075389237827]]],[[[140.00754972763787,41.69117833281388],[140.00763833963777,41.69129555944255],[140.0075322178376,41.69138277479527],[140.00742610862812,41.69122138695752],[140.00754972763787,41.69117833281388]]],[[[140.00702722422704,41.691752504974204],[140.00718833957023,41.691940000130955],[140.00697500599176,41.691955559301675],[140.00702722422704,41.691752504974204]]],[[[140.00908167328066,41.69321610843673],[140.00932306121035,41.693381386741635],[140.00912306098053,41.693408891607135],[140.00900916993726,41.69335027919209],[140.00908167328066,41.69321610843673]]],[[[140.0100605583482,41.69383305415221],[140.01009527937367,41.69396444060652],[140.00984666719,41.69394083789939],[140.00992610880292,41.693799171294756],[140.0100605583482,41.69383305415221]]],[[[140.01160834015286,41.695560837962375],[140.01166749665776,41.69572638696326],[140.01157999981717,41.695761386778656],[140.01151306057932,41.695615279321714],[140.01160834015286,41.695560837962375]]],[[[140.01239527931875,41.69632666734185],[140.01244500643202,41.6963916667421],[140.01232805409643,41.696467225082415],[140.01224888497813,41.696322505279454],[140.01239527931875,41.69632666734185]]],[[[140.01736972813046,41.70060110815467],[140.0172005575597,41.70055027937195],[140.01733333256732,41.70044861281326],[140.01751055836564,41.700537224813104],[140.01736972813046,41.70060110815467]]],[[[140.0268666669632,41.71512333267572],[140.02678778203062,41.715266386934275],[140.02651250314955,41.715189720629155],[140.02659972839479,41.71505555886699],[140.0268666669632,41.71512333267572]]],[[[140.04128082984653,41.72798722533025],[140.04131722361103,41.72808333317931],[140.04110360584684,41.72808333317931],[140.04111722428058,41.727974170771404],[140.04128082984653,41.72798722533025]]],[[[140.04500250326294,41.73363638690978],[140.04518888505902,41.73380166701338],[140.04506277582652,41.7338783333185],[140.04485722408174,41.73371833313462],[140.04500250326294,41.73363638690978]]],[[[140.05103038914126,41.74101633333714],[140.04999438363393,41.740459413770964],[140.0500413363386,41.74040263957022],[140.05103038914126,41.74101633333714]]],[[[140.0491135804275,41.741666667282914],[140.04824228305495,41.74095730633468],[140.0482964456245,41.740911359971335],[140.0491135804275,41.741666667282914]]],[[[140.05761389056863,41.74811694584042],[140.05745250273083,41.748347505033394],[140.05716000003406,41.74821722474519],[140.05761389056863,41.74811694584042]]],[[[140.05776693899315,41.74840472080126],[140.05797082969013,41.74853083812775],[140.0578086117781,41.74856610773975],[140.05776693899315,41.74840472080126]]],[[[140.06364972825247,41.75839555920777],[140.0636686122167,41.758497224867085],[140.06350111528434,41.75851277504461],[140.06348888540379,41.758434721085564],[140.06364972825247,41.75839555920777]]],[[[140.0639105577261,41.75871083813473],[140.06378167318576,41.75885138688204],[140.0635600001939,41.75882527866372],[140.06368749708042,41.75866917074569],[140.0639105577261,41.75871083813473]]],[[[140.06531861186454,41.762804170775894],[140.06501666718555,41.762858891824465],[140.06491861230415,41.762782224620025],[140.0652155513567,41.76263500020514],[140.06531861186454,41.762804170775894]]],[[[140.06915444881884,41.80120861258746],[140.0691233331753,41.801308892391546],[140.0689288853598,41.8012919455669],[140.06887138810418,41.80121638722653],[140.06915444881884,41.80120861258746]]],[[[140.0709044746618,41.80694374755598],[140.07089910480988,41.80768772071178],[140.07081810557122,41.80768480241176],[140.0709044746618,41.80694374755598]]],[[[140.07859416289034,41.808848613272914],[140.0786069386594,41.80895527916283],[140.07848306064477,41.80899694565255],[140.07840416312172,41.80892917094451],[140.07859416289034,41.808848613272914]]],[[[140.08118500628302,41.80886972126069],[140.08133610857465,41.808924170713965],[140.08126500637502,41.809032225157125],[140.08112527870867,41.80897638715061],[140.08118500628302,41.80886972126069]]],[[[140.09259944181088,41.8094402790457],[140.09257221843325,41.80956527941419],[140.09236888531586,41.809570559333906],[140.09234306128337,41.809487224555824],[140.09259944181088,41.8094402790457]]],[[[140.09075444935843,41.80977333307294],[140.0905947207698,41.80993083763809],[140.09044861241364,41.80981083839953],[140.0906500002974,41.80971610831182],[140.09075444935843,41.80977333307294]]],[[[140.08744997413703,41.81049691859795],[140.08902630402076,41.810508946130994],[140.08902630402076,41.81057513533426],[140.08744997413703,41.81049691859795]]]]}},{"type":"Feature","id":"JP-01-capital","properties":{"Kind":"capital","PrefectureCode":"01","PrefectureName":"Hokkaido","CapitalName":"Sapporo","CapitalNameJapanese":"札幌市","PointKind":"prefecture-representative-point"},"geometry":{"type":"Point","coordinates":[141.346878,43.064323]}}]}
