{"type":"FeatureCollection","bbox":[132.48003165983334,32.7025083327934,134.31478526602723,33.88302582857915],"displayBbox":[132.61486499432408,32.72170680172758,134.30586267202477,33.88302582857915],"DataVersion":"2019-boundaries-v1","Attribution":{"BoundarySource":"MLIT National Land Numerical Information, via Fabio Crisci / piuccio","BoundarySourceURL":"https://github.com/piuccio/open-data-jp-prefectures-geojson/tree/513fb852832c99470e16b95a30ddd68bf3469dc0","BoundaryDate":"2019-01-01","CapitalSource":"Geospatial Information Authority of Japan (GSI), prefecture representative points","CapitalSourceURL":"https://maps.gsi.go.jp/","CapitalSourceRetrieved":"2026-10-04","Notice":"Simplified and enriched by Ashiato Kai. Modern geographic context, not historical immigration-era boundaries. See GEOLOCATION.md and THIRD_PARTY_NOTICES.md."},"features":[{"type":"Feature","id":"JP-39","bbox":[132.48003165983334,32.7025083327934,134.31478526602723,33.88302582857915],"properties":{"Kind":"prefecture","PrefectureCode":"39","PrefectureName":"Kochi","PrefectureNameJapanese":"高知県"},"geometry":{"type":"MultiPolygon","coordinates":[[[[133.56609491604763,33.49860341371664],[133.5667362522763,33.498727864599346],[133.56672469508862,33.49877153208058],[133.56609491604763,33.49860341371664]]],[[[133.58664940344727,33.499594927963585],[133.59317204865124,33.49872239582197],[133.59320778231336,33.49894163974494],[133.58664940344727,33.499594927963585]]],[[[133.55866996124973,33.505758559310095],[133.5582165887247,33.5044715862947],[133.5582352397646,33.504444774806586],[133.55866996124973,33.505758559310095]]],[[[133.59482434516747,33.5083333327172],[133.59419926058752,33.50795266678222],[133.5912941374146,33.504748045086274],[133.591462541763,33.504647269755765],[133.59482434516747,33.5083333327172]]],[[[133.5540216596719,33.51135346838788],[133.55374408572106,33.51134489155356],[133.5537058879164,33.511085802267985],[133.55407902742525,33.511104224880114],[133.5540216596719,33.51135346838788]]],[[[133.55318007769847,33.51488044127939],[133.55339316486277,33.5150109733778],[133.55322450061033,33.51512089211553],[133.55297763940655,33.51502849486917],[133.55318007769847,33.51488044127939]]],[[[133.59425562919398,33.514056234207885],[133.59412233527758,33.51413072055635],[133.59262802896046,33.5137243600912],[133.59266674387516,33.513619386725395],[133.59425562919398,33.514056234207885]]],[[[133.5494410887353,33.51535161318645],[133.54937391657302,33.515310026736415],[133.54935311255622,33.515091864697865],[133.5494215563598,33.515037053717094],[133.5494410887353,33.51535161318645]]],[[[133.59496425359748,33.51769099983983],[133.59559022041242,33.51786789198968],[133.5954990273583,33.5179703598443],[133.5949478598559,33.51782110835751],[133.59496425359748,33.51769099983983]]],[[[133.55295795144832,33.52139425244286],[133.55208972795867,33.52056605418011],[133.55347041482787,33.520802440979935],[133.55295795144832,33.52139425244286]]],[[[133.55768275025878,33.52188791909225],[133.55819691335694,33.52278661341154],[133.5574218290542,33.52283372079961],[133.55768275025878,33.52188791909225]]],[[[133.5522828016101,33.52601916175496],[133.55018863759562,33.52516202690606],[133.5502032174046,33.52513866701594],[133.5522828016101,33.52601916175496]]],[[[133.5656096373749,33.535555918970545],[133.56581999959337,33.53638469369872],[133.56578144026128,33.536357946062424],[133.5655875230458,33.53556422510894],[133.5656096373749,33.535555918970545]]],[[[133.6607480541794,33.88180916186337],[133.65400472074134,33.881596386763874],[133.65172333316536,33.88277361281206],[133.64406944155155,33.88302582857915],[133.63903722388886,33.880689999643835],[133.63525165993622,33.88019944105139],[133.6295433328586,33.87273749533921],[133.62730832691784,33.87203082875982],[133.61736389083092,33.87660027867997],[133.6110919460366,33.880751107677554],[133.6069502721374,33.88151389195258],[133.6032161089363,33.87993055904809],[133.59622666702717,33.87982082916801],[133.5928880544402,33.87536166670759],[133.58549444910955,33.87097777480449],[133.5831227758955,33.86765416201001],[133.57813805412798,33.86809166689699],[133.5711113883799,33.870279721032375],[133.57152972781478,33.871822775101066],[133.5656986118015,33.875029440955984],[133.56218306119933,33.875335000010296],[133.55880221824782,33.8786436130124],[133.5571141628884,33.882155559131775],[133.54990610927962,33.88198972144852],[133.54392583710774,33.87882416180565],[133.54019639444812,33.878684441333974],[133.53955499436756,33.874549441303714],[133.5359183266695,33.871482495021155],[133.53623972818093,33.866095278974],[133.52639111485814,33.86211138663123],[133.52635416261455,33.85366082878426],[133.52251805406502,33.85223500044498],[133.51810527863574,33.84733472142028],[133.5096886117401,33.84825889173453],[133.50653166040786,33.8399027752929],[133.50793055764916,33.83587194643326],[133.4995027760324,33.82924222524855],[133.49338805431535,33.832157224776154],[133.48639111475825,33.83058222498977],[133.48321360582327,33.83299082886373],[133.47346527859975,33.83369972126519],[133.47049916970093,33.83678972076905],[133.4642974970319,33.8345180539651],[133.45365221837528,33.83665999985914],[133.44806138772287,33.83405333289505],[133.44115138832592,33.83374389236678],[133.43248555076764,33.83493610831482],[133.42759610857365,33.836659441380164],[133.42489360625495,33.8392630542466],[133.4196355508401,33.83973472078077],[133.41205277581503,33.839139721221215],[133.40595832661552,33.836259440920514],[133.4008333330919,33.83623694617819],[133.396813891448,33.83062027890281],[133.39296861161222,33.82767472131138],[133.39167333335774,33.82443444059703],[133.375706667229,33.82867610831579],[133.36901693878076,33.829333332867066],[133.361854163339,33.83316666700813],[133.35580027176525,33.834358053781216],[133.35245444931343,33.83262694607674],[133.35049306120584,33.82872416179066],[133.3456136059832,33.82481944126425],[133.3410113883649,33.82414889235753],[133.33330972836131,33.82129527875418],[133.32633138768347,33.814763613350124],[133.3191530611649,33.81605749495748],[133.31027527858134,33.81588000026187],[133.3022919464163,33.82312889208475],[133.29376888522597,33.828695558852985],[133.28864999989764,33.82936972123571],[133.2842497277428,33.83179222503122],[133.27718027225183,33.830812775189486],[133.27450583687494,33.82805694577149],[133.26921333292898,33.82561833331948],[133.26754360575285,33.82083055858345],[133.26077221796356,33.81108389240774],[133.26245499430263,33.80482527916337],[133.25862583661308,33.79837582888143],[133.2571802717522,33.79386333302642],[133.24988111502148,33.78832916236098],[133.24593693943825,33.78894722503446],[133.2369205578375,33.78272500015868],[133.23160888484222,33.783962225376456],[133.21984444936186,33.78043055892323],[133.2155377822429,33.78561222502424],[133.20370444880132,33.794735000020296],[133.19274416281291,33.793781946179934],[133.19022778238627,33.78684055864494],[133.19046972789567,33.7836255587726],[133.18714138826454,33.779445559365115],[133.18725832711016,33.77737110759057],[133.18237221780362,33.7714783331586],[133.1837425031141,33.768141666704594],[133.1799730613078,33.764054999838436],[133.1767869386664,33.76379582871459],[133.17574055768068,33.760750279102126],[133.17092055843705,33.75754277507906],[133.16464555055177,33.756360558692904],[133.16355333292006,33.754210278781386],[133.15783722400874,33.75029500021412],[133.15899138784232,33.74323110792932],[133.1592966672075,33.7339372252228],[133.16119639419833,33.73169194632629],[133.15171277612376,33.72469638722856],[133.1458374971029,33.721939440852566],[133.14582610898776,33.719520558626925],[133.1398172239858,33.71569110775846],[133.14129277584095,33.710373054073216],[133.14467194605356,33.707389721358595],[133.14458055784655,33.70465166704088],[133.1341716596944,33.69985166692095],[133.1253222183458,33.698325828574184],[133.12243111470423,33.69252416176073],[133.11922693907206,33.68860249530894],[133.1214772235951,33.68628389198807],[133.11948416316363,33.67946110794384],[133.12150027231974,33.67403694594833],[133.11842610897781,33.667820558571975],[133.11653250277288,33.6601461075569],[133.10666166000772,33.65665110826211],[133.097408611918,33.658242775183965],[133.09075555062827,33.65781277513952],[133.08477999989714,33.65492249527699],[133.07750888492717,33.65355305442995],[133.07501972787816,33.65061861335835],[133.07418277561464,33.644214720932666],[133.07235778228585,33.638387224690746],[133.070172502559,33.635928053736734],[133.07006194620192,33.63090361341108],[133.06723027155988,33.62255249540141],[133.0732025028933,33.61436027860401],[133.07898221815492,33.611669441391655],[133.07962000026282,33.60869972081554],[133.06995082956723,33.601142494630494],[133.06401917024857,33.59948082897711],[133.06296917039094,33.59730749494497],[133.057415550987,33.59635999981418],[133.05461917023854,33.59351777522522],[133.05519832734103,33.58995110805722],[133.04921444888782,33.58496222512662],[133.04757166000422,33.581851945910614],[133.04675666738638,33.57521749519128],[133.05399693920742,33.57042444143485],[133.05547555055625,33.56744805418441],[133.0623086120529,33.56145027940693],[133.06025221776565,33.55409027904318],[133.06195583679255,33.55083222502719],[133.06261917043844,33.54536777520269],[133.0591633330215,33.53871333255432],[133.04628917010916,33.53028666699612],[133.03794194616398,33.526406387344935],[133.03825250275088,33.51932249503716],[133.03425527885804,33.51183389162088],[133.03061693932034,33.507835279174856],[133.02616333287153,33.50518916165055],[133.02543944157708,33.502202774838224],[133.02070000000504,33.49610833283333],[133.0134008297846,33.49058249528599],[133.0153669393328,33.480874999981324],[132.9990297282394,33.475753612739084],[132.9927283270507,33.4758291620862],[132.98687250306364,33.47290610823035],[132.97883805433275,33.472918332714926],[132.97267360640183,33.46978638703217],[132.95963805385315,33.46631222502924],[132.95166555132425,33.46657833262401],[132.94683944208668,33.46858582897289],[132.94422416321459,33.47194889232759],[132.9385205575777,33.4720788920273],[132.93099722414263,33.47007389219641],[132.9290012454112,33.46857453168934],[132.91521306103402,33.4676538921135],[132.90005055788697,33.47005194604054],[132.89387333328773,33.47247638697576],[132.88412888484027,33.473017775250185],[132.88105639423725,33.47095305414018],[132.87368583673208,33.4709844413789],[132.86452861230566,33.47233944091249],[132.86241832704422,33.47452972086995],[132.85232722412218,33.47815055870137],[132.84753444915555,33.47918972082903],[132.84041916960905,33.47472610762384],[132.8341263938181,33.47420305382792],[132.83171221774467,33.47591194557987],[132.8271572244264,33.47240582886599],[132.82297306115788,33.47294416214339],[132.81893165986833,33.46655249510161],[132.81482333283066,33.4643347210706],[132.8110563938376,33.46606166671262],[132.80699027198352,33.460777774674625],[132.80813111505893,33.453855000408],[132.81327306080323,33.45114638719605],[132.82194555064666,33.44862138676763],[132.8265622176723,33.44560444099221],[132.82777250279878,33.43832444072041],[132.8245166674103,33.43467333260827],[132.8233852789076,33.42984277532389],[132.82491527931677,33.42293444057202],[132.83401333284905,33.42015249484183],[132.8332994420157,33.4119508288677],[132.8316188852034,33.40885166707085],[132.83543499373002,33.40064361321225],[132.84105389132412,33.39789499995436],[132.84677277644255,33.39756166713727],[132.85450888497712,33.39830194587813],[132.85593888527137,33.394943612957434],[132.85555555104793,33.390055829113294],[132.85306306111147,33.388481946284855],[132.85650277638206,33.38258638665246],[132.8565849942022,33.37811444122855],[132.85907055756024,33.373907495434594],[132.86001999972325,33.368455279087925],[132.86674306064378,33.368097224807116],[132.87413306059238,33.363961386608764],[132.88379749725675,33.36234916208423],[132.8870616603674,33.358713332554316],[132.89013389106628,33.35750916191836],[132.8937908303826,33.352523612774576],[132.89473389095633,33.34952555905738],[132.90043583734405,33.3437369459034],[132.90288499434712,33.33804082892118],[132.90176666669834,33.33576305392188],[132.90334360632244,33.3301399996613],[132.89898444937285,33.324449999867625],[132.90066666723294,33.32062249513211],[132.89854583742056,33.314702775212936],[132.8849491699683,33.30710333305245],[132.87246165977785,33.30492638734296],[132.87164749723422,33.303101386819606],[132.86305722431155,33.29777194591861],[132.8577033326427,33.29318610765279],[132.85136527868474,33.29155444068493],[132.84971722427053,33.28964222480886],[132.83955138768647,33.287861666982394],[132.83763360590626,33.28940499984094],[132.8326297276799,33.28539805427681],[132.8243974973467,33.28223055929294],[132.817562503207,33.283831107919355],[132.8145352790799,33.28065861270488],[132.80994082980556,33.28016805411244],[132.80050972764184,33.2754974952133],[132.79590666735885,33.27416194621691],[132.79311722398074,33.27484138672065],[132.78913583714927,33.27046999989062],[132.7873436061226,33.262581666710616],[132.78216749693252,33.25696444095621],[132.77960805426835,33.256165558793555],[132.77773221776772,33.251525279168334],[132.7776055509555,33.246139720571705],[132.77192166025645,33.24106305391683],[132.77490944191732,33.2339941623008],[132.7745977818622,33.22835389231835],[132.77114306140322,33.2263077745842],[132.77085916971498,33.22104249491525],[132.77358749696543,33.217968891850944],[132.7731608298085,33.2124366673184],[132.77594333311845,33.20840944114286],[132.77535306129482,33.20582194592612],[132.77185027207247,33.20554333325828],[132.7679572238469,33.20328361304837],[132.76546027237373,33.204233054312056],[132.7594400001559,33.201703613031384],[132.7507480543793,33.20247610818592],[132.74848000015197,33.20348666737584],[132.7429180539251,33.20104138735019],[132.74064250294919,33.20128361344803],[132.7384158373211,33.19584444086831],[132.73925138844083,33.19242499991384],[132.74191111540574,33.189743333088416],[132.73721639442113,33.18633055880832],[132.73783749680308,33.18215805435079],[132.73465499393285,33.18022222497575],[132.73158944159957,33.17640277456843],[132.7313088845974,33.17394999959288],[132.72581250344433,33.16827610755638],[132.71955082980696,33.166787494847085],[132.71717778242873,33.159877224754155],[132.71056055822328,33.15315694633608],[132.69860165963894,33.14641249504069],[132.69585277568513,33.142611666894936],[132.6958352793747,33.13758722477064],[132.68688805384068,33.134847774705065],[132.68035778238584,33.14419805389713],[132.67356000039376,33.14998222529948],[132.66777250329847,33.151659162340536],[132.66238000013698,33.1544188921182],[132.65966472115008,33.160008053628815],[132.65116693900313,33.167070559159015],[132.64878333268473,33.167940279120614],[132.6466786124281,33.17186416240122],[132.6387325032025,33.17361027889132],[132.63442000038276,33.17879249537742],[132.63724666670032,33.1846019458232],[132.63565944242941,33.18639972117023],[132.62600389106683,33.183864161801694],[132.61944416321762,33.18087944143315],[132.61948527932225,33.17346582888496],[132.61486499432408,33.16928944115483],[132.6193341626415,33.162683613158265],[132.6247894420792,33.15934972111279],[132.62757444910164,33.15344582926167],[132.63229499411875,33.14924444127797],[132.62821610908622,33.13475666708655],[132.62981610912618,33.13229444113563],[132.6374755513557,33.13239166684201],[132.63828138797578,33.12790999974675],[132.64440306055292,33.12218749485703],[132.64663639375465,33.115565559103345],[132.6538905583027,33.11041082859691],[132.66352306094052,33.10899499981946],[132.6659497276978,33.09947805376919],[132.66931138811015,33.092391946431235],[132.67005111466722,33.085506946388534],[132.66667693928935,33.080479720862456],[132.6695022179531,33.071183053854895],[132.6666380544027,33.06622638733796],[132.66233111478914,33.063467775417564],[132.65767389103735,33.05705749510736],[132.66106888482125,33.055339441062415],[132.66619111472824,33.048712495185555],[132.6712208295777,33.04590861319201],[132.67459583682842,33.040680828957136],[132.67795861240006,33.03799527885906],[132.67867306081314,33.02939889234506],[132.6755166670606,33.02239500012922],[132.67569749734173,33.0167388921862],[132.67861221807948,33.01355110759761],[132.67700527887064,33.0110580537862],[132.68390221831282,33.00404610814144],[132.68671666734042,32.99734833255957],[132.6813811146468,32.99381610762731],[132.68415306081522,32.98942805366181],[132.68418138766094,32.986223333040414],[132.68706527873974,32.982202224952744],[132.6874400001559,32.97581110829606],[132.6915163940664,32.97357110841995],[132.68620832735246,32.967863053836936],[132.6869374967681,32.96458833268548],[132.68346722433296,32.963135828655595],[132.68204832706874,32.95586222526151],[132.6845119460695,32.949568613101064],[132.68339165969735,32.94683222522707],[132.6782505584166,32.94296389216993],[132.67587666657494,32.94394305422861],[132.66567360615204,32.94176027911362],[132.66066666663346,32.942484999583144],[132.65868416334354,32.94013277510754],[132.6552847206134,32.940961108268596],[132.65247333287812,32.93915361304886],[132.65627111502,32.9323066669192],[132.65553289212937,32.92520133297518],[132.66391980495507,32.92210610841022],[132.6666767189555,32.91914049503788],[132.67852856044476,32.91990136015971],[132.6786236061945,32.92138713460861],[132.68214788561647,32.92164522474735],[132.683702218083,32.92303989157779],[132.68614744504862,32.919751224639356],[132.6907943059125,32.92276680164662],[132.68944669341022,32.92657725163889],[132.6934499220763,32.92714644065575],[132.69565686107535,32.92520389244572],[132.6982268348006,32.91837510812479],[132.70249289213336,32.91860866655679],[132.701764577973,32.92223749486453],[132.70825691332595,32.925959640425106],[132.71088555072765,32.92395944117533],[132.7116172238559,32.91820277463842],[132.71563165987322,32.91340527913036],[132.71710033731074,32.90861397275671],[132.7129366668937,32.907592225101155],[132.7140011152593,32.90287555885999],[132.71651221756485,32.900652495016686],[132.72191472118755,32.899063892084996],[132.7196649942441,32.8940277749619],[132.71192832723057,32.893003892315846],[132.70631832662957,32.89690638702018],[132.70588111492157,32.89347166658422],[132.7114219459661,32.89044527882663],[132.71242999964488,32.888449999767715],[132.71818778224042,32.8843908287738],[132.71892333324524,32.879985279397204],[132.72097472100666,32.87757944093852],[132.7136420231609,32.87529308101091],[132.71592194574123,32.879701386809586],[132.71346749712734,32.88210027890477],[132.70942832705566,32.88219722492204],[132.70545416267953,32.88833916192283],[132.69926055782855,32.88482249526197],[132.6924269387523,32.88402110758807],[132.6882977816174,32.87991777538508],[132.69063082984894,32.879061666662665],[132.69049778234682,32.87490444078736],[132.6814549939529,32.87129889233006],[132.67457999976727,32.86506889191588],[132.66482360562497,32.860091945686804],[132.66508472108308,32.85838194597011],[132.66088221794007,32.853363053562134],[132.66307555109586,32.84929444058599],[132.66804832716866,32.84544333314335],[132.6685625028573,32.84145361319372],[132.66255138843587,32.84102833279138],[132.65877555065117,32.83798249539592],[132.66273722434346,32.83542610772872],[132.6646238913795,32.83260472133088],[132.65920416304175,32.82918499978797],[132.65997499355115,32.826833054102224],[132.6562716600091,32.823784441398914],[132.6533972244024,32.82832472090922],[132.65038111499655,32.825961666797525],[132.65053360584125,32.82045500009821],[132.64990666685924,32.81888610760785],[132.64699888529037,32.820335559338616],[132.6440261088179,32.81977500021611],[132.6444355512598,32.81400166744305],[132.65246547280344,32.80638653211281],[132.6495205582272,32.80093166726266],[132.64661194568475,32.80047555899989],[132.63957138810918,32.801822225415435],[132.63800194613293,32.7989483329992],[132.63201805418987,32.80152999970977],[132.6292205582822,32.80102666714703],[132.62972194561132,32.797008613157004],[132.6338674973872,32.79238749538666],[132.63470527882566,32.789959720664626],[132.63963165977339,32.78793194640224],[132.64393555068523,32.787818333249504],[132.6433725031386,32.783886107857654],[132.64087749689907,32.783175558904986],[132.63569277580098,32.78480027861002],[132.63404555056172,32.783736946303065],[132.63883499443955,32.775473612916926],[132.64039360588026,32.769481666645675],[132.63533166022796,32.76786555884854],[132.63258221779517,32.7683886126444],[132.6287594416949,32.7660500003073],[132.63036555082954,32.7618747214413],[132.63211166012513,32.762141386615724],[132.63260138774388,32.7634191622646],[132.63610250332795,32.7654841621644],[132.63639666707263,32.76615944060575],[132.63685778186118,32.766263332986455],[132.6371183271491,32.76698000002705],[132.637989170364,32.76687277475878],[132.64758000021686,32.76530027868495],[132.6513991700357,32.76830222466799],[132.6484855509675,32.7702600001989],[132.64774722375546,32.773878333418395],[132.64917250260896,32.777412494590976],[132.65444555062174,32.77839138685306],[132.65456472068536,32.78113416171226],[132.65823999987617,32.781839440637725],[132.66305944243936,32.78053527888005],[132.66792221793605,32.78429110764853],[132.67669527896396,32.78341138722578],[132.68198693934585,32.78127110777547],[132.68747499367612,32.786593053726506],[132.69077888523748,32.78826833331698],[132.69490666730894,32.78531694632005],[132.69908194617494,32.786540000021034],[132.69654693899008,32.78930610779071],[132.68721832716415,32.79153527893004],[132.69191610944097,32.793900558863754],[132.70733444902567,32.79522138685758],[132.71045194620046,32.79899361296492],[132.71162166021156,32.798605559099315],[132.71409165990224,32.794245558585715],[132.71871341079532,32.7971188016914],[132.72075221794057,32.795216946005326],[132.72202583692285,32.79316777507279],[132.72297055764523,32.78881361295794],[132.7264722182183,32.78590249490429],[132.72644832682886,32.78285638681285],[132.72929389060062,32.778843612742605],[132.7328302721994,32.7790794410634],[132.73841888512356,32.772937225272756],[132.74344472119697,32.77289249479287],[132.74775472120348,32.76724582883196],[132.7496644486555,32.76073610778519],[132.75798610937147,32.753001946282836],[132.76125277619474,32.75540889180695],[132.76576888462637,32.75600222492278],[132.76462693898213,32.758745559160275],[132.765153606254,32.75977055876433],[132.7670005583292,32.761201945813184],[132.7726177822849,32.76104972116775],[132.7792269386723,32.75422582915871],[132.788640272031,32.754655000028265],[132.78930916978243,32.749647775424535],[132.79556250310713,32.74839500002929],[132.7979897283434,32.7491050003955],[132.80188832718466,32.7478872248156],[132.80371861212427,32.75256527866475],[132.8084052787807,32.753748891698024],[132.8155455513861,32.75333916237247],[132.81647444943633,32.76192555921722],[132.82376778215746,32.76074082922594],[132.82708944162448,32.76227889205728],[132.8294122177997,32.76490138708937],[132.8316452794062,32.76601166670508],[132.83544360563792,32.76898582903283],[132.83614639434074,32.77317472093665],[132.8349411148406,32.77377944126823],[132.83364610908075,32.77553416157235],[132.83681277578899,32.776550828957625],[132.83972082985247,32.78147833315859],[132.8447755512508,32.78056694580795],[132.8494030614022,32.783329162211146],[132.85268360566397,32.78677110780046],[132.85609588801492,32.786552918782206],[132.8606731125742,32.788097134775],[132.86173692601835,32.790640368957895],[132.86453360624103,32.789465000009784],[132.87149778169737,32.785714720957685],[132.87175861207038,32.78317444104766],[132.8712127757491,32.776496386698966],[132.86600639358028,32.77342389159935],[132.86885555104288,32.77106722537218],[132.86957888475774,32.76764722503947],[132.87820416289185,32.76908555935114],[132.87921527876222,32.77052222542039],[132.8759241629698,32.77508082861738],[132.8803627759214,32.782993054086205],[132.8750397543812,32.78753391905519],[132.8794563546271,32.78966691939286],[132.88370055843404,32.78783138690903],[132.88737469458658,32.790753332800136],[132.8961011149745,32.78914666698512],[132.89793194580272,32.78707610837574],[132.9120552787282,32.78790222470798],[132.91989805405206,32.785401945743274],[132.92049389088038,32.78115555928167],[132.92605306090013,32.782960558882735],[132.93091425359,32.78146910791304],[132.93460019514293,32.786713766127434],[132.93846306122134,32.78652805432631],[132.9427472237055,32.781121135032436],[132.93944652383811,32.77597705429764],[132.94167722382485,32.77096805443222],[132.94402527904344,32.769820559071604],[132.9454991698509,32.76592666728192],[132.94799138819212,32.765595829184235],[132.9517611150835,32.770778891932366],[132.9547398306787,32.77198058583542],[132.95889939029473,32.77817733291761],[132.96555442289832,32.77507700020345],[132.95750428009853,32.77183553238399],[132.9572965888666,32.76836758559563],[132.95296000040378,32.76564999984765],[132.95391499408174,32.759232774972645],[132.95805583700735,32.757160000433714],[132.96391871617584,32.75793682942117],[132.96291416265854,32.753350829277394],[132.96918800322385,32.751472332582125],[132.9712991698209,32.744903332722686],[132.96566055818823,32.73837027876539],[132.96468666705607,32.73159916167202],[132.96599722389283,32.72928249459153],[132.9718013881236,32.731028891670064],[132.97344038906272,32.73262064043024],[132.97973199663443,32.73079366679434],[132.98081053198052,32.731798532376445],[132.9808766672245,32.730985027237296],[132.98167691275933,32.73126446818071],[132.98454277602832,32.73067082929538],[132.98875666728645,32.731655279367715],[132.9935333326972,32.731294721374354],[132.99839527901895,32.72586666711305],[133.00043917003177,32.72271416202898],[133.00344783395042,32.723603864926474],[133.00522294368398,32.72170680172758],[133.0082841891641,32.72385574794447],[133.01450805440322,32.7231580539011],[133.01956736684053,32.72356813486158],[133.0221125030896,32.728995386927636],[133.01815055780207,32.74172544067659],[133.01908888524395,32.74459722508192],[133.01501306060436,32.75007166727369],[133.01420749737815,32.7548172251349],[133.01544763909737,32.759325252258634],[133.01791778178028,32.761517495436124],[133.01585749702588,32.764380279426405],[133.0102519462704,32.76747799961004],[133.00769861180152,32.773983386823886],[133.00203944166697,32.78188500029256],[133.00270499394037,32.78714582921668],[132.99594177739118,32.78731274788504],[132.994207224384,32.79014722481463],[132.9797286115862,32.79369194582671],[132.9753313881331,32.7981155589859],[132.96549713428533,32.799034891846816],[132.9629427763881,32.80359555898792],[132.95734464324073,32.80580061300793],[132.95356444914012,32.81281222500422],[132.95186536989092,32.81295909868351],[132.95036092101975,32.820603306397516],[132.95183949369778,32.82533435999278],[132.95770333334224,32.82651444138838],[132.9589780539941,32.82650389234084],[132.9606825030951,32.828817775120285],[132.95799333322577,32.833387775425535],[132.95434050560993,32.83427002743986],[132.95671138831995,32.83744999961783],[132.95725555100296,32.840292774591944],[132.9547658372736,32.84538610838223],[132.95604610944042,32.85000972087198],[132.95225778187125,32.853734441191534],[132.94937389079246,32.857478891737514],[132.95179693867783,32.860516387021676],[132.9592325027778,32.860068333087156],[132.96100055822922,32.864711666810024],[132.9675725033684,32.865678053999034],[132.9762363938945,32.86437305407321],[132.983267224403,32.86467194555388],[132.98717917008264,32.86804027893578],[132.99336610915873,32.86233222525203],[132.9967155513816,32.86431389217245],[132.99411472101758,32.868623613389104],[132.99684749721428,32.87074638663648],[133.00200499403536,32.87975222458556],[133.0055491700582,32.87942499996382],[133.00937416298734,32.88120638696523],[133.0086319462074,32.889866108234344],[133.00629722433746,32.8958961084187],[133.00622416341446,32.90545861322448],[133.00866610875403,32.91147972091244],[133.0025733331928,32.92071805429481],[132.9978805583412,32.92253582876555],[132.99721916992883,32.92865194623039],[132.99469389071055,32.93169722514688],[132.99585160776553,32.939654279121726],[132.99714610900583,32.942403306067774],[133.00043761330528,32.94311733269882],[132.9994224378953,32.94450900029017],[132.99996341068288,32.94607894588671],[132.9946546946585,32.94871922501227],[132.99300661506334,32.95233172073239],[132.99527377356583,32.96241913463541],[132.9977188071773,32.96517046834248],[132.99971577156566,32.97161999956336],[133.0039101951994,32.97643555885401],[133.00075997439342,32.97763622483194],[132.99939863823658,32.981661666752586],[133.00142722368753,32.98612389230385],[133.00292442312366,32.9927294945706],[133.00692805378674,32.995356107598354],[133.0056217903134,33.00134017131188],[133.0084170693923,33.006160523089704],[133.0083336060112,33.00933202725133],[133.01128141370634,33.01415372981086],[133.01862237362366,33.02322064881395],[133.0279426073655,33.03147966725288],[133.03489824915494,33.036391296621105],[133.04074018221365,33.03702391931847],[133.04445610896232,33.03889604521635],[133.0501549679775,33.03801795526448],[133.05621453966933,33.03909812557811],[133.0604002722548,33.03693449523081],[133.06490155626193,33.03796600862444],[133.0725211153573,33.037472054191994],[133.07556756159374,33.03312742309214],[133.0799130218685,33.03143537834006],[133.08139904003372,33.02749132416534],[133.08517251619878,33.02556777503287],[133.08987559008642,33.026049702831585],[133.0944684439636,33.02356685632543],[133.09721858606895,33.025924197943425],[133.09709614786902,33.02897723441191],[133.09305374833184,33.03404910768023],[133.09420468180065,33.0391461349862],[133.09614315158524,33.04177625177266],[133.09630931302445,33.049427431930496],[133.09932015600043,33.05812685556998],[133.10885101186477,33.062643946061314],[133.1075739952438,33.06458852314188],[133.10912159538543,33.06548502671268],[133.10799712087055,33.06963639620278],[133.10515428024587,33.07306552285564],[133.10802230908234,33.075766107819675],[133.11094652396298,33.07562539629504],[133.1125250194142,33.079469505213524],[133.11788719833555,33.08633526965701],[133.12070600457855,33.086722252430036],[133.12848389111878,33.09133582938506],[133.13068360586374,33.09008110785692],[133.13242527880368,33.09156833291229],[133.13398250259047,33.09129889243002],[133.1366633330465,33.09384916200929],[133.13836360569587,33.094078053859164],[133.13994972829744,33.09732833323602],[133.14831944158902,33.108324720709334],[133.14745610861257,33.11042666655749],[133.1538574973257,33.11856694570804],[133.15311555124174,33.120894161836134],[133.15483625199147,33.12543323355692],[133.15820917011717,33.12629277499161],[133.15928166022047,33.13030416230731],[133.16592055808735,33.138485278772635],[133.1674269387023,33.145895559332644],[133.1706241625751,33.150415559130806],[133.1750869394108,33.15453305385739],[133.1829005578146,33.160256387022685],[133.18462306080562,33.16351055866539],[133.19191916973398,33.16741638715661],[133.19870666707914,33.1674747207818],[133.20699499442355,33.165016108306816],[133.20845572005555,33.16296563965261],[133.20542027162833,33.1592649995801],[133.20812250325093,33.15717805442375],[133.21034555090648,33.15205444135944],[133.2081349939349,33.14926055892772],[133.21207722428449,33.14811499980743],[133.21455722443648,33.151389999748744],[133.22300499438506,33.15329666680776],[133.2202658365992,33.15653861306657],[133.2192172243955,33.160417225374715],[133.21899277609577,33.16692805438623],[133.2216011148996,33.17393861327645],[133.21681749683012,33.175233054262094],[133.21479430641216,33.17987094618729],[133.2110830606348,33.18062472105407],[133.2105347206009,33.18369110795834],[133.21525221781565,33.19231861281378],[133.21940306120234,33.194231666858],[133.22699277629567,33.195597774817486],[133.23144639443558,33.19787194623336],[133.23580666744385,33.19815638740738],[133.240244994411,33.196508892371526],[133.2396530606403,33.20053055893817],[133.23530805362384,33.20230472078629],[133.2349825026405,33.20517999995707],[133.23873055766921,33.20915222539492],[133.23916277634112,33.21665555880702],[133.24443360572639,33.21852027878788],[133.24776499405925,33.22160805426836],[133.25606693893815,33.22518555916628],[133.25509805433182,33.229329162111185],[133.25153715991212,33.23042263069988],[133.24949166001215,33.232928332576535],[133.2507986123661,33.23517055917404],[133.25609389072054,33.23780972134159],[133.25309972836988,33.24096361318027],[133.25004555066175,33.24127194574373],[133.24773168586864,33.243960846715765],[133.24773194577278,33.24964972055818],[133.24953027240417,33.2508313865593],[133.25547888484277,33.24974249462048],[133.25622083002736,33.25340610780569],[133.26421693886073,33.25731416211892],[133.25836138826753,33.26115444082484],[133.25793722392382,33.264961946436756],[133.2556336060062,33.266656108192876],[133.2554827762092,33.27042082855843],[133.2575425033839,33.27513582925519],[133.2602488853778,33.2773080544232],[133.25762972772986,33.28070861321197],[133.2516107910053,33.2799128831731],[133.24967000007052,33.27527333289805],[133.245286939141,33.2744533328551],[133.24212722419213,33.2763388919264],[133.24162083033707,33.28025222526003],[133.2438622178671,33.282352494771885],[133.24289499430859,33.28974694636452],[133.24589999978525,33.29204166728914],[133.23938749713534,33.29443138719881],[133.2385152788571,33.29708000034179],[133.24144639423582,33.30032610776374],[133.24457389097233,33.30130694615872],[133.24845832729,33.29993916186288],[133.2486111149111,33.305319721128285],[133.25319472105957,33.308061666812534],[133.26048549880682,33.309889991230136],[133.25745614778305,33.313270432184765],[133.25503898775912,33.31302989231574],[133.25268070005438,33.31458185596796],[133.2511395723335,33.314605559399126],[133.24995160838012,33.31521787360606],[133.2491036448174,33.31594258598159],[133.24647313862454,33.315446260936255],[133.24423060985487,33.318435369097074],[133.24126246399157,33.318637251607925],[133.23715884580417,33.32255732356168],[133.23156535675582,33.32409415342249],[133.23221495505618,33.32831549466442],[133.23761097276827,33.32959942257537],[133.23814300899278,33.3324021714231],[133.242850077669,33.333489198168024],[133.24822625184015,33.33104926101464],[133.2496369257036,33.33384508058606],[133.25607616058642,33.33283508077443],[133.25686709544016,33.33740092801048],[133.26000061043987,33.34143607181733],[133.26325250320053,33.343579999817166],[133.26022472059446,33.347640278775884],[133.26368944241392,33.350754999743515],[133.26201778169536,33.352841667009386],[133.26469194637627,33.35913749509939],[133.26116972820046,33.36035472119346],[133.2588266408369,33.36329177479564],[133.26158832663998,33.36918168488688],[133.26560478613203,33.36982722544616],[133.27179891079118,33.3724329103506],[133.27387639418032,33.37520899070239],[133.2810401166082,33.376637757126844],[133.27931276267395,33.38350055021027],[133.2826729832716,33.386263387145675],[133.29245422838005,33.38733211718352],[133.29563456478343,33.38960173892917],[133.29567155569782,33.39311470308115],[133.2882043966157,33.40247992810623],[133.29107578531932,33.40512047702845],[133.29413893556352,33.403318703295554],[133.29850027157033,33.396388197557314],[133.30379865078714,33.390464278703575],[133.30046342414778,33.39036521568221],[133.29576950715705,33.38556382880773],[133.29001623915815,33.383133937081595],[133.29149800263076,33.3810344230003],[133.29614243802314,33.380855242975144],[133.29949399455222,33.378823793183585],[133.29909400758243,33.37497454104226],[133.30370406009433,33.375451224894164],[133.3041459266932,33.3799079187155],[133.30916857287139,33.38006530636886],[133.31041657556455,33.37600964003292],[133.31579329382555,33.3785000543341],[133.31457901391047,33.38084960422589],[133.32022627792048,33.383016757217604],[133.32446599231173,33.37917408091914],[133.32153722416365,33.36864500006675],[133.32424389124265,33.36556444074637],[133.320151660271,33.362772775143526],[133.3159174973947,33.36236110777895],[133.31846027202403,33.35577582929113],[133.3221416603094,33.36205722506094],[133.32788972842832,33.36532972128964],[133.32678749684555,33.36813777523821],[133.3280297276898,33.37151944106938],[133.33207999989213,33.37160555924919],[133.32959776942164,33.38736028844659],[133.33161446223767,33.39036404476491],[133.33859136220167,33.39240304526436],[133.34038792526258,33.39631884723707],[133.3457071984285,33.400909126355145],[133.35394861173916,33.40000805422835],[133.3588808301862,33.40263444062697],[133.36556138824756,33.400630829349325],[133.37251778187022,33.401719721288146],[133.37630277565268,33.40138305378497],[133.3799436063124,33.40366305370702],[133.38354499360662,33.40266722541219],[133.38900277585753,33.40561944068469],[133.3917861092416,33.40502082944778],[133.39338666686126,33.401899440906504],[133.39739194598155,33.404167495133834],[133.40148277580954,33.404570558684384],[133.4079927756461,33.39845110833204],[133.4079491702181,33.4048586133344],[133.41248389101884,33.40605889170456],[133.4109572243965,33.409642225108655],[133.41486472113002,33.40994861333786],[133.42101610910618,33.41274527917136],[133.42503888543627,33.41271305376449],[133.42846499396433,33.41447610808598],[133.43429555059924,33.415349440624254],[133.44149333305097,33.41388805399055],[133.44278357959854,33.419393279076644],[133.44564503169295,33.421221107967824],[133.45199785971352,33.42104399998067],[133.45698325597255,33.41984361279253],[133.45682686117073,33.42312072074469],[133.4582551878267,33.42766174759163],[133.46238919590473,33.42944374793069],[133.46089924770217,33.43219649537201],[133.45753544690342,33.4333672247177],[133.45497724980032,33.43149180190517],[133.44874427982472,33.43465513482664],[133.4448301946578,33.43923791899482],[133.4416375231532,33.43935519778421],[133.43945569412506,33.43317938691922],[133.43543499432963,33.433398108336064],[133.43548863799026,33.42861155937601],[133.43210221834272,33.426734441341466],[133.43029360616504,33.42973166678303],[133.42425472067885,33.42899166683202],[133.42139749719684,33.436313332694226],[133.41639832692135,33.43907944136316],[133.41303165998318,33.43343805442271],[133.40853917044637,33.427945829036844],[133.4075074969735,33.423696386678955],[133.404130557979,33.42558722477065],[133.39972083035207,33.41944499998681],[133.39821333277916,33.423578053884114],[133.39462778164682,33.42119389178475],[133.39180583677,33.41730610819042],[133.38613999996107,33.421422225155595],[133.38482055782254,33.41302694593685],[133.37947749668922,33.41355166707581],[133.38026693866834,33.41767444082285],[133.37731610925107,33.4188427752739],[133.37830027243967,33.42214610835629],[133.3735994423604,33.421509441407636],[133.3729441630428,33.42516389229985],[133.36929166008213,33.423346386726394],[133.3686886115902,33.41995582929815],[133.3706997277103,33.41678999985868],[133.36865841775182,33.41442849527891],[133.36894416294285,33.40960722529326],[133.36348999956385,33.407520558926706],[133.35952166009656,33.40947194567383],[133.3647691700612,33.41139833306664],[133.36196917044094,33.41529833305168],[133.35926360593078,33.41607582933608],[133.35377221781368,33.414401387014436],[133.35108416310368,33.417768892120705],[133.3555036061066,33.420227775291664],[133.3606113884049,33.42125916188087],[133.36388306085462,33.42815777496139],[133.367614993737,33.42787749495051],[133.36985111483716,33.43048082902709],[133.37685124518885,33.428619441034414],[133.3811700000955,33.43053499969051],[133.38746360596076,33.43180055894868],[133.38722888470534,33.427607225293286],[133.39697666693974,33.429628054091495],[133.39738999984866,33.431403054107705],[133.4068119460146,33.433609720612196],[133.40613306129183,33.43670389207102],[133.3978519456109,33.4452833326597],[133.40180472141083,33.445095279023974],[133.40573444938536,33.44757694561957],[133.41089422778646,33.44310777460419],[133.41514444895722,33.44428722467575],[133.41770753567425,33.447660008802416],[133.42143944157704,33.44999138699296],[133.4241802846924,33.4477853329268],[133.4229831125806,33.44378126069665],[133.42381972759847,33.43999333332573],[133.43020263344488,33.4373289190944],[133.43544116727617,33.43770830619343],[133.4372874970204,33.43929172093624],[133.43859574619682,33.445498999978895],[133.44120783427422,33.449154360085686],[133.44720011689196,33.451721613361826],[133.45127683455837,33.449279802021294],[133.4592168346892,33.44855258593316],[133.4670856157087,33.45370580198124],[133.4845401427135,33.46126577469579],[133.49870214019165,33.46671382898006],[133.5047422442592,33.46796566728176],[133.51041897455605,33.47359927868382],[133.51433396893754,33.47556702679691],[133.54461564229814,33.487075945998185],[133.57275250272585,33.49545894587368],[133.5765584183364,33.49828361299842],[133.57723537041602,33.50084158617034],[133.5679644752804,33.49914689201552],[133.5629958882497,33.49650927937978],[133.55898535708866,33.49813953171406],[133.55697435788034,33.505173161812024],[133.55966644604973,33.5084762520774],[133.55354997425195,33.51000644134422],[133.54912941608973,33.51469377529753],[133.54761905327678,33.51755666720646],[133.54847367092327,33.52051680190891],[133.54619297042927,33.52294486531332],[133.54820347590976,33.52522897333853],[133.5579287553079,33.529509721096815],[133.56100581086957,33.530176721278735],[133.56118489017058,33.535446081171756],[133.55900800291704,33.53875491900436],[133.56052852087464,33.54212946760089],[133.5660369781241,33.543420000132926],[133.5694009210157,33.54272780184664],[133.57143958516883,33.539058711790176],[133.56685036275405,33.53559386496494],[133.56537788568096,33.53114764015152],[133.5647849158912,33.514626774905764],[133.5694839167494,33.51535227868476],[133.56919066132002,33.511818441268076],[133.56259944191083,33.50411097344272],[133.5643271339901,33.50117053209442],[133.57052394312552,33.50185944066072],[133.57722394273083,33.5101480809692],[133.58413386478605,33.51296216217412],[133.58576085617858,33.5086836132582],[133.58823085586937,33.50886686541355],[133.59235658928526,33.513369135077596],[133.59080280180797,33.51595230635388],[133.59303808024322,33.51706447724388],[133.59501756181112,33.517920558986646],[133.59741066137303,33.51864469399749],[133.60921583704135,33.52138582939256],[133.6319353046706,33.525759585936214],[133.64222891063582,33.52728458611483],[133.6576646431089,33.530745251991846],[133.68280649762187,33.53411846779312],[133.6899845399546,33.53547820675391],[133.69494597917367,33.535443018080855],[133.6995991568757,33.536706053841385],[133.71343837867835,33.53792541402669],[133.72509073884657,33.53833506331256],[133.73818779513067,33.53813131470844],[133.74904151775195,33.53608666736585],[133.74936800313094,33.53467099057383],[133.7559119712605,33.53149561303218],[133.75641389098837,33.52831504460369],[133.75386503244533,33.52615643157412],[133.75435619987877,33.520499495355466],[133.7585966022515,33.520314342033316],[133.76583347643384,33.51738251439156],[133.76685682218465,33.51581642328938],[133.77361499443646,33.51592555871764],[133.77983444940037,33.51697527888604],[133.81453555137466,33.515829720665124],[133.83013360608106,33.513924999739004],[133.834973606247,33.512789720769035],[133.83798194640974,33.50805582891343],[133.84300944173242,33.50636110777896],[133.8513803367332,33.50604825162554],[133.86553555062517,33.50441527884209],[133.86788277576954,33.50345082879278],[133.8806449551007,33.502639278779725],[133.88665927380646,33.50156865836692],[133.89654984410004,33.498396459029436],[133.92254617416665,33.49191308092401],[133.93173102486696,33.48866690965019],[133.93679524040806,33.48534241372147],[133.94156099884106,33.47921659526969],[133.94453831419196,33.47382612637466],[133.94224514909445,33.468844928150986],[133.94162876815324,33.46341174775398],[133.9467729181357,33.45629394560916],[133.94969434511802,33.45031131541492],[133.95681389104834,33.44627555916975],[133.95858999992856,33.442546108416195],[133.96277416319708,33.44211694564058],[133.97315758805235,33.438876135225485],[133.97656693861336,33.43658389193314],[133.98280111457984,33.43469082891869],[133.98653861156777,33.430965279424186],[133.9909613883575,33.42834999965282],[133.9974813877559,33.42720874828518],[134.00771219226397,33.42401830619991],[134.01427237427072,33.42105681082319],[134.01528141360643,33.42394993703999],[134.01958443577314,33.42206071233204],[134.01706749686753,33.4191314405636],[134.02195430584663,33.41773530603962],[134.02867389088738,33.41436000021389],[134.03187722385485,33.41105694592136],[134.0319241630698,33.40836805394258],[134.03782639387305,33.39250610757085],[134.0358470040361,33.386032107595724],[134.03726413683046,33.38403187417168],[134.03376749717233,33.37841110778646],[134.03904249041864,33.37060981099404],[134.04134455340852,33.37209886527046],[134.04892985732715,33.370692802231076],[134.05365802859524,33.36844710784783],[134.05909941620519,33.363425864612],[134.06173596584222,33.362493559030554],[134.06668722383642,33.35764805411446],[134.07061389141802,33.35103166717772],[134.07348944218404,33.34800361297641],[134.0757905581878,33.34264833275438],[134.08083389057163,33.33713194618241],[134.08326639392897,33.336734999820465],[134.09945221764576,33.3297269464415],[134.10248055783154,33.327401666553726],[134.10549194579676,33.322910278686436],[134.10734555105637,33.31312277519595],[134.1091172757417,33.3096218646574],[134.10932600479134,33.30346653225473],[134.1072774453978,33.298647251569435],[134.1115875749067,33.29392553203775],[134.11853020800277,33.29595199958516],[134.12058351491737,33.29906031468181],[134.12957630370352,33.29898272117572],[134.1360540205767,33.29716991905656],[134.1382865632744,33.29305647667513],[134.1397077043472,33.29114378415835],[134.1413697917825,33.291971549847176],[134.14341146596644,33.29066236897319],[134.14452309996113,33.28887511659343],[134.14478581081653,33.28684455892932],[134.15009762590478,33.28400258615051],[134.1544661609846,33.27687152260273],[134.16137457757475,33.26822902694806],[134.1644190659872,33.266134008577694],[134.1675936449309,33.26039055038365],[134.1727230613203,33.24629178423851],[134.17391275017337,33.2453306221106],[134.1744666669032,33.24483790064863],[134.17465849499365,33.24445579310043],[134.17489374774834,33.24465506308076],[134.17523706933537,33.2447302877726],[134.17635212704909,33.24315426995366],[134.18145603057144,33.249218667407604],[134.1850167828983,33.264065261202916],[134.18559900129299,33.274247774815024],[134.18743983078366,33.28216207232185],[134.1865330605524,33.292353440658815],[134.18881478627338,33.298293261325],[134.1886860051551,33.30122213469383],[134.19244865078463,33.30714901771307],[134.1923852791574,33.31256055862292],[134.19405942919934,33.32036526114791],[134.19575499389794,33.321611946334315],[134.19850304777754,33.329685189120255],[134.19814972842732,33.335751387016956],[134.19916944181637,33.33774749525077],[134.1986566672714,33.34337833314362],[134.20011250328946,33.35018389157341],[134.20326499398436,33.352996107584374],[134.20165444939335,33.35558638710211],[134.2052505576671,33.362120279227554],[134.20541693944028,33.36796361343005],[134.21190722433903,33.377326946281585],[134.21406499380453,33.388519721408045],[134.21079789890393,33.39276627874085],[134.21189836601684,33.40059984680556],[134.2174024903327,33.41009649515718],[134.22360277624716,33.422178612552955],[134.23464639431575,33.43768638701721],[134.2351874966057,33.441888613169],[134.24160499397533,33.450739720961394],[134.2405455512362,33.45935166664617],[134.2420849936276,33.46391749499645],[134.24732165956698,33.4714305590731],[134.2501749943806,33.47387527882114],[134.2522627759065,33.47874222537348],[134.26119722387284,33.48997610761131],[134.2678548123498,33.49578044091464],[134.2703594422345,33.50284555897542],[134.279041946029,33.51177444103769],[134.28631390366377,33.51671357706999],[134.28987731528593,33.520417279334026],[134.28367658870366,33.52138925221226],[134.2833537482769,33.5254249464042],[134.28557942914745,33.53097578420511],[134.2906558502873,33.53288744969609],[134.29572425397123,33.54171347719529],[134.2976989619376,33.53753530610953],[134.29983935110522,33.53776035065971],[134.30068569408957,33.546698748448534],[134.30440385205623,33.545378162372344],[134.30586267202477,33.54843572063203],[134.3036944488398,33.55390722473868],[134.29699778212205,33.55342110789786],[134.2956755511858,33.557728332596525],[134.2893252790385,33.5583230542656],[134.28723749661322,33.55979638659403],[134.27873693915853,33.559522495366934],[134.27374555071663,33.56062389237877],[134.2700091697874,33.55486222471194],[134.2629047207763,33.55641777486045],[134.25820610932453,33.55327305430808],[134.24917861210338,33.55289944085655],[134.24335082987693,33.555916107842165],[134.23850749682356,33.552920829432765],[134.23223055809387,33.55565222517009],[134.22953778194312,33.557907775223725],[134.22871639424625,33.561012494830834],[134.21870610889982,33.56753749535915],[134.21170360613655,33.56695889223914],[134.20717527861632,33.5654941619261],[134.20227055784005,33.56247666666491],[134.19591499408182,33.560821666786524],[134.19316999969578,33.56162722461676],[134.19535555101788,33.56873082916451],[134.192470829865,33.57398166662068],[134.18776749697247,33.5757683326425],[134.18691111485612,33.579048892192645],[134.18853693892868,33.58106277462741],[134.18471917025352,33.58868582938754],[134.17877916972293,33.594147494911],[134.1760152787822,33.59405999986916],[134.17057722405968,33.596972494784836],[134.17023999987612,33.60211499990737],[134.17595527871322,33.60710055894367],[134.17252472123891,33.60960305383793],[134.1647944493045,33.61048582925764],[134.16061444899765,33.61281277468987],[134.1559555507082,33.611788613253964],[134.1521427759684,33.6181808288822],[134.1548916599222,33.62298527884758],[134.1527047209462,33.62583527897499],[134.14925138814112,33.627140829285906],[134.1502249941882,33.63055166732562],[134.1562100003913,33.63342666680728],[134.1584125030347,33.632646666810274],[134.1639852788976,33.63544666732986],[134.17054749696945,33.64195805392109],[134.174824721184,33.643291946366276],[134.18417333303296,33.649023332960496],[134.17816583658418,33.653645558695644],[134.17636805404254,33.653476666914685],[134.17133444872593,33.657685558841536],[134.17534972830742,33.66159389194462],[134.1715894415995,33.665295828839476],[134.1689647207453,33.670768332992225],[134.17264138759003,33.67508389170831],[134.17546472102015,33.675930559347876],[134.17478221832482,33.683991108203145],[134.16384527873674,33.68812389230385],[134.1609661090987,33.68683527892506],[134.14855082975703,33.68570610815044],[134.14258693873626,33.6874749999713],[134.13578416280893,33.69093333300697],[134.1333827759944,33.69396110841848],[134.1262630609915,33.69588527898247],[134.11991221777464,33.69495249496174],[134.11199083001281,33.695659441230305],[134.10601999982316,33.69358749496695],[134.09989916991083,33.6946213870674],[134.09509250311658,33.692419999583365],[134.09044082998037,33.69306999988066],[134.08140027190507,33.69046916232202],[134.0763983272211,33.6906136132277],[134.0663349935652,33.68862499994384],[134.05805666668186,33.69103333312188],[134.05659972809508,33.69391166728968],[134.06477360591725,33.69853805418791],[134.0635236058298,33.700142495080115],[134.06471499440158,33.70655444093478],[134.06642250299615,33.709513053984324],[134.07010166006364,33.711195829424014],[134.0650374966832,33.71945222543991],[134.06841749697003,33.72835194608547],[134.0661933332558,33.734066946132714],[134.06178111540623,33.735215278762155],[134.06149360574534,33.74043999990613],[134.0590466673699,33.74322138715735],[134.05948693857147,33.74592472134884],[134.0560955510689,33.75194916192436],[134.05689722382783,33.75784555882552],[134.0589541631042,33.761000278939775],[134.05878832721964,33.776666945623106],[134.05532221774627,33.784690559321916],[134.05027194619345,33.78563666679878],[134.0458688852409,33.78999722489209],[134.04657999986716,33.799070558759354],[134.04073805421785,33.80188722461577],[134.03920472092125,33.80457610760135],[134.03331138801025,33.80927805373926],[134.03388221828982,33.812123333325246],[134.03697805439378,33.814979721337124],[134.03687972791715,33.82033944061277],[134.0326769387898,33.82843805417292],[134.02670693867435,33.82743527861527],[134.02340722356462,33.824693054141164],[134.01233138818304,33.82178722500049],[134.0056249943981,33.82141389213746],[133.99593165981832,33.82193027925905],[133.9899486123387,33.8285827748752],[133.9902163935718,33.831015558821036],[133.98714722416514,33.836668612666415],[133.98749472130442,33.839459720689604],[133.98311639440612,33.8407983327769],[133.97909389057065,33.837493053561616],[133.97425472137832,33.836367224667754],[133.9597833328346,33.834660279048705],[133.95708805387062,33.83201194559484],[133.95110499380053,33.82868582908782],[133.95307416284243,33.82366082938381],[133.95211832739892,33.82036694637753],[133.95273000038924,33.81549333315087],[133.95116250274737,33.81054027921056],[133.94747360602219,33.80374416186362],[133.94126083032313,33.79915805380119],[133.93606138822258,33.79900610794556],[133.92487832667348,33.80060916208322],[133.92430499358068,33.79871889236307],[133.91929639391356,33.797634161587325],[133.9127780537642,33.79140472055144],[133.90799888464085,33.79522527892351],[133.90105999991908,33.79437999983719],[133.89597499385093,33.80238000003703],[133.89113888505153,33.80356027928349],[133.88493583731906,33.80341249459099],[133.8799944493844,33.805071386735165],[133.87235861166062,33.80619305356663],[133.87249555142864,33.81015805385118],[133.86885111538675,33.81447749494049],[133.86636722386834,33.81921694640499],[133.85968499396733,33.82613361337559],[133.8568688847913,33.82790722483861],[133.85352306144023,33.834601946322834],[133.84815555133764,33.83541722492504],[133.84391221807448,33.83813249491874],[133.83869499367904,33.84516694609772],[133.83259666660297,33.84405805413593],[133.82848805358083,33.844748891748],[133.81777277619278,33.837321387372185],[133.80902416323465,33.83803110804922],[133.80720778181376,33.836753333299725],[133.79926583734857,33.83749249508264],[133.79694888518293,33.8363474953407],[133.78858000016692,33.83624389164231],[133.7867133331539,33.84084333305344],[133.77577250309855,33.84229666715754],[133.77328111483166,33.83988333284958],[133.7668433332533,33.84028249514108],[133.75622639403298,33.83643027883437],[133.7482355507301,33.836770828710826],[133.74081722393578,33.8428724949697],[133.74018416326862,33.84777889208226],[133.7289513880961,33.85107972055272],[133.72650555139012,33.84988861256949],[133.7194694418613,33.84927861321745],[133.71528444941782,33.85094444093323],[133.7075980536074,33.85168166737509],[133.70173610883444,33.84979110807325],[133.6976211151224,33.852048613252975],[133.69485861183557,33.85627666703459],[133.68730165994373,33.85652777483699],[133.68081111514095,33.85951166692996],[133.67769499392887,33.85853916165303],[133.67434444913704,33.860849721437546],[133.67177389085248,33.864989441109856],[133.6664113881751,33.866011386616265],[133.66291027169177,33.87034527891154],[133.6607480541794,33.88180916186337]]],[[[134.1774345780434,33.24130863088868],[134.17753740562682,33.24147903622861],[134.17742623863012,33.24153445874833],[134.17736815771434,33.24135055908107],[134.1774345780434,33.24130863088868]]],[[[134.17735719767654,33.24157100000173],[134.17745666719145,33.24178009867268],[134.1773572498373,33.241855666905565],[134.17728747143974,33.24171312615988],[134.17735719767654,33.24157100000173]]],[[[134.17681622578823,33.241998017894275],[134.17693887173164,33.24209499988439],[134.17681247741393,33.242138522574805],[134.17681622578823,33.241998017894275]]],[[[134.17732121939878,33.24256955863825],[134.17707472062193,33.24248452324218],[134.17701177707193,33.24233725206261],[134.17704552503096,33.242134188741886],[134.17723709501604,33.24225018869532],[134.17721594026352,33.242401333254975],[134.17732121939878,33.24256955863825]]],[[[134.17533543538207,33.24416591912194],[134.17510256762944,33.244124802117994],[134.17530978042214,33.24381592816263],[134.17533543538207,33.24416591912194]]],[[[134.1754330873672,33.24398568509133],[134.1754209725999,33.24419566689659],[134.1754798053488,33.24433835063445],[134.17538785956208,33.2444398472212],[134.17538538282918,33.24400595491096],[134.1754330873672,33.24398568509133]]],[[[134.1749546561325,33.24448151371092],[134.1747002846904,33.24447603594035],[134.17473114132918,33.24427470291528],[134.1749546561325,33.24448151371092]]],[[[134.17386989567922,33.24438892760696],[134.1739812578288,33.24444107209786],[134.17403585027432,33.24453555037542],[134.17399344993783,33.24470205355698],[134.17388328118852,33.24453854062119],[134.17386989567922,33.24438892760696]]],[[[134.17436492929812,33.24466955925283],[134.1742927236304,33.24453163112992],[134.17453942925135,33.24444850499458],[134.17449569432085,33.244677234067126],[134.17436492929812,33.24466955925283]]],[[[134.1739176910487,33.24496783829517],[134.17382036281958,33.24495465783127],[134.17374966261696,33.244816270154786],[134.17379673223343,33.24472782902615],[134.1739176910487,33.24496783829517]]],[[[134.17353435772452,33.245245018342985],[134.1731858749282,33.24514176627952],[134.17341016944386,33.24498916212019],[134.17353435772452,33.245245018342985]]],[[[134.1737612710658,33.24543432383501],[134.17356076541705,33.24538590973202],[134.1736949811385,33.245144153080275],[134.1737975488179,33.24530888279878],[134.1737612710658,33.24543432383501]]],[[[134.17201115439127,33.24605361318373],[134.1718827626794,33.24587928769904],[134.1722883659154,33.24593101760246],[134.17230979226315,33.24608049481901],[134.17201115439127,33.24605361318373]]],[[[134.18331064936706,33.2463676132748],[134.183194008197,33.24645210817829],[134.1831579381884,33.24631281128728],[134.18331064936706,33.2463676132748]]],[[[134.17246878070978,33.24622959521969],[134.17231978013376,33.24651596364089],[134.1720914269779,33.246321351249435],[134.17246878070978,33.24622959521969]]],[[[134.18193202284465,33.24741989201448],[134.1819903888454,33.24765302686575],[134.18180581108936,33.247597946088376],[134.18193202284465,33.24741989201448]]],[[[134.18178835255048,33.247477936957296],[134.18170967626065,33.247655377693604],[134.1816318938969,33.24767266715992],[134.1816274323602,33.24745745040104],[134.18178835255048,33.247477936957296]]],[[[134.1820020746361,33.24781734199678],[134.18187613537543,33.2480449909836],[134.18177740600254,33.24800441357286],[134.18184381284175,33.247807748029174],[134.1820020746361,33.24781734199678]]],[[[134.18204123201735,33.24800909904076],[134.1822077945542,33.24820493720813],[134.18212433207236,33.24834552282766],[134.1819880802857,33.248143296775766],[134.18204123201735,33.24800909904076]]],[[[134.1816547339788,33.24855449469425],[134.18143498103962,33.2484749100891],[134.1815664853051,33.24820457658001],[134.1816547339788,33.24855449469425]]],[[[134.18194304763358,33.248591233798436],[134.18204737978283,33.2486900360164],[134.18193138792333,33.24876190084109],[134.18184770420828,33.24866723370593],[134.18194304763358,33.248591233798436]]],[[[134.1716605060276,33.24896486523642],[134.17151372228057,33.24900947700581],[134.17134632877014,33.24892743185552],[134.1714216730718,33.24885921558041],[134.1716605060276,33.24896486523642]]],[[[134.16675071307498,33.2558034054029],[134.16659622573525,33.25578448636503],[134.16664665431972,33.25562686488797],[134.16675071307498,33.2558034054029]]],[[[134.1674397916131,33.25671493664504],[134.16742932620252,33.25684872069195],[134.1672969262122,33.256769449950184],[134.1674397916131,33.25671493664504]]],[[[134.16753407293913,33.25738484703311],[134.16734680890818,33.257415612840305],[134.16740483766318,33.2572135864379],[134.16753407293913,33.25738484703311]]],[[[134.16741431921548,33.257810559110055],[134.1674198572407,33.25794713465257],[134.16731556376237,33.258105405440176],[134.1672126327569,33.257837251887736],[134.16741431921548,33.257810559110055]]],[[[134.1670129436925,33.25839458604139],[134.16687966326595,33.25832559455063],[134.16698695238597,33.25815063144654],[134.16713360573135,33.25821287442466],[134.1670129436925,33.25839458604139]]],[[[134.15938531767836,33.26200944068319],[134.1599626977204,33.26163027931398],[134.16231329442303,33.26179172111108],[134.16229328091026,33.26198434240354],[134.15996211406036,33.26182234212746],[134.15938531767836,33.26200944068319]]],[[[134.18823753573372,33.262283296836756],[134.18812808014684,33.26235540537772],[134.18735980461133,33.261519901022666],[134.18747339797903,33.261442712211476],[134.18823753573372,33.262283296836756]]],[[[134.1641502981978,33.2626884054456],[134.16252846981308,33.26252736024952],[134.16255572017042,33.26241224343033],[134.1641502981978,33.2626884054456]]],[[[134.18574313923455,33.268518008799106],[134.18555670617707,33.26849262183708],[134.1855887157467,33.26823437791427],[134.1857775230144,33.26842593710734],[134.18574313923455,33.268518008799106]]],[[[134.15899339762723,33.26910469412638],[134.1590737997161,33.26924980243649],[134.15896368402684,33.26927959517724],[134.15889596597606,33.2691535408033],[134.15899339762723,33.26910469412638]]],[[[134.15924799030256,33.270116945840414],[134.158996627992,33.27017797293513],[134.15901617385737,33.269922864948285],[134.15919745829615,33.26990621579927],[134.15924799030256,33.270116945840414]]],[[[134.18628287905165,33.270952062587696],[134.18616855993116,33.271323297332344],[134.18603150504998,33.27103767624783],[134.18628287905165,33.270952062587696]]],[[[134.18654993543123,33.271539945811924],[134.18644156892333,33.27177985615549],[134.1864045402374,33.27139665772961],[134.18654993543123,33.271539945811924]]],[[[134.18671470831725,33.27261007159757],[134.1865930354403,33.27260272143849],[134.1865730740882,33.27244016178412],[134.18683064891536,33.272515568139],[134.18671470831725,33.27261007159757]]],[[[134.18645415043875,33.27396406299118],[134.18612160812575,33.27380197278285],[134.18642146637762,33.273683729920265],[134.18645415043875,33.27396406299118]]],[[[134.18668915677927,33.27382931487102],[134.18687613482587,33.27412899955374],[134.18672835283132,33.27416146777756],[134.18668915677927,33.27382931487102]]],[[[134.15346221810694,33.27722767571669],[134.15331791199208,33.27731057702158],[134.15332712104987,33.277076171428234],[134.15353016908205,33.27706915311899],[134.15346221810694,33.27722767571669]]],[[[134.13494942917293,33.28530810768308],[134.13813255527327,33.28402508988603],[134.1382278861081,33.28421639636963],[134.13494942917293,33.28530810768308]]],[[[134.1438926716096,33.28918550500708],[134.1436826070667,33.28885602668436],[134.14387144041473,33.28885234216193],[134.1440783924039,33.28903647655221],[134.1438926716096,33.28918550500708]]],[[[134.18760316475436,33.29015766674297],[134.18750735368144,33.29003033263382],[134.18763963675985,33.290017513697364],[134.18760316475436,33.29015766674297]]],[[[134.18785732755373,33.29040809915449],[134.1876077692832,33.29038892830647],[134.18765367068045,33.290232045172786],[134.18785732755373,33.29040809915449]]],[[[134.14201871559135,33.29109048583729],[134.14214917034803,33.29128115290291],[134.14207630367855,33.29134446787293],[134.14201871559135,33.29109048583729]]],[[[134.1418516467362,33.291454999948314],[134.1417110116539,33.291399640381144],[134.14179364496079,33.29124655868179],[134.14189854728022,33.29140949515215],[134.1418516467362,33.291454999948314]]],[[[134.1414442016886,33.29169217995019],[134.141328404982,33.29158195544295],[134.1414697802063,33.29155002681233],[134.1414442016886,33.29169217995019]]],[[[134.1138502718726,33.29270934196262],[134.11365335901542,33.29278542280906],[134.11365202262277,33.29262591905098],[134.1138502718726,33.29270934196262]]],[[[134.11416623878097,33.29282797333235],[134.1139190268417,33.292791054363704],[134.11397070008775,33.29267204527872],[134.11416623878097,33.29282797333235]]],[[[134.11379151826407,33.29308780186062],[134.11344487727933,33.2928969998967],[134.1139381967904,33.2928910445861],[134.11379151826407,33.29308780186062]]],[[[134.11451418917852,33.293160693711116],[134.11395468226283,33.29326698188578],[134.1140752660607,33.29299316170511],[134.11451418917852,33.293160693711116]]],[[[134.1145617507243,33.2934657752254],[134.11473460401885,33.29355554105541],[134.1147142928304,33.293614882820634],[134.11450676977165,33.29355603568257],[134.1145617507243,33.2934657752254]]],[[[134.1888595851018,33.29333126992225],[134.18895892331568,33.293416648859306],[134.18856456520257,33.29362325191158],[134.18821355441207,33.29360608115576],[134.1888595851018,33.29333126992225]]],[[[134.11151265868227,33.29380759494461],[134.11144454043324,33.293860865386705],[134.11128705565318,33.2936803058015],[134.1114243578479,33.29366132381108],[134.11151265868227,33.29380759494461]]],[[[134.11126880661016,33.29378859496774],[134.11120548624422,33.29390135106655],[134.111096082818,33.29374887371159],[134.11124285307528,33.29370234188963],[134.11126880661016,33.29378859496774]]],[[[134.11482666671736,33.293899811427195],[134.11460625187703,33.293854820143906],[134.11465692597642,33.293763865410085],[134.11482666671736,33.293899811427195]]],[[[134.10802675692935,33.29541665835217],[134.10810818424534,33.295515359846036],[134.1080097921183,33.29555677542487],[134.1079041757372,33.29543809009584],[134.10802675692935,33.29541665835217]]],[[[134.1084811277019,33.309653946172716],[134.10832879423856,33.30964702678892],[134.10838688684544,33.309289756716964],[134.10855719775657,33.309303621564936],[134.1084811277019,33.309653946172716]]],[[[134.20016260721866,33.32599516194722],[134.20000747056838,33.32598869402307],[134.20003230894395,33.325451305933086],[134.20018230866663,33.32544894611203],[134.20016260721866,33.32599516194722]]],[[[134.19912082986252,33.3274266668073],[134.19916805416244,33.32753527883011],[134.19906194585224,33.32757361333165],[134.19900277585748,33.327488891798964],[134.19912082986252,33.3274266668073]]],[[[134.0377641625861,33.36913638693477],[134.0378661088339,33.369195000249135],[134.03780250338286,33.36930889219167],[134.03766639368916,33.36918833267549],[134.0377641625861,33.36913638693477]]],[[[134.03359583727809,33.375155559281666],[134.03385693924645,33.375267495198784],[134.03374389086798,33.37532944140065],[134.03359583727809,33.375155559281666]]],[[[134.03417082962017,33.37533444073193],[134.03432805359682,33.37546722473269],[134.03420888533185,33.37549833318161],[134.03405610940194,33.37541389223736],[134.03417082962017,33.37533444073193]]],[[[134.2139203630344,33.392340793293044],[134.21442548614732,33.39246231508383],[134.21512891067073,33.393788603761095],[134.21493525335927,33.39385879314881],[134.21427878064128,33.39262167584974],[134.2139203630344,33.392340793293044]]],[[[134.21413198430366,33.39434798207378],[134.21365701725756,33.394945819893735],[134.2135522183603,33.394867801907594],[134.21402062305333,33.39428370303051],[134.21413198430366,33.39434798207378]]],[[[133.94435175073272,33.458647585617655],[133.94442118019333,33.45886509025178],[133.9443143317411,33.45886006304153],[133.9442577428007,33.458713297280894],[133.94435175073272,33.458647585617655]]],[[[133.9414310378122,33.46682750508535],[133.94123927357373,33.466755694219955],[133.94133670612416,33.46660016186803],[133.94152302226973,33.466764873600084],[133.9414310378122,33.46682750508535]]],[[[133.8858126070662,33.49839871183116],[133.88217077815898,33.498292964149016],[133.88217381337085,33.498102513820015],[133.88578381257298,33.49816743228121],[133.8858126070662,33.49839871183116]]],[[[133.86743749714287,33.50260444084233],[133.86740722416414,33.502385829142725],[133.86764999974775,33.50236555932315],[133.86759499361415,33.50259777506733],[133.86743749714287,33.50260444084233]]],[[[133.8679216597568,33.50262666668738],[133.86803166033292,33.50280277462838],[133.86780333325726,33.502822774651406],[133.8679216597568,33.50262666668738]]],[[[133.84305250307068,33.50510000016493],[133.84323444941037,33.50543416215692],[133.84302138832652,33.50542166697642],[133.84285944200974,33.505218892338064],[133.84305250307068,33.50510000016493]]],[[[133.84322416296482,33.505623053960846],[133.84327527863127,33.50573082871483],[133.84313749709793,33.505763612600674],[133.843090557883,33.50565082862289],[133.84322416296482,33.505623053960846]]],[[[133.84055888538433,33.50588444101419],[133.8406474973841,33.50605694627109],[133.84039722415264,33.50598694574103],[133.84055888538433,33.50588444101419]]],[[[133.84070360608666,33.5061880539356],[133.84067472076185,33.50631277461491],[133.84051972800307,33.506276666834765],[133.84050027207002,33.506167775122776],[133.84070360608666,33.5061880539356]]],[[[133.84001499429667,33.50630749469519],[133.83981639431124,33.506294441035664],[133.83987444914658,33.50616472102513],[133.84001499429667,33.50630749469519]]],[[[133.8380099998617,33.506909440618244],[133.8381391703865,33.50706389198507],[133.83802277563063,33.50713722540269],[133.83791917013366,33.50702582907883],[133.8380099998617,33.506909440618244]]],[[[133.83828111488162,33.50756472083526],[133.83807583742998,33.507529721019864],[133.83819360634993,33.5074308288697],[133.83828111488162,33.50756472083526]]],[[[133.83714194634376,33.507811108096234],[133.8371608303081,33.50807110839497],[133.83698639420675,33.50809416161633],[133.8369805576067,33.50789416228582],[133.83714194634376,33.507811108096234]]],[[[133.83770749670373,33.508094999784475],[133.8373936063299,33.50807472097165],[133.83750639390507,33.50791389161287],[133.83770749670373,33.508094999784475]]],[[[133.45515583717224,33.41899833280689],[133.45520639435972,33.418763053971816],[133.45548055808138,33.41877666700964],[133.45534527936127,33.41897138731974],[133.45515583717224,33.41899833280689]]],[[[133.45657999996706,33.41915582927817],[133.4563047210861,33.41913361332564],[133.4563500001525,33.41893333340664],[133.45666639423882,33.41893082879477],[133.45657999996706,33.41915582927817]]],[[[133.45789749687208,33.41924166686948],[133.45786082971358,33.41876805420242],[133.45848722370647,33.41877582884149],[133.4583927760059,33.41914166675457],[133.45789749687208,33.41924166686948]]],[[[133.45756360557596,33.41958110788187],[133.4570566667319,33.419544721311865],[133.45707749682913,33.419343053739],[133.45764472082726,33.41933416214192],[133.45756360557596,33.41958110788187]]],[[[133.45810832673794,33.41961389176777],[133.45813165964842,33.41978666682127],[133.45790027217993,33.41978527916734],[133.45794221835877,33.419607494890045],[133.45810832673794,33.41961389176777]]],[[[133.45762583686292,33.421225279023474],[133.45724055830522,33.421327225271284],[133.45719138787229,33.421213891807724],[133.45762583686292,33.421225279023474]]],[[[133.45726832667197,33.42164889208277],[133.4573694419463,33.421440829430765],[133.45758583681697,33.42146194641174],[133.45745749726575,33.42164777512477],[133.45726832667197,33.42164889208277]]],[[[133.45847194602356,33.42333166662314],[133.4585083271976,33.42346416194158],[133.4582841630837,33.42355416159535],[133.45820250284328,33.42341444112361],[133.45847194602356,33.42333166662314]]],[[[133.4596466665605,33.42717777473456],[133.45952693891718,33.42733277468784],[133.45925861179558,33.42733166672309],[133.45928306076473,33.42718610785266],[133.4596466665605,33.42717777473456]]],[[[133.46173472058092,33.42903638741939],[133.4617083272775,33.42881361275806],[133.4619672241082,33.42884805409449],[133.46189832704624,33.42902638695824],[133.46173472058092,33.42903638741939]]],[[[133.46360499387538,33.4289308285949],[133.46349610935806,33.42913805397808],[133.463373333013,33.429019161804945],[133.46360499387538,33.4289308285949]]],[[[133.46480082959465,33.42932305441548],[133.4647622181019,33.42913889214623],[133.46495389060965,33.42912249480736],[133.4649874973752,33.42923722491804],[133.46480082959465,33.42932305441548]]],[[[133.46519749716686,33.42943361257119],[133.46528000007197,33.42956582909977],[133.46510527888563,33.4296244406155],[133.46506805414742,33.42946749542864],[133.46519749716686,33.42943361257119]]],[[[133.46434693906008,33.429822224915824],[133.46423083028867,33.42973499967053],[133.46468666695614,33.42946749542864],[133.46472527934827,33.429658613054585],[133.46434693906008,33.429822224915824]]],[[[133.4654247207743,33.42976638690931],[133.46555917031947,33.429928612915205],[133.46523306085714,33.430145559070354],[133.46508832666495,33.42993666724345],[133.4654247207743,33.42976638690931]]],[[[133.46463944175684,33.430189161800456],[133.4644208300573,33.430020000222896],[133.46477722418956,33.42997499994635],[133.46463944175684,33.430189161800456]]],[[[133.4621271847219,33.431305549611466],[133.4621976007387,33.43151645861775],[133.4621301560819,33.43158054070943],[133.46202092082888,33.431402287885305],[133.4621271847219,33.431305549611466]]],[[[133.46267985679003,33.431489909731624],[133.4626181318214,33.43158124307996],[133.46238417588904,33.43154688268254],[133.4624692481574,33.431446414020854],[133.46267985679003,33.431489909731624]]],[[[133.46257699143507,33.431650441414774],[133.4624571603697,33.43179658574388],[133.4622449941113,33.43182442335848],[133.46233888513154,33.431636522607505],[133.46257699143507,33.431650441414774]]],[[[133.442355550868,33.44022805368178],[133.44222666722692,33.44017499997631],[133.44236778164782,33.440043612622674],[133.44250888527688,33.44010944119782],[133.442355550868,33.44022805368178]]],[[[133.4476808818673,33.44435029682876],[133.44956604433753,33.44335420683126],[133.45397006486667,33.44356177485605],[133.45390570668303,33.44365477464817],[133.44960722429403,33.44349326989851],[133.4476808818673,33.44435029682876]]],[[[133.45770583695491,33.445401946043035],[133.4575866668912,33.44557749460574],[133.45750999968675,33.44543527941465],[133.45770583695491,33.445401946043035]]],[[[133.44860827535172,33.44826430555332],[133.44638403429576,33.448402891979924],[133.44426538264133,33.44792961296133],[133.44214627772863,33.44637527869622],[133.4437608296986,33.446273891826706],[133.44553499424467,33.44711361310283],[133.44759138763254,33.44740110837449],[133.44860827535172,33.44826430555332]]],[[[133.3159358372692,33.32608333327926],[133.31564277609334,33.325269721120776],[133.31644166005458,33.32530861320197],[133.3159358372692,33.32608333327926]]],[[[133.32285055810678,33.34741610836676],[133.32226306069174,33.34728944065523],[133.32227111502004,33.34682333283058],[133.32305972782422,33.346978053994064],[133.32285055810678,33.34741610836676]]],[[[133.32336944174642,33.347531946442245],[133.32330583719465,33.34765861325445],[133.32316027202899,33.34759638736341],[133.32312583698786,33.347514720827746],[133.32336944174642,33.347531946442245]]],[[[133.3211016600137,33.34717333278314],[133.32124722428,33.34736444141589],[133.32121027203652,33.34762222488581],[133.32094555119625,33.34768638701718],[133.32091111525585,33.34742666730688],[133.3211016600137,33.34717333278314]]],[[[133.3249999998502,33.34866746822911],[133.32443333343167,33.34833000032933],[133.3250205583521,33.348168332802345],[133.3249999998502,33.34866746822911]]],[[[133.32580693903913,33.349456108013044],[133.32595221822032,33.34965972081949],[133.32566472115002,33.3497752792058],[133.3254849943371,33.349673612647166],[133.32555055761225,33.349414440624],[133.32580693903913,33.349456108013044]]],[[[133.31993111502902,33.35265638688281],[133.32003861189253,33.35121638702668],[133.3224383268673,33.34756694625764],[133.32420055830914,33.350285279342245],[133.32221944177388,33.350364720955156],[133.31993111502902,33.35265638688281]]],[[[133.32028306111442,33.353604161702776],[133.32027583686045,33.35369777483248],[133.3201436059427,33.353701667098335],[133.3201436059427,33.35360805396857],[133.32028306111442,33.353604161702776]]],[[[133.2630005581293,33.354233332802096],[133.26293444896567,33.354369440697155],[133.26281972784818,33.354269161792445],[133.2630005581293,33.354233332802096]]],[[[133.26312416274993,33.35449500044399],[133.26304472113702,33.35460582929562],[133.2629166666709,33.35454138657576],[133.26302277588047,33.354462775037064],[133.26312416274993,33.35449500044399]]],[[[133.3110866667164,33.35586222536148],[133.31106360630042,33.35595582859867],[133.31088165996073,33.355972494834816],[133.31086888509105,33.355897774662594],[133.3110866667164,33.35586222536148]]],[[[133.30639778233183,33.35598833279539],[133.30649888501557,33.356082495410874],[133.30626166004765,33.35610916210817],[133.30621555090704,33.356005829105754],[133.30639778233183,33.35598833279539]]],[[[133.31467389058764,33.35642249490229],[133.3146955507591,33.356576946269115],[133.31448666702613,33.356523891664324],[133.31453972792622,33.35642249490229],[133.31467389058764,33.35642249490229]]],[[[133.3016188848037,33.357405559119286],[133.3014094416925,33.357305559004374],[133.30173389100628,33.3570924952225],[133.3018897282284,33.357332224802406],[133.3016188848037,33.357405559119286]]],[[[133.30085527944766,33.35798472071832],[133.3009374972678,33.35811805420491],[133.3008716596994,33.35815138667721],[133.30075277562014,33.35803138743864],[133.30085527944766,33.35798472071832]]],[[[133.29798000027688,33.358258612844736],[133.29797805414398,33.35830749459524],[133.2977802716423,33.35835138690703],[133.2977697279906,33.358285559231206],[133.29798000027688,33.358258612844736]]],[[[133.27356693926288,33.35826389186519],[133.273571388209,33.35838694610072],[133.27341527939166,33.35838694610072],[133.27345749716585,33.35828444137394],[133.27356693926288,33.35826389186519]]],[[[133.29846722418313,33.358530558838254],[133.29816111474372,33.35846277513701],[133.29832972773477,33.35825333292502],[133.29871693893563,33.358366667287896],[133.29846722418313,33.358530558838254]]],[[[133.30822741886038,33.35868763982279],[133.30552583744748,33.35661166729466],[133.31064165968496,33.35611082855195],[133.30822741886038,33.35868763982279]]],[[[133.26769888539536,33.35938582939258],[133.2670461088909,33.35905194619039],[133.2680866667663,33.358627225166344],[133.26814250297423,33.359245000056774],[133.26769888539536,33.35938582939258]]],[[[133.33326610944346,33.359573332643265],[133.33337999958735,33.359747775039864],[133.33326610944346,33.3598319461874],[133.33315722402676,33.35970472089622],[133.33326610944346,33.359573332643265]]],[[[133.2979633331414,33.36018416206946],[133.29813194613246,33.3602466667503],[133.2980883272146,33.36035305385042],[133.29788416312374,33.36028027891177],[133.2979633331414,33.36018416206946]]],[[[133.26345111487706,33.3612991622266],[133.2635991702656,33.36139055942681],[133.26346444912508,33.36146582908481],[133.26335165975138,33.36135472144332],[133.26345111487706,33.3612991622266]]],[[[133.3236299996248,33.361508613431795],[133.32350389129158,33.36164833300421],[133.32342861174106,33.36159527929874],[133.3234916596125,33.36149861297065],[133.3236299996248,33.361508613431795]]],[[[133.33165722410172,33.36197500004624],[133.33134333282862,33.36195777533112],[133.33136722421807,33.36187472114153],[133.33158805364587,33.36190361276158],[133.33165722410172,33.36197500004624]]],[[[133.3319513878463,33.362741387005485],[133.33186639381904,33.362360278604],[133.33250138802873,33.36245027915709],[133.33244221803398,33.362695278764136],[133.3319513878463,33.362741387005485]]],[[[133.32860639367016,33.36287722510389],[133.3284591701546,33.36270194633778],[133.32879166030693,33.362499440596764],[133.32891778213002,33.36263833279287],[133.32860639367016,33.36287722510389]]],[[[133.3017530609551,33.36422027894275],[133.2981302715948,33.36205166725068],[133.2998611148986,33.358842225188596],[133.30372111483769,33.36239222522107],[133.3017530609551,33.36422027894275]]],[[[133.26801310042435,33.36700427872455],[133.26784086856128,33.367076423238416],[133.26782922234077,33.36698755942837],[133.26801310042435,33.36700427872455]]],[[[133.27305476006916,33.369949514358666],[133.27277818436573,33.3699403331799],[133.2727735015959,33.36984200040803],[133.2729938004236,33.36984568493045],[133.27305476006916,33.369949514358666]]],[[[133.2726868483195,33.36996852332874],[133.27259939014982,33.3701162162904],[133.2724959267457,33.37000783809128],[133.2726868483195,33.36996852332874]]],[[[133.3328813875661,33.37242610787865],[133.33300166019853,33.37254305391883],[133.332855550943,33.37259027911813],[133.3328813875661,33.37242610787865]]],[[[133.33215250323553,33.373460829154],[133.33218250282027,33.373576107851136],[133.33204917023306,33.37364582869208],[133.33199111539773,33.373530558988136],[133.33215250323553,33.373460829154]]],[[[133.30380900108457,33.374799441241294],[133.30393754927854,33.37491265779295],[133.30381920928914,33.374978954914866],[133.30380900108457,33.374799441241294]]],[[[133.33544302187806,33.37499999995009],[133.33539693881778,33.37533249459898],[133.33519778215202,33.37524027901571],[133.3351852788776,33.37504277530388],[133.33544302187806,33.37499999995009]]],[[[133.29610167265412,33.37551738711778],[133.2885761997319,33.3751585045614],[133.28879399484708,33.37502257743006],[133.29611280176448,33.37541009889702],[133.29610167265412,33.37551738711778]]],[[[133.3332254465971,33.37551544997808],[133.33304258115027,33.375503649074176],[133.3331059527776,33.37539605418459],[133.3332254465971,33.37551544997808]]],[[[133.29708338519015,33.37534441421337],[133.29707452686796,33.375459720789536],[133.29869294412413,33.37554723381783],[133.29868575944033,33.375645323772744],[133.29706557681493,33.375557198306126],[133.29708338519015,33.37534441421337]]],[[[133.27858304826907,33.37558122459387],[133.27839579772797,33.375625595345014],[133.27839669255343,33.37552236936193],[133.27857098566255,33.3754855052519],[133.27858304826907,33.37558122459387]]],[[[133.33437300940693,33.375847522844936],[133.3343464461317,33.37566891928526],[133.33471427964037,33.37566542272111],[133.33472069990046,33.375779649211495],[133.33437300940693,33.375847522844936]]],[[[133.28005940321896,33.376107089670484],[133.2800314396992,33.37597535068193],[133.28018025861206,33.37602249494222],[133.28005940321896,33.376107089670484]]],[[[133.28092420209032,33.376248377660545],[133.2806515690147,33.376146550123224],[133.28072464342756,33.37598438706988],[133.28092420209032,33.376248377660545]]],[[[133.28207021986486,33.3774622519814],[133.28199487736174,33.3773932434035],[133.28561758758167,33.37461220688789],[133.28549773043596,33.374864991026584],[133.28207021986486,33.3774622519814]]],[[[133.28214299570277,33.377634080948155],[133.28200142712421,33.377744846847236],[133.28195893595614,33.37761738683298],[133.28214299570277,33.377634080948155]]],[[[133.33051613461203,33.384645972633564],[133.33034070026315,33.384590604073196],[133.3304950581005,33.38449592794478],[133.33051613461203,33.384645972633564]]],[[[133.3308233331304,33.387738260912045],[133.33057977963324,33.387721522730146],[133.3303988720104,33.38760947709574],[133.3307629175747,33.387555523168885],[133.3308233331304,33.387738260912045]]],[[[133.33177394261338,33.38786772101855],[133.33154766509278,33.387953422812245],[133.331454266901,33.38789117983413],[133.33170750969384,33.38782407242303],[133.33177394261338,33.38786772101855]]],[[[133.37879055763824,33.39166361278558],[133.3791925033314,33.39178472088821],[133.37891555081205,33.39198861338383],[133.37879055763824,33.39166361278558]]],[[[133.34469329376054,33.392296486393775],[133.3444313877984,33.39229236929748],[133.3443751882644,33.392190324124215],[133.3445713753688,33.39220375729764],[133.34469329376054,33.392296486393775]]],[[[133.3393359657823,33.39212949488035],[133.33939625183564,33.392212171354686],[133.33923618690062,33.39232921632032],[133.3391400907426,33.392215035695415],[133.3393359657823,33.39212949488035]]],[[[133.34383050577333,33.39232700039082],[133.34387182872194,33.39224634199513],[133.34400189407222,33.39222368537486],[133.34403546036822,33.392309927661074],[133.34383050577333,33.39232700039082]]],[[[133.3788691700762,33.39223777505333],[133.37906082999336,33.392350559031115],[133.37905861226523,33.392600558868764],[133.3787897275639,33.392566667018116],[133.3788691700762,33.39223777505333]]],[[[133.37974360608257,33.39267333290803],[133.37960138819358,33.39284110773099],[133.37934555085656,33.39280722487359],[133.37942944231497,33.39262582891894],[133.37974360608257,33.39267333290803]]],[[[133.37704555091148,33.39275110807722],[133.37730527871565,33.39279027894827],[133.37731333304396,33.392903053932855],[133.3770569390266,33.39287416231281],[133.37704555091148,33.39275110807722]]],[[[133.38072027162332,33.39328666694615],[133.38075333339964,33.39337722507895],[133.38052360607958,33.39340277481824],[133.38049999977522,33.393308333412904],[133.38072027162332,33.39328666694615]]],[[[133.37953888531138,33.39347138679511],[133.379790557888,33.393728054206406],[133.37963360640583,33.39382444084532],[133.379401659559,33.39354749462126],[133.37953888531138,33.39347138679511]]],[[[133.37881944206367,33.39508805397054],[133.37881166022999,33.395206667353875],[133.3786888847843,33.39520027857003],[133.3786719460535,33.39511222504922],[133.37881944206367,33.39508805397054]]],[[[133.37845389103427,33.39515055865144],[133.37835194568584,33.39528249459153],[133.378261946032,33.395205000010776],[133.37845389103427,33.39515055865144]]],[[[133.374361387568,33.39502666714702],[133.37450555069063,33.39518138741113],[133.37437610857057,33.39530889239154],[133.37419360555054,33.39518333264476],[133.374361387568,33.39502666714702]]],[[[133.40662693928186,33.39580138722431],[133.40681250269495,33.39589833324152],[133.40671610886136,33.396016945725535],[133.40649277572106,33.39594861343784],[133.40662693928186,33.39580138722431]]],[[[133.40461778188524,33.39707444143238],[133.4042563938176,33.39668444143388],[133.40479194639124,33.39652999995957],[133.40461778188524,33.39707444143238]]],[[[133.40528083044603,33.39696889160109],[133.40550610881996,33.39719305391634],[133.4051444491571,33.397254440739914],[133.40528083044603,33.39696889160109]]],[[[133.3436154733755,33.39721764857569],[133.34353971538565,33.39737482039169],[133.34345728892276,33.39730883803247],[133.3436154733755,33.39721764857569]]],[[[133.40577944156803,33.397230559242985],[133.40595583729214,33.39726110831356],[133.40598221800497,33.39735500023312],[133.40581221825937,33.3973744408778],[133.40577944156803,33.397230559242985]]],[[[133.40650111513446,33.397327495367676],[133.40670389067213,33.397383333374194],[133.4065299995599,33.39755666690672],[133.40630389111175,33.39741110803624],[133.40650111513446,33.397327495367676]]],[[[133.40821306098405,33.39762110782789],[133.4083866670111,33.39786110810371],[133.4082338910813,33.397884441014185],[133.40813138815315,33.39774749495098],[133.40821306098405,33.39762110782789]]],[[[133.40886583658914,33.39789444057601],[133.40848749720033,33.39791444059898],[133.4084330612369,33.397506946088754],[133.4088511146873,33.397626386848344],[133.40886583658914,33.39789444057601]]],[[[133.4081377823328,33.39795500002327],[133.40829221841125,33.39799166718177],[133.40819360595026,33.39807916222361],[133.4081377823328,33.39795500002327]]],[[[133.34913836564317,33.39949609896587],[133.3490603890258,33.399313756924414],[133.34931818418693,33.39938026988358],[133.34913836564317,33.39949609896587]]],[[[133.34800438439493,33.39987966701307],[133.34797731480126,33.39997276573058],[133.34781868968082,33.39996697319731],[133.34785569408507,33.399858765869396],[133.34800438439493,33.39987966701307]]],[[[133.35075138786635,33.39986833285735],[133.3509249938934,33.39995889188941],[133.35090444888124,33.40003582889045],[133.35059416299032,33.39995222521509],[133.35075138786635,33.39986833285735]]],[[[133.3855683270167,33.40049666668784],[133.38560805366876,33.40057166744856],[133.385427224287,33.40067166666415],[133.38535250321547,33.40058582907278],[133.3855683270167,33.40049666668784]]],[[[133.39516944241586,33.400578333223564],[133.39543194642727,33.40062944079608],[133.39525194622036,33.400770828610916],[133.39516944241586,33.400578333223564]]],[[[133.35678639367723,33.40078055927546],[133.35679055843764,33.4008980539021],[133.35659221835624,33.4008577750663],[133.35656749689258,33.40076722502744],[133.35678639367723,33.40078055927546]]],[[[133.29102201035755,33.39976774818308],[133.29017302156774,33.40096517120571],[133.29014530536165,33.40095135132384],[133.29099429325208,33.39975392830121],[133.29102201035755,33.39976774818308]]],[[[133.3944983269363,33.40102222509569],[133.39457861211338,33.40107138743463],[133.39448778238534,33.40121082911651],[133.39439722425254,33.40117361337161],[133.3944983269363,33.40102222509569]]],[[[133.3851011148247,33.40072166717124],[133.38534583744047,33.40110944134767],[133.38515639435218,33.40138110765207],[133.3846119456848,33.40080027870994],[133.3851011148247,33.40072166717124]]],[[[133.3846738909873,33.40103805406301],[133.3849116600452,33.40122027919256],[133.38471778239978,33.40138472112801],[133.38459666710253,33.401127495237745],[133.3846738909873,33.40103805406301]]],[[[133.39321277574902,33.40158222483984],[133.39337972769238,33.40177249530444],[133.39328722432606,33.40182610838826],[133.3931208299624,33.40163472096566],[133.39321277574902,33.40158222483984]]],[[[133.35858138832043,33.40206861327596],[133.35835194608546,33.40194444118305],[133.35857722356013,33.401858892274106],[133.35858138832043,33.40206861327596]]],[[[133.41002583702277,33.40190944136765],[133.41007778186417,33.402093332941035],[133.4099086121928,33.402044720987135],[133.41002583702277,33.40190944136765]]],[[[133.39616666735787,33.40199805426687],[133.3963186123142,33.402065559178254],[133.3963205584471,33.402147494611256],[133.39609944213566,33.402072775338354],[133.39616666735787,33.40199805426687]]],[[[133.40931277626373,33.4019433332183],[133.409273606292,33.4021416670044],[133.40898221785517,33.402234720755814],[133.4089797276324,33.402023612999415],[133.40931277626373,33.4019433332183]]],[[[133.39703055791404,33.40216555929317],[133.39714416297284,33.40237110834005],[133.39695944222456,33.40232416193061],[133.39703055791404,33.40216555929317]]],[[[133.40911749657528,33.40227889185741],[133.40914360569286,33.40242055936136],[133.40898999968874,33.40238027872692],[133.40911749657528,33.40227889185741]]],[[[133.38457639368573,33.4025338919256],[133.38469333343062,33.40259722488207],[133.3847274968765,33.40274638733598],[133.3845561085776,33.40267166716376],[133.38457639368573,33.4025338919256]]],[[[133.41126194618198,33.40538055916551],[133.4113619462969,33.40548389216792],[133.4112558370873,33.405530558888245],[133.41116055841314,33.40546777541755],[133.41126194618198,33.40538055916551]]],[[[133.430637223629,33.406483892417725],[133.43036861232167,33.406504162237354],[133.4301630605769,33.40621666696563],[133.43075527943267,33.40626889239553],[133.430637223629,33.406483892417725]]],[[[133.42987306069324,33.406305278965476],[133.4300844490382,33.40638944111987],[133.4300486119539,33.40655500001327],[133.42984610891085,33.40637194570877],[133.42987306069324,33.406305278965476]]],[[[133.43027917024756,33.40689861298068],[133.43051639431621,33.40698694619067],[133.43032083044204,33.40708249466144],[133.43027917024756,33.40689861298068]]],[[[133.4268591699148,33.40696444065645],[133.42700693931886,33.40712610818338],[133.42682416290484,33.40714916230405],[133.4268591699148,33.40696444065645]]],[[[133.42102389093986,33.40722277541079],[133.42078861210484,33.407245279146366],[133.4207022178332,33.40707166682404],[133.42105805438575,33.40716444088628],[133.42102389093986,33.40722277541079]]],[[[133.41915055815184,33.407113053624585],[133.4192452792463,33.40727472115151],[133.41901666708554,33.407305279215336],[133.41915055815184,33.407113053624585]]],[[[133.42096999996556,33.407576387040706],[133.42075111487213,33.40754194570428],[133.4209274971064,33.40739889234504],[133.42096999996556,33.407576387040706]]],[[[133.42655861199046,33.40735944088556],[133.4266261088079,33.40760527866075],[133.4262494421581,33.40752582895391],[133.42655861199046,33.40735944088556]]],[[[133.42974610879594,33.40851749518629],[133.42946555089452,33.40858916216018],[133.4294474970045,33.408489721423564],[133.42974610879594,33.40851749518629]]],[[[133.42151138824,33.4096750000013],[133.42116527875464,33.4095341616723],[133.42125055786698,33.40932638680334],[133.42155805406105,33.40957610785114],[133.42151138824,33.4096750000013]]],[[[133.4208641632506,33.409410558850254],[133.4210180543398,33.409680558710875],[133.42076055775362,33.409795829314135],[133.4206438914025,33.40956805442221],[133.4208641632506,33.409410558850254]]],[[[133.4392597282539,33.412234440866825],[133.43942277624024,33.41233972090146],[133.43921610933603,33.412384440589506],[133.4392597282539,33.412234440866825]]],[[[133.440653332985,33.41237694563961],[133.440653332985,33.4125866666414],[133.4405299999596,33.4126022249128],[133.44056277575157,33.41238027942643],[133.440653332985,33.41237694563961]]],[[[133.44157027185065,33.41286389165532],[133.4416294418453,33.412967495353655],[133.441433332982,33.413091946236364],[133.44137221775372,33.41292999991964],[133.44157027185065,33.41286389165532]]],[[[133.44275472125344,33.416248332794396],[133.44260666676428,33.41640777539857],[133.44251805386511,33.41630749469516],[133.44275472125344,33.416248332794396]]],[[[133.36086165983784,33.416222495271995],[133.36100944183238,33.416504162037484],[133.36062666698717,33.41647027918009],[133.36086165983784,33.416222495271995]]],[[[133.4428674971374,33.416847224619744],[133.44276583687395,33.4169747206069],[133.44267055819978,33.41689916226659],[133.4428674971374,33.416847224619744]]],[[[133.44344055773558,33.417711386771145],[133.4434096894057,33.41785905365248],[133.44326885917053,33.41781691861593],[133.4433074967436,33.41770889205179],[133.44344055773558,33.417711386771145]]],[[[133.36075778184625,33.42075110787738],[133.36061666742535,33.42093527913988],[133.36048805358087,33.42075805424088],[133.36075778184625,33.42075110787738]]],[[[133.39086610908373,33.425926108203385],[133.39086194612196,33.4260591620008],[133.39074832667404,33.42606833328699],[133.3907230611204,33.42596000005403],[133.39086610908373,33.425926108203385]]],[[[133.3824672235836,33.42951166742955],[133.3826355505903,33.429779161778924],[133.38232499400328,33.42967694573451],[133.3824672235836,33.42951166742955]]],[[[133.4099177816803,33.42980972074207],[133.40996000035375,33.42999666731242],[133.40984055779552,33.42995610788813],[133.4099177816803,33.42980972074207]]],[[[133.3825152788571,33.42992500033853],[133.38263221770274,33.43009582925919],[133.3825591702696,33.43021194612447],[133.38236333300154,33.43015027871246],[133.3825152788571,33.42992500033853]]],[[[133.41427333324782,33.437019440794586],[133.4142622176273,33.43718972112879],[133.41411360555855,33.437225559112335],[133.4141025034279,33.437045279216306],[133.41427333324782,33.437019440794586]]],[[[132.54155944221452,32.702750279202064],[132.54142722388735,32.703074440732905],[132.54127250272393,32.70290999969677],[132.54155944221452,32.702750279202064]]],[[[132.55368499416716,32.70631444085882],[132.5538194419138,32.70697833298374],[132.55341639365167,32.706678053849146],[132.55368499416716,32.70631444085882]]],[[[132.53356666716797,32.706926387243016],[132.53360972760686,32.707047495345705],[132.53343138844787,32.70721805357039],[132.53333027227427,32.7071474945613],[132.53356666716797,32.706926387243016]]],[[[132.53195917037942,32.70717833321356],[132.53207055771009,32.707381946020064],[132.53184444926194,32.707512774894724],[132.53174277640812,32.7072427750341],[132.53195917037942,32.70717833321356]]],[[[132.55440166030849,32.707293054331046],[132.55440138781387,32.70758416217939],[132.55419639364868,32.707535278630246],[132.55440166030849,32.707293054331046]]],[[[132.53290416269704,32.70798027936644],[132.53300832667298,32.708039161578085],[132.5329219458912,32.70812749478813],[132.53280610871502,32.70807166667413],[132.53290416269704,32.70798027936644]]],[[[132.53213111535877,32.70820555863969],[132.53233000042928,32.707893332911055],[132.53230693911405,32.70756305419167],[132.5327241633895,32.7076766673444],[132.53267693908958,32.70791194617942],[132.53213111535877,32.70820555863969]]],[[[132.53185194601053,32.70857972067762],[132.5317125034294,32.70870333339218],[132.5316430613782,32.708582774775266],[132.53185194601053,32.70857972067762]]],[[[132.53255306107496,32.708490278603506],[132.53248749690056,32.70873582859565],[132.53228472136288,32.70863861278178],[132.53255306107496,32.708490278603506]]],[[[132.5661966673424,32.71173416200202],[132.56626221802696,32.711872775408324],[132.56608250290526,32.71193194630234],[132.56604639422574,32.71178833266549],[132.5661966673424,32.71173416200202]]],[[[132.5709580541709,32.71319666739231],[132.57045639434716,32.71276610796957],[132.57095250265593,32.712249999637834],[132.5716233330504,32.71237472121646],[132.5709580541709,32.71319666739231]]],[[[132.56996999961586,32.71302777471209],[132.56989722377796,32.713372494744874],[132.56967360555257,32.713283891738286],[132.56996999961586,32.71302777471209]]],[[[132.57172389074503,32.714424721323894],[132.57184944239793,32.713771387239774],[132.5722325032275,32.71418889210372],[132.57172389074503,32.714424721323894]]],[[[132.54796374832836,32.71564582889192],[132.54792861181602,32.71602944100596],[132.54784572040376,32.716028252102205],[132.54788367089475,32.71563753174672],[132.54796374832836,32.71564582889192]]],[[[132.57347360632195,32.71674889234754],[132.57337221765374,32.71703110769954],[132.5730566671316,32.71720110834451],[132.57282861165118,32.71712082856345],[132.57323389113128,32.71672638681338],[132.57347360632195,32.71674889234754]]],[[[132.54627277556824,32.71818055908557],[132.54630666741878,32.71830944092801],[132.54608499442702,32.718336107625305],[132.54607832685338,32.7181688921807],[132.54627277556824,32.71818055908557]]],[[[132.54660027178522,32.71837194560885],[132.54700082982447,32.718816108176895],[132.54642666665745,32.719302494814315],[132.54598416333852,32.7190177748505],[132.54660027178522,32.71837194560885]]],[[[132.53530082986947,32.72834833280939],[132.53543583699434,32.7284413865608],[132.53517250290872,32.72861249517058],[132.53518944163943,32.72837722532876],[132.53530082986947,32.72834833280939]]],[[[132.534890829848,32.730952495161546],[132.53488194634485,32.731111107691504],[132.53479639383852,32.73109582910928],[132.53478444904317,32.7309386132265],[132.534890829848,32.730952495161546]]],[[[132.48391360592825,32.73436833343192],[132.48371610941103,32.73391082942129],[132.48421666666593,32.73402222484583],[132.48391360592825,32.73436833343192]]],[[[132.57222972791965,32.73503805406301],[132.57232805439628,32.73517222481837],[132.57220861183805,32.73528555918125],[132.5720780536593,32.73518999991859],[132.57222972791965,32.73503805406301]]],[[[132.57208360607365,32.73538249530594],[132.57198055815627,32.73554055924944],[132.57187749674915,32.735464721219955],[132.5719255511234,32.73537194625834],[132.57208360607365,32.73538249530594]]],[[[132.48817832686836,32.735562224816874],[132.48817832686836,32.73565527856829],[132.48800610939452,32.73567610776621],[132.4879933327262,32.73556749484408],[132.48817832686836,32.735562224816874]]],[[[132.57162194629586,32.7361138923423],[132.57156472063537,32.736236666888715],[132.5714174971199,32.736241945909114],[132.57145666709152,32.73609666672786],[132.57162194629586,32.7361138923423]]],[[[132.57022888475524,32.736902224558094],[132.5701699998457,32.736638332892824],[132.57041861202936,32.73660666686425],[132.57040055813934,32.73682805387165],[132.57022888475524,32.736902224558094]]],[[[132.51701888521347,32.73694582908678],[132.51713389141605,32.73704666736984],[132.5169411154402,32.73707027907017],[132.51701888521347,32.73694582908678]]],[[[132.5156222182908,32.73715249509161],[132.51545917030455,32.73690916192834],[132.5157372235941,32.73690638662049],[132.5156222182908,32.73715249509161]]],[[[132.48537972839176,32.73726082922394],[132.48540444895627,32.7373600001639],[132.48529499426866,32.73741694613523],[132.48521888464393,32.73733444143136],[132.48537972839176,32.73726082922394]]],[[[132.51868832730452,32.73768610782764],[132.51864000043577,32.737839161648026],[132.51852083037204,32.73778833286531],[132.51868832730452,32.73768610782764]]],[[[132.48616111514343,32.73793333325676],[132.48622166020152,32.73809722480712],[132.4859611149136,32.738061108033776],[132.48596527877464,32.73792194604101],[132.48616111514343,32.73793333325676]]],[[[132.51672194616094,32.73889833279185],[132.51587111466029,32.73760249515908],[132.5178083271926,32.737954161555365],[132.51672194616094,32.73889833279185]]],[[[132.51798221830484,32.738924720699345],[132.51789277623072,32.73904499962708],[132.51782333328026,32.738971667108785],[132.51798221830484,32.738924720699345]]],[[[132.5443795326894,32.7384740272546],[132.54427411236043,32.73917253158709],[132.54419189364103,32.73916186472832],[132.5443795326894,32.7384740272546]]],[[[132.51709472144432,32.73940500004079],[132.51696499423917,32.73957555916479],[132.51655555089803,32.739608612847235],[132.51673722384385,32.739351666646144],[132.51709472144432,32.73940500004079]]],[[[132.56813444914553,32.74072333331526],[132.56814444870736,32.74087972092241],[132.56791138760047,32.740835279124894],[132.56796082962865,32.740688053810686],[132.56813444914553,32.74072333331526]]],[[[132.49580027186516,32.74146333326627],[132.49588916984942,32.741601945773255],[132.49576583682392,32.74165333303495],[132.49565499358312,32.74152082872331],[132.49580027186516,32.74146333326627]]],[[[132.5684358371442,32.74154082874628],[132.56850749692353,32.74167555887999],[132.56835472099363,32.741688332850345],[132.5684358371442,32.74154082874628]]],[[[132.49537916971292,32.741616666775826],[132.49541000027136,32.74185194561085],[132.49521778187523,32.74178722500051],[132.49537916971292,32.741616666775826]]],[[[132.49187917018764,32.741978332733936],[132.49191944182883,32.7420494412288],[132.49183610884938,32.742131107764465],[132.49175861157073,32.7420341617472],[132.49187917018764,32.741978332733936]]],[[[132.490881946145,32.74314166695444],[132.49091111475616,32.7432866673459],[132.49078749664568,32.743270829385324],[132.490881946145,32.74314166695444]]],[[[132.48981999969328,32.743548333189096],[132.4864019463928,32.73740277461843],[132.4927730612278,32.73742889182995],[132.49414666683526,32.739766387209045],[132.48981999969328,32.743548333189096]]],[[[132.48823306140673,32.74350000002505],[132.48829360556556,32.74360500037051],[132.48816944156658,32.74364833330401],[132.48810499435012,32.74355666720646],[132.48823306140673,32.74350000002505]]],[[[132.5699113881002,32.74369444064598],[132.5698122180595,32.74382166683648],[132.5695813881706,32.7437502786525],[132.56964917007315,32.74363777526315],[132.5699113881002,32.74369444064598]]],[[[132.49059916961608,32.744073054328055],[132.49060722394427,32.744149162154145],[132.49046666710308,32.74426055937738],[132.4904133328091,32.744130558778295],[132.49059916961608,32.744073054328055]]],[[[132.4901463942408,32.74423027920409],[132.49026778203256,32.74427889205725],[132.49022250296616,32.74441555933066],[132.49001861226918,32.744369162407],[132.4901463942408,32.74423027920409]]],[[[132.4893419461739,32.744546945784975],[132.48929306082618,32.74472777516672],[132.48914555132615,32.74466222538143],[132.4893419461739,32.744546945784975]]],[[[132.56976944180633,32.74526889184591],[132.56974194593408,32.74538749533667],[132.56958194575031,32.745406107705776],[132.56957888535737,32.74525916208074],[132.56976944180633,32.74526889184591]]],[[[132.56953166015808,32.74553222503221],[132.56961555071712,32.74564472122694],[132.5694463936362,32.74569777493241],[132.569354993738,32.745601387394174],[132.56953166015808,32.74553222503221]]],[[[132.48196138820754,32.754537494609735],[132.48205083028165,32.75463055915304],[132.4817961090033,32.75485416208994],[132.48174972826746,32.754582774575454],[132.48196138820754,32.754537494609735]]],[[[132.5456422177142,32.755148054239385],[132.54421639387158,32.750048332564575],[132.54724055760573,32.74666610825432],[132.54406306126134,32.74264138669071],[132.54531775580983,32.74009982884405],[132.548153061015,32.73894666685527],[132.54435472129342,32.73773222506219],[132.54249583701335,32.7355844407694],[132.54311639440618,32.73247777502934],[132.5382997280501,32.72754027936048],[132.54321083041555,32.72236972078605],[132.54850055815427,32.719318053985035],[132.5505842279798,32.71382416215539],[132.54820749697842,32.71140222493278],[132.545025836773,32.711356107698236],[132.54018389137354,32.705771946418224],[132.54309360558545,32.7025083327934],[132.54884805439428,32.705043613372084],[132.5510536057394,32.70767805409895],[132.5539597280591,32.70766889180595],[132.57011306106892,32.71370138670966],[132.57187749674915,32.717429721404585],[132.56701082988593,32.725195558828034],[132.56713083002387,32.729685828838],[132.57012861214582,32.736283613298156],[132.5676030613323,32.7403908287738],[132.55754166031943,32.74357361313179],[132.5583355512448,32.74800333268769],[132.55270333289252,32.74714249532997],[132.55030639412485,32.75232777490692],[132.5456422177142,32.755148054239385]]],[[[132.4833980542768,32.757060558797775],[132.4833702724202,32.75717082917049],[132.4832080536089,32.75718638744189],[132.4831638906012,32.757091107868405],[132.4833980542768,32.757060558797775]]],[[[132.48255861179052,32.75746389214498],[132.48129055781305,32.75723722521781],[132.48135333318987,32.75694944126377],[132.4827549940478,32.75686555879855],[132.48255861179052,32.75746389214498]]],[[[132.55057250261893,32.75795638697775],[132.5505786117136,32.75741000027136],[132.55125527870825,32.757321945851174],[132.5513966674223,32.75761110756662],[132.55057250261893,32.75795638697775]]],[[[132.48374277610833,32.758013054159164],[132.48288555132717,32.758071946263385],[132.48217610943993,32.75766416217141],[132.48355055771208,32.757519721158246],[132.48374277610833,32.758013054159164]]],[[[132.48248055783154,32.758993891654825],[132.48237472111657,32.75910444081734],[132.48231055808583,32.758998333406396],[132.48248055783154,32.758993891654825]]],[[[132.4835527763396,32.75928582867812],[132.4834891699893,32.7591774954451],[132.48360693890913,32.75912833310616],[132.48372138843138,32.759216107837176],[132.4835527763396,32.75928582867812]]],[[[132.483282218,32.759247225279296],[132.48299306078115,32.758470279379935],[132.48363861213227,32.758281946055035],[132.4841891698943,32.759019999873146],[132.48340944239192,32.75901472085275],[132.483282218,32.759247225279296]]],[[[132.48190416344642,32.75965777478655],[132.48187360628197,32.75978638683233],[132.4817316599882,32.759739161633036],[132.4818208295677,32.75963972089647],[132.48190416344642,32.75965777478655]]],[[[132.48747999970226,32.75973389160589],[132.4876074965888,32.75996444090629],[132.487320272013,32.75999389190463],[132.4873133328441,32.75975166670611],[132.48747999970226,32.75973389160589]]],[[[132.48035778188614,32.76089527879412],[132.48013250261295,32.76076249479337],[132.48041027171678,32.76063722462828],[132.48035778188614,32.76089527879412]]],[[[132.5571372244034,32.766245558785556],[132.5571644486804,32.76637777531414],[132.55703306132682,32.76642194641573],[132.55700138810369,32.76624749502594],[132.5571372244034,32.766245558785556]]],[[[132.55660499392536,32.76840333274765],[132.55682083031718,32.766711946299324],[132.55819916995574,32.76791361322273],[132.55660499392536,32.76840333274765]]],[[[132.5529899998886,32.77201222488435],[132.5529241632196,32.77225972100939],[132.5526033327776,32.77232027865796],[132.55269555105895,32.77200027918957],[132.5529899998886,32.77201222488435]]],[[[132.55278888539885,32.77363222494728],[132.55285138828106,32.77371333300397],[132.55268722423602,32.773778891782456],[132.55265666707157,32.773656946410995],[132.55278888539885,32.77363222494728]]],[[[132.48260832721257,32.79637722522881],[132.48260055796948,32.796450000167454],[132.48246999979074,32.79647833330847],[132.48244666688026,32.796378612882734],[132.48260832721257,32.79637722522881]]],[[[132.48747027173567,32.807625278983494],[132.48480000021993,32.805729440661196],[132.48569027238818,32.803218892338066],[132.48003165983334,32.79990000008496],[132.48080527914033,32.79656444069644],[132.49386666741282,32.797737224993],[132.49418999976876,32.80112666726194],[132.49848416271402,32.80259333291605],[132.49492083023222,32.80518861266438],[132.48747027173567,32.807625278983494]]],[[[132.7005622176723,32.8962861084172],[132.70067416258257,32.89639722505194],[132.70060194612302,32.896593054226116],[132.70039778203204,32.89647777462966],[132.7005622176723,32.8962861084172]]],[[[132.69490360601662,32.9099494408141],[132.69491583679644,32.91012027872796],[132.6947555506282,32.91006249458849],[132.69490360601662,32.9099494408141]]],[[[132.69179360559053,32.912488333070144],[132.69165639422727,32.91257416166826],[132.69155472137334,32.91247722464425],[132.69174472114207,32.91245166681102],[132.69179360559053,32.912488333070144]]],[[[132.68919055839763,32.9124030539578],[132.68930666716903,32.912608333208084],[132.68904389066313,32.91267694608422],[132.6890230605659,32.91241722457528],[132.68919055839763,32.9124030539578]]],[[[132.68198944215908,32.91393055874835],[132.68192221783613,32.913313891822725],[132.68301917039844,32.913464162241326],[132.6832013883335,32.913869162032256],[132.68198944215908,32.91393055874835]]],[[[132.68484888516798,32.914085000222656],[132.6841302719945,32.91283138665921],[132.68559666695273,32.913002495268984],[132.68484888516798,32.914085000222656]]],[[[132.71193805429778,32.914046666620436],[132.71195499392786,32.914226387138115],[132.71174277640807,32.914128612845275],[132.71193805429778,32.914046666620436]]],[[[132.6530744487269,32.91440805378869],[132.65314277561868,32.91449833313163],[132.65283055798398,32.9147505587913],[132.6528047213609,32.91450416163781],[132.6530744487269,32.91440805378869]]],[[[132.69584910465255,32.91872958580177],[132.68799219198615,32.9185121081473],[132.68746525311894,32.91553905378436],[132.68929613520856,32.912792440618716],[132.69277066143695,32.91292372095302],[132.69518060979738,32.91030389241075],[132.70147418868294,32.91193299990806],[132.7051516343405,32.91630919811104],[132.69584910465255,32.91872958580177]]],[[[132.66971999957843,32.919022774681366],[132.66973306133173,32.91916499976497],[132.66954472081227,32.91909749485353],[132.6695541627945,32.91899833290677],[132.66971999957843,32.919022774681366]]],[[[132.6575605575738,32.918640278626015],[132.65460972815652,32.91711166677004],[132.6562758373601,32.91361277520946],[132.66051944221851,32.91635110831703],[132.6575605575738,32.918640278626015]]],[[[132.6700966671275,32.91917916228857],[132.67010778184874,32.91931944123928],[132.66993666694373,32.9193319463123],[132.66995000029237,32.919202225402444],[132.6700966671275,32.91917916228857]]],[[[132.6587627757815,32.919644162148415],[132.65855194591563,32.9197880536758],[132.6584411152653,32.919655278668245],[132.6586547213384,32.919524721388825],[132.6587627757815,32.919644162148415]]],[[[132.68002749737116,32.92079610825385],[132.67989027161877,32.9210183334294],[132.67972861218573,32.920883053809916],[132.68002749737116,32.92079610825385]]],[[[132.66308917042898,32.92110805429331],[132.6636183270242,32.91911305402425],[132.66295972830892,32.917670829245424],[132.66457693867483,32.91722333289056],[132.6652294417854,32.91860416185261],[132.6641463936412,32.92083805443269],[132.66308917042898,32.92110805429331]]],[[[132.70397165996417,32.92253444111162],[132.70263252896814,32.92234553222056],[132.70452255497196,32.91942138658777],[132.70540427998355,32.91986666701314],[132.70397165996417,32.92253444111162]]],[[[132.65651547341042,32.923301918948425],[132.65671255534016,32.922700532403724],[132.65642622558994,32.92206022499943],[132.65733208840527,32.92202627918948],[132.65701457826026,32.92329382864733],[132.65651547341042,32.923301918948425]]],[[[132.69344702985666,32.9263148015869],[132.69217680941233,32.92341374784621],[132.69403574585306,32.92317666676979],[132.69344702985666,32.9263148015869]]],[[[133.0147108299409,32.720443053704],[133.0146383265976,32.720585559376104],[133.01464527925634,32.7208438923318],[133.0144336058263,32.720630000274355],[133.0144438913726,32.720553333069915],[133.0147108299409,32.720443053704]]],[[[133.01655878116287,32.721157693672694],[133.01558658885006,32.72111246766627],[133.0164487554058,32.72076086512186],[133.01655878116287,32.721157693672694]]],[[[133.00527389117724,32.721110278716424],[133.0054008295847,32.721007225403184],[133.00548610869703,32.72114861321796],[133.00527389117724,32.721110278716424]]],[[[133.0109641625661,32.72136777530267],[133.01068583678205,32.721356666876716],[133.0108394418868,32.72124777516473],[133.0109641625661,32.72136777530267]]],[[[133.00422749670167,32.72142389209898],[133.00414416282297,32.72150277523292],[133.00393055764914,32.72139861305561],[133.00410778164883,32.72129027892328],[133.00422749670167,32.72142389209898]]],[[[133.01607832735294,32.72142972060516],[133.016118054005,32.72155472097364],[133.01590666655943,32.72151582889245],[133.0159677817877,32.72142082900808],[133.01607832735294,32.72142972060516]]],[[[133.0147494423329,32.72179138656327],[133.0147674971223,32.72188499969303],[133.01451610873153,32.72198972124869],[133.01452055767766,32.72188055884078],[133.0147494423329,32.72179138656327]]],[[[133.00243555076008,32.72176333311137],[133.00259499426363,32.72188527938221],[133.00249055779307,32.722003891866166],[133.00229472142428,32.72186777497791],[133.00243555076008,32.72176333311137]]],[[[133.00986194627183,32.722308333063154],[133.00975444940843,32.72243472108556],[133.00965555096298,32.72233138718383],[133.00986194627183,32.722308333063154]]],[[[133.0004411152653,32.722199999830195],[133.0007474971993,32.722347225144404],[133.00071055844558,32.722442494825316],[133.00048194628482,32.72236000001402],[133.0004411152653,32.722199999830195]]],[[[133.00730194602806,32.722401386814624],[133.00727805373924,32.7225533326702],[133.00702333336017,32.72264861314301],[133.00691555141168,32.72253222468248],[133.00730194602806,32.722401386814624]]],[[[133.02070972797162,32.72243472108556],[133.02062639409291,32.722663612935435],[133.02039555071417,32.72254694568505],[133.02070972797162,32.72243472108556]]],[[[133.0008880540405,32.72282416170577],[133.00082944162546,32.72252305429555],[133.00118472059842,32.72264833255457],[133.0008880540405,32.72282416170577]]],[[[132.9994319464272,32.722825829048816],[132.9996444490322,32.72288972138358],[132.9995397283758,32.72299082856392],[132.9994319464272,32.722825829048816]]],[[[133.00221055837062,32.722940828956155],[133.00215194595557,32.72305582886344],[133.0020297280895,32.723041107860865],[133.00207778156448,32.72293555892895],[133.00221055837062,32.722940828956155]]],[[[132.9990613879727,32.72295277465088],[132.9992586119954,32.723079440563765],[132.99906749706736,32.72318416211942],[132.99887917003775,32.72301166675504],[132.9990613879727,32.72295277465088]]],[[[133.0223489492447,32.723337135000804],[133.02220505771731,32.723396955205374],[133.0221307521325,32.72330722534821],[133.02231592703845,32.72327531470404],[133.0223489492447,32.723337135000804]]],[[[132.99787749704888,32.723678612977665],[132.99735416266458,32.72362805399155],[132.99727778234387,32.72335722495603],[132.9979569386619,32.72340305440747],[132.99787749704888,32.723678612977665]]],[[[133.0209272236125,32.72335333269018],[133.02064972790265,32.72375638724753],[133.02050832659802,32.72363666679877],[133.0209272236125,32.72335333269018]]],[[[133.02150666669934,32.72388249468145],[133.02153583710924,32.723996667212475],[133.02143499432964,32.72401277496965],[133.02139778218202,32.723901667328164],[133.02150666669934,32.72388249468145]]],[[[132.9990905583826,32.72416555899338],[132.99869722369795,32.7242733328481],[132.9980749935662,32.72414472080226],[132.9981372239538,32.724029999684774],[132.99853888456198,32.724142494980185],[132.9990905583826,32.72416555899338]]],[[[132.99931693932535,32.7242297211248],[132.9993027759025,32.724339999591336],[132.99915583657264,32.72434222541341],[132.99911055840562,32.72425500016817],[132.99931693932535,32.7242297211248]]],[[[132.99857277641252,32.724705000235645],[132.99836916990137,32.72473944067269],[132.9982983267065,32.72464527895653],[132.99860111494957,32.72457416236773],[132.99857277641252,32.724705000235645]]],[[[132.99870306119738,32.72499194602153],[132.99806083014323,32.72498694579099],[132.99757416291732,32.724798892155206],[132.99768749728025,32.72470722515834],[132.99800722425402,32.72487027943987],[132.9985613882975,32.724872495369425],[132.99870306119738,32.72499194602153]]],[[[133.02184693868537,32.72503138668918],[133.02149944244536,32.725266107944606],[133.0213619459971,32.725108613271914],[133.0217074970035,32.724818332799885],[133.02184693868537,32.72503138668918]]],[[[132.9942483269988,32.726986946290594],[132.99432639444763,32.72709555921273],[132.99412888533982,32.727148333229025],[132.99408917037897,32.726973891731745],[132.9942483269988,32.726986946290594]]],[[[132.99460360597175,32.72675694557665],[132.99475972827895,32.726898891870405],[132.99475666698663,32.72710833318308],[132.9945272238524,32.72709277491168],[132.99460360597175,32.72675694557665]]],[[[132.99454444856747,32.72771777495541],[132.9942394416969,32.72772110784291],[132.99428916970953,32.727616945665545],[132.99454444856747,32.72771777495541]]],[[[133.02380722422413,32.72784333290355],[133.0238525032904,32.72790500031556],[133.0237325031526,32.728016667335396],[133.0236813883854,32.72788472060341],[133.02380722422413,32.72784333290355]]],[[[132.99503389110123,32.72804610844122],[132.99500693931884,32.7281891618004],[132.99470194593812,32.728130278689434],[132.99469138789732,32.728036107980074],[132.99503389110123,32.72804610844122]]],[[[132.99495416260459,32.72881805410998],[132.99479389082546,32.72900305364806],[132.9946638911257,32.72879333264626],[132.99495416260459,32.72881805410998]]],[[[133.02345444896366,32.72900889204681],[133.0231933326063,32.72908694600579],[133.02300333283756,32.72896889200081],[133.02335333279018,32.728794161821156],[133.02345444896366,32.72900889204681]]],[[[132.9648952791938,32.7295202789378],[132.96493610931407,32.7296600003088],[132.96476416343546,32.729621108227605],[132.9648952791938,32.7295202789378]]],[[[133.02511639430622,32.72974833261952],[133.0252866674458,32.729823891859155],[133.02511194625936,32.73001110822611],[133.02495360622402,32.72993666684374],[133.02511639430622,32.72974833261952]]],[[[132.9918705581798,32.72996694611771],[132.9910819462749,32.72999582874456],[132.99124444927202,32.72964305438353],[132.99159555089398,32.72960249495924],[132.9918705581798,32.72996694611771]]],[[[132.97419693923746,32.72990638667045],[132.97418805393556,32.73014444081332],[132.9739863935573,32.73019972124018],[132.97393416273144,32.729955828698564],[132.97419693923746,32.72990638667045]]],[[[132.970448885108,32.73001805369029],[132.97058583656712,32.73010194604802],[132.97045138792123,32.73022861286023],[132.97035972811898,32.73008082906705],[132.970448885108,32.73001805369029]]],[[[132.98818138806064,32.730144721401814],[132.98803499372002,32.73030777478402],[132.9879544486389,32.73011889197335],[132.98818138806064,32.730144721401814]]],[[[132.96530888459745,32.730383333124394],[132.9652630614412,32.730555000213144],[132.9650894419243,32.73052082867338],[132.96502555138818,32.73036555892344],[132.96530888459745,32.730383333124394]]],[[[132.97395944177492,32.73031666728042],[132.97411610907125,32.73045110783244],[132.97401527888212,32.73056499977497],[132.97386027173422,32.730462774737305],[132.97395944177492,32.73031666728042]]],[[[132.98452165994672,32.73040000025986],[132.98468306127427,32.73056194567732],[132.98463333326174,32.730630558553514],[132.98443389061163,32.730501108339524],[132.98452165994672,32.73040000025986]]],[[[132.9722569388067,32.7309719456988],[132.9719686116622,32.73086305398681],[132.97212277614528,32.730739161583074],[132.97245055834662,32.73083277471284],[132.9722569388067,32.7309719456988]]],[[[132.98031499384194,32.730877495300206],[132.9803319460625,32.73104833321406],[132.98020000022984,32.73097361304184],[132.98031499384194,32.730877495300206]]],[[[133.02629917007073,32.7307961075544],[133.02642389075004,32.73092777459715],[133.0263394417119,32.731142225133624],[133.02609778218698,32.73091861320347],[133.02629917007073,32.7307961075544]]],[[[132.9816836064134,32.73120333316734],[132.98146749662772,32.730456667441274],[132.98208250340485,32.73064527865671],[132.9816836064134,32.73120333316734]]],[[[132.97644778223946,32.731053333444606],[132.97644360578784,32.73124527934624],[132.97627917014768,32.73121249456102],[132.97630944222703,32.73107916197381],[132.97644778223946,32.731053333444606]]],[[[132.98771277562412,32.73119666739234],[132.98784805434434,32.73143194622736],[132.9877202723727,32.731386945950874],[132.9876313878783,32.731244162388236],[132.98771277562412,32.73119666739234]]],[[[133.0202697283653,32.73717972116725],[133.02033389139604,32.73733444143136],[133.02021221761981,32.73731944073967],[133.0202697283653,32.73717972116725]]],[[[133.01968693890115,32.739189440640246],[133.01968111489157,32.7393277752567],[133.01946444932491,32.73920944066322],[133.01968693890115,32.739189440640246]]],[[[133.01972610887287,32.74064889193289],[133.0195222181759,32.740862224612044],[133.01938389075406,32.74075249473191],[133.01972610887287,32.74064889193289]]],[[[133.01991944242843,32.74376277473232],[133.01989666709756,32.744088612599455],[133.0195877823503,32.74391500027707],[133.01991944242843,32.74376277473232]]],[[[132.8017752788062,32.74473889168655],[132.80181472127242,32.744857495177314],[132.8016686120169,32.744880559190506],[132.80164666676035,32.74477777477455],[132.8017752788062,32.74473889168655]]],[[[133.0193086121028,32.74481749513137],[133.0194427756636,32.74485194636031],[133.01935610889734,32.74497666703962],[133.01920749682859,32.74487333313789],[133.0193086121028,32.74481749513137]]],[[[132.80252499413325,32.74564166712929],[132.80269693911248,32.74582833311115],[132.80258083034107,32.74609610804902],[132.80226138755302,32.74596222507665],[132.80252499413325,32.74564166712929]]],[[[132.80389000042328,32.746146667035134],[132.80401277586896,32.74629527910389],[132.8038297278597,32.74629361266017],[132.80389000042328,32.746146667035134]]],[[[132.80186832716163,32.74615972069461],[132.8019130612388,32.74635527917286],[132.80176333311135,32.74644944088902],[132.80161639378161,32.74625749498745],[132.80186832716163,32.74615972069461]]],[[[132.80306444886526,32.7459930538364],[132.80339472128946,32.74638055911555],[132.80311555104186,32.746405829165724],[132.80289000017342,32.74609082902856],[132.80306444886526,32.7459930538364]]],[[[132.79068972804862,32.74618277481528],[132.79074805357982,32.74626805392762],[132.79069555115882,32.746478613097565],[132.7905494419033,32.746392225121156],[132.79054805424937,32.74623500024512],[132.79068972804862,32.74618277481528]]],[[[132.79469944172592,32.746546666595464],[132.794840271961,32.74664416209845],[132.7947436056329,32.74672722528129],[132.7946205576926,32.74669638662897],[132.79469944172592,32.746546666595464]]],[[[132.79412250325095,32.746765279194335],[132.79374166014952,32.74668916237499],[132.79387360598218,32.74649916170699],[132.79406693863837,32.74653249507861],[132.79412250325095,32.746765279194335]]],[[[132.80287666682477,32.746587774606155],[132.80293916970697,32.74684694573],[132.80263306116694,32.74679610795408],[132.80254166036934,32.746580559345375],[132.80287666682477,32.746587774606155]]],[[[132.78994416309274,32.74675805404104],[132.79005360608915,32.74684416232827],[132.78993416263154,32.74697361344158],[132.78985888487966,32.746794440610984],[132.78994416309274,32.74675805404104]]],[[[132.80306389128566,32.747018891608604],[132.80325610878242,32.74716749468416],[132.80317778232882,32.74729416239575],[132.80294555129626,32.74708416170478],[132.80306389128566,32.747018891608604]]],[[[132.7910083272725,32.747166386719414],[132.79108027213692,32.747294999664575],[132.79090499427014,32.74727999987215],[132.7910083272725,32.747166386719414]]],[[[132.79584444866248,32.74719500044898],[132.7958983270462,32.747336945843415],[132.79578250335987,32.74736972073606],[132.79571499395183,32.747216666915676],[132.79584444866248,32.74719500044898]]],[[[132.79419277627562,32.747195558927956],[132.7943216599167,32.74737333331274],[132.79407555144564,32.74733305357762],[132.79419277627562,32.747195558927956]]],[[[132.80199917042546,32.746716386652],[132.80214416272304,32.747243613302146],[132.80186277564667,32.74736694632759],[132.80174221792913,32.74696833262249],[132.80199917042546,32.746716386652]]],[[[132.80362194579618,32.747376945889414],[132.80364666725995,32.74750916241794],[132.8034322176228,32.74754916156462],[132.80353055758917,32.74736972073606],[132.80362194579618,32.747376945889414]]],[[[132.796238054043,32.74749222458655],[132.7963591702396,32.7475424948903],[132.7963563940324,32.74763666739835],[132.79617861155373,32.7476255589724],[132.796238054043,32.74749222458655]]],[[[132.7902130612838,32.747612495420356],[132.7902808296966,32.747707495304724],[132.7901030607078,32.747784720988136],[132.79004639442564,32.747698612700844],[132.7902130612838,32.747612495420356]]],[[[132.7898997275904,32.747643612862475],[132.78996583675405,32.74772222530049],[132.7898522182054,32.74782027928251],[132.78980083004433,32.74765110781243],[132.7898997275904,32.747643612862475]]],[[[132.80340527933026,32.747689721103825],[132.80344555097145,32.747876387085626],[132.80326250296218,32.747851108042255],[132.80340527933026,32.747689721103825]]],[[[132.79537277583302,32.747667224562804],[132.79551027228126,32.747800279259536],[132.7953269391869,32.747887775200695],[132.79526805427736,32.74769305399133],[132.79537277583302,32.747667224562804]]],[[[132.79615444856904,32.747710829091545],[132.79602221765128,32.747942495349946],[132.79575277626964,32.74780499980096],[132.79584722397033,32.747671667213694],[132.79615444856904,32.747710829091545]]],[[[132.79291888479872,32.74786805396758],[132.79298583662717,32.74802416188561],[132.7928019459531,32.74801000026133],[132.79291888479872,32.74786805396758]]],[[[132.7904730606832,32.74797277462392],[132.79052610899282,32.7481033328026],[132.7904255512982,32.748136107695245],[132.79033583672958,32.74800389206604],[132.7904730606832,32.74797277462392]]],[[[132.79363666699862,32.747747224654745],[132.7938294420752,32.74783944113733],[132.7939372240237,32.748137775038344],[132.79378861195494,32.748223054150685],[132.7935169393553,32.747931946302344],[132.79363666699862,32.747747224654745]]],[[[132.79253055843856,32.74820416209246],[132.79262972757988,32.74832972093992],[132.79248389081897,32.74835082892764],[132.79253055843856,32.74820416209246]]],[[[132.79017832676846,32.74829944076663],[132.79030277585252,32.748424441135114],[132.7901927761758,32.7485074953247],[132.7900755513457,32.74838722539022],[132.79017832676846,32.74829944076663]]],[[[132.78822888525497,32.74834972096289],[132.7883736059572,32.74845527888806],[132.78819221809647,32.748526387382924],[132.78822888525497,32.74834972096289]]],[[[132.79716916982136,32.74842666695719],[132.79718000035678,32.748595000259115],[132.79707221840818,32.74859722518187],[132.79708583684192,32.74841777536011],[132.79716916982136,32.74842666695719]]],[[[132.80422861226066,32.74900166739309],[132.80429778181724,32.749096107899106],[132.8041527760298,32.74913222467251],[132.80411027227126,32.749027225226314],[132.80422861226066,32.74900166739309]]],[[[132.78830000004507,32.74913194588265],[132.788266939168,32.749274721351355],[132.78816082995843,32.74920027906967],[132.78830000004507,32.74913194588265]]],[[[132.96522111526235,32.74944333344314],[132.96531917014363,32.74967389173679],[132.9649847212679,32.749816667205494],[132.964959728209,32.74960444069245],[132.96522111526235,32.74944333344314]]],[[[132.78896277611125,32.74990361276156],[132.78895916982992,32.75005500013822],[132.7888236060246,32.74998082855245],[132.78896277611125,32.74990361276156]]],[[[132.9646905584226,32.749916667320406],[132.96464778216944,32.750204441381925],[132.9645269393668,32.75017777468463],[132.96456472078535,32.74998805370575],[132.9646905584226,32.749916667320406]]],[[[132.96092847037266,32.75000000029985],[132.96123778229787,32.750186945970825],[132.96104360607762,32.75027444101272],[132.96092847037266,32.75000000029985]]],[[[132.96210472065638,32.75047777502937],[132.96225250265093,32.75048110791687],[132.96226499423415,32.750614721092575],[132.9620730609231,32.75057694596933],[132.96210472065638,32.75047777502937]]],[[[132.7890663941988,32.750624440965225],[132.78912499402327,32.750811667224696],[132.78898944190928,32.750755000043284],[132.7890663941988,32.750624440965225]]],[[[132.961299441616,32.75102638665845],[132.96103138788828,32.750997225241804],[132.96080333330724,32.75078999985868],[132.96107138793423,32.75072499955911],[132.961299441616,32.75102638665845]]],[[[132.9605569388517,32.75113027903922],[132.96040722421412,32.751289441054894],[132.96033111458928,32.75113527926976],[132.9605569388517,32.75113027903922]]],[[[132.96069416280545,32.751201946013055],[132.96082916993032,32.75132361259472],[132.9605947211695,32.751391945781734],[132.96051472107763,32.751251666831024],[132.96069416280545,32.751201946013055]]],[[[132.96093221784758,32.751411945804705],[132.96109055788304,32.7514633330664],[132.96097250297873,32.75163638690975],[132.9607930612508,32.75157638684084],[132.96093221784758,32.751411945804705]]],[[[132.80377321716026,32.75166536036812],[132.80376413670558,32.75173535999892],[132.8034393393541,32.75170236027577],[132.8034478343501,32.751633107981604],[132.80377321716026,32.75166536036812]]],[[[132.81173277574703,32.75146916157257],[132.81174333288857,32.75169749494347],[132.81156277600132,32.751635000155204],[132.81173277574703,32.75146916157257]]],[[[132.78810306110745,32.75159916217166],[132.7882238913196,32.75168527855283],[132.78811749702493,32.751786107842634],[132.7880333330719,32.75168527855283],[132.78810306110745,32.75159916217166]]],[[[132.81597333280308,32.751638892421],[132.81603333287205,32.75177027887531],[132.8159052793053,32.751762225446384],[132.81597333280308,32.751638892421]]],[[[132.81558555143215,32.752026386908256],[132.81546944176137,32.75213194573274],[132.81543166034294,32.75200361337613],[132.81558555143215,32.752026386908256]]],[[[132.8113502715978,32.751783891913135],[132.81123360614606,32.752184162169385],[132.81101610870655,32.752013891727756],[132.8113502715978,32.751783891913135]]],[[[132.8159933328261,32.75211389184267],[132.81613306139172,32.75222110811768],[132.8159591702796,32.7522874951718],[132.8159933328261,32.75211389184267]]],[[[132.8151719460285,32.75251527905692],[132.81518583695686,32.75265638718258],[132.81505805408597,32.752648332854335],[132.815045836796,32.752539441142346],[132.8151719460285,32.75251527905692]]],[[[132.8100011149595,32.75294861288825],[132.8100994423355,32.75301416177422],[132.81001444920753,32.7531338921155],[132.8099027758925,32.75297444141739],[132.8100011149595,32.75294861288825]]],[[[132.81575555117786,32.75299194582169],[132.81591138839997,32.75318833257552],[132.815759441645,32.75322555911231],[132.81563749717282,32.7530908289786],[132.81575555117786,32.75299194582169]]],[[[132.96322138815663,32.75504805412447],[132.96320055805938,32.7552741616733],[132.96300083032418,32.75533694604326],[132.96312027198303,32.75506500004974],[132.96322138815663,32.75504805412447]]],[[[132.81709138795725,32.75504805412447],[132.81725472102858,32.755293613109814],[132.81693138777337,32.75533222460251],[132.81709138795725,32.75504805412447]]],[[[132.817390829823,32.75556666706808],[132.81746555089455,32.75573249485882],[132.81723082963913,32.755853891643824],[132.81717306078815,32.75575722531573],[132.817390829823,32.75556666706808]]],[[[132.81633972829593,32.755881107826895],[132.8163602724087,32.75598055935541],[132.81620027222482,32.75598610817241],[132.81623111537374,32.755858891874425],[132.81633972829593,32.755881107826895]]],[[[132.9528819464448,32.75639110796334],[132.952802776427,32.75652138735222],[132.95237444912163,32.75643889164161],[132.9523805582163,32.756295558593195],[132.9528819464448,32.75639110796334]]],[[[132.95308306093455,32.75684305416365],[132.9529438908479,32.75705389212345],[132.95262888531488,32.756936107915124],[132.95285416278944,32.756739999951094],[132.95308306093455,32.75684305416365]]],[[[132.8173219462509,32.75726610784466],[132.8168694415715,32.75701749476161],[132.81735944168497,32.75669499967455],[132.8173219462509,32.75726610784466]]],[[[132.82508499397738,32.7587680539026],[132.82511221825428,32.758839720876495],[132.8250236062545,32.75892805408648],[132.82494555139613,32.75886722484262],[132.82508499397738,32.7587680539026]]],[[[132.82268917036902,32.75894472122195],[132.82264138759,32.75907694584441],[132.82249166036195,32.759049162189115],[132.82248165990075,32.758938891816456],[132.82268917036902,32.75894472122195]]],[[[132.82156306088666,32.759043613372114],[132.82162444860944,32.75913749539916],[132.8214677822125,32.75920110804475],[132.82147805426882,32.75905472089869],[132.82156306088666,32.759043613372114]]],[[[132.82505722381188,32.759480000401766],[132.82508444898815,32.75965638713262],[132.82489389074055,32.75962055904159],[132.82505722381188,32.759480000401766]]],[[[132.8213691697514,32.76023777455373],[132.8213761089204,32.76037305417316],[132.82126027174422,32.76037027886531],[132.82125360596922,32.76025166728067],[132.8213691697514,32.76023777455373]]],[[[132.8249444488273,32.76050805410347],[132.82493749706794,32.76019055924695],[132.8253388851815,32.76026499973],[132.8249444488273,32.76050805410347]]],[[[132.81991499388198,32.76065389176375],[132.8199900000385,32.760830559083104],[132.81992527942816,32.76094361285749],[132.81970749690356,32.76082222506568],[132.81991499388198,32.76065389176375]]],[[[132.81858527878762,32.760833332592256],[132.81858527878762,32.76098222524956],[132.81839805432685,32.76095749479259],[132.81832000036775,32.76084694563008],[132.81858527878762,32.760833332592256]]],[[[133.02111416298828,32.760856107923075],[133.0211625033469,32.76099777542703],[133.02097749661425,32.76098305442446],[133.0209880537558,32.7608852792323],[133.02111416298828,32.760856107923075]]],[[[132.8687591697999,32.761477495390125],[132.86892250287133,32.76154472061239],[132.86883416336605,32.76165194588066],[132.86870194593814,32.76160361271661],[132.8687591697999,32.761477495390125]]],[[[132.82806610896387,32.76179555861819],[132.82809277566116,32.76196194578722],[132.82797499415074,32.76195249481185],[132.82806610896387,32.76179555861819]]],[[[132.94314055839016,32.76198694604079],[132.94317165964446,32.76220444078234],[132.94289722432745,32.76205777484648],[132.94314055839016,32.76198694604079]]],[[[132.82805083038159,32.76285444107964],[132.8281494419433,32.762971387119876],[132.827933333057,32.76311916191986],[132.8278802721569,32.76294055925945],[132.82805083038159,32.76285444107964]]],[[[132.87054555073667,32.76322444105517],[132.8706049941252,32.7632966674073],[132.8705077819087,32.763394162011025],[132.8704105580009,32.76333805420791],[132.87054555073667,32.76322444105517]]],[[[132.94374474722235,32.7633737482999],[132.9432365241463,32.76309519768529],[132.94380131008245,32.763000386658575],[132.94374474722235,32.7633737482999]]],[[[132.94312277609527,32.76369777493244],[132.94325389095434,32.76374055927943],[132.943340000141,32.76393749461971],[132.94308666741586,32.76390833320306],[132.94312277609527,32.76369777493244]]],[[[132.83353111456938,32.76410361289146],[132.83370194618794,32.7644574952173],[132.8333944490946,32.76437138693001],[132.83328444941787,32.764122225260564],[132.83353111456938,32.76410361289146]]],[[[132.83095472058392,32.76464222495878],[132.83051082961117,32.764639161867876],[132.83072722358258,32.76431889170357],[132.83095472058392,32.76464222495878]]],[[[132.86987055827967,32.76492472089922],[132.86991360612808,32.76505277536535],[132.8697969388777,32.76506889211572],[132.86979082978303,32.764951946075485],[132.86987055827967,32.76492472089922]]],[[[132.83127999997214,32.76501944109441],[132.83137861243313,32.76515194630531],[132.83132555063366,32.7652258292087],[132.83119277562616,32.765130278939296],[132.83127999997214,32.76501944109441]]],[[[132.83267083029466,32.76483805413295],[132.83278861180509,32.765010278801356],[132.83260250340288,32.76521027903118],[132.832511660185,32.764865558998395],[132.83267083029466,32.76483805413295]]],[[[132.95271165981535,32.765400829184955],[132.95236472115505,32.76556555890346],[132.952319728073,32.765419161864884],[132.95271165981535,32.765400829184955]]],[[[132.8335163935668,32.765550279421916],[132.8335533332198,32.7656547212884],[132.83347472078185,32.765736108134945],[132.83338972765387,32.76560861304711],[132.8335163935668,32.765550279421916]]],[[[132.83360583743956,32.76601916165504],[132.83366888531089,32.76616610817939],[132.83355555094795,32.76616444083635],[132.83360583743956,32.76601916165504]]],[[[132.8674955512787,32.766128054266346],[132.8675605578735,32.76624582858216],[132.8674241630947,32.7662869455861],[132.8673247205595,32.766211107556614],[132.8674955512787,32.766128054266346]]],[[[132.8718052787907,32.76629249530248],[132.8717244486245,32.76641194595459],[132.8716286123706,32.76630472068638],[132.8718052787907,32.76629249530248]]],[[[133.01329166018206,32.76708333302946],[133.0134488850581,32.76715944085555],[133.01337277633263,32.767218054169916],[133.01325917037445,32.7671797205677],[133.01329166018206,32.76708333302946]]],[[[132.86764610858108,32.767256386872816],[132.8677477823344,32.76738389185317],[132.86751555130172,32.76742110759807],[132.86749389113027,32.767282774780256],[132.86764610858108,32.767256386872816]]],[[[132.86833944181183,32.76744610785164],[132.8683930611909,32.76760082901512],[132.86827165990928,32.76760610803552],[132.86824166032443,32.767520279437406],[132.86833944181183,32.76744610785164]]],[[[132.868061946102,32.76778333293453],[132.86821666726541,32.76784582862217],[132.86807472097166,32.76792277461641],[132.868061946102,32.76778333293453]]],[[[132.87718666723094,32.76831249492574],[132.8773669390331,32.76837499960658],[132.87729306062636,32.76847082866584],[132.87718666723094,32.76831249492574]]],[[[132.83519888482078,32.76824027936544],[132.8353149935922,32.76846861273634],[132.83513472089066,32.76844861271337],[132.83519888482078,32.76824027936544]]],[[[132.8365277824313,32.771110278616504],[132.83657832702818,32.77130166693843],[132.83647277629768,32.77131555876605],[132.83645805439573,32.77119582932414],[132.8365277824313,32.771110278616504]]],[[[132.87956610878894,32.77179972138009],[132.87963306061727,32.77194805375973],[132.87949472060495,32.77193889236605],[132.87943666666888,32.771839440837596],[132.87956610878894,32.77179972138009]]],[[[132.83752527896854,32.772546387106104],[132.83717778182927,32.77221027898122],[132.83775861167067,32.77227805368926],[132.83752527896854,32.772546387106104]]],[[[132.83696888460645,32.77225555894694],[132.83714277571858,32.77257444055806],[132.83687805397904,32.773073891646845],[132.83661389071858,32.77283666667887],[132.83696888460645,32.77225555894694]]],[[[133.00944722391034,32.77371055859544],[133.00907693884972,32.77371055859544],[133.00915472121346,32.77346944136167],[133.00944722391034,32.77371055859544]]],[[[132.95638591377894,32.77380794617983],[132.95632564211473,32.773830531753674],[132.95579202308352,32.77306866658574],[132.9558433330035,32.77303586471345],[132.95638591377894,32.77380794617983]]],[[[132.93857038901228,32.773291918787095],[132.93863182889584,32.77348830644024],[132.9386151878407,32.77371010803512],[132.9384669130177,32.773577747615036],[132.93846277613625,32.773425999610254],[132.93857038901228,32.773291918787095]]],[[[132.93885608294192,32.77369161257792],[132.93866649776078,32.773662134599874],[132.93863177673518,32.77325399977235],[132.93884924809436,32.77326789159997],[132.93915513630054,32.77355553166251],[132.93885608294192,32.77369161257792]]],[[[132.93919328104516,32.77362133325795],[132.93935442336806,32.773866829290796],[132.93925949363074,32.77414269363044],[132.939003450349,32.77390391913059],[132.93919328104516,32.77362133325795]]],[[[132.8352111929422,32.774589775397885],[132.83518399474565,32.774655414216056],[132.83474919591868,32.7745058650537],[132.8347747465574,32.774443161622685],[132.8352111929422,32.774589775397885]]],[[[132.83578341087582,32.77466027864898],[132.8353829175876,32.775239531978855],[132.83532105142547,32.775190413706696],[132.83571542212906,32.774619251577235],[132.83578341087582,32.77466027864898]]],[[[132.93834639397096,32.774932775027594],[132.9384308304185,32.77503638681986],[132.93833333311693,32.77542472127391],[132.93816666715804,32.77520666715401],[132.93834639397096,32.774932775027594]]],[[[132.93730114073514,32.775574251550495],[132.93688929980146,32.77565766726758],[132.93681192033387,32.77547727855364],[132.937227613064,32.77537174760812],[132.93730114073514,32.775574251550495]]],[[[132.93933233511927,32.77554277527889],[132.9388150837492,32.775340053700575],[132.9392091963474,32.77518149512997],[132.93933233511927,32.77554277527889]]],[[[132.83729221786166,32.775537495359174],[132.83738778162092,32.77568055861093],[132.8372594420697,32.77572222510065],[132.83714916989834,32.77559416164132],[132.83729221786166,32.775537495359174]]],[[[132.83805221783564,32.77580861307706],[132.83801917044843,32.77567749462071],[132.8381844487534,32.77568055861093],[132.8382319464472,32.77577277509357],[132.83805221783564,32.77580861307706]]],[[[132.93624983056532,32.77582919765939],[132.9357316600881,32.77594316244705],[132.93409819717408,32.77535430615637],[132.9341789490993,32.77519541393724],[132.9356590011621,32.77576269369342],[132.93624983056532,32.77582919765939]]],[[[132.93890693870435,32.77564555879553],[132.9391105578061,32.775795000039295],[132.93889166012207,32.775974162077944],[132.93871666734037,32.77577555939462],[132.93890693870435,32.77564555879553]]],[[[132.8367308295642,32.77592194564136],[132.8367233328156,32.77604389191214],[132.8365727764126,32.77601110802624],[132.83659499416376,32.77593666664393],[132.8367308295642,32.77592194564136]]],[[[132.83746111503854,32.775957494942475],[132.83758972798364,32.77607972090243],[132.83752722420206,32.77616889228062],[132.83737666689967,32.776019999623315],[132.83746111503854,32.775957494942475]]],[[[132.83700972821646,32.77594861323797],[132.83714916989834,32.77620166717327],[132.83699861169669,32.7761869461707],[132.8368958371732,32.7759813872313],[132.83700972821646,32.77594861323797]]],[[[132.8389172235511,32.776308333063184],[132.83900527887056,32.776388612844244],[132.83894277598836,32.776486945616114],[132.83880693878928,32.77637082875077],[132.8389172235511,32.776308333063184]]],[[[132.84687472089172,32.776328333086155],[132.84685999988915,32.77646777476804],[132.84670306099758,32.77647277499864],[132.84675639439217,32.77630694630858],[132.84687472089172,32.776328333086155]]],[[[132.83737277643252,32.776438892141186],[132.83736555127928,32.77657277511355],[132.837233332952,32.77649527873416],[132.83737277643252,32.776438892141186]]],[[[132.87074360573286,32.776862224612046],[132.87068444922807,32.776691107908334],[132.87090749728327,32.7766102786415],[132.8710333331219,32.776722225350454],[132.87074360573286,32.776862224612046]]],[[[132.918480830426,32.777337224933035],[132.91841861172963,32.777479441023445],[132.9183277820016,32.77745722507092],[132.91838389070404,32.777337224933035],[132.918480830426,32.777337224933035]]],[[[132.8468008298944,32.777419162164676],[132.84685111458737,32.777548892067784],[132.84670888500705,32.77753916230256],[132.84667055770012,32.77739500007925],[132.8468008298944,32.777419162164676]]],[[[132.84608693906102,32.77649416177621],[132.84590693885423,32.77716916232703],[132.84527666698466,32.77616582918972],[132.84608693906102,32.77649416177621]]],[[[132.83781306112394,32.777354161865105],[132.83794527855184,32.77754499980193],[132.83777639396544,32.77758055899568],[132.83781306112394,32.777354161865105]]],[[[132.83824250268935,32.77772361325418],[132.8382058373296,32.77781000033133],[132.83807360641185,32.777872495119595],[132.83807000013041,32.777726667351885],[132.83824250268935,32.77772361325418]]],[[[132.84428194575526,32.777493332851066],[132.84446555134423,32.77775666693668],[132.84426944158156,32.777889162255065],[132.8440855509075,32.77760749459026],[132.84428194575526,32.777493332851066]]],[[[132.84599888464084,32.77790416204749],[132.8452694418313,32.77791222536894],[132.8455388850116,32.77689722532676],[132.84611972834284,32.777413053969326],[132.84599888464084,32.77790416204749]]],[[[132.9393694420462,32.777730279029186],[132.93956516240235,32.7778642789134],[132.939688079941,32.7782613601737],[132.93928236069246,32.77810494558685],[132.9393694420462,32.777730279029186]]],[[[132.87016250339684,32.77831138676112],[132.87030082991942,32.778389721308656],[132.8702366668888,32.77852333268572],[132.87008055807132,32.77851055871537],[132.87016250339684,32.77831138676112]]],[[[132.84282089456872,32.77878180233836],[132.84281700410156,32.7788490806206],[132.8419462256379,32.778815495438835],[132.8419542799661,32.778747333122965],[132.84282089456872,32.77878180233836]]],[[[132.93987344999982,32.778154829182085],[132.94018089493238,32.77857849530136],[132.9399333331569,32.77860316190646],[132.93987344999982,32.778154829182085]]],[[[132.8476638912756,32.77905249467693],[132.84780277627715,32.77912222541045],[132.8476905579729,32.77920472112106],[132.8475636060756,32.7791041616278],[132.8476638912756,32.77905249467693]]],[[[132.8443908302727,32.779199999680316],[132.84443138789834,32.77933722543264],[132.8442836059038,32.77932777535659],[132.8443908302727,32.779199999680316]]],[[[132.84759666695265,32.779291666677125],[132.84772472141879,32.77937305442299],[132.84762027235774,32.77945027920708],[132.84751083026072,32.779371945558864],[132.84759666695265,32.779291666677125]]],[[[132.9415152793067,32.77985944106041],[132.94143555081007,32.779992225061164],[132.94124639370614,32.77998499990787],[132.94121778177532,32.77987333288803],[132.9415152793067,32.77985944106041]]],[[[132.9298963289525,32.78000255917084],[132.9289770824265,32.78037269404467],[132.92894294416158,32.780310026586506],[132.92986306123134,32.77994166697442],[132.9298963289525,32.78000255917084]]],[[[132.84977221781367,32.78042389244871],[132.8498691701261,32.78059805425687],[132.84978444859348,32.78064805386464],[132.84970194568825,32.78054444117305],[132.84977221781367,32.78042389244871]]],[[[132.8498836060437,32.780875558959906],[132.84993083034362,32.78109638658901],[132.84976165977287,32.78107472102158],[132.8498836060437,32.780875558959906]]],[[[132.91970944193724,32.78104833311414],[132.91979722386282,32.781145558820526],[132.91955832705526,32.781155278693234],[132.9196186122092,32.78104166733914],[132.91970944193724,32.78104833311414]]],[[[132.8499999999001,32.7814001083284],[132.85007666710453,32.781604721181],[132.84992416276998,32.7816338915909],[132.84987805362937,32.781453332905016],[132.8499999999001,32.7814001083284]]],[[[132.88678416285893,32.78137694628907],[132.88705555127274,32.781565829099804],[132.88676472131488,32.78165999980922],[132.88678416285893,32.78137694628907]]],[[[132.87104027229077,32.781326945781984],[132.8710963935838,32.78176055930243],[132.87087722430454,32.781771387139884],[132.87062916970046,32.78142861323994],[132.87104027229077,32.781326945781984]]],[[[132.90094639416077,32.78098582933262],[132.90004639402594,32.78208889188892],[132.8998974968721,32.78067527904096],[132.90094639416077,32.78098582933262]]],[[[132.90246499386444,32.7828241623053],[132.902436109439,32.78274444100322],[132.90265666727146,32.78274444100322],[132.90264778196968,32.78282055872188],[132.90246499386444,32.7828241623053]]],[[[132.86800499383548,32.78258694633058],[132.86780472111104,32.78287194598357],[132.867309170382,32.7826327748827],[132.86780472111104,32.78249499964454],[132.86800499383548,32.78258694633058]]],[[[132.9004725027039,32.782847225419175],[132.90031527872725,32.78294472092216],[132.9000338907515,32.78281027857156],[132.90027389102727,32.78270666677929],[132.9004725027039,32.782847225419175]]],[[[132.93909555081905,32.782933613395585],[132.9390836060237,32.78313638713462],[132.9388480537947,32.782999999550384],[132.93909555081905,32.782933613395585]]],[[[132.9402158371912,32.78319305431603],[132.94022527917332,32.783300278684976],[132.94005722376198,32.783269162142176],[132.94006499390446,32.78319555892796],[132.9402158371912,32.78319305431603]]],[[[132.88704916968345,32.7824599998292],[132.88713333273722,32.78273777522821],[132.88695861155077,32.78329389169977],[132.88668055826122,32.783133892415265],[132.88676805420243,32.78257277481379],[132.88704916968345,32.7824599998292]]],[[[132.90282389080994,32.78358610841224],[132.90272360560994,32.78365138660229],[132.90228194585518,32.78347749459073],[132.9025338909264,32.783383332874564],[132.90282389080994,32.78358610841224]]],[[[132.86853306135174,32.783524441000225],[132.8686613883125,32.783542774579416],[132.8686669389282,32.783649161679534],[132.86847944197268,32.78362861307011],[132.86853306135174,32.783524441000225]]],[[[133.00401277636865,32.78357277506359],[133.00407666690467,32.78366138706343],[133.0040055512153,32.78372472091917],[133.00387306129278,32.78362277467136],[133.00401277636865,32.78357277506359]]],[[[132.87133888498158,32.78377861279279],[132.87146221800697,32.7838819457952],[132.8713674969125,32.78398027856707],[132.87116610902876,32.78386527865973],[132.87133888498158,32.78377861279279]]],[[[132.85664306072874,32.78423889211126],[132.85668416334352,32.78440249497919],[132.85655583728214,32.78441361329766],[132.85650083024916,32.78430194627788],[132.85664306072874,32.78423889211126]]],[[[132.86272583672803,32.78438777487594],[132.86281527880215,32.78446389169528],[132.8627397276564,32.78455889157965],[132.86263861238217,32.78448833257056],[132.86272583672803,32.78438777487594]]],[[[132.8681413877149,32.78441972059369],[132.86812055761766,32.78462082878826],[132.867908885087,32.78449027870346],[132.8681413877149,32.78441972059369]]],[[[132.85661555136664,32.784603053688045],[132.85663832669752,32.7846958286496],[132.85649194584664,32.784699720915455],[132.8564688854308,32.78461416211394],[132.85661555136664,32.784603053688045]]],[[[133.00402693889214,32.78466610785466],[133.00409194638632,32.78479333314584],[133.00397583671554,32.784799999820166],[133.0039247210491,32.78470194583821],[133.00402693889214,32.78466610785466]]],[[[132.85488083018618,32.78465416215988],[132.85489917006066,32.78472472116897],[132.8547938909254,32.78484194599906],[132.85473416335105,32.78476389204002],[132.85488083018618,32.78465416215988]]],[[[132.86350693929387,32.78488777455118],[132.8637322176678,32.78511249534546],[132.8636363940044,32.78517555940459],[132.86341916995877,32.784997775127295],[132.86350693929387,32.78488777455118]]],[[[132.86316610882898,32.78502361264964],[132.8632697278158,32.78520638726502],[132.8631861088519,32.78522582880902],[132.86307250289371,32.785076946044285],[132.86316610882898,32.78502361264964]]],[[[132.85763807963372,32.78545477461819],[132.85679221778673,32.78399494561029],[132.85802654988538,32.783753251911094],[132.85763807963372,32.78545477461819]]],[[[132.8680358369844,32.7851524953914],[132.86807999999212,32.78557499958663],[132.8678086115782,32.785597495228274],[132.86776250333696,32.785188613064065],[132.8680358369844,32.7851524953914]]],[[[132.86411444932241,32.78523638684982],[132.86426194623186,32.78549666683773],[132.8640825027054,32.78575861326942],[132.86373749668815,32.78522499963407],[132.86411444932241,32.78523638684982]]],[[[132.8563100004062,32.78558472125792],[132.85638250285024,32.78577027927503],[132.85623277562217,32.785789162339995],[132.85620944181233,32.78560972061217],[132.8563100004062,32.78558472125792]]],[[[132.85688552514694,32.784762224696976],[132.85726503185583,32.78533325192808],[132.8571968353657,32.78566066720606],[132.856832243913,32.78511082890168],[132.85688552514694,32.784762224696976]]],[[[132.85291416305824,32.7860394409675],[132.85292360593974,32.786148613267926],[132.85276306076673,32.786140828736336],[132.8527686122817,32.786059162200615],[132.85291416305824,32.7860394409675]]],[[[132.88356610888889,32.785983891643355],[132.8836777822039,32.78626082887422],[132.88345027171272,32.786126945901856],[132.88356610888889,32.785983891643355]]],[[[132.8821809991539,32.786219053566526],[132.88202533100434,32.786345802217056],[132.88142691312157,32.785835972951816],[132.8815710888348,32.78571238721696],[132.8821809991539,32.786219053566526]]],[[[132.88421999965328,32.78653055893818],[132.8842222182808,32.78662833323102],[132.88390306057784,32.78675333270019],[132.88411972794313,32.78645833258605],[132.88421999965328,32.78653055893818]]],[[[133.00607527885109,32.787585279337236],[133.0061497283274,32.78775722521584],[133.00596333304145,32.78773027882937],[133.00607527885109,32.787585279337236]]],[[[132.86281610887636,32.78860527871069],[132.86292666703207,32.78872138658278],[132.86282138789682,32.788751946445245],[132.86281610887636,32.78860527871069]]],[[[132.8628080536488,32.78881972115329],[132.86302389093987,32.78904749514584],[132.86289972784027,32.78924889202278],[132.86264888533788,32.7889269464215],[132.8628080536488,32.78881972115329]]],[[[132.99924822302717,32.78975327859098],[132.99873671922433,32.79039869414447],[132.9983969778383,32.790234801694794],[132.99924822302717,32.78975327859098]]],[[[132.98755999969433,32.7926752793407],[132.98742722378745,32.7925274946482],[132.98776805425234,32.792559161576094],[132.98755999969433,32.7926752793407]]],[[[132.98812749708634,32.792757775051314],[132.98800499413528,32.792869720861006],[132.98794000013095,32.79272194606102],[132.98812749708634,32.792757775051314]]],[[[132.9854622177072,32.79350722507843],[132.98525916967503,32.79350916221813],[132.98535027189757,32.79340361328616],[132.9854622177072,32.79350722507843]]],[[[132.96652547307224,32.802118332595],[132.9662828269909,32.80194553236049],[132.96630941634658,32.80104194572925],[132.96641316483579,32.8010549193491],[132.96640795056658,32.80192994621012],[132.96652547307224,32.802118332595]]],[[[132.9677609985713,32.80248033310096],[132.96754505785816,32.80271708142823],[132.96743130980713,32.802650359826316],[132.96758693928587,32.80236844125062],[132.9677609985713,32.80248033310096]]],[[[132.96711427990022,32.80322136007777],[132.96654630406874,32.80359653205437],[132.96647058385042,32.80350313476191],[132.96711427990022,32.80322136007777]]],[[[132.96321999960333,32.80377416164828],[132.9631744489417,32.80366055928744],[132.96333250299267,32.80363527934469],[132.96339111540772,32.8037630541217],[132.96321999960333,32.80377416164828]]],[[[132.96303165998313,32.804466946292564],[132.96320944156253,32.80388082933683],[132.96366166025746,32.804154162084956],[132.96303165998313,32.804466946292564]]],[[[132.9579602723487,32.826416387406425],[132.9575033331124,32.826403332847576],[132.95748888460446,32.82620833284835],[132.9578977820571,32.82630610804051],[132.9579602723487,32.826416387406425]]],[[[132.96160444938585,32.82806027885886],[132.96157888525738,32.82778333263474],[132.962008611908,32.827770278975265],[132.96200360628143,32.82795749534216],[132.96160444938585,32.82806027885886]]],[[[132.96193472091068,32.82964138684059],[132.96190416284685,32.82978055872587],[132.96177444913155,32.82967638665599],[132.96193472091068,32.82964138684059]]],[[[132.95679250267187,32.84398110834155],[132.95676472081527,32.8441127753843],[132.9566694421411,32.844095828559716],[132.95671138831995,32.84396055883275],[132.95679250267187,32.84398110834155]]],[[[132.95586610923363,32.84611389194259],[132.95589610881848,32.84621166713481],[132.9557038913216,32.84622861306008],[132.95574306129333,32.84610638710012],[132.95586610923363,32.84611389194259]]],[[[132.9562230609456,32.84681777512026],[132.956060830443,32.846902494854305],[132.95581027212643,32.846831107569585],[132.95599583733804,32.846652225220055],[132.9562230609456,32.84681777512026]]],[[[132.95597250262892,32.847695278714184],[132.9561766667199,32.84776110818865],[132.95606306076172,32.84786833255754],[132.95597250262892,32.847695278714184]]],[[[132.95639639357876,32.84855666735638],[132.95649499434853,32.84860000028982],[132.95653610865452,32.84870638738994],[132.95639832712118,32.84871333285406],[132.95639639357876,32.84855666735638]]],[[[132.9498966666979,32.85698500025762],[132.9499686115622,32.85709444055601],[132.94985527899803,32.85715166711577],[132.94973861174765,32.857069441201816],[132.9498966666979,32.85698500025762]]],[[[132.95778165979584,32.85893222494229],[132.95756389076098,32.85892499978894],[132.95737221825334,32.85870194633782],[132.9575194417689,32.858628891710055],[132.95772138813163,32.85874638723601],[132.95778165979584,32.85893222494229]]],[[[132.9518580539061,32.859444720697354],[132.951848611924,32.8595313865643],[132.95168389119863,32.85952666692219],[132.9517333332268,32.859429162425954],[132.9518580539061,32.859444720697354]]],[[[132.9622250841204,32.86172369359366],[132.96182297025393,32.86172563972656],[132.960853332915,32.86124277483424],[132.9608923868742,32.86117877458082],[132.96184364476846,32.86165582895342],[132.9622250841204,32.86172369359366]]],[[[132.9930152791319,32.86158444076938],[132.99303306142667,32.861791945841674],[132.99288666708605,32.8617391619328],[132.9930152791319,32.86158444076938]]],[[[132.9613633330514,32.8622044405825],[132.961365836764,32.86237694583946],[132.9612419461589,32.86232666744178],[132.9613633330514,32.8622044405825]]],[[[132.9997947212495,32.86273333277711],[132.99985082995192,32.86284666714005],[132.99971138827004,32.86290472107606],[132.99969778242678,32.86275694627608],[132.9997947212495,32.86273333277711]]],[[[132.96130666676936,32.862970558644406],[132.96126444899517,32.86290444138689],[132.9614972241177,32.86280999998155],[132.9614972241177,32.86296055908258],[132.96130666676936,32.862970558644406]]],[[[132.99734499407623,32.86296972137558],[132.99741416273343,32.86310055924349],[132.99732083019228,32.86316277524196],[132.99725610868256,32.863070000280345],[132.99734499407623,32.86296972137558]]],[[[132.99806916955663,32.86314333279864],[132.99799499437358,32.863286387057144],[132.9979061089798,32.863196387403434],[132.99806916955663,32.86314333279864]]],[[[132.98282027213793,32.86344555896545],[132.98274250326392,32.86368555924122],[132.9825686121518,32.863518612693895],[132.98282027213793,32.86344555896545]]],[[[132.98115972793914,32.86341472121245],[132.98116389090092,32.86366582901485],[132.98104389076298,32.86372110764307],[132.98094999974273,32.86346805370778],[132.98115972793914,32.86341472121245]]],[[[132.98832749731616,32.86593749491948],[132.9881763941254,32.865698613400355],[132.98852944188025,32.865557775071295],[132.98877138828902,32.86580000026987],[132.98832749731616,32.86593749491948]]],[[[132.99791250315957,32.86938416194954],[132.99765861195544,32.86957833277387],[132.99714805423935,32.869509720797055],[132.9975127760938,32.869243332613735],[132.99791250315957,32.86938416194954]]],[[[132.9995433328586,32.871083332929516],[132.99961165975037,32.87122194633582],[132.99941000027138,32.87129110779841],[132.99932555123326,32.871158892169206],[132.9995433328586,32.871083332929516]]],[[[132.9997233330654,32.87276972094594],[132.9999383267924,32.87298222534946],[132.99958583661714,32.87294444123302],[132.9997233330654,32.87276972094594]]],[[[133.00964639406595,32.88098277503508],[133.0098180539601,32.88108610803749],[133.00959499421367,32.8812488916231],[133.00947000014048,32.881078891877394],[133.00964639406595,32.88098277503508]]],[[[133.00941527909197,32.88516805436228],[133.00946805400758,32.885335000010286],[133.00932389088496,32.88549777460264],[133.00916055781352,32.885289161565595],[133.00941527909197,32.88516805436228]]],[[[133.00964499382144,32.896449440589265],[133.00960666741378,32.896573332993],[133.00938555110235,32.8965611076091],[133.00938749723525,32.896471386745134],[133.00964499382144,32.896449440589265]]],[[[133.00841055830074,32.90889166721672],[133.0079758368155,32.908876667424295],[133.00787000010052,32.90874527917134],[133.00828999968383,32.908683332969474],[133.00841055830074,32.90889166721672]]],[[[133.01013555061525,32.91088361338808],[133.01024360595773,32.9109780538941],[133.01011527899698,32.91102249479235],[133.00999499377406,32.910982775334844],[133.01002389078997,32.91088861271936],[133.01013555061525,32.91088361338808]]],[[[133.0091655508495,32.91142777517172],[133.00895527856335,32.911167495183804],[133.0090858367421,32.91094555869063],[133.0094955507791,32.911160279023704],[133.0091655508495,32.91142777517172]]],[[[133.0092927761408,32.91164166722922],[133.00945499405282,32.911810279321],[133.0092744488568,32.91186138689352],[133.00914639439065,32.911747225154386],[133.0092927761408,32.91164166722922]]],[[[133.00522972816952,32.91934416180368],[133.0047788854373,32.9191105593049],[133.0050374971828,32.91889861338035],[133.00522972816952,32.91934416180368]]],[[[133.0039366667438,32.91946277518696],[133.00386444938488,32.91961972127319],[133.00373221756786,32.919531666853004],[133.0039366667438,32.91946277518696]]],[[[133.00560917012717,32.9197827746554],[133.00533333276712,32.91938082896212],[133.00596083022822,32.91932916201125],[133.00607221755888,32.919622494782345],[133.00560917012717,32.9197827746554]]],[[[133.00128416313373,32.921767224977486],[133.0015072237794,32.92194527905144],[133.00137055830464,32.92204749509585],[133.00124027172126,32.92195694595637],[133.00128416313373,32.921767224977486]]],[[[133.00069861185148,32.921851666821],[133.00080666719396,32.921899999985044],[133.00081138773544,32.92205889220418],[133.00060832711267,32.92194416209344],[133.00069861185148,32.921851666821]]],[[[133.00044360638742,32.92198055855596],[133.00059194596156,32.92218916170049],[133.00037221820332,32.92219889236503],[133.00044360638742,32.92198055855596]]],[[[132.9981122183043,32.92862082878827],[132.99816138783785,32.92875389157888],[132.99799000043822,32.92871110813121],[132.9981122183043,32.92862082878827]]],[[[133.0009516603909,32.92945666679179],[133.0004586115757,32.92919916211167],[133.00076555108933,32.92883166674807],[133.00103944231648,32.92914972098288],[133.0009516603909,32.92945666679179]]],[[[133.00040000006004,32.94226305409671],[133.00042472062444,32.94243555935361],[133.00014055824022,32.94239082887373],[133.0000913878074,32.94229277489171],[133.00033055800895,32.942198332587054],[133.00040000006004,32.94226305409671]]],[[[132.99905138841086,32.94242889177997],[132.99895194587566,32.942554161945054],[132.99868416284392,32.942478054118965],[132.99872610902275,32.942369162406976],[132.99905138841086,32.94242889177997]]],[[[132.9995191698739,32.94253361333563],[132.99921944202367,32.942507774913906],[132.99931861206437,32.94234110805576],[132.9995191698739,32.94253361333563]]],[[[133.00090666730887,32.94336555907336],[133.00086778242223,32.9437052788756],[133.00067138757458,32.94365722540067],[133.00090666730887,32.94336555907336]]],[[[133.00113972841575,32.94353805443774],[133.00125027218235,32.94362610795855],[133.00124000012602,32.943743892166935],[133.0010805584211,32.94374527892154],[133.00113972841575,32.94353805443774]]],[[[133.00035832727508,32.94469444139543],[133.00013333308686,32.94466027884886],[133.00017000024536,32.944517774975395],[133.00042416304473,32.94452389216394],[133.00035832727508,32.94469444139543]]],[[[133.00082444858947,32.944905828841],[133.00099444923455,32.945028892069786],[133.00077861194347,32.94514027940045],[133.0006194418338,32.944997774627666],[133.00082444858947,32.944905828841]]],[[[133.00047861159874,32.94548999966378],[133.00010360599663,32.94543805392311],[133.00017693941425,32.94526889234555],[133.00047861159874,32.94548999966378]]],[[[133.00128472071333,32.96386110760409],[133.0012649940843,32.96355777527117],[133.0016958367935,32.963653053945336],[133.00128472071333,32.96386110760409]]],[[[133.00059639400843,32.96529138668819],[133.00040333294749,32.965245559035395],[133.00030027243963,32.96503166697789],[133.0005280536268,32.96504472063742],[133.00059639400843,32.96529138668819]]],[[[133.00032194610094,32.96586666681327],[133.0003874967856,32.9660330539823],[133.00014250257448,32.966144999791936],[133.0001799998072,32.96590694564907],[133.00032194610094,32.96586666681327]]],[[[133.0059527758999,32.973815000062245],[133.0058830613542,32.97401138681607],[133.00569000029338,32.97397722516888],[133.0056802723268,32.97380944135267],[133.0059527758999,32.973815000062245]]],[[[133.0012561087825,32.977795000139224],[133.00139917023557,32.97823389178075],[133.00119805394706,32.97817944142815],[133.0011130608192,32.97790222540743],[133.0012561087825,32.977795000139224]]],[[[133.7651534630619,33.51603910801845],[133.764402036325,33.51612799071427],[133.76439994809914,33.51600753192213],[133.7651534630619,33.51603910801845]]],[[[133.75507719805432,33.51784082869136],[133.75469348881347,33.51782376585419],[133.7547837609619,33.517660729559054],[133.75507719805432,33.51784082869136]]],[[[133.7552171343633,33.518497144028004],[133.7552977945577,33.51861763069917],[133.7551304541072,33.518671531565985],[133.75506688732708,33.518509269587184],[133.7552171343633,33.518497144028004]]],[[[133.7527182232675,33.52385226057339],[133.7523475748808,33.52415300016088],[133.75223985678406,33.5240186936079],[133.7527182232675,33.52385226057339]]],[[[133.75158958489146,33.53182087443383],[133.75257325615087,33.53123745904156],[133.7526249419875,33.5313151712582],[133.75158958489146,33.53182087443383]]],[[[133.75073883343043,33.53223953222869],[133.75096420173656,33.53202366705864],[133.75101988326105,33.53210308079258],[133.75073883343043,33.53223953222869]]],[[[133.7486800910134,33.5332364406093],[133.75013245115179,33.53242479257017],[133.75018770369968,33.532506108370285],[133.7486800910134,33.5332364406093]]],[[[133.72324487674973,33.53544616211076],[133.7216439818843,33.53597544101382],[133.72158762586832,33.53583289217431],[133.72324487674973,33.53544616211076]]],[[[134.26443277595195,33.49225802668661],[134.26454513634906,33.49238813520435],[134.26444058386596,33.49242972075507],[134.26432869021698,33.492291306098934],[134.26443277595195,33.49225802668661]]],[[[134.2682644490452,33.494009999561854],[134.2682886120299,33.49383333314188],[134.26842805371177,33.49394166727416],[134.2682644490452,33.494009999561854]]],[[[134.2715696500194,33.49530391894075],[134.27148400758097,33.4954878473863],[134.2712913494163,33.495424856172235],[134.2713770044453,33.49524091873349],[134.2715696500194,33.49530391894075]]],[[[134.2722882622935,33.4961205860962],[134.27202534369474,33.49639921585117],[134.27187020794383,33.49629649528708],[134.27212555065375,33.496012865301566],[134.2722882622935,33.4961205860962]]],[[[134.269794448555,33.49798610827236],[134.26956527881464,33.497833053552654],[134.2698830605549,33.49777277469383],[134.269794448555,33.49798610827236]]],[[[134.26896610909876,33.49796722520733],[134.26897277577302,33.498162225206556],[134.26879194639127,33.49803389195063],[134.26896610909876,33.49796722520733]]],[[[134.26996444920007,33.49880749506991],[134.27012832726052,33.49893889231606],[134.27009693912248,33.49900999991161],[134.2698677819726,33.498944162343264],[134.26996444920007,33.49880749506991]]],[[[134.2834827758095,33.512164162246336],[134.2834319461275,33.51228472086325],[134.28325333267526,33.5122644411511],[134.28337917031251,33.512147225314266],[134.2834827758095,33.512164162246336]]],[[[134.2854811152613,33.51233277523744],[134.28533306077225,33.51229333277115],[134.28509749685202,33.51232722462174],[134.28503693920345,33.51225972060968],[134.28522527882365,33.512197494718635],[134.28545416257964,33.5122538921035],[134.2854811152613,33.51233277523744]]],[[[134.28195888539426,33.512201386984486],[134.28156111525334,33.51251999969827],[134.28148749675063,33.512222225175606],[134.28195888539426,33.512201386984486]]],[[[134.28254778215444,33.512713891732744],[134.28232221779615,33.512713891732744],[134.282450829842,33.51254333260874],[134.28254778215444,33.512713891732744]]],[[[134.2868933197709,33.516520459351796],[134.2865370947112,33.51662343172603],[134.28644539623815,33.51655386466916],[134.2868933197709,33.516520459351796]]],[[[134.28847993520094,33.517321314627],[134.28834321666614,33.51732038742597],[134.28827601842363,33.51719854997316],[134.2884895201753,33.51715517117424],[134.28847993520094,33.517321314627]]],[[[134.28921788559705,33.51738550463739],[134.2890239818713,33.51745327934543],[134.28898028471247,33.517382784188214],[134.28918421497963,33.51731737829442],[134.28921788559705,33.51738550463739]]],[[[134.28936029773956,33.51783587432618],[134.2891314526545,33.517848784094156],[134.2892089364433,33.5177397296049],[134.28936029773956,33.51783587432618]]],[[[134.288731698609,33.51794726975078],[134.28874695201034,33.518098197573806],[134.28863665375866,33.51816192803062],[134.2885521273788,33.518028206936265],[134.288731698609,33.51794726975078]]],[[[134.28941150513697,33.5315045855682],[134.28936085621865,33.531690107612405],[134.2892261872388,33.53154940508102],[134.28941150513697,33.5315045855682]]],[[[134.29136632909285,33.532758126286524],[134.2912194293333,33.53277628809525],[134.29117425368895,33.53271048560049],[134.29139140129223,33.532638585702216],[134.29136632909285,33.532758126286524]]],[[[134.29090920909277,33.532796207179274],[134.29066220489688,33.5327337753435],[134.29097574633374,33.532677756573264],[134.29090920909277,33.532796207179274]]],[[[134.2920982747156,33.53381388270458],[134.29183897498876,33.53371527923679],[134.2920574706758,33.53348386478859],[134.2923021923923,33.53364838676367],[134.2920982747156,33.53381388270458]]],[[[134.29378226963615,33.53394348580326],[134.29358246365985,33.53391032420217],[134.29363194615746,33.53381227022015],[134.29378226963615,33.53394348580326]]],[[[134.29688509706966,33.537594918570676],[134.29665933935712,33.53757463975785],[134.29670348887498,33.53750492791016],[134.29683635471406,33.53751715329406],[134.29688509706966,33.537594918570676]]],[[[134.30844551235054,33.537736837884836],[134.30847903997574,33.53788070333184],[134.30804810643508,33.53786448585737],[134.30812926125645,33.53771112626754],[134.30844551235054,33.537736837884836]]],[[[134.31291810618575,33.53794351378218],[134.31284670631055,33.53784958588972],[134.31326230910838,33.53776912624426],[134.3131350838171,33.53786590139026],[134.31291810618575,33.53794351378218]]],[[[134.31025208756387,33.53788543196714],[134.31015372241643,33.53799399992323],[134.3098063286992,33.53795471214028],[134.30980913098665,33.53785018933485],[134.31025208756387,33.53788543196714]]],[[[134.31478526602723,33.539015756571985],[134.31436753633284,33.53906538655838],[134.31437072622805,33.5390274954226],[134.31475189398475,33.538982702889484],[134.31478526602723,33.539015756571985]]],[[[134.31408485063537,33.53950833324302],[134.31397485095863,33.53958254080169],[134.31379582381828,33.53958606344611],[134.31385141361193,33.539474523230695],[134.31408485063537,33.53950833324302]]],[[[134.31100456470892,33.53946164943562],[134.3083599481531,33.53922115273406],[134.3094255116781,33.53798992779298],[134.31100456470892,33.53946164943562]]],[[[134.31417738008213,33.54030361272163],[134.31414137482466,33.54019736861375],[134.3144320878706,33.54005323426941],[134.31417738008213,33.54030361272163]]],[[[134.01171289203637,33.418448721131654],[134.01077315175962,33.41855140482352],[134.01074875495112,33.41835159524999],[134.01171289203637,33.418448721131654]]],[[[133.25585472141836,33.2499022250077],[133.25593444901563,33.250001946332816],[133.25584082959062,33.25004610844121],[133.25576749707238,33.2499424948503],[133.25585472141836,33.2499022250077]]],[[[133.26118444920303,33.26114722466474],[133.26077416319708,33.26040472100112],[133.26248221768026,33.260603053887905],[133.26118444920303,33.26114722466474]]],[[[133.25877861164372,33.26172999973977],[133.2585002723697,33.26177027857557],[133.2585374971079,33.2616647206504],[133.25877861164372,33.26172999973977]]],[[[133.2587688845764,33.26366638669447],[133.2589049942701,33.26376166716727],[133.25879972772532,33.26388222488481],[133.2587069392739,33.263806946233615],[133.2587688845764,33.26366638669447]]],[[[133.26017722379993,33.27615749507237],[133.2602388849167,33.27633305442697],[133.2600163944411,33.276237774853485],[133.26017722379993,33.27615749507237]]],[[[133.2607849937325,33.27783138700897],[133.26078194593015,33.277605559149265],[133.2613230608107,33.277495000094234],[133.26101389097835,33.27781361280802],[133.2607849937325,33.27783138700897]]],[[[133.26153333309696,33.27780361324619],[133.26136333335126,33.27792416197053],[133.2613230608107,33.27777861299262],[133.26153333309696,33.27780361324619]]],[[[133.26037138832896,33.27906582882497],[133.26076277598133,33.2792669460128],[133.26049472135435,33.2795161076823],[133.26000917018712,33.27925361266415],[133.26037138832896,33.27906582882497]]],[[[133.2581163940564,33.28082138729724],[133.25808250310513,33.28094222470395],[133.25792832693082,33.28100777538856],[133.25793360595117,33.28087222507315],[133.2581163940564,33.28082138729724]]],[[[133.2433872238414,33.28156777513277],[133.24361916978887,33.281806108065496],[133.24344082973062,33.28182500012372],[133.2433872238414,33.28156777513277]]],[[[133.24427166030898,33.285891666966904],[133.24419666674282,33.28602416228529],[133.24392693937682,33.28595249531145],[133.24387666727444,33.28583610775024],[133.24427166030898,33.285891666966904]]],[[[133.24385917006475,33.28645389163387],[133.2437497279676,33.28656833306218],[133.24359832710115,33.28654472136185],[133.24358389118368,33.28641416228379],[133.24385917006475,33.28645389163387]]],[[[133.2436838912986,33.28830916243794],[133.24363499425965,33.28845972063965],[133.24351000018646,33.2884288918799],[133.2436838912986,33.28830916243794]]],[[[133.2489969393573,33.29797333290304],[133.24896555121927,33.298098333271525],[133.24880999998163,33.298113333063895],[133.24879027155384,33.29802027931248],[133.2489969393573,33.29797333290304]]],[[[133.25396277626123,33.29852805362685],[133.2540747211715,33.29868916177543],[133.25402000012298,33.29876861328091],[133.25386944192132,33.29855582918822],[133.25396277626123,33.29852805362685]]],[[[133.25321306093406,33.29875138676715],[133.25364888498814,33.29903472087574],[133.25348000040174,33.2993274951678],[133.2529027759424,33.298993891654845],[133.25321306093406,33.29875138676715]]],[[[133.25257722405968,33.29968194586519],[133.25151666706063,33.29945805424586],[133.25217166039386,33.29893110818415],[133.25257722405968,33.29968194586519]]],[[[133.2529194421786,33.300238892411016],[133.25293999978123,33.300333332917035],[133.25256333313143,33.300300000444736],[133.25263861178257,33.30022416241519],[133.2529194421786,33.300238892411016]]],[[[133.25152861185597,33.30171222473945],[133.25147610943498,33.301789999908635],[133.25127972807707,33.30179194604153],[133.25126832737146,33.30174000030081],[133.25147138799423,33.30168444108415],[133.25152861185597,33.30171222473945]]],[[[133.25745639419733,33.30809972072558],[133.25766027230384,33.30815999958435],[133.2576511154067,33.308250000137434],[133.25729805416188,33.308175000276094],[133.25745639419733,33.30809972072558]]],[[[133.25939373533265,33.31188735132025],[133.2591474317087,33.31178795465041],[133.2598365111461,33.31173690103719],[133.25970312639822,33.311891918976926],[133.25939373533265,33.31188735132025]]],[[[133.25865743159522,33.31243570304531],[133.25856718462796,33.31256086529174],[133.25845487729077,33.31247308966141],[133.25865743159522,33.31243570304531]]],[[[133.25958638090685,33.31357564859735],[133.25942736727927,33.313600864688226],[133.25931557705235,33.313442396049766],[133.2597035023149,33.313399594615646],[133.25958638090685,33.31357564859735]]],[[[133.2572541366692,33.313617467971824],[133.25693072607226,33.3135547933191],[133.25705121903854,33.313479648666885],[133.25712268456425,33.313580423098074],[133.2572541366692,33.313617467971824]]],[[[133.25714411181139,33.313983440783204],[133.2568708303246,33.31396820716708],[133.2568165499439,33.31382806311467],[133.2571161222113,33.31393271182526],[133.25714411181139,33.313983440783204]]],[[[133.25640595277252,33.313914459185014],[133.25648018191498,33.31414047680164],[133.25628820993302,33.31400394622517],[133.25640595277252,33.313914459185014]]],[[[133.2494473153414,33.31587213489115],[133.24936278896155,33.31576159472189],[133.24952708160959,33.31573262216284],[133.2495456031471,33.3158676400796],[133.2494473153414,33.31587213489115]]],[[[133.24060760106,33.32205482916709],[133.24045167300642,33.32204557694189],[133.24057617425115,33.321895432428335],[133.24064832685883,33.32193985623945],[133.24060760106,33.32205482916709]]],[[[133.24313306104204,33.322215000222116],[133.2428302718996,33.32237055865443],[133.24262360589478,33.32227305415819],[133.24292610905275,33.32200138695447],[133.24313306104204,33.322215000222116]]],[[[133.25007499356616,33.32734089216848],[133.24985177733777,33.32726641391395],[133.24985649787914,33.32719149499155],[133.250136886708,33.32725517958295],[133.25007499356616,33.32734089216848]]],[[[133.24995614815782,33.327617576689875],[133.24943893635793,33.3276213151716],[133.24943121927538,33.32742941423612],[133.24995614815782,33.327617576689875]]],[[[133.25513447507603,33.32885061286555],[133.2548306607065,33.3288680543173],[133.25486985675855,33.328716999689846],[133.2551040339241,33.32871646819052],[133.25513447507603,33.32885061286555]]],[[[133.25426666707313,33.32900444100221],[133.25448583725165,33.328871108415],[133.2545302718546,33.32898777476606],[133.25426666707313,33.32900444100221]]],[[[133.25443251644754,33.32915915317244],[133.25451379987203,33.329015577307075],[133.25476697791373,33.32905313479438],[133.25459884605993,33.329141261160316],[133.25443251644754,33.32915915317244]]],[[[133.2547680669927,33.329277216170624],[133.2545177173189,33.3292643693552],[133.25450861168315,33.32917805422386],[133.25474313868494,33.329205297386636],[133.2547680669927,33.329277216170624]]],[[[133.24991437105143,33.3296827843331],[133.24993889826158,33.32982097325936],[133.24980011668208,33.32981907209256],[133.2497501953153,33.32969750533567],[133.24991437105143,33.3296827843331]]],[[[133.25771083039058,33.33301284706528],[133.2574984051273,33.33310918873815],[133.25742258058767,33.333023198262026],[133.25767076469413,33.332970568137284],[133.25771083039058,33.33301284706528]]],[[[133.25712978021522,33.33348132370418],[133.2570195853856,33.333277414121426],[133.25745007825856,33.33325823428015],[133.25712978021522,33.33348132370418]]],[[[133.26583712058675,33.33835450525629],[133.2657655120688,33.33805672084105],[133.26624082985052,33.33815445916099],[133.26583712058675,33.33835450525629]]],[[[133.2639099480857,33.340196036218174],[133.2638180796407,33.34028297278104],[133.2636776523019,33.340207044819294],[133.26377473411674,33.3401422162903],[133.2639099480857,33.340196036218174]]],[[[133.166602218118,33.1381466669352],[133.16662861232066,33.13821444074392],[133.1664800002519,33.13826749534866],[133.16647389115724,33.138163612860524],[133.166602218118,33.1381466669352]]],[[[133.16687888465287,33.14007082940532],[133.1666491699233,33.1400080540285],[133.16666111471875,33.13984833263447],[133.16683111536372,33.139913892312336],[133.16687888465287,33.14007082940532]]],[[[133.1666666671331,33.14024382928932],[133.16679499409372,33.140341108055736],[133.16660999995156,33.14040889175698],[133.16655055836168,33.14031694597031],[133.1666666671331,33.14024382928932]]],[[[133.20499861189649,33.140721107593095],[133.2043886116452,33.140354999883414],[133.20560861214778,33.14000889219665],[133.20564055786554,33.140514440688946],[133.20499861189649,33.140721107593095]]],[[[133.16689639355377,33.141328891914895],[133.16705722381187,33.14136999992559],[133.1669769386349,33.14154389193709],[133.1668725030636,33.14153666678379],[133.16689639355377,33.141328891914895]]],[[[133.16714639429074,33.142451387021936],[133.16739499388393,33.14280305431754],[133.1671491695986,33.142879162143686],[133.16714639429074,33.142451387021936]]],[[[133.21271749661526,33.14761166724469],[133.21263111493408,33.147800279359444],[133.21247888489268,33.14767194610346],[133.21271749661526,33.14761166724469]]],[[[133.2103647208553,33.147802495289],[133.20994027232575,33.14774333338818],[133.20981972809807,33.14744249487529],[133.20994055831022,33.14724638691126],[133.21020138778385,33.1473613868186],[133.21018027170226,33.14758027910665],[133.2103647208553,33.147802495289]]],[[[133.21041610901625,33.14808972076406],[133.21048165970092,33.148210559070094],[133.21029972775034,33.14827361323671],[133.2102519458707,33.1481913873227],[133.21041610901625,33.14808972076406]]],[[[133.212571388259,33.1480011078649],[133.21292583715774,33.14855222500523],[133.21248194618488,33.148421387137375],[133.212571388259,33.1480011078649]]],[[[133.21895194597562,33.14831638679186],[133.21890972820142,33.14870555941411],[133.21866888526085,33.14841444077388],[133.21895194597562,33.14831638679186]]],[[[133.21862944189525,33.14892694642151],[133.2189677821375,33.14905889225412],[133.219073606262,33.14930805392362],[133.2185713879593,33.14900916244295],[133.21862944189525,33.14892694642151]]],[[[133.2076694418913,33.14979166705183],[133.2074219457662,33.149763892389785],[133.2074563942972,33.1496791618639],[133.2076694418913,33.14979166705183]]],[[[133.21903333282216,33.1502572253907],[133.21834555110638,33.14940194584318],[133.21871666714048,33.1492119460745],[133.21922111486265,33.14994249505014],[133.21903333282216,33.1502572253907]]],[[[133.20743111525383,33.150116387061644],[133.20757277556322,33.150259161631084],[133.20746527869971,33.15033055880832],[133.2073833333742,33.15020110769501],[133.20743111525383,33.150116387061644]]],[[[133.21477000043524,33.150957774781546],[133.21486832691187,33.15107861308758],[133.2147058374045,33.15108472128293],[133.21477000043524,33.150957774781546]]],[[[133.21707333326776,33.151506666999126],[133.21680778235338,33.15146444113111],[133.21647583719016,33.15107889187743],[133.21683360638588,33.15101361278806],[133.21707333326776,33.151506666999126]]],[[[133.17391166039488,33.15291694606026],[133.17378165979585,33.153052224780424],[133.1736363941044,33.153024441125126],[133.17379250292174,33.152897494623744],[133.17391166039488,33.15291694606026]]],[[[133.22324917021308,33.155672225093156],[133.22258194610004,33.155310559135046],[133.22343027208944,33.15488361318825],[133.22390639386504,33.15535666737634],[133.22324917021308,33.155672225093156]]],[[[133.20770555057072,33.15541027866146],[133.20773916992687,33.155584441368944],[133.20763861223224,33.15564138734021],[133.20757832707818,33.15545110788236],[133.20770555057072,33.15541027866146]]],[[[133.22117583719523,33.15636472105507],[133.22117944167792,33.15658249458653],[133.22105778229093,33.1565972245823],[133.22104389136257,33.15635027884235],[133.22117583719523,33.15636472105507]]],[[[133.22085944220953,33.159639441307206],[133.22087722360504,33.15983694591836],[133.22073749683807,33.15982527901349],[133.2207233334152,33.159630829399305],[133.22085944220953,33.159639441307206]]],[[[133.2193976652701,33.16198372117185],[133.21919427999205,33.16173182916066],[133.21931955915045,33.1615953597381],[133.21964671902094,33.16164499961707],[133.2193976652701,33.16198372117185]]],[[[133.18868972764892,33.162663053757],[133.18878306108945,33.16277666690968],[133.18857917039247,33.162959161835886],[133.18846472087023,33.1628111082461],[133.18868972764892,33.162663053757]]],[[[133.18855416294434,33.1634538923833],[133.18826555071462,33.1632713866652],[133.18854972838733,33.16303055901312],[133.1887747207768,33.16334027923057],[133.18855416294434,33.1634538923833]]],[[[133.18932972838434,33.16522222482587],[133.1892336061461,33.16538972085897],[133.18915416273444,33.165263332836616],[133.18932972838434,33.16522222482587]]],[[[133.19072610932255,33.16622749510287],[133.19076221800208,33.16634277469933],[133.1906049940253,33.16637194600855],[133.19062000011297,33.16622749510287],[133.19072610932255,33.16622749510287]]],[[[133.22284000026582,33.16947027863051],[133.22295027243717,33.169547775009846],[133.22289722412768,33.16965805437576],[133.222738054018,33.16961500023211],[133.22284000026582,33.16947027863051]]],[[[133.22052693856745,33.174745000281575],[133.22056389081092,33.1745841619296],[133.2207766668098,33.17465805382619],[133.22052693856745,33.174745000281575]]],[[[133.2193069389641,33.17620416199253],[133.21925693935634,33.17598861338388],[133.21954610916566,33.176022224645976],[133.2193069389641,33.17620416199253]]],[[[133.21215027171775,33.18527166735362],[133.2121930605614,33.185494999594596],[133.21197250272883,33.185398333266505],[133.21215027171775,33.18527166735362]]],[[[133.21676861238166,33.192557774921454],[133.21672499436306,33.19267416158334],[133.21657749655424,33.19263666704859],[133.21655221841024,33.19253582876553],[133.21676861238166,33.192557774921454]]],[[[133.21768277593947,33.192769720846],[133.21789165967243,33.19284472070734],[133.21775639444206,33.192926945722036],[133.21768277593947,33.192769720846]]],[[[133.21784805424443,33.19312916188136],[133.21790666665936,33.19327277461889],[133.21774306109342,33.193266667322916],[133.21784805424443,33.19312916188136]]],[[[133.21940722416412,33.19353777514823],[133.21945555103287,33.19363527874515],[133.21922055818231,33.1936061083353],[133.21922194583624,33.193542494790336],[133.21940722416412,33.19353777514823]]],[[[133.22561555091704,33.19334166718426],[133.22588083023618,33.19358027890678],[133.2257474967496,33.19376138707838],[133.22556055827317,33.193524162110464],[133.22561555091704,33.19334166718426]]],[[[133.22707693934933,33.19413777493844],[133.22649165966243,33.19372555898741],[133.22701972807806,33.193613613177774],[133.22707693934933,33.19413777493844]]],[[[133.22672444917407,33.19432610826334],[133.2264461090008,33.19422833307118],[133.2265738909723,33.194091946386266],[133.22672444917407,33.19432610826334]]],[[[133.24066472060042,33.19540972118176],[133.24067499355613,33.19559527919881],[133.24052444884433,33.19553805443769],[133.24066472060042,33.19540972118176]]],[[[133.24076778200765,33.19585972124918],[133.24077250344828,33.19600333308739],[133.24056722419812,33.195977775254164],[133.2405733332928,33.19587110756561],[133.24076778200765,33.19585972124918]]],[[[133.2422049939654,33.195994440590994],[133.2422149944265,33.19616694584795],[133.24202583732256,33.196131667242696],[133.24198888507908,33.196035000015286],[133.2422049939654,33.195994440590994]]],[[[133.24047693855994,33.19604833336393],[133.24041055780106,33.19630389191116],[133.24019527898895,33.196256387022686],[133.24024277578349,33.19607277513853],[133.24047693855994,33.19604833336393]]],[[[133.22930888489714,33.19625777467661],[133.22945111537672,33.19636944079713],[133.22929444897966,33.1963894408201],[133.22930888489714,33.19625777467661]]],[[[133.24104944157853,33.19611389214248],[133.24114277591843,33.19630138729923],[133.24073917007672,33.196414162283816],[133.24079472119945,33.196256387022686],[133.24104944157853,33.19611389214248]]],[[[133.23898693909598,33.19654861272835],[133.23906639419874,33.19658944104992],[133.23900194608302,33.19675861341932],[133.23887610934503,33.19661582895742],[133.23898693909598,33.19654861272835]]],[[[133.230763890841,33.19708027933149],[133.23045610866257,33.19703582944004],[133.23053972762636,33.19690499966606],[133.230763890841,33.19708027933149]]],[[[133.2361741628074,33.197529999709786],[133.23631888530838,33.197595278799156],[133.2362852794422,33.197736666613935],[133.23608583679197,33.19765305394532],[133.2361741628074,33.197529999709786]]],[[[133.23975666703666,33.201054720698835],[133.2399766672894,33.20119638730347],[133.23972306117037,33.20123000036426],[133.23975666703666,33.201054720698835]]],[[[133.2383558371522,33.20128166731513],[133.23813472084078,33.201229162196114],[133.23831306089915,33.20113694571353],[133.2383558371522,33.20128166731513]]],[[[133.23594243809316,33.202480918659546],[133.23616898810837,33.20253987371626],[133.23616398158254,33.202605874061874],[133.2358738261163,33.202586748179954],[133.23594243809316,33.202480918659546]]],[[[133.23913805397808,33.20905972112928],[133.23928444921808,33.20920166742309],[133.23918055773663,33.20927499994133],[133.2389533332298,33.20914500024162],[133.23913805397808,33.20905972112928]]],[[[133.23969499422867,33.21088082938684],[133.23971972828292,33.21105194609049],[133.23943499392988,33.21096527932423],[133.23948555111735,33.21084749511584],[133.23969499422867,33.21088082938684]]],[[[133.23967555088598,33.211308612602465],[133.23979999997005,33.21143638737942],[133.23963861213235,33.211455279437644],[133.23967555088598,33.211308612602465]]],[[[133.24005277601486,33.213661386563786],[133.23994444907714,33.213645829191705],[133.23990610917963,33.21350249524403],[133.24009360613513,33.2135102788763],[133.24005277601486,33.213661386563786]]],[[[133.24677024585026,33.21905195528359],[133.24664197105017,33.21886428835626],[133.2468546822978,33.218872703312684],[133.24677024585026,33.21905195528359]]],[[[133.2491902720135,33.22175861336939],[133.24915360575437,33.22167166691395],[133.2493602717592,33.221663892274876],[133.2493441631027,33.22175082883774],[133.2491902720135,33.22175861336939]]],[[[133.25343277610182,33.22308222476494],[133.25359000007847,33.22316138668867],[133.2535369391785,33.22323555917376],[133.25335111496202,33.223134162411725],[133.25343277610182,33.22308222476494]]],[[[133.25732298336902,33.223867883296236],[133.2573591442092,33.22364450518984],[133.2576938907605,33.22366217956596],[133.2577897800744,33.22380920702932],[133.25732298336902,33.223867883296236]]],[[[132.60430555056075,32.74396222457705],[132.60397527903592,32.74365110771248],[132.60506277612626,32.743440559334374],[132.60484055814527,32.74398638666247],[132.60430555056075,32.74396222457705]]],[[[132.60269778217696,32.744628892009814],[132.60269055792298,32.74469527906393],[132.60249693928233,32.74477389240127],[132.60251555075217,32.74465861280481],[132.60269778217696,32.744628892009814]]],[[[132.60219472120946,32.74463389224036],[132.6020172238159,32.74480972139156],[132.60190610897985,32.74461805427984],[132.60219472120946,32.74463389224036]]],[[[132.597826393873,32.74652361337411],[132.59814166020954,32.746719440749644],[132.59805610860258,32.74695472138336],[132.59768805386068,32.74668305417964],[132.597826393873,32.74652361337411]]],[[[132.60153416287142,32.74840833337794],[132.59899389105533,32.744677774659635],[132.60409610924808,32.744953054439975],[132.60153416287142,32.74840833337794]]],[[[132.6222825027354,32.74889194560683],[132.62232610906278,32.74898333291452],[132.62220111498948,32.749023054170664],[132.6221305577791,32.748948054309324],[132.6222825027354,32.74889194560683]]],[[[132.62287749689904,32.749544161833626],[132.6228011147797,32.749802775377816],[132.62250639435467,32.749762775331874],[132.62258832708972,32.74947694560461],[132.62287749689904,32.749544161833626]]],[[[132.62309639368368,32.749795559217716],[132.62323666723842,32.74991110771151],[132.62316027162933,32.75006277477729],[132.62293472076078,32.750004162362245],[132.62309639368368,32.749795559217716]]],[[[132.7555236064294,32.75118333274469],[132.75557861166362,32.75127472095164],[132.75545861242506,32.75142916242595],[132.75534583744047,32.751228054231376],[132.7555236064294,32.75118333274469]]],[[[132.75811749672516,32.75134027883087],[132.75812360581983,32.751553892098514],[132.7579997278052,32.751513613262716],[132.75799360612007,32.751352774910686],[132.75811749672516,32.75134027883087]]],[[[132.75714055779054,32.75281277478979],[132.75712027178315,32.75307666735438],[132.7569130607892,32.753014999942366],[132.75714055779054,32.75281277478979]]],[[[132.78081666665594,32.7531619455674],[132.78092555117337,32.753275829416054],[132.78078527941716,32.753348613347896],[132.78072055790744,32.753182495076146],[132.78081666665594,32.7531619455674]]],[[[132.7554974973117,32.753492774671884],[132.75550333301248,32.75379527872917],[132.7551541631342,32.75359138713287],[132.7554974973117,32.753492774671884]]],[[[132.77885972839385,32.753532774717826],[132.7789483269038,32.75370777469408],[132.7788066665945,32.75380249488927],[132.7786794422026,32.75366194614196],[132.77885972839385,32.753532774717826]]],[[[132.76008610908673,32.75394027912063],[132.76019416263057,32.75422555936211],[132.76005221813546,32.75426666737286],[132.75983583675452,32.754071946163435],[132.76008610908673,32.75394027912063]]],[[[132.75544805438426,32.754225278773674],[132.75548666677628,32.75434055926945],[132.7552647212899,32.75433833344738],[132.75531778219,32.75422305385092],[132.75544805438426,32.754225278773674]]],[[[132.75384111517542,32.75443666711857],[132.75373165958854,32.75454944120378],[132.7536427759934,32.754499161906836],[132.75371083039056,32.75439833261703],[132.75384111517542,32.75443666711857]]],[[[132.62496000030387,32.754494721054584],[132.6249783266885,32.754617224905076],[132.62480749686858,32.754736946253104],[132.62470639418484,32.754573891971575],[132.62496000030387,32.754494721054584]]],[[[132.75450416283695,32.75460722534325],[132.75462250282635,32.75473194602256],[132.75445972823388,32.75480389178625],[132.75433527914993,32.75464082941079],[132.75450416283695,32.75460722534325]]],[[[132.7649483270037,32.75497000016543],[132.76484333295355,32.75518944103993],[132.76470805423332,32.75508249456152],[132.7649483270037,32.75497000016543]]],[[[132.77790165993372,32.75507610757637],[132.7779652788746,32.755225558712596],[132.777866393919,32.75526277535687],[132.77779916959605,32.75514222483383],[132.77790165993372,32.75507610757637]]],[[[132.7538149943665,32.75552055882679],[132.75384472055748,32.75564777512477],[132.75367610936507,32.75563361260117],[132.75366416277097,32.75552555905733],[132.7538149943665,32.75552055882679]]],[[[132.75348832732448,32.75656055912253],[132.75352389101477,32.75667555902987],[132.75336999992567,32.75676666664839],[132.75333444882585,32.75668277518997],[132.75348832732448,32.75656055912253]]],[[[132.77485000032732,32.75674833306914],[132.77482165999163,32.75691472113755],[132.77472639390805,32.75693194585267],[132.77472972769488,32.756788612804314],[132.77485000032732,32.75674833306914]]],[[[132.62520221830778,32.75677944061874],[132.62533527929975,32.75497333305293],[132.62712333297554,32.75580944085306],[132.62520221830778,32.75677944061874]]],[[[132.75302972793963,32.75712444124002],[132.75288165996074,32.75721082921643],[132.7528105577611,32.7570933327911],[132.75302972793963,32.75712444124002]]],[[[132.75202666729695,32.75701416187411],[132.7521241628,32.75715082914752],[132.75195277629962,32.757254162149934],[132.7518313876085,32.75708138709638],[132.75202666729695,32.75701416187411]]],[[[132.7529349942547,32.75736222468697],[132.75295555095795,32.757451108282055],[132.7527633325618,32.757520559326395],[132.7527305576691,32.75741499960259],[132.7529349942547,32.75736222468697]]],[[[132.751678054099,32.75847082886571],[132.75153333339665,32.75857166714877],[132.75148306129427,32.75846833324704],[132.751678054099,32.75847082886571]]],[[[132.74950861233265,32.759472224863316],[132.7495766667298,32.75965249486677],[132.74939917023562,32.75969555890299],[132.74935165995123,32.75951305408421],[132.74950861233265,32.759472224863316]]],[[[132.76627306075318,32.75961555881105],[132.76635916993985,32.75967055864942],[132.76627972832682,32.759762495442885],[132.76617333313288,32.75970194588814],[132.76627306075318,32.75961555881105]]],[[[132.76557583705528,32.75967610836574],[132.7656391700117,32.75977361286198],[132.76539250306166,32.75977861309258],[132.7654311145543,32.75968722488557],[132.76557583705528,32.75967610836574]]],[[[132.74926583674903,32.759949162324006],[132.74937832664853,32.75998777471608],[132.74931610885142,32.76008361276854],[132.7491652790544,32.76004777478505],[132.74926583674903,32.759949162324006]]],[[[132.74878944157956,32.75995416165529],[132.74873306128177,32.76009333264125],[132.74858221799502,32.76004777478505],[132.7486977817773,32.75994194616396],[132.74878944157956,32.75995416165529]]],[[[132.74921250335444,32.76041166656523],[132.74929832655664,32.7604983333315],[132.74913861235711,32.76059416239076],[132.74903194556794,32.7604933331009],[132.74921250335444,32.76041166656523]]],[[[132.74950221815288,32.76103749488453],[132.7494933328511,32.76117444094774],[132.74937472126646,32.76116472107509],[132.74939250266198,32.76104944057926],[132.74950221815288,32.76103749488453]]],[[[132.630089170279,32.76128027856208],[132.6302099995919,32.76135805373127],[132.6301369386689,32.7614933333507],[132.62999306063125,32.76148972077402],[132.62997499415076,32.76129527925377],[132.630089170279,32.76128027856208]]],[[[132.62949111482317,32.76214166720422],[132.62928333275966,32.76183777459369],[132.62957306104795,32.76180805379869],[132.62949111482317,32.76214166720422]]],[[[132.63455000008253,32.763937775208205],[132.63461499408675,32.76402222514565],[132.63443472138533,32.764052775115545],[132.63444610860108,32.763963054251576],[132.63455000008253,32.763937775208205]]],[[[132.74825221806543,32.765227494753105],[132.74819888467084,32.765328333036166],[132.74807472067187,32.76532610811347],[132.74810722396933,32.765201107744986],[132.74825221806543,32.765227494753105]]],[[[132.6172761091052,32.76601333314886],[132.61690111519442,32.76594249534992],[132.61702000017294,32.76564138704043],[132.6173019457283,32.765762225346464],[132.6172761091052,32.76601333314886]]],[[[132.65109693937234,32.765859720849505],[132.65100082972458,32.76608249461151],[132.6506911149031,32.765898053552405],[132.65078111455682,32.765773612562214],[132.65109693937234,32.765859720849505]]],[[[132.6367227756357,32.766041667189256],[132.636632502588,32.766174441297494],[132.6365172238908,32.76610582932062],[132.6367227756357,32.766041667189256]]],[[[132.6513174972048,32.7686186133584],[132.65137944160801,32.76877472127643],[132.65116306112645,32.76876638725901],[132.65116972780072,32.76863277498262],[132.6513174972048,32.7686186133584]]],[[[132.74567027166574,32.769096666877715],[132.7456216597119,32.76923138711885],[132.74551111504604,32.76918082903211],[132.7455594419148,32.76909110816814],[132.74567027166574,32.769096666877715]]],[[[132.73112416294987,32.77025444059001],[132.7311561086675,32.77046249514808],[132.730996109383,32.77044361298243],[132.7309933331759,32.77026889179598],[132.73112416294987,32.77025444059001]]],[[[132.73113000044918,32.77069861305063],[132.73123778239778,32.770932495238526],[132.731057223712,32.77108582874803],[132.73090306102756,32.77087582895638],[132.73113000044918,32.77069861305063]]],[[[132.7400786118385,32.77163166686796],[132.74010277572256,32.77178333303442],[132.7399366673434,32.77179166705184],[132.7399783266385,32.77166249472839],[132.7400786118385,32.77163166686796]]],[[[132.62935832722508,32.77245861327441],[132.62052138825152,32.77146277508706],[132.6179908300129,32.76785916197082],[132.61983444920054,32.76592416177073],[132.625259728154,32.76728777501086],[132.62935832722508,32.77245861327441]]],[[[132.73194693919993,32.77365916234049],[132.731686393912,32.77336249488326],[132.73186194607206,32.77322166734615],[132.73200944208213,32.77343777533309],[132.73194693919993,32.77365916234049]]],[[[132.73115138812614,32.7740819462249],[132.73056166039237,32.773415000002274],[132.7311391699368,32.77320694634358],[132.73153277621668,32.773786946110704],[132.73115138812614,32.7740819462249]]],[[[132.736010829836,32.77480055939833],[132.73606639444859,32.77487916194383],[132.7359588849946,32.774974440617996],[132.7358655506547,32.77487916194383],[132.736010829836,32.77480055939833]]],[[[132.7336825030451,32.7747197211383],[132.7337119459496,32.77498055870586],[132.73349027205848,32.775092775211476],[132.73335888470478,32.77485138728173],[132.7336825030451,32.7747197211383]]],[[[132.72953555102492,32.77562500029359],[132.72948360618352,32.77544249457554],[132.72969306098605,32.77544249457554],[132.72970166030348,32.77556027878387],[132.72953555102492,32.77562500029359]]],[[[132.72774666727491,32.77594222535345],[132.7277536064438,32.776068613375855],[132.72758416337854,32.77602361309931],[132.72764639376612,32.7759394410524],[132.72774666727491,32.77594222535345]]],[[[132.6365969388977,32.77638722519032],[132.6366155512667,32.77654305431855],[132.6365019462079,32.77653055913805],[132.63647749723873,32.77642722523632],[132.6365969388977,32.77638722519032]]],[[[132.7337377816733,32.77643861335139],[132.73378277565462,32.776534161822156],[132.73362693933188,32.7765791620987],[132.73364444913204,32.776442775413784],[132.7337377816733,32.77643861335139]]],[[[132.72786444878534,32.77634333287858],[132.72779527922887,32.77663555858419],[132.72752527936825,32.776621387067394],[132.72749416282545,32.77639389186464],[132.72786444878534,32.77634333287858]]],[[[132.7267327760968,32.77694416184363],[132.72608916997922,32.776000828775295],[132.72717583699534,32.77599555874809],[132.7267327760968,32.77694416184363]]],[[[132.72569639377366,32.77762805399158],[132.7257377823728,32.777456666591945],[132.7258972240777,32.77754666714503],[132.72569639377366,32.77762805399158]]],[[[132.73253055783903,32.77760472108105],[132.73257972827196,32.777706107950564],[132.73240583715972,32.77771610841171],[132.73238138819056,32.77761472064287],[132.73253055783903,32.77760472108105]]],[[[132.6540419456793,32.777695828699564],[132.65286333287656,32.77745333280512],[132.65327888531237,32.77698222474993],[132.6540419456793,32.777695828699564]]],[[[132.73028499385748,32.777954441344434],[132.730341387645,32.77810749516482],[132.73018444875333,32.7780616666127],[132.73028499385748,32.777954441344434]]],[[[132.72570499399035,32.778099721425065],[132.7257086119629,32.778255558647174],[132.72537639430527,32.77814889185794],[132.72536416262608,32.77801833277988],[132.72570499399035,32.778099721425065]]],[[[132.72615832694532,32.77825972070957],[132.7260147214023,32.77833805435779],[132.72598527939715,32.77822889194988],[132.72615832694532,32.77825972070957]]],[[[132.72672944231,32.77886444104115],[132.72622055823228,32.77823861272185],[132.72739027224338,32.777070558859236],[132.72787111456034,32.77826944058228],[132.72672944231,32.77886444104115]]],[[[132.72699221791663,32.77897389213149],[132.72712360616958,32.779063891785256],[132.72704749744412,32.77912833270642],[132.72693333300697,32.779080828717326],[132.72699221791663,32.77897389213149]]],[[[132.72714527893152,32.779637494674716],[132.72709389077056,32.77989972079553],[132.72681472142233,32.77980638735494],[132.7269911153478,32.779609720911935],[132.72714527893152,32.779637494674716]]],[[[132.72537250293874,32.780064440621516],[132.72551610938103,32.780241386730665],[132.72540583720968,32.78025305363559],[132.7252886123796,32.780134441151574],[132.72537250293874,32.780064440621516]]],[[[132.7262808298965,32.78011499960758],[132.72627111541965,32.78035805398105],[132.72606277577654,32.78043972141609],[132.7260411147057,32.780183054004794],[132.7262808298965,32.78011499960758]]],[[[132.6632413878798,32.78036805444219],[132.6632152787622,32.78046833334696],[132.66309389097034,32.78045861257499],[132.66308221777024,32.780366108309295],[132.6632413878798,32.78036805444219]]],[[[132.68405749705596,32.780278053889106],[132.68387666677484,32.780656108192886],[132.68336778179776,32.78028777466113],[132.68385527909788,32.7801411078259],[132.68405749705596,32.780278053889106]]],[[[132.72682972840926,32.78069666671786],[132.72650832689783,32.78069666671786],[132.7264030612523,32.78042222510567],[132.72677221766378,32.78032305416565],[132.72682972840926,32.78069666671786]]],[[[132.65525165973634,32.780782495315975],[132.65511138798024,32.78089805370229],[132.65505666693173,32.78084416182867],[132.65519693868782,32.78075166655623],[132.65525165973634,32.780782495315975]]],[[[132.6832274965518,32.78099582889445],[132.68319916970597,32.78069472058496],[132.68363416278646,32.78067749497046],[132.68356999975572,32.78090889233158],[132.6832274965518,32.78099582889445]]],[[[132.65818360608864,32.781334161942084],[132.65810749736318,32.78149833318156],[132.65800055807938,32.78140555911932],[132.65818360608864,32.781334161942084]]],[[[132.71955832655556,32.782229161846374],[132.71966555092445,32.7823816670803],[132.71951165983535,32.78242472122395],[132.71940194614297,32.78229972085546],[132.71955832655556,32.782229161846374]]],[[[132.68516555084955,32.7822633333862],[132.68487083042453,32.78243305434205],[132.68481861218925,32.78217249466496],[132.68516555084955,32.7822633333862]]],[[[132.71951027218142,32.78255972115426],[132.71946250289227,32.782868891885926],[132.71924666739983,32.78287500008122],[132.7193474966897,32.78259333331573],[132.71951027218142,32.78255972115426]]],[[[132.67489527869418,32.783113333013944],[132.67488832693482,32.78325805371628],[132.6747336057714,32.78323110822913],[132.67489527869418,32.783113333013944]]],[[[132.719689442314,32.783250558766326],[132.71948639428172,32.78299249470791],[132.7201194423584,32.78253805378819],[132.72006027236375,32.78288110827657],[132.719689442314,32.783250558766326]]],[[[132.72029861159172,32.78298138718134],[132.72032138782185,32.783250558766326],[132.72022944203513,32.783517494636726],[132.72004250265945,32.7835319458427],[132.7200300002844,32.78327416237272],[132.72029861159172,32.78298138718134]]],[[[132.71980165971888,32.783469441161856],[132.71983083012879,32.78364861309308],[132.71963778165832,32.78370694581895],[132.71970194558833,32.7834919457967],[132.71980165971888,32.783469441161856]]],[[[132.7239713879692,32.78402500005376],[132.72401944234343,32.78411666705057],[132.72387055778006,32.78418500023764],[132.72386555125422,32.78400749475014],[132.7239713879692,32.78402500005376]]],[[[132.7238633326267,32.78441110778647],[132.72385861208534,32.78455138673718],[132.72370944243687,32.78451416199903],[132.7238633326267,32.78441110778647]]],[[[132.63288778224546,32.78476277508207],[132.6330166667858,32.78487916174396],[132.63280749706837,32.785027225226315],[132.6326397276414,32.78492444081036],[132.63288778224546,32.78476277508207]]],[[[132.6978383267774,32.784088054220376],[132.6978002719651,32.78482666741684],[132.6970941629653,32.7843138919726],[132.6978383267774,32.784088054220376]]],[[[132.70066055763868,32.78508166658571],[132.70050360615653,32.78494082915597],[132.700758054041,32.784881107876856],[132.70080805364887,32.78506638710411],[132.70066055763868,32.78508166658571]]],[[[132.72137693919444,32.78522361287946],[132.7208363935847,32.78524889192289],[132.72010639409484,32.7842705590391],[132.72167250318353,32.78459999959034],[132.72137693919444,32.78522361287946]]],[[[132.7231641627959,32.78543805442274],[132.7222322178426,32.783906107880625],[132.7238080539986,32.784093333240776],[132.7231641627959,32.78543805442274]]],[[[132.72467027181563,32.78524527934621],[132.72471111542575,32.78547916243343],[132.7245286124056,32.78546166702239],[132.72467027181563,32.78524527934621]]],[[[132.70070083017924,32.78571027920606],[132.7003300001295,32.78557527927575],[132.70030610873994,32.785262774757314],[132.7007769389047,32.785278333028714],[132.70070083017924,32.78571027920606]]],[[[132.699355278923,32.785808891667045],[132.6992363939445,32.78591889224316],[132.6990866667163,32.78578749499695],[132.69926972821543,32.78563527934472],[132.699355278923,32.785808891667045]]],[[[132.72020639420975,32.785965558963426],[132.71956555080953,32.78571777505533],[132.71978250326003,32.78540666718402],[132.72048389081897,32.78563166676804],[132.72020639420975,32.785965558963426]]],[[[132.69997805404398,32.78574889159813],[132.6999827763841,32.78638166718025],[132.69976888522592,32.78644749485608],[132.6997258373775,32.785837775193215],[132.69997805404398,32.78574889159813]]],[[[132.70114722396522,32.786558892079256],[132.7011369393183,32.78669527876417],[132.70100861235767,32.786652224620525],[132.7010319461674,32.786558892079256],[132.70114722396522,32.786558892079256]]],[[[132.70080166036837,32.78652416206046],[132.70088194644472,32.786729161621565],[132.7007499997128,32.78679110782343],[132.70060472143086,32.78660305418765],[132.70080166036837,32.78652416206046]]],[[[132.72056194567733,32.78695194617541],[132.72011306076922,32.78647499972152],[132.72094055756077,32.7864158288275],[132.72056194567733,32.78695194617541]]],[[[132.69990166023354,32.787204721320904],[132.69931389122314,32.78719472085976],[132.69934333322828,32.78635027904221],[132.69952027214288,32.78634861259843],[132.69974082997544,32.787190558797306],[132.69990166023354,32.787204721320904]]],[[[132.72258972803354,32.789522775156],[132.72267055819975,32.78972722523133],[132.7224863941318,32.7897336131158],[132.7224158369214,32.78961055888021],[132.72258972803354,32.789522775156]]],[[[132.63433749657827,32.78996277476227],[132.6342897281885,32.79011500030708],[132.6341997276354,32.79007944111339],[132.63433749657827,32.78996277476227]]],[[[132.72103610872955,32.791644999816924],[132.72107639386059,32.79178222466999],[132.72090499387048,32.791767775262656],[132.72093250323246,32.79164694594982],[132.72103610872955,32.791644999816924]]],[[[132.72169416335498,32.79195610768829],[132.72163861223225,32.792087225245325],[132.72154277597838,32.791990828713836],[132.72169416335498,32.79195610768829]]],[[[132.70706250303215,32.79355777507129],[132.7070661093136,32.7936855588415],[132.70687972841677,32.79366833322706],[132.70696221783214,32.7935519456658],[132.70706250303215,32.79355777507129]]],[[[132.71692972782478,32.79370333304246],[132.71654250313406,32.79369749464371],[132.71669306133583,32.79342110779794],[132.71692972782478,32.79370333304246]]],[[[132.71563527874514,32.79355222535497],[132.71569972776024,32.79383444070692],[132.71539165959746,32.79373249535843],[132.71563527874514,32.79355222535497]]],[[[132.7174963942433,32.79379082898362],[132.71747832686333,32.7939508291675],[132.71722389067008,32.7939419456643],[132.71737444887174,32.79375582916822],[132.7174963942433,32.79379082898362]]],[[[132.7198705576801,32.79358110798182],[132.72013027199455,32.79378361282352],[132.71993610926404,32.79398222539942],[132.71962083033713,32.79368138688653],[132.7198705576801,32.79358110798182]]],[[[132.71457416326712,32.79386055881781],[132.71466749670765,32.7941719463783],[132.71429083005785,32.79402055900164],[132.71457416326712,32.79386055881781]]],[[[132.70744639393604,32.794061107634036],[132.70739972811498,32.79418333269467],[132.70727055759028,32.794223892118964],[132.70721333282916,32.79414527878163],[132.70744639393604,32.794061107634036]]],[[[132.7067794423175,32.79365361312381],[132.70701250342438,32.79415110818712],[132.7066108302257,32.794171666689124],[132.7067794423175,32.79365361312381]]],[[[132.72044555092145,32.794025278643744],[132.7204227755907,32.794283054019786],[132.72021082966614,32.79419527928877],[132.72044555092145,32.794025278643744]]],[[[132.70308805357092,32.794294441235536],[132.7028474966147,32.79429166682701],[132.703091388257,32.79404916193931],[132.70320832710263,32.79419416233077],[132.70308805357092,32.794294441235536]]],[[[132.71366333259675,32.794244721316886],[132.71368138828552,32.79444833322407],[132.7134911151229,32.79449749466369],[132.71342306072575,32.79424166721924],[132.71366333259675,32.794244721316886]]],[[[132.70715944185486,32.794482774560436],[132.70716306072677,32.794587495216774],[132.7070697281855,32.79462249503217],[132.70699805401705,32.794514999967305],[132.70715944185486,32.794482774560436]]],[[[132.7175319462424,32.794683891748264],[132.7175677824273,32.79478861330392],[132.71740277571757,32.794797495008424],[132.71744221818392,32.794692775251406],[132.7175319462424,32.794683891748264]]],[[[132.7102752788811,32.79389222484633],[132.7106408299104,32.79438389230285],[132.71008138774596,32.794893054271085],[132.70972666725197,32.794061107634036],[132.7102752788811,32.79389222484633]]],[[[132.6286972238978,32.795258892184165],[132.62865972756447,32.79539805417693],[132.62854917030802,32.795352224725434],[132.6286972238978,32.795258892184165]]],[[[132.72003666695866,32.795461945612374],[132.72014527898148,32.795558054360754],[132.72009472089474,32.79564194581917],[132.7199661088489,32.79552333333521],[132.72003666695866,32.795461945612374]]],[[[132.71319861242614,32.79565249486677],[132.71312194612096,32.79578777538558],[132.7129336056015,32.79575222518508],[132.7129336056015,32.79560833275838],[132.71319861242614,32.79565249486677]]],[[[132.71282138819652,32.79588305405974],[132.71289250298673,32.79600055857895],[132.712695837443,32.7960227754308],[132.71282138819652,32.79588305405974]]],[[[132.6321380543278,32.803237225017995],[132.6316622176373,32.80324027911564],[132.63168416289386,32.802720828903205],[132.63224027217086,32.80278500002777],[132.6321380543278,32.803237225017995]]],[[[132.64978111520634,32.80774527912138],[132.64938778232033,32.80763444127649],[132.64942111479263,32.80747833335846],[132.64986583673908,32.807533612886004],[132.64978111520634,32.80774527912138]]],[[[132.64980805439825,32.80810610781066],[132.64954111493057,32.80806416163182],[132.64952666732188,32.80790110824961],[132.64972306127038,32.807918054174934],[132.64980805439825,32.80810610781066]]],[[[132.64431250331938,32.81487889224712],[132.64418306119933,32.81498972109881],[132.64411194640923,32.81495082901762],[132.6441794423274,32.81481416174421],[132.64431250331938,32.81487889224712]]],[[[132.6440819459251,32.820122494657426],[132.64404805407446,32.820262225021736],[132.64390277579253,32.82016749493397],[132.6440819459251,32.820122494657426]]],[[[132.64751165983535,32.820132774807746],[132.64759250259203,32.82018082918199],[132.6475197276534,32.82034472073235],[132.647419441554,32.820298892180176],[132.64751165983535,32.820132774807746]]],[[[132.64706499355464,32.82067110808521],[132.64695389130907,32.8209205593364],[132.64678221792508,32.82088722506546],[132.64691277610382,32.82066889215571],[132.64706499355464,32.82067110808521]]],[[[132.64942027212794,32.82242972065512],[132.64938778232033,32.82257638659104],[132.6491761088904,32.822546108216386],[132.64927944189276,32.82243861315152],[132.64942027212794,32.82242972065512]]],[[[132.64959933883847,32.82500000014994],[132.64958499375257,32.824823054040735],[132.6497977823418,32.82482027873294],[132.64971999997806,32.825001386904546],[132.64959933883847,32.82500000014994]]],[[[132.65114250262445,32.82736777480301],[132.65108221836977,32.82749166720674],[132.65097944204763,32.82744833337392],[132.65099722434252,32.82735638668794],[132.65114250262445,32.82736777480301]]],[[[132.65148693937078,32.82742499956413],[132.65147250255404,32.82772749462822],[132.65122416286488,32.82768722478562],[132.65148693937078,32.82742499956413]]],[[[132.65276722412818,32.82902722542616],[132.65282499387843,32.82914499974197],[132.65264111489557,32.82916416159685],[132.65263055775415,32.82902722542616],[132.65276722412818,32.82902722542616]]],[[[132.66365972821393,32.83249833333144],[132.66356610878893,32.83272833314612],[132.6633519460355,32.832637224628286],[132.66365972821393,32.83249833333144]]],[[[132.66351527910695,32.832828333261034],[132.66354194580424,32.83289777531212],[132.66334111460083,32.833000000349784],[132.6632499997877,32.832939162112666],[132.6634027757176,32.832830559083106],[132.66351527910695,32.832828333261034]]],[[[132.6624872236066,32.83449916210668],[132.6625449942561,32.83421222531399],[132.66294749662973,32.83418194604002],[132.66283499413976,32.83449027860354],[132.6624872236066,32.83449916210668]]],[[[132.6631241630497,32.83458166681055],[132.66309221823133,32.83469444089576],[132.66286165993768,32.834720559006655],[132.66288861172006,32.8345511078474],[132.6631241630497,32.83458166681055]]],[[[132.66251917022362,32.83482055912157],[132.6625805579465,32.83491166674008],[132.66249499374908,32.8349766670396],[132.6623827763441,32.83490500006576],[132.66251917022362,32.83482055912157]]],[[[132.65889083024763,32.83853472140032],[132.65869221767173,32.83864666720996],[132.6586708299949,32.838503612951456],[132.65889083024763,32.83853472140032]]],[[[132.6591111146863,32.838984720568476],[132.65916389140057,32.83913222467248],[132.65897722362,32.8391516671158],[132.65899944227056,32.839016386596995],[132.6591111146863,32.838984720568476]]],[[[132.66520693894915,32.8469374946697],[132.66519972818492,32.847011386566294],[132.665024994408,32.847011386566294],[132.665024994408,32.8469063871201],[132.66520693894915,32.8469374946697]]],[[[132.65692027175317,32.85772389224388],[132.6566661089538,32.85712555889745],[132.65743722364903,32.85714916160458],[132.65692027175317,32.85772389224388]]],[[[132.6567169386359,32.857882225084666],[132.6568566672015,32.85816777512275],[132.65654082979552,32.8582088921267],[132.65643693921345,32.857895278744195],[132.6567169386359,32.857882225084666]]],[[[132.6725411152803,32.86533333306693],[132.67258027176217,32.86549527938371],[132.67241527944168,32.865530558888224],[132.67236333280164,32.865368612571444],[132.6725411152803,32.86533333306693]]],[[[132.6710183274339,32.86545833343541],[132.67096999966577,32.865727774817],[132.6708044488663,32.86565889214421],[132.6710183274339,32.86545833343541]]],[[[132.67500000024984,32.86725816193467],[132.67501888511356,32.86746110834355],[132.67482861195094,32.86747916223362],[132.67488221784015,32.867295829139266],[132.67500000024984,32.86725816193467]]],[[[132.68213778173333,32.872386107932584],[132.68187027209547,32.87307861288775],[132.68147888534236,32.872826945707004],[132.6814905576432,32.87235582865861],[132.68213778173333,32.872386107932584]]],[[[132.68073111524882,32.87328916216518],[132.68046389069605,32.87289610806897],[132.68109916999072,32.87297472140631],[132.68073111524882,32.87328916216518]]],[[[132.68991527886703,32.88256527876467],[132.6896630613013,32.882789999558895],[132.68929722428754,32.88256944082707],[132.68971250332947,32.88245694643098],[132.68991527886703,32.88256527876467]]],[[[132.69054306141322,32.883090559281925],[132.69074083042506,32.88318277486525],[132.69059749737664,32.88343944137716],[132.6903700003753,32.88323500029509],[132.69054306141322,32.883090559281925]]],[[[132.69246861243653,32.884591945961574],[132.69248832737446,32.88472027921756],[132.69228083039604,32.88475222493531],[132.6922116599402,32.88460000028982],[132.69246861243653,32.884591945961574]]],[[[132.69366999967076,32.88526972092092],[132.69360555065566,32.88557444090776],[132.6933238910848,32.8854380542229],[132.69339805367724,32.88524555883555],[132.69366999967076,32.88526972092092]]],[[[133.00265888479976,32.98553805413792],[133.00267722377487,32.985349441123844],[133.00286499412425,32.98533138723377],[133.00281194581476,32.985501666668654],[133.00265888479976,32.98553805413792]]],[[[133.00205749735574,32.98566166685248],[133.00181666700564,32.98557610805102],[133.00178194598004,32.9853361077752],[133.0022325027279,32.985380558565964],[133.00205749735574,32.98566166685248]]],[[[133.00644111496558,32.99435777469159],[133.00618778224043,32.99433027881935],[133.00635055773216,32.99414833337892],[133.00644111496558,32.99435777469159]]],[[[133.00735082957715,32.994323333355226],[133.00730972786175,32.99453527927977],[133.0070494415785,32.99448861255945],[133.00716165988274,32.99424305357411],[133.00735082957715,32.994323333355226]]],[[[133.01003936362576,32.999896657804584],[133.0102014790151,33.00075189238595],[133.01006299601056,33.00077054972115],[133.0098972500581,32.999896099325554],[133.01003936362576,32.999896657804584]]],[[[133.0081598309115,33.0026746672022],[133.00795835309555,33.00266826133122],[133.00811038888344,33.00247914379747],[133.00829688669205,33.00253393679179],[133.0081598309115,33.0026746672022]]],[[[133.00955434485718,33.00692614382655],[133.00965514896598,33.007104829224545],[133.0093931782526,33.00701990084781],[133.00955434485718,33.00692614382655]]],[[[133.00927725024496,33.00805317061736],[133.00907643343078,33.00803607180734],[133.0090329440152,33.00790509004793],[133.00927642017075,33.007926757414],[133.00927725024496,33.00805317061736]]],[[[133.01564625167327,33.01031917978639],[133.0155205318472,33.01037108056096],[133.0148141764331,33.00915539590483],[133.0149398962593,33.00910358596178],[133.01564625167327,33.01031917978639]]],[[[133.00966333279666,33.01038134182551],[133.00958177687755,33.01043317964758],[133.00950356733586,33.010327027270534],[133.0096594810003,33.01028658565747],[133.00966333279666,33.01038134182551]]],[[[133.01689901357872,33.0114943328972],[133.0167207652512,33.01162033331178],[133.01661133574464,33.011511341775076],[133.0167910886379,33.011384891699436],[133.01689901357872,33.0114943328972]]],[[[133.01299701709877,33.012996657569715],[133.01297259420994,33.01286052269501],[133.0130656029952,33.01281085583639],[133.0131592224202,33.012924360171155],[133.01299701709877,33.012996657569715]]],[[[133.09272770362065,33.022261144136564],[133.092866822446,33.02253634207858],[133.0927509987597,33.02255853195072],[133.09257408592543,33.02239419793392],[133.09272770362065,33.022261144136564]]],[[[133.09242125783487,33.022529206857484],[133.09252064910868,33.02284804530109],[133.0924152269812,33.022816279447795],[133.09233233466955,33.022563369404054],[133.09242125783487,33.022529206857484]]],[[[133.09301311336458,33.0225527124378],[133.09295326797894,33.02280467639474],[133.09285411232747,33.022802793214396],[133.09292413713933,33.022573431918374],[133.09301311336458,33.0225527124378]]],[[[133.09309369621712,33.022800514332346],[133.09341107685975,33.02303932390572],[133.0932560175512,33.02316774799323],[133.09299561615478,33.02292639603638],[133.09309369621712,33.022800514332346]]],[[[133.09328145307666,33.023347242781085],[133.09288805364088,33.02335866686906],[133.09308647196315,33.023097197977336],[133.09328145307666,33.023347242781085]]],[[[133.0947486511294,33.02353104532153],[133.09484859908366,33.023696486403765],[133.0947420752866,33.023707108296435],[133.0947486511294,33.02353104532153]]],[[[133.0852550191039,33.02505405440115],[133.0853976263994,33.02516378428129],[133.08523530506534,33.02523522462599],[133.0852550191039,33.02505405440115]]],[[[133.08517019504848,33.025281955198125],[133.08526504474605,33.02545301794248],[133.08510675687137,33.025580306186214],[133.0850129440921,33.02540362177979],[133.08517019504848,33.025281955198125]]],[[[133.0835820489724,33.02570614382353],[133.08363963705972,33.02577863097906],[133.08354469473193,33.025865775285354],[133.08347232179028,33.02576751355997],[133.0835820489724,33.02570614382353]]],[[[133.09727744489828,33.02570126140415],[133.09745067410938,33.0258939906152],[133.09738086873222,33.0261046846835],[133.0972240989131,33.025726739197694],[133.09727744489828,33.02570126140415]]],[[[133.08202740623983,33.02661366678734],[133.08211737981333,33.026799865121745],[133.0819578994376,33.0267984765685],[133.08202740623983,33.02661366678734]]],[[[133.09738368361013,33.02889808957525],[133.09750809312402,33.02909917978337],[133.0974144745984,33.029219089989056],[133.09734203600624,33.02898632385978],[133.09738368361013,33.02889808957525]]],[[[133.0980402327706,33.029863431752005],[133.09784149159168,33.029853981675956],[133.09785844381224,33.029703287676625],[133.0980402327706,33.029863431752005]]],[[[133.07483701711476,33.030766342093045],[133.07489184158533,33.03086708055139],[133.07478321697192,33.03095763059025],[133.07471155629332,33.030819919203964],[133.07483701711476,33.030766342093045]]],[[[133.0996402849712,33.030829657962386],[133.09976840508784,33.03091036941805],[133.09971140066068,33.031079054354905],[133.09960092074596,33.03096010822247],[133.0996402849712,33.030829657962386]]],[[[133.0955556811498,33.03199324309372],[133.0954231003958,33.03187078420939],[133.09557573333348,33.03179992842399],[133.09567655003286,33.0319655592632],[133.0955556811498,33.03199324309372]]],[[[133.05002807993196,33.03346810786695],[133.0499482624025,33.03322882884743],[133.05045225686627,33.03322281058428],[133.05002807993196,33.03346810786695]]],[[[133.05557709480718,33.03397968541418],[133.05322076492644,33.033922666597846],[133.0532200130932,33.033775495242935],[133.0555793637967,33.03378500917091],[133.05557709480718,33.03397968541418]]],[[[133.05573156865705,33.034749523072094],[133.05803452737166,33.03475832383765],[133.05803417573668,33.03495887355325],[133.05573156865705,33.034749523072094]]],[[[133.05873370889367,33.03533363993557],[133.05839618703442,33.035094702658455],[133.0587691179005,33.03519512635404],[133.05873370889367,33.03533363993557]]],[[[133.05902398217108,33.03563772140376],[133.0588396634198,33.03576759519842],[133.05884974122262,33.03553226060541],[133.05902398217108,33.03563772140376]]],[[[133.0405678990893,33.03574354103165],[133.04046260736345,33.035847170810314],[133.04035021998675,33.03582756828769],[133.04035337211053,33.03572294565748],[133.0405678990893,33.03574354103165]]],[[[133.09432600484126,33.03560031500257],[133.09446385202523,33.03573014383113],[133.09439983108734,33.03592492799311],[133.09412377429283,33.0357538922284],[133.09432600484126,33.03560031500257]]],[[[133.04233652381163,33.03567968466979],[133.04254872874094,33.03582146818627],[133.0423473408572,33.03588311671251],[133.04233652381163,33.03567968466979]]],[[[133.05920335914777,33.035996873756744],[133.05900495521462,33.03599428820587],[133.05908721080618,33.03589750496593],[133.05920335914777,33.035996873756744]]],[[[133.04013321717434,33.036257215797946],[133.04015568133968,33.03608590124338],[133.04030234817492,33.0361718107805],[133.04013321717434,33.036257215797946]]],[[[133.0404518289888,33.036508954924386],[133.04035806657157,33.036109117242006],[133.04078025870206,33.03623198172062],[133.0404518289888,33.036508954924386]]],[[[133.05721060988185,33.03653808126751],[133.057108820116,33.03655511712503],[133.05707516208918,33.03641252331937],[133.05717801575292,33.03639665837915],[133.05721060988185,33.03653808126751]]],[[[133.0946851616909,33.03683113524875],[133.09452727581322,33.036818468297724],[133.094460466977,33.0366214502198],[133.09463757496417,33.03662637760527],[133.0946851616909,33.03683113524875]]],[[[133.09490595334717,33.036926449895816],[133.09484123183745,33.036798918835075],[133.0950342928984,33.03682174812525],[133.09490595334717,33.036926449895816]]],[[[133.0473497154171,33.038082657888424],[133.04730143980964,33.03835284660664],[133.0471083400779,33.038264963956976],[133.0473497154171,33.038082657888424]]],[[[133.09637648518674,33.03971262243965],[133.09605308718028,33.03966895495836],[133.09631905268225,33.03945549457546],[133.09637648518674,33.03971262243965]]],[[[133.0966942543364,33.04191837793087],[133.09684514888454,33.04226151425752],[133.09667697835994,33.04220636872901],[133.0966942543364,33.04191837793087]]],[[[133.0964866278557,33.04249115344402],[133.09658513599527,33.042554883001515],[133.0965938908954,33.04271905424099],[133.09643238704507,33.04260748614661],[133.0964866278557,33.04249115344402]]],[[[133.09712958466264,33.04321954134883],[133.0970404015933,33.04332553184787],[133.09689368439604,33.043273342390876],[133.09699824857034,33.04313988299924],[133.09712958466264,33.04321954134883]]],[[[133.0966417636066,33.044660945945964],[133.09655469484335,33.04474309901485],[133.09634582370086,33.04471825164603],[133.09651092124204,33.0445527566045],[133.0966417636066,33.044660945945964]]],[[[133.09788796405837,33.04484567568744],[133.0978747602121,33.044951757018],[133.0976906492042,33.044888351216514],[133.09772418941986,33.04481322455075],[133.09788796405837,33.04484567568744]]],[[[133.09831150517186,33.0452038918462],[133.09845308724027,33.045265802075164],[133.09818736725322,33.04536382907747],[133.0981596762282,33.045299603993556],[133.09831150517186,33.0452038918462]]],[[[133.0973367443953,33.045720955257934],[133.09736625205096,33.045544504675206],[133.09756431873836,33.04564845011595],[133.0973367443953,33.045720955257934]]],[[[133.09730321677011,33.04722336896339],[133.09710085581992,33.04714643196229],[133.09732337237585,33.04704450460025],[133.09730321677011,33.04722336896339]]],[[[133.0982729179609,33.05036972088595],[133.09840348873013,33.05023752324314],[133.0986106358722,33.050291918737116],[133.0982729179609,33.05036972088595]]],[[[133.105696834941,33.06020202680213],[133.1055758113747,33.0598763058469],[133.1058311666751,33.05990334216557],[133.105696834941,33.06020202680213]]],[[[133.10536099931073,33.06040411705641],[133.10529206177932,33.06046918930167],[133.1051273671344,33.06037390073499],[133.1051509212781,33.06027154979222],[133.10536099931073,33.06040411705641]]],[[[133.10507429274446,33.06041672105488],[133.1052472629509,33.06059764936208],[133.10519040241525,33.06066120714905],[133.10499817142852,33.060489360195845],[133.10507429274446,33.06041672105488]]],[[[133.10638151759304,33.06078663109821],[133.10630216591233,33.060673089891225],[133.10652593972043,33.0606971350648],[133.10638151759304,33.06078663109821]]],[[[133.10894983116987,33.06291423370499],[133.10879042813576,33.06304737833392],[133.10868125763398,33.062960198054725],[133.10888481198458,33.06277281980982],[133.10894983116987,33.06291423370499]]],[[[133.10888990934188,33.065070243197226],[133.10875447503906,33.06511511666935],[133.10859505761584,33.06491091930354],[133.1089261349332,33.06484684710438],[133.10888990934188,33.065070243197226]]],[[[133.11028206166793,33.06900209896776],[133.11029324293884,33.06915646759694],[133.11015265911794,33.06914131491982],[133.11028206166793,33.06900209896776]]],[[[133.11408744487971,33.06934014423234],[133.11387390355787,33.06945950495225],[133.1137604801621,33.06931370326487],[133.11397765204708,33.06919570321918],[133.11408744487971,33.06934014423234]]],[[[133.1100449805914,33.06907282884805],[133.10925773026008,33.06908838711939],[133.10861341098018,33.06853891933571],[133.10940176388033,33.06772998185323],[133.10947721070477,33.068889973293665],[133.1100449805914,33.06907282884805]]],[[[133.1138034236891,33.07122777534158],[133.11380241195184,33.0713535140535],[133.1136435413165,33.07135036013108],[133.11373097340572,33.07122663140399],[133.1138034236891,33.07122777534158]]],[[[133.11555221836022,33.07128951380008],[133.11564246442822,33.07145415268707],[133.1154337740495,33.07145823381052],[133.11555221836022,33.07128951380008]]],[[[133.1123224902908,33.07204637783809],[133.11225942892952,33.072243693591645],[133.11212261956325,33.07211172077933],[133.1123224902908,33.07204637783809]]],[[[133.11509009093504,33.07274601801436],[133.11508657638444,33.07258947662308],[133.11529845665848,33.07267858594804],[133.11509009093504,33.07274601801436]]],[[[133.11403612236927,33.07280297297888],[133.11249185511508,33.07263892764445],[133.11267654978303,33.071738892435974],[133.11405303501965,33.07146064039631],[133.11403612236927,33.07280297297888]]],[[[133.12070387768188,33.076036450321965],[133.1199792606344,33.07532312606145],[133.1183728268445,33.072705134834166],[133.11859537038015,33.0726098651532],[133.12070387768188,33.076036450321965]]],[[[133.1200628022566,33.07579760387637],[133.1198226589886,33.07627200884616],[133.11968739285896,33.076220198003796],[133.11992771689063,33.075754090179146],[133.1200628022566,33.07579760387637]]],[[[133.1189008691798,33.07665026999399],[133.11855102481002,33.077502071863194],[133.11837011718717,33.07745219816047],[133.1187194417489,33.07659678371465],[133.1189008691798,33.07665026999399]]],[[[133.11333545966374,33.07852842314827],[133.1131516076606,33.07851638662197],[133.1130142928754,33.07837515259126],[133.11306413690045,33.078311513865344],[133.11333954618317,33.0784764864008],[133.11333545966374,33.07852842314827]]],[[[133.11624208830176,33.083729721449515],[133.11610843105927,33.083891693846624],[133.11597479899785,33.08373369375499],[133.11624208830176,33.083729721449515]]],[[[133.12199662794205,33.08726303636007],[133.12177147907062,33.08720686470508],[133.12174206224643,33.08711150509191],[133.12201477266365,33.08713299978814],[133.12199662794205,33.08726303636007]]],[[[133.1232108044352,33.08791618878115],[133.12261784723592,33.08781955033203],[133.12284400784472,33.087624982007355],[133.1232108044352,33.08791618878115]]],[[[133.1298927762307,33.08940749495997],[133.12979306120087,33.08949749461374],[133.12976027191905,33.089267775387555],[133.12983472139535,33.08924722497949],[133.1298927762307,33.08940749495997]]],[[[133.1300522179356,33.089621946395766],[133.13009583685346,33.08987333298796],[133.13001221788966,33.089866107834666],[133.12997055769517,33.08967749482059],[133.1300522179356,33.089621946395766]]],[[[133.131511660235,33.0903872253902],[133.1314863937821,33.090596387013704],[133.13113972761641,33.09032833328598],[133.1312538911542,33.090222224975776],[133.131511660235,33.0903872253902]]],[[[133.13526194558244,33.09162944094601],[133.134888326735,33.09150110769002],[133.13455972794918,33.09151138694102],[133.13464583713574,33.09131582936209],[133.13531639413634,33.09149999972527],[133.13526194558244,33.09162944094601]]],[[[133.13708194587514,33.09303777477356],[133.1368786118585,33.093156945736496],[133.1368441633275,33.09303027892429],[133.13708194587514,33.09303777477356]]],[[[133.13779639428822,33.09390833290331],[133.13736083013828,33.09373610823485],[133.13748250301512,33.09340500034057],[133.13777111524485,33.09364194561937],[133.13779639428822,33.09390833290331]]],[[[133.1390541627195,33.09406055934738],[133.13890888533683,33.09420333301745],[133.1388599999891,33.09413861330643],[133.1390541627195,33.09406055934738]]],[[[133.13958360619858,33.09488777465111],[133.13957999991715,33.095003892415775],[133.13941832699425,33.09495694600628],[133.13943639437412,33.09484944104889],[133.13958360619858,33.09488777465111]]],[[[133.1398463943957,33.09594805375974],[133.13943778202804,33.09577833280389],[133.13961389086842,33.095506108020516],[133.1399427756387,33.09557277476381],[133.1398463943957,33.09594805375974]]],[[[133.14270472134592,33.096692494563],[133.1429986116966,33.09695138689705],[133.14266277606635,33.09697638715062],[133.14270472134592,33.096692494563]]],[[[133.14171194624942,33.09701500044196],[133.14141221839918,33.096935558829045],[133.14118194609,33.09673972066162],[133.14118360623854,33.09648777469113],[133.14160277574751,33.09680889201678],[133.14171194624942,33.09701500044196]]],[[[133.14102389113975,33.09686582899485],[133.1414541627795,33.097068892315576],[133.14126888535088,33.09723972123618],[133.14102389113975,33.09686582899485]]],[[[133.1427663941538,33.09743527881511],[133.14220583682993,33.097374999956344],[133.1418686117471,33.09707305437803],[133.14210666678935,33.096823333330235],[133.1427663941538,33.09743527881511]]],[[[133.1437519458957,33.09756000039374],[133.14380832709264,33.09770582906083],[133.14362861197094,33.09764389185216],[133.1437519458957,33.09756000039374]]],[[[133.1436105580808,33.097866386824364],[133.14368666680627,33.09794277523895],[133.14352166009655,33.09802972079501],[133.14348693907107,33.097885278882586],[133.1436105580808,33.097866386824364]]],[[[133.14369778242678,33.09949444121554],[133.14340749655878,33.09944138661075],[133.14342221756135,33.09929249485282],[133.14369778242678,33.09949444121554]]],[[[133.1438677821725,33.100445279126404],[133.1437425030142,33.10041305371948],[133.14371888501864,33.10024666655045],[133.14396389092087,33.10030555865467],[133.1438677821725,33.100445279126404]]],[[[133.14590166013352,33.101069441001925],[133.1459925033514,33.101203332967486],[133.14579832713116,33.101297494683706],[133.14578722410113,33.10109582890942],[133.14590166013352,33.101069441001925]]],[[[133.14587805382916,33.10167277457896],[133.1455966667528,33.1015491618644],[133.14588333284962,33.10141222479439],[133.14587805382916,33.10167277457896]]],[[[133.1463222181959,33.1016900001934],[133.14627138761455,33.101850558856256],[133.14615333271024,33.10176944090705],[133.1463222181959,33.1016900001934]]],[[[133.1455719461884,33.10261694581544],[133.1454247208742,33.10263472091572],[133.14534306063376,33.10256249456353],[133.14538306067982,33.10246972140055],[133.1455719461884,33.10261694581544]]],[[[133.14538861219478,33.10287138740466],[133.14517805392416,33.10285666730141],[133.14518888535883,33.1027180538951],[133.14538861219478,33.10287138740466]]],[[[133.14647083026466,33.104112774684836],[133.1465108303106,33.10424389224187],[133.1463222181959,33.10417027913513],[133.14647083026466,33.104112774684836]]],[[[133.1493836057689,33.10413861310656],[133.14952333343513,33.104179721117305],[133.14945055759722,33.10428722517537],[133.1492819464048,33.1042238922189],[133.1493836057689,33.10413861310656]]],[[[133.14635306134483,33.1046452785568],[133.14561083017577,33.104430559123045],[133.14543194602754,33.1040008288752],[133.14631693917545,33.104420278972725],[133.14635306134483,33.1046452785568]]],[[[133.14822389131962,33.10497638735046],[133.14811861218425,33.10513527867022],[133.1479263937881,33.10509416166627],[133.14783555057022,33.10489110823812],[133.1480697277358,33.10497610766129],[133.14822389131962,33.10497638735046]]],[[[133.14828499395742,33.10584194614893],[133.14827610865552,33.10605389207353],[133.1481672241381,33.105987774816015],[133.14815250313552,33.10584055939438],[133.14828499395742,33.10584194614893]]],[[[133.15025221776568,33.10682166668664],[133.14982389135957,33.106813053879364],[133.1495752791759,33.10660666666439],[133.14976221765232,33.10638138739114],[133.15025221776568,33.10682166668664]]],[[[133.15378805437524,33.1149044413869],[133.15378610914172,33.11499999975024],[133.15364472132694,33.11500277505809],[133.15361000030134,33.11491000009647],[133.15378805437524,33.1149044413869]]],[[[133.15563555143956,33.11684805439427],[133.15556666696818,33.11704389166232],[133.15548499413728,33.11705110782242],[133.15552499418322,33.11686722524229],[133.15563555143956,33.11684805439427]]],[[[133.15437000027532,33.11730861340186],[133.15456972801064,33.117551387186836],[133.15442082995742,33.11764861289322],[133.15423194624736,33.11736582916973],[133.15437000027532,33.11730861340186]]],[[[133.1554488845585,33.11752222487081],[133.15558111457688,33.1177738920515],[133.15538333297445,33.1178544407299],[133.15518194599008,33.11769389195962],[133.1554488845585,33.11752222487081]]],[[[133.1548847209532,33.11798222539943],[133.15462916960053,33.117849721087794],[133.15485944190982,33.11776582873006],[133.1548847209532,33.11798222539943]]],[[[133.15464722438992,33.11807582863662],[133.15472360561,33.118295279403696],[133.15451472097766,33.11832916226109],[133.15464722438992,33.11807582863662]]],[[[133.1552961086286,33.1190636133951],[133.15528527899255,33.11924916241895],[133.1551616599827,33.119153613048866],[133.1552961086286,33.1190636133951]]],[[[133.1537938909754,33.119604441391914],[133.15375778229588,33.119735558948946],[133.153650557927,33.11970610795055],[133.15367250318354,33.119573612632166],[133.1537938909754,33.119604441391914]]],[[[133.15352917013513,33.12164777482502],[133.15343472063591,33.1215974946287],[133.15348555121727,33.121435559103816],[133.1536216600117,33.12152110801276],[133.15352917013513,33.12164777482502]]],[[[133.1556674971573,33.12227694592434],[133.1555063944046,33.12227861326744],[133.15546639435865,33.12194305372901],[133.15586917012615,33.122107775353584],[133.1556674971573,33.12227694592434]]],[[[133.1557474972493,33.122498612620916],[133.15583805358335,33.122619162244575],[133.15575277626965,33.12274138730521],[133.15560055791946,33.12254861312806],[133.1557474972493,33.122498612620916]]],[[[133.15555527885306,33.12269444089577],[133.15563472136535,33.1228224953619],[133.15553527883014,33.12286666736287],[133.15546444912513,33.122725278648716],[133.15555527885306,33.12269444089577]]],[[[133.15846221775723,33.125135279169854],[133.15829166043181,33.12512666726195],[133.158297223638,33.1249397206916],[133.15843693871386,33.12502944065619],[133.15846221775723,33.125135279169854]]],[[[133.1596300521852,33.12526266723836],[133.15906763866064,33.12527091941746],[133.15935608271707,33.124834107907816],[133.1596300521852,33.12526266723836]]],[[[133.15882749719128,33.126812495000706],[133.15869749659225,33.12685749527725],[133.15868194641473,33.126750558691356],[133.15879666663295,33.12670082888019],[133.15882749719128,33.126812495000706]]],[[[133.16439000009848,33.13503444068692],[133.16448555126726,33.13510999992661],[133.16430972841135,33.13523582857067],[133.16421917027856,33.135181945690306],[133.16439000009848,33.13503444068692]]]]}},{"type":"Feature","id":"JP-39-capital","properties":{"Kind":"capital","PrefectureCode":"39","PrefectureName":"Kochi","CapitalName":"Kochi","CapitalNameJapanese":"高知市","PointKind":"prefecture-representative-point"},"geometry":{"type":"Point","coordinates":[133.531113,33.559723]}}]}
