{"type":"FeatureCollection","bbox":[135.853251115047,33.72298582903284,136.9876971338157,35.257648467602735],"displayBbox":[135.853251115047,33.72298582903284,136.9267658105938,35.257648467602735],"DataVersion":"2019-boundaries-v1","Attribution":{"BoundarySource":"MLIT National Land Numerical Information, via Fabio Crisci / piuccio","BoundarySourceURL":"https://github.com/piuccio/open-data-jp-prefectures-geojson/tree/513fb852832c99470e16b95a30ddd68bf3469dc0","BoundaryDate":"2019-01-01","CapitalSource":"Geospatial Information Authority of Japan (GSI), prefecture representative points","CapitalSourceURL":"https://maps.gsi.go.jp/","CapitalSourceRetrieved":"2026-10-04","Notice":"Simplified and enriched by Ashiato Kai. Modern geographic context, not historical immigration-era boundaries. See GEOLOCATION.md and THIRD_PARTY_NOTICES.md."},"features":[{"type":"Feature","id":"JP-24","bbox":[135.853251115047,33.72298582903284,136.9876971338157,35.257648467602735],"properties":{"Kind":"prefecture","PrefectureCode":"24","PrefectureName":"Mie","PrefectureNameJapanese":"三重県"},"geometry":{"type":"MultiPolygon","coordinates":[[[[136.52822577170207,34.71052599977514],[136.5283537479272,34.71099613476383],[136.52830917033202,34.71100741406099],[136.52818160779498,34.71053619808714],[136.52822577170207,34.71052599977514]]],[[[136.415130506168,35.2177435860977],[136.41679938978007,35.2143888648543],[136.4161371982732,35.205483865188285],[136.41262306140527,35.1959108383146],[136.41270749695343,35.19205333309492],[136.4094338909614,35.18766110807371],[136.41629416324508,35.1850566669317],[136.4194419459891,35.18272222475093],[136.42446083030313,35.18451027932599],[136.43572444862446,35.17650333276265],[136.4397766669597,35.171496386948775],[136.4438713881541,35.171701107720025],[136.4485363937397,35.1668236130194],[136.45255389104932,35.16583861256197],[136.45465306069025,35.16141777471057],[136.45394138758502,35.157921666551715],[136.45499834010138,35.1524147210626],[136.4503938912651,35.14949861267087],[136.4460405583252,35.14987138705493],[136.44318389062414,35.14517389166184],[136.4429477817148,35.13905722471122],[136.43795138764654,35.13656417089982],[136.4356388853264,35.1306552788181],[136.44465583709723,35.1266136131278],[136.44802306071574,35.12384138727026],[136.44451861224422,35.11900666702411],[136.4399658366541,35.1166322247974],[136.44251360611804,35.110854170583536],[136.44082306143525,35.10774944108391],[136.44191083012083,35.10157722480915],[136.4386994419258,35.09636750525624],[136.4397786121932,35.090403332747655],[136.44210888511702,35.086153892188406],[136.43526666672335,35.08248722490555],[136.44159833999151,35.06671944114936],[136.43104055817525,35.059232505076125],[136.42875666688678,35.05635472129342],[136.42471999962834,35.05698444097919],[136.42220972829637,35.05138277529488],[136.41785306067027,35.04950250513656],[136.41776778155793,35.042603892056036],[136.41645472100868,35.03729499976447],[136.418839441587,35.02990972125667],[136.42382778222645,35.02977138664022],[136.42128389063907,35.02127083817868],[136.41712221761634,35.01960055881881],[136.41696221833172,35.01123805359333],[136.4200961092481,35.0051919456518],[136.42136444921005,35.000056386892766],[136.413485836802,34.99542666710704],[136.41635666702666,34.99212972100986],[136.41510306065777,34.98374166694441],[136.41587444874688,34.98080110778494],[136.41354805369974,34.977937775208204],[136.40891888519843,34.975056386942754],[136.40744916994333,34.97215194635527],[136.4031461091057,34.969152495091635],[136.4033780541539,34.96643333283208],[136.39912194602107,34.9631433330984],[136.39955639411232,34.961106107860644],[136.3964711151499,34.957418613178504],[136.3947877821305,34.9514227746414],[136.387709442237,34.953081387096404],[136.3726897280486,34.94225749498747],[136.37535277620975,34.93989194615642],[136.37190306137722,34.93458833288531],[136.37391306143866,34.92377916177895],[136.3678122180595,34.92190082876027],[136.36727277591797,34.916630558753354],[136.3651522177007,34.91268610797755],[136.36609749690206,34.90500638693527],[136.36019250338143,34.90411610757235],[136.35735666667688,34.90048166659568],[136.35033055760925,34.89896555891346],[136.34604555066164,34.89472805415642],[136.33940916999723,34.89547194637328],[136.33543111515394,34.893285278992494],[136.33072944240985,34.89243444119654],[136.32634194602406,34.888642224958744],[136.32422389062015,34.88992416177069],[136.31905666673185,34.88956638717906],[136.31322610919767,34.88697222528799],[136.31291778203013,34.88062749476313],[136.30501944209368,34.875182224779905],[136.29876583717373,34.875366387049155],[136.2970983403162,34.87275694567654],[136.28906138787283,34.86957277456395],[136.28235027174776,34.87109999966532],[136.27711527944666,34.87421361266814],[136.27596749720226,34.871826945956855],[136.2688944489197,34.86790472102609],[136.26789666729746,34.864467495078884],[136.25806944165151,34.860870278840366],[136.2541219457712,34.85828416228429],[136.25067500624664,34.85772805390661],[136.24273916997674,34.859597775017335],[136.2373136059382,34.8597311076046],[136.2353872239413,34.86147416190312],[136.22783194568785,34.8609716666092],[136.22360749728819,34.86320777511878],[136.2200877819257,34.86335333308989],[136.21201389072849,34.86602110808769],[136.20907277578806,34.86812138659275],[136.19807444937635,34.869862224961764],[136.18707639366073,34.87839027918807],[136.18219666684274,34.87817000014542],[136.17825527915784,34.882583054364545],[136.18077861224322,34.88578972111878],[136.16689778240675,34.88789444137541],[136.15983917004178,34.88657416196804],[136.15942138818662,34.884772774943656],[136.1535719457887,34.884581107831934],[136.1485458372207,34.88201638704669],[136.14407639371063,34.88540638689528],[136.13643888504657,34.888208892026796],[136.1348899997737,34.884844162228376],[136.13153277571712,34.883134161612304],[136.12797805424384,34.8850283325915],[136.12553861171762,34.88820333331722],[136.12172055795747,34.88787249521954],[136.12044583730562,34.89143972086646],[136.11628027201698,34.89215722517588],[136.1155258370478,34.896273612837035],[136.1122969390526,34.90188027875189],[136.10626944168143,34.900084721133],[136.10178472138784,34.896143891927125],[136.09837778190922,34.88953416177219],[136.09478610909173,34.88780082914502],[136.08622277626023,34.88912777522671],[136.08537277573305,34.88676499990487],[136.08960027193507,34.8825000001749],[136.08516333262173,34.87878361297339],[136.08698027162234,34.87635555856224],[136.09302527879368,34.8735202794374],[136.09577333267328,34.873601107804916],[136.09889194590664,34.87058138672165],[136.1132388853663,34.86930444114711],[136.1157622175524,34.871978053644284],[136.1185133327242,34.87065666717149],[136.12213194563287,34.87275194634532],[136.12585722443146,34.870019440844544],[136.12277138788932,34.866321387222285],[136.1263816730758,34.862022494742405],[136.12103527905492,34.85978861295416],[136.11740944189228,34.85588722531526],[136.11338610888185,34.85613916229255],[136.10830055782458,34.852823891609376],[136.1073963938286,34.84523916235753],[136.10440277556768,34.84056610783966],[136.10009888465584,34.83911249494571],[136.09507834019325,34.84017694600931],[136.09269944182586,34.83720916167351],[136.08623194574773,34.836581387221315],[136.0900805575717,34.83327166715378],[136.08755472077382,34.830450278957244],[136.09518693872633,34.81910416222735],[136.090797782192,34.81584082919096],[136.0906155507671,34.81222666702712],[136.08568666700614,34.81088361318825],[136.081804449316,34.80774833281936],[136.0755066669991,34.807852225200065],[136.07299306098105,34.80421249531048],[136.06840722361449,34.80396027864401],[136.06369111495303,34.80160833295827],[136.0551166674004,34.80207277523846],[136.05155444917852,34.79909110806824],[136.04853306075222,34.799649999847645],[136.04117138764946,34.79845777490647],[136.0384811152113,34.79393861327645],[136.03466111531827,34.79426555910834],[136.02842944216513,34.79068027867197],[136.02228888472428,34.79155527855329],[136.01995972785926,34.786373892141455],[136.02260583728957,34.78231055908509],[136.033577497004,34.779439441077386],[136.03331472139735,34.77181944131422],[136.02934416330254,34.764815558990904],[136.0310363942143,34.762231386769145],[136.028379441658,34.75833027881936],[136.03020389089693,34.75590527940517],[136.03813250291273,34.75622333274066],[136.0392691704359,34.74938805441525],[136.04761111536072,34.744195829374064],[136.04983639423426,34.74050555938413],[136.0554763944201,34.738555559391614],[136.06253749700795,34.73066722531223],[136.06310111472476,34.72643972101639],[136.06803111544366,34.723887224715725],[136.0695980537073,34.7169244414099],[136.07106583721873,34.71467666689472],[136.06634583719074,34.709790000008525],[136.06006583716874,34.70705555916675],[136.05418555072265,34.70616472132485],[136.05994250324397,34.69975389242825],[136.06821472103263,34.697841666659656],[136.07508306113448,34.69770110801977],[136.07739527926879,34.69096805383265],[136.07886416265103,34.6899074950349],[136.07965389061462,34.68400694596386],[136.08234583669105,34.6821650004145],[136.0821072240692,34.67900861295715],[136.08646472087025,34.67534749539067],[136.0822233328406,34.66993194620238],[136.0819727763227,34.66517249471491],[136.07783639403442,34.66256638712912],[136.0777808303211,34.65876055875282],[136.07058167280604,34.65775222538497],[136.06451472127742,34.65196499988491],[136.05653555117476,34.65550638711011],[136.04398972804358,34.66022666682727],[136.04096472074536,34.65918555856672],[136.05047444883678,34.65229638656905],[136.05821555130672,34.65281110814618],[136.06097306065828,34.650789441179825],[136.06484639394603,34.65156444094623],[136.06794167336955,34.6438752788211],[136.07122333279062,34.64053916185287],[136.07140000010997,34.637198053647296],[136.0735769386249,34.63409416231576],[136.0720836062735,34.630015000292076],[136.06942416259506,34.62856389201005],[136.0688583397407,34.62230361322122],[136.06246693889818,34.619957774831505],[136.06144389082294,34.61691110826109],[136.0558302722493,34.61015694608625],[136.050321672907,34.60601916175494],[136.05025055811677,34.60410055889372],[136.0465683397572,34.60055749533217],[136.0491441626731,34.594888054040496],[136.0521413881146,34.593058332975716],[136.0506522178257,34.5869136125732],[136.0465227756057,34.585216667415295],[136.04976722377842,34.58027055893922],[136.05485805385615,34.578456945631615],[136.06080167325865,34.5749647207453],[136.0603113880602,34.569417775210184],[136.0657766670596,34.56699889208528],[136.0713552786233,34.567727225131364],[136.07560639372014,34.564596667102535],[136.0823313881831,34.562169440966954],[136.08335693907156,34.55932666689222],[136.09102027176823,34.55728666724593],[136.09492333304547,34.55785777541604],[136.09903167267362,34.55586361331518],[136.10122999976477,34.55659138698297],[136.1105874969155,34.55645110803226],[136.11128999963387,34.55128555868163],[136.11363167326317,34.54644610800153],[136.11862972837935,34.54648638683733],[136.13394639421074,34.55522610819838],[136.13960277644708,34.559258892184175],[136.14661027224633,34.55578722490054],[136.151404449256,34.55566610780471],[136.15120472062142,34.55915666714651],[136.15549861197144,34.55973055871834],[136.15758861212487,34.552694162305784],[136.16141861157973,34.54907055905909],[136.15977389095235,34.5467116670099],[136.16573306143175,34.541354721243465],[136.16971944219858,34.53887722480414],[136.1717738912521,34.53481916177492],[136.1698219460261,34.52724805365483],[136.16715389133913,34.52465416156036],[136.167714448663,34.520912495315486],[136.17182472093418,34.51815055860146],[136.18211666675086,34.51675110827705],[136.18326000004902,34.51902249539188],[136.18978472088827,34.5239572247462],[136.19361306109397,34.52347861274785],[136.20994138778485,34.52902916186639],[136.2166291701002,34.527975278736164],[136.21597916980295,34.52328527919235],[136.21977583678552,34.5158855593711],[136.2194791702276,34.51053333324677],[136.2157863938271,34.50780610766577],[136.2146672244129,34.50131194578972],[136.21825639441715,34.497020559051634],[136.2290361091292,34.494722224651014],[136.2285197283029,34.48906527943916],[136.21920138763403,34.48522582900887],[136.21555972779925,34.48115305397033],[136.2141583403352,34.47502610776871],[136.21473306108192,34.47271694643001],[136.20932306071074,34.46705638684284],[136.20745111467727,34.46054805434926],[136.208600271985,34.45549694642699],[136.20536027185915,34.448346107686746],[136.1974863943817,34.449955279012954],[136.19184999957793,34.44953555911883],[136.18852194593114,34.45060499962108],[136.18536888506605,34.44812944122077],[136.17848416291383,34.44552138660276],[136.17033333291704,34.44641638740643],[136.16544527927624,34.44843082921943],[136.1582355511298,34.449006387235045],[136.15326693891814,34.44537638711063],[136.151436666569,34.4418533325653],[136.14421500621768,34.44109027939294],[136.13613639357982,34.44283582931013],[136.13132055819722,34.44510444111711],[136.12706555083457,34.443571945988595],[136.11802138827647,34.44270972097689],[136.11378250306018,34.436940829056084],[136.11125527860827,34.43570416231728],[136.10057722415968,34.43588610775771],[136.09589805425185,34.435221667046335],[136.09145610931205,34.43013194583267],[136.08869917013067,34.42872416239021],[136.091102217993,34.422865000119714],[136.09026500582547,34.41604249486528],[136.0834941630253,34.40951305438398],[136.08101722416563,34.40965027923704],[136.07653833957272,34.40586305423659],[136.07428194595514,34.3997522247854],[136.07498888502903,34.398366667187986],[136.06914083028516,34.39425694620115],[136.0693058369949,34.389341108005794],[136.07238944231892,34.38699055896717],[136.07815944220454,34.386403891626344],[136.08609167309226,34.37962472110405],[136.0866199996134,34.37575333304994],[136.08888778224537,34.37465610799302],[136.09194083040506,34.368557494932475],[136.09054416258311,34.36282333303046],[136.0955205584271,34.359808613077064],[136.09862749666172,34.35210499974602],[136.0967263937082,34.34953555931867],[136.0984022182878,34.345174440947744],[136.10206805369774,34.34215916161605],[136.1023627759214,34.336048333064184],[136.1086444486824,34.33087166719372],[136.10923083003888,34.32910694642851],[136.11535055828165,34.32631916229957],[136.12221722384584,34.3254227747413],[136.12409083002785,34.32159777461766],[136.12950527934527,34.31617444089778],[136.12231138826007,34.310428053611815],[136.11494360606264,34.30881249530046],[136.11164610868104,34.30501389207751],[136.10819778240182,34.304555279202816],[136.10036000011394,34.30554055934937],[136.09490360641632,34.301451108182164],[136.0959213880617,34.2937841620095],[136.09782944187532,34.28882194577625],[136.10053360614108,34.287896386908756],[136.10545555073315,34.28300333303741],[136.11341861217932,34.2787630538719],[136.11723610925912,34.27110138671969],[136.12183416301627,34.267127494838064],[136.1193563940824,34.265666946372505],[136.11806360605067,34.26059638701372],[136.1278061092646,34.25665416205999],[136.12855472112358,34.25384305401377],[136.13184944229795,34.251896386908754],[136.12939250256204,34.249095559012915],[136.1303058369449,34.242873054447955],[136.12469277595096,34.24131916174997],[136.11744167269512,34.2339469458949],[136.11578221757532,34.22962472140381],[136.1106669394278,34.22935472064387],[136.10965027204247,34.224221386807585],[136.1172983396467,34.22311000012644],[136.11729083030764,34.217074162442714],[136.11873500571596,34.215505829330596],[136.11546639365918,34.21083499973548],[136.10974111526036,34.211244441277984],[136.10740250292326,34.20738055896567],[136.09757610915017,34.20247166713381],[136.09653583725913,34.198291387137886],[136.093449442238,34.19569805442171],[136.09268277558965,34.19039416236075],[136.09620250264345,34.187806386555565],[136.10886472142977,34.18513777518825],[136.10881416334303,34.180781945730246],[136.1055969394473,34.17161833341942],[136.1120447205875,34.167557774771524],[136.11469221767175,34.160816386567035],[136.11083639418428,34.154717494716635],[136.10568583743157,34.15251694630007],[136.10621693926043,34.14385777541605],[136.1019491696186,34.14132944120081],[136.10426389056613,34.13708444059449],[136.1084044493059,34.126784441348946],[136.10506416308067,34.123113612902955],[136.09967778160444,34.12041972069363],[136.10029833989654,34.11671749511635],[136.10406082994336,34.11510416172774],[136.1056774971189,34.109537494959454],[136.10430194627781,34.105903613361136],[136.1078658372387,34.10309333269123],[136.10344722431,34.09897555917479],[136.1023608297885,34.09602972099486],[136.11275722376695,34.086664999590084],[136.11721527916188,34.08422138690753],[136.1159855506927,34.08175833268098],[136.10832333315534,34.08371582942203],[136.1033833328746,34.083913333133864],[136.09928082984652,34.086384440789345],[136.09609666682775,34.08634861269837],[136.09330888539682,34.08287527897102],[136.09659167256768,34.079061107584096],[136.09482083011733,34.07489277508154],[136.0939158369464,34.06661389241725],[136.09708221767028,34.05741305356963],[136.09222555126826,34.048173613121776],[136.0978213884464,34.04482472128393],[136.10104917038302,34.03713944063276],[136.10446944231103,34.026956667116565],[136.09637500610177,34.02246249494823],[136.08553778244277,34.02878861310404],[136.0821247212789,34.027555279252795],[136.07265583679748,34.033862775146986],[136.06662834032568,34.033986946340576],[136.06238027213192,34.032280278612006],[136.05492639423778,34.03562555877255],[136.05089527939367,34.03344333314334],[136.04410138786886,34.035833332742186],[136.04345917030457,34.04068277489023],[136.03899666686277,34.03651805406497],[136.03584111487567,34.039109721236684],[136.03172778221142,34.031867225392205],[136.02783527897498,34.03279055933689],[136.0229827764341,34.03652194633082],[136.01963082959912,34.03679305415619],[136.01704416265807,34.03352333323528],[136.0165850056935,34.028386667410814],[136.0149636062855,34.02459777506732],[136.0073491697285,34.01974694616467],[136.0058991703105,34.01456833326205],[136.0036763942503,34.01351416234877],[136.00360693870937,34.009881386916504],[136.00695472078382,34.00739833266698],[136.00528306096453,34.00333833339744],[136.00191082992092,34.00139082902359],[135.99624167281502,34.002274162023014],[135.99715666734642,33.997762224646976],[136.0040422177742,33.991770279275045],[136.00415306101502,33.98571138657127],[136.00816639356424,33.979141946044024],[136.01336389133053,33.974231386869064],[136.0133302719745,33.969227225356235],[136.01035138820612,33.96560389190614],[136.0042597278043,33.96302527929328],[136.00144111491556,33.95720638686532],[135.99715693894166,33.95688166685551],[135.99340639369018,33.9609566668168],[135.99145722377193,33.96504889239253],[135.98544861216374,33.968555558592186],[135.9776066669142,33.96697582927118],[135.9754119461045,33.963908891981816],[135.97515666724644,33.96063694613821],[135.97734221766927,33.95722138665769],[135.97796082982848,33.95145972078956],[135.97553944209164,33.94146305387687],[135.9697641631857,33.93002444097522],[135.9645525028958,33.92836222493679],[135.95758639389703,33.93446833294723],[135.94726444939488,33.93765722460131],[135.94419389143502,33.93955249455206],[135.93682999970474,33.93918638684232],[135.92954416283294,33.9414305586734],[135.92789055780304,33.939842224638994],[135.92795167303132,33.93480110818467],[135.92183250326752,33.93432749461823],[135.91900167308881,33.93175277517048],[135.91728722442588,33.92505610755336],[135.91960972810648,33.920944721022124],[135.9236858369319,33.91981722478516],[135.92786111489863,33.92248861325896],[135.93267360570246,33.92266444061147],[135.93455749743066,33.920013892127486],[135.93248749730026,33.916852224750414],[135.92225527905794,33.91411361285299],[135.92120360556203,33.916808613027115],[135.91578805367578,33.91987610789613],[135.90908360602361,33.9184744407429],[135.90233972759643,33.92115000027235],[135.89814610885594,33.92159805420687],[135.89369944157602,33.92001361333763],[135.8978736061821,33.912608892386515],[135.8963000003448,33.90742194636579],[135.89395138844588,33.90615082929736],[135.88216972825046,33.90782666736686],[135.88076082964858,33.909372225148104],[135.87895639392252,33.90836277482225],[135.88085639430722,33.90231777484547],[135.88791944212858,33.89630249476437],[135.8853961090433,33.891381667130304],[135.88421888479377,33.88653666673383],[135.88651389080349,33.882698333261544],[135.89104749734418,33.88097361344154],[135.8930566673314,33.88907389164683],[135.89026583719874,33.890037495434115],[135.89310277557274,33.89348722465576],[135.90131306064927,33.885406387095145],[135.90163805405302,33.881988892273625],[135.89877333292304,33.877716386801865],[135.8976330609171,33.869745828607165],[135.89088333329926,33.86839249461798],[135.88641277642853,33.87202027881284],[135.88106472135985,33.87250472111606],[135.87778944172942,33.8713374946297],[135.8781505582018,33.86461527907193],[135.87483221813238,33.861596387163615],[135.87313778208306,33.85916582903985],[135.867074163442,33.859896666697864],[135.86218583730658,33.86272138688253],[135.8621222183657,33.8765488923176],[135.85792111456783,33.8731527752804],[135.85889333296097,33.86848082872734],[135.8569422178092,33.86495777508128],[135.853251115047,33.86229916237647],[135.85343805442278,33.857838613161505],[135.85559527889905,33.85457805363433],[135.85958306080965,33.851554162394734],[135.86058749741517,33.848958333160624],[135.85703306102698,33.84257416196806],[135.85573138769348,33.83668944096496],[135.85892972762485,33.83018833272541],[135.85585610927205,33.820336387414386],[135.8580263937032,33.816203613206255],[135.8643955507141,33.81046777496789],[135.87216888488615,33.809000828725345],[135.88040693922892,33.80296277511201],[135.8909133328841,33.80167833278887],[135.8947058369049,33.79767333335769],[135.89822917024003,33.79010027910465],[135.89677778226894,33.78693722497303],[135.90171527883706,33.780400559338375],[135.90567500639645,33.768480279441405],[135.90914888511304,33.76657416186811],[135.91586000033885,33.767024721313874],[135.91928194590514,33.76409055903213],[135.92050250308807,33.75876166671759],[135.92837111503502,33.75402027901271],[135.9304752786113,33.753952224615546],[135.93481250289472,33.75722527932322],[135.93888389117865,33.75625861334436],[135.93853277606684,33.75105666663194],[135.9399333325573,33.73858694593088],[135.9422277818867,33.73455582928813],[135.94593416323107,33.73203194581771],[135.9551397280161,33.72840277486824],[135.9635233331354,33.72431389207253],[135.97319167285752,33.72298582903284],[135.97707111523982,33.7247713870899],[135.9755811148766,33.72877527855633],[135.97169916968096,33.731725829183745],[135.97295888514452,33.735441666899476],[135.9786702717157,33.73685638681286],[135.9832750056371,33.736367494664194],[135.9971594417549,33.73051082891169],[136.00808389065912,33.727021667116276],[136.011889960953,33.723300730244546],[136.0183175882861,33.73055986534558],[136.01834878127136,33.73520925240513],[136.02024924840418,33.737003080627744],[136.02127744509812,33.744122053689864],[136.02427247709318,33.755412053623445],[136.0282012194108,33.76586658607414],[136.03808155631884,33.785808865386855],[136.0412200778444,33.79524158633018],[136.0459847211181,33.80571266720585],[136.05195230925176,33.81393586474843],[136.0534833330894,33.81876966678675],[136.0571025809195,33.82608472083325],[136.06337841797972,33.8367926669481],[136.0668702462649,33.841589387240504],[136.07675380004787,33.857671000216556],[136.0859519966874,33.86955919769889],[136.10094805420943,33.88547700006353],[136.10669461686314,33.89009349531858],[136.11411221790456,33.888938252298544],[136.1169952528287,33.89059474774945],[136.11528438436687,33.89384955881013],[136.1181284948342,33.89880746819017],[136.12484033671228,33.89742449524431],[136.1280887553918,33.89290380206887],[136.12690138768892,33.89166933327317],[136.12841622642782,33.8868994676364],[136.13607569383828,33.888027107764856],[136.1387076650268,33.89149999992509],[136.1388241371243,33.89871555927567],[136.14458447469383,33.89625369395287],[136.15080053201905,33.90018755880885],[136.1415565886657,33.90428572080941],[136.13885280211514,33.90800749494997],[136.14445983135624,33.91203477508486],[136.1516890532073,33.91224158588051],[136.15019693943725,33.915224225217855],[136.1510737478552,33.91850210838567],[136.15473447511602,33.920683828595884],[136.1523293902892,33.923739134953166],[136.1472958110529,33.92665977502867],[136.15039016867138,33.93137969411765],[136.15551452727368,33.93029453166736],[136.15892671879305,33.93134733291316],[136.1640071077419,33.92978182906819],[136.1686905062619,33.92498858555484],[136.16837241155758,33.92119916171197],[136.1697955248436,33.91805216227749],[136.1697644748507,33.913353414128835],[136.1761321659668,33.912446467630446],[136.18482778187672,33.914824134826006],[136.18659128406057,33.917539251934954],[136.19044119270688,33.91896505419396],[136.19342250284626,33.91714958558498],[136.19802044059088,33.92211441434881],[136.19510425395822,33.92357213534581],[136.19479469471946,33.927659161940824],[136.1974368093613,33.929740532199844],[136.197020051834,33.930725333007786],[136.19741191972435,33.93170016213281],[136.19875992163315,33.93258772104656],[136.19677189380786,33.9360220808544],[136.19392929959758,33.93410330622265],[136.18934433187553,33.93387846761726],[136.1806808820171,33.9379066488728],[136.190695966146,33.939667829007135],[136.19494269794723,33.9422876125833],[136.2003013623181,33.941854161840126],[136.20339791158437,33.94403822478432],[136.21119041480586,33.93743049472158],[136.2077872758622,33.93481274810989],[136.209034059974,33.93406055874783],[136.2092366934187,33.93314461273377],[136.2081202462524,33.93179613508363],[136.2101024383769,33.93127802665964],[136.21550603107858,33.937427440623935],[136.21993230892895,33.941221054408174],[136.21823236093473,33.943495467741684],[136.21660610878496,33.94663358637098],[136.22029080387756,33.94747555865018],[136.22367316488476,33.94607130594608],[136.2317572498972,33.94629266687315],[136.22745221774574,33.95182189216666],[136.22832121914905,33.9544884683682],[136.2254390268896,33.957125613356425],[136.22404936388705,33.962268224598915],[136.22659649842967,33.963516828938566],[136.22487885897226,33.96682766686337],[136.2185635281843,33.96712397279316],[136.2217186637854,33.971499586436835],[136.21898736697347,33.97461966736381],[136.21401997424243,33.96976686534862],[136.20680355424065,33.96687586512911],[136.20379299634976,33.964742532042294],[136.1999182754081,33.964983559343864],[136.1943739172226,33.96804561331447],[136.19293328064646,33.970156252009474],[136.19487138800423,33.97308263965215],[136.20191939016775,33.97116425172891],[136.2068209992898,33.97528825215119],[136.21050555139016,33.98166758589042],[136.2154299223531,33.983249252351186],[136.21299403394755,33.989751919115804],[136.21222771713553,33.995334359992796],[136.21017727636024,33.99849761287459],[136.2137214793629,34.00106355943575],[136.21662208793907,34.000772027107416],[136.21709949394653,33.997544720912174],[136.22692649835926,33.988718919142855],[136.23128658880512,33.98748225240405],[136.24085236084784,33.98643686516925],[136.24532555093344,33.984702054056584],[136.2480932172283,33.98541319836045],[136.25077383904147,33.982712278848624],[136.25043169916364,33.98008780171074],[136.23980150483567,33.98292564030612],[136.2355406356918,33.98010180235633],[136.23663642003487,33.97669858607094],[136.2356304410921,33.97283355892165],[136.23926666722298,33.96869322501237],[136.24406250258244,33.97029061342113],[136.24554158157878,33.972992693957735],[136.2490334503335,33.972682918881674],[136.25142399492154,33.970180108325394],[136.2525805581463,33.967345667368704],[136.25587374777535,33.96820666660443],[136.26283861211232,33.967132775357356],[136.26451508420382,33.970784891609526],[136.26883191995717,33.97005380214131],[136.2708476388076,33.971317053739085],[136.27213725043384,33.976443360272924],[136.2696388852264,33.98113033269874],[136.2716480803947,33.98447761295154],[136.27229600505666,33.98835638713763],[136.26361885942288,33.98962177462528],[136.2600462783132,33.988626585748364],[136.26095450094954,33.99400489221205],[136.26532596602055,33.99332997260018],[136.26724236104621,33.99468358627854],[136.26620425382328,34.00026522496023],[136.26951642004678,34.00075569362042],[136.2712012189611,34.00584810830361],[136.26539744503611,34.00674130596656],[136.26349328079039,34.00391655880219],[136.2532387161939,34.006760612612254],[136.25410153026144,34.00976949506622],[136.25001664135493,34.01345377467203],[136.24449997419447,34.01614816240783],[136.25037116669603,34.01719349478401],[136.25615968901855,34.01230338709172],[136.2633326717654,34.010670918827884],[136.27704605683016,34.018757693712644],[136.28260277619722,34.01959749502845],[136.28088775556557,34.022682080613606],[136.27370749730323,34.02623772119392],[136.27026569380678,34.02978516175585],[136.26587236082082,34.031665054198925],[136.25783613502972,34.03246566665723],[136.2550393001237,34.0363654678921],[136.25093827468174,34.0377872789598],[136.2443626072486,34.03844833282437],[136.2453696887602,34.04476446760617],[136.24335983079163,34.049819108065435],[136.24459791216395,34.05582408101657],[136.24323391671192,34.059744467733026],[136.24826875499912,34.06078766691735],[136.2490148379644,34.063455801643954],[136.24376472086522,34.06538019793783],[136.24157408567555,34.06355858605997],[136.23844150507148,34.06402441419539],[136.23696697844332,34.06464955902999],[136.2265659664463,34.06533608079553],[136.22570581077457,34.063584053960994],[136.2214514788028,34.06298744101764],[136.21091719807032,34.065498108051315],[136.2076795325844,34.06943986535754],[136.20179374768338,34.07209146784703],[136.2016052272994,34.07698335979427],[136.2107557715617,34.07771002729595],[136.21330182871645,34.07965122472427],[136.21675805374127,34.07915308124973],[136.22338581080658,34.08186397334373],[136.22867058418024,34.085923198296996],[136.23449703001404,34.08576769382404],[136.23691477279863,34.08928861337887],[136.23100525299014,34.09593197278235],[136.22749661457715,34.098730054148746],[136.2305676132048,34.10256030631314],[136.2430876392832,34.10595297265161],[136.24110949410795,34.10811646810055],[136.2524907257664,34.11174474782189],[136.2554337220887,34.11483700012752],[136.2579128274151,34.11980641363516],[136.2655924117605,34.124318612713864],[136.2682058883911,34.12911655878219],[136.27444552504096,34.122671559245134],[136.26887282741916,34.11708722529528],[136.26433141386372,34.114612252353595],[136.26670108878432,34.1126935856405],[136.25842616133832,34.10691549455447],[136.2547996370937,34.106323864754586],[136.24811522723599,34.102947612842115],[136.25081593990376,34.09927197302318],[136.25069936438422,34.09325977491875],[136.2575579513384,34.08776608093996],[136.26067272356738,34.09018672134016],[136.25874070012333,34.09804144056011],[136.26228625210888,34.10105194629034],[136.26671600493978,34.10276427884844],[136.27288747117996,34.0999285590558],[136.26486452657673,34.09711569373434],[136.26600814495998,34.09303500016517],[136.27056308701697,34.08999477543858],[136.26992425360152,34.0869894947694],[136.2736719713845,34.08283327883282],[136.27838306092963,34.085177252028586],[136.28115808008135,34.089038802398875],[136.28010727622984,34.09427735961253],[136.28218761316782,34.095163108190945],[136.28634386507736,34.093808495365806],[136.29283983099344,34.09670525214574],[136.29371761337723,34.088714612989065],[136.29831189357913,34.090504946446174],[136.3016821919797,34.09672155865309],[136.3022307262671,34.100787161598305],[136.30755744492023,34.10950558611398],[136.30779297016954,34.11342405367719],[136.31315927428113,34.11550753194712],[136.31322452729012,34.11753272065857],[136.30649727642822,34.11819513519737],[136.30357683510294,34.11693989206242],[136.29882588760472,34.118321775029926],[136.2961233592057,34.1158842786366],[136.29875072586537,34.11300200004234],[136.29263335924225,34.11247944087353],[136.2840097799275,34.11808113533618],[136.28318972772377,34.122481946184905],[136.29177516229402,34.127149081365076],[136.2888819974063,34.12922158610735],[136.2800581966285,34.13095782894072],[136.2795517766932,34.13563791885491],[136.2764610514364,34.13948500003278],[136.27912555110333,34.142922720607146],[136.28334022027502,34.14562425165792],[136.28458169928604,34.14800213469084],[136.27920827524179,34.15287244111033],[136.27758046726478,34.16043041373268],[136.28292830110024,34.163197999987744],[136.2872421915739,34.15931077487244],[136.2899270563886,34.165060054378046],[136.29216780809793,34.166127278950796],[136.2970871077839,34.16545000041725],[136.29840658859325,34.168684973332915],[136.29610021964947,34.171946360236404],[136.29880461683967,34.1755016401886],[136.30228063594268,34.176357026755454],[136.3031794156975,34.17988246810148],[136.31726213973604,34.179472252242704],[136.31781202300647,34.18244797309552],[136.31924416278798,34.184615467829644],[136.32095428031585,34.18610989195798],[136.32532224432623,34.18575516157148],[136.33173014323154,34.18030205399663],[136.3350772238349,34.183418495367334],[136.3321609211896,34.187691748175666],[136.333688495228,34.19042238668385],[136.33860761325082,34.19290064035232],[136.33686019544177,34.19801844109821],[136.33897024598014,34.20467372101547],[136.34451160762467,34.20710130598053],[136.35393975371676,34.20817738707683],[136.35164219183378,34.20514780222936],[136.35162732783897,34.201700359983704],[136.34961433213573,34.19929916202676],[136.35067807992948,34.195588161764306],[136.35364810627516,34.19517113533965],[136.3560177560147,34.198936252306225],[136.3624916993325,34.19244453208955],[136.36228286596156,34.18943330600234],[136.37088980512044,34.19450813534223],[136.3744939947021,34.19747138709488],[136.37853605699354,34.204751134657215],[136.3862061094245,34.208331747612135],[136.38500525279028,34.21203264039411],[136.38907639376066,34.21831238680727],[136.39313447477628,34.217259467750296],[136.39921953325495,34.21845830630582],[136.3937173280923,34.211231694287335],[136.40010488972894,34.20501363956788],[136.40284929955556,34.20661244081157],[136.40900136202333,34.20670922495083],[136.41293444896576,34.20816074782033],[136.41314625189807,34.21082708120491],[136.41878163406523,34.21209319804268],[136.41982163436103,34.213803440576385],[136.42618114074708,34.21456310780121],[136.4277110251437,34.21829897341894],[136.43496603055792,34.221007054232246],[136.44002364507526,34.22148910793601],[136.44255586256304,34.21986958631243],[136.45545116673804,34.221595972576154],[136.4588181970023,34.22645005432662],[136.4538891045986,34.22679522491973],[136.45209027164879,34.230881414245914],[136.4550964984047,34.23419341409482],[136.4537278336727,34.23766413529165],[136.45545328104413,34.23906761278016],[136.45345608283208,34.24508969443389],[136.4410939687117,34.24523569397218],[136.4404258111024,34.24791235966774],[136.4488868613396,34.249640999632504],[136.45179844434278,34.24810186480926],[136.46025827509936,34.2475479193011],[136.4587819201496,34.250960775419514],[136.46119345041745,34.25414961311418],[136.46603007812564,34.25703555914379],[136.4687451880401,34.24958886503413],[136.4638795850749,34.24715355938929],[136.46080243778238,34.242869693681484],[136.46030902743973,34.23924289244559],[136.46372817071858,34.23579536026773],[136.4642574451251,34.23114580233698],[136.46814496791603,34.232480414239774],[136.47312038889493,34.2316210535688],[136.47663263268987,34.228625667240806],[136.48281769128346,34.227997972828234],[136.48380296963137,34.22552069402485],[136.4819513356856,34.21994605386732],[136.4926556944048,34.22521749479159],[136.4938928018114,34.22524958619948],[136.49526800281615,34.22484472130691],[136.49562197057753,34.22484753168828],[136.4959392477981,34.22453538689865],[136.49684455303372,34.22955855918019],[136.50201041534842,34.23184282908335],[136.5051031388988,34.22994944141362],[136.50813518788868,34.23114846792748],[136.50260549944426,34.238039279389284],[136.49642077809654,34.236864198224225],[136.49064503244233,34.238623612989386],[136.49177319058037,34.242271080645935],[136.4973681707046,34.24421610828682],[136.50208503209865,34.242713162182724],[136.5001148899903,34.251674748091204],[136.49353771709207,34.250299000298696],[136.4907689113562,34.25220810811777],[136.4949314135539,34.25472280231554],[136.50247102471803,34.254926639952544],[136.50461897538548,34.25060586516861],[136.51032360624947,34.24789863961058],[136.50984063613646,34.24279474777944],[136.51487050566936,34.24114577515746],[136.51609474737472,34.24134861274831],[136.5178465241978,34.24022255902395],[136.51932335938557,34.242853414153785],[136.51420019508305,34.24402974807447],[136.5083204410356,34.252490640031056],[136.50888358031307,34.25857849540131],[136.50565133594046,34.26439022472914],[136.50518610855215,34.268110134575124],[136.5068692482173,34.27042941418614],[136.50399430629227,34.276286586257015],[136.5055670559749,34.27895713476403],[136.51398508444413,34.27833302684775],[136.51502988262303,34.27309919826945],[136.51260530499087,34.26993944105243],[136.5191994678812,34.267843386663],[136.5246499997977,34.26706908117319],[136.52420355385095,34.269763612800546],[136.52916736728025,34.27331086540414],[136.53189403438228,34.27026089202661],[136.5285555512977,34.26707286462107],[136.52547800290756,34.26223005407377],[136.52579577205734,34.26214964029373],[136.5262222440614,34.26165274777617],[136.5268066927747,34.25995222511517],[136.52866005162014,34.2601174413669],[136.53043413702585,34.26835661266762],[136.53408105070002,34.27093077543498],[136.53576263273942,34.2751983058572],[136.54076150533922,34.277585891675585],[136.5428218026841,34.26618522476838],[136.53782114133264,34.26079163972247],[136.53905094714355,34.25741444082382],[136.54583243791672,34.25317889209225],[136.54814411196128,34.25411405392049],[136.54815418886483,34.25928577531835],[136.55314871594055,34.26098413510982],[136.55763880698544,34.26799133323351],[136.55512252908147,34.27024702717864],[136.5550772500152,34.27475786468375],[136.54836586319414,34.28177466666756],[136.55345994791833,34.28077527885608],[136.55678766521862,34.28182955858733],[136.55875180255373,34.285260161927],[136.5612584181415,34.28582661340755],[136.56172097274475,34.28511758610779],[136.56278958497148,34.28581082940633],[136.56388260659708,34.28543841385175],[136.570436354854,34.28886927889414],[136.57373885876143,34.28674302706912],[136.58077011734713,34.29019535982803],[136.5804579123029,34.29322491859517],[136.59020394265792,34.29053216222957],[136.59289483832617,34.29244880187076],[136.5971417769715,34.29091472123747],[136.59382302231472,34.28436972068613],[136.58915968856888,34.28495346792823],[136.5852326333794,34.28367727868351],[136.57871374824094,34.27959261280887],[136.58092513618612,34.28587586477937],[136.5759490533062,34.28410289183506],[136.57115011708424,34.2781139996614],[136.5743360050027,34.275924720649414],[136.5766617768196,34.27831619783433],[136.5806265243947,34.27743613476986],[136.58111408644595,34.275278639597616],[136.5853409729076,34.27508153158749],[136.59015075225545,34.269404224825166],[136.58477905311088,34.26952753177022],[136.5847759396579,34.27323558585368],[136.5810896887382,34.274952387143],[136.57944180339655,34.26899344059484],[136.58283299574623,34.266080198342536],[136.58509897523754,34.26174855884898],[136.58585360625898,34.257467468448965],[136.58881778161538,34.25839449501001],[136.59599119333893,34.257267747908315],[136.59964216565345,34.25894753220291],[136.60529136230662,34.25862510816228],[136.61291522735587,34.26938913510054],[136.61822046660131,34.27316282890149],[136.6211839171042,34.273942774939144],[136.62804564179305,34.27292897279392],[136.6350968869118,34.27572813514536],[136.63734680900814,34.27822746802326],[136.63526894880306,34.280207919060274],[136.63630639412486,34.285209774711404],[136.64314785978593,34.285320558596936],[136.64786224444708,34.28660064010751],[136.6549805583062,34.28707127871661],[136.6564403630324,34.288952693711906],[136.65822275007997,34.28884791909621],[136.65693719799333,34.29241453230486],[136.65350616118042,34.29234416215343],[136.65364605701996,34.29681502659224],[136.65642481195562,34.29957716205644],[136.66390555080056,34.302078693776764],[136.66518380039213,34.3066283055519],[136.6745387812398,34.31208158579659],[136.67475963674792,34.31541763981227],[136.66738902708198,34.31662174839505],[136.6646102460661,34.31586025194912],[136.66230430609892,34.31112219803106],[136.65572221840569,34.309774081009095],[136.65820744541736,34.314289333286126],[136.6531747466173,34.31654944110386],[136.65163425381786,34.312797892209005],[136.64037377413047,34.30803405382858],[136.63687888455297,34.30881255915233],[136.63733808018833,34.31251346812212],[136.64271530476753,34.313752531554144],[136.64581267241692,34.31653427943348],[136.64956627806134,34.31615355863988],[136.65405703010788,34.319462134769765],[136.65825294391834,34.318783161913416],[136.66100182877142,34.323068748024355],[136.65930980470375,34.3263198646701],[136.66951280217415,34.3240079999693],[136.67294031094661,34.32641546799948],[136.66547839221414,34.330424161845656],[136.67021817103182,34.33159422479372],[136.6706948117162,34.337233332852065],[136.66694891056386,34.33954769407086],[136.66345291841753,34.33874338719761],[136.65692286639728,34.33933574814631],[136.66141208779766,34.34550530602513],[136.66420641989043,34.345759386986174],[136.67213007844043,34.343162162004205],[136.67219905284412,34.33930080229027],[136.67638722439096,34.33861058610972],[136.68147189411263,34.342866026945615],[136.68767922171878,34.34362286490335],[136.68332571970632,34.33891582860264],[136.68048858617942,34.338898720799364],[136.67876511012184,34.33591063966435],[136.68615605705645,34.335444919447525],[136.68703888463688,34.33335549486026],[136.6825089752091,34.32768953214622],[136.68570289227478,34.325310774972365],[136.69005963724248,34.33288619803966],[136.69466325600456,34.33572816182527],[136.69687131016292,34.34223010823297],[136.69383824943577,34.348565639592664],[136.69857914431213,34.34945538655688],[136.69902527909346,34.346002080731466],[136.70570697839435,34.34867161300457],[136.70708530544255,34.3465548652149],[136.70459630397636,34.34377397259084],[136.70500055822924,34.340867864660254],[136.70783108893363,34.33976930590882],[136.715191970633,34.34032669402177],[136.71850891135728,34.34230797333436],[136.72172172497767,34.338258640024264],[136.72394985740004,34.34435705433464],[136.72665452708486,34.3431986133254],[136.7256839166795,34.33977613536041],[136.7204466149194,34.33032338741447],[136.71632632869716,34.328885667339705],[136.71028250323502,34.33058927917193],[136.704128418192,34.32866502676961],[136.704907197809,34.32428802727071],[136.69800763864168,34.323351440916326],[136.69080555113533,34.31006969356156],[136.68937985679497,34.305708080563534],[136.68945544661165,34.29997541423404],[136.6909086377235,34.29453274778814],[136.68985888517943,34.29270182882641],[136.68425771682018,34.29315364012842],[136.68603247671751,34.28889505436331],[136.68997603086916,34.287550774748524],[136.69337649792715,34.289516801559216],[136.6982378084282,34.28975138701696],[136.6988392741133,34.292786919081095],[136.7046000262702,34.29291149496959],[136.7064984438482,34.294320774883886],[136.7127106997391,34.294281198418616],[136.71479046740626,34.29750430567924],[136.71401319055633,34.30139100019454],[136.71850136244802,34.30390199997737],[136.7245225807526,34.30432046801525],[136.7293213622911,34.30214197277388],[136.73568647235288,34.302324973119084],[136.73974128433292,34.29926900036412],[136.74303756223378,34.2990273597249],[136.7508674448767,34.293093224572715],[136.75963866409313,34.29721891931774],[136.75474341137942,34.29902136034758],[136.7547205056469,34.301669333173265],[136.7606300524351,34.302112332917886],[136.75833007767096,34.30602486495559],[136.7650348382872,34.30457055868436],[136.76556836558768,34.30664202740769],[136.7626195848261,34.313225667330755],[136.7758144225976,34.313930305938925],[136.77203783387904,34.30885341355423],[136.77510880732564,34.30566408123241],[136.77328678265894,34.30127677460354],[136.77312533096926,34.29639302691669],[136.77987031106602,34.29744719782997],[136.77866291815917,34.29170569386275],[136.78709642036358,34.28920708134177],[136.79355739275957,34.28893553194928],[136.794339052905,34.291480559380375],[136.7983098574141,34.29075877519739],[136.80367447529682,34.29560663993453],[136.80897839163947,34.29782513522184],[136.8085780026728,34.30164755878786],[136.8063552526928,34.30363963985752],[136.80419647238932,34.30364616174103],[136.80441377377667,34.305746774793874],[136.79764092099174,34.30760913495368],[136.7992694682115,34.312549333085315],[136.80252583689787,34.31528236019284],[136.80289905284906,34.3189320536714],[136.8091530867456,34.31363769442413],[136.80619910520466,34.312479748041994],[136.8052381706052,34.30961735975342],[136.81353053230828,34.310384531820716],[136.81876963720902,34.31252900031319],[136.8211555772681,34.31503849463087],[136.82504769109812,34.31486927909401],[136.8240301693569,34.31153346789529],[136.82957031062142,34.308060946255694],[136.8377055508705,34.307946252117915],[136.8386423872364,34.311956386677934],[136.841526445589,34.31425138729173],[136.8481698049926,34.3135069725688],[136.84526308732165,34.31070749455529],[136.85044063632643,34.30730353183259],[136.8480369130731,34.30391063976424],[136.83908907869807,34.305111721229025],[136.83594741943796,34.30356289171414],[136.82904197061055,34.30297622527263],[136.83277724987022,34.296925531687975],[136.84043308671767,34.29775358605917],[136.84275574598098,34.2948860536485],[136.84648717344442,34.29526655860485],[136.85025491643137,34.29109708126532],[136.85646197064352,34.287832640264185],[136.86382413657475,34.29180074770642],[136.86449858584115,34.28916277534188],[136.86269814490356,34.285879414403496],[136.85645204932268,34.28595480187266],[136.84764128421796,34.28737677481837],[136.8428228659825,34.29074146774457],[136.8391562256793,34.291371306140945],[136.8324592217158,34.284232135204945],[136.83051241161854,34.275958613399325],[136.83299878076923,34.2714017207129],[136.83896797689067,34.270700639822735],[136.8459905839983,34.27609761261476],[136.84828163389034,34.2760221621931],[136.85433805435775,34.27983330556265],[136.85725007802876,34.27726302696715],[136.8536517772078,34.27416186507804],[136.8518752267604,34.26842464008513],[136.84677878131572,34.26968308120928],[136.842701140945,34.26735977533343],[136.84160788639485,34.26452802694695],[136.83568136220515,34.26100035977885],[136.83439133599143,34.26462199980551],[136.83049291791394,34.26623113515882],[136.82963036285105,34.271039532248665],[136.8258849680169,34.270712251868986],[136.82135046665076,34.273283278700376],[136.81736910500024,34.27329230609513],[136.8183553833943,34.27002941372649],[136.8141030614072,34.26606272091789],[136.81373635474904,34.27204908060065],[136.8037516991816,34.27328049529865],[136.79839413737955,34.2762632245682],[136.79243739327114,34.27769830603205],[136.78500267183585,34.27835297291142],[136.78191389091342,34.27553627917598],[136.7762651879881,34.278220305822515],[136.7656147472229,34.27820113497444],[136.76172885939945,34.27355586501119],[136.75195422790534,34.27247008112937],[136.7526778080345,34.26938602704354],[136.7591177174088,34.269450973383755],[136.7631330869225,34.26690049516179],[136.76538299642823,34.260646999959135],[136.76855605731623,34.261080081080934],[136.77342121871436,34.259499721335146],[136.7773782492069,34.26105935980166],[136.7811671730267,34.26087127918623],[136.78385044064544,34.25805825198677],[136.78541693914053,34.25830769424476],[136.78651641969702,34.257966162308605],[136.78903972760145,34.25634400027542],[136.7904319455779,34.257553829445726],[136.79678717298975,34.256392891918495],[136.7968363937846,34.25536074810009],[136.8061226331531,34.25446789217955],[136.81934077775475,34.25065441416996],[136.834032802372,34.25230164030853],[136.83624505816294,34.25114953232509],[136.84051428020996,34.25228746789236],[136.8473653569257,34.24997227929731],[136.8483095848195,34.25692661257318],[136.8529687160335,34.26172294615708],[136.85945158242464,34.261839775285466],[136.86482044061086,34.263129000203264],[136.8701509732889,34.26267266710994],[136.87143058355468,34.26650046772244],[136.86864739316275,34.271837972844196],[136.8699456679583,34.27343233323563],[136.8782046693101,34.272836107900105],[136.88259958510287,34.2741313330946],[136.88585413715873,34.27405538714646],[136.88761299614293,34.27601794617135],[136.8976545527155,34.27648227873425],[136.90130202307,34.27894089210855],[136.897663113362,34.281352891822564],[136.89792596631037,34.286512162106646],[136.89414639364122,34.288049973127784],[136.8939803374227,34.29266527857982],[136.88530328082186,34.29723769356474],[136.88427133575362,34.30008191914533],[136.88642783357773,34.302866332615224],[136.88757822295668,34.30786927914397],[136.89128114101186,34.31002086487109],[136.89234044075874,34.312909864998346],[136.89035299569423,34.31532297267711],[136.8852606358697,34.31797674792864],[136.87890267182092,34.32528566680014],[136.87779680877577,34.33541791910176],[136.88190593980733,34.34547925176611],[136.88707569438782,34.34664327936389],[136.89396880721472,34.352751224689314],[136.9011545009795,34.35552005380748],[136.9030674192261,34.362810225411636],[136.89454311337408,34.36176800019308],[136.89213871562924,34.36560341356676],[136.88125194562087,34.35862953172756],[136.8800878083058,34.35593800023855],[136.8722207000253,34.35213341382604],[136.87018416276896,34.34952174842999],[136.86965824912897,34.34463394570008],[136.8653914786339,34.344978467882015],[136.86600591434149,34.35104658583134],[136.86856878072467,34.354353532389666],[136.86770852073175,34.35884800043493],[136.8613173276326,34.361642161656505],[136.8546070820513,34.3580788291747],[136.85092344995735,34.357048198016],[136.85292983114687,34.36325035991621],[136.85213647172088,34.36859035975738],[136.84683233504427,34.36764205433741],[136.8403440601303,34.36509838668127],[136.84115114141207,34.35893635972525],[136.8342423093352,34.35433508099925],[136.83078795130302,34.35473253188087],[136.8265653573054,34.352662135149444],[136.8230798566501,34.35405172081033],[136.8200906612551,34.35783830639275],[136.82266905263475,34.361170387203686],[136.8230164724323,34.364934864752286],[136.82761344970106,34.36516638711913],[136.8325008297495,34.363532387309874],[136.83764739261312,34.36371608103235],[136.83775795076883,34.366882135302376],[136.84389483807638,34.36758913463092],[136.84452216556554,34.370788945853235],[136.84708795114807,34.37204038665459],[136.85195033723835,34.371155774819215],[136.85535783429668,34.368626918997165],[136.8557939173554,34.364940413569286],[136.85789121910454,34.36380377482442],[136.8615665243757,34.36732872064397],[136.86677914424217,34.368113387223104],[136.87080374799461,34.36996449506546],[136.8715349678646,34.3723193329709],[136.87632345036695,34.37393610806498],[136.8733461997674,34.3815644679259],[136.87037228295458,34.385447801674786],[136.88163369613824,34.38114633263717],[136.88292827472014,34.38446758561065],[136.88184533089736,34.38714327913908],[136.8862516725767,34.38846355944577],[136.88896739313077,34.385264278823456],[136.89288325625728,34.389263224917954],[136.89738522734638,34.38907197329297],[136.89916555134914,34.38690858576268],[136.89800566782742,34.37867708118239],[136.90713094743535,34.37555280222011],[136.9124552271271,34.37603655923988],[136.9136544748742,34.37866446819072],[136.9120667191039,34.38154164043442],[136.90696152955104,34.38523489167699],[136.90973489035298,34.3903206396858],[136.9090026722356,34.39634516209958],[136.9121413097737,34.400976720998926],[136.91597513584395,34.40215125177889],[136.9184145531891,34.40570055933341],[136.9172027239266,34.40719127915423],[136.9170474712638,34.40804466742753],[136.91990722363948,34.411118640113216],[136.92394355365218,34.41196053235274],[136.9267658105938,34.41470449521631],[136.92453080375367,34.41639453178226],[136.9236414138203,34.421065532248576],[136.91961430635524,34.423519864849936],[136.91888022034595,34.426477027293004],[136.92242856022995,34.430990721044964],[136.92327802925774,34.43568725236486],[136.91976710836548,34.438255531767425],[136.92271538280875,34.43997161269982],[136.92344593987832,34.440812891601695],[136.92333933873954,34.44197989235818],[136.92456763908535,34.44417336041232],[136.91936007790537,34.445222495122096],[136.9175199741676,34.448428586310285],[136.9150453834378,34.45018102683298],[136.91499961064358,34.45229972075555],[136.91041427959544,34.45268816222898],[136.90705036278405,34.45139930603318],[136.89711444867294,34.453685225292986],[136.89301291781192,34.45157766677596],[136.89776736727026,34.44707799974992],[136.89287678293726,34.447159775103614],[136.88526938987047,34.443402135100484],[136.88290671887,34.439843640071956],[136.88703766475646,34.4357199463185],[136.8833971983221,34.43457466688744],[136.88108150520736,34.43831069438312],[136.88102333256086,34.44451400022098],[136.884165863264,34.44623205426592],[136.88416191973693,34.44965910798152],[136.87916600500716,34.45119138727273],[136.87604561561272,34.45015072057936],[136.87518189412913,34.45450463987726],[136.86812263335287,34.45584389228185],[136.86842652416487,34.45977864027208],[136.8723453829332,34.464246946139724],[136.87127985717973,34.46859849482473],[136.87172399456676,34.473919775277466],[136.86776878070475,34.475624918655114],[136.86655941558467,34.481104972616436],[136.86256758762408,34.48080838699752],[136.85799438393371,34.47793255924029],[136.84731005221715,34.480518558884455],[136.84474213973806,34.48315722462627],[136.84524658925875,34.487705559364144],[136.8374394162961,34.4889449996121],[136.83474814471117,34.49158564026516],[136.8371248118607,34.49520482873993],[136.8352931914277,34.49652961285142],[136.83423632884353,34.50365877523234],[136.83128452725919,34.50620710767191],[136.82449547318765,34.50503399961946],[136.8256711407106,34.50320086472817],[136.82728121855348,34.4951928021062],[136.82884725030044,34.49276461279669],[136.82401878124188,34.49002041431072],[136.82569386478008,34.48780066716711],[136.82041769072396,34.48449274844165],[136.8175162781538,34.48684827882505],[136.81621944227345,34.490681468175296],[136.8129511413821,34.49182869373925],[136.81600070017225,34.49660327901819],[136.8127447469726,34.49792791923812],[136.812447522835,34.502466775121604],[136.81016102531112,34.50382646821697],[136.80890007777646,34.50826505418894],[136.7957470036214,34.50653272070855],[136.78856153019058,34.50911186482074],[136.77685888532937,34.50892197297071],[136.76533822278077,34.513549775401884],[136.75649319080821,34.52030810773306],[136.75319944180092,34.524756532288166],[136.74847380032566,34.522268558747044],[136.7472026328952,34.52629953239756],[136.74081425377483,34.53186644108342],[136.73624544686993,34.533525279268304],[136.72315810596183,34.54115261300274],[136.71600814496003,34.544496802285664],[136.70007313856456,34.54563380165865],[136.69422277616025,34.54704308067369],[136.68833418897168,34.55126099999518],[136.6796946430934,34.55357474787638],[136.66686228336778,34.55832672060171],[136.6609551620511,34.56385053197653],[136.65517533077696,34.57333572116664],[136.6470564977592,34.58884216193627],[136.64109902699852,34.59200808130794],[136.62944688716414,34.59479619818603],[136.628038392358,34.5973436402968],[136.6165178862915,34.59961922544693],[136.60719036264516,34.6001250266487],[136.60196625214087,34.601590360406874],[136.58808686121972,34.60243794625427],[136.58135313883633,34.60535255907337],[136.5784955772092,34.60557961270899],[136.57328649797353,34.60988353239918],[136.56491486373,34.60767886508762],[136.56012756203745,34.610382225359444],[136.55246072558214,34.612700558883716],[136.5487653177653,34.60693048615309],[136.54277744542287,34.61001991908404],[136.54064949387907,34.608509026570346],[136.53649817115377,34.60981527925179],[136.52935569430986,34.60833363089239],[136.52958036294342,34.613395748315156],[136.53189910476,34.616434053888554],[136.53762661527617,34.616445108355094],[136.5393737219198,34.623610296677896],[136.54421105109918,34.621912532237616],[136.54788002604244,34.6302406132138],[136.5491618288554,34.63096455936699],[136.5499879119127,34.63809116227736],[136.5479531391261,34.64535397290757],[136.54784547319014,34.6522520805691],[136.54890069990745,34.661828252372004],[136.54845944214958,34.666264305853076],[136.55426219174683,34.667327162418644],[136.557657588427,34.671384252381415],[136.55306406005843,34.67588161264638],[136.5493278077322,34.67081616233605],[136.54235544664664,34.67466905403364],[136.54684900098073,34.680213440997534],[136.54140516181883,34.683227386634655],[136.5360902458682,34.68030016172315],[136.52967511011832,34.68414582916671],[136.5276186636704,34.68161563965009],[136.5233533851507,34.685085639590625],[136.5215766152686,34.6895355318394],[136.52105652383955,34.698463027147056],[136.5217763286147,34.70281953199583],[136.52427374773538,34.708766585909245],[136.52431992162713,34.713069332883435],[136.52811538261892,34.72577502669617],[136.52962783365763,34.734933774574074],[136.52883258115878,34.7372466672],[136.53129919580135,34.74675241399274],[136.53871319056134,34.76409436026654],[136.5446436447885,34.77371116164085],[136.55491391694375,34.78800580192626],[136.5626301693469,34.79667757680875],[136.58946299572074,34.8247453603102],[136.59179347638792,34.82818427878152],[136.60436552464932,34.842529945700505],[136.6155129964277,34.85333541429799],[136.61622836574657,34.856948775165904],[136.6208878342062,34.86346835997688],[136.62573031110503,34.86830258559593],[136.6255234112765,34.86988527908244],[136.6315701946089,34.87780591860832],[136.63587180304137,34.885641973298505],[136.63506880737964,34.889052386858225],[136.63876503178085,34.89739433268238],[136.64690836592843,34.904174585988414],[136.64727669316494,34.908010054220654],[136.64495894869663,34.912103558632396],[136.6450163551208,34.92071608078254],[136.64741233521113,34.924936802391585],[136.64484461698555,34.9264766395853],[136.6458335016149,34.9292245585666],[136.645021089152,34.9327764948394],[136.64574647242182,34.93441222494425],[136.6532112186229,34.937367414274775],[136.6668702198848,34.93700086499797],[136.66752836624119,34.941770495012406],[136.66275483766572,34.942270440728294],[136.66313316536332,34.94540997309184],[136.64847364494278,34.94683580233044],[136.6439412192119,34.94319266670823],[136.6411105841862,34.93874638703619],[136.6375736063369,34.946398586125895],[136.641120000088,34.94898497337789],[136.64553408582947,34.95587130621584],[136.64139258100283,34.95609102677952],[136.63790247671795,34.953165224595466],[136.63780036319622,34.959638134592296],[136.64614247719362,34.95908833316008],[136.64662002619332,34.96438763957798],[136.65040530506087,34.974744666633114],[136.64598924800544,34.9765222791799],[136.6518072366148,34.9932831438021],[136.6604423614259,35.001043251644774],[136.66608994829255,35.0041958646475],[136.66766861191695,35.00354219781423],[136.67531255523033,35.00675208144344],[136.67614325630632,35.008386306083196],[136.6847259398503,35.008177999714974],[136.68630202331974,35.00403650478091],[136.7000047208412,35.007212108052386],[136.69710036299148,35.015901667028345],[136.69768012983423,35.02033915312944],[136.71073747115747,35.024250999883805],[136.7273021136017,35.02545238711804],[136.73441082989598,35.02749038667207],[136.73973641989994,35.032531720762336],[136.7495027497522,35.036519179816366],[136.75769941639498,35.02655322475158],[136.76306610901383,35.02141605440744],[136.77062400789168,35.02143788275214],[136.77270749695344,35.02438999999856],[136.76085749727577,35.037714171072196],[136.75340111476964,35.05301555922074],[136.75169693906253,35.061823333180314],[136.75204722410012,35.071701107919864],[136.75097221769374,35.07845333295501],[136.74957389062263,35.08072833264646],[136.74186360612055,35.08595499992339],[136.73127527883116,35.09728110763706],[136.71997888471788,35.10336889196083],[136.71407167256973,35.10516694609771],[136.6999355252044,35.12028608123774],[136.69519466899885,35.12460550523991],[136.68746216584634,35.12614466704281],[136.6810910510112,35.12844133320101],[136.67639328132498,35.12886717118306],[136.67277771711804,35.13477713525663],[136.66962994786388,35.133729080632634],[136.66766379964474,35.14115297333109],[136.66149435777845,35.14920463958248],[136.65564241166805,35.16105266704699],[136.6462840601613,35.16580850505852],[136.64468044124942,35.162772667224885],[136.6461890791627,35.15656961319712],[136.64601852093801,35.14765961330056],[136.64443075167787,35.14441297258065],[136.63992547288228,35.14757599973268],[136.63505936359877,35.14817238694616],[136.6304901690861,35.15022127908878],[136.6242674190063,35.146528224797805],[136.62135155612953,35.148439892087424],[136.61555211423877,35.14992850479672],[136.6132635024088,35.153473224909476],[136.6125082229762,35.15942041372119],[136.60859016910103,35.16288986507527],[136.60478099884403,35.16850458621775],[136.6061262524247,35.17206874787445],[136.60230124510645,35.17803927858989],[136.5970212453343,35.17730566742267],[136.59678457794598,35.17965983803117],[136.59353097287612,35.181737612800646],[136.59174403435975,35.18566510775855],[136.58469596564635,35.18859789227895],[136.58518927436558,35.194459532181725],[136.58160732771603,35.19713230561149],[136.5773431652549,35.19680564036804],[136.57450011688695,35.201696748106485],[136.56597817085594,35.20498453191067],[136.5617453830431,35.205525919285776],[136.56140260734446,35.20886091929606],[136.5568264979446,35.22068591872022],[136.54965569425497,35.219205667008],[136.54696374817854,35.22243538698359],[136.55028208824785,35.23190646760946],[136.54976652400592,35.23407008086957],[136.54406236078944,35.23513622535654],[136.54101236133147,35.23722650519909],[136.53978014263953,35.24100177461224],[136.54139263336344,35.245749278606354],[136.5367687546743,35.248705387044026],[136.53354433170557,35.25541927937627],[136.52804878062682,35.257648467602735],[136.52016238728436,35.253961532298945],[136.51742654979546,35.254550134980775],[136.5136421135927,35.25042208131407],[136.51169182941442,35.24552708130983],[136.51081961113618,35.2388276401835],[136.5059848899907,35.235060720975525],[136.50073516229793,35.2351168377719],[136.49435377360783,35.237922108318685],[136.49038992175758,35.23692210806888],[136.4828121397685,35.23976130643922],[136.48315936441315,35.2372454683038],[136.48033630437703,35.23492658619307],[136.4742204666013,35.23735102712823],[136.46902046692105,35.233372694394404],[136.46582269805913,35.23747658597574],[136.46177102471313,35.23627019761159],[136.46007046697855,35.233581026842955],[136.45375880722327,35.22956022542411],[136.45059549858343,35.22412661335255],[136.44072189400026,35.21674272070004],[136.43453939038068,35.22044827916483],[136.432792996,35.22385550462786],[136.4333363286088,35.22816966669683],[136.43090133592796,35.22940438730268],[136.4245352267194,35.2242113330866],[136.41718243801915,35.22029772096312],[136.415130506168,35.2177435860977]]],[[[136.6458103107973,34.933011558736496],[136.64538230904634,34.93308133263747],[136.64513391719663,34.93286882913321],[136.64548949384516,34.93259730582105],[136.645507781559,34.93291794560673],[136.6458103107973,34.933011558736496]]],[[[136.6588693896107,34.95153302702761],[136.65743555100994,34.9537231082349],[136.66185654983997,34.96571255858777],[136.66179019516142,34.96577930627001],[136.65734416280293,34.95371982930675],[136.6588693896107,34.95153302702761]]],[[[136.6770812447038,34.97826886511609],[136.67853000035927,34.980153198411415],[136.6857764981869,34.98233655898508],[136.68575080365667,34.982403278788354],[136.67845756176712,34.98021163995526],[136.6770812447038,34.97826886511609]]],[[[136.65198600475037,34.988217197965355],[136.65247878107095,34.99086364014494],[136.65257844394011,34.99158074785328],[136.6518344752809,34.987575721442454],[136.65198600475037,34.988217197965355]]],[[[136.65311299556834,34.99381366736691],[136.65277408605527,34.994048413803284],[136.65264941573798,34.993926413573206],[136.65298814538664,34.9936924684327],[136.65311299556834,34.99381366736691]]],[[[136.67299822278983,34.99793802661867],[136.67529863822165,35.00203269385378],[136.67103791207,35.00229469424477],[136.66376936376514,34.99930486482771],[136.65281153022795,34.991852828745095],[136.65012527865872,34.97734894589718],[136.65537658915832,34.97525744117803],[136.6656213880167,34.9729397749507],[136.67227007770202,34.982735694296935],[136.6757720233603,34.983827026995755],[136.67698291822717,34.987450532216315],[136.66128557656816,34.99347330634805],[136.6667461350262,34.99784027930548],[136.67061364520362,34.99636294589328],[136.67299822278983,34.99793802661867]]],[[[136.80110814472516,34.50757399984025],[136.801013606193,34.507757639603426],[136.80086216575637,34.50759041426625],[136.80110814472516,34.50757399984025]]],[[[136.80538910472342,34.50899649529208],[136.80546756157878,34.50933946794214],[136.80521211364817,34.50926472079027],[136.80538910472342,34.50899649529208]]],[[[136.78705472059892,34.50920416224233],[136.78730150536023,34.50933002685929],[136.78712061032797,34.50937800029453],[136.78705472059892,34.50920416224233]]],[[[136.78832561643412,34.50932858614539],[136.78838719841053,34.50944799992533],[136.78824863806426,34.5094680808873],[136.78822907870904,34.50933630592584],[136.78832561643412,34.50932858614539]]],[[[136.75579321698342,34.52500000034979],[136.75833722368395,34.52669666671784],[136.75829591422507,34.52675444096474],[136.75579321698342,34.52500000034979]]],[[[136.7573955768445,34.52833941423262],[136.757360532063,34.52840264016976],[136.7527226068629,34.52711236034719],[136.75274263296615,34.5270489185728],[136.7573955768445,34.52833941423262]]],[[[136.73914007765256,34.536172135135985],[136.7376861607878,34.53722300014141],[136.73705538259992,34.53546669433251],[136.73914007765256,34.536172135135985]]],[[[136.73323586294475,34.540034386977425],[136.73260444893629,34.53819694613219],[136.73133654964215,34.53741146836461],[136.73215238672333,34.53595233273404],[136.7335292478765,34.53660905366496],[136.73323586294475,34.540034386977425]]],[[[136.72834513561963,34.54185146807083],[136.72816697812357,34.54168627879881],[136.7282438647626,34.54098319781639],[136.72817036317178,34.540272414140645],[136.7284998828634,34.5404698647925],[136.72834513561963,34.54185146807083]]],[[[136.71909275033022,34.544232864754974],[136.71908747130976,34.54489910770769],[136.7190035276907,34.54490438672809],[136.7190056419969,34.544232864754974],[136.71909275033022,34.544232864754974]]],[[[136.5484929176141,34.62907058623864],[136.54812316495213,34.62880297317872],[136.54831233464654,34.628163946409074],[136.54887153039692,34.62828599969919],[136.54826919596667,34.62861902674672],[136.5484929176141,34.62907058623864]]],[[[136.71809194608647,35.003259639820556],[136.71512769069045,35.010629081267155],[136.71333503158655,35.01548155862707],[136.71325058434707,35.015459053992174],[136.71503027162976,35.010645135064976],[136.71800780821388,35.00323061330221],[136.71809194608647,35.003259639820556]]],[[[136.71322894935656,35.01588302678033],[136.71264355365713,35.017440252365816],[136.71093980512796,35.02288913492566],[136.7108465238481,35.022874585693614],[136.71255992210274,35.017434973345416],[136.71322894935656,35.01588302678033]]],[[[136.75555980514093,35.010184612929606],[136.75304771717845,35.01334697278463],[136.75298211433312,35.01330666696913],[136.75555980514093,35.010184612929606]]],[[[136.5936791442772,34.82499999975022],[136.59724713434787,34.825993360305404],[136.5972235280434,34.82605116243127],[136.5936791442772,34.82499999975022]]],[[[136.59796457840264,34.828996441232846],[136.59789783431768,34.82902013477144],[136.5966001692625,34.82653480163981],[136.59666688726713,34.826511135080864],[136.59796457840264,34.828996441232846]]],[[[136.2676036061216,33.961038891831436],[136.26774555061672,33.96114582931665],[136.2676574970959,33.96149527888406],[136.26738027208194,33.96150110828955],[136.2674141630332,33.96120777461914],[136.2676036061216,33.961038891831436]]],[[[136.25609688666202,33.963150278762384],[136.25565929993684,33.963012251714076],[136.2557808945727,33.9628127209304],[136.25609688666202,33.963150278762384]]],[[[136.255547471039,33.96327691859494],[136.25521683528882,33.96325955898152],[136.25518802910437,33.96310122524142],[136.25543744528193,33.96310394569059],[136.255547471039,33.96327691859494]]],[[[136.2554973671099,33.96389553165352],[136.25543907935014,33.963367108005684],[136.25593169918864,33.96359402674301],[136.2554973671099,33.96389553165352]]],[[[136.25473435800427,33.96406336043577],[136.25430433187944,33.964025945940705],[136.254252529131,33.96384816166341],[136.25478822289824,33.963949026926116],[136.25473435800427,33.96406336043577]]],[[[136.25353763915075,33.963935639618114],[136.2535232562933,33.96404305374398],[136.25340941561205,33.9640793602743],[136.25334191969387,33.96401377541548],[136.25353763915075,33.963935639618114]]],[[[136.25458430612093,33.964504864607875],[136.25426985726813,33.964151774584764],[136.2551150059528,33.964122640147764],[136.2550470037163,33.96443916193783],[136.25458430612093,33.964504864607875]]],[[[136.2646028265592,33.96568333261973],[136.26446272387568,33.965825359852545],[136.2643571335749,33.965735414158075],[136.26456080393802,33.96560082881524],[136.2646028265592,33.96568333261973]]],[[[136.26515713359493,33.96636530561443],[136.2650378861896,33.96660005384945],[136.2648774453379,33.96644353224326],[136.26515713359493,33.96636530561443]]],[[[136.26432219221545,33.9669895862005],[136.26389335859164,33.96664380226969],[136.2643069127339,33.966217558693415],[136.26470066110664,33.96645086531521],[136.26432219221545,33.9669895862005]]],[[[136.2611773673417,33.96709889160064],[136.26101389127814,33.96718208068853],[136.26087250256398,33.967058774642794],[136.26109902739825,33.966963441109954],[136.2611773673417,33.96709889160064]]],[[[136.26228333290953,33.967189667369325],[136.2621003892217,33.96702316238907],[136.26222352799346,33.96695113478711],[136.2624199741026,33.96710525160614],[136.26228333290953,33.967189667369325]]],[[[136.24017527926583,33.96866594587675],[136.23940204936514,33.96857369432058],[136.23965167328618,33.9680621617394],[136.24017527926583,33.96866594587675]]],[[[136.24683824928582,33.971790946095325],[136.24645457781662,33.97162941436602],[136.2468017772802,33.971342197884155],[136.24683824928582,33.971790946095325]]],[[[136.24944136212923,33.97154461279371],[136.24967994777148,33.97172046802524],[136.24941136164512,33.971946532406605],[136.24929197124754,33.97171072117288],[136.24944136212923,33.97154461279371]]],[[[136.2719046947459,33.972065054059044],[136.27175644600322,33.972063134905795],[136.27163422813715,33.971952774600936],[136.2718530223991,33.971916495050266],[136.2719046947459,33.972065054059044]]],[[[136.24803596638685,33.972707107946746],[136.24779802915577,33.97272455929101],[136.24786199703362,33.97254382883466],[136.24803596638685,33.972707107946746]]],[[[136.23561185480332,33.973363559081065],[136.23527386529668,33.973187134578666],[136.23538907924262,33.97309702700625],[136.23561185480332,33.973363559081065]]],[[[136.27219583676856,33.97516941393735],[136.27212286577765,33.97522186509707],[136.27200141413402,33.97508472118301],[136.27225155606448,33.97509372069868],[136.27219583676856,33.97516941393735]]],[[[136.27242985655266,33.975689386655915],[136.2723001689177,33.97574630564753],[136.27208099873917,33.975668278668195],[136.27217241212713,33.97555716203345],[136.27237914378247,33.97556589175258],[136.27242985655266,33.975689386655915]]],[[[136.24936116688446,33.983030891562464],[136.2491676651557,33.98360102666612],[136.2490838393478,33.98357289227522],[136.24936116688446,33.983030891562464]]],[[[136.2488632563343,33.98442644062777],[136.2487558368125,33.98444991922844],[136.24857688701377,33.983882161932286],[136.24868516179083,33.983856972821116],[136.2488632563343,33.98442644062777]]],[[[136.2307946947194,33.98621719766561],[136.23077182855707,33.986050802402644],[136.23093785959463,33.98612630588434],[136.2307946947194,33.98621719766561]]],[[[136.23061730164727,33.986380081075936],[136.23053172485925,33.9864716671338],[136.23029518787268,33.98634733316294],[136.23041705590242,33.98625486487015],[136.23061730164727,33.986380081075936]]],[[[136.27296291800428,33.98742741444369],[136.2727117247664,33.987436081210205],[136.27228277602933,33.98729872055958],[136.27238635544597,33.987226081418555],[136.27291002617687,33.9873332248485],[136.27296291800428,33.98742741444369]]],[[[136.27322360628443,34.01628916171552],[136.27320306127228,34.01645249478685],[136.2729527763496,34.016340000390755],[136.27300861165816,34.01623638679985],[136.27322360628443,34.01628916171552]]],[[[136.2788808302862,34.017850559255976],[136.27894167301986,34.0180419457792],[136.27875221824036,34.01794638741592],[136.2788808302862,34.017850559255976]]],[[[136.28026147938385,34.01823346810011],[136.28028167276102,34.01838027882684],[136.2801803110725,34.01843138729873],[136.2800650062951,34.0183069463086],[136.28026147938385,34.01823346810011]]],[[[136.28309000010347,34.01914110797583],[136.28310360594674,34.01930472073633],[136.28291416285845,34.01925389195361],[136.28309000010347,34.01914110797583]]],[[[136.27772513580646,34.02493408104306],[136.27751710822804,34.025037973423764],[136.27742953314646,34.02487713507179],[136.27759438427347,34.024719440749664],[136.27772513580646,34.02493408104306]]],[[[136.2707624118559,34.03035813511991],[136.27037710811715,34.030360135212106],[136.2702406099163,34.03020238693068],[136.27060230914935,34.03000035962896],[136.2707624118559,34.03035813511991]]],[[[136.24458150493263,34.047588891913904],[136.24467902741526,34.04774730569363],[136.24456418938587,34.047781774909026],[136.24450910501128,34.047687945942016],[136.24458150493263,34.047588891913904]]],[[[136.24447403414945,34.050179693937764],[136.24431983099544,34.0503143602196],[136.24417805377425,34.05019958604214],[136.24447403414945,34.050179693937764]]],[[[136.24530894944849,34.05255541410111],[136.24516583673403,34.052508359773014],[136.24522102543006,34.052410973088],[136.24536807987306,34.05244177486804],[136.24530894944849,34.05255541410111]]],[[[136.2453566153156,34.05304300043417],[136.24541143978615,34.05313016182754],[136.24525464298745,34.05321927924638],[136.2451944747453,34.05312246812747],[136.2453566153156,34.05304300043417]]],[[[136.24474533083242,34.0543114141405],[136.24460680915695,34.054245694383326],[136.24472219217546,34.05417758602681],[136.24474533083242,34.0543114141405]]],[[[136.2448799476515,34.05513541436795],[136.24486936442963,34.055256161842465],[136.24450910501128,34.05515905394725],[136.24479642041854,34.055050468004765],[136.2448799476515,34.05513541436795]]],[[[136.2446147213924,34.056438864761844],[136.2444541366491,34.056421414316844],[136.2445613879977,34.05630777508378],[136.2446147213924,34.056438864761844]]],[[[136.263628223164,34.057548387148415],[136.26378708210825,34.05731849525239],[136.26390910482144,34.05750927922992],[136.263628223164,34.057548387148415]]],[[[136.25929413661515,34.05838158564171],[136.25906152966593,34.058266306045255],[136.25914880707182,34.05814558555039],[136.25928250298523,34.0582565591929],[136.25929413661515,34.05838158564171]]],[[[136.25132769102015,34.05910110802978],[136.25105296971878,34.058766919058144],[136.25148613537692,34.058573694320614],[136.25182961074802,34.0588946938351],[136.25132769102015,34.05910110802978]]],[[[136.25097988271546,34.05919089184624],[136.25077593985782,34.059086467966154],[136.25079150532383,34.05896858573169],[136.2510266150863,34.05912355870532],[136.25097988271546,34.05919089184624]]],[[[136.25065691278633,34.0595048649576],[136.25037875517546,34.05950913493865],[136.25035466863312,34.05938899990247],[136.2505425289146,34.059391865142516],[136.25065691278633,34.0595048649576]]],[[[136.255576446296,34.05989486495611],[136.25542966344824,34.05990049471211],[136.2554650059053,34.05979422542322],[136.25561985657123,34.05977746835555],[136.255576446296,34.05989486495611]]],[[[136.25629438407861,34.060054586350134],[136.25610922176327,34.05997094580255],[136.25599500606472,34.05986382935231],[136.25616379981955,34.059819532345614],[136.25629438407861,34.060054586350134]]],[[[136.2556228917831,34.06111086527426],[136.25541791200715,34.06107449489207],[136.25536433219827,34.060943333268256],[136.2556810887113,34.0609779463752],[136.2556228917831,34.06111086527426]]],[[[136.2599708036098,34.06123544116275],[136.25953438420458,34.05801872088733],[136.26344736680255,34.05843289196446],[136.26232530516882,34.06089882941751],[136.2599708036098,34.06123544116275]]],[[[136.2544097279267,34.06137738655718],[136.2541985212448,34.06133013527756],[136.25404377400105,34.06137336029241],[136.25394355355218,34.06126689225334],[136.2542880541505,34.06123363982067],[136.2544097279267,34.06137738655718]]],[[[136.25501795111757,34.06150089225241],[136.2548435276068,34.061574278730006],[136.25484888486824,34.061408747715575],[136.25501795111757,34.06150089225241]]],[[[136.2535845783657,34.06167966668335],[136.25345444916354,34.06158772089668],[136.25356389126068,34.06149055904211],[136.2536815045978,34.061593559295375],[136.2535845783657,34.06167966668335]]],[[[136.25389525276375,34.061522892367634],[136.2540360569186,34.0616189732371],[136.25394360571295,34.061679919392816],[136.25389525276375,34.061522892367634]]],[[[136.25474994775198,34.06182991911555],[136.25461518794066,34.06176789197468],[136.25468627844907,34.06165980155862],[136.25477941583745,34.06175933312676],[136.25474994775198,34.06182991911555]]],[[[136.2586138390575,34.06186916193235],[136.25823128364686,34.06175763970339],[136.25807717312307,34.06148027889179],[136.25820725016456,34.061263892114994],[136.2586138390575,34.06186916193235]]],[[[136.25376810571356,34.06189838720087],[136.25369372188777,34.06190719785894],[136.25362802911036,34.06174613467641],[136.25374263331594,34.06175219790566],[136.25376810571356,34.06189838720087]]],[[[136.25412352767876,34.062221973165606],[136.25409897528755,34.062374748196135],[136.2539294683703,34.06228097318842],[136.25412352767876,34.062221973165606]]],[[[136.24789311267705,34.064151413756804],[136.2476891698194,34.06424153212106],[136.24771099906343,34.06408100043785],[136.24789311267705,34.064151413756804]]],[[[136.23862608282752,34.0643672249675],[136.23842080357724,34.0643290271629],[136.2385367189944,34.064212027163364],[136.23862608282752,34.0643672249675]]],[[[136.24768041491927,34.06447444124251],[136.2476758625511,34.06428574818875],[136.24781894918522,34.06428294590131],[136.24784544680995,34.06441200041354],[136.24768041491927,34.06447444124251]]],[[[136.21726678313564,34.06456144075793],[136.21692250287128,34.06468666685623],[136.21697352770616,34.06443944142711],[136.21726678313564,34.06456144075793]]],[[[136.21684418900816,34.06482394566859],[136.21700182937104,34.06491300013488],[136.2168329699657,34.06501094619824],[136.21684418900816,34.06482394566859]]],[[[136.25415953293611,34.06502319766247],[136.2539105322453,34.06490325238326],[136.25406189444095,34.064759946314496],[136.25415953293611,34.06502319766247]]],[[[136.21613286573927,34.064915081166134],[136.21648367058503,34.06517458593845],[136.21626705627966,34.065362135054556],[136.21587605713444,34.06506764035936],[136.21613286573927,34.064915081166134]]],[[[136.23759527899904,34.06549036039189],[136.23737274985263,34.06552794575816],[136.23734620006712,34.06528661268709],[136.2377624377864,34.06537705390798],[136.23759527899904,34.06549036039189]]],[[[136.2383516987719,34.065531532254454],[136.23830481171774,34.06565894640329],[136.23810347599465,34.06548405434569],[136.23820786030456,34.065432828961946],[136.2383516987719,34.065531532254454]]],[[[136.22649289203343,34.065633586420915],[136.2262878600967,34.06553008074866],[136.2262273932796,34.06527433334384],[136.2264085599072,34.06525308056524],[136.22649289203343,34.065633586420915]]],[[[136.2157813621202,34.06569730608584],[136.21547756213988,34.065685586120935],[136.21539372194275,34.065395495405824],[136.21582333258084,34.065417359723426],[136.2157813621202,34.06569730608584]]],[[[136.24467822342137,34.06635705413481],[136.24456053184315,34.06645810825512],[136.24440000016,34.06635013475096],[136.24464228291504,34.06621891916785],[136.24467822342137,34.06635705413481]]],[[[136.23740658864324,34.06639638688381],[136.2371590007873,34.06638046798429],[136.23722749675164,34.066121386792645],[136.23740658864324,34.06639638688381]]],[[[136.23781717322402,34.06634680186346],[136.2376205580424,34.065849694407916],[136.23823089464008,34.06595508056256],[136.23781717322402,34.06634680186346]]],[[[136.2372330608572,34.0664774949405],[136.23730566762254,34.066570494732616],[136.23723299610594,34.06665169362083],[136.23713306074217,34.06655641404734],[136.2372330608572,34.0664774949405]]],[[[136.24338949403,34.06653633308537],[136.2435215558752,34.066562224567065],[136.24348282657127,34.066662748087424],[136.24337396903354,34.06666791918917],[136.24338949403,34.06653633308537]]],[[[136.23781641959215,34.0663915323434],[136.23798791221247,34.066542586071535],[136.23768433166663,34.0666561353724],[136.23781641959215,34.0663915323434]]],[[[136.23313655001186,34.067184468188714],[136.2329901691611,34.06701533269148],[136.23317975434225,34.066815972778954],[136.23347722399478,34.0670431622122],[136.23313655001186,34.067184468188714]]],[[[136.2556608036033,34.06901563985997],[136.25573330694658,34.069200694256665],[136.25557547322956,34.06913716165076],[136.2556608036033,34.06901563985997]]],[[[136.25656243780634,34.069847919246115],[136.2563352528697,34.06984669436952],[136.2563781055652,34.06975949520461],[136.2565337215541,34.06973466672156],[136.25656243780634,34.069847919246115]]],[[[136.25563050634287,34.071690225423595],[136.25531355377757,34.07164780170473],[136.2554826326175,34.07152222487082],[136.25563050634287,34.071690225423595]]],[[[136.20627494173527,34.07068346766795],[136.2059778596905,34.070947414191835],[136.20591868969586,34.07202089175081],[136.2058273932197,34.07193674758287],[136.205853579679,34.070945918619316],[136.20627494173527,34.07068346766795]]],[[[136.2530220488286,34.07320700040282],[136.25532691320655,34.06895097320887],[136.25676325641916,34.070298494879694],[136.2530220488286,34.07320700040282]]],[[[136.21161472124243,34.07802736027452],[136.21153741911667,34.07801316177802],[136.2114571339397,34.077713441122455],[136.21173325638472,34.07789930580839],[136.21161472124243,34.07802736027452]]],[[[136.22253391720653,34.07793305376748],[136.22263060961495,34.07803622489189],[136.22255891116492,34.0781266130528],[136.2224593643083,34.07805266719686],[136.22253391720653,34.07793305376748]]],[[[136.222403722354,34.078318279265204],[136.22225800340425,34.07807980244098],[136.2223685210904,34.07770435976846],[136.2226205839728,34.07776241370448],[136.22235955934627,34.078011197658725],[136.222403722354,34.078318279265204]]],[[[136.2495507133948,34.078243279403864],[136.24917972776234,34.07877738676706],[136.24879758783845,34.07873944976586],[136.2492519199402,34.078235829420066],[136.2495507133948,34.078243279403864]]],[[[136.2259592999818,34.08153702661252],[136.22604367077884,34.08168094601888],[136.22589953283727,34.08167013526855],[136.2259592999818,34.08153702661252]]],[[[136.2885398566292,34.08229410828653],[136.28843985741355,34.081689360075984],[136.2902071979039,34.08134394576655],[136.2909799475666,34.08177280187334],[136.2885398566292,34.08229410828653]]],[[[136.2928523090868,34.08267366715609],[136.29166827517088,34.08239130611395],[136.29231900122102,34.081772161556046],[136.2928523090868,34.08267366715609]]],[[[136.27474702995153,34.08300894610602],[136.27504325584164,34.08323530636437],[136.27495552517746,34.08338282935415],[136.27476564232063,34.0832340266291],[136.27474702995153,34.08300894610602]]],[[[136.28111124518784,34.083955026603235],[136.28101897474596,34.084133586096186],[136.2808992480019,34.08400466738152],[136.28111124518784,34.083955026603235]]],[[[136.28043868989369,34.08426194633182],[136.2805985596758,34.084037441374846],[136.2808036707529,34.08419855941605],[136.28043868989369,34.08426194633182]]],[[[136.2803201691405,34.08462474813365],[136.28022741936002,34.08433266721886],[136.28055053228127,34.08433166717276],[136.2803201691405,34.08462474813365]]],[[[136.279803969078,34.08503608095043],[136.27964411188634,34.085095667331245],[136.27945011732913,34.08494580160749],[136.27971172471644,34.0848625315806],[136.279803969078,34.08503608095043]]],[[[136.29734747140878,34.08541213516196],[136.29646352776967,34.08518661307181],[136.29729786030805,34.08476716207491],[136.29734747140878,34.08541213516196]]],[[[136.2797726331006,34.08539353178611],[136.2797385209161,34.08556591923184],[136.27940785998476,34.08535055858147],[136.2795792743641,34.08521174822363],[136.2797726331006,34.08539353178611]]],[[[136.23159394290622,34.085626946326556],[136.23158219236439,34.08576816237087],[136.231467276094,34.08578308122429],[136.2314104407393,34.085652720896405],[136.23159394290622,34.085626946326556]]],[[[136.29750121860639,34.08590205433637],[136.29706241240046,34.085888224561984],[136.2967190530419,34.08558630596332],[136.29754396877922,34.08567310762788],[136.29750121860639,34.08590205433637]]],[[[136.2969905583676,34.086010305731065],[136.29709263321854,34.08622986531606],[136.29680975416693,34.086119468138975],[136.2969905583676,34.086010305731065]]],[[[136.2979109209523,34.086390441066044],[136.29754722432506,34.08641089164939],[136.29726374812356,34.08610872124052],[136.29779949405145,34.086044333379334],[136.2979109209523,34.086390441066044]]],[[[136.25779966302412,34.08696125156058],[136.25713369616324,34.08690413471811],[136.25712121896913,34.08664666691021],[136.2579681968748,34.08657491899737],[136.25779966302412,34.08696125156058]]],[[[136.2579409725979,34.08767394629564],[136.2576110509093,34.08766291880869],[136.2573672761789,34.08745877540224],[136.25757294393622,34.0873819732995],[136.2579409725979,34.08767394629564]]],[[[136.25481744456943,34.08828291862187],[136.2547132563118,34.088120585596585],[136.2550686117271,34.08816716238471],[136.25481744456943,34.08828291862187]]],[[[136.2982481712162,34.08989091903072],[136.29839044126595,34.08957735960752],[136.2986114793364,34.089810613169334],[136.2982481712162,34.08989091903072]]],[[[136.26052574556672,34.089852440637685],[136.26074344985034,34.08995658572792],[136.26067930030956,34.09003605432048],[136.26052574556672,34.089852440637685]]],[[[136.30039891068122,34.09154058592935],[136.30032014266055,34.09160341436615],[136.30020566795724,34.09150480190516],[136.30030702964575,34.09142189160707],[136.30039891068122,34.09154058592935]]],[[[136.30034092059702,34.09282433307658],[136.29966302243065,34.092723639584335],[136.2997633328116,34.09255986494588],[136.30034092059702,34.09282433307658]]],[[[136.2845954220412,34.09410782931292],[136.28429319137774,34.09411836037407],[136.28432330697512,34.09395182931354],[136.2845954220412,34.09410782931292]]],[[[136.30180202304496,34.09643961309774],[136.3017735019456,34.09624753229781],[136.30199999980016,34.09630746761559],[136.30180202304496,34.09643961309774]]],[[[136.30292469531855,34.09695777458171],[136.3027199997283,34.0967569730559],[136.30340603136335,34.09678230605863],[136.30292469531855,34.09695777458171]]],[[[136.30337219167336,34.09805519838875],[136.30325771697017,34.09807638731547],[136.30295230900197,34.097954973443336],[136.30321175082167,34.09792449541919],[136.30337219167336,34.09805519838875]]],[[[136.30339669280318,34.09830225204735],[136.30334732811673,34.09837946783824],[136.30301316522548,34.09824433300963],[136.30313364470203,34.09820110799478],[136.30339669280318,34.09830225204735]]],[[[136.8871758365957,34.38290166717826],[136.88718055803633,34.383037495384144],[136.88701111497107,34.38297749531523],[136.8871758365957,34.38290166717826]]],[[[136.8961293510887,34.38797732389446],[136.89529351488386,34.38818119840363],[136.89367273690732,34.38823237792195],[136.89366303502106,34.388156738642635],[136.89528769087428,34.38811360355999],[136.8961293510887,34.38797732389446]]],[[[136.89773740635633,34.38763240511145],[136.8963562914098,34.388452873701226],[136.8963097020312,34.388387694436574],[136.89768498127694,34.38756722494753],[136.89773740635633,34.38763240511145]]],[[[136.91707866424906,34.39261246839078],[136.91676444922007,34.392588585994474],[136.91681949402448,34.392492161584016],[136.9171654218468,34.392479107924544],[136.91707866424906,34.39261246839078]]],[[[136.91127924843863,34.393985000207635],[136.91114208833676,34.394031720887256],[136.91123061040446,34.39383102728016],[136.91138394301458,34.393922467647826],[136.91127924843863,34.393985000207635]]],[[[136.91491861230418,34.4005740000901],[136.91484533104722,34.400665613127615],[136.9146912843753,34.40055235970368],[136.91468204923729,34.40038249485633],[136.9148113879353,34.40043435965805],[136.91481236100174,34.400565252384524],[136.91491861230418,34.4005740000901]]],[[[136.91429325612899,34.40039405384255],[136.9142950062096,34.40055533286238],[136.91411661488996,34.400514107939784],[136.91429325612899,34.40039405384255]]],[[[136.91393031133487,34.40062582891892],[136.91406555138417,34.40074130636623],[136.9140425026594,34.40082991926539],[136.913830414642,34.40067949506272],[136.91393031133487,34.40062582891892]]],[[[136.91800756229918,34.402714694127894],[136.9177529957043,34.4028785317189],[136.91773141377382,34.40259713475001],[136.91800756229918,34.402714694127894]]],[[[136.9210011149096,34.404374332709324],[136.9210243839682,34.404562225366476],[136.92084316518003,34.40442205433442],[136.9210011149096,34.404374332709324]]],[[[136.92111389079344,34.40550610792059],[136.9210188846139,34.405663613385116],[136.9209305576992,34.405584721257924],[136.92111389079344,34.40550610792059]]],[[[136.9195928017665,34.406014080985074],[136.91949345006276,34.40621774775093],[136.9193306997521,34.4060073873311],[136.9195928017665,34.406014080985074]]],[[[136.91802844365782,34.40694744057197],[136.9178063551792,34.40691963982954],[136.9177216992971,34.406765747841064],[136.9179008298595,34.4066665858943],[136.91802844365782,34.40694744057197]]],[[[136.91975389102936,34.40982980190387],[136.91965189441942,34.409892495442364],[136.9194666412725,34.40983169407747],[136.91957046710343,34.40970822525446],[136.91975389102936,34.40982980190387]]],[[[136.92574705588197,34.41225519791908],[136.9253807782004,34.412253197826885],[136.92537919629297,34.412177667365484],[136.9256944230592,34.412176532421086],[136.92574705588197,34.41225519791908]]],[[[136.92996185455604,34.41266082903411],[136.92973703033977,34.41268994638398],[136.92990233472506,34.41237216194577],[136.9300924118354,34.41247602734683],[136.92996185455604,34.41266082903411]]],[[[136.92952547292225,34.41289835977153],[136.92932953313152,34.41288461273473],[136.9291781970162,34.41251822533587],[136.92961418924347,34.41258846778362],[136.92952547292225,34.41289835977153]]],[[[136.92770461737427,34.41513036017801],[136.92754905264678,34.41517110756064],[136.92760988278997,34.4149952253494],[136.92785649757934,34.415054747878344],[136.92770461737427,34.41513036017801]]],[[[136.92811771735887,34.41512858581564],[136.9284877560052,34.41527219765385],[136.92823613468988,34.41538894584323],[136.92811771735887,34.41512858581564]]],[[[136.921388495183,34.428678413877776],[136.92142992155368,34.428746252437634],[136.92126763889053,34.428867829087096],[136.92123807997348,34.42870416236724],[136.921388495183,34.428678413877776]]],[[[136.92101953302506,34.42871616202132],[136.92096900101865,34.428453495232645],[136.92113700426944,34.428553748057084],[136.92101953302506,34.42871616202132]]],[[[136.92137875462583,34.429090306072794],[136.9211937478932,34.42908646776635],[136.92134277634807,34.42892353219531],[136.92150044099265,34.42891502730674],[136.92137875462583,34.429090306072794]]],[[[136.92293572030735,34.42923280185238],[136.92309771698615,34.42938186538083],[136.9228319457378,34.42944363981218],[136.92293572030735,34.42923280185238]]],[[[136.92318902695206,34.429878278559784],[136.92300749699848,34.42954644131527],[136.9233985860759,34.429611748283605],[136.92318902695206,34.429878278559784]]],[[[136.92336885898567,34.43002522508414],[136.92335897543649,34.430176197873266],[136.92303846964967,34.4300688287135],[136.92328894882598,34.429991026564664],[136.92336885898567,34.43002522508414]]],[[[136.92324880668718,34.430338774614825],[136.92298080422086,34.430306891849625],[136.92299693895768,34.43020049485699],[136.92329272418,34.43023602707103],[136.92324880668718,34.430338774614825]]],[[[136.9236866146456,34.44033389199558],[136.9234387551944,34.440335865108125],[136.92338335875502,34.440136864924455],[136.92367153031694,34.44010149458836],[136.9236866146456,34.44033389199558]]],[[[136.92408474721333,34.4415678652648],[136.92384172521554,34.44152641371306],[136.923948638419,34.44135405414636],[136.92422883299434,34.44142125238892],[136.92408474721333,34.4415678652648]]],[[[136.9248565498899,34.441833278582976],[136.92482894879697,34.441965306253906],[136.92467758840007,34.441895586312285],[136.9248565498899,34.441833278582976]]],[[[136.92429778221697,34.44300741366129],[136.92403569369242,34.44300244130966],[136.9241160831907,34.442903026653426],[136.92429778221697,34.44300741366129]]],[[[136.9247514398271,34.443345639689596],[136.9246800255628,34.44339099969494],[136.92444547337993,34.443247081187906],[136.92453766468157,34.44319246805799],[136.9247235023878,34.44323930564951],[136.9247514398271,34.443345639689596]]],[[[136.92486766461104,34.44445074820351],[136.9247311933899,34.444419414024765],[136.92496177686462,34.44410438690801],[136.92501761307244,34.444392440658646],[136.92486766461104,34.44445074820351]]],[[[136.92341369558562,34.445949775062104],[136.92319027161386,34.44594846834718],[136.923137833944,34.4457727210343],[136.92341369558562,34.445949775062104]]],[[[136.92412208796407,34.44591772142576],[136.9237498306902,34.445850864925546],[136.9238741889427,34.44574905357604],[136.92412208796407,34.44591772142576]]],[[[136.91556972776084,34.45148772108149],[136.9154650322855,34.45139905422303],[136.91561994770245,34.45126402731307],[136.91568566835895,34.45139164021208],[136.91556972776084,34.45148772108149]]],[[[136.8889938907555,34.45357008059477],[136.8879071338073,34.45218505359742],[136.8891052529052,34.45085158563222],[136.89082160813075,34.45281402684594],[136.8889938907555,34.45357008059477]]],[[[136.8989850843942,34.45362053166224],[136.89881194601458,34.45368246797159],[136.89878425409017,34.4535353874482],[136.8989850843942,34.45362053166224]]],[[[136.88796927426267,34.45417002732495],[136.88794089525618,34.45442841424],[136.88778182856856,34.45439369411372],[136.88779358000977,34.45421619761947],[136.88796927426267,34.45417002732495]]],[[[136.89599664083232,34.455865162147575],[136.89612299557984,34.45597772129486],[136.896037860359,34.456148559208714],[136.8958195589256,34.45606938739235],[136.89599664083232,34.455865162147575]]],[[[136.90650250298813,34.45610389168132],[136.90648194628488,34.456258054365776],[136.90636555062974,34.45618110837148],[136.90650250298813,34.45610389168132]]],[[[136.9062211150125,34.45630138729922],[136.9060163942413,34.456290278873325],[136.90600861240762,34.45616166682754],[136.9062102718866,34.45618749535669],[136.9062211150125,34.45630138729922]]],[[[136.92807442309618,34.456785279217286],[136.92815710766445,34.45661705383401],[136.92831199700117,34.456756613327116],[136.92807442309618,34.456785279217286]]],[[[136.92853289207937,34.45693782941737],[136.92816160787197,34.45712230644932],[136.92811077818988,34.456914802276344],[136.92853289207937,34.45693782941737]]],[[[136.9281134761561,34.45709797259343],[136.9282392742232,34.457244892138135],[136.92814593988328,34.45728019772298],[136.92806357997028,34.457164802113994],[136.9281134761561,34.45709797259343]]],[[[136.9265179511426,34.45848722460579],[136.92630661495832,34.458439973326165],[136.92634686141855,34.45832002714758],[136.9264960049867,34.45833333261726],[136.9265179511426,34.45848722460579]]],[[[136.92646800279613,34.45868477508236],[136.92615044138984,34.458658252276564],[136.92616542229644,34.458497386944885],[136.92646800279613,34.45868477508236]]],[[[136.8978404147034,34.46097294624451],[136.8930617509991,34.45847605412666],[136.89367483772367,34.455483586098694],[136.89703408615424,34.45876097284065],[136.8978404147034,34.46097294624451]]],[[[136.8673065498574,34.48343335966189],[136.86731027215137,34.48353889240599],[136.86714138756508,34.4835261076438],[136.86719472095967,34.483431945927634],[136.8673065498574,34.48343335966189]]],[[[136.86754805379974,34.4835277749869],[136.8676094424219,34.48363472056593],[136.86743250260793,34.48373610833477],[136.86736472070538,34.483640279275505],[136.86754805379974,34.4835277749869]]],[[[136.84693011743104,34.484267774937905],[136.845722282957,34.48371677470942],[136.8462281057425,34.48252119799497],[136.84794547270542,34.48335680217474],[136.84693011743104,34.484267774937905]]],[[[136.90594138808467,34.4882636129754],[136.90581666740536,34.48832972123972],[136.9056666667833,34.488220828628414],[136.9059072237394,34.48810249493425],[136.90594138808467,34.4882636129754]]],[[[136.90291444904267,34.48939777498737],[136.90297333305296,34.48953833272793],[136.90287527907094,34.489554721073546],[136.90276972834033,34.48945777505634],[136.90291444904267,34.48939777498737]]],[[[136.8596181710418,34.49076194580721],[136.85156552542867,34.488499107647726],[136.85384496777112,34.48419525180947],[136.85837761293658,34.484079919152975],[136.86361175088166,34.4855228651881],[136.8634369127834,34.48928610796759],[136.8596181710418,34.49076194580721]]],[[[136.8420288329644,34.49429891915986],[136.84230797713155,34.49448910778614],[136.84216780789814,34.49485302744529],[136.8416766674443,34.49469602739981],[136.8420288329644,34.49429891915986]]],[[[136.8253644494099,34.49504666677029],[136.82541000007154,34.49528527939219],[136.8250650057455,34.495211945974575],[136.82512389065505,34.495066666793264],[136.8253644494099,34.49504666677029]]],[[[136.82227333294804,34.495785279067434],[136.82198277638406,34.49578249476639],[136.82179944239044,34.49552972141959],[136.82214167309985,34.49541082924645],[136.82227333294804,34.495785279067434]]],[[[136.84299824906998,34.49599925206388],[136.8421904150557,34.49620386491648],[136.8420584701223,34.49572897341346],[136.84273066119113,34.49563653210032],[136.84299824906998,34.49599925206388]]],[[[136.89050666734886,34.49708361321825],[136.89058389123363,34.49723361294093],[136.8904713878443,34.49726527896951],[136.89037111523487,34.49715444112462],[136.89050666734886,34.49708361321825]]],[[[136.84340958458472,34.49666641412375],[136.84389830136558,34.49696089173182],[136.84342403399205,34.49719189159259],[136.84340958458472,34.49666641412375]]],[[[136.89152027164323,34.49737305372349],[136.89156277630116,34.497491387417654],[136.89134472128194,34.497468612986154],[136.89142749668167,34.497361386818625],[136.89152027164323,34.49737305372349]]],[[[136.8972469134144,34.50127055898918],[136.89719775557205,34.50131941375997],[136.8960666413625,34.500374828835334],[136.89610596601756,34.50031782890471],[136.8972469134144,34.50127055898918]]],[[[136.9004012450215,34.50142163969696],[136.89690938975662,34.49957427932958],[136.89886600516206,34.49981358622807],[136.9004012450215,34.50142163969696]]],[[[136.89801924759024,34.50160833265846],[136.89830447477175,34.50165719822115],[136.89930116731512,34.502349332655626],[136.89925852056433,34.50241174830359],[136.89801924759024,34.50160833265846]]],[[[136.90490824871677,34.50286655884469],[136.9049596890385,34.50298146792045],[136.9048977167563,34.50303053223331],[136.90478250281035,34.50288946817449],[136.90490824871677,34.50286655884469]]],[[[136.9040844229578,34.5031335585669],[136.89885269789374,34.49883761316539],[136.89046263294426,34.49613349476505],[136.8784773023857,34.49439874840357],[136.87662267189887,34.49326408097261],[136.87227333284807,34.48677738706681],[136.87312732816372,34.48380963960324],[136.8778865503241,34.48312138664272],[136.87969824897505,34.48074433278481],[136.88331647157793,34.481843864602695],[136.88732635522717,34.479847359767916],[136.8896629962503,34.482571495278364],[136.89557269772183,34.483923694323096],[136.8974725551144,34.487714108319494],[136.90450147906006,34.490510441403785],[136.90957958463014,34.4996569459114],[136.9095062521119,34.50130580162153],[136.9075350317164,34.50236546829177],[136.90580144008447,34.502488053980585],[136.9040844229578,34.5031335585669]]],[[[136.90922674371927,34.50325253167904],[136.90898827498893,34.50333325212796],[136.9089689107867,34.50312469394953],[136.90922674371927,34.50325253167904]]],[[[136.83762583676298,34.50732349458366],[136.8355482229722,34.5066922523456],[136.83651802938357,34.50457019765656],[136.83843033699054,34.50622038706126],[136.83762583676298,34.50732349458366]]],[[[136.84671871559635,34.51173455860305],[136.8459498051394,34.51159113472312],[136.84550197063948,34.51176244118375],[136.84518377431175,34.511442000148236],[136.8456444754123,34.51119702662152],[136.84671871559635,34.51173455860305]]],[[[136.84886002566975,34.51231205375831],[136.84880461663977,34.51236097328035],[136.8486125286454,34.51220502724027],[136.8486716338889,34.51215305362058],[136.84886002566975,34.51231205375831]]],[[[136.84919616077423,34.512599495070674],[136.8491444749376,34.512645359595695],[136.84890805396356,34.5124313056603],[136.8489671340261,34.51238544113528],[136.84919616077423,34.512599495070674]]],[[[136.8205028915952,34.51308369365756],[136.82011169909572,34.51308633316779],[136.82006958474358,34.512654693659215],[136.82046610932355,34.51283269377387],[136.8205028915952,34.51308369365756]]],[[[136.82126016932148,34.5130381079224],[136.82114413699242,34.51315572125958],[136.82102138762696,34.51314861301813],[136.82098583742652,34.5130083331681],[136.82126016932148,34.5130381079224]]],[[[136.81879972762545,34.513103054262615],[136.81812630358615,34.51332161290219],[136.81766058426865,34.51271574773364],[136.8183414403053,34.51257882865008],[136.81879972762545,34.513103054262615]]],[[[136.82225674405356,34.513372386826234],[136.82157102538258,34.5127923600794],[136.82277380027074,34.51238030600638],[136.82283442267055,34.512930639837236],[136.82225674405356,34.513372386826234]]],[[[136.82338861189498,34.512937161720686],[136.82365785992238,34.51341586455055],[136.82324527884657,34.51338005444603],[136.82338861189498,34.512937161720686]]],[[[136.82363500635051,34.51361033305051],[136.82360569384775,34.513776305632064],[136.82346036340516,34.513702973113766],[136.82363500635051,34.51361033305051]]],[[[136.82375588782406,34.51391580217256],[136.82360027183518,34.51386582864512],[136.82374306079373,34.513778829129706],[136.82375588782406,34.51391580217256]]],[[[136.8493931914427,34.512878468366694],[136.84923661497783,34.51413600027627],[136.84917450060277,34.51413174828161],[136.84932824869975,34.51287316236659],[136.8493931914427,34.512878468366694]]],[[[136.82609846976868,34.514161333278935],[136.82468678326848,34.513442197599375],[136.82610600518808,34.51328097343821],[136.82609846976868,34.514161333278935]]],[[[136.82846055800837,34.514462946108154],[136.8279613884074,34.51453594587724],[136.82817036297195,34.51408286473247],[136.82846055800837,34.514462946108154]]],[[[136.84819033741417,34.51960805386864],[136.84833791166534,34.519716279183],[136.84823319100906,34.51978408087069],[136.84805569361538,34.51967010798916],[136.84819033741417,34.51960805386864]]],[[[136.84944277556372,34.519919278651855],[136.84937810621466,34.52003036021301],[136.84898175070725,34.51991194557985],[136.8490830872148,34.51975402732654],[136.84944277556372,34.519919278651855]]],[[[136.84450036330122,34.52026827855826],[136.83675710785428,34.51801108094668],[136.84288038931857,34.51690269440388],[136.84450036330122,34.52026827855826]]],[[[136.8694054991645,34.52145022514782],[136.8698073926971,34.52154194610398],[136.86968824871371,34.52176382863786],[136.8694054991645,34.52145022514782]]],[[[136.85762649826438,34.52113089207705],[136.8587054733789,34.52008008103098],[136.86032756166765,34.519813279159564],[136.862452308927,34.52077589189395],[136.86022455332056,34.52089849466984],[136.85963319061932,34.52059725236137],[136.85762649826438,34.52113089207705]]],[[[136.95265555121273,34.52476277538182],[136.95266924788757,34.52491261322655],[136.95249518770277,34.524855973024785],[136.95265555121273,34.52476277538182]]],[[[136.95321416330307,34.524908333352926],[136.9532811151314,34.52503166727769],[136.95314827537266,34.52512810787596],[136.95299727560382,34.525021999565695],[136.95321416330307,34.524908333352926]]],[[[136.95635817069308,34.526194468200174],[136.95645972843374,34.52633805395806],[136.9563241628299,34.526391945831676],[136.9562155508071,34.526226666627394],[136.95635817069308,34.526194468200174]]],[[[136.90787922204856,34.53158833293526],[136.90804066114765,34.53163944140715],[136.90799510958675,34.53176833314211],[136.90783108943333,34.53165000034727],[136.90787922204856,34.53158833293526]]],[[[136.88171347589628,34.53148435961555],[136.88262016878582,34.532027279435454],[136.88257367113806,34.532080360120574],[136.88171347589628,34.53148435961555]]],[[[136.90148841835594,34.53712953180252],[136.90131713437836,34.53705769395748],[136.901210026022,34.53649944069667],[136.90128228295112,34.53635955924631],[136.90142442259912,34.53704472123695],[136.90148841835594,34.53712953180252]]],[[[136.91305452724475,34.537860721095456],[136.91276630442144,34.5377631617406],[136.9128852271716,34.53751861269387],[136.91307007832154,34.53751938701015],[136.91305452724475,34.537860721095456]]],[[[136.9807903890653,34.538269134712834],[136.9805393640005,34.53807102665661],[136.98082472068438,34.53800138675467],[136.9807903890653,34.538269134712834]]],[[[136.9029334499188,34.53874822515053],[136.9020784698456,34.53792010782678],[136.90331180279748,34.53784194594908],[136.9029334499188,34.53874822515053]]],[[[136.98095725017697,34.53886133288427],[136.98074230861073,34.53884089219349],[136.98091975384364,34.5387278653987],[136.98095725017697,34.53886133288427]]],[[[136.8986202204469,34.53868808119006],[136.8926956423901,34.5360112787975],[136.8816374454118,34.52976660414549],[136.87961744488928,34.53094108096616],[136.87569544658766,34.529313585953275],[136.87170683460283,34.52315255904341],[136.87187027199548,34.51909305440097],[136.86802855977032,34.517177585677075],[136.86398124543814,34.51881908133561],[136.8585981446887,34.517560945980904],[136.84801797694809,34.51140208104124],[136.84927639379066,34.50833063994713],[136.858212140378,34.505855667005505],[136.86496464330367,34.50822444080535],[136.86761571968975,34.51082813461079],[136.87450357957664,34.51033077534504],[136.87773625202647,34.51467658635545],[136.88596875485416,34.51608291919143],[136.88825603119096,34.519345973437964],[136.8942084441644,34.52310110792985],[136.90212736688454,34.52174841425796],[136.90115274999948,34.52568238703259],[136.9036667831956,34.529277306402605],[136.89930063581573,34.53472441370076],[136.8986202204469,34.53868808119006]]],[[[136.98114739293794,34.538938973155155],[136.98099447491518,34.53889502688406],[136.9810031911444,34.538755495269925],[136.98115997355399,34.53879489187079],[136.98114739293794,34.538938973155155]]],[[[136.98130367082786,34.538692333184656],[136.98141783436563,34.53884908142004],[136.98127496806535,34.538975640313595],[136.98120243774235,34.53878400018152],[136.98130367082786,34.538692333184656]]],[[[136.9133108556116,34.539954612615304],[136.91314355383201,34.53995822519198],[136.91316836612725,34.53984469387757],[136.91333927418816,34.539871919053894],[136.9133108556116,34.539954612615304]]],[[[136.98177422759863,34.53995786456386],[136.98120997406113,34.53934261317113],[136.98147211384708,34.53894382859488],[136.9819615303004,34.53943113523877],[136.98177422759863,34.53995786456386]]],[[[136.98234379972666,34.54000699992315],[136.9822558882987,34.54013753202156],[136.98209571994164,34.540043053744],[136.982219611446,34.53993353160723],[136.98234379972666,34.54000699992315]]],[[[136.98389241160555,34.541466134654456],[136.98395805402106,34.541622224586035],[136.9838211933934,34.54169919755998],[136.98371639359675,34.54158099966344],[136.98389241160555,34.541466134654456]]],[[[136.98326199674386,34.54183530635436],[136.9831827242034,34.54209758643452],[136.9830515562844,34.54196746802427],[136.98326199674386,34.54183530635436]]],[[[136.91650732765106,34.544385252177676],[136.91181447455847,34.54319669377247],[136.90758914392393,34.54320291887967],[136.91000785977496,34.54025927864285],[136.91354319096558,34.54178464034891],[136.91650732765106,34.544385252177676]]],[[[136.97580961082497,34.54734697328422],[136.97550958529916,34.54734072119737],[136.97545619974392,34.54721964007439],[136.97573319093408,34.547167107975724],[136.97580961082497,34.54734697328422]]],[[[136.9254739425685,34.550000000299804],[136.92365311310073,34.54919191897193],[136.92479358025957,34.54853582936511],[136.9254739425685,34.550000000299804]]],[[[136.98157238735587,34.55221680216374],[136.97722461672276,34.54858097263383],[136.97735147868786,34.545752333203666],[136.98294427975475,34.54271033321538],[136.9864571081091,34.545719414419466],[136.9876971338157,34.549581026842986],[136.98157238735587,34.55221680216374]]],[[[136.12816972765086,33.881634332758324],[136.12831321718124,33.881083278570486],[136.12924924775461,33.88140905438439],[136.12816972765086,33.881634332758324]]],[[[136.13625350239727,33.88787202687257],[136.13683350216445,33.88752244060822],[136.1371301948027,33.887671693893594],[136.13625350239727,33.88787202687257]]],[[[136.11331525309652,33.88889219801655],[136.1130744749072,33.88887736010213],[136.11316994783488,33.888727864899124],[136.11331525309652,33.88889219801655]]],[[[136.13790586276536,33.88887208108173],[136.13733708204074,33.888740720707744],[136.13861683529876,33.88781527875216],[136.13862255498702,33.88861558634028],[136.13790586276536,33.88887208108173]]],[[[136.13975518815153,33.88897566679361],[136.13937885874736,33.88890730572763],[136.1393454471347,33.88876866714031],[136.13980319126438,33.888710891994094],[136.13975518815153,33.88897566679361]]],[[[136.12483785997927,33.88986908119318],[136.1245670039641,33.88984600009286],[136.12442834019578,33.88943010771334],[136.1246615559861,33.88944141399014],[136.12483785997927,33.88986908119318]]],[[[136.1160952787742,33.893038864951734],[136.11618138796075,33.89292055913654],[136.11630238724547,33.89301053181066],[136.1160952787742,33.893038864951734]]],[[[136.15479333304597,33.89514841366838],[136.15452581081763,33.89525200027964],[136.15429503219002,33.8949861076228],[136.154731920142,33.894846081381615],[136.15479333304597,33.89514841366838]]],[[[136.14455033732827,33.89594727874396],[136.14415263283774,33.89626627906557],[136.1441585206992,33.895961972766884],[136.14455033732827,33.89594727874396]]],[[[136.1459594679551,33.89625874814277],[136.1457857198352,33.896135801825835],[136.14604422815864,33.89599374761343],[136.14621686111934,33.896042945925274],[136.1459594679551,33.89625874814277]]],[[[136.1414994682259,33.896809000135306],[136.141789558941,33.896936972763115],[136.14150949386806,33.897057197731556],[136.1414994682259,33.896809000135306]]],[[[136.14726686097697,33.89700086509788],[136.14728457762124,33.89705249517658],[136.1470337998701,33.89715477507286],[136.1471254219008,33.896988585754684],[136.14726686097697,33.89700086509788]]],[[[136.17405508367528,33.911170531994514],[136.17340902690512,33.911802332711545],[136.17275341124105,33.911131252305495],[136.17405508367528,33.911170531994514]]],[[[136.18366121909003,33.91413241407969],[136.1835912446403,33.91437938679934],[136.18340416317164,33.91427553219012],[136.18366121909003,33.91413241407969]]],[[[136.15064527935624,33.9156901621713],[136.15035211385907,33.91556944077712],[136.15051038914316,33.915121224964594],[136.15094883292238,33.91543733306651],[136.15064527935624,33.9156901621713]]],[[[136.1569124766296,33.917209440863076],[136.15631997358798,33.91688353194951],[136.15613642015978,33.9160914954262],[136.1568619464217,33.916133494665075],[136.1572768612382,33.91669461316593],[136.1569124766296,33.917209440863076]]],[[[136.1878821916099,33.91740972078202],[136.18802888542484,33.917479919162986],[136.18793644591028,33.91754597256863],[136.18774927361017,33.91746149475222],[136.1878821916099,33.91740972078202]]],[[[136.1871919457518,33.91749099970991],[136.18737933928514,33.91762569387072],[136.18723503227102,33.91771302703461],[136.18708910467853,33.9176552788681],[136.1871919457518,33.91749099970991]]],[[[136.19985805410602,33.91959094636513],[136.20002489003673,33.919638053753204],[136.19982447521943,33.91986472068038],[136.19966399479756,33.91973849543524],[136.19985805410602,33.91959094636513]]],[[[136.16805966332288,33.92077927904057],[136.16802833993597,33.920905891893426],[136.16793031113502,33.92087430590453],[136.16793946803205,33.92076158577862],[136.16805966332288,33.92077927904057]]],[[[136.20129005179456,33.92134138679563],[136.20091011700833,33.92026825187838],[136.20237308734818,33.92085094601441],[136.20129005179456,33.92134138679563]]],[[[136.16110669341924,33.93001919792772],[136.16105466943748,33.930132413580054],[136.1608983663666,33.930012972820464],[136.16094289180103,33.92994077524662],[136.16110669341924,33.93001919792772]]],[[[136.15525841834142,33.930251107902336],[136.15484022010014,33.92980910820381],[136.1554247209741,33.92968080192753],[136.15578713426885,33.93018689181167],[136.15525841834142,33.930251107902336]]],[[[136.19760197075436,33.93005925193296],[136.19754221799906,33.93022597275052],[136.1974052791304,33.93018263981702],[136.19760197075436,33.93005925193296]]],[[[136.19745282718634,33.93058164023057],[136.19733260671444,33.93079858638572],[136.1972405835861,33.930720197878884],[136.19745282718634,33.93058164023057]]],[[[136.19781444907767,33.93050261320508],[136.1978315820619,33.93070419804036],[136.19770719772907,33.93080438701293],[136.1975217512279,33.93077619776335],[136.19781444907767,33.93050261320508]]],[[[136.15881744486921,33.93097841392273],[136.15870566813214,33.93114094569813],[136.1586413099485,33.931082333283086],[136.15881744486921,33.93097841392273]]],[[[136.19790221841276,33.931361197761134],[136.19796849485022,33.931441332751376],[136.19778819696774,33.93153908096389],[136.1977314794243,33.93148164036546],[136.19790221841276,33.931361197761134]]],[[[136.20797111527486,33.93451605367301],[136.20799033738422,33.93459538736727],[136.20762766508471,33.93482608055922],[136.20777739321215,33.93456435985735],[136.20797111527486,33.93451605367301]]],[[[136.21890080362925,33.939220586261115],[136.21941775642438,33.938746918735376],[136.21990328061202,33.93888841356949],[136.2191770303957,33.939238197684745],[136.21890080362925,33.939220586261115]]],[[[136.21863683462232,33.93917730638765],[136.21847647201162,33.93941238737182],[136.2183721659428,33.93918435977042],[136.21863683462232,33.93917730638765]]],[[[136.22026783429317,33.942795162067114],[136.21996427982776,33.94263133256999],[136.2203867435535,33.94238119783404],[136.2206429442166,33.94264400042033],[136.22026783429317,33.942795162067114]]],[[[136.2185502200167,33.9435489189475],[136.21854289234068,33.94321397274672],[136.21906374819343,33.94286655924435],[136.2188569778673,33.943439000209764],[136.2185502200167,33.9435489189475]]],[[[136.2283324381915,33.94601549491921],[136.22849747098155,33.945666198236495],[136.2290715046463,33.9456614947822],[136.22867508438765,33.94593641393442],[136.2283324381915,33.94601549491921]]],[[[136.22763552475976,33.94593194610246],[136.2275156936944,33.946153441028514],[136.22734355356226,33.94602553225258],[136.22763552475976,33.94593194610246]]],[[[136.8051427759184,34.19739027903819],[136.80521749698994,34.19758666669139],[136.80502389093988,34.19753777504832],[136.8051427759184,34.19739027903819]]],[[[136.8168883400249,34.21628416198456],[136.81685194626039,34.21640277536784],[136.81667834023324,34.216375278596274],[136.81678444944282,34.216256107633285],[136.8168883400249,34.21628416198456]]],[[[136.80497888526736,34.219001945583386],[136.8049522176708,34.218893892039546],[136.80531888475878,34.21884082934088],[136.80542027162835,34.21896444115606],[136.80497888526736,34.219001945583386]]],[[[136.80765360572934,34.218961387058414],[136.8077313880932,34.219068332637505],[136.80756360607563,34.219134720590944],[136.8074791696281,34.21904472093718],[136.80765360572934,34.218961387058414]]],[[[136.80395834000547,34.21923082933938],[136.80394583673103,34.21936416192659],[136.8038155510469,34.21930916208822],[136.80395834000547,34.21923082933938]]],[[[136.8057252793982,34.21942666660743],[136.8055613878479,34.21937138707989],[136.805662218037,34.21924833284436],[136.80575888526437,34.21926833286733],[136.8057252793982,34.21942666660743]]],[[[136.8116466666604,34.226618053980076],[136.81147916972793,34.22661638663698],[136.81158555143213,34.22648805428031],[136.8116466666604,34.226618053980076]]],[[[136.8116980539221,34.22692444130996],[136.8117905581878,34.2270652787397],[136.81156917028102,34.227173891661835],[136.81156666656852,34.22695638702771],[136.8116980539221,34.22692444130996]]],[[[136.80742722388732,34.22735222542491],[136.80727610900533,34.22736166740708],[136.80727194604356,34.2272397211363],[136.80740082968464,34.2272524951066],[136.80742722388732,34.22735222542491]]],[[[136.8070147210526,34.228236946078255],[136.80702000007295,34.22831110777145],[136.80688250272533,34.22836582882002],[136.8068544492735,34.22826889179595],[136.8070147210526,34.228236946078255]]],[[[136.81407182885187,34.22895344134827],[136.8139614793389,34.22884410806921],[136.81433922157782,34.2289129997352],[136.81407182885187,34.22895344134827]]],[[[136.8109099483355,34.22908258579275],[136.81063525311447,34.22907266716993],[136.81065791243282,34.22898138688157],[136.81088880707284,34.228995359648195],[136.8109099483355,34.22908258579275]]],[[[136.81366316522292,34.22938177494899],[136.81352980475674,34.22943116211849],[136.81347128407253,34.22925955888161],[136.81370761331573,34.229252558558755],[136.81366316522292,34.22938177494899]]],[[[136.8139545527605,34.229579559249316],[136.81353914421618,34.229555613001196],[136.81365204870315,34.22941249489077],[136.81388182908324,34.229388161934196],[136.8139545527605,34.229579559249316]]],[[[136.8138368872626,34.23069708110546],[136.81262858604043,34.23236927871926],[136.812018521038,34.23014864034752],[136.8138368872626,34.23069708110546]]],[[[136.8277186119244,34.23283361308086],[136.8276911151529,34.23297222468847],[136.8275636056759,34.23291110766155],[136.8277186119244,34.23283361308086]]],[[[136.82742888543476,34.233195279038966],[136.82749722401775,34.233305278715704],[136.82741250338438,34.23335082937734],[136.82731693872586,34.23325444093973],[136.82742888543476,34.233195279038966]]],[[[136.820057496956,34.23419000026837],[136.8201219459711,34.2343305589082],[136.8199513877464,34.23436277532187],[136.81993583666963,34.234265278919565],[136.820057496956,34.23419000026837]]],[[[136.81339500627462,34.23553916230253],[136.81340666688425,34.23568166707531],[136.81328167281106,34.235646667259914],[136.81339500627462,34.23553916230253]]],[[[136.81703564178156,34.235220440770775],[136.81741593989375,34.23712289180804],[136.81636289223377,34.237472774848754],[136.8160875620914,34.235814945703225],[136.81703564178156,34.235220440770775]]],[[[136.8441858371068,34.24922694636655],[136.84425888543933,34.2494002789997],[136.84409027244817,34.24943861260192],[136.84406944235093,34.2492333333517],[136.8441858371068,34.24922694636655]]],[[[136.84227180280152,34.2494299458354],[136.8418565237596,34.24963755882635],[136.84176160841162,34.249602666929604],[136.84223058417422,34.24937010764438],[136.84227180280152,34.2494299458354]]],[[[136.8533561088974,34.249840559194524],[136.85347778177425,34.249912495065644],[136.85333082985403,34.25006000006903],[136.85321472108262,34.249964440806366],[136.8533561088974,34.249840559194524]]],[[[136.80629469504424,34.25020919759646],[136.80661795095773,34.2500320536364],[136.80665163416563,34.25012561280681],[136.80629469504424,34.25020919759646]]],[[[136.8365206104379,34.250721865122046],[136.83648871598155,34.2508587482327],[136.83634274971814,34.25078708125886],[136.8365206104379,34.250721865122046]]],[[[136.80489124543465,34.25074877463629],[136.80355131044473,34.2511150541165],[136.80351919565442,34.251039693627035],[136.80486199678376,34.250676134596006],[136.80489124543465,34.25074877463629]]],[[[136.80643977997192,34.25179377516264],[136.80605425410056,34.25113413503237],[136.80615830116471,34.251104774865496],[136.80643977997192,34.25179377516264]]],[[[136.85214944174345,34.251891667266705],[136.85205360638884,34.25207222505321],[136.851869442321,34.25201777470062],[136.85214944174345,34.251891667266705]]],[[[136.7925964977303,34.25424686490095],[136.79242730197848,34.25426608071513],[136.79231411240642,34.25413464030146],[136.79254605655535,34.25410113515932],[136.7925964977303,34.25424686490095]]],[[[136.79696894935762,34.25521958601513],[136.7965570823435,34.25515716227329],[136.79661267213714,34.25495008078167],[136.79696894935762,34.25521958601513]]],[[[136.79245169878698,34.25560725227291],[136.79257722435943,34.255710828991596],[136.7924278082968,34.255744972652394],[136.79245169878698,34.25560725227291]]],[[[136.79222072590585,34.255777865356265],[136.79180092057607,34.25576030609329],[136.79166167314781,34.25563886524151],[136.79217144035977,34.25566413529168],[136.79222072590585,34.255777865356265]]],[[[136.7847360048628,34.25782197310565],[136.78457905338064,34.25788653183804],[136.78455114112228,34.257791774770624],[136.7847360048628,34.25782197310565]]],[[[136.78468766540345,34.25796166659768],[136.7845223088575,34.258077829328386],[136.78427880662173,34.25797877530027],[136.784412580776,34.2578623598601],[136.78468766540345,34.25796166659768]]],[[[136.77491800266375,34.258161666827505],[136.77480236064048,34.258277612821644],[136.7746032165653,34.25809980156464],[136.77491800266375,34.258161666827505]]],[[[136.77586089506428,34.258383972942056],[136.7757523873629,34.25846344063535],[136.77569988314315,34.25825669369152],[136.7757966672824,34.2582470538585],[136.77586089506428,34.258383972942056]]],[[[136.7827981708989,34.258265387437746],[136.78273408610926,34.25850930605969],[136.78253208758588,34.25827141379477],[136.7827981708989,34.258265387437746]]],[[[136.77524616078176,34.258497107655444],[136.7750843844368,34.258413828635355],[136.77523291826458,34.25834286493131],[136.77524616078176,34.258497107655444]]],[[[136.78179491600258,34.258573279333405],[136.78155466931264,34.258320747904236],[136.7819893898985,34.25831636011196],[136.78179491600258,34.258573279333405]]],[[[136.78036922166234,34.258641667379095],[136.78039727601356,34.258490946400116],[136.7805547733841,34.258488135119364],[136.7805256416451,34.25862372140767],[136.78036922166234,34.258641667379095]]],[[[136.78002710786484,34.25864458567912],[136.78019024578327,34.25874389241676],[136.7799812451384,34.25881680225365],[136.77988199685672,34.25870769380509],[136.78002710786484,34.25864458567912]]],[[[136.77206703036927,34.25882730633515],[136.7720596109623,34.2586443599493],[136.77219194620147,34.25867858634774],[136.77206703036927,34.25882730633515]]],[[[136.77613736734565,34.25888346809762],[136.77603688699276,34.258878162097574],[136.77594374780574,34.25872738715924],[136.77605788616256,34.25871699998959],[136.77617527916584,34.25881399996615],[136.77613736734565,34.25888346809762]]],[[[136.7794605583581,34.25888105431727],[136.7788757463187,34.25861186474583],[136.77895600541535,34.25831799957609],[136.77952583744752,34.25853002733896],[136.7794605583581,34.25888105431727]]],[[[136.76944124471777,34.25892597275549],[136.76949494233781,34.259014693573306],[136.76925980469628,34.259042774904174],[136.76932963705315,34.25893722507294],[136.76944124471777,34.25892597275549]]],[[[136.77225228261682,34.259135558858986],[136.77216547285832,34.25900077476598],[136.77231208843216,34.25899122486521],[136.77225228261682,34.259135558858986]]],[[[136.78050027177017,34.25913472069084],[136.78033311298282,34.25912674820091],[136.78040747072828,34.25900735960204],[136.78050027177017,34.25913472069084]]],[[[136.77200033664633,34.25897722511888],[136.77207518811952,34.25913874785499],[136.77191194587965,34.259121667031366],[136.77200033664633,34.25897722511888]]],[[[136.76982224430117,34.259186000033935],[136.7697209473639,34.25918546763529],[136.76965094683385,34.25907205413205],[136.76977747065382,34.25904916188938],[136.76991824872823,34.25909146779708],[136.76982224430117,34.259186000033935]]],[[[136.7801861610626,34.25915853204066],[136.77998900089176,34.259033027152554],[136.7801150579636,34.25889077508924],[136.7801861610626,34.25915853204066]]],[[[136.7696321141308,34.25912553231751],[136.76951031085218,34.25928208090335],[136.76919133571164,34.25909586458255],[136.7696321141308,34.25912553231751]]],[[[136.77024457762525,34.259431559019276],[136.77009116677402,34.25934894639681],[136.77020513605828,34.25927313534697],[136.77024457762525,34.259431559019276]]],[[[136.76555919610007,34.25942097309951],[136.7653670298646,34.259446612771],[136.76543583699436,34.259310135254566],[136.76555919610007,34.25942097309951]]],[[[136.87240791189572,34.26466291895861],[136.87229863797188,34.26451116196063],[136.87251158214383,34.26442813475069],[136.87261496820634,34.2644825860026],[136.87240791189572,34.26466291895861]]],[[[136.83832308744059,34.265991134882995],[136.83734060958147,34.2651403870193],[136.83809630360156,34.264487107793855],[136.83932783431214,34.26489519765528],[136.83832308744059,34.265991134882995]]],[[[136.83276666664847,34.26622130556888],[136.83288938993348,34.26637591881365],[136.83263486380804,34.2664202787729],[136.83276666664847,34.26622130556888]]],[[[136.83443666721848,34.26856119764119],[136.83430216641193,34.26788666743579],[136.83504355401692,34.26764758626712],[136.83543425368794,34.268413829334804],[136.83443666721848,34.26856119764119]]],[[[136.8826069127789,34.268857640267925],[136.88265457774662,34.268930495246195],[136.88254919608858,34.26900697269366],[136.8824799995524,34.26892380159222],[136.8826069127789,34.268857640267925]]],[[[136.75439255527226,34.269023774727486],[136.7546443321703,34.269154748392964],[136.7545435280614,34.26924761328678],[136.75444036323222,34.269174748415935],[136.75439255527226,34.269023774727486]]],[[[136.83525121916853,34.269309251920504],[136.83513652413137,34.2693078651659],[136.83508647236283,34.26917630604174],[136.83519228299758,34.26908244110183],[136.83525121916853,34.269309251920504]]],[[[136.75018355362818,34.26946530587924],[136.74995413657416,34.269407135031315],[136.75007306112298,34.26932308079557],[136.75017795085182,34.269334279153725],[136.75018355362818,34.26946530587924]]],[[[136.8377718291067,34.26936822496367],[136.83832072582095,34.266880080551346],[136.8415509988796,34.26756013529206],[136.8377718291067,34.26936822496367]]],[[[136.7510445007032,34.26979569431592],[136.7508765244321,34.26979735986032],[136.75061635506086,34.2696918289148],[136.75087902724533,34.269615134730714],[136.7510445007032,34.26979569431592]]],[[[136.7498822438705,34.27000602685672],[136.7496826330471,34.27000661321466],[136.74975697820207,34.26985344068379],[136.7498822438705,34.27000602685672]]],[[[136.7492638385554,34.270048748251156],[136.7491721922429,34.27024619800369],[136.7490546949183,34.270147467731476],[136.7490547731593,34.27001108104662],[136.7492638385554,34.270048748251156]]],[[[136.75001427963537,34.27048186534586],[136.74971807982558,34.270377468445474],[136.7499109466329,34.27023005427361],[136.75001427963537,34.27048186534586]]],[[[136.75123603111797,34.27106102694489],[136.75124238662693,34.27116582943955],[136.7509319712335,34.27119549537588],[136.75096031066983,34.27101310836832],[136.75123603111797,34.27106102694489]]],[[[136.8790499996578,34.27110325191359],[136.8787970824195,34.27123044123192],[136.87877613541036,34.271084386835014],[136.8790499996578,34.27110325191359]]],[[[136.880816082896,34.271290774949364],[136.88058435818164,34.27133572126655],[136.88063827523627,34.27122625218982],[136.880816082896,34.271290774949364]]],[[[136.87949258121773,34.27105697280109],[136.879528223149,34.27127713493189],[136.879141025438,34.27133644072421],[136.87916311278752,34.27118391930247],[136.87949258121773,34.27105697280109]]],[[[136.81703102466213,34.270124197773555],[136.8172909206395,34.27053110772448],[136.81645688667606,34.27130227907696],[136.8168545273146,34.270143586257575],[136.81703102466213,34.270124197773555]]],[[[136.87973345023863,34.27107869412646],[136.8798953309049,34.27125286492782],[136.87955958520672,34.27134841429796],[136.87959919584625,34.27107494575222],[136.87973345023863,34.27107869412646]]],[[[136.7519133851946,34.27162827882205],[136.75174061014116,34.271529251773586],[136.7518597280441,34.27144325230432],[136.7519133851946,34.27162827882205]]],[[[136.8786925029567,34.27153089213704],[136.87863919564245,34.27166910804294],[136.87831274983364,34.27168802708081],[136.87833963686478,34.271486972845594],[136.8786925029567,34.27153089213704]]],[[[136.75166797729537,34.27256694620763],[136.75147885886236,34.27263825165403],[136.751463216954,34.27255189155659],[136.75166797729537,34.27256694620763]]],[[[136.75234878117135,34.27291074803264],[136.75185795098366,34.27280433305356],[136.7522779766474,34.27271419760217],[136.75234878117135,34.27291074803264]]],[[[136.82544542166897,34.27302846838916],[136.82478053219586,34.27233300016786],[136.82483817064508,34.27164227856838],[136.82518968865327,34.27163144083835],[136.82520243834188,34.272501640138614],[136.82544542166897,34.27302846838916]]],[[[136.75637197118954,34.27344874766163],[136.7562351879037,34.27340497316101],[136.75625883287887,34.273233081241756],[136.7564424123875,34.273323161834526],[136.75637197118954,34.27344874766163]]],[[[136.82190747075322,34.27350510817428],[136.82174639408083,34.27344605419211],[136.8218118548333,34.273290359962175],[136.82191866371545,34.273316693910374],[136.82190747075322,34.27350510817428]]],[[[136.88637116729558,34.27360953205431],[136.8865111926375,34.27362258571384],[136.88648817089245,34.27374753212297],[136.8862222827322,34.27367155919518],[136.88637116729558,34.27360953205431]]],[[[136.88222547342696,34.27376899983955],[136.88199758791836,34.27376558601304],[136.88207302215233,34.27358591855534],[136.88226044086673,34.27365416181016],[136.88222547342696,34.27376899983955]]],[[[136.88311330663385,34.273763864710645],[136.88298644556812,34.27361574816831],[136.88321204859722,34.27363044129186],[136.88311330663385,34.273763864710645]]],[[[136.8826659397813,34.27358219806007],[136.88278569440433,34.27364046783339],[136.8829546428426,34.27379386519476],[136.8826803631083,34.2737239725833],[136.8826659397813,34.27358219806007]]],[[[136.8980907778672,34.27380225227216],[136.89809469531406,34.27389525206428],[136.89790999974673,34.27387713522165],[136.89794014322308,34.27380172077284],[136.8980907778672,34.27380225227216]]],[[[136.8974074190172,34.27383953186893],[136.89713527877018,34.273901026611156],[136.89691680916349,34.27378036007559],[136.8974074190172,34.27383953186893]]],[[[136.90006972793572,34.2739521620627],[136.9000636710017,34.27406472120998],[136.8999133331339,34.27404202681811],[136.89989561559025,34.273968586381216],[136.90006972793572,34.2739521620627]]],[[[136.89784513614416,34.27412138659275],[136.89829586286385,34.27422580237891],[136.89830108882427,34.27433044119698],[136.8978668871472,34.274265467877115],[136.89784513614416,34.27412138659275]]],[[[136.89779661502178,34.2743276398088],[136.89830055822426,34.274392828965915],[136.89783619958098,34.27456708070628],[136.89779661502178,34.2743276398088]]],[[[136.8986603625857,34.27539413503138],[136.89847535675233,34.27539974770025],[136.89836267170006,34.275259027182415],[136.89864083021018,34.275293053931364],[136.8986603625857,34.27539413503138]]],[[[136.82911557742204,34.275315081026235],[136.8291545783212,34.275451305833144],[136.82902369638657,34.275515387025564],[136.82902036259975,34.27534008127975],[136.82911557742204,34.275315081026235]]],[[[136.89008189416415,34.2755889191933],[136.8898575879574,34.275687278944815],[136.88978824932826,34.275539585983154],[136.89008189416415,34.2755889191933]]],[[[136.8905407777347,34.27562372115784],[136.89057603115896,34.27572308095546],[136.8904114786069,34.27571182863801],[136.8904312843763,34.27556935983813],[136.8905407777347,34.27562372115784]]],[[[136.90038367136935,34.27574338674793],[136.90014102528812,34.275689531746536],[136.90031680857396,34.27554202674321],[136.90067525316044,34.27567091937749],[136.90038367136935,34.27574338674793]]],[[[136.8941229959795,34.27596519823538],[136.89382795089932,34.275780721203375],[136.8941630221059,34.275705161963685],[136.8941229959795,34.27596519823538]]],[[[136.80331016892922,34.27732630596432],[136.80275622611896,34.27564005374552],[136.80657905258124,34.27377977461697],[136.80522416276494,34.27637694563958],[136.80331016892922,34.27732630596432]]],[[[136.7832062778475,34.27734049456819],[136.78308163361055,34.277462721427526],[136.78300980475876,34.27734122481775],[136.7832062778475,34.27734049456819]]],[[[136.76327827527223,34.27756189236749],[136.7633451362691,34.27771366735192],[136.76314338505927,34.2777053603142],[136.76327827527223,34.27756189236749]]],[[[136.76298647224792,34.27800710804166],[136.76282552507803,34.277959414295594],[136.76291092110216,34.27771222483938],[136.76301069998385,34.277827640233454],[136.76298647224792,34.27800710804166]]],[[[136.9019865501392,34.278330640047045],[136.90189457827228,34.27814858578864],[136.90210930040394,34.27815908087695],[136.9019865501392,34.278330640047045]]],[[[136.7653933332358,34.27818097307352],[136.76525089501285,34.27835397295752],[136.76517383930127,34.27818061334466],[136.7653933332358,34.27818097307352]]],[[[136.76504175137575,34.27852574796492],[136.76488280160004,34.27847335975781],[136.76506922206704,34.27839449461027],[136.76504175137575,34.27852574796492]]],[[[136.76549977969114,34.27855353162022],[136.76546955887306,34.278443027423805],[136.76556581061368,34.278373999960195],[136.76564282675508,34.27847386517681],[136.76549977969114,34.27855353162022]]],[[[136.7715396373444,34.27888277521993],[136.77144500618215,34.278889585785805],[136.77145807962677,34.2787299462301],[136.77163724975935,34.27879525229912],[136.7715396373444,34.27888277521993]]],[[[136.90108978036915,34.280371198172304],[136.9010228015611,34.2804276666036],[136.9008688592105,34.28033091933651],[136.90107866384938,34.280287359773865],[136.90108978036915,34.280371198172304]]],[[[136.9083925550724,34.2808308920321],[136.90808980460088,34.28072513535676],[136.9082497796037,34.28060377544392],[136.90847999975222,34.280641198032924],[136.9083925550724,34.2808308920321]]],[[[136.90314883305223,34.28109153174887],[136.90312335885596,34.28116564038203],[136.90297038867254,34.28119127915426],[136.90297330697263,34.28108991926439],[136.90314883305223,34.28109153174887]]],[[[136.83025555085305,34.285432495413374],[136.83006555108443,34.285365000394506],[136.83002472096416,34.285246666700345],[136.83041167316026,34.28530861290221],[136.83025555085305,34.285432495413374]]],[[[136.9005862256738,34.285487720981564],[136.90045069964015,34.285593467764386],[136.90037333276314,34.28550758610629],[136.9005862256738,34.285487720981564]]],[[[136.90055710832394,34.28590569439234],[136.9003870042569,34.285863494604655],[136.90020858595756,34.28568349529712],[136.9005257201859,34.28572174796034],[136.90055710832394,34.28590569439234]]],[[[136.83073944187186,34.28600705428221],[136.83056861205182,34.28595446822419],[136.83065927360667,34.28579555891798],[136.83082975359036,34.28572525171904],[136.83073944187186,34.28600705428221]]],[[[136.82549891064627,34.28640966727238],[136.8230519965524,34.286442532097226],[136.82439538314043,34.285144748331504],[136.82549891064627,34.28640966727238]]],[[[136.89835461737175,34.28686225199141],[136.89799182905972,34.28674113489552],[136.8983229180683,34.286527224851625],[136.89835461737175,34.28686225199141]]],[[[136.8331438387172,34.28709538684268],[136.83227141359498,34.28794308060873],[136.8319429182311,34.286760134872395],[136.8331438387172,34.28709538684268]]],[[[136.83120236070044,34.28840255863122],[136.83079700387873,34.28800386488649],[136.83132885933946,34.287932802257046],[136.83120236070044,34.28840255863122]]],[[[136.8187396367249,34.288368360111804],[136.81877075236844,34.28865377525159],[136.81851396894456,34.28848580167846],[136.8187396367249,34.288368360111804]]],[[[136.82546464287907,34.28841591895957],[136.82541379970712,34.28866033310794],[136.82521647226247,34.28849433264736],[136.82546464287907,34.28841591895957]]],[[[136.8273961609042,34.28820186502412],[136.8276115296485,34.2887633333612],[136.82690442330056,34.289161613417775],[136.82632691285676,34.288310585864906],[136.8273961609042,34.28820186502412]]],[[[136.89486655005135,34.28948664009641],[136.89481778161542,34.289620441230454],[136.894684967937,34.28956225239608],[136.8946891956499,34.289458360015374],[136.89486655005135,34.28948664009641]]],[[[136.80823625220137,34.29063480185465],[136.80846031109456,34.29076946813649],[136.8080485861734,34.29087666732437],[136.80823625220137,34.29063480185465]]],[[[136.8309041625971,34.291386531663136],[136.82812250285133,34.29058377522108],[136.82969535685527,34.289127162188834],[136.8309041625971,34.291386531663136]]],[[[136.76298272387362,34.29161619782934],[136.76289533135457,34.29148041369018],[136.76319914392536,34.2915029731837],[136.7630955770993,34.29161794611139],[136.76298272387362,34.29161619782934]]],[[[136.8231639171811,34.2925844681987],[136.82310158157281,34.29233958640282],[136.8232658634289,34.292309801756005],[136.82335713382474,34.2925368293113],[136.8231639171811,34.2925844681987]]],[[[136.8214278083467,34.29308574760921],[136.82113216611663,34.29241074795772],[136.82164364473851,34.29259494619987],[136.8214278083467,34.29308574760921]]],[[[136.74965208757385,34.292997278601604],[136.74970766477702,34.29314180235235],[136.74960944172244,34.293210999787846],[136.7495192478151,34.29308625212889],[136.74965208757385,34.292997278601604]]],[[[136.89706221784718,34.29306827917782],[136.8973354471732,34.2931327209983],[136.8972231910975,34.2933745316094],[136.89696878098448,34.293291721136086],[136.89706221784718,34.29306827917782]]],[[[136.81786805426736,34.2931408292859],[136.8117518549642,34.28957091916266],[136.81233569393714,34.287235198145936],[136.8165491049573,34.28918472059843],[136.81813108887866,34.289973134652485],[136.81811824925785,34.28890769433468],[136.82036007835495,34.28819797275827],[136.8205128920564,34.29134710808262],[136.81786805426736,34.2931408292859]]],[[[136.89603817062516,34.29318466673902],[136.8961159143181,34.2933968653731],[136.89590077759885,34.29337102695138],[136.89603817062516,34.29318466673902]]],[[[136.89685625241418,34.29309699992666],[136.89695771662537,34.29347689244469],[136.8967616338424,34.29343361257122],[136.89663963720955,34.293054774957966],[136.89685625241418,34.29309699992666]]],[[[136.89646075216206,34.293476558796215],[136.8961953829106,34.293455162126065],[136.89628652380406,34.29321080193699],[136.89646031059488,34.29323991928692],[136.89646075216206,34.293476558796215]]],[[[136.74830221777324,34.29333105388508],[136.74834513611916,34.293554467964384],[136.7481132558222,34.293567161895055],[136.7480087546004,34.293360973430254],[136.74830221777324,34.29333105388508]]],[[[136.74893527933978,34.29350308070269],[136.7488090010346,34.293581387371205],[136.74877488974937,34.293445828961865],[136.74893527933978,34.29350308070269]]],[[[136.89527693857997,34.293666694362514],[136.8952820233468,34.29395353222981],[136.8950955246388,34.293911801888214],[136.89511583672652,34.29376910825778],[136.89527693857997,34.293666694362514]]],[[[136.89558744480485,34.293908108372534],[136.89564508415333,34.293956721225754],[136.89560247697284,34.29408613456752],[136.8954753308219,34.29398997275911],[136.89558744480485,34.293908108372534]]],[[[136.81676252936734,34.29456986460764],[136.8149377168022,34.293751252218556],[136.81506885864098,34.29335900031765],[136.81676252936734,34.29456986460764]]],[[[136.8223531387864,34.295659666660356],[136.82406391731604,34.29303325238277],[136.82262763885456,34.2913242787925],[136.82581092143698,34.288703162421086],[136.82648686087998,34.29079099970494],[136.8249313880732,34.294433000382696],[136.8223531387864,34.295659666660356]]],[[[136.77288291781247,34.296087225045426],[136.7726096633054,34.296105081084704],[136.7725881056566,34.29594700005407],[136.77282172524247,34.295975720802915],[136.77288291781247,34.296087225045426]]],[[[136.88926717314155,34.29678653157322],[136.8891414793958,34.29684944094902],[136.88899693855797,34.296853918673435],[136.88904119329652,34.29673244094943],[136.88926717314155,34.29678653157322]]],[[[136.8169754465597,34.29715191892598],[136.81620510977802,34.29673294636842],[136.81664058399576,34.295530107628394],[136.81767713359295,34.29620672066369],[136.8169754465597,34.29715191892598]]],[[[136.7392127239881,34.298530666856834],[136.73921333282908,34.2986383867522],[136.7389137479712,34.298716829218336],[136.7390525286513,34.298562639554234],[136.7392127239881,34.298530666856834]]],[[[136.88552496820273,34.30027091886785],[136.88550566785239,34.30020155865503],[136.88576053212296,34.30019177493051],[136.88580430572415,34.30026213518943],[136.88552496820273,34.30027091886785]]],[[[136.8248150059079,34.30027489207265],[136.8230016084375,34.2984176400621],[136.82010289203492,34.29695313457955],[136.8232538385938,34.29655461260535],[136.82471885938787,34.29812930572291],[136.8248150059079,34.30027489207265]]],[[[136.88823666698863,34.300674198255706],[136.88814697760097,34.30077069371259],[136.8879726979817,34.30077655909099],[136.88798138813058,34.300673162236706],[136.88823666698863,34.300674198255706]]],[[[136.8880385859121,34.30102905364794],[136.8878661094335,34.300900748270976],[136.8882816079099,34.30081497273284],[136.8880385859121,34.30102905364794]]],[[[136.82483902679974,34.30118853222501],[136.82412586261853,34.301179440978444],[136.82419182878994,34.30093658625452],[136.82440949440274,34.301088559089806],[136.82483902679974,34.30118853222501]]],[[[136.8880622182968,34.30143925241964],[136.887894695284,34.3013449998719],[136.88802963675835,34.30125449479914],[136.88812241172002,34.30130574806185],[136.8880622182968,34.30143925241964]]],[[[136.72929169905274,34.30137366666145],[136.72942610902783,34.301515774833206],[136.7293170563371,34.301553999617454],[136.72922664119665,34.30146266716838],[136.72929169905274,34.30137366666145]]],[[[136.81654999978275,34.30106555892843],[136.81287000005057,34.30073653206534],[136.8131486118191,34.29936938718754],[136.81654999978275,34.30106555892843]]],[[[136.88815136179596,34.30237233321668],[136.88803946814699,34.30212610783366],[136.88868841803617,34.30219436008173],[136.8885277820316,34.3023409459779],[136.88815136179596,34.30237233321668]]],[[[136.89006946823145,34.3024075587619],[136.88987827506242,34.3023974683685],[136.8898743324346,34.30224966658892],[136.89003702968523,34.30226838687662],[136.89006946823145,34.3024075587619]]],[[[136.8887031129584,34.30249580203969],[136.8883976393397,34.30247746756112],[136.88839380013383,34.30240122483673],[136.88868688739,34.302420559361394],[136.8887031129584,34.30249580203969]]],[[[136.81873180273055,34.30265402696182],[136.81997325566124,34.29928430592605],[136.82206383857533,34.299970801611266],[136.81873180273055,34.30265402696182]]],[[[136.88881919564938,34.302747945861086],[136.88862516242136,34.302728333445884],[136.888556004556,34.302555107832006],[136.88884933912573,34.30266972103084],[136.88881919564938,34.302747945861086]]],[[[136.89005416266957,34.302790161836526],[136.88984105122358,34.30274286469148],[136.88989946758647,34.30254346790679],[136.8900760305844,34.302474586133314],[136.89005416266957,34.302790161836526]]],[[[136.82450749712336,34.30492194629085],[136.8244736061721,34.30508555905135],[136.82438555085253,34.30504610759186],[136.82450749712336,34.30492194629085]]],[[[136.80511275025333,34.30520927878524],[136.80489014286582,34.30503910816839],[136.80517527921586,34.30496655895956],[136.80511275025333,34.30520927878524]]],[[[136.82771571970477,34.307172306356904],[136.82730788615004,34.30757210806638],[136.82711367125899,34.307396440793184],[136.8273748640588,34.30720986474353],[136.82771571970477,34.307172306356904]]],[[[136.80080783411427,34.3098956126924],[136.79937386511187,34.31040344096607],[136.79916924776262,34.3092648650815],[136.80050616103063,34.30881174796383],[136.80080783411427,34.3098956126924]]],[[[136.8201784179996,34.3114463595619],[136.8133804669351,34.30921133293674],[136.81107005194144,34.30621802674057],[136.8143997279651,34.304760586332065],[136.82231819742697,34.30493489203167],[136.82629713360586,34.3070231349098],[136.82426581061873,34.31063089210204],[136.8201784179996,34.3114463595619]]],[[[136.8208651618978,34.312406865184755],[136.82086775644188,34.312215000222125],[136.82106919558692,34.312113305784465],[136.82103732811026,34.31233638711461],[136.8208651618978,34.312406865184755]]],[[[136.8928167828683,34.31284905374088],[136.89276360595568,34.31277461325783],[136.8931109214319,34.31271755936791],[136.8930297801004,34.31280297337855],[136.8928167828683,34.31284905374088]]],[[[136.89352408616776,34.31593464027151],[136.8934245006402,34.315795359568256],[136.89356211400047,34.315690414081416],[136.89374719807483,34.315805892428045],[136.89352408616776,34.31593464027151]]],[[[136.8915286119559,34.31649586489232],[136.89124608274062,34.31637982896598],[136.89144022028995,34.316253720632744],[136.8915286119559,34.31649586489232]]],[[[136.892383502097,34.31654516212956],[136.89246105063705,34.31658555877658],[136.89239066070047,34.31669974839474],[136.89228236074246,34.31663110763958],[136.892383502097,34.31654516212956]]],[[[136.8903987549986,34.31816291928334],[136.8902934111121,34.31834597268852],[136.8901259663403,34.318128918614775],[136.8903987549986,34.31816291928334]]],[[[136.88691082977107,34.32829166692693],[136.8869174973447,34.32841861342831],[136.88676610906873,34.32840916155362],[136.88680360630144,34.32830666671936],[136.88691082977107,34.32829166692693]]],[[[136.88638527855778,34.32851582924218],[136.88638693870632,34.32861582935709],[136.88621583729116,34.3285955586382],[136.88622250306616,34.32850249499421],[136.88638527855778,34.32851582924218]]],[[[136.88827852143663,34.34577261331549],[136.88820472127088,34.34590538742373],[136.88807358033148,34.345858558825455],[136.88818158171466,34.34576310838082],[136.88827852143663,34.34577261331549]]],[[[136.88777469514616,34.346993972693724],[136.88749364531554,34.34699653216427],[136.8876243320973,34.34685658596271],[136.88777469514616,34.346993972693724]]],[[[136.8883914142325,34.34691113524076],[136.88815533140348,34.34707574804736],[136.8881871727998,34.346877999719936],[136.8883914142325,34.34691113524076]]],[[[136.8924667829158,34.347396198076126],[136.89256778217748,34.34750210763622],[136.89240105056808,34.3476673868405],[136.89223444936044,34.34755474765353],[136.8924667829158,34.347396198076126]]],[[[136.89246833964228,34.34803544068308],[136.8923749684301,34.34809780237174],[136.89218713422895,34.34797286495581],[136.89232625215493,34.34787953241454],[136.89246833964228,34.34803544068308]]],[[[136.89194041511814,34.34816966719643],[136.89201258121568,34.348046693899846],[136.89211108935535,34.34814019821164],[136.89194041511814,34.34816966719643]]],[[[136.89186508430623,34.34836446844554],[136.892090052414,34.34858653174308],[136.89201399494993,34.34872436004122],[136.89168233487192,34.34844299994455],[136.89186508430623,34.34836446844554]]],[[[136.89340204906534,34.34923849526041],[136.89308189401424,34.34944800042496],[136.8925733588735,34.3490855862309],[136.89249800288064,34.34874266664082],[136.89323136223766,34.34838274806543],[136.8929124770292,34.349040747832305],[136.89340204906534,34.34923849526041]]],[[[136.89378569355495,34.34971502712688],[136.89346411217912,34.34969727900625],[136.89373861224726,34.349580054176215],[136.89378569355495,34.34971502712688]]],[[[136.90316661534712,34.355946333356655],[136.9030556938652,34.35605389227334],[136.9029513095553,34.35593863965653],[136.9030858634219,34.35589572131056],[136.90316661534712,34.355946333356655]]],[[[136.9037316728785,34.358438864661935],[136.903751361736,34.35821766741145],[136.9039918944104,34.35823382912798],[136.90395433242657,34.35841053242018],[136.9037316728785,34.358438864661935]]],[[[136.904625863393,34.35882838712041],[136.90445577191645,34.358610306020864],[136.9047121659338,34.35843449485611],[136.9047845011039,34.358640775051754],[136.904625863393,34.35882838712041]]],[[[136.90871574623475,34.36475755891428],[136.90853077817292,34.364723107685336],[136.9086637222531,34.36455094596943],[136.9088109205876,34.36461149462485],[136.90871574623475,34.36475755891428]]],[[[136.90996761331473,34.36491791882696],[136.9098926071582,34.36505946762037],[136.90979752273756,34.36495353197995],[136.90996761331473,34.36491791882696]]],[[[136.89622586273344,34.36544527857677],[136.89617452673303,34.36551461270926],[136.89572778221145,34.365287198445515],[136.8957791442922,34.3652178292395],[136.89622586273344,34.36544527857677]]],[[[136.89671557686245,34.3657446134232],[136.89666019481217,34.3658127208804],[136.89622379968864,34.36556844073101],[136.89627930044946,34.365500333273815],[136.89671557686245,34.3657446134232]]],[[[136.8972195326554,34.36601577520793],[136.89716613540884,34.366084693853566],[136.8967235277687,34.36584902741072],[136.89677683508296,34.36578010786576],[136.8972195326554,34.36601577520793]]],[[[136.90606966288465,34.366762494893294],[136.90596717344636,34.36688641427662],[136.90583469521505,34.36684005422518],[136.90595238679327,34.36673389195562],[136.90606966288465,34.366762494893294]]],[[[136.8763292995576,34.367795558718115],[136.87054138787482,34.3675123334275],[136.8665543317171,34.36576369433908],[136.86770130996752,34.362915667324216],[136.873669338769,34.357781107712015],[136.8769580290898,34.36167182939147],[136.8763292995576,34.367795558718115]]],[[[136.87778613472244,34.37070182942591],[136.87791583674652,34.37075419784799],[136.8778535802786,34.37094630562757],[136.87764450139264,34.37084141410003],[136.87778613472244,34.37070182942591]]],[[[136.87632158157578,34.375125946205515],[136.87590907874107,34.37509580182984],[136.87609325629876,34.374883721006995],[136.87632158157578,34.375125946205515]]],[[[136.68107669333483,35.006651720700404],[136.6809271081995,35.0066896127355],[136.6805739687137,35.00662046835998],[136.68045513589584,35.00649061255177],[136.6809107000688,35.00657289242508],[136.68107669333483,35.006651720700404]]],[[[136.68323002644468,35.00773605397575],[136.68300199704458,35.00789077513923],[136.68289422768657,35.007842693785335],[136.6832086639488,35.00763125238046],[136.68323002644468,35.00773605397575]]],[[[136.3812023220296,34.182752396306114],[136.38081763882303,34.18260986455368],[136.38086713391112,34.18215305392033],[136.381598197299,34.18229486531584],[136.3812023220296,34.182752396306114]]],[[[136.38116571962235,34.1841052338695],[136.38144603110948,34.18362853203121],[136.38187927410922,34.18426719817273],[136.38116571962235,34.1841052338695]]],[[[136.3811851485758,34.185770882620204],[136.38118188133876,34.18558255019457],[136.38133360596123,34.185650494874494],[136.3811851485758,34.185770882620204]]],[[[136.38182027228777,34.18718527877763],[136.38181372162603,34.187370495052335],[136.38155044060045,34.18727791884095],[136.38182027228777,34.18718527877763]]],[[[136.38104735355262,34.18723976600245],[136.38077472137638,34.187277161611746],[136.38083066100626,34.18702753229485],[136.38132416307974,34.18719097328483],[136.38142552476825,34.18734033269027],[136.3811199738078,34.18742880169788],[136.38104735355262,34.18723976600245]]],[[[136.39565377440226,34.187460892206445],[136.3954966673374,34.18734249466047],[136.39554416323256,34.187288054200394],[136.39569472143432,34.18733749532919],[136.39565377440226,34.187460892206445]]],[[[136.4003669386833,34.19018425160198],[136.40014610925562,34.1897874680173],[136.40123688707274,34.18980400025447],[136.40109136237652,34.19014105356683],[136.4003669386833,34.19018425160198]]],[[[136.39908977996947,34.190308612552485],[136.39862121879423,34.190313639762735],[136.39884457801497,34.18975833268098],[136.39947038924709,34.19014958633437],[136.39908977996947,34.190308612552485]]],[[[136.4000593903287,34.1901464953645],[136.40008717308467,34.19030416180766],[136.39993124503098,34.19035202732425],[136.39995169921167,34.190198774753696],[136.4000593903287,34.1901464953645]]],[[[136.39844647242683,34.190436918828766],[136.39827038876751,34.190394747819425],[136.3983619460471,34.19029599956076],[136.39844647242683,34.190436918828766]]],[[[136.39948508416933,34.1904128916417],[136.39944075208905,34.19046858575666],[136.3991448904244,34.19049397271874],[136.39918527897748,34.190383748211445],[136.3993353830216,34.19034855863913],[136.39948508416933,34.1904128916417]]],[[[136.38080160840752,34.19178716184808],[136.38048313868592,34.191875252241175],[136.38045116688795,34.191596748391305],[136.38080160840752,34.19178716184808]]],[[[136.38007504522727,34.19188786523284],[136.3795702197899,34.191726972921515],[136.37960800300698,34.19141725180475],[136.38007141376477,34.191687559233515],[136.38007504522727,34.19188786523284]]],[[[136.4035560308862,34.19193613544434],[136.40326011706077,34.19205999996905],[136.4033707255786,34.19188994626404],[136.4035560308862,34.19193613544434]]],[[[136.40279341118708,34.19205225230962],[136.4029253309393,34.19191358584334],[136.40321756204094,34.19201189163556],[136.40298894898092,34.1920763874154],[136.40279341118708,34.19205225230962]]],[[[136.40398294355805,34.1924521349581],[136.40407632915935,34.19258680213926],[136.40391007778794,34.19258049519374],[136.40398294355805,34.1924521349581]]],[[[136.38146418932092,34.1924830266704],[136.38114486434404,34.1926702790102],[136.38022155558042,34.19221758637258],[136.38042914428968,34.19202777456218],[136.38146418932092,34.1924830266704]]],[[[136.4033165890894,34.19273616244402],[136.40256963737897,34.19274674836379],[136.4024416080938,34.19212966685069],[136.40357389142207,34.19229066708067],[136.4033165890894,34.19273616244402]]],[[[136.38118758843655,34.19358049544354],[136.3808647210301,34.193542080902375],[136.3808718940228,34.19342008067224],[136.38106455308673,34.19346538671829],[136.38118758843655,34.19358049544354]]],[[[136.38012910527402,34.19426941390236],[136.3799096113396,34.19410169393808],[136.38015033736826,34.194068224768785],[136.38012910527402,34.19426941390236]]],[[[136.3807640338332,34.194239864877886],[136.38023600498775,34.194296414248186],[136.3803024765781,34.19412030630713],[136.3807640338332,34.194239864877886]]],[[[136.37622430560725,34.19582010771188],[136.3765109474224,34.19588505405204],[136.37613968929531,34.196065865447395],[136.37622430560725,34.19582010771188]]],[[[136.37646304773148,34.19565529705437],[136.3791276652097,34.193668000377954],[136.37897027216036,34.195717081378234],[136.37646304773148,34.19565529705437]]],[[[136.3765351877488,34.19618636021238],[136.3764210251103,34.1962302786045],[136.37628442258813,34.196180027186585],[136.3765233068052,34.19610086526279],[136.3765351877488,34.19618636021238]]],[[[136.37908717323455,34.196160666581534],[136.3790733326682,34.1962659996762],[136.37895535690427,34.19626213528937],[136.37893769062202,34.196171864939686],[136.37908717323455,34.196160666581534]]],[[[136.3794030870829,34.19624453195962],[136.3792561999138,34.19622461287565],[136.37915522673234,34.196139081053786],[136.3792939948221,34.1960663600745],[136.3794030870829,34.19624453195962]]],[[[136.4037061349303,34.19645563971608],[136.4024776394316,34.19599499976948],[136.40318158196453,34.195713108173436],[136.40406858599647,34.19607769423027],[136.4037061349303,34.19645563971608]]],[[[136.40285330693462,34.196479441173324],[136.40296383901,34.19640138721428],[136.403089273751,34.19651953205084],[136.4030031393835,34.196589585640936],[136.40285330693462,34.196479441173324]]],[[[136.39748610889683,34.20242694564706],[136.39749944224548,34.202260667296],[136.39775236128253,34.20244016208386],[136.39748610889683,34.20242694564706]]],[[[136.39866566778642,34.20248055873083],[136.39882583704286,34.20257480228537],[136.39873605682362,34.202634054118334],[136.3985914143624,34.202567080706274],[136.39866566778642,34.20248055873083]]],[[[136.3999691442607,34.202603972695215],[136.3998552271371,34.20267972079256],[136.3997410249284,34.20262030618221],[136.39974839217462,34.20252589175658],[136.3999691442607,34.202603972695215]]],[[[136.39961286614096,34.202711892240075],[136.3993828267561,34.20280746769055],[136.39923807997343,34.20246146792243],[136.39944294373697,34.20253013475798],[136.39961286614096,34.202711892240075]]],[[[136.39920394260798,34.20298064024439],[136.3990335282748,34.202988387004496],[136.39908444878836,34.20287905372538],[136.39920394260798,34.20298064024439]]],[[[136.39626216576642,34.203391721250966],[136.39595800335928,34.2033648647967],[136.39608321686705,34.2031529458518],[136.39626216576642,34.203391721250966]]],[[[136.38428647234286,34.20366008074819],[136.38402808003195,34.203584802097],[136.38428608293646,34.20343072125081],[136.38428647234286,34.20366008074819]]],[[[136.38392591434956,34.204407467730505],[136.38388250317507,34.20449946837584],[136.38362924779165,34.20438574820378],[136.383862801727,34.20429558577274],[136.38392591434956,34.204407467730505]]],[[[136.402652866037,34.2050491349097],[136.40223727582963,34.20500866721625],[136.40215518841126,34.204819865344575],[136.40232250278132,34.204448865322945],[136.40251472117745,34.2046158289574],[136.40239693876777,34.20483638678985],[136.402652866037,34.2050491349097]]],[[[136.40101111497108,34.205226332829056],[136.40109522676335,34.20486380172315],[136.40124847034065,34.205031919187775],[136.40101111497108,34.205226332829056]]],[[[136.4078544746044,34.20597058567404],[136.407682749959,34.20596033340274],[136.40775620028853,34.20584477501643],[136.4079551618014,34.205856828629805],[136.4078544746044,34.20597058567404]]],[[[136.40906352765978,34.20623549537186],[136.40911372242044,34.206047081107954],[136.40940944199224,34.20612019778895],[136.40940372230398,34.20621172089426],[136.40906352765978,34.20623549537186]]],[[[136.40791247727907,34.206140973027516],[136.40784608303034,34.20632338701478],[136.40776780783813,34.206294080807254],[136.40781299607295,34.20614761272219],[136.40791247727907,34.206140973027516]]],[[[136.40983516216306,34.206343440997045],[136.40972477307992,34.20631561327497],[136.4099025546592,34.20609791888393],[136.40996530485495,34.20615241420262],[136.40983516216306,34.206343440997045]]],[[[136.40429102521068,34.20610689231927],[136.40434357979245,34.206270720917075],[136.40420747099802,34.20635761341316],[136.4042130216137,34.20617638743039],[136.40429102521068,34.20610689231927]]],[[[136.40670674362138,34.206229999614834],[136.40673250290274,34.20639199989091],[136.40657286604494,34.20632427914222],[136.40670674362138,34.206229999614834]]],[[[136.4089513102548,34.206302666634826],[136.4092825809264,34.206455467745684],[136.40905325560334,34.20651141367085],[136.4089513102548,34.206302666634826]]],[[[136.4076511927484,34.20630302726295],[136.40776822332487,34.20642661299786],[136.4075776129166,34.20646213531933],[136.4076511927484,34.20630302726295]]],[[[136.40653910459605,34.206528251677526],[136.40628408564214,34.20652566702597],[136.406386135312,34.20641958569536],[136.40653910459605,34.206528251677526]]],[[[136.40788131037425,34.20636061265219],[136.40798922182523,34.20644030607531],[136.40798910491333,34.206576440950016],[136.40782408561313,34.206487640092575],[136.40788131037425,34.20636061265219]]],[[[136.4096118551031,34.20666416172173],[136.40926403420792,34.20654497277235],[136.40956041478137,34.206416054057684],[136.4096118551031,34.20666416172173]]],[[[136.4107481970717,34.20678722495052],[136.41064055811535,34.20669825232255],[136.41075894936614,34.20638841429394],[136.41097880662664,34.20652210840865],[136.4107481970717,34.20678722495052]]],[[[136.40869847035822,34.20668236040268],[136.4082451356046,34.206628892109734],[136.40808741879937,34.20609991897612],[136.40851797732284,34.20611577492315],[136.40843130965732,34.20645886538438],[136.40869847035822,34.20668236040268]]],[[[136.3835348378625,34.206683305590104],[136.38364747075423,34.20678086494502],[136.38353099865674,34.20684135964109],[136.3834536056994,34.2067206130659],[136.3835348378625,34.206683305590104]]],[[[136.41357150532076,34.206974999796444],[136.4133370556607,34.20694225188345],[136.4133791439324,34.20682564039106],[136.41357150532076,34.206974999796444]]],[[[136.41193674378576,34.207561026819974],[136.41176143983864,34.20726302656749],[136.41191642000683,34.207219494883816],[136.4121469387303,34.20740427858465],[136.41193674378576,34.207561026819974]]],[[[136.4126669779987,34.207587973206444],[136.41242900119755,34.20747625222731],[136.41249452670115,34.207341333236],[136.41265494237177,34.20743663978914],[136.4126669779987,34.207587973206444]]],[[[136.41320364483238,34.207817973021065],[136.41303513616265,34.20769249511261],[136.41313744483728,34.20757746822562],[136.4132617509291,34.20769786496453],[136.41320364483238,34.207817973021065]]],[[[136.38618888470933,34.20800641426467],[136.38623066091634,34.20814991908355],[136.3860740601698,34.20809927915843],[136.38618888470933,34.20800641426467]]],[[[136.41309819662456,34.20831419824168],[136.41298291792737,34.20824569418352],[136.41294980488965,34.20795377514668],[136.4131864983583,34.20810877509996],[136.41309819662456,34.20831419824168]]],[[[136.4134613356722,34.20890008137371],[136.41341574633964,34.20892205360991],[136.41314063563186,34.208809721091825],[136.41322230936214,34.208755559421604],[136.41347547301473,34.20881808118952],[136.4134613356722,34.20890008137371]]],[[[136.3861407520941,34.20994461335329],[136.38598014306922,34.20991916164007],[136.38595011740404,34.20983153169988],[136.38608603104558,34.209797198282104],[136.3861407520941,34.20994461335329]]],[[[136.4146286116212,34.21050897301075],[136.41450552501,34.210411386676185],[136.4146406355569,34.21036864010074],[136.4146286116212,34.21050897301075]]],[[[136.41510771734738,34.210902251937455],[136.41483713382672,34.21072069410479],[136.41505775641042,34.21062725184623],[136.41510771734738,34.210902251937455]]],[[[136.42999630408622,34.21279566658677],[136.4295843057712,34.212766721007426],[136.42914494198556,34.212479224836386],[136.42938518777623,34.21230535980459],[136.42999630408622,34.21279566658677]]],[[[136.42514975415793,34.2129536666784],[136.42519569422598,34.21304853166447],[136.42509291790395,34.21308919810804],[136.4250145266991,34.21301444106365],[136.42514975415793,34.2129536666784]]],[[[136.42448335921972,34.213072558851536],[136.42429503219,34.21286780210744],[136.42452333318533,34.21288622471957],[136.42448335921972,34.213072558851536]]],[[[136.42896824858587,34.212966053940306],[136.4291114404407,34.213085386781245],[136.42902992229313,34.213145612580036],[136.42890836632807,34.21305480173777],[136.42896824858587,34.212966053940306]]],[[[136.43333333296698,34.2132262790696],[136.4327214135625,34.21304482915559],[136.43288905258783,34.212930748355404],[136.43335481237477,34.213053414083845],[136.43333333296698,34.2132262790696]]],[[[136.4287406355719,34.21324058638402],[136.42839228317735,34.213173801829555],[136.42840167299892,34.21295019799328],[136.42863247680748,34.21300933291445],[136.4287406355719,34.21324058638402]]],[[[136.42793311272305,34.21336844120066],[136.42776019467726,34.213360666561584],[136.4278721917483,34.21318869370333],[136.4280824118739,34.21329616178849],[136.42793311272305,34.21336844120066]]],[[[136.42947250295367,34.21340300034825],[136.42913858557733,34.21319041410635],[136.42930124505642,34.21301936035525],[136.42954966298657,34.21314749486106],[136.42947250295367,34.21340300034825]]],[[[136.42845591380944,34.21357144066951],[136.428305576841,34.21341538671078],[136.42893418856204,34.21340119810685],[136.4287673022692,34.21359877466375],[136.42845591380944,34.21357144066951]]],[[[136.42793230872917,34.21359346776438],[136.42793713359185,34.213435775240896],[136.4281403893675,34.213495919201364],[136.42793230872917,34.21359346776438]]],[[[136.4329525546168,34.21380433270383],[136.43281688738955,34.213675973367515],[136.43300788630495,34.213677279183116],[136.4329525546168,34.21380433270383]]],[[[136.42671581108584,34.213454721258415],[136.42686688729702,34.213697891644415],[136.4266160313049,34.21375233300381],[136.42671581108584,34.213454721258415]]],[[[136.42516302185606,34.213673332958024],[136.42506800308593,34.21372280196579],[136.42468722383637,34.21345238661837],[136.42484158167372,34.213459252042924],[136.4249564197031,34.2136336665605],[136.42516302185606,34.213673332958024]]],[[[136.42712783368268,34.21392338675497],[136.42700124511146,34.21385125213362],[136.42703085618916,34.21376108070933],[136.42714749735921,34.21375677475538],[136.42712783368268,34.21392338675497]]],[[[136.3963620228891,34.216331918683125],[136.39619880672956,34.216377532297315],[136.39601530456275,34.216263973103935],[136.39603138803818,34.21613300033772],[136.3963563041002,34.21624510802536],[136.3963620228891,34.216331918683125]]],[[[136.4483931650126,34.21863461299705],[136.44817002612592,34.218861081174],[136.44811834028928,34.21881419771711],[136.44826513572752,34.21866158636317],[136.4483931650126,34.21863461299705]]],[[[136.48168780824585,34.21879974830978],[136.48171189388881,34.21917705437761],[136.48145693878678,34.219081054447145],[136.48168780824585,34.21879974830978]]],[[[136.48223021994875,34.219364694325236],[136.4819426068659,34.219346000117866],[136.48205011721916,34.219183559173985],[136.48223021994875,34.219364694325236]]],[[[136.48323416282642,34.21923516227298],[136.48342150509848,34.21941086461976],[136.48314466859165,34.21952808135592],[136.4829333072264,34.21930846781157],[136.48323416282642,34.21923516227298]]],[[[136.44868272422843,34.21941313540793],[136.44878457784603,34.2195063330509],[136.4486973283191,34.21956672072764],[136.44859719780254,34.2194525859681],[136.44868272422843,34.21941313540793]]],[[[136.44454160790895,34.21981500016216],[136.44421058365162,34.21964677477888],[136.4444816339203,34.219491558988295],[136.44476999973574,34.21959255914936],[136.44454160790895,34.21981500016216]]],[[[136.4464367186797,34.219507162225796],[136.4462796367959,34.21981219787466],[136.4461833850553,34.21966810759716],[136.4464367186797,34.219507162225796]]],[[[136.48383705573565,34.21963308080211],[136.48388202273725,34.21990753230682],[136.4837351103871,34.21979891938469],[136.4837166149299,34.21969613496873],[136.48383705573565,34.21963308080211]]],[[[136.48244992162665,34.219980693953914],[136.48211444932247,34.21971444066895],[136.4823369775695,34.219569306278515],[136.482883113365,34.21987386528673],[136.48244992162665,34.219980693953914]]],[[[136.48333333286712,34.21955927883772],[136.48344875455643,34.21971502702695],[136.4832860573058,34.219864613061475],[136.48319997419947,34.219576640249784],[136.48333333286712,34.21955927883772]]],[[[136.48070221783314,34.219906053821376],[136.48075785978745,34.21999555884804],[136.48056666661842,34.220057693907506],[136.48053933891947,34.219984053821065],[136.48070221783314,34.219906053821376]]],[[[136.43662533099427,34.21993916236249],[136.43661722360605,34.22015891889902],[136.43652880675904,34.2201214684311],[136.43662533099427,34.21993916236249]]],[[[136.48029594010563,34.22026249471838],[136.47982066099473,34.22027961331355],[136.47982160798085,34.22017899986099],[136.48030763938607,34.22008594610958],[136.48029594010563,34.22026249471838]]],[[[136.48383469501528,34.22007389159688],[136.48375233510228,34.22032466665007],[136.48344722391028,34.22007558591963],[136.48383469501528,34.22007389159688]]],[[[136.47926405978865,34.22009444110563],[136.47914547338496,34.220354107755895],[136.4790815297888,34.22029125233945],[136.47926405978865,34.22009444110563]]],[[[136.47904325644117,34.220317278719506],[136.47901752324015,34.22045333265521],[136.47888658914485,34.22038549499467],[136.47904325644117,34.220317278719506]]],[[[136.481074475107,34.2201307206563],[136.481406135185,34.22041502693202],[136.48105571974577,34.22057708116739],[136.481074475107,34.2201307206563]]],[[[136.4841847210481,34.220438802308934],[136.48435263256795,34.22053433279325],[136.48427871638967,34.22070530560541],[136.4840653045702,34.22054494569272],[136.4841847210481,34.220438802308934]]],[[[136.484617950558,34.22050677486783],[136.48464897536996,34.220655252038284],[136.48449788566893,34.220636558730234],[136.484617950558,34.22050677486783]]],[[[136.48512111494756,34.2205084143319],[136.48527666708458,34.22060777502884],[136.485188145017,34.22074299978965],[136.48493855976676,34.22059919819452],[136.48512111494756,34.2205084143319]]],[[[136.43650046732273,34.22073219803258],[136.43641652370366,34.22084682921786],[136.43632983085706,34.220748667317196],[136.43650046732273,34.22073219803258]]],[[[136.48607418857296,34.22089338712016],[136.48575822256396,34.220472332632085],[136.48633883297077,34.22044380164016],[136.48607418857296,34.22089338712016]]],[[[136.44050713409706,34.22086122466584],[136.4405272501325,34.22094733295313],[136.44038461675677,34.221031252290516],[136.44037819739594,34.22089964010638],[136.44050713409706,34.22086122466584]]],[[[136.45503975388158,34.22019174775102],[136.45548108898117,34.22092419789345],[136.45497433180003,34.22072213461888],[136.45503975388158,34.22019174775102]]],[[[136.48666357996035,34.22146608079504],[136.48676452706138,34.22154610786663],[136.48660914399682,34.22162444061547],[136.48656357984544,34.2215567207661],[136.48666357996035,34.22146608079504]]],[[[136.4866826977484,34.221639197590946],[136.48678788605218,34.2217778919362],[136.48660180283105,34.221766108119425],[136.4866826977484,34.221639197590946]]],[[[136.45655102500984,34.22185261300774],[136.45588741886934,34.221466134754394],[136.4560956164196,34.2211669455981],[136.4565504413498,34.22144005441504],[136.45655102500984,34.22185261300774]]],[[[136.48696099925075,34.22166144142244],[136.4870664978207,34.22188697340516],[136.48681732805733,34.221988306315325],[136.48696099925075,34.22166144142244]]],[[[136.4880461608018,34.222249107910045],[136.48785389114425,34.22226113544309],[136.48794763917226,34.22212082861341],[136.4880461608018,34.222249107910045]]],[[[136.48723671879964,34.22210527933521],[136.487136641343,34.22232664026228],[136.48692983144667,34.22229953199786],[136.4869317766802,34.222090251663815],[136.48723671879964,34.22210527933521]]],[[[136.4575483920447,34.22258025177723],[136.45746941628056,34.2226299725952],[136.45726654991142,34.22246672136214],[136.45733936442025,34.22240235958128],[136.4575483920447,34.22258025177723]]],[[[136.4878927760309,34.222566802416054],[136.48759561574514,34.22271972133814],[136.4875770042754,34.22240702706267],[136.4878927760309,34.222566802416054]]],[[[136.4898401688887,34.222683081159346],[136.48995016856554,34.22284522532692],[136.48979155603558,34.222929251683695],[136.4897364203996,34.22272389239379],[136.4898401688887,34.222683081159346]]],[[[136.48932880717882,34.22276897270996],[136.48940158211735,34.22287544074902],[136.48928444901821,34.22292549521546],[136.48924752285495,34.222811053787154],[136.48932880717882,34.22276897270996]]],[[[136.48971213960363,34.222919198162515],[136.48982425358645,34.22310174794734],[136.4896339426524,34.22306086476715],[136.48971213960363,34.222919198162515]]],[[[136.4599758627959,34.223251612771776],[136.45996649815538,34.22336525200484],[136.45942666660744,34.22313213513996],[136.4597307777533,34.22303055941285],[136.4599758627959,34.223251612771776]]],[[[136.49016914359117,34.22345425161245],[136.49014379979656,34.223611945934636],[136.48997697825496,34.22353444056205],[136.49016914359117,34.22345425161245]]],[[[136.45945549887222,34.223623747737804],[136.45968379986755,34.22381330593936],[136.4595966672524,34.22389566675167],[136.45945999997912,34.22379105401399],[136.45945549887222,34.223623747737804]]],[[[136.4947038913715,34.223906667258916],[136.4946708952457,34.22405430626128],[136.4945430611134,34.22398674828986],[136.4947038913715,34.223906667258916]]],[[[136.4955776906579,34.22407082860593],[136.49565466902777,34.224239919137005],[136.4955349162035,34.22425346832296],[136.4955776906579,34.22407082860593]]],[[[136.49606230922825,34.224103586411445],[136.49612058439754,34.22419394579401],[136.4960055772956,34.22433425172437],[136.4959237479826,34.22425994613968],[136.49606230922825,34.224103586411445]]],[[[136.49537321720027,34.22418255857826],[136.49536766478593,34.22438397344166],[136.4952540336468,34.22431141434038],[136.49537321720027,34.22418255857826]]],[[[136.49441011703334,34.224416251908565],[136.49445518835637,34.22451694630007],[136.4942890529975,34.22463230593621],[136.49426713382127,34.22450427934905],[136.49441011703334,34.224416251908565]]],[[[136.49520591362204,34.224659532011856],[136.4950814789272,34.22455372137722],[136.4952208297775,34.22444110827058],[136.49534710808268,34.22461927925639],[136.49520591362204,34.224659532011856]]],[[[136.49494824886267,34.22445619799521],[136.49478466937705,34.224675747687684],[136.49462822331395,34.22437127861167],[136.49494824886267,34.22445619799521]]],[[[136.48143335856275,34.224476612605656],[136.48150719829857,34.22463230593621],[136.48140255498402,34.22465102712323],[136.48134756234015,34.22452410760155],[136.48143335856275,34.224476612605656]]],[[[136.4956247207043,34.22478064011449],[136.49546630422662,34.22465738712879],[136.49560533132103,34.224598495024566],[136.4956247207043,34.22478064011449]]],[[[136.49687936399152,34.22443213483518],[136.49588686138964,34.22361544070009],[136.49700661536303,34.22355582913826],[136.49687936399152,34.22443213483518]]],[[[136.49360769064242,34.22450891895153],[136.49345769091974,34.22473274761825],[136.49295238704315,34.224874972701855],[136.49292868990722,34.224720801923525],[136.49329269769987,34.224505774921624],[136.49360769064242,34.22450891895153]]],[[[136.4973725809799,34.225104612787675],[136.4971038914315,34.22542405377709],[136.49649411241342,34.22521941394484],[136.4970438652822,34.22486810817668],[136.4973725809799,34.225104612787675]]],[[[136.46003089500982,34.22538749543662],[136.46007883337154,34.225518495182484],[136.4600035277407,34.2256013596151],[136.45989866409218,34.225562918993546],[136.46003089500982,34.22538749543662]]],[[[136.49909280239103,34.225966747867176],[136.49883588766613,34.22592558589713],[136.4988446686466,34.22585397288259],[136.49908335861016,34.22581838670925],[136.49909280239103,34.225966747867176]]],[[[136.49724077813948,34.22592810759613],[136.49729328056048,34.22603355940129],[136.49719914402533,34.22615530602263],[136.497052672343,34.22601882940552],[136.49724077813948,34.22592810759613]]],[[[136.45982258144704,34.22604202741769],[136.45975094684877,34.226221080638425],[136.45959586325853,34.22618530560743],[136.4596871984055,34.22603269425349],[136.45982258144704,34.22604202741769]]],[[[136.45945939023875,34.2261770813073],[136.45936433189843,34.226363161830534],[136.4592574447753,34.22622589201137],[136.45945939023875,34.2261770813073]]],[[[136.4755030608177,34.2261976937686],[136.47488005187301,34.22645544126567],[136.47475143982717,34.225974305769626],[136.4752174972897,34.22585655933278],[136.4755030608177,34.2261976937686]]],[[[136.49882571993112,34.22674236007191],[136.49826700441884,34.22664086528374],[136.4986862521689,34.22611833309463],[136.49911360640783,34.22651138719084],[136.49882571993112,34.22674236007191]]],[[[136.4757072500896,34.22686163985287],[136.4755048117977,34.22687638693577],[136.47530924792352,34.226651586101866],[136.47561085625603,34.2265918018702],[136.4757072500896,34.22686163985287]]],[[[136.45617910498174,34.22725436030055],[136.45612955863226,34.22714402697534],[136.45630425373838,34.22713372074469],[136.4563121659737,34.22725008132625],[136.45617910498174,34.22725436030055]]],[[[136.49784983140466,34.22716844087091],[136.49778924767566,34.22729636043874],[136.49756050601263,34.22717558598458],[136.49784983140466,34.22716844087091]]],[[[136.47822994825356,34.227259332652125],[136.47805269817354,34.22725841444435],[136.4780836960058,34.22696113544811],[136.47822258100734,34.22699466667058],[136.47822994825356,34.227259332652125]]],[[[136.45533933873958,34.227419494713956],[136.45529143994804,34.22729146812679],[136.45548177696253,34.227324027182135],[136.45550652360726,34.227423558750274],[136.45533933873958,34.227419494713956]]],[[[136.47549438415854,34.22709300034177],[136.47513457799846,34.22748053170125],[136.47477727555088,34.22691977472789],[136.47549438415854,34.22709300034177]]],[[[136.47775211416877,34.227178080703936],[136.4778599221977,34.227353720997485],[136.4774793390004,34.22748161268635],[136.47764280157412,34.2272141983766],[136.47775211416877,34.227178080703936]]],[[[136.49848406029116,34.22757789230593],[136.49801450086863,34.22755608104836],[136.49816053188306,34.22728610816739],[136.49848406029116,34.22757789230593]]],[[[136.47786900085373,34.227753000200835],[136.47760272418645,34.227726640172364],[136.47772267216362,34.22753727892234],[136.4779424376934,34.22760774799923],[136.47786900085373,34.227753000200835]]],[[[136.48151430564076,34.227730919146666],[136.48122994810365,34.227929198074094],[136.48118814491704,34.22729374790816],[136.48159094676487,34.22756163975794],[136.48151430564076,34.227730919146666]]],[[[136.5086007264424,34.227933414095844],[136.50856627791143,34.2278542251924],[136.50879533073999,34.227747494551295],[136.50884836555974,34.22786574820577],[136.5086007264424,34.227933414095844]]],[[[136.47470814466521,34.22885899994293],[136.47496535706568,34.22896689160882],[136.4749268094248,34.22906019806976],[136.47472442329354,34.22901210772267],[136.47470814466521,34.22885899994293]]],[[[136.50802775577642,34.22905508092731],[136.5078769385699,34.229319891699674],[136.50787053179965,34.22942664032723],[136.50766847032367,34.22941999973324],[136.50786719801283,34.229145828817025],[136.50802775577642,34.22905508092731]]],[[[136.5084565237496,34.229729225323524],[136.5085279119337,34.22990527930523],[136.50839858582617,34.229986053713446],[136.50831785998128,34.22984482867594],[136.5084565237496,34.229729225323524]]],[[[136.5073391961471,34.22958753173924],[136.5074931645779,34.22981489204369],[136.50738577203583,34.23013369361513],[136.50713077826288,34.229897162024486],[136.5073391961471,34.22958753173924]]],[[[136.47423163438248,34.23035086460078],[136.47399505782573,34.23036033266328],[136.4741464461017,34.23021505438129],[136.47423163438248,34.23035086460078]]],[[[136.50234092069695,34.23118055933537],[136.50229805361232,34.23107549513804],[136.5024883006946,34.23103308131169],[136.50243452663221,34.2311720544468],[136.50234092069695,34.23118055933537]]],[[[136.50879841811252,34.23113236017036],[136.5087483663441,34.231293972838614],[136.50865080429128,34.23126019789987],[136.50879841811252,34.23113236017036]]],[[[136.46625177719784,34.23122264041257],[136.4658884438967,34.23104135957112],[136.46604749709434,34.230554359596056],[136.4663807004091,34.23092046820511],[136.46625177719784,34.23122264041257]]],[[[136.50235474687418,34.23128227895404],[136.50241321719625,34.23136805359286],[136.50227438435547,34.23149294604269],[136.50221289231115,34.231393026866726],[136.50235474687418,34.23128227895404]]],[[[136.5088750061767,34.23128577461887],[136.5087993390183,34.2314448646888],[136.50867352836076,34.23139308082608],[136.5088750061767,34.23128577461887]]],[[[136.5090151880006,34.2314564947215],[136.50898097329332,34.23156174777648],[136.50883702960527,34.2316156396501],[136.50877333332278,34.23154458601391],[136.5090151880006,34.2314564947215]]],[[[136.463634331859,34.23164727869903],[136.4633898313757,34.231937972859214],[136.4632049163739,34.231770612623734],[136.463634331859,34.23164727869903]]],[[[136.46234730218634,34.232152251625166],[136.462076004604,34.232482972811],[136.46187557719622,34.23225664043167],[136.46234730218634,34.232152251625166]]],[[[136.510194383564,34.23250705395742],[136.51003167282352,34.232596918712886],[136.50996756195343,34.23231677539894],[136.51041788577686,34.23236638739888],[136.510194383564,34.23250705395742]]],[[[136.51130654995734,34.23293544061812],[136.51105968875368,34.23277177479764],[136.51113500607573,34.23254958559494],[136.51139224365716,34.232656053634],[136.51130654995734,34.23293544061812]]],[[[136.4625159664388,34.2327010269309],[136.46251144015093,34.23294872090679],[136.46242581120225,34.23294741419187],[136.46243024575926,34.23274689235524],[136.4625159664388,34.2327010269309]]],[[[136.510531310072,34.233026774865834],[136.51017674426146,34.232734693951045],[136.51095286638179,34.2321926671579],[136.5110472502305,34.23243544094288],[136.510531310072,34.233026774865834]]],[[[136.50884975411293,34.232915829102296],[136.5088624120707,34.233110613264216],[136.5086201428054,34.233094467735555],[136.50884975411293,34.232915829102296]]],[[[136.50921418908365,34.23316072079069],[136.50913338499777,34.23322316161966],[136.50901182903272,34.233102585915674],[136.5091580030395,34.233072053932176],[136.50921418908365,34.23316072079069]]],[[[136.50738944216903,34.23407680170311],[136.50757522681533,34.234228305991564],[136.5074449681108,34.234323054065726],[136.5071364718707,34.23415719839602],[136.50738944216903,34.23407680170311]]],[[[136.45531488977042,34.234874720691835],[136.4549743839607,34.23486182891031],[136.45519319081313,34.23473344079571],[136.45531488977042,34.234874720691835]]],[[[136.50679907861468,34.23629333287107],[136.50655219222995,34.23628722467572],[136.50653583715928,34.23605972137909],[136.50676516158296,34.23610738724619],[136.50679907861468,34.23629333287107]]],[[[136.51608247702472,34.23785922522313],[136.51619457841707,34.23808377514615],[136.51603846959972,34.238120134736505],[136.51608247702472,34.23785922522313]]],[[[136.51682674425888,34.23802036035141],[136.51672930001723,34.2381332792275],[136.5165845010739,34.23806591910693],[136.51664972800256,34.23795438698545],[136.51682674425888,34.23802036035141]]],[[[136.51750783411933,34.23805805363634],[136.5175902722733,34.23822766667354],[136.5174453051568,34.238200413618245],[136.51750783411933,34.23805805363634]]],[[[136.51561819662254,34.23794953244504],[136.5155681061832,34.2383873601886],[136.51528583687195,34.23825719771156],[136.51561819662254,34.23794953244504]]],[[[136.51608555090752,34.23868316159866],[136.51590596618746,34.23821410759501],[136.51642596588567,34.23820055930844],[136.51661961060665,34.23871327899468],[136.51608555090752,34.23868316159866]]],[[[136.51838105064508,34.2385890808215],[136.51846061006916,34.23880025242977],[136.5182653573604,34.23893200041152],[136.51814011687293,34.23879089228592],[136.51838105064508,34.2385890808215]]],[[[136.5190468088632,34.2393999455511],[136.51910405970466,34.23949327899169],[136.51905810614676,34.23970155927958],[136.51895639372265,34.239719387439834],[136.51896535726553,34.239483774956284],[136.5190468088632,34.2393999455511]]],[[[136.51884980517445,34.23968791926211],[136.51891963663195,34.239833774908845],[136.51877272428192,34.23980853183832],[136.51884980517445,34.23968791926211]]],[[[136.51869758772352,34.2400171080032],[136.51865963723253,34.24018738743803],[136.51850795128098,34.24009210786454],[136.51869758772352,34.2400171080032]]],[[[136.51974691308965,34.240459918890224],[136.51904089492143,34.24015125177891],[136.51950566815208,34.23923905413909],[136.52029141391768,34.239644586328666],[136.51974691308965,34.240459918890224]]],[[[136.51937800309247,34.240489440934994],[136.51960927364917,34.240710774882416],[136.51946972764586,34.240771161659836],[136.5193319973738,34.24063822477433],[136.51937800309247,34.240489440934994]]],[[[136.51527647223145,34.240731613073535],[136.51515486410574,34.24079864044495],[136.5148948116463,34.24071877525131],[136.51497435758063,34.2406250272233],[136.51527647223145,34.240731613073535]]],[[[136.51545097308406,34.24100646837388],[136.51527031097612,34.24107386536667],[136.51449308718634,34.24094036010956],[136.51481852125778,34.24081113472613],[136.5151400522717,34.24082691872735],[136.51545097308406,34.24100646837388]]],[[[136.5563953827408,34.24093886543636],[136.55651355365762,34.241010613349204],[136.55650277618224,34.24108955943569],[136.55636574558275,34.241102613095165],[136.5563953827408,34.24093886543636]]],[[[136.55693844375423,34.24071469412786],[136.55706455298684,34.24087341367715],[136.55705124481915,34.241158559020334],[136.5567755513507,34.24093449473122],[136.55693844375423,34.24071469412786]]],[[[136.54835050637087,34.24125855913525],[136.5480806998645,34.24088577485867],[136.5487002716003,34.24085489213962],[136.5487845533645,34.24116294591329],[136.54835050637087,34.24125855913525]]],[[[136.5130778600552,34.24143538743323],[136.5132344230302,34.241509918747795],[136.51322858643016,34.24163889232108],[136.51306883266057,34.24157427873001],[136.5130778600552,34.24143538743323]]],[[[136.55449233455363,34.24174925172662],[136.55451752276554,34.241830000054506],[136.55444374778085,34.24192066700522],[136.55435549910703,34.24180558615893],[136.55449233455363,34.24174925172662]]],[[[136.5109398307087,34.24184299975468],[136.5111937740735,34.24198961263056],[136.51081605701552,34.24196494602552],[136.5109398307087,34.24184299975468]]],[[[136.52001639404136,34.24178869419296],[136.52010827507695,34.241955558901964],[136.51979072626102,34.241987640417335],[136.51973347631895,34.241738225139045],[136.52001639404136,34.24178869419296]]],[[[136.5562181974119,34.24182725172636],[136.55633389069658,34.24218149468027],[136.55591177680708,34.24247641385546],[136.5556104409692,34.24193855901734],[136.5562181974119,34.24182725172636]]],[[[136.55131822325745,34.242742386551924],[136.54945457796646,34.24271377462105],[136.5499279514139,34.24175374833686],[136.55131822325745,34.242742386551924]]],[[[136.52034391723805,34.24288505410203],[136.52018216607416,34.24288366734743],[136.52023296967582,34.24267230598218],[136.5204751615995,34.24277666690972],[136.52034391723805,34.24288505410203]]],[[[136.55648583655216,34.24263763981526],[136.55613938982106,34.24304672072964],[136.5559478342252,34.24259525206929],[136.55648583655216,34.24263763981526]]],[[[136.55658435818168,34.24278036042534],[136.5566598832471,34.24295780206097],[136.5565374711274,34.24306355873631],[136.5563774448633,34.24297791899579],[136.55658435818168,34.24278036042534]]],[[[136.50393775602265,34.24282277515101],[136.50392316542184,34.24300035977882],[136.5037484945974,34.2429067754274],[136.50393775602265,34.24282277515101]]],[[[136.51943875499467,34.24299238728889],[136.51947786021515,34.243089252367156],[136.51932778225137,34.24318455892029],[136.519158054101,34.24314225211327],[136.51931647237734,34.243005081219565],[136.51943875499467,34.24299238728889]]],[[[136.52139158155626,34.24320897281592],[136.52100160763814,34.24318944133972],[136.52132083009235,34.24303580206066],[136.52139158155626,34.24320897281592]]],[[[136.5203472501256,34.24296655875975],[136.52048992217226,34.243074305634764],[136.5204497278727,34.24324758610726],[136.52015330682968,34.243119467789256],[136.5203472501256,34.24296655875975]]],[[[136.55652452718527,34.243123666723875],[136.5564265892158,34.24326972112078],[136.55623505790163,34.243119224972304],[136.55652452718527,34.243123666723875]]],[[[136.51975910519866,34.242585053757296],[136.52010752324372,34.24319558640724],[136.51974233464114,34.24314130602653],[136.5195076133857,34.242683305590106],[136.51975910519866,34.242585053757296]]],[[[136.51845591380948,34.24320499961112],[136.51846294380982,34.243338306118005],[136.51821988314111,34.243343495206204],[136.5182470300764,34.24323402702879],[136.51845591380948,34.24320499961112]]],[[[136.5578326981206,34.24312394641305],[136.5579176390878,34.24335977473385],[136.5575538003676,34.24330416155789],[136.5578326981206,34.24312394641305]]],[[[136.55601697770146,34.24348541362099],[136.55559610937303,34.243357252135525],[136.55565849534332,34.24300408117347],[136.55616333337116,34.24322366683879],[136.55601697770146,34.24348541362099]]],[[[136.55216649798558,34.243586413782],[136.551890142616,34.24365861315454],[136.55192708226912,34.2433666941177],[136.55212880739862,34.243382279368745],[136.55216649798558,34.243586413782]]],[[[136.5155373017052,34.2439296400409],[136.51563802937164,34.24401702716415],[136.5154791047769,34.244142387261434],[136.51530213978197,34.244087864963035],[136.5155373017052,34.2439296400409]]],[[[136.50938839226058,34.244490252223386],[136.50953477311134,34.24457177486755],[136.50940243787227,34.24466166660267],[136.50938839226058,34.244490252223386]]],[[[136.45980114071017,34.24454135979596],[136.45973586341938,34.24471589212476],[136.4595985207552,34.24471694613021],[136.45963316533835,34.24453622466706],[136.45980114071017,34.24454135979596]]],[[[136.54708836633506,34.244828559190694],[136.54720033732576,34.244885559121315],[136.54709197081786,34.244985134756234],[136.54693369643303,34.24488216238194],[136.54708836633506,34.244828559190694]]],[[[136.5423111406467,34.245158107660586],[136.54215335909032,34.245217774980404],[136.5421420878871,34.245033639690746],[136.54225099938412,34.24493930620406],[136.5423689112963,34.24505653193347],[136.5423111406467,34.245158107660586]]],[[[136.54186930012816,34.24499127892443],[136.54122386478957,34.24495166738558],[136.5416084949362,34.24459530562888],[136.54186930012816,34.24499127892443]]],[[[136.5551358876112,34.24550208125612],[136.55508247687487,34.24530497324599],[136.55524766524763,34.24531386484301],[136.5551358876112,34.24550208125612]]],[[[136.5479576132533,34.246114640078645],[136.54781910506767,34.24618538704601],[136.54760686056818,34.24613702690232],[136.54766644604967,34.24601505365183],[136.5479576132533,34.246114640078645]]],[[[136.55547927394935,34.24583366669043],[136.5553814403013,34.246162440844046],[136.5551596629881,34.24596474827456],[136.55547927394935,34.24583366669043]]],[[[136.55610236113512,34.24641558561086],[136.55580802921725,34.246364468145714],[136.55592525314796,34.2460779459405],[136.5562115559186,34.24619458621123],[136.55610236113512,34.24641558561086]]],[[[136.55510058382492,34.2465093057599],[136.55483705638505,34.24650102660115],[136.5545450060473,34.2460862790586],[136.5548920229486,34.24597930560054],[136.55510058382492,34.2465093057599]]],[[[136.51371136228965,34.24653563970804],[136.51381191998416,34.24666333264673],[136.5136722435792,34.2466747207618],[136.51371136228965,34.24653563970804]]],[[[136.51236031077974,34.2471544407249],[136.51250092068096,34.2472837749263],[136.51238011744852,34.24730627866188],[136.51225953275127,34.24718794586704],[136.51236031077974,34.2471544407249]]],[[[136.55508172504165,34.248182775015096],[136.55523241184642,34.24851189181044],[136.55492335892598,34.248387000259925],[136.55508172504165,34.248182775015096]]],[[[136.5480976385952,34.248841252321995],[136.54777053178464,34.24887625213739],[136.54781189430355,34.248691892017234],[136.5480976385952,34.248841252321995]]],[[[136.55063688698283,34.24954572095828],[136.54792549936235,34.24812699996113],[136.54944852103245,34.242787748355966],[136.5552339685729,34.24488036014054],[136.55345070018973,34.246126279104544],[136.5547268867365,34.24726894600508],[136.55063688698283,34.24954572095828]]],[[[136.54525852116387,34.250519306320996],[136.54408260722664,34.25040766718013],[136.5446753306021,34.24960130625533],[136.54525852116387,34.250519306320996]]],[[[136.54440844419446,34.25119844105524],[136.54396858578173,34.25121022487201],[136.54406713439084,34.25090341396145],[136.54439880705934,34.25086849508506],[136.54440844419446,34.25119844105524]]],[[[136.51058788642183,34.25111894638235],[136.51053121924042,34.251263251597834],[136.51038105134455,34.25126502685953],[136.51041072627402,34.25114327933892],[136.51058788642183,34.25111894638235]]],[[[136.54501455307923,34.25125830622591],[136.54483968890054,34.25130227857733],[136.54482994834348,34.25120289180006],[136.54502053177214,34.251158306110995],[136.54501455307923,34.25125830622591]]],[[[136.5493848382398,34.25249855856168],[136.54916389100083,34.25279753188062],[136.54898566785437,34.252673919166114],[136.5490590786136,34.25245980227811],[136.5493848382398,34.25249855856168]]],[[[136.54451795104262,34.253250720944095],[136.54432732804378,34.253443252304294],[136.5441685599311,34.25326563979752],[136.54451795104262,34.253250720944095]]],[[[136.54167066057255,34.254265161607975],[136.54147671907538,34.25429658571892],[136.54132433165262,34.25418555901638],[136.5412076653016,34.25386855878702],[136.5414086376985,34.25392210801891],[136.54153771739186,34.25418994590933],[136.54167066057255,34.254265161607975]]],[[[136.59646639420885,34.254242414156124],[136.59625150480315,34.25426961325212],[136.59611522693626,34.25409833287182],[136.59639516160746,34.25414944134371],[136.59646639420885,34.254242414156124]]],[[[136.5964956680407,34.2546379728642],[136.59589827538514,34.25455891885906],[136.59607075186375,34.254258306076],[136.5964956680407,34.2546379728642]]],[[[136.54176172502366,34.254664081082524],[136.54186955913292,34.25483905407913],[136.5416840595717,34.2548115591062],[136.54176172502366,34.254664081082524]]],[[[136.53969224380205,34.25466833307718],[136.5398372756698,34.254762278956036],[136.53973953285322,34.25491110776147],[136.5396066409338,34.25469161292767],[136.53969224380205,34.25466833307718]]],[[[136.59621044085918,34.25567046831753],[136.59582130960587,34.25512961334101],[136.5968421921135,34.25504397270123],[136.59621044085918,34.25567046831753]]],[[[136.53738299612849,34.255687532054026],[136.53760260697481,34.25583144066849],[136.5373459143825,34.25593389233529],[136.53738299612849,34.255687532054026]]],[[[136.53712433222222,34.25590205363693],[136.53722016937536,34.25610141444878],[136.53691635500581,34.25605035993624],[136.53712433222222,34.25590205363693]]],[[[136.53745092102326,34.25606894622496],[136.5371951358469,34.256332053681376],[136.53716092113962,34.25619191862222],[136.53745092102326,34.25606894622496]]],[[[136.5912738004456,34.25645494603896],[136.5910674968676,34.256517612597804],[136.59082360612456,34.25628346780786],[136.59134396914897,34.25622633297894],[136.5912738004456,34.25645494603896]]],[[[136.58570369556912,34.25678444144887],[136.58510603131833,34.25649644075821],[136.5851296106431,34.25582330630061],[136.58590635509427,34.25625938666144],[136.58570369556912,34.25678444144887]]],[[[136.537427197807,34.256592494647975],[136.53753394283729,34.25667741403146],[136.53747213962765,34.25681236000247],[136.53737136159907,34.25667116194461],[136.537427197807,34.256592494647975]]],[[[136.58604610884095,34.257123775441926],[136.58585900129196,34.25703972120624],[136.58597033736123,34.2569525589135],[136.58604610884095,34.257123775441926]]],[[[136.53786836563268,34.25734146803438],[136.53803258093888,34.25741830610997],[136.5379971728313,34.257485532231556],[136.5378511409175,34.257452161987715],[136.53786836563268,34.25734146803438]]],[[[136.55351688669498,34.25759530617847],[136.5534823608224,34.257627640403314],[136.55325328101412,34.257513359953634],[136.55338791222243,34.25748246824139],[136.55351688669498,34.25759530617847]]],[[[136.60680980462882,34.257815945849245],[136.60627272410704,34.25782427896735],[136.6058007778837,34.25743794640414],[136.6060414787313,34.257314494668265],[136.60680980462882,34.257815945849245]]],[[[136.52430258089942,34.25815902731733],[136.52432997424899,34.25832189184189],[136.52422341088175,34.258350667449406],[136.52416111484365,34.258211359766506],[136.52430258089942,34.25815902731733]]],[[[136.58324044079382,34.258417918752],[136.58324372241987,34.25857864019213],[136.5831114141605,34.25852527891851],[136.58324044079382,34.258417918752]]],[[[136.55311869027537,34.25862046766048],[136.55296749715228,34.25862900042807],[136.55303586271498,34.25847353192802],[136.55324725016055,34.25856722509741],[136.55311869027537,34.25862046766048]]],[[[136.58397980492407,34.25876808058251],[136.58379625239525,34.258730080628766],[136.58380427974373,34.258604027154206],[136.58400014309223,34.25866149473222],[136.58397980492407,34.25876808058251]]],[[[136.50891141433033,34.25874749510086],[136.5089841371083,34.258868468305195],[136.50882364499523,34.25886777492792],[136.50891141433033,34.25874749510086]]],[[[136.5268073672662,34.25910061300294],[136.5266977174258,34.25898530642678],[136.52693199711405,34.25880200031213],[136.52701922235929,34.25898005438603],[136.5268073672662,34.25910061300294]]],[[[136.52634011730265,34.25889064019094],[136.52541308714433,34.2588436128425],[136.52517241237695,34.257912224569566],[136.52629299642467,34.258105225375914],[136.52634011730265,34.25889064019094]]],[[[136.52629616113904,34.25952374762289],[136.52625639401742,34.25944530605608],[136.5263141628684,34.25934144065502],[136.52642591442452,34.2594519727304],[136.52629616113904,34.25952374762289]]],[[[136.52665717329,34.259844864948604],[136.52629591382538,34.25976094561122],[136.52658572035477,34.259482278984024],[136.52665717329,34.259844864948604]]],[[[136.60894929987035,34.26143413517724],[136.609084085762,34.26152894620395],[136.60901586319164,34.26163053182364],[136.60888050623043,34.26159044094612],[136.60894929987035,34.26143413517724]]],[[[136.60954228314995,34.26150655938028],[136.60971552495153,34.26157825243445],[136.60959444922446,34.26169444124554],[136.60940836600332,34.26157772093512],[136.60954228314995,34.26150655938028]]],[[[136.53865442256358,34.26177916187885],[136.53846219157697,34.261945531960805],[136.53829922183172,34.261829747844615],[136.53865442256358,34.26177916187885]]],[[[136.51378802859472,34.26216944066721],[136.51361077761533,34.26205541382632],[136.5138166414249,34.26199758562012],[136.51378802859472,34.26216944066721]]],[[[136.52576036305038,34.26207802727919],[136.52568403399107,34.26214697290453],[136.5254619203314,34.26219216203867],[136.52552500597426,34.26205353244461],[136.52576036305038,34.26207802727919]]],[[[136.52983282692344,34.26215300016088],[136.52979299595006,34.26231119810336],[136.52949247669653,34.262299891826615],[136.52964204924126,34.26206797285869],[136.52983282692344,34.26215300016088]]],[[[136.52525620041342,34.26232549462594],[136.52525411218755,34.26251446826814],[136.52507632880963,34.26245644131177],[136.52525620041342,34.26232549462594]]],[[[136.5106216730518,34.262471108355044],[136.5108186119894,34.26260055856898],[136.5105605578235,34.26266833327702],[136.5106216730518,34.262471108355044]]],[[[136.52994083010526,34.262701225081514],[136.52971236093674,34.2628037208151],[136.52970761341567,34.26261782914952],[136.52994083010526,34.262701225081514]]],[[[136.5100925029667,34.26275277512053],[136.5100858371917,34.26286000038874],[136.50997027161077,34.26289389223939],[136.50994333331823,34.262769721045856],[136.5100925029667,34.26275277512053]]],[[[136.51309929989281,34.26280036004863],[136.51322202317795,34.263037495084404],[136.51307080397453,34.26308161312602],[136.5129650320107,34.26287991857345],[136.51309929989281,34.26280036004863]]],[[[136.512313606288,34.26300425164493],[136.5116645008161,34.26202525236357],[136.51326347562895,34.26136989210687],[136.512313606288,34.26300425164493]]],[[[136.53005868985667,34.26317538723441],[136.53001722391582,34.26343738672608],[136.5297848121195,34.26329197264647],[136.53005868985667,34.26317538723441]]],[[[136.58218822320805,34.26400549475784],[136.5821276133987,34.2640486127533],[136.58190972835132,34.263994387231264],[136.58188533064356,34.26390497303612],[136.58218822320805,34.26400549475784]]],[[[136.58234411169144,34.26397969410766],[136.58255338483093,34.26401891893801],[136.58245308704045,34.26410108100015],[136.58234411169144,34.26397969410766]]],[[[136.53447516239885,34.26447600026722],[136.5345740338646,34.26460277499814],[136.53439978032566,34.264694693805154],[136.5343663291428,34.264525532227594],[136.53447516239885,34.26447600026722]]],[[[136.58259513585688,34.26501586509016],[136.5824385602914,34.26516066673145],[136.58225455270554,34.26499555929769],[136.58259513585688,34.26501586509016]]],[[[136.557741219082,34.26502894572934],[136.55786605667322,34.265071468373606],[136.55786369595285,34.265174359808896],[136.55768469489283,34.26515353240967],[136.557741219082,34.26502894572934]]],[[[136.58204277585344,34.26500441402254],[136.58214717275393,34.26512094637462],[136.58198814473712,34.265178666662166],[136.58191555056226,34.26505855860563],[136.58204277585344,34.26500441402254]]],[[[136.55701581063124,34.265352946281496],[136.55698972759387,34.26556374826839],[136.5568092741288,34.26545594563544],[136.55701581063124,34.265352946281496]]],[[[136.55793464256976,34.26570533303476],[136.5576892481604,34.26577741369675],[136.5575363939895,34.26566791943901],[136.55783778198816,34.26549472080478],[136.55793464256976,34.26570533303476]]],[[[136.52317275002247,34.26642780160182],[136.5228090273148,34.26633541424803],[136.52298069979952,34.26620846774665],[136.52317275002247,34.26642780160182]]],[[[136.53360552517495,34.26749391910914],[136.53343841764888,34.267684161694774],[136.53337238672634,34.267459775448344],[136.53360552517495,34.26749391910914]]],[[[136.53408613456747,34.26803835968258],[136.53373630368753,34.267961000000184],[136.5337581707031,34.26777977491673],[136.53420491612405,34.26790025169532],[136.53408613456747,34.26803835968258]]],[[[136.53298516203563,34.267927919338035],[136.5330074454373,34.268103081192294],[136.53280566814715,34.26812191929122],[136.53298516203563,34.267927919338035]]],[[[136.53479121923942,34.26807241431055],[136.53485016890022,34.26823725194765],[136.5347845777461,34.26825727895033],[136.5346595333109,34.26812563978649],[136.53479121923942,34.26807241431055]]],[[[136.55888177707243,34.268516693790446],[136.55900175112993,34.26864264024573],[136.55881863836953,34.2686559187357],[136.55888177707243,34.268516693790446]]],[[[136.5791010250923,34.268898224873226],[136.5787033592727,34.26888180235335],[136.5787719460685,34.26878141373129],[136.5791010250923,34.268898224873226]]],[[[136.5789231391916,34.26895738677405],[136.57885483838015,34.26900758603131],[136.57846917041593,34.269062495038156],[136.5783351876189,34.26898866699344],[136.5786941628054,34.26895080193799],[136.5789231391916,34.26895738677405]]],[[[136.5356112453627,34.26968436004523],[136.535766303772,34.26974986486442],[136.53562596636527,34.269833494620116],[136.5356112453627,34.26968436004523]]],[[[136.5783160050796,34.2697225317695],[136.57830486427815,34.26987089202811],[136.5781217766987,34.26988853223003],[136.57812630388582,34.26978897278292],[136.5783160050796,34.2697225317695]]],[[[136.616951388296,34.27092416182069],[136.6170944488498,34.27106916221214],[136.6169933326762,34.271130000449205],[136.61687111481012,34.270996666962674],[136.616951388296,34.27092416182069]]],[[[136.62823710835596,34.27198180231835],[136.62808430634573,34.271879440583746],[136.62830778157888,34.27178805417543],[136.62823710835596,34.27198180231835]]],[[[136.62474175113095,34.27290744122547],[136.62479297021946,34.27303502714483],[136.6246558370973,34.27302166681653],[136.62460275011688,34.27290861304209],[136.62474175113095,34.27290744122547]]],[[[136.53594330743772,34.27325889178451],[136.53586972760593,34.273386775379436],[136.53577080397952,34.273286973115376],[136.53583472059597,34.273173531733164],[136.53608505767932,34.273158828717044],[136.53607741883786,34.27327461283318],[136.53594330743772,34.27325889178451]]],[[[136.63118538279923,34.27329482869345],[136.63120661489347,34.27343186468886],[136.6310431388299,34.27338419792244],[136.63118538279923,34.27329482869345]]],[[[136.63279588782007,34.27423172081734],[136.63263905324982,34.2743750538657],[136.63254883326215,34.27430582855118],[136.63279588782007,34.27423172081734]]],[[[136.55960155576724,34.2745481346887],[136.55871847008143,34.27400210771117],[136.5588623346291,34.273355387241395],[136.55972379971365,34.273362559334714],[136.55960155576724,34.2745481346887]]],[[[136.53684208809193,34.274777891686426],[136.5368393388644,34.27484164012964],[136.5362936446361,34.27481202725329],[136.53629941558563,34.27474933281553],[136.53684208809193,34.274777891686426]]],[[[136.57560661485343,34.274565053634376],[136.57547061038042,34.27475116203652],[136.57522014289532,34.27484158617034],[136.57501160809932,34.274662441218766],[136.57527919597817,34.27456497269537],[136.57560661485343,34.274565053634376]]],[[[136.63439814515834,34.274858864844816],[136.63436805384265,34.274672748348735],[136.63464367086874,34.274698999559234],[136.63439814515834,34.274858864844816]]],[[[136.57078097326337,34.27465974774918],[136.57083214019121,34.27474291885068],[136.5707384704042,34.27489444112558],[136.57060678267692,34.274644252430335],[136.57078097326337,34.27465974774918]]],[[[136.5600537735629,34.27520266666977],[136.55994374780573,34.275185495014625],[136.5600053046012,34.275033945760015],[136.56016355380507,34.27508858586958],[136.5600537735629,34.27520266666977]]],[[[136.5712690794046,34.27535674841528],[136.5708093001092,34.27506046766649],[136.57095525288264,34.27478480207702],[136.57133800344616,34.275079359724714],[136.5712690794046,34.27535674841528]]],[[[136.55552841830195,34.27549238686419],[136.55548919616956,34.275537828707854],[136.55495605737622,34.27523769436414],[136.55498761278818,34.2751971349399],[136.55552841830195,34.27549238686419]]],[[[136.63567905314585,34.275590775393994],[136.63555564187948,34.27575694582646],[136.63535839177644,34.27569702669649],[136.63550319071976,34.27557033290458],[136.63567905314585,34.275590775393994]]],[[[136.56043102477202,34.27549441393609],[136.56074155617796,34.2755981983982],[136.56058163423506,34.27585174785992],[136.56026555131416,34.275746332926985],[136.56043102477202,34.27549441393609]]],[[[136.6356085211164,34.27600253179145],[136.6353507520356,34.27589441439574],[136.6355546427326,34.275826000269774],[136.6356085211164,34.27600253179145]]],[[[136.56129680930042,34.27594980184193],[136.56127810609973,34.27602858605047],[136.56112766481,34.27602349498835],[136.56105325580313,34.27592549496569],[136.56129680930042,34.27594980184193]]],[[[136.63632596607056,34.27614755916255],[136.63570252904856,34.276039720556696],[136.63635219210005,34.27563380165867],[136.63632596607056,34.27614755916255]]],[[[136.56527508357829,34.28177391933099],[136.56575538270476,34.281972108326215],[136.56581216589882,34.28217661326016],[136.5652082747422,34.281964919145764],[136.56527508357829,34.28177391933099]]],[[[136.56622508422038,34.28192974755984],[136.56662280220064,34.28221891916786],[136.5664852787727,34.28231269417557],[136.56625272398412,34.282132387299896],[136.56622508422038,34.28192974755984]]],[[[136.566041089225,34.282238305853184],[136.56651060997672,34.28251308111385],[136.56610464341463,34.28245086511538],[136.566041089225,34.282238305853184]]],[[[136.68972749692648,34.28292502726822],[136.68946155570632,34.28291733266883],[136.68934466902135,34.282689558676225],[136.68966736735513,34.28279672099194],[136.68972749692648,34.28292502726822]]],[[[136.69011555079214,34.28301472115248],[136.68994635504032,34.283005225211014],[136.69001671889657,34.282855694035106],[136.69011555079214,34.28301472115248]]],[[[136.57307133607333,34.28309905417808],[136.572870661352,34.2831704954221],[136.57249461703304,34.283053721152385],[136.57272274985507,34.282948054409246],[136.57307133607333,34.28309905417808]]],[[[136.69074097261785,34.28341869391767],[136.6906014401044,34.28342030640209],[136.69055600455602,34.283269919071586],[136.69068807989106,34.28327230587229],[136.69074097261785,34.28341869391767]]],[[[136.68869444928941,34.28367897300626],[136.68837619990177,34.283635667052465],[136.688499948414,34.28350938694871],[136.68869444928941,34.28367897300626]]],[[[136.68751243794873,34.284377559177074],[136.6871668347817,34.28431005426563],[136.68719639369863,34.284190440836255],[136.6875853828592,34.28421089231887],[136.68751243794873,34.284377559177074]]],[[[136.5729748118382,34.284353693867956],[136.5732351358929,34.28438230579883],[136.57316658866716,34.28447502680109],[136.5729748118382,34.284353693867956]]],[[[136.68738211359369,34.28464261276639],[136.6872508557425,34.284477467561146],[136.68748997378327,34.28448494632329],[136.68738211359369,34.28464261276639]]],[[[136.57298522688677,34.284527441088585],[136.57317433183005,34.28460897272595],[136.5731686382221,34.284683639838136],[136.5729045783836,34.284599865291625],[136.57298522688677,34.284527441088585]]],[[[136.57550233486495,34.28469661255866],[136.57559527889907,34.28477044060338],[136.57550591416668,34.28485561269645],[136.57540172500967,34.284722693797335],[136.57550233486495,34.28469661255866]]],[[[136.58322938992444,34.28507794579059],[136.58313147893466,34.28508986540504],[136.58309333329078,34.28495877482766],[136.58319481189108,34.28493141385371],[136.58322938992444,34.28507794579059]]],[[[136.56176968902002,34.284703972610316],[136.56183477295644,34.28495180238383],[136.5614979768502,34.28513266683916],[136.56142544742647,34.284778774620804],[136.56176968902002,34.284703972610316]]],[[[136.57297099871266,34.28539446758066],[136.57304491579032,34.285530892037116],[136.57288625199897,34.28554982906144],[136.57285868957695,34.28544069363318],[136.57297099871266,34.28539446758066]]],[[[136.56328622567878,34.285408639996774],[136.563314553424,34.28550649522862],[136.5632012838123,34.285586640111376],[136.56316905300946,34.2854315322395],[136.56328622567878,34.285408639996774]]],[[[136.64605846972267,34.28579453189218],[136.64586933869907,34.28573286537949],[136.64601941576348,34.285646053822404],[136.64605846972267,34.28579453189218]]],[[[136.6462884443563,34.285813693747],[136.6463207776818,34.28566619773687],[136.64646435804377,34.28573613531444],[136.6462884443563,34.285813693747]]],[[[136.65313810643852,34.285813801665654],[136.65313800301647,34.285909000300194],[136.65301769081384,34.28597238721596],[136.65296953301765,34.285810639649355],[136.65313810643852,34.285813801665654]]],[[[136.6529044230008,34.28623941391788],[136.65275138806612,34.28619838684614],[136.6528574972757,34.28610153166039],[136.6529044230008,34.28623941391788]]],[[[136.64954216633794,34.2863208286434],[136.6494389493481,34.28638964026976],[136.649324837971,34.28625158624175],[136.649463475659,34.286203333117385],[136.64954216633794,34.2863208286434]]],[[[136.6504673277051,34.28650002665495],[136.65053319135382,34.28625391908315],[136.65072211373467,34.286396531774585],[136.6504673277051,34.28650002665495]]],[[[136.65226477300098,34.286381828758465],[136.65219817100888,34.28653138691402],[136.65197399520378,34.28644919787223],[136.6520819201446,34.2863013870994],[136.65226477300098,34.286381828758465]]],[[[136.5779493002201,34.286467386660604],[136.57546727569434,34.28621500002231],[136.57348325614737,34.28465919806359],[136.57388849515803,34.28322308058074],[136.5766334760541,34.286145135289814],[136.5779493002201,34.286467386660604]]],[[[136.56820530503092,34.28628827858125],[136.56818905338218,34.28644308068368],[136.5677716078735,34.28674433288472],[136.56769433182797,34.28662541373188],[136.56800408621962,34.28632872109364],[136.56820530503092,34.28628827858125]]],[[[136.56737219197316,34.286819305766414],[136.5671433073178,34.28681810786941],[136.56704610859106,34.2866881981019],[136.56725919575535,34.28663933343853],[136.56737219197316,34.286819305766414]]],[[[136.68747455310825,34.28727227899253],[136.6871934106474,34.28725410819061],[136.68717442326113,34.28716299967277],[136.68749975391063,34.287178198215315],[136.68747455310825,34.28727227899253]]],[[[136.5799053832269,34.287305080864826],[136.57999425423156,34.287385802213066],[136.57988758834165,34.2874645594419],[136.57978503235347,34.28743213528486],[136.5799053832269,34.287305080864826]]],[[[136.58156128422593,34.28740064012749],[136.58162405960275,34.287682892351654],[136.58151031065233,34.287725441076304],[136.58146199727344,34.28749541428198],[136.58156128422593,34.28740064012749]]],[[[136.5783326326449,34.28785172118006],[136.57838116725713,34.287925252448474],[136.57825888463992,34.28798027926655],[136.57817852122184,34.287901864679384],[136.5783326326449,34.28785172118006]]],[[[136.65632085572292,34.28798855932462],[136.65619980517693,34.28809225205583],[136.65603267157064,34.288096306199634],[136.6560685599162,34.28797666668987],[136.65632085572292,34.28798855932462]]],[[[136.69853652364168,34.28842880174784],[136.6982720492158,34.28840235988105],[136.69830552468034,34.28826208093034],[136.69853652364168,34.28842880174784]]],[[[136.65739070002087,34.28834264040057],[136.65733399506792,34.28853649466356],[136.65717219174337,34.28845994616961],[136.65725175116745,34.28829633340911],[136.65739070002087,34.28834264040057]]],[[[136.65698724976187,34.28871391921206],[136.6568102200157,34.28871891944266],[136.6568160314348,34.28859941393188],[136.65695977996995,34.28857755860747],[136.65698724976187,34.28871391921206]]],[[[136.65912269805415,34.289171333290426],[136.65883085635903,34.28917380192945],[136.65864868968538,34.289074532064035],[136.65877846995045,34.28886377504324],[136.65894027237573,34.28909361297991],[136.65912269805415,34.289171333290426]]],[[[136.58128927438054,34.2896367207581],[136.5814579116534,34.289882413742475],[136.58118824903852,34.28993661318418],[136.5810483918699,34.28970566728276],[136.58128927438054,34.2896367207581]]],[[[136.6594415562829,34.289900613322686],[136.6593486895904,34.29001244132115],[136.65911983101546,34.28991838662432],[136.65938977961468,34.2898632788673],[136.6594415562829,34.289900613322686]]],[[[136.70450024558988,34.29059797281826],[136.70436002599445,34.29048319774142],[136.7045235802991,34.29045402733152],[136.70450024558988,34.29059797281826]]],[[[136.70513807985856,34.29088486464485],[136.70484649806747,34.290802531711506],[136.70484383877215,34.290640359664906],[136.70513807985856,34.29088486464485]]],[[[136.68487325599608,34.29104733256838],[136.68466561602543,34.29095689224681],[136.68481544667554,34.290909999796725],[136.68487325599608,34.29104733256838]]],[[[136.70266557735454,34.29116764027441],[136.70228180336255,34.29103516204316],[136.70246632895794,34.29085244138713],[136.70266557735454,34.29116764027441]]],[[[136.59150386501142,34.2906770807827],[136.59171005167764,34.29098958620051],[136.5913816336555,34.291078693726774],[136.59121508370924,34.290824360056206],[136.59150386501142,34.2906770807827]]],[[[136.59307730177613,34.29086955908292],[136.5931596625884,34.29107289220025],[136.5925298565677,34.29136408098759],[136.5924839173989,34.29105849495363],[136.59307730177613,34.29086955908292]]],[[[136.59230328137141,34.291306027051576],[136.59220450073724,34.29154777471007],[136.59198968867327,34.291569198359866],[136.59207863791892,34.291348693587395],[136.59230328137141,34.291306027051576]]],[[[136.7140881058815,34.29252641426268],[136.71414216592825,34.29262572100026],[136.7138206358137,34.29253700018245],[136.7138996106786,34.29248333313939],[136.7140881058815,34.29252641426268]]],[[[136.71419552540328,34.29273000008948],[136.71388713438375,34.292781828918294],[136.71393418871196,34.29261694631509],[136.71419552540328,34.29273000008948]]],[[[136.71166761297002,34.293490107982166],[136.71153355373053,34.29348891907841],[136.71140878089057,34.29341544086998],[136.71143688740244,34.29334810772906],[136.71166761297002,34.293490107982166]]],[[[136.70872627769563,34.293974532298876],[136.7085460832352,34.29404038695435],[136.70857924843358,34.29388819828176],[136.70872627769563,34.293974532298876]]],[[[136.71309719777753,34.29438586511566],[136.7129340598591,34.29433769382956],[136.71307481185318,34.2942430266944],[136.71309719777753,34.29438586511566]]],[[[136.68079036268512,34.29497949500774],[136.6807337737447,34.295049134909675],[136.68055605691654,34.29491308097397],[136.6806695585534,34.2948840535563],[136.68079036268512,34.29497949500774]]],[[[136.68220678321654,34.295373972730715],[136.6819545269799,34.295371135369635],[136.68254155584816,34.294403305668084],[136.68270038871208,34.294472306152045],[136.68220678321654,34.295373972730715]]],[[[136.6799928663778,34.295538107997345],[136.67962883340397,34.29542869377923],[136.68014367099363,34.295259694079675],[136.6799928663778,34.295538107997345]]],[[[136.68318344965655,34.29648466693391],[136.68309686113128,34.296417612582786],[136.68319121889965,34.29632027895775],[136.68332778185174,34.29639894625444],[136.68318344965655,34.29648466693391]]],[[[136.6794199739527,34.29660799995929],[136.67930077780875,34.29664472107709],[136.67918525269727,34.296475612559504],[136.67944871628526,34.2964967754059],[136.6794199739527,34.29660799995929]]],[[[136.6805512842144,34.29849672104689],[136.68056555105943,34.29865297285647],[136.6804445014127,34.2986451622445],[136.68043330665182,34.29855119837913],[136.6805512842144,34.29849672104689]]],[[[136.66293418856196,34.30013649540297],[136.6628011932205,34.300131801841246],[136.66277192028792,34.30002946798561],[136.66288778174578,34.29999546821631],[136.66293418856196,34.30013649540297]]],[[[136.68260433212424,34.30053886467692],[136.6799512187738,34.29661472059291],[136.68362089518826,34.29724855917374],[136.68260433212424,34.30053886467692]]],[[[136.6621267439541,34.30063977490573],[136.6620682232699,34.300823027061085],[136.66195616144773,34.30066541367796],[136.6621267439541,34.30063977490573]]],[[[136.68286736673565,34.30128108055749],[136.6827558112318,34.301310559434796],[136.68250495523955,34.30066308982981],[136.68259818435877,34.300638954724036],[136.68286736673565,34.30128108055749]]],[[[136.66505988280744,34.30318727906973],[136.66479269782485,34.30327655926584],[136.6647026334199,34.30318074819303],[136.66505988280744,34.30318727906973]]],[[[136.6649846428271,34.30468074811807],[136.66507836567405,34.30456702704669],[136.6651761606514,34.304678918897025],[136.6649846428271,34.30468074811807]]],[[[136.67150403428377,34.30571553234597],[136.67154839244438,34.3055280272967],[136.67185350183775,34.30553410761303],[136.67179630405622,34.30573491903135],[136.67150403428377,34.30571553234597]]],[[[136.6721201688108,34.30571944079958],[136.6723769126645,34.30540980242051],[136.67270647192618,34.30565997312931],[136.6721201688108,34.30571944079958]]],[[[136.6723637996497,34.30606989221178],[136.67209024566841,34.306029107957045],[136.67226963703422,34.30581166717474],[136.67245564201437,34.305856162032285],[136.6723637996497,34.30606989221178]]],[[[136.68628955871623,34.306443359973116],[136.68613396880767,34.30638861284427],[136.6862134760711,34.30631674801958],[136.68634613506617,34.306360559392374],[136.68628955871623,34.306443359973116]]],[[[136.68618077762085,34.30661191900492],[136.6860975615533,34.30674789200168],[136.6859791442222,34.30667941402379],[136.6860407261986,34.30658522532792],[136.68618077762085,34.30661191900492]]],[[[136.68653719783345,34.307287081433685],[136.68600002558082,34.307096721036885],[136.68636114115384,34.3065881975873],[136.687065913761,34.30697480174575],[136.68653719783345,34.307287081433685]]],[[[136.6865450318278,34.30819930605321],[136.6863721137821,34.30832336033484],[136.68621946825397,34.308043467931725],[136.68644250281932,34.30806699959243],[136.6865450318278,34.30819930605321]]],[[[136.67054856036782,34.30846777526767],[136.67036005167506,34.30846855857715],[136.670274890374,34.30836082878926],[136.67046894878297,34.3082799734421],[136.67054856036782,34.30846777526767]]],[[[136.64697169888484,34.313148892207664],[136.64693494179414,34.31354377462554],[136.6465478861761,34.31350849512103],[136.6465246953585,34.31312058604624],[136.64697169888484,34.313148892207664]]],[[[136.66138924771565,34.314539333123776],[136.6612813623451,34.314500891602904],[136.6612666152621,34.314310640024075],[136.66142622603957,34.31446033307799],[136.66138924771565,34.314539333123776]]],[[[136.67776224373267,34.3155902790682],[136.6775184438212,34.31556233263558],[136.67767306066332,34.31545619824499],[136.67776224373267,34.3155902790682]]],[[[136.68429863777203,34.319347134862426],[136.68439819721914,34.319482972960884],[136.684302698211,34.31951038699481],[136.68418583670712,34.31943799966399],[136.68429863777203,34.319347134862426]]],[[[136.68460505837686,34.319922225230584],[136.68414099920778,34.32009963988651],[136.68421910532754,34.31964013488437],[136.68460505837686,34.319922225230584]]],[[[136.68356533057556,34.32051558622538],[136.68337871585516,34.32059127856468],[136.68328814513188,34.32051433257044],[136.6834612448406,34.32043619767245],[136.68356533057556,34.32051558622538]]],[[[136.68396630410177,34.32122700032585],[136.68398834018979,34.32135708096456],[136.68378661506028,34.32125919785375],[136.68396630410177,34.32122700032585]]],[[[136.683510506105,34.322329721139795],[136.68329438372893,34.32233135970455],[136.683411893644,34.32213453228292],[136.683510506105,34.322329721139795]]],[[[136.70220121871137,34.32579166675208],[136.70215569413006,34.32583097342075],[136.7019713358086,34.325786224954356],[136.70203810597388,34.325712198159465],[136.70220121871137,34.32579166675208]]],[[[136.69526044091663,34.328456054003766],[136.69548002568274,34.32875455877593],[136.6951093898865,34.32877244089548],[136.69526044091663,34.328456054003766]]],[[[136.69001328078832,34.33079369417368],[136.68979557740408,34.330778251914865],[136.68991671878166,34.33068200017419],[136.69001328078832,34.33079369417368]]],[[[136.70453360594126,34.33063582898035],[136.70402827508485,34.331038468050906],[136.70391455311415,34.330498918890044],[136.70453360594126,34.33063582898035]]],[[[136.70910808037365,34.33148346788778],[136.70891325574223,34.33133061281757],[136.70903658876762,34.33116049526069],[136.70910808037365,34.33148346788778]]],[[[136.69768722368644,34.33872782892621],[136.69723155609154,34.33866669391284],[136.6972579511936,34.33848008099102],[136.69768722368644,34.33872782892621]]],[[[136.71456538328584,34.338517973026114],[136.71419194610155,34.33894091878841],[136.71350639380512,34.33834086503896],[136.71394360641239,34.33823555892394],[136.71456538328584,34.338517973026114]]],[[[136.71856455331158,34.34063864006123],[136.71515308664573,34.338316747919635],[136.71320428005356,34.33471082894164],[136.71753800327633,34.334817585663075],[136.71947555125575,34.33828349458764],[136.71856455331158,34.34063864006123]]],[[[136.6634110891505,34.342926973101385],[136.66367910510667,34.34331346844186],[136.66342177669367,34.34349813523079],[136.66306999968083,34.34325953160214],[136.6634110891505,34.342926973101385]]],[[[136.69618202298204,34.34616622499135],[136.69650430582908,34.34577130570125],[136.6973461611965,34.34525200027963],[136.69748791233735,34.34566166665263],[136.69655238718303,34.34580233321117],[136.69618202298204,34.34616622499135]]],[[[136.24177566781293,34.08630941394836],[136.24132046696604,34.08666599963624],[136.24096452699143,34.085878413857756],[136.24182858572067,34.08575591900052],[136.24177566781293,34.08630941394836]]],[[[136.2370242283855,34.08734641410575],[136.23711405986603,34.087417748330495],[136.23699686111627,34.087524720889235],[136.23691632862574,34.08739919801462],[136.2370242283855,34.08734641410575]]],[[[136.30440199725444,34.10241397312643],[136.30435121883374,34.102583945892434],[136.3041954994228,34.10249308109087],[136.30440199725444,34.10241397312643]]],[[[136.24780664106368,34.1026076133507],[136.24772505816497,34.10268866744809],[136.24751002576716,34.10269466682547],[136.24766761307,34.102545224682444],[136.24780664106368,34.1026076133507]]],[[[136.30667763906183,34.10485010794616],[136.30648968884816,34.10494327860948],[136.3065018944469,34.10480374789472],[136.30667763906183,34.10485010794616]]],[[[136.3061202203719,34.10479930614309],[136.30637510982353,34.10484672109936],[136.30633752265862,34.105003972955046],[136.30602830066562,34.10500977538089],[136.3061202203719,34.10479930614309]]],[[[136.30845180270865,34.10538500041747],[136.30815988277243,34.105679387194016],[136.3079994940814,34.105322748446156],[136.30845180270865,34.10538500041747]]],[[[136.30733311263316,34.10597961326857],[136.3074743061943,34.10608627915849],[136.30726411214914,34.106200585688555],[136.3071813880107,34.106042829313196],[136.30733311263316,34.10597961326857]]],[[[136.30843274967174,34.111840972582854],[136.308478170831,34.11199113508286],[136.30827557695636,34.11190374795967],[136.30843274967174,34.111840972582854]]],[[[136.3143132168815,34.11381263994144],[136.31371616057243,34.113724721318874],[136.31361810569103,34.11358830585567],[136.31424141411003,34.11365658598271],[136.3143132168815,34.11381263994144]]],[[[136.3217747210266,34.11539808085678],[136.32136944244587,34.115322586368336],[136.3214019970046,34.11518346844235],[136.32186094712506,34.11526325179767],[136.3217747210266,34.11539808085678]]],[[[136.3222844747488,34.11544010797468],[136.32200786037447,34.1154177481306],[136.32202649792464,34.11533258593016],[136.3222844747488,34.11544010797468]]],[[[136.31919566774593,34.11539263995843],[136.31888861221978,34.11537791895586],[136.31896508427133,34.11518902715193],[136.31919566774593,34.11539263995843]]],[[[136.3206288066741,34.11573430589357],[136.3194816341702,34.115572026827635],[136.3195765243372,34.11486005424814],[136.3207487546514,34.11540816225693],[136.3206288066741,34.11573430589357]]],[[[136.3150486123037,34.11557346844086],[136.31523949430732,34.11560319822905],[136.31519282668762,34.11579182922958],[136.31494946834334,34.11567255934119],[136.3150486123037,34.11557346844086]]],[[[136.3196163939815,34.1162397752455],[136.31917296975678,34.11622064037033],[136.31902919604067,34.115776054221556],[136.31953394323693,34.1158494137195],[136.3196163939815,34.1162397752455]]],[[[136.31876325571977,34.11634763993169],[136.31873180283048,34.116142721309586],[136.3189360046929,34.116165252024814],[136.31876325571977,34.11634763993169]]],[[[136.3199195590405,34.1163142517014],[136.31980830121222,34.11624882872053],[136.31985102530462,34.116167666704484],[136.3199891054129,34.11622158555775],[136.3199195590405,34.1163142517014]]],[[[136.31333839225306,34.11630869389114],[136.31346975442568,34.116450251677804],[136.31337566825255,34.11648225225417],[136.31333839225306,34.11630869389114]]],[[[136.31964727580123,34.11638197334946],[136.3196971342154,34.11649308099095],[136.31953374808404,34.11659916232156],[136.31942444897925,34.11647819811043],[136.31964727580123,34.11638197334946]]],[[[136.3202862522088,34.11645125172396],[136.32040150482567,34.11654119831769],[136.32030272419138,34.11665019794833],[136.32010944189733,34.11645505405755],[136.3202862522088,34.11645125172396]]],[[[136.2875318029504,34.11763413540706],[136.28758425411013,34.1177286937243],[136.28734771712357,34.11782238689369],[136.2873940861682,34.117653306255136],[136.2875318029504,34.11763413540706]]],[[[136.29138652386905,34.11780149474322],[136.29151063570737,34.11782708135479],[136.29150374779977,34.11794197334342],[136.29130111525433,34.11786230600069],[136.29138652386905,34.11780149474322]]],[[[136.30968608264664,34.11831455886983],[136.3095465888041,34.118347251924206],[136.309541050779,34.11813882864408],[136.30979416317018,34.11820130634527],[136.30968608264664,34.11831455886983]]],[[[136.3116939953817,34.11824444142786],[136.31174128443274,34.11839536025769],[136.3114558369174,34.11827500039101],[136.3116939953817,34.11824444142786]]],[[[136.31194747109896,34.11831349497186],[136.31213413708088,34.118397134620125],[136.31239155632534,34.118412558892544],[136.31234722424506,34.11850705425718],[136.31213713362183,34.118502278857136],[136.31194747109896,34.11831349497186]]],[[[136.30928588793347,34.11808608070811],[136.309428755133,34.118496053749936],[136.30914522677085,34.11842219782625],[136.30928588793347,34.11808608070811]]],[[[136.29348561616837,34.12660646821399],[136.29329464333318,34.12662453199658],[136.29296124486564,34.12656002722355],[136.29341822277286,34.126496919097576],[136.29348561616837,34.12660646821399]]],[[[136.29346936362026,34.127334197815],[136.29296542221653,34.12732080241318],[136.29316319122836,34.127082224864864],[136.29346936362026,34.127334197815]]],[[[136.2896689752431,34.13042019803379],[136.28973294402022,34.130578639692544],[136.28951503199323,34.13051405398045],[136.2896689752431,34.13042019803379]]],[[[136.28437391722252,34.1309420539327],[136.28394822313203,34.130999026883615],[136.28390824916642,34.13068338732853],[136.28437391722252,34.1309420539327]]],[[[136.28451228331528,34.13137099997175],[136.28416744457195,34.131321747700554],[136.284351893725,34.1311984407555],[136.28451228331528,34.13137099997175]]],[[[136.2907573275886,34.13185919784377],[136.29089263328842,34.131983558794275],[136.29080949366323,34.13202172062597],[136.2907573275886,34.13185919784377]]],[[[136.28790099893206,34.132085279312264],[136.28770147894022,34.132271467754094],[136.2876431651,34.13204999980769],[136.28790099893206,34.132085279312264]]],[[[136.29089413695488,34.132638748179716],[136.29030383905103,34.132276360066044],[136.2909048379879,34.132187468377026],[136.29089413695488,34.132638748179716]]],[[[136.29123116688493,34.1327858017234],[136.29108016891473,34.13266174834109],[136.2912000782211,34.132541919074356],[136.29129795143933,34.13268249480137],[136.29123116688493,34.1327858017234]]],[[[136.29164900090075,34.13277319772493],[136.29139406018783,34.132697532365285],[136.29153092081538,34.13233149480271],[136.29176766464604,34.132630441142],[136.29164900090075,34.13277319772493]]],[[[136.288642891956,34.13303074827047],[136.28868007802328,34.13284402743],[136.28905341088625,34.13288725244479],[136.28903136220765,34.13302677506567],[136.288642891956,34.13303074827047]]],[[[136.29118516206563,34.13340855885798],[136.29088286575177,34.133430558973146],[136.2909807002991,34.133312945635964],[136.29118516206563,34.13340855885798]]],[[[136.28038691322558,34.13417191869917],[136.28040608317428,34.13396891923031],[136.2806145010585,34.13420682858231],[136.28038691322558,34.13417191869917]]],[[[136.29805758778753,34.13788925198742],[136.29784975356336,34.137866026995596],[136.29765691283637,34.13775955895653],[136.29756671892903,34.13755269420153],[136.29796033690013,34.13776866729023],[136.29805758778753,34.13788925198742]]],[[[136.2982228660925,34.13858289188698],[136.29828211432823,34.13880966673281],[136.29805708236847,34.13874053224981],[136.2982228660925,34.13858289188698]]],[[[136.29919914402535,34.13927941411373],[136.29943466927466,34.13956213488467],[136.2991998832681,34.139712640026346],[136.29892508372575,34.13957058581394],[136.29919914402535,34.13927941411373]]],[[[136.29804150521136,34.138930972686296],[136.2986035023498,34.13930694595882],[136.29815267220818,34.13942894618896],[136.29804150521136,34.138930972686296]]],[[[136.29815508418983,34.13963053192356],[136.29750325557086,34.13970361263165],[136.29777121936638,34.13919282918579],[136.29815508418983,34.13963053192356]]],[[[136.2971663938141,34.139587467887395],[136.29713538339126,34.13977853155404],[136.296963385352,34.139709864718554],[136.2971663938141,34.139587467887395]]],[[[136.2959129439273,34.13990597268253],[136.29613761256087,34.13996927865935],[136.29611933923616,34.140042532037285],[136.29592929989735,34.14002964025576],[136.2959129439273,34.13990597268253]]],[[[136.29661703035174,34.14013219804258],[136.29669810603286,34.14022208078444],[136.29650985724413,34.140248494772266],[136.29647807969968,34.14014858638819],[136.29661703035174,34.14013219804258]]],[[[136.29588486439502,34.14030925207038],[136.29597741902273,34.14039394572404],[136.2957962775762,34.140562359964974],[136.29571503192324,34.14030425183978],[136.29588486439502,34.14030925207038]]],[[[136.28930997397617,34.140784532080545],[136.28954508373874,34.14088261304221],[136.2894226068679,34.14093663981413],[136.28930997397617,34.140784532080545]]],[[[136.28832033661433,34.141140919018255],[136.2884754732645,34.1411943873112],[136.28838936407794,34.14128374844631],[136.28828330702902,34.141220721259344],[136.28832033661433,34.141140919018255]]],[[[136.28882386522923,34.141132531940855],[136.28865822269893,34.14121225234362],[136.2882989750177,34.141079224626594],[136.28829544697737,34.14083453168831],[136.28862513574154,34.14091986476001],[136.28882386522923,34.141132531940855]]],[[[136.28954274999796,34.141252918787245],[136.28972243814007,34.14141289199142],[136.28968481230436,34.14153774756903],[136.28935511005034,34.14136191931715],[136.28954274999796,34.141252918787245]]],[[[136.28027878144064,34.142241360050775],[136.2802250838206,34.142363107571384],[136.2799932556843,34.14223364027032],[136.28024975402298,34.14218310826391],[136.28027878144064,34.142241360050775]]],[[[136.28129128406556,34.1423857480039],[136.2813579508088,34.142246387261025],[136.28159130959136,34.14231680237856],[136.28129128406556,34.1423857480039]]],[[[136.28049963694878,34.142231865008625],[136.28083379984002,34.14235938707611],[136.28076167331267,34.142446107801675],[136.28056807985308,34.14237297313423],[136.28049963694878,34.142231865008625]]],[[[136.2812151357699,34.14240864024663],[136.28132121889917,34.142424999813954],[136.28125321666266,34.14254713494239],[136.28109163367208,34.142477000413294],[136.2812151357699,34.14240864024663]]],[[[136.31802941612477,34.143687612893075],[136.31777652406743,34.14368636013745],[136.31778968924277,34.14357986511874],[136.31802941612477,34.143687612893075]]],[[[136.31718644559805,34.14423930559951],[136.31658516157597,34.14418161319094],[136.31668827514386,34.143541586375136],[136.3172559398098,34.14391841400368],[136.31718644559805,34.14423930559951]]],[[[136.28428197143592,34.14457858563327],[136.28435286589206,34.14469589230163],[136.28427878064133,34.14482030631211],[136.28417389091237,34.14461308092899],[136.28428197143592,34.14457858563327]]],[[[136.28364138793972,34.14533738681098],[136.28347269760695,34.14515249519155],[136.28375756236164,34.14512066728503],[136.28364138793972,34.14533738681098]]],[[[136.3631359655525,34.147646693839874],[136.36288335858023,34.147603892405755],[136.362966667278,34.1474868015747],[136.3631359655525,34.147646693839874]]],[[[136.3662422436846,34.147814721372356],[136.36593372226355,34.14791680161915],[136.36594516163996,34.14770100030097],[136.3662422436846,34.147814721372356]]],[[[136.36366833992201,34.148179748096936],[136.3636606363293,34.14797916240849],[136.36381119273244,34.14801480164181],[136.36366833992201,34.148179748096936]]],[[[136.363048885098,34.148175468223315],[136.3628842803853,34.14817674795859],[136.36293786019417,34.14805055868641],[136.363048885098,34.148175468223315]]],[[[136.3662536057194,34.14821110835601],[136.36592347628743,34.14812635984367],[136.36586827500093,34.14795053159179],[136.3662536057194,34.14821110835601]]],[[[136.36191878082718,34.148293306391054],[136.36175269762896,34.1482805324207],[136.36175686059073,34.148139251625196],[136.36192868955743,34.148176414310115],[136.36191878082718,34.148293306391054]]],[[[136.36428394294967,34.14823238721493],[136.3640261999492,34.14823000041423],[136.36405085576246,34.14806530576931],[136.36428394294967,34.14823238721493]]],[[[136.36305819667848,34.14837325162432],[136.3629170040166,34.14829586496222],[136.3627806362175,34.14830941414817],[136.36276063619448,34.14822138670769],[136.3629938645753,34.148265612667956],[136.36305819667848,34.14837325162432]]],[[[136.3627801173086,34.148467026632034],[136.36259630397626,34.148469279433755],[136.3626500258781,34.148324693629775],[136.3627801173086,34.148467026632034]]],[[[136.3667596893083,34.15059286476895],[136.36655411238246,34.150600775205646],[136.36635658888554,34.15056469440515],[136.36638333292456,34.15048310790917],[136.36655632921133,34.15053549521696],[136.36667586260103,34.15051586481536],[136.3667596893083,34.15059286476895]]],[[[136.36735994810317,34.150569162237105],[136.36727652429227,34.150638748179745],[136.36705910509374,34.15062019786387],[136.3671495589051,34.150495333293065],[136.36735994810317,34.150569162237105]]],[[[136.35549274979064,34.1514282522121],[136.35526308722172,34.15146146777255],[136.35534693911006,34.15131263986649],[136.35549274979064,34.1514282522121]]],[[[136.35437953298913,34.151393891814735],[136.3545482233219,34.15143469405592],[136.3544159663238,34.151581027242685],[136.35437953298913,34.151393891814735]]],[[[136.366443216981,34.151467000401794],[136.36634044065886,34.15147291884017],[136.3663185862339,34.151358107790486],[136.36643953335783,34.151364332897685],[136.366443216981,34.151467000401794]]],[[[136.35742946769585,34.15142713525415],[136.35762457831174,34.151556494636566],[136.35744625174323,34.151596775271],[136.35742946769585,34.15142713525415]]],[[[136.3560886639607,34.15168808074037],[136.35597258126973,34.1516504414148],[136.3560388334255,34.15146705436115],[136.35610963705017,34.15151616184147],[136.3560886639607,34.15168808074037]]],[[[136.360415837421,34.15198289199691],[136.35975408568254,34.15195553192234],[136.35971817125665,34.151563801628186],[136.36049313864748,34.15177655874123],[136.360415837421,34.15198289199691]]],[[[136.35562841791727,34.152046802318125],[136.35539819686937,34.151923775062244],[136.35534500556764,34.151702774763294],[136.35566477301097,34.151798306146986],[136.35562841791727,34.152046802318125]]],[[[136.36303802938164,34.15212869368429],[136.36296880676514,34.14869394626868],[136.36602775627603,34.148471080775835],[136.36593204862515,34.15110130638021],[136.36303802938164,34.15212869368429]]],[[[136.35954944225307,34.15218794641663],[136.35969883313476,34.15224836017376],[136.35965680871482,34.152340612629246],[136.35946555079465,34.152327468138196],[136.35954944225307,34.15218794641663]]],[[[136.36572119267896,34.15257425200019],[136.36559883272002,34.152669000074354],[136.36521647156303,34.15247161327437],[136.36569875459395,34.152526891902596],[136.36572119267896,34.15257425200019]]],[[[136.361660000009,34.15273502739967],[136.36149325580914,34.152744359664496],[136.36145094720348,34.15259066732551],[136.3616187157312,34.15262246825233],[136.361660000009,34.15273502739967]]],[[[136.364044967901,34.152586891971566],[136.3643465501532,34.15270933286945],[136.36413247733208,34.152887027214604],[136.364044967901,34.152586891971566]]],[[[136.35761786037597,34.15276555938311],[136.3568571076695,34.152408306398286],[136.3580467830327,34.1520734141568],[136.35833678291624,34.152646613250624],[136.35761786037597,34.15276555938311]]],[[[136.36253963679485,34.152816559037035],[136.36226233533853,34.15287038705878],[136.36229693855296,34.152645251677086],[136.36253963679485,34.152816559037035]]],[[[136.36296233524365,34.15268430563623],[136.36298849472337,34.152967414014995],[136.3627403106169,34.15290558562435],[136.36296233524365,34.15268430563623]]],[[[136.3661133852246,34.152987279139666],[136.3663776132363,34.15301974826281],[136.3662570303377,34.153124693749646],[136.3661133852246,34.152987279139666]]],[[[136.28884880702685,34.156489440635255],[136.28881108856092,34.15674763959197],[136.28810727642974,34.15657322507434],[136.2882731905554,34.15640433329338],[136.28884880702685,34.156489440635255]]],[[[136.30121044090913,34.15695091874994],[136.30111552466178,34.15706716241965],[136.30095538328442,34.15704944127873],[136.30099255496248,34.15694855892889],[136.30121044090913,34.15695091874994]]],[[[136.30456425383727,34.15785802712628],[136.30452447502455,34.15804266693556],[136.30430756214434,34.1579797476673],[136.30429389065057,34.157826693846914],[136.30456425383727,34.15785802712628]]],[[[136.30558233495685,34.158492279395205],[136.3048347213454,34.158302278727206],[136.30502722392725,34.158004468231695],[136.30545508358534,34.15814991918347],[136.30558233495685,34.158492279395205]]],[[[136.28916511028171,34.159404252204524],[136.2891057199531,34.159319197922684],[136.28938530478808,34.15931413473959],[136.28935858593002,34.159395053938624],[136.28916511028171,34.159404252204524]]],[[[136.3058996373585,34.15935602695913],[136.3060829443724,34.15948253189339],[136.30598372217105,34.15963910835819],[136.3057526332775,34.15952789189873],[136.3058996373585,34.15935602695913]]],[[[136.30800644584087,34.160387414447655],[136.3078086120778,34.16035355856991],[136.30790944226703,34.16019238656946],[136.30800644584087,34.160387414447655]]],[[[136.30585686110533,34.163313134793384],[136.30558233495685,34.163313107813735],[136.30561111506097,34.1631671622348],[136.30585686110533,34.163313134793384]]],[[[136.30645418900963,34.163712413996734],[136.30582547296729,34.16369269366294],[136.30606180310974,34.1635737205508],[136.306409442342,34.163515802412405],[136.30645418900963,34.163712413996734]]],[[[136.32490275016187,34.16396808136193],[136.32473783428372,34.16400710834142],[136.32466269772533,34.163903081062415],[136.3248930608661,34.16389641438809],[136.32490275016187,34.16396808136193]]],[[[136.30407403428933,34.163659080602145],[136.3001437478357,34.16247830582921],[136.30275163428053,34.1570591980236],[136.3055814401314,34.158758892409026],[136.30407403428933,34.163659080602145]]],[[[136.3235284700629,34.16417555855526],[136.32355871606194,34.16426041408687],[136.32347391718758,34.164346197718885],[136.32338885930847,34.164258864554995],[136.3235284700629,34.16417555855526]]],[[[136.32453591400133,34.16430316156169],[136.3247165239485,34.164503946000366],[136.32449929990287,34.16451316225266],[136.32453591400133,34.16430316156169]]],[[[136.32374036292742,34.16453355887671],[136.32366355363013,34.16458777540555],[136.32346108925788,34.16450680224716],[136.32368944241387,34.16438177489903],[136.32374036292742,34.16453355887671]]],[[[136.3252207783163,34.1646229730718],[136.3248643581037,34.164587829364905],[136.3247469390201,34.16435049467964],[136.32512450139473,34.16432155899281],[136.3252207783163,34.1646229730718]]],[[[136.32095016861547,34.16485266711692],[136.32114374768582,34.1653023326366],[136.32081975432823,34.165297945743646],[136.32095016861547,34.16485266711692]]],[[[136.32005795121358,34.165398559196205],[136.31979496786357,34.16538364034278],[136.31957230921478,34.16503449474618],[136.32006128410103,34.16504169381915],[136.32005795121358,34.165398559196205]]],[[[136.29658513589538,34.16541316238761],[136.29652014279043,34.165283495436995],[136.29671483791947,34.165283107829225],[136.2967214398426,34.1654366400889],[136.29658513589538,34.16541316238761]]],[[[136.3242360305684,34.165436828946554],[136.32295105135006,34.16489466725517],[136.3242777168432,34.16442655933827],[136.3242360305684,34.165436828946554]]],[[[136.29970197116904,34.16532977544881],[136.29982319078772,34.16547372093555],[136.29961391674897,34.165428801597955],[136.29970197116904,34.16532977544881]]],[[[136.32064031080176,34.16554435998427],[136.32068263289727,34.165723945603645],[136.32046258138314,34.16561641366661],[136.32064031080176,34.16554435998427]]],[[[136.3203475230198,34.16579658564399],[136.32004852092257,34.16588669411567],[136.31987169891988,34.16556141382824],[136.32011461659636,34.16554872079689],[136.3203475230198,34.16579658564399]]],[[[136.3000480536748,34.16768272118071],[136.299890441191,34.16782897342841],[136.29970902724983,34.16756689209842],[136.29998878115737,34.167573306063275],[136.3000480536748,34.16768272118071]]],[[[136.32100494182464,34.16848819807194],[136.32093486395286,34.16860405413382],[136.32078785987187,34.168509386998664],[136.32100494182464,34.16848819807194]]],[[[136.3054998572327,34.16952916244094],[136.30482444928896,34.16950630617117],[136.305106550427,34.16928761263324],[136.3054998572327,34.16952916244094]]],[[[136.3216892998214,34.17015874812779],[136.32178294442735,34.17036444106617],[136.32139022038245,34.170291441297024],[136.3216892998214,34.17015874812779]]],[[[136.3216705318696,34.17038330614474],[136.32163503203117,34.170460108247426],[136.3214542539107,34.1704430274238],[136.32139797703508,34.1703338919956],[136.3216705318696,34.17038330614474]]],[[[136.3027779115714,34.17052891897447],[136.30258997394822,34.170537585741044],[136.30262741902027,34.170421639746905],[136.3027779115714,34.17052891897447]]],[[[136.30277477293748,34.17062069388999],[136.30280389118673,34.17078527881762],[136.30270483805793,34.170807494770145],[136.3026245268005,34.17064991915851],[136.30277477293748,34.17062069388999]]],[[[136.30297583706533,34.17054916181439],[136.30333403433826,34.170769612627566],[136.30321367087424,34.170870279140104],[136.30302114131268,34.170778613042614],[136.30297583706533,34.17054916181439]]],[[[136.305239533178,34.17106919838483],[136.30399557743397,34.17094766670152],[136.3035453570327,34.170229225298556],[136.30457997398662,34.16987080229575],[136.305239533178,34.17106919838483]]],[[[136.300364721155,34.171033414360636],[136.30028250333487,34.17121819806147],[136.30020658886303,34.1711583328908],[136.300364721155,34.171033414360636]]],[[[136.3195186637554,34.17141627913804],[136.31896635501334,34.17067319810968],[136.32035191980538,34.16885133262298],[136.32124827498797,34.17024763981675],[136.3195186637554,34.17141627913804]]],[[[136.31892355357922,34.1750666668932],[136.3178869392309,34.17448438734465],[136.31984522737537,34.17246091903621],[136.3203783661687,34.173436946058246],[136.31892355357922,34.1750666668932]]],[[[136.30216350194416,34.17605646793169],[136.3022233590209,34.176206332756124],[136.30205333319486,34.17628382913546],[136.3020273283986,34.17614155908575],[136.30216350194416,34.17605646793169]]],[[[136.33099625237526,34.176719054241005],[136.33086352772966,34.17676394569958],[136.33063980518295,34.176751026938405],[136.3306407782494,34.176694027007784],[136.330950219677,34.17668319827101],[136.33099625237526,34.176719054241005]]],[[[136.32950477262727,34.17710894632086],[136.3291601686069,34.177060918926315],[136.32929233477353,34.176956972586254],[136.32950477262727,34.17710894632086]]],[[[136.33678542220957,34.17756927869931],[136.3366396888706,34.17703980194534],[136.33749616091916,34.17720946804258],[136.33678542220957,34.17756927869931]]],[[[136.33046143994352,34.17702413485597],[136.3307594419947,34.17722366743834],[136.33068204903736,34.177295386572894],[136.33039830124062,34.177106721398104],[136.33046143994352,34.17702413485597]]],[[[136.33179033665476,34.17764255905689],[136.33177717327794,34.177824359706506],[136.3316059396625,34.17773358573646],[136.33179033665476,34.17764255905689]]],[[[136.33030379958075,34.17727197272342],[136.33056211365067,34.17763272137307],[136.33050204883057,34.17789669397729],[136.32987355402133,34.17751655864231],[136.33030379958075,34.17727197272342]]],[[[136.33156535685578,34.177806892174374],[136.3317378603141,34.17792489222006],[136.3319239687163,34.17813366713506],[136.33183221808247,34.17819582917423],[136.33170727616994,34.17792625199496],[136.33156535685578,34.177806892174374]]],[[[136.3081787811259,34.17876349473954],[136.30800282696896,34.17874041363922],[136.30822783374754,34.17862110777793],[136.3081787811259,34.17876349473954]]],[[[136.30801522682134,34.17913736000122],[136.3078984948197,34.17904810768408],[136.30812144035224,34.17902049489999],[136.30801522682134,34.17913736000122]]],[[[136.3174572242715,34.17907280216815],[136.31757610925013,34.17922053200198],[136.31733941578148,34.179218639828434],[136.3174572242715,34.17907280216815]]],[[[136.33534508420837,34.17922916189633],[136.33549325560932,34.17774286494131],[136.33690763917627,34.17832069374509],[136.33534508420837,34.17922916189633]]],[[[136.32956830073658,34.18120100012612],[136.32943263260995,34.181292613163635],[136.32905311331058,34.18131308083406],[136.32878124465878,34.18114333289856],[136.32956830073658,34.18120100012612]]],[[[136.3805393903806,34.183096693657546],[136.3806065499524,34.18297586524403],[136.3809396894152,34.18290008117384],[136.38106605675318,34.18301544080998],[136.3805393903806,34.183096693657546]]],[[[136.31921858606893,34.18321319813066],[136.31907756158023,34.183299026728776],[136.3190233594405,34.18316972130566],[136.31921858606893,34.18321319813066]]],[[[136.37991963698175,34.18351063990417],[136.37975907921816,34.18351555919577],[136.37969208781965,34.18330397300002],[136.37998752320573,34.18331449506792],[136.37991963698175,34.18351063990417]]],[[[136.3190722825599,34.183711972929245],[136.31885700374778,34.18355855938006],[136.31901442287733,34.183412360192335],[136.31914503231746,34.183557802150915],[136.3190722825599,34.183711972929245]]],[[[136.37803530458575,34.183899000438544],[136.37776160761211,34.18385349474306],[136.37799345013764,34.183656251834634],[136.37803530458575,34.183899000438544]]],[[[136.3772611411888,34.18374666697514],[136.37754311282447,34.183901225361296],[136.37764267227158,34.1840626671584],[136.37733031074526,34.18388646838588],[136.3772611411888,34.18374666697514]]],[[[136.37657102483297,34.18415991894517],[136.3760968608815,34.184140278651],[136.3763850324434,34.18395402725662],[136.37657102483297,34.18415991894517]]],[[[136.37875383861888,34.18433900004487],[136.37846108860845,34.184325666696225],[136.37833136230256,34.184183613383084],[136.37868577163113,34.184279802171204],[136.37875383861888,34.18433900004487]]],[[[136.37667172462045,34.18418844094384],[136.3768478343601,34.18426833311713],[136.37687275007738,34.18438158564169],[136.37663827523625,34.1842786402471],[136.37667172462045,34.18418844094384]]],[[[136.319332996021,34.18420880159499],[136.31947756203988,34.18424819819586],[136.31945155634435,34.184378721301016],[136.3193266414114,34.184365693721816],[136.319332996021,34.18420880159499]]],[[[136.3809067193697,34.184424864615835],[136.38005208823336,34.18414016173915],[136.37890661544805,34.18395508126207],[136.38026133619178,34.18357646757994],[136.38078274962425,34.183967586335086],[136.3809067193697,34.184424864615835]]],[[[136.37762552489812,34.184401639624014],[136.37743708185587,34.18437641364062],[136.37753380034462,34.184268666765604],[136.37762552489812,34.184401639624014]]],[[[136.3749328917396,34.18451013473498],[136.37493503212613,34.184058891804455],[136.3754007523429,34.18396010757294],[136.37569988304324,34.18426005395838],[136.3749328917396,34.18451013473498]]],[[[136.32010477261724,34.18446210823976],[136.3204087812403,34.184524441150074],[136.3204112193024,34.18465894555396],[136.32001691334995,34.184523108354824],[136.32010477261724,34.18446210823976]]],[[[136.32348486373553,34.18483886482181],[136.3234291957009,34.1849256673857],[136.32303291843448,34.18473374756445],[136.32309795110962,34.18465597329458],[136.32348486373553,34.18483886482181]]],[[[136.37804800301296,34.18499294566794],[136.37795250310558,34.18488846782856],[136.37791185464846,34.184727224781625],[136.3780598048162,34.184793558775766],[136.37804800301296,34.18499294566794]]],[[[136.37834671912583,34.18514908056568],[136.378072387231,34.18510566669323],[136.37820472067142,34.18502663966774],[136.37834671912583,34.18514908056568]]],[[[136.3777367440556,34.1851894412398],[136.37736060980433,34.18471936021035],[136.37781897536547,34.18467061335815],[136.3777367440556,34.1851894412398]]],[[[136.37852438379332,34.18543235981559],[136.37880963705516,34.185509197891236],[136.37873192034192,34.18557316217175],[136.37851269800262,34.18553094619625],[136.37852438379332,34.18543235981559]]],[[[136.32496216567142,34.185634306178315],[136.32490547330906,34.18570333274266],[136.32469352828377,34.18580191912332],[136.32463686110236,34.18573461296205],[136.32476085602877,34.18565349501284],[136.32496216567142,34.185634306178315]]],[[[136.35877230929475,34.18640391900573],[136.3583988073591,34.18636497296518],[136.35804124500748,34.18601277506957],[136.35867038912727,34.18606541418757],[136.35877230929475,34.18640391900573]]],[[[136.3580525548815,34.18758582872306],[136.35819369628211,34.18770625244167],[136.35804875524593,34.18778430640066],[136.35789910535948,34.187727305570775],[136.3580525548815,34.18758582872306]]],[[[136.3678627500659,34.18783513518338],[136.36810355433568,34.18790105369072],[136.36810883335602,34.187964865086485],[136.3678229703538,34.187893494888954],[136.3678627500659,34.18783513518338]]],[[[136.36719255459275,34.188231414248435],[136.36695941614425,34.188059278612855],[136.36723535692624,34.18796730584654],[136.36719255459275,34.188231414248435]]],[[[136.35946308665223,34.1880764952341],[136.3589646949648,34.18836313525054],[136.35852294437848,34.18816608119977],[136.35901477281357,34.188018414318435],[136.35946308665223,34.1880764952341]]],[[[136.36294924830918,34.1882728918805],[136.3626673279349,34.18841113476611],[136.36265702979813,34.188335865108115],[136.36277891131772,34.18826789164996],[136.36294924830918,34.1882728918805]]],[[[136.36291041468394,34.18882658557851],[136.36282805387168,34.18887325229883],[136.36256778197765,34.18875033296155],[136.36289204872912,34.18877280162354],[136.36291041468394,34.18882658557851]]],[[[136.36026228267826,34.18902705435511],[136.35970975360226,34.189290413621734],[136.3596618287305,34.18881180162339],[136.36026228267826,34.18902705435511]]],[[[136.37883197081885,34.190214135174244],[136.37904097326236,34.1903921982414],[136.378933256065,34.19044480228587],[136.378677418728,34.190302161715465],[136.37883197081885,34.190214135174244]]],[[[136.37781241211314,34.1905724952245],[136.3775066668992,34.190572640015375],[136.37745077763134,34.190349946293054],[136.37784963685135,34.190379441358175],[136.37781241211314,34.1905724952245]]],[[[136.37971121909754,34.19065202676967],[136.37969097266034,34.19088010833036],[136.37952360612962,34.19077064015295],[136.37971121909754,34.19065202676967]]],[[[136.37932408613779,34.190790802053925],[136.37831328143284,34.190658775282316],[136.37833600460294,34.190375333255076],[136.37932408613779,34.190790802053925]]],[[[136.37875197072697,34.19112653156424],[136.37868586336197,34.19087635995612],[136.37883228288365,34.19084461298854],[136.37894622608758,34.19096813487158],[136.37873302201137,34.19101461273425],[136.37875197072697,34.19112653156424]]],[[[136.37933985664915,34.19104508086582],[136.37928600524504,34.19130058635301],[136.3790845777911,34.19111980193736],[136.37933985664915,34.19104508086582]]],[[[136.3799831129304,34.19130655875074],[136.37955114067267,34.19124458556922],[136.37972289229765,34.19115127910828],[136.3799831129304,34.19130655875074]]],[[[136.37927814517036,34.19136066736098],[136.37933204873514,34.191458775302294],[136.37911975387362,34.19150955911891],[136.37920070005237,34.19136746803429],[136.37927814517036,34.19136066736098]]],[[[136.37970671889002,34.192407613120906],[136.37966613518404,34.19255316209882],[136.37947024575533,34.19246674804202],[136.37951577213528,34.19238916173049],[136.37970671889002,34.192407613120906]]],[[[136.3694328917146,34.19304546807393],[136.369336109374,34.19317135967054],[136.36919060985883,34.19304808060451],[136.3694328917146,34.19304546807393]]],[[[136.37714185511254,34.19482825172247],[136.37707780809444,34.194867026891814],[136.37682099859023,34.19482222536544],[136.37696871583364,34.19473853175788],[136.37714185511254,34.19482825172247]]],[[[136.35853678314606,34.19548558599104],[136.35858247679994,34.195566224601635],[136.35845910510363,34.19561480238127],[136.35840902725488,34.19549730595594],[136.35853678314606,34.19548558599104]]],[[[136.34183525309447,34.200000000099976],[136.34229180292448,34.20017713506678],[136.34224027177117,34.200262026571295],[136.34183525309447,34.200000000099976]]],[[[136.34878868974624,34.20467558620936],[136.34911119292724,34.20498861323398],[136.34868861228972,34.20492533333754],[136.34878868974624,34.20467558620936]]],[[[136.3440880539206,34.206292251586206],[136.34395510984052,34.206211666934905],[136.3439729703764,34.206063829182426],[136.34410586319507,34.2061077205949],[136.3440880539206,34.206292251586206]]],[[[136.34393505765684,34.20626886471638],[136.3439743580302,34.20640922460609],[136.34374319089557,34.206398413855766],[136.34393505765684,34.20626886471638]]],[[[136.02431999996804,33.7362908652313],[136.0236682486908,33.73512919835389],[136.02385525281773,33.73508722519534],[136.02431999996804,33.7362908652313]]],[[[136.02299330659594,33.74157094594244],[136.02300330705702,33.74181269360099],[136.02275591435398,33.74177297324417],[136.02299330659594,33.74157094594244]]],[[[136.022262139786,33.74214480244075],[136.0222832558676,33.74235500008325],[136.02214756166074,33.742301801586905],[136.022262139786,33.74214480244075]]],[[[136.02262722406715,33.74245789241786],[136.0223073019405,33.7423859187752],[136.02239488961254,33.74211502678713],[136.0227145779155,33.74220261266049],[136.02262722406715,33.74245789241786]]],[[[136.024990636109,33.75055569389019],[136.0248560049008,33.750460414316706],[136.02509736675017,33.75042908103734],[136.024990636109,33.75055569389019]]],[[[136.02469418898568,33.750782054148544],[136.0246013879438,33.75088035994071],[136.024344889605,33.75074569365887],[136.0244651883179,33.75061133314654],[136.02469418898568,33.750782054148544]]]]}},{"type":"Feature","id":"JP-24-capital","properties":{"Kind":"capital","PrefectureCode":"24","PrefectureName":"Mie","CapitalName":"Tsu","CapitalNameJapanese":"津市","PointKind":"prefecture-representative-point"},"geometry":{"type":"Point","coordinates":[136.508606,34.730278]}}]}
