{"type":"FeatureCollection","bbox":[140.27500144016437,37.77354817061166,141.67733834009243,39.002718667132854],"displayBbox":[140.27500144016437,37.77354817061166,141.67497680943222,39.002718667132854],"DataVersion":"2019-boundaries-v1","Attribution":{"BoundarySource":"MLIT National Land Numerical Information, via Fabio Crisci / piuccio","BoundarySourceURL":"https://github.com/piuccio/open-data-jp-prefectures-geojson/tree/513fb852832c99470e16b95a30ddd68bf3469dc0","BoundaryDate":"2019-01-01","CapitalSource":"Geospatial Information Authority of Japan (GSI), prefecture representative points","CapitalSourceURL":"https://maps.gsi.go.jp/","CapitalSourceRetrieved":"2026-10-04","Notice":"Simplified and enriched by Ashiato Kai. Modern geographic context, not historical immigration-era boundaries. See GEOLOCATION.md and THIRD_PARTY_NOTICES.md."},"features":[{"type":"Feature","id":"JP-04","bbox":[140.27500144016437,37.77354817061166,141.67733834009243,39.002718667132854],"properties":{"Kind":"prefecture","PrefectureCode":"04","PrefectureName":"Miyagi","PrefectureNameJapanese":"宮城県"},"geometry":{"type":"MultiPolygon","coordinates":[[[[140.7735901690511,38.95808446772406],[140.76316836562762,38.95707705436263],[140.75866547273347,38.958515694443804],[140.74525114102744,38.95637191932866],[140.7433066934492,38.953678332888785],[140.73209214034011,38.949266467573466],[140.72648466863257,38.94291374837087],[140.72730083036913,38.94029125243941],[140.72322108918195,38.93752294582737],[140.72334277644802,38.934371838289735],[140.7159130606393,38.92703635974027],[140.71181605696552,38.926876972894036],[140.71159027227327,38.92323808117254],[140.70705941585936,38.92026672113235],[140.7032309992113,38.92083900021976],[140.70039258055317,38.92381735968348],[140.69469836563712,38.9211271708823],[140.69416005214475,38.91954689207546],[140.6856480031529,38.91760474766102],[140.68017518783472,38.9133337206747],[140.67908108882125,38.90820041381812],[140.67301632894055,38.90360717143386],[140.67111472056797,38.89713080174516],[140.66687080364477,38.894837532326335],[140.66047377394557,38.89421677528401],[140.6533406608429,38.89160438683302],[140.65456985691344,38.8892724141906],[140.64501447473833,38.888634505278276],[140.64034031135634,38.883900694361614],[140.63691302201846,38.883465721066216],[140.63549518775278,38.8862885319902],[140.63000425379335,38.88927941361408],[140.62036022004816,38.89038619756502],[140.61564150515142,38.89369566672167],[140.6095528017205,38.892429360126926],[140.60714452699835,38.886602747918516],[140.59867500604673,38.88516564028214],[140.59315211377907,38.887004865382266],[140.58634177725128,38.884109972896965],[140.58553433174404,38.88002944120581],[140.58075202308748,38.88141946843376],[140.57287308692344,38.87843708090662],[140.56979031077424,38.87478436031006],[140.56412496769315,38.87457361318178],[140.56216800335073,38.8731555855619],[140.55766736685553,38.8758553062774],[140.5542642539922,38.876210891919186],[140.5530555246928,38.88281474770247],[140.54711644596728,38.88920780239823],[140.54555564197938,38.885988108064794],[140.54769516240185,38.88118925188252],[140.54157875535532,38.87629735993528],[140.53878182871847,38.87138686461219],[140.5392697280156,38.86394105363678],[140.54132228309697,38.86130938731844],[140.54753408572958,38.86116689243818],[140.5530172504458,38.859130197800425],[140.55655150514792,38.85562572055062],[140.5572531912818,38.85030374761993],[140.55913131026182,38.84725094587452],[140.56304136196934,38.848542026993016],[140.5692931133865,38.846802505231494],[140.57352072560104,38.84248355876929],[140.58002581064272,38.841381278623146],[140.5862778858159,38.83633508099922],[140.59072824930934,38.83604419798138],[140.59294027217584,38.82778805377569],[140.59854844355584,38.82596466663608],[140.5994065892428,38.81739077486441],[140.5972401952788,38.81608386477859],[140.595141894383,38.81092274818633],[140.59774834011387,38.80873302670784],[140.5957400262813,38.802194414041026],[140.5988767833369,38.799735504789794],[140.60005044087518,38.794914667378066],[140.59910297002614,38.79167827892945],[140.60269108872285,38.78941353240867],[140.60352616140324,38.78370519813643],[140.61301574558024,38.78141402683593],[140.61359133597148,38.77865041378561],[140.62045172516707,38.77566146840212],[140.627434863728,38.7738758923586],[140.63684605670016,38.77743025230433],[140.64159891076122,38.775756891867104],[140.64344703015638,38.7718432788443],[140.6464623607494,38.76951630643242],[140.64339153029493,38.76484525200681],[140.63635953336586,38.7621566936765],[140.63128566809917,38.75226313493579],[140.6313393000687,38.74711400001115],[140.62871457831523,38.74412153198318],[140.62303622564139,38.741687107673954],[140.62035564159964,38.73865825217666],[140.6220673671154,38.736413531759126],[140.62088988296182,38.73154855921871],[140.61530260732957,38.726742504862784],[140.60703894928815,38.72131310791366],[140.6078779124358,38.71157758613674],[140.60910433229913,38.70956230615553],[140.6070021400368,38.703300108213455],[140.61636005177502,38.70048202682415],[140.62363488993833,38.699784775247224],[140.62072846994295,38.69629091899077],[140.62352518793716,38.692870639868204],[140.62444275003293,38.6876742518653],[140.62131496821132,38.68489177463573],[140.62199194637128,38.68123483801742],[140.6195291700352,38.67765986471102],[140.61889169909273,38.67295600031923],[140.61436941591592,38.669333801813536],[140.61243527906493,38.66225744132788],[140.60987749744857,38.660692999582295],[140.6060563554165,38.65548858602949],[140.60446610942347,38.651180559135526],[140.6057980800174,38.64878055907559],[140.6022625293923,38.64320586495876],[140.60201977988902,38.640603919435364],[140.59643247727706,38.63884117088338],[140.58994102505835,38.63381813529878],[140.57978644618765,38.63567458601341],[140.57594358013216,38.63921291914096],[140.57340744519752,38.63762766708322],[140.569403774065,38.638212694060655],[140.5658319969492,38.645366864789025],[140.56275221824035,38.64806244142858],[140.55454016869385,38.647120531987014],[140.5466547466193,38.64970333274266],[140.54413805412798,38.64813725243232],[140.54013752342803,38.63822894570933],[140.53764002606647,38.633839531968874],[140.54241708178301,38.629271720613474],[140.543264085769,38.62404838712342],[140.54687108932933,38.62195613506765],[140.55221788624647,38.61334391868695],[140.56034386527722,38.60945497316851],[140.56228308689504,38.604907467605585],[140.55827250267396,38.60227499999132],[140.55844586318608,38.59763666739832],[140.56954994807177,38.594217721071004],[140.5678880027292,38.59000633262622],[140.57199586301874,38.58661689215592],[140.5710042282626,38.58025689204197],[140.57549489037694,38.5746524411573],[140.5751143323606,38.57217217120876],[140.578643307143,38.56807130584616],[140.56663180271562,38.55956250520552],[140.56985185497922,38.55517802694442],[140.56633961118416,38.551658054375764],[140.5647371344113,38.54585864036403],[140.56022152959997,38.54291477529671],[140.5561145011834,38.54280146791348],[140.55408450109894,38.54075897264852],[140.55442425417607,38.53512289170811],[140.55837072572842,38.52979258565938],[140.56252442266407,38.52669563979197],[140.56834561555775,38.527790333257315],[140.57195569390024,38.52563808113257],[140.56840396896803,38.52245561333592],[140.5677839691549,38.51917089172332],[140.57030208797107,38.51530422510996],[140.56601868991072,38.513509531739544],[140.56346116729912,38.51064066743288],[140.56933379961526,38.50434817133112],[140.56740849500613,38.50130261272545],[140.57335360638388,38.49718205400865],[140.57368863802026,38.49491122537279],[140.58371963655202,38.491011999704085],[140.58944752298487,38.49038974798856],[140.59765130956032,38.487369170750696],[140.59900411205024,38.48468417103771],[140.6043525547267,38.48204553227555],[140.6027155772622,38.478856387012684],[140.6057834498464,38.47481889237804],[140.60815683536975,38.46882446757519],[140.6062912844153,38.46329033288259],[140.60821022002574,38.45840255893103],[140.6196546173668,38.45580333295749],[140.61258005192792,38.45270172140738],[140.60961863838952,38.4464420541575],[140.60443191989725,38.44404430599997],[140.59919766504026,38.43927713473204],[140.59776461694355,38.436528838035485],[140.59235752318125,38.441721054083416],[140.5897672238783,38.43916746780445],[140.58532516202672,38.440418865438346],[140.5806267826,38.4374355857837],[140.58169736703996,38.43344419759171],[140.5805346173787,38.426967559005675],[140.57830652362725,38.42035038696082],[140.57203891086715,38.41515961342549],[140.57130116731503,38.41057213479621],[140.57371649811796,38.40772102670405],[140.5745309988066,38.396681080567475],[140.57822608286745,38.39295663993704],[140.57143593971693,38.38736586504268],[140.56757143957032,38.3853311713965],[140.56368444917803,38.37744177521779],[140.5565542795564,38.377596559333824],[140.5525778084192,38.3765296396312],[140.54955413661423,38.372206612944865],[140.5454035279505,38.364074468162244],[140.54086341121752,38.36208533327158],[140.53374216556858,38.36208508056205],[140.52631258106078,38.3575259998251],[140.52275224422078,38.35318158636119],[140.52166805393756,38.34966717070341],[140.52377725012002,38.34271553179639],[140.52510891134727,38.33268474820261],[140.5280064721211,38.32731450506043],[140.53066094704513,38.32520422519491],[140.52974202337577,38.32069758572504],[140.523914136828,38.316801252276036],[140.52028347570194,38.309515197768235],[140.511735550955,38.311164666815955],[140.50942302165515,38.31324244068617],[140.5043123867074,38.3141449733119],[140.50427961091543,38.30807361330665],[140.50069399503195,38.30381363988761],[140.49259358012966,38.302687586163245],[140.4925280294451,38.29276291897361],[140.49527610940504,38.28514517111279],[140.49694834029378,38.28314350506878],[140.49198605661127,38.28011602733284],[140.4905924123101,38.276415505071554],[140.48787902729532,38.274504693936535],[140.4797614137583,38.27362333315034],[140.47300630369807,38.27181919779781],[140.47118016912952,38.26936144057805],[140.4728057198082,38.261396198275975],[140.46949817070413,38.25640817060065],[140.47253321713436,38.25223041410237],[140.4696142803748,38.2476004407078],[140.46920702958084,38.242924919349605],[140.47106647233988,38.23478383800375],[140.46850005183603,38.23324608094191],[140.4693322826588,38.228327505210245],[140.4742884437568,38.22447944107341],[140.47235286619184,38.22080753164232],[140.47094783377554,38.21456810813174],[140.4732995330471,38.20992563955667],[140.47232839204173,38.20620150469574],[140.47730372218905,38.20078680176954],[140.47901902700653,38.19453630580591],[140.4776298307521,38.19183799972399],[140.48015069969506,38.182135027109894],[140.47520503188673,38.175866747952114],[140.46964827474812,38.17064153218104],[140.46914907906682,38.1630015863542],[140.46700208797608,38.16077438742809],[140.467658197368,38.15697583816444],[140.45200933905983,38.15106005367858],[140.44996732763013,38.147018720737435],[140.44591172514606,38.14360486457292],[140.44274386503741,38.13900436016314],[140.44262771669582,38.135760531623305],[140.44568525337183,38.129854774578234],[140.44109574587208,38.12980366700566],[140.43104061043584,38.126857053610195],[140.42668358038304,38.12374572128806],[140.42386963677438,38.119387720866655],[140.4256101945549,38.11491586537494],[140.4174058881713,38.102919386820304],[140.41903700385467,38.0991483334289],[140.4182592215859,38.09659144124208],[140.42066477316087,38.08525853195573],[140.41767416313223,38.0803352788501],[140.41326883319016,38.077330919086705],[140.40961241188336,38.076742053802775],[140.40418649800858,38.07373158584409],[140.4034456679833,38.07072438692097],[140.39655252907608,38.06935805413093],[140.3918371731471,38.07101083807976],[140.38393788622454,38.07101946797411],[140.38016422839644,38.06947091904772],[140.38239927390748,38.06435653212833],[140.3769886377155,38.06041355893865],[140.37498083020125,38.05743917088108],[140.36454147920597,38.05631305420417],[140.35564411208622,38.05847553162056],[140.3515159657893,38.05702136024763],[140.35004538268834,38.053987532398764],[140.34459752265764,38.053373612901964],[140.3403757722242,38.05518361273357],[140.33170369606876,38.0562419187296],[140.32497552520044,38.05501469397302],[140.317595422291,38.05605717100167],[140.31499955888262,38.05839158620279],[140.30843055812386,38.0576768383155],[140.30447686141804,38.054016864686616],[140.30053097262635,38.054013531799114],[140.2966081451499,38.05715183838669],[140.29211891115892,38.055811252287526],[140.28908472088324,38.059338720705455],[140.2819260049812,38.05951953210075],[140.27709036292993,38.05616066678141],[140.282046809113,38.049098774588856],[140.28187596580324,38.044122694406894],[140.27910953337835,38.04333408070329],[140.2786828662214,38.04013772107902],[140.2759205841677,38.03597746808572],[140.27658805379576,38.02857222462853],[140.28119367085128,38.02588172106465],[140.28174505778827,38.020028693969095],[140.2867003627316,38.01085961288089],[140.28954452715823,38.007095468081445],[140.28273691287825,38.00146019832954],[140.27914461683065,37.9955126938558],[140.2768787551505,37.994179359889586],[140.27500144016437,37.98386827919779],[140.28000258085444,37.976644413708755],[140.28445846978263,37.97299110765357],[140.29001269802768,37.97231222472942],[140.2916496629017,37.970355026563254],[140.3022614786844,37.96909505389368],[140.30979153005512,37.96416144059805],[140.31376522678386,37.96450119817183],[140.31664411223608,37.958093107710795],[140.31995163436045,37.958879531565174],[140.32875678319908,37.95822730634518],[140.33230150511042,37.95272172063096],[140.335812113938,37.95499230555049],[140.34200968929576,37.95170338680191],[140.348590894754,37.95015727863557],[140.3557704407533,37.95213255857078],[140.35355791156837,37.95477810772354],[140.3551493635523,37.95785283763837],[140.3590888590636,37.958970333414186],[140.3642025553038,37.958728919404166],[140.36667481229279,37.95695058560108],[140.38305861186552,37.95311108121149],[140.38562977989045,37.95371994561907],[140.38563791156048,37.964894945645256],[140.38840717325252,37.96911577517295],[140.39364085614068,37.972782386697816],[140.3985698307332,37.97442069425966],[140.40752413662972,37.97362310802009],[140.4078924377858,37.966700359833794],[140.40921189431356,37.963742279182895],[140.41462031097865,37.96328808108012],[140.42066678314563,37.96046969392131],[140.4241621142902,37.956951919295705],[140.43408700361238,37.95379963994151],[140.4382368091815,37.954035720971774],[140.44471391721356,37.956954558805876],[140.4478136707644,37.9511267747809],[140.45606635527815,37.95037341360222],[140.4614995329771,37.95257669415918],[140.46602380005834,37.94913502735966],[140.4748798307396,37.946782224619994],[140.46747905331574,37.93781835982952],[140.4678906999959,37.93170530635484],[140.46936321663918,37.92955391937795],[140.46834291779146,37.92399700036134],[140.46953097257642,37.917868667405116],[140.47666219170685,37.90691638718158],[140.4829334107484,37.90370525169607],[140.4830181448716,37.901846918700414],[140.48834907864716,37.8996046669219],[140.49834766471304,37.90035989239516],[140.50217302186752,37.904574864638334],[140.50896763914534,37.90518289177709],[140.51579221823636,37.903493413690114],[140.51725783438167,37.90747286518064],[140.52181988288135,37.908799224904385],[140.52951224389506,37.9067141710222],[140.53132588777953,37.9052455592352],[140.5368863042596,37.90759025188868],[140.55457780801953,37.909422640342655],[140.5630291051092,37.91143535995394],[140.56255775603563,37.917912027318266],[140.56637924790402,37.92279089168636],[140.5701695845587,37.918622532204154],[140.57398243843886,37.917660558887746],[140.57531466893693,37.9144805588308],[140.5807480795603,37.91227330596837],[140.5842936962971,37.90891886531341],[140.5918143839267,37.90616935992807],[140.59580557696586,37.90617961309874],[140.6003262521549,37.91015597272002],[140.6102075621294,37.911093667039154],[140.611649830975,37.91516336010102],[140.6157301953923,37.91476833289232],[140.62069719781744,37.908890801968994],[140.62244635491538,37.90263608099042],[140.62734228301997,37.89907327910862],[140.64467204887603,37.89544869380222],[140.64686213997584,37.89863699999762],[140.6600043835955,37.90088435992533],[140.66260277589743,37.90022046780041],[140.66697644610622,37.89505766677797],[140.6722843320564,37.89296705418627],[140.6807350580765,37.89156863988086],[140.68854494159586,37.88913469401098],[140.69088938963364,37.88367419760618],[140.6828827758195,37.87951205423798],[140.6827613619473,37.8740710002765],[140.68752866361694,37.871206000356665],[140.68581802897893,37.86793797285924],[140.68867444936643,37.86314383811771],[140.69052503200464,37.862562171007426],[140.69285141356193,37.85704750483853],[140.69080077763385,37.85283505429436],[140.6915774447433,37.84950730641714],[140.6856072755554,37.846885693619924],[140.6869386382076,37.84224489238795],[140.68391077825993,37.83892577530435],[140.67950483767822,37.836851945860644],[140.68424486380945,37.8308897482633],[140.68644700402604,37.81952344085414],[140.68550136239799,37.815346278807795],[140.68979891129084,37.81274683789633],[140.69239863818666,37.80704300023433],[140.6973789487795,37.802706918989145],[140.701312672442,37.803280225102355],[140.71152450125476,37.80066213494962],[140.7196718032112,37.79334046818809],[140.72300185515155,37.79253519814091],[140.72696983129276,37.781479171226806],[140.7329433333682,37.78347353207789],[140.73802822342384,37.7872323600854],[140.74567924799896,37.788300081083946],[140.74898871625635,37.785299531748024],[140.75714724984573,37.78547419807586],[140.77521955893553,37.78181658606667],[140.78302328119958,37.77790127872106],[140.78735472104358,37.77481319837045],[140.79552905302342,37.77354817061166],[140.80292710819958,37.77997725214851],[140.7944877819856,37.782185612975695],[140.78677603068934,37.78917755859749],[140.77940700383022,37.79094869422693],[140.77896949444664,37.79313286508972],[140.77449358031458,37.79397150538074],[140.7725302460741,37.79736564031208],[140.76530622590167,37.798534026923846],[140.7727797539825,37.801043135432394],[140.77498152997373,37.80631141434037],[140.78323946832688,37.804488585679735],[140.80075730220778,37.79783327878283],[140.80600380043506,37.79800380193399],[140.81075416337399,37.795624360375996],[140.81638822263847,37.79824600015286],[140.82358700423697,37.79874205360295],[140.83037350243524,37.794823170552945],[140.84066069983146,37.79603005444352],[140.8517168085839,37.79530805442323],[140.85791038915318,37.80285383763453],[140.85371588817782,37.80702910840665],[140.85395372198673,37.811740748336945],[140.85814413734215,37.8144151711233],[140.85778277625423,37.81687433308406],[140.8536385599716,37.82136044103157],[140.8559334499688,37.82863094626123],[140.85234197140494,37.82973374801412],[140.85502180271408,37.83386674795213],[140.8542638388052,37.84176894598011],[140.8505388334005,37.84923199965709],[140.85634461731036,37.85521580166795],[140.85863664116812,37.8562710814453],[140.86156233543352,37.86282880200764],[140.8607390267847,37.86717683794075],[140.85782678277985,37.86947544123865],[140.85457953321895,37.87451822503613],[140.86068836617517,37.879151505237814],[140.8564860572858,37.88298289234666],[140.85667306141272,37.886482586102545],[140.85987372159502,37.888353666988166],[140.85625141427147,37.89090005419422],[140.86411861158467,37.89296527892452],[140.87015574609086,37.896417440812286],[140.8810071727429,37.89786708140076],[140.8905174710045,37.90229613455904],[140.89814769066345,37.90298886524397],[140.90049192016602,37.901556080648675],[140.90111966314203,37.897637774963414],[140.91218469496778,37.89659130584414],[140.91517644623605,37.89783933281899],[140.92356386538017,37.892037639925206],[140.92396639383412,37.894912332738045],[140.93117083036964,37.89619743156629],[140.92635516226096,37.90391808075486],[140.9229580802513,37.9165724412652],[140.91996228293306,37.93585999973925],[140.91917396870372,37.9454320544458],[140.91515224368118,37.966878252029744],[140.91491036292302,37.985249720598176],[140.9162678077132,37.997575837554905],[140.91503713405655,38.00020261335999],[140.91835094693874,38.017070467628],[140.91740867686906,38.01840818039324],[140.91920399526828,38.02672947688393],[140.9227451099989,38.03454523387552],[140.9218423741263,38.04189461324586],[140.92235749680106,38.05017177460775],[140.92441085587632,38.06958299975571],[140.93061128388376,38.100380386645554],[140.93630408596482,38.11596750469664],[140.93819224407684,38.12279466664063],[140.94362143957778,38.13618313474393],[140.9524899222722,38.15518594627446],[140.96317395631309,38.17359316199486],[140.96245294374842,38.1782760541966],[140.96833269779586,38.191040224626704],[140.97430374831936,38.20067989216335],[140.9811994422006,38.2107287746133],[140.9857311412792,38.21532080201348],[140.99084749681458,38.22401746833157],[141.00422557684897,38.24091066729352],[141.01591185494817,38.25420953234408],[141.02356418893623,38.264319027301326],[141.02685082970208,38.267567224747665],[140.99850632930372,38.269989585551],[140.99891844363128,38.2731088022295],[141.0034557463856,38.27385941418066],[141.0121439689691,38.27197019756659],[141.0215413096838,38.27118850504553],[141.0254096634253,38.27265110756264],[141.02589038883048,38.27638908119121],[141.02879069973108,38.283106197592986],[141.03136516197276,38.280789999958586],[141.02957885927697,38.27556417084986],[141.04025286587716,38.27267750536265],[141.04441383922733,38.2747488023154],[141.0446056942974,38.27757977458697],[141.06257910494185,38.28283413468762],[141.06391551189142,38.286285486286204],[141.06922988285282,38.29242253187442],[141.07396516236247,38.295100774980824],[141.07903688724264,38.29475177507442],[141.08303024584927,38.293137802267836],[141.08778603080077,38.29707313481737],[141.08797114095546,38.30276922481994],[141.08138769078937,38.305798504797224],[141.07927944159303,38.31042430623677],[141.0799824380391,38.31460205374185],[141.076729974209,38.31935994580493],[141.06544724979085,38.32169746816368],[141.06431038891333,38.31814433309455],[141.05991700376683,38.31346605441496],[141.05766252930232,38.312726999651375],[141.0496789111529,38.31340608132564],[141.04636533119515,38.311614360214605],[141.04111430578064,38.31114041389901],[141.04556316470837,38.31863230613607],[141.02738011669908,38.31982550504307],[141.0301958634484,38.32263038708277],[141.03803819720508,38.32366658594424],[141.04344119275686,38.323498919039935],[141.05217321682062,38.331795467986524],[141.04819277607578,38.33676319796325],[141.04364688659462,38.33460955908396],[141.03943619962104,38.33507994588285],[141.03649333280111,38.339697585974875],[141.03762503156997,38.343527413659274],[141.0450731645949,38.34768980164307],[141.04842747125087,38.34793455933249],[141.0546091699773,38.346180748243],[141.0586948898573,38.350541306336254],[141.06622007769454,38.352126972981466],[141.06350163399327,38.354910747932706],[141.06125311304083,38.361817053814036],[141.06213564204631,38.3648152523221],[141.0609337475944,38.367369945666496],[141.0612978084472,38.36826172060199],[141.0619613363467,38.36938853155556],[141.06216469464505,38.36935263961266],[141.0648828658516,38.370207251863235],[141.0686810248095,38.3700818647863],[141.0716378598994,38.37245422508249],[141.0744054731341,38.37782738742402],[141.08152352798845,38.378579973387104],[141.08280608263465,38.38060810827761],[141.08782769099525,38.38171450462073],[141.09054075225401,38.37886713501035],[141.09880347589979,38.378413197710984],[141.1041550320292,38.37061530575181],[141.10706852069575,38.37278038670553],[141.10722500632903,38.375548586298294],[141.11376099927077,38.3779709731819],[141.1078612452004,38.380036504581085],[141.1070347727366,38.38632477476858],[141.11468522714154,38.382080170763345],[141.12172916976544,38.37981517063366],[141.12678219234442,38.379813198420436],[141.13220666730388,38.37780638735495],[141.13808452737908,38.37174544059968],[141.13585810636653,38.36593641373457],[141.13225778207106,38.36024210798695],[141.14097291776602,38.35931897279244],[141.14446040232576,38.36010360429793],[141.14889884620482,38.358517586017854],[141.15592413688944,38.3545300810984],[141.15967822277184,38.35485402679194],[141.158598417583,38.35849263972358],[141.1606874581597,38.36453744095019],[141.16643802909186,38.370083801925944],[141.17402269808906,38.37540100035591],[141.1935546428325,38.3855309998558],[141.2125896366025,38.394083720687206],[141.22934427971484,38.400616279118026],[141.2584667440451,38.408278747566214],[141.2665903110941,38.40799510768812],[141.26864858586362,38.40998427855169],[141.26602435783786,38.412341864785276],[141.26723769076693,38.41488822501162],[141.26660255536365,38.419386694140655],[141.27343691278338,38.41994891880762],[141.27535749685103,38.41847880155552],[141.28535547317665,38.41949135993838],[141.28578749669566,38.41617761270669],[141.27485005168865,38.414449864869425],[141.27421138824502,38.40920127931565],[141.27950980523337,38.40974674781421],[141.28533513590787,38.408359585826304],[141.28678503190372,38.399633026942695],[141.29476961142848,38.400133612975935],[141.29292933861814,38.41342310799007],[141.30445338531558,38.41459425192323],[141.31395394302012,38.41321183835572],[141.31716788618905,38.411534198044876],[141.3424505322663,38.41265383780444],[141.3460987553533,38.41377302700363],[141.35738319118138,38.41398808098518],[141.36371224382503,38.41189969421555],[141.36386596584168,38.40995077520819],[141.36905778169137,38.40745019766854],[141.36774678328743,38.40241744131191],[141.37027367139285,38.40007108131539],[141.36662966342828,38.39050864036153],[141.36655330738927,38.38609569406111],[141.37317849509157,38.383265198430195],[141.38119810590797,38.38571922526211],[141.3870682228203,38.38419966688116],[141.3901861606629,38.38631374818101],[141.39201175114147,38.38992580233395],[141.39739060978889,38.391330748415385],[141.40241946758442,38.39923477476509],[141.40839533127962,38.404004251894776],[141.4097703632118,38.39997594563346],[141.4139703626422,38.395567945604284],[141.41567494214496,38.39166766682939],[141.41969503220002,38.39693546819734],[141.4233233847665,38.395012224834375],[141.4300729963718,38.39888255888303],[141.43306566764647,38.39670853237294],[141.430676783207,38.39189689232779],[141.42496041529103,38.38860127902586],[141.42313369616318,38.386020532321766],[141.4255556423791,38.382295586272335],[141.43074038865802,38.38056513507297],[141.432881387566,38.38305625174468],[141.4373583655962,38.38207374780529],[141.43884308693896,38.37991308072412],[141.43660160767809,38.37689835987146],[141.43347418918256,38.37607480211051],[141.43730114083507,38.37218855905479],[141.44012263335287,38.3755056940326],[141.44660867704886,38.376371090053794],[141.45774783369563,38.37359402674298],[141.45402481219537,38.37141097283819],[141.4436144490477,38.37050125193127],[141.44061622625793,38.36509669425709],[141.43523632889355,38.36594277463939],[141.4298784703152,38.364765053964106],[141.4238991703105,38.355555694040106],[141.41836114065416,38.35443363960081],[141.4180663941488,38.350491919166814],[141.42233302165164,38.34425766675798],[141.42446891061184,38.34645938699117],[141.4318879766489,38.347665612578],[141.43307306097302,38.34258358596378],[141.43661383935728,38.341502386825766],[141.43908372213616,38.344013748136035],[141.44150214031163,38.34990997326673],[141.4484570041875,38.35378797313649],[141.45028719829565,38.344512333177704],[141.45431564215323,38.34391589200487],[141.45377367111814,38.34776936016789],[141.45739544694243,38.35101527873218],[141.46235994835297,38.351346413606166],[141.4630636058008,38.346040278635996],[141.46509472104458,38.34123410826754],[141.46330299633632,38.33551980159763],[141.47187966341585,38.33483155942895],[141.4745052790954,38.331690386702064],[141.47373216610663,38.328933360286385],[141.4684641120292,38.3269512517989],[141.4674461613114,38.32298517142857],[141.45839661541152,38.32222630639899],[141.45207275005748,38.31825327876584],[141.44947130995308,38.31525327891575],[141.45598466875754,38.31519708118043],[141.46010452690246,38.31043138659925],[141.46701980531986,38.305954774593204],[141.47006691255808,38.30844969359856],[141.4690728019683,38.31380389193612],[141.47458241214872,38.31182241387336],[141.47473593991174,38.30858435988034],[141.4794093001991,38.306664360372],[141.48412258139206,38.30836091882139],[141.48948939002344,38.30871438655976],[141.49388627802932,38.3076725318619],[141.4972226980691,38.30447699961388],[141.49228542183482,38.29353141394364],[141.49607544732407,38.29171941401978],[141.49865311295082,38.294105613083616],[141.50385044074528,38.29480850520838],[141.50661206179723,38.29806884709967],[141.5090550323639,38.296715333246084],[141.51027705634112,38.29151191884006],[141.50918077827032,38.289406837955255],[141.50975591360464,38.28340041439765],[141.50959547275295,38.28095144085637],[141.51080547279435,38.27977313472246],[141.51030680861243,38.2781493332252],[141.51296299584567,38.274564720985154],[141.5191829957987,38.271530359838266],[141.52510722401928,38.27293741393055],[141.52620547340393,38.27687741396153],[141.52372089480355,38.2779279462178],[141.52568875533188,38.2798807475985],[141.52492924818637,38.280318251586095],[141.52506891110147,38.28103658596973],[141.52402980473175,38.281380108105566],[141.52464386542215,38.282083305999834],[141.52477855958296,38.288666891963544],[141.52629581120277,38.292451251723946],[141.5256196370367,38.29593286461005],[141.52841747108948,38.29660977532092],[141.530482283031,38.3011539461977],[141.53240202263532,38.301510387094766],[141.53316494180865,38.30090327906311],[141.53687930013962,38.30085238732789],[141.5400889751262,38.30387186469483],[141.54065011700936,38.309710999962704],[141.5413939948371,38.311716801988894],[141.54097557716125,38.31196358585083],[141.54134852061782,38.31265119759473],[141.5403736060572,38.31371235983761],[141.54063111523385,38.31667702712315],[141.53800019535277,38.318834891916765],[141.5327610886534,38.31881569408904],[141.53132635522718,38.321297359785376],[141.52814321743563,38.32152013534602],[141.5250855251769,38.32433894608556],[141.5253128018444,38.32748427907626],[141.53012386542412,38.331169054208544],[141.5322984180376,38.33759577502502],[141.53432321734272,38.33941541379039],[141.53268147886718,38.34226853186732],[141.52979625229523,38.34294635988664],[141.52587007844147,38.345980053736525],[141.5228729959921,38.35058183788158],[141.52413230855927,38.355542278853136],[141.51943927380353,38.35925400037189],[141.52124552526084,38.362299135396825],[141.51777542189825,38.36843627901112],[141.51701486434456,38.36808294617106],[141.51671538290861,38.36862174799535],[141.5158991959912,38.36846019827959],[141.51488496756724,38.36891366703213],[141.51500406028924,38.370155387061516],[141.5125348897734,38.37112122476475],[141.50919438411358,38.36946735983082],[141.50214058402082,38.37118266734626],[141.49942019508603,38.36852450520183],[141.4941304673473,38.37083169432731],[141.48960549879484,38.3675155054363],[141.4858919462564,38.36904772087564],[141.48140524025973,38.37535465829092],[141.48439888460086,38.379700999901274],[141.49175002574316,38.379941775392695],[141.49457477290753,38.382104531598884],[141.502959104679,38.38231264011631],[141.50598199677177,38.386379135188974],[141.51180282723874,38.39151341421274],[141.5193545010095,38.38874519843222],[141.52410736676165,38.39003013538252],[141.52657399489397,38.38915391871842],[141.5266601949121,38.38450369439005],[141.53061021968597,38.38148850499056],[141.5334373671409,38.38408069376908],[141.53296922235177,38.385057171351434],[141.5336459136281,38.38551844082343],[141.53329732830912,38.38683130621985],[141.53730319108945,38.387646639680725],[141.53842844441726,38.38882850533133],[141.53774416286285,38.391390666645975],[141.53779328113512,38.39426905387381],[141.5399492996205,38.39481800005069],[141.5384501954203,38.39644394643102],[141.53829836557713,38.39983466663659],[141.53871014265906,38.4008098024305],[141.5344064981614,38.40219558575774],[141.53184664090986,38.397701748137194],[141.52347027173573,38.39758577516346],[141.5210823873424,38.3940955054033],[141.51276697781384,38.39367100021656],[141.51075516202116,38.39949930584834],[141.50661994795234,38.3972712246873],[141.5045644233096,38.40083697274815],[141.50098347580683,38.403455748184285],[141.50094416284287,38.406363224882966],[141.50418666668133,38.40965044121492],[141.50431824918792,38.41311869377273],[141.50133622588623,38.41543222491731],[141.49937946838781,38.4152847747726],[141.4967402459656,38.411420666730464],[141.49311172522596,38.41100625193701],[141.49061544734514,38.40558813518436],[141.48703457808335,38.405487170996196],[141.48128849476825,38.398706666779276],[141.47505167299641,38.39854927912597],[141.4743684949102,38.395304278769515],[141.46976985659364,38.39424991899864],[141.4663892483652,38.397250197638584],[141.46624444942188,38.40031022543661],[141.4695454217839,38.40264163960006],[141.4705880543953,38.40670636031035],[141.47315946793515,38.40898002720655],[141.47458669292166,38.41353774816861],[141.47036258086848,38.415246999649355],[141.4749672239583,38.41947991876327],[141.474127859713,38.42042166722621],[141.471733332927,38.425515504636905],[141.46747461676023,38.42355033308144],[141.46332730231325,38.425262171012434],[141.46581778226493,38.4284888018168],[141.4629189750308,38.43358202678917],[141.45906408593885,38.43482641420769],[141.45460450079713,38.441204279354054],[141.44809194598656,38.441282972731074],[141.4484632167041,38.4456448015664],[141.4528519073897,38.44358511665985],[141.4626637995948,38.444061946201884],[141.46690199682973,38.43921602669832],[141.47099703008894,38.439086946105704],[141.47412070021016,38.44090333292252],[141.47930321706986,38.440372865115705],[141.482428755083,38.436930504938914],[141.48979136168202,38.440985504877176],[141.4947142541596,38.43970641441956],[141.49442883272457,38.44308808115005],[141.50172513590633,38.443553802266194],[141.5022893004109,38.45007644117487],[141.49659461694807,38.449371306140904],[141.49702092077894,38.45268677467499],[141.4946573279734,38.45618783809829],[141.50021697823104,38.45784935986012],[141.49772510972605,38.46038469439816],[141.49307189425258,38.461391134693145],[141.48555527875317,38.46083246774424],[141.4763696501393,38.46381440471106],[141.47625460436655,38.467978207328485],[141.4831778336901,38.4711682339269],[141.48919900073338,38.46908927924687],[141.49014533124216,38.47135136017721],[141.49429810637253,38.47375097262932],[141.49526372194327,38.47612730613031],[141.49862775566646,38.47854086526877],[141.4960225033359,38.48026480177924],[141.49552946801066,38.48422897288884],[141.4908964719947,38.48897858579318],[141.49620258088441,38.492942747909524],[141.4944227236299,38.49986358593577],[141.49050391702224,38.49841180226292],[141.48688119331246,38.501876414365086],[141.489240195079,38.5045043871678],[141.4883074191522,38.506862108299686],[141.48268352762273,38.51208438688502],[141.4787743581502,38.51344569426345],[141.47510457831368,38.51773491903134],[141.4642492216243,38.513768505012536],[141.4695762262619,38.52120761334072],[141.47844941600783,38.52071841362397],[141.48368722408622,38.51953255858075],[141.48500466883047,38.51685146822075],[141.4917816989663,38.51356697323729],[141.49498683507443,38.50897950539991],[141.49874708221216,38.511318440593584],[141.50184635462563,38.51062805444121],[141.51202341115152,38.51312744127847],[141.5144026071946,38.511617279014274],[141.51582966310855,38.5067418023923],[141.5149681710443,38.50337427929958],[141.51570119315556,38.4930042246653],[141.5199766151287,38.49490197314759],[141.52501566763897,38.49483683794978],[141.52352530484904,38.49126119824575],[141.52791464304642,38.48867786509146],[141.53388577181101,38.490475332870346],[141.53619705644905,38.4990374138456],[141.53999647175988,38.49905005381697],[141.54020736727625,38.50248166709531],[141.5347838905642,38.50817966725788],[141.53881616103706,38.511807613330745],[141.53797900103018,38.515089946344006],[141.5406799996823,38.51863691925848],[141.5461076132758,38.522561945577365],[141.54164708204723,38.52509980181446],[141.53864902743078,38.5285810270928],[141.5372056416271,38.53155744132289],[141.53047197140438,38.53196063977174],[141.5302068611578,38.536318892003294],[141.5322946166034,38.537887666682536],[141.53184763915726,38.5394570268204],[141.53379041489575,38.54050833339295],[141.53444949384914,38.54656461266677],[141.5324751617993,38.54898097319341],[141.52497306135774,38.54609097302006],[141.52156277640108,38.539550279321986],[141.51660727630485,38.540157774961415],[141.5158278078071,38.54201219770482],[141.51557002613583,38.54409841441037],[141.50920866444835,38.538382306398375],[141.51109269826952,38.53432050488743],[141.50641089514681,38.53324117094331],[141.50200147868532,38.5352530811648],[141.4997751619942,38.53289480155388],[141.49311267221208,38.533241278861965],[141.48554652385303,38.541666667382856],[141.48702700399315,38.54491354102714],[141.4866419457693,38.55114439579728],[141.48234520087044,38.554883423431306],[141.48095116716274,38.55888168514173],[141.4687266277317,38.56172333326526],[141.4661644097598,38.560428829327066],[141.4630288461044,38.5612611797597],[141.46036717300672,38.5679382700352],[141.45856469510466,38.57848596415596],[141.46567153001718,38.58226913501261],[141.47152870298737,38.582105251556186],[141.47406574623722,38.585158919348714],[141.48142096040908,38.582251260986936],[141.48767386475708,38.58402244068316],[141.4893880292342,38.58768922487786],[141.4971724115776,38.591293505291105],[141.50039988324806,38.59413491869162],[141.50463085622914,38.59520541409864],[141.50199380027368,38.599987170571524],[141.50858352770774,38.602138080907764],[141.5103213884214,38.60515808078088],[141.51779885913015,38.60485117094481],[141.5222611152583,38.608438359742536],[141.52539824912992,38.61277250474734],[141.52766961106374,38.62014697340413],[141.5287008951302,38.62661144056557],[141.52698542213955,38.62940983759398],[141.52972736692448,38.63591450535017],[141.5245677557973,38.63616391882982],[141.5149283014,38.63816374755896],[141.51035386473916,38.63630353228223],[141.5066073673362,38.63698858635422],[141.50164014277846,38.64054346790675],[141.4922808946476,38.641965225015156],[141.48812871576763,38.644451170585114],[141.48630169896433,38.64182533277295],[141.47676367100667,38.64513325239773],[141.47114533099227,38.6445709458925],[141.46425328116402,38.64790133327995],[141.46124769112805,38.64220527925028],[141.4557186636854,38.64232346815356],[141.4520427756537,38.643956693646544],[141.4482835015824,38.64276055935238],[141.44315010389425,38.643335666807616],[141.441104552733,38.6463861348123],[141.445715577412,38.654011413595924],[141.45014172486083,38.65745177457978],[141.4455442277839,38.664613198340476],[141.4461640603232,38.6688338381112],[141.44449252910704,38.67353102683546],[141.45369888529535,38.6738246581815],[141.4585118554378,38.6701264858487],[141.46135459084178,38.67019416163129],[141.46535949404552,38.674364505017934],[141.46771958489103,38.67351838686409],[141.47603741899172,38.67986858616638],[141.48098031059294,38.676005080669995],[141.49249097268034,38.67644861281326],[141.497090441071,38.68041683806666],[141.4911763554045,38.686282252424064],[141.49737530492644,38.69060755889177],[141.49956399488258,38.69547969363299],[141.5023949680534,38.69075083798083],[141.5065803885741,38.69082563999132],[141.50935263331746,38.68766317131838],[141.51636955940774,38.689368613270915],[141.51883724963943,38.69315272122117],[141.5172864200323,38.69808935983616],[141.5203465503531,38.70003708094657],[141.52018391695424,38.70221505368181],[141.5230340861542,38.70435810844003],[141.52066313869295,38.70741753189361],[141.524432387145,38.711682585582935],[141.52204211415233,38.71583135962959],[141.52573594006162,38.717176386581],[141.53107389124716,38.71665953181201],[141.53583150541965,38.71126458609183],[141.54169085564854,38.708421134827574],[141.54509983119237,38.71119190108544],[141.54925880714825,38.711198774603815],[141.55767686079855,38.70571061325427],[141.55922863829107,38.70111344083267],[141.55477691322403,38.697919468009104],[141.55431924823483,38.69566427858365],[141.5574464463964,38.69359100042436],[141.55781571971977,38.6916699999706],[141.55968425372544,38.69534046778841],[141.5613371725725,38.69664108082128],[141.56393077778318,38.69766119800596],[141.56281581090104,38.7031640812574],[141.5657780293327,38.70544455871948],[141.56545416277947,38.71227913467436],[141.558851725227,38.71454558630984],[141.5567584704271,38.71938283814751],[141.5586491961036,38.72333505366987],[141.56316608334816,38.72496144071795],[141.56481894913532,38.727986585612484],[141.56122372219704,38.73078069377402],[141.56560136201335,38.73326117056661],[141.56314647183228,38.738960134802426],[141.55229693915248,38.73630866721129],[141.5483340603687,38.7334685857067],[141.54503975378168,38.739160531633274],[141.53986016871193,38.73961041388952],[141.5408893897336,38.74401305395935],[141.53993632869867,38.74726877513393],[141.53023949395754,38.74858165761748],[141.53120422819268,38.75137938734889],[141.5279029698462,38.7541716132294],[141.52926338509724,38.758547413932035],[141.5191512191535,38.760559873639295],[141.52035717314504,38.76455544098087],[141.51437086922033,38.7650981260777],[141.51166466888947,38.767792828576205],[141.51560690013844,38.77416744087475],[141.51852549875287,38.776173395785634],[141.51777373477012,38.78057826977141],[141.52041402109023,38.78846200022116],[141.52866317756366,38.79147999100883],[141.52956009122533,38.793879197866715],[141.53719536957067,38.795817288137414],[141.53939431899266,38.798299738941864],[141.5440156939692,38.797527143962554],[141.54380313920353,38.798473639946565],[141.5451411145708,38.798974315012686],[141.54680252931337,38.80043577539078],[141.55120696532924,38.80212136930578],[141.55515805400103,38.80141542308337],[141.55627306135273,38.804228999768554],[141.55510407309453,38.809427189113535],[141.55905880671867,38.81251666701064],[141.5675149025908,38.81362642322091],[141.57110151762106,38.81107452317076],[141.57780175105006,38.81256774760351],[141.57520381290567,38.815660676199286],[141.57489019502657,38.81955076565538],[141.5769810378447,38.82282450474713],[141.58282359323425,38.82517241427553],[141.5897549551271,38.82338220672352],[141.59676939009535,38.82938144110068],[141.6033853696391,38.82984800937817],[141.6022640598386,38.83272737776633],[141.59746648519024,38.83583083832258],[141.59282855999015,38.83329287416689],[141.5908574187349,38.83422825183243],[141.58882824872478,38.84030210835567],[141.5832216988224,38.84846141356343],[141.58232691295677,38.85359077509423],[141.58540097287664,38.859716766215854],[141.58462474733426,38.860845595248065],[141.58676920863218,38.86954120666144],[141.59074800271821,38.86976194615693],[141.58836460414318,38.87355598172326],[141.5916799611614,38.87907024319719],[141.59026105130658,38.885409567897284],[141.5941827762142,38.88581388330414],[141.59371434544073,38.88974876619267],[141.58603162066288,38.89291228797174],[141.58127114125023,38.90068113542611],[141.57970425424799,38.904884595447754],[141.58189472126446,38.91013278440056],[141.58674067404297,38.9093517303981],[141.588839598169,38.8945564321337],[141.5958391313709,38.893471784095595],[141.6024416075942,38.88459819774869],[141.6045057720238,38.87997953242956],[141.60840744474785,38.88006497341985],[141.61114005187198,38.88389708088562],[141.61559516198724,38.88345617116539],[141.61466933871907,38.88792050472756],[141.6210945783522,38.89030919761143],[141.62103391728147,38.892905532264535],[141.62711208785265,38.89369253168502],[141.63019574623672,38.896080279381465],[141.6329617505844,38.90230866731122],[141.63729939035466,38.893710667413416],[141.63535053160183,38.890439000359606],[141.63899447481526,38.88417766666606],[141.64517496755082,38.88282427871752],[141.64748557679798,38.880020197973806],[141.64999180297934,38.87022850544122],[141.6524542798412,38.86811727858958],[141.658500388682,38.86514869385718],[141.65705888515947,38.86395163955655],[141.6582908043772,38.86175986492589],[141.6612645781978,38.86367738680201],[141.66853518774883,38.86141625195853],[141.67070457825378,38.858308864962225],[141.67463500590088,38.85817169406846],[141.67459885855055,38.86052358579491],[141.67470111506452,38.86201225156424],[141.67497680943222,38.862988053755714],[141.6746653571206,38.864913198285535],[141.6730608038131,38.86817453212899],[141.67234399467964,38.868005170901995],[141.66998747144476,38.868613413877995],[141.66998007811821,38.8727017750669],[141.67077403379471,38.87396341418025],[141.66877391728246,38.87451699995961],[141.66780669282468,38.87499353182608],[141.6670217771334,38.875625251604106],[141.6664241371643,38.878193360135526],[141.66393260680445,38.878506252261786],[141.66448666742588,38.880883198201104],[141.66258491606106,38.8817226128084],[141.66444041529303,38.884660667355945],[141.6631314403637,38.88553497296067],[141.6624535278081,38.88857389187166],[141.66710411186534,38.89293410822256],[141.66311360590828,38.89271019771752],[141.66518674377323,38.895770278575526],[141.66066619988533,38.89616372117882],[141.65702744486077,38.8995295859217],[141.6510202721679,38.90302317058291],[141.65208878097258,38.90869380167766],[141.6489609469902,38.90903633276059],[141.65033031139478,38.91204822524543],[141.65063983106347,38.91709033275271],[141.6491504674202,38.920343468376416],[141.64637403363486,38.92300902744472],[141.64448849524797,38.9227545858555],[141.64501413729272,38.92588150522732],[141.64275577236106,38.92733055855848],[141.64271769056904,38.928100774830966],[141.64135627796986,38.92839999996011],[141.6379455766271,38.92729813530076],[141.6345307258124,38.931329081072306],[141.64298425412005,38.93316319802324],[141.64219214025513,38.93624427895037],[141.64302830111524,38.938914305850574],[141.64369092069944,38.94051972070861],[141.64447849478677,38.94146869432484],[141.6388268870512,38.9433117208593],[141.63511992204678,38.95128486460487],[141.63134771662385,38.95425866720376],[141.6354690793346,38.956071197727624],[141.64177561565225,38.95603733285668],[141.64147778177426,38.95869483759674],[141.6368564976293,38.96287491884249],[141.63190416314671,38.97070805433327],[141.6244894938951,38.97145050493691],[141.61923477316634,38.974109170701695],[141.60597727603056,38.98386910817288],[141.6013853574484,38.98627527938066],[141.5922692221469,38.986856225234646],[141.5840419461789,38.98870380233865],[141.58022328087975,38.98677605427156],[141.57453836585296,38.987292532224615],[141.56699433182303,38.99598327920501],[141.56027535742192,38.99382280188087],[141.55713024566433,38.995794251603456],[141.55290352827524,38.99483541422302],[141.54816588804533,38.99630605398124],[141.54070108878432,38.99475477471316],[141.53247593971287,38.994540747757355],[141.52313422836198,38.99134589179954],[141.51662442277893,38.998226306199115],[141.51787846981563,39.00165797343675],[141.50855296964392,39.002718667132854],[141.50683888520643,38.99982200028512],[141.5025974189358,39.0001931981576],[141.49651593975886,38.99857077532107],[141.492381971251,38.99895972131412],[141.4872828916922,38.99353225161218],[141.48633280201727,38.988297252116524],[141.48433620005562,38.98578474776792],[141.48538855973436,38.98269805417192],[141.48355425392572,38.97831530620647],[141.48648930024103,38.971232720613614],[141.4888811146718,38.968305171046836],[141.49024275030274,38.96245233280894],[141.49034574605935,38.9570875863231],[141.4939633850023,38.95534974809243],[141.49018296966835,38.949975612684455],[141.49153167304837,38.948733360256426],[141.49045603082118,38.94316474825456],[141.48557233529505,38.935728387355255],[141.4855605316933,38.93228474834251],[141.4921096889111,38.92162433319646],[141.4893839687952,38.91744825213516],[141.49212691272692,38.91479208108973],[141.48908883288334,38.90703374760943],[141.48277666680974,38.90231546798452],[141.47271080426026,38.89751141372079],[141.4705428023085,38.8949389461755],[141.46618719768105,38.893662864849375],[141.46730272394166,38.8882197748228],[141.4660383661777,38.88543838667226],[141.46099055786806,38.88357733322738],[141.45367693913954,38.87894155920566],[141.4506931387774,38.875143532448135],[141.45126688735706,38.8710946128262],[141.45408158189957,38.86554733274329],[141.45266941606076,38.862552333123745],[141.45570596615744,38.86030008088409],[141.4637759399078,38.85843830618296],[141.46601775641443,38.85596550510405],[141.46389058368356,38.853011081096554],[141.4569952270482,38.849780585905364],[141.45459661464213,38.84725089191517],[141.4498348635882,38.837389802297594],[141.4501074966637,38.83270033335373],[141.45454603137432,38.821402504821776],[141.45402866399172,38.81680358591683],[141.4590913623765,38.815241306141445],[141.45434496814585,38.810897747932756],[141.45150457817385,38.81187472104159],[141.4464308558994,38.81047089191816],[141.4373480287885,38.8128398923472],[141.4294150838391,38.81060108137484],[141.43145302223922,38.806559666595376],[141.43615930041142,38.805779892328246],[141.43670527882557,38.80142600000994],[141.43267871634976,38.794005468077955],[141.43253241194134,38.79158519819839],[141.43796391690125,38.7830798383639],[141.43150038863212,38.7832896403047],[141.4295429179714,38.78101577465833],[141.42531416271845,38.781315278577324],[141.42138744477484,38.77953641417423],[141.42305632928628,38.77183946841677],[141.417456199644,38.770894252168034],[141.41462036293944,38.76834402665554],[141.41058108944583,38.7678307206113],[141.40983036328066,38.772525197879645],[141.41562422757613,38.77965899986299],[141.41486399467772,38.78620208126108],[141.41050111543416,38.78565325199605],[141.40433413681103,38.78889166661719],[141.39811143979114,38.789502558995935],[141.39738902698207,38.79528202694405],[141.39381267231704,38.799839864817955],[141.3893358876412,38.79842961273647],[141.38663661478802,38.79984438660921],[141.38031930009572,38.79611917076318],[141.37796335872213,38.797119748377725],[141.37529839230706,38.802437586225665],[141.37239769110067,38.80418733327883],[141.37138341141542,38.8074345585581],[141.3659509468788,38.8094757480074],[141.35966411200923,38.80915386535867],[141.35306797690566,38.81240394598535],[141.3496267435794,38.81229427905777],[141.34772705615876,38.80993594638687],[141.34095272398906,38.80836019836454],[141.33867603087424,38.80619744125897],[141.33466144017336,38.806908613441806],[141.33252016877088,38.81121280202922],[141.32825688674598,38.814327279280576],[141.324110921282,38.81564400007062],[141.32045211407387,38.81850319756455],[141.3168482752278,38.823274892422376],[141.30896250331693,38.82216389155042],[141.30658778230043,38.81895697298597],[141.3076726722561,38.813770026965244],[141.30727277611777,38.80871086471467],[141.30300275007687,38.8048756401987],[141.304549753968,38.79346036020752],[141.2975450838386,38.79340822470988],[141.28518263337185,38.797621170780474],[141.27976094720998,38.792706775097656],[141.27471630361458,38.79430380197891],[141.2724819973464,38.7969651980855],[141.26906530472013,38.79344886507312],[141.26920128401207,38.78861997333314],[141.26441280240897,38.788179505180096],[141.2632626981151,38.78029869392964],[141.25817319094006,38.77639902669375],[141.25594635534014,38.77062130612842],[141.2573352269393,38.7623882250366],[141.24765972771434,38.76045446769956],[141.24792561587458,38.75837446800733],[141.24138321706187,38.757827892443345],[141.2416146692816,38.7557512247393],[141.23523447489117,38.756135198380775],[141.22884435828053,38.7525677479033],[141.23687878093108,38.75201822526094],[141.23711027182162,38.74914389217696],[141.23254917030806,38.74765138720181],[141.22293888542129,38.7486194408346],[141.21583861196245,38.74847055896919],[141.20727333299794,38.756806305766474],[141.20823158222186,38.761391865242445],[141.2060613103812,38.76948435981541],[141.20346649828036,38.76990383779196],[141.19774900081575,38.7739035860817],[141.19560024615453,38.77681083794988],[141.19180927367916,38.77721586472046],[141.18609211435967,38.77991174802878],[141.18097099871272,38.78452566672621],[141.1790479514019,38.78212513516689],[141.17368031089768,38.7810421346868],[141.1728086636889,38.778222721401505],[141.16748988335155,38.778464441181086],[141.16358635532606,38.781957252425286],[141.1592623088086,38.78253422507447],[141.14740978023724,38.78583847726395],[141.14014905333624,38.78864196355585],[141.13857958527967,38.79081269405066],[141.14058805379568,38.795746053737446],[141.1411158110459,38.80887800011965],[141.14250383908097,38.81190186527891],[141.1399203629345,38.81430272059413],[141.1356113881551,38.812705558814514],[141.12991591418813,38.8128228376039],[141.1283705056943,38.815923666743856],[141.12361700412146,38.81654844105776],[141.12607114067066,38.8218506396953],[141.1237351363675,38.82546344118492],[141.12043724957948,38.82606708143072],[141.11610022044886,38.82238186473131],[141.1086899219024,38.82519861332537],[141.1045153831784,38.823265332629035],[141.10502975402005,38.828025865101665],[141.1027796106905,38.83062894556946],[141.10482369595684,38.837347251774304],[141.11334508440814,38.838013278889775],[141.1204475881857,38.83509125205967],[141.12533632890847,38.83686119788604],[141.13016530518473,38.84000419803539],[141.1325036063564,38.84501444076386],[141.13801566808866,38.84752244130766],[141.13979121938928,38.85050935961931],[141.146782698263,38.85626677529149],[141.14712177684862,38.85981233267307],[141.1456157460699,38.8656059460576],[141.1461331647139,38.86927483826321],[141.1436016729789,38.87043764008507],[141.13947968883667,38.87748853177038],[141.13314919637833,38.87822917113937],[141.12379021984282,38.880467054011376],[141.11682503174984,38.88048046829903],[141.1140288848252,38.87802189179695],[141.10798341090572,38.87765835974557],[141.1024492995956,38.88070535996445],[141.10226252929237,38.88450341370162],[141.09868574565076,38.88474958602461],[141.09169518768283,38.88742855938057],[141.0887457719998,38.88354136034553],[141.0850409473819,38.88376502713436],[141.0747721402222,38.87946597277647],[141.06148277560965,38.883877224754144],[141.05381705611228,38.88172844131458],[141.05192557680402,38.88326761300999],[141.04761775585484,38.88114405375512],[141.04350632885405,38.87656522480535],[141.03684894901983,38.87673419842457],[141.03252574606643,38.877918693692834],[141.02960917002724,38.88347094612732],[141.02166591435048,38.882764080797756],[141.02069972771028,38.886396586433364],[141.01634883283248,38.88439386458526],[141.01344797694264,38.881024468204714],[141.00989094690976,38.88153422462483],[141.00463169899376,38.87869789239386],[141.00249827507537,38.880919865359544],[140.99505060969796,38.8800910537592],[140.9938753828427,38.876807747679436],[140.989813112785,38.87431750514878],[140.98429797716994,38.876191999860964],[140.9799596629082,38.88370480223489],[140.97448669290657,38.887251505352765],[140.970837030005,38.89491317070633],[140.9660979769402,38.898671531965704],[140.96151941598828,38.90572766669851],[140.95479005171956,38.90935383840895],[140.94719182903975,38.91006583796809],[140.94342805386168,38.91501861311855],[140.93783544704831,38.91488172101464],[140.93074416321258,38.91781313496824],[140.93139302227019,38.920410081160355],[140.92469233468353,38.92088872103767],[140.92039457804742,38.91621710813308],[140.9144041633216,38.91758213510752],[140.9150996890994,38.92040853162848],[140.91037418881785,38.927444359669494],[140.90265238669838,38.929267171243],[140.89319282728718,38.92742944081607],[140.88769938961525,38.92897225206781],[140.88543108897363,38.92703117065207],[140.8814526330326,38.92955283819299],[140.87572503168496,38.930986747840166],[140.87297494174027,38.93495091894982],[140.8644091699473,38.94141455873495],[140.8555237476229,38.943199305603514],[140.84871910470304,38.94737655938076],[140.84069311319672,38.95057550455596],[140.83708457809087,38.957799693800894],[140.8343642539072,38.95819889206524],[140.82405810599687,38.964119837760336],[140.81878833961025,38.963656837992744],[140.81131649775818,38.964587999636535],[140.80029333297102,38.961937559071146],[140.79403566761198,38.9639998646021],[140.7821675232127,38.958208279188796],[140.7762654731731,38.95897889206225],[140.7735901690511,38.95808446772406]]],[[[141.06858216593423,38.26278310755441],[141.06851136230955,38.262903532172345],[141.05499321736318,38.257961387008436],[141.05505994795828,38.257846387101154],[141.06858216593423,38.26278310755441]]],[[[141.04074094683733,38.27177566701346],[141.04160355406088,38.269963891920156],[141.0417708036797,38.27001755896322],[141.04136286580365,38.27059833304668],[141.04074094683733,38.27177566701346]]],[[[141.50547691322902,38.244642639746075],[141.50554834008392,38.24474708071324],[141.5054413621292,38.24484541438443],[141.5053383007221,38.24475569441984],[141.50547691322902,38.244642639746075]]],[[[141.49881732825713,38.24539353228573],[141.49842380021823,38.24526189222257],[141.49853978038664,38.2450865316182],[141.49879955855283,38.24521083771003],[141.49881732825713,38.24539353228573]]],[[[141.4986152532914,38.245396027005086],[141.49863330718142,38.24548546817988],[141.49850530487595,38.24552810773605],[141.49847250300365,38.24538972095888],[141.4986152532914,38.245396027005086]]],[[[141.50140944239195,38.24597091862307],[141.50143795090082,38.24606230593071],[141.5013140342154,38.24612913455195],[141.50128345007124,38.245971279251194],[141.50140944239195,38.24597091862307]]],[[[141.50102827463525,38.24671441423885],[141.50071871629575,38.24605746757811],[141.50120891066274,38.24599313457554],[141.50102827463525,38.24671441423885]]],[[[141.50147639422028,38.24740605404622],[141.50125949393055,38.24731205420801],[141.5013230867911,38.24715680244452],[141.50145997439836,38.24727217107392],[141.50147639422028,38.24740605404622]]],[[[141.49559713390067,38.247447838347114],[141.49563856027146,38.24766889170604],[141.49546325632423,38.24765061298547],[141.49559713390067,38.247447838347114]]],[[[141.49495031090817,38.24878097266384],[141.49481596568432,38.24889666684777],[141.49474053234974,38.24874508072094],[141.49495031090817,38.24878097266384]]],[[[141.47993678315606,38.24917844063259],[141.47969802934062,38.24910725209804],[141.47999357983986,38.249040026875775],[141.47993678315606,38.24917844063259]]],[[[141.47958219216446,38.24979253189986],[141.4799915302849,38.24964746765659],[141.48004280243345,38.249721775039916],[141.47958219216446,38.24979253189986]]],[[[141.48670505839175,38.249549026966065],[141.4867893392567,38.24976622493136],[141.48662769061548,38.249769440907016],[141.48670505839175,38.249549026966065]]],[[[141.49204163361458,38.24985669403128],[141.49197066091733,38.250021359897914],[141.49187871603,38.24983480183471],[141.49204163361458,38.24985669403128]]],[[[141.48667116744048,38.25012617138577],[141.48659875492865,38.24996072131029],[141.4867114139007,38.24990017085628],[141.48675747088066,38.2501165045731],[141.48667116744048,38.25012617138577]]],[[[141.47739269821454,38.25154008100998],[141.47740046655838,38.251736919223504],[141.4771441121112,38.2516103873096],[141.47739269821454,38.25154008100998]]],[[[141.47504802894343,38.25192413469114],[141.47496871593353,38.25172833339593],[141.47507299592212,38.251644531869715],[141.47525425428046,38.25183183816887],[141.47504802894343,38.25192413469114]]],[[[141.4748238000784,38.25545344132331],[141.47464933879598,38.255362332805475],[141.47475955880668,38.25513658588477],[141.4750146946725,38.25530655865083],[141.4748238000784,38.25545344132331]]],[[[141.47458461728627,38.25526719802281],[141.47449641987396,38.25550272057416],[141.47406208779523,38.25517363975172],[141.47410089534014,38.25499783758022],[141.47458461728627,38.25526719802281]]],[[[141.47267547259503,38.260395197980074],[141.47265620012365,38.26059169355187],[141.47250581099445,38.26046080172466],[141.47267547259503,38.260395197980074]]],[[[141.49317710773744,38.261026252259796],[141.4930614135535,38.260881107976786],[141.4931938648051,38.2608063059663],[141.49317710773744,38.261026252259796]]],[[[141.4715573931593,38.26127197312309],[141.47171958499086,38.26142164009667],[141.47159450098547,38.26143905366945],[141.4715573931593,38.26127197312309]]],[[[141.49393786044402,38.261248748131266],[141.49252308657128,38.260122197981104],[141.49328058373203,38.25982197280587],[141.4941679771705,38.26057694556965],[141.49393786044402,38.261248748131266]]],[[[141.49044852058285,38.26317702679842],[141.49062377416794,38.2630582794161],[141.49067888462287,38.26316294611314],[141.49044852058285,38.26317702679842]]],[[[141.49043180308536,38.26345155924213],[141.4907184952624,38.263358775287315],[141.49073374776435,38.263455532446926],[141.49043180308536,38.26345155924213]]],[[[141.49064133612887,38.26382708105501],[141.49072461694755,38.26401410766499],[141.49060530479107,38.26405036023601],[141.4905474190282,38.263903000023504],[141.49064133612887,38.26382708105501]]],[[[141.46542114077306,38.26496733327588],[141.465326809085,38.264735468267304],[141.465688806893,38.26473308056728],[141.46542114077306,38.26496733327588]]],[[[141.46477150470128,38.26532635972376],[141.46452116671855,38.26525166743056],[141.46461325639677,38.26514269388025],[141.46489221800152,38.26515966678522],[141.46477150470128,38.26532635972376]]],[[[141.46518788631192,38.266270946447094],[141.46508308741465,38.26638844107373],[141.46499496824322,38.266244224891125],[141.46518788631192,38.266270946447094]]],[[[141.45902430622687,38.2676534139739],[141.45876182919517,38.26763069440108],[141.45884880712686,38.267497504806045],[141.45902430622687,38.2676534139739]]],[[[141.46354046681915,38.268453108224435],[141.4634175618711,38.26824725160941],[141.46371022015057,38.268232802202135],[141.46354046681915,38.268453108224435]]],[[[141.57655968927827,38.26877866730172],[141.57640027185516,38.268779667347815],[141.57642724971788,38.26866661267411],[141.57656455281187,38.26867186471486],[141.57655968927827,38.26877866730172]]],[[[141.48766182913016,38.270786919081104],[141.48750491631893,38.270712027138416],[141.48767994777143,38.27065302711554],[141.48766182913016,38.270786919081104]]],[[[141.58098252902062,38.27128044093968],[141.58092455332553,38.271388386564865],[141.58076425366744,38.27137005388494],[141.58076705595488,38.27122110816765],[141.58098252902062,38.27128044093968]]],[[[141.5236213362557,38.27153474763054],[141.5236415053513,38.271741892074715],[141.52350619965148,38.2718279733823],[141.52345350207747,38.27151966689917],[141.5236213362557,38.27153474763054]]],[[[141.51729269819953,38.27163555893395],[141.51705891133975,38.271868639825925],[141.5170227496003,38.271602468379285],[141.51729269819953,38.27163555893395]]],[[[141.51716197094822,38.272189107841086],[141.51700625243666,38.27226464010113],[141.51698144014142,38.27215789237289],[141.51716197094822,38.272189107841086]]],[[[141.567915357208,38.27255966719491],[141.5676778858258,38.272605973287114],[141.56765522740693,38.27244046835301],[141.56789749667223,38.27247144100426],[141.567915357208,38.27255966719491]]],[[[141.4841844232726,38.273671053876114],[141.48411199727093,38.27372669403178],[141.48391736689302,38.27361280208919],[141.4841377169821,38.2735758021816],[141.4841844232726,38.273671053876114]]],[[[141.45662538265537,38.27376599980113],[141.45656488975794,38.27385722523081],[141.45633907898537,38.27378113539112],[141.45634350185117,38.27365550459791],[141.45662538265537,38.27376599980113]]],[[[141.58380994807067,38.27398005373652],[141.58356116681443,38.27390686510978],[141.5836990526692,38.273810838199665],[141.58380994807067,38.27398005373652]]],[[[141.51242700440275,38.27517019764656],[141.51193771655244,38.275303945720566],[141.51205992182804,38.27482680231515],[141.51241936376266,38.27472977535888],[141.51242700440275,38.27517019764656]]],[[[141.48390072583788,38.275882693631445],[141.48374922244875,38.275735134668764],[141.48418763924826,38.275772720934356],[141.48418233504674,38.27589617087165],[141.48390072583788,38.275882693631445]]],[[[141.58542849482922,38.27630705402737],[141.5851526718584,38.27614799993029],[141.58537647174683,38.27606125222508],[141.58542849482922,38.27630705402737]]],[[[141.511408274872,38.27644213489668],[141.5112600782901,38.27645983805115],[141.51122961105773,38.27635261278289],[141.51141243783377,38.27634966660389],[141.511408274872,38.27644213489668]]],[[[141.51117527941562,38.27696455916714],[141.5110374969829,38.27707886479783],[141.51092169937704,38.27697813533274],[141.51095461726186,38.276874531634405],[141.51117527941562,38.27696455916714]]],[[[141.48220005209077,38.277668892005806],[141.48207080422435,38.27738805441521],[141.48221150495704,38.27735053200149],[141.48244775595924,38.277554278806974],[141.48220005209077,38.277668892005806]]],[[[141.46093494199408,38.277783667082645],[141.46090036306134,38.277829531607665],[141.46051802888394,38.27761553163151],[141.4605818942391,38.27758608063317],[141.46093494199408,38.277783667082645]]],[[[141.5103926983644,38.27882158634719],[141.51010955940876,38.27877000033527],[141.51015160811028,38.278496919397355],[141.5103525292459,38.27863063959239],[141.5103926983644,38.27882158634719]]],[[[141.48066280224657,38.27897091877293],[141.48085632915638,38.27910291856489],[141.48082591408468,38.27913966666233],[141.48041516222997,38.27892597335506],[141.48055610937706,38.27887599982756],[141.48066280224657,38.27897091877293]]],[[[141.525835005781,38.27936330557213],[141.52551966300211,38.27893286485988],[141.52594274995806,38.27891641356172],[141.525835005781,38.27936330557213]]],[[[141.52594457827968,38.27966202708092],[141.5258435277567,38.27944405390002],[141.52617713396762,38.27948910813586],[141.52594457827968,38.27966202708092]]],[[[141.47931277596388,38.279686135207044],[141.47899450139516,38.27962789241337],[141.47914603086474,38.27953327923751],[141.47931277596388,38.279686135207044]]],[[[141.52535144031674,38.28025972100937],[141.5255776386971,38.28010080181059],[141.52564505817293,38.28019744115903],[141.52535144031674,38.28025972100937]]],[[[141.58189955871774,38.28066646818303],[141.5818972240777,38.28041725165491],[141.582196913257,38.28056161262839],[141.58189955871774,38.28066646818303]]],[[[141.50960849493617,38.28061783824268],[141.5096705319695,38.28070010822347],[141.50963600519754,38.28081138673616],[141.50952985731715,38.28081686540605],[141.50960849493617,38.28061783824268]]],[[[141.58355766485442,38.2810626672084],[141.58335939042354,38.2810537477323],[141.583316199583,38.280943945906415],[141.58353167264863,38.280947865151916],[141.58355766485442,38.2810626672084]]],[[[141.45975739308926,38.281431748076784],[141.45959666715248,38.28155108091772],[141.4595233328356,38.281463360146006],[141.45975739308926,38.281431748076784]]],[[[141.52527810599986,38.28307069415729],[141.52521635495089,38.28311358642293],[141.52497046681367,38.28290699955846],[141.52523083043855,38.282928441194656],[141.52527810599986,38.28307069415729]]],[[[141.58251600530946,38.28365877523237],[141.5821521144286,38.28333177544113],[141.58324783402043,38.28320019833052],[141.58251600530946,38.28365877523237]]],[[[141.4701186379648,38.28363955941819],[141.4667576385542,38.28044402717018],[141.46048522701165,38.28322077481897],[141.45976031138935,38.28101350486941],[141.46329678292022,38.27700727876294],[141.45760744502763,38.27013197341188],[141.4586186382396,38.26781025214149],[141.46432686099593,38.26903730602692],[141.47244394303357,38.263496585599],[141.47383427962836,38.25767417142595],[141.4754751097886,38.255923721102874],[141.4748960309272,38.255130775365046],[141.47572311313127,38.252581918620706],[141.48360756213935,38.25106658615408],[141.49345647223845,38.25105963979058],[141.49876508394152,38.24611686510127],[141.50100124461176,38.247518414443334],[141.4966079511961,38.25089986533658],[141.49817564219222,38.25351155861159],[141.49384221844366,38.25647830602907],[141.49213603095313,38.259460558657906],[141.48958391686438,38.25966855925668],[141.4902049419046,38.26345958569135],[141.48904111485558,38.26720202715188],[141.48713603060344,38.27052272074701],[141.4835452526114,38.27256253243496],[141.48168277643902,38.27780105367572],[141.4750159663139,38.28054436003424],[141.4701186379648,38.28363955941819]]],[[[141.4613422179691,38.28375866742863],[141.46126564159613,38.28368105413739],[141.4613600776056,38.28349891893998],[141.4615070816866,38.283618305740276],[141.4613422179691,38.28375866742863]]],[[[141.41225435815215,38.28622250496471],[141.41208396900004,38.28624305357414],[141.4121372763143,38.2860896400249],[141.41225435815215,38.28622250496471]]],[[[141.4128199480822,38.286308251724506],[141.41268747075026,38.28638261306719],[141.41256756234316,38.2861217476206],[141.4128199480822,38.286308251724506]]],[[[141.41235752298132,38.28641786469274],[141.41231333299402,38.28651086538417],[141.41216958535813,38.286400864808115],[141.41231147859196,38.286348613297946],[141.41235752298132,38.28641786469274]]],[[[141.4112874448598,38.28629717117758],[141.41142525337284,38.28657913471932],[141.41127841836442,38.2865290271929],[141.4112874448598,38.28629717117758]]],[[[141.4224901170253,38.287959306277],[141.42199474706,38.28792377496228],[141.4219862520639,38.2876082253394],[141.4224901170253,38.287959306277]]],[[[141.42195438368788,38.28816264029365],[141.4218023865709,38.2881949457402],[141.42147175082073,38.28796380198793],[141.42153955880372,38.28778046799425],[141.42195438368788,38.28816264029365]]],[[[141.41883211381105,38.2884105591001],[141.4189237736133,38.28869461266629],[141.41893352766022,38.288897360324995],[141.4188445532336,38.28892053225684],[141.41874744533834,38.28847322475957],[141.41883211381105,38.2884105591001]]],[[[141.41871105067446,38.28894991940331],[141.41855807959178,38.28890510798442],[141.4185641122441,38.28872919789421],[141.4186719202729,38.28870297276404],[141.41871105067446,38.28894991940331]]],[[[141.41802277613033,38.28898110789186],[141.41794252872478,38.28897997294746],[141.4179480541594,38.28881372067673],[141.41810019516788,38.28888169413494],[141.41802277613033,38.28898110789186]]],[[[141.41932357981943,38.289054801937596],[141.41931389142303,38.28890125169147],[141.41945766513925,38.28894233272251],[141.41932357981943,38.289054801937596]]],[[[141.43371116683693,38.28898663962178],[141.43380688707828,38.28926941435202],[141.4337223346181,38.289288505160414],[141.4336897278987,38.28913063996714],[141.43371116683693,38.28898663962178]]],[[[141.4351090271599,38.29094402664555],[141.4338918550252,38.289358000271534],[141.43526138760296,38.28922494557486],[141.4351090271599,38.29094402664555]]],[[[141.52679649796005,38.29180250508159],[141.52654919608858,38.29200153224497],[141.52649616126894,38.29181155855662],[141.52679649796005,38.29180250508159]]],[[[141.52677072608822,38.291892108134334],[141.526761529621,38.292031440998244],[141.5266322179026,38.292090946440055],[141.5265343581741,38.29201622536857],[141.52677072608822,38.291892108134334]]],[[[141.49390891126734,38.29266844069605],[141.4937129957582,38.29264413471907],[141.49384758829558,38.29249697325679],[141.49390891126734,38.29266844069605]]],[[[141.498476835038,38.292814720822776],[141.4982767826475,38.29268927888717],[141.4983649683686,38.2925845321505],[141.498476835038,38.292814720822776]]],[[[141.50551367121898,38.292844892178096],[141.5047309210952,38.29288289213184],[141.5047286898772,38.2928032517687],[141.50551367121898,38.292844892178096]]],[[[141.5834208303071,38.29284644081065],[141.58328396878017,38.29293291871926],[141.58329736688006,38.29270027939441],[141.5834634761586,38.29271066656406],[141.5834208303071,38.29284644081065]]],[[[141.49206160755716,38.29334583794014],[141.49192863829603,38.293281333167045],[141.49186555085453,38.29315800014166],[141.4919433592986,38.293101775426635],[141.49207364498284,38.29327358640694],[141.49206160755716,38.29334583794014]]],[[[141.40792192006063,38.29332608073412],[141.40810219186278,38.293584865149455],[141.40803461680423,38.293725838376815],[141.40789839199726,38.293485413621],[141.40792192006063,38.29332608073412]]],[[[141.58473880655072,38.294209359774186],[141.5846309472605,38.2942537476124],[141.5844937997491,38.294165387422765],[141.58460549914457,38.29408027918157],[141.58473880655072,38.294209359774186]]],[[[141.52649258106783,38.2942946128062],[141.52629147916855,38.294100387123194],[141.52651250284976,38.294032694253474],[141.52649258106783,38.2942946128062]]],[[[141.52657236082587,38.29440386514631],[141.52669255521732,38.294455891825976],[141.5265686897933,38.29458738709826],[141.52650780838871,38.294438053773206],[141.52657236082587,38.29440386514631]]],[[[141.5271065886982,38.295978559163245],[141.5270265886062,38.295861170656565],[141.52720897471443,38.29586183795351],[141.5271065886982,38.295978559163245]]],[[[141.52746430573313,38.29603438727719],[141.52764308735868,38.296154694083896],[141.5274776390819,38.29619650536449],[141.52746430573313,38.29603438727719]]],[[[141.41070277581252,38.296746359856684],[141.41082019489613,38.29686472142981],[141.4106968088107,38.29691550524643],[141.41070277581252,38.296746359856684]]],[[[141.47540752303883,38.301144532094554],[141.47511007766798,38.30107155930506],[141.4752708296851,38.300903892400754],[141.47540752303883,38.301144532094554]]],[[[141.4761860310606,38.301805531999776],[141.47517182871695,38.30164205413752],[141.4761081057046,38.3007638922399],[141.47672358012915,38.301013613287694],[141.4761860310606,38.301805531999776]]],[[[141.42177778201903,38.30255866744858],[141.421509143732,38.302493441419244],[141.42142483768623,38.30188202743369],[141.42180758824964,38.3022577749764],[141.42177778201903,38.30255866744858]]],[[[141.41017092125105,38.30293777485849],[141.40996367068692,38.30294483813384],[141.40997163418365,38.302794693620285],[141.41014452704837,38.302826467567456],[141.41017092125105,38.30293777485849]]],[[[141.47603403394362,38.30306905429347],[141.4758358629348,38.302835081274054],[141.47611094666297,38.30280808092823],[141.47603403394362,38.30306905429347]]],[[[141.46609619977983,38.30572046792531],[141.4660239428507,38.30561750544359],[141.46616280177193,38.305557026935276],[141.46619834028127,38.30568594564994],[141.46609619977983,38.30572046792531]]],[[[141.5743168610344,38.307187864728235],[141.57447147877576,38.30724455888935],[141.57448228323085,38.307329359562345],[141.57430983103393,38.30731646778082],[141.5743168610344,38.307187864728235]]],[[[141.47092252935136,38.307688252011246],[141.47098655028913,38.307884108165126],[141.47084274959332,38.30786417109465],[141.47092252935136,38.307688252011246]]],[[[141.47068683502948,38.307815559140806],[141.4708155253163,38.30797919798164],[141.4707241371093,38.308001504765684],[141.47064411183635,38.30789822482325],[141.47068683502948,38.307815559140806]]],[[[141.4221525034353,38.30843646816851],[141.42221355391246,38.30867508079041],[141.42195691258155,38.30886766700928],[141.42207280191838,38.3084636402848],[141.4221525034353,38.30843646816851]]],[[[141.42203622559146,38.30908791907228],[141.4219761346909,38.3089391082533],[141.42213036302587,38.30896319839292],[141.42203622559146,38.30908791907228]]],[[[141.4162299740342,38.312209721301656],[141.41115725000714,38.30843880190923],[141.40953500613568,38.304949414384],[141.4099821400638,38.30387527942065],[141.4097846426472,38.303464945750704],[141.4098543841726,38.30313619767742],[141.41010143962978,38.30305877504247],[141.41016241186583,38.30296180204556],[141.41034474671278,38.30294530578129],[141.4101853310882,38.302795639707085],[141.41030011695693,38.30143605363105],[141.4128150836492,38.299323333005475],[141.40651849473284,38.29038697308039],[141.40848841830598,38.285668278868],[141.4174469393248,38.28926094633567],[141.42275147889768,38.28893861312656],[141.42449669336781,38.291785251588124],[141.42277907909124,38.30052133339285],[141.42148839187587,38.30097397297055],[141.42024367080887,38.303075225441376],[141.4216618935816,38.309485387041036],[141.4162299740342,38.312209721301656]]],[[[141.54139250286175,38.31240830599859],[141.54112516229645,38.31222189182688],[141.54144321743058,38.31215744101314],[141.54139250286175,38.31240830599859]]],[[[141.5413797540724,38.31316850472274],[141.54110069983744,38.31315074760897],[141.54114213969808,38.31301641407629],[141.5413797540724,38.31316850472274]]],[[[141.56685736687405,38.313552613262516],[141.5604674454163,38.30903310809151],[141.55211483812934,38.306330999675936],[141.54793325591504,38.302968054132464],[141.55186644627952,38.29472344103402],[141.55321243820356,38.28685230558949],[141.55614379999645,38.285599558972535],[141.55875988286232,38.281572251857995],[141.56820527885066,38.27686902688413],[141.57472522698765,38.26928127860816],[141.58611900059145,38.27744097322238],[141.58140236133,38.2796420000783],[141.58268703028227,38.282784467829],[141.5815916991976,38.283532864749986],[141.58098752295587,38.28479561272741],[141.57910593978738,38.28689827893248],[141.58181182895282,38.288044305700225],[141.58279654972102,38.29392383761507],[141.58734736658778,38.296283198211086],[141.58920286581963,38.301685081301514],[141.58102508404045,38.3055799731373],[141.57873883293087,38.30545199961017],[141.56798138813065,38.30941191872512],[141.57128980508048,38.31209297311227],[141.56685736687405,38.313552613262516]]],[[[141.4471064715865,38.31541738720273],[141.44687625233723,38.31515658560801],[141.44702383917888,38.31516572092136],[141.44720700410005,38.31532477501838],[141.4471064715865,38.31541738720273]]],[[[141.44798577202585,38.31572035980679],[141.44698236064744,38.31480250543132],[141.44762658909588,38.31444308058377],[141.4484595591614,38.31543453187817],[141.44798577202585,38.31572035980679]]],[[[141.54107274980765,38.31670002728447],[141.54093941632107,38.31669994634552],[141.54096442286993,38.31657808101369],[141.54114652389308,38.31657210771664],[141.54107274980765,38.31670002728447]]],[[[141.53601272420792,38.31890319812413],[141.53597024563044,38.31905355937431],[141.5358489108986,38.31898202729877],[141.53601272420792,38.31890319812413]]],[[[141.46666666673332,38.325883440868154],[141.4659355772651,38.32541483832421],[141.46599941564057,38.325363864750614],[141.46666666673332,38.325883440868154]]],[[[141.46689552530836,38.32791538708551],[141.46658275009395,38.326354558815865],[141.46752024566285,38.32710177492703],[141.46689552530836,38.32791538708551]]],[[[141.5313621401507,38.32920194641275],[141.53086500571555,38.32908913455594],[141.5306652788796,38.328741918904484],[141.53149202293855,38.32895944062574],[141.5313621401507,38.32920194641275]]],[[[141.5309061092296,38.33057410770897],[141.53076747064233,38.33059772120794],[141.5310906609053,38.3301263055846],[141.53114966272676,38.33029191933667],[141.5309061092296,38.33057410770897]]],[[[141.53075916989985,38.33216400026845],[141.5306390267698,38.332100197865884],[141.53079072621108,38.33194846784755],[141.5309228024454,38.33205138716187],[141.53075916989985,38.33216400026845]]],[[[141.53229153013012,38.33441636042676],[141.5323828023245,38.334497413624774],[141.5324292478116,38.33491502730669],[141.53222418889527,38.334752802200114],[141.53229153013012,38.33441636042676]]],[[[141.53268364533403,38.33473789233989],[141.5327459395735,38.33487619817805],[141.53257063562637,38.334941918834545],[141.53258905284258,38.33475017078382],[141.53268364533403,38.33473789233989]]],[[[141.5326983006861,38.3352995594272],[141.5328043316547,38.33536974791559],[141.53270461662487,38.33545583821643],[141.53261561611782,38.33543050521371],[141.5326983006861,38.3352995594272]]],[[[141.53540814506994,38.33898980243748],[141.53545286565725,38.33887194628335],[141.53571155564384,38.33876950540838],[141.5356693639501,38.33893661293439],[141.53540814506994,38.33898980243748]]],[[[141.53638172503668,38.33901253190288],[141.53599338518666,38.33918125191332],[141.53592916999526,38.33897602662239],[141.53638172503668,38.33901253190288]]],[[[141.5346917253429,38.339241305941584],[141.53476691316257,38.33939780236676],[141.53457900072033,38.339390197699515],[141.5346917253429,38.339241305941584]]],[[[141.53507141371483,38.33991844058363],[141.53463021980883,38.340040440813766],[141.53455316499662,38.3396878382232],[141.53477236125548,38.33950119832167],[141.53507141371483,38.33991844058363]]],[[[141.53318547333095,38.34176683786933],[141.53305552489257,38.34165966656042],[141.5331404145985,38.34153169393261],[141.5332609471351,38.34163258617497],[141.53318547333095,38.34176683786933]]],[[[141.53214929965054,38.34250702667799],[141.5320953825959,38.34270753232681],[141.5320154220741,38.34267089214802],[141.53214929965054,38.34250702667799]]],[[[141.52973167287848,38.343632720673554],[141.52968328125849,38.343705440753524],[141.5295538912991,38.34366819802898],[141.52960542155301,38.34357877484064],[141.52973167287848,38.343632720673554]]],[[[141.5286633592267,38.34517005415472],[141.52855822308356,38.345207613440664],[141.5285325033724,38.345052721406034],[141.52864988288582,38.34505408118093],[141.5286633592267,38.34517005415472]]],[[[141.4265720489609,38.345468891676035],[141.42671807997544,38.34582538743172],[141.42657403376472,38.34593422518441],[141.42631533118765,38.3455820812481],[141.4265720489609,38.345468891676035]]],[[[141.42630111470476,38.34594191888448],[141.42637016914807,38.34613319838843],[141.42620819675096,38.34606410797227],[141.42630111470476,38.34594191888448]]],[[[141.42603564203137,38.346129666750755],[141.42591204910184,38.3461841710627],[141.42575683510995,38.34606069414576],[141.42581116675206,38.34593438706236],[141.42603564203137,38.346129666750755]]],[[[141.52773988318916,38.346293775037736],[141.52760557663612,38.34624594639337],[141.5277010252821,38.345998586065946],[141.52781530483253,38.34604594616354],[141.52773988318916,38.346293775037736]]],[[[141.52598455314467,38.34729880159847],[141.5256127761088,38.34714641417571],[141.5258670036593,38.34700363960633],[141.52598455314467,38.34729880159847]]],[[[141.5242982748456,38.34977089221297],[141.52412286567778,38.349575054045545],[141.52424608269064,38.34951397299153],[141.52438639401691,38.349640441053566],[141.5242982748456,38.34977089221297]]],[[[141.5245955772242,38.349983278805325],[141.52449791174934,38.34993774792878],[141.5246717507008,38.3496174139126],[141.52479510980652,38.34968102655819],[141.5245955772242,38.349983278805325]]],[[[141.44636786018862,38.350443666941715],[141.447389143794,38.35028789177284],[141.4474027757176,38.35035772143175],[141.44636786018862,38.350443666941715]]],[[[141.44787014259305,38.35048022528224],[141.44761763904285,38.350235946032114],[141.44810635492445,38.35007094561769],[141.44815561618884,38.3503619734264],[141.44787014259305,38.35048022528224]]],[[[141.5236351624328,38.35167444132247],[141.52349927397233,38.35166561267795],[141.52331360623805,38.35148730589452],[141.52369992171407,38.35161433333485],[141.5236351624328,38.35167444132247]]],[[[141.5239737742703,38.35251430559077],[141.52425411183788,38.35264777487498],[141.5241039952033,38.35268508055208],[141.5239737742703,38.35251430559077]]],[[[141.52499999965028,38.35326313508568],[141.52486739281596,38.353276640204854],[141.52471600543936,38.35311753214842],[141.5250305577141,38.3531090002802],[141.52499999965028,38.35326313508568]]],[[[141.52541258072608,38.35320541389876],[141.52542647165444,38.353377748284515],[141.52527345020962,38.35333550532937],[141.52541258072608,38.35320541389876]]],[[[141.52413725033387,38.35461850513997],[141.5241899739882,38.354794864891176],[141.52405230936665,38.35474477535115],[141.52413725033387,38.35461850513997]]],[[[141.52661204880712,38.355732505250955],[141.52659044079633,38.355625171164775],[141.5267930868315,38.3556390000399],[141.52678619982328,38.35572155870301],[141.52661204880712,38.355732505250955]]],[[[141.5272550577747,38.35629313541989],[141.527290894859,38.35648763989269],[141.52718966267287,38.3564567751601],[141.5272550577747,38.35629313541989]]],[[[141.52976085587886,38.357278332828855],[141.52957058361562,38.357264801629356],[141.52958085567207,38.35711977515757],[141.52973308661274,38.357147864582316],[141.52976085587886,38.357278332828855]]],[[[141.53006717306164,38.35727933287495],[141.52988250267538,38.357277359762406],[141.5299576653141,38.35708600021877],[141.53009219220098,38.35711889202332],[141.53006717306164,38.35727933287495]]],[[[141.5279721142217,38.357539972591724],[141.52809691314212,38.35781186462589],[141.52787605673473,38.35775899977807],[141.52778185544832,38.35763786469573],[141.5279721142217,38.357539972591724]]],[[[141.5242794160623,38.3574664683029],[141.5240901951065,38.358180413994944],[141.5236766931249,38.358372865315516],[141.52363172522405,38.35831302712455],[141.52403214027117,38.35812669389185],[141.52421124475325,38.357455251958356],[141.5242794160623,38.3574664683029]]],[[[141.42435483790553,38.358375639724045],[141.4242568351849,38.35822999991461],[141.42443535690632,38.35823250542586],[141.42435483790553,38.358375639724045]]],[[[141.52617299618692,38.358238225114064],[141.5261794677083,38.358042386946636],[141.52637527889613,38.358151972935275],[141.52617299618692,38.358238225114064]]],[[[141.53122413738413,38.358441972818866],[141.53084496792098,38.35818294558652],[141.53134758822068,38.35815391906817],[141.53122413738413,38.358441972818866]]],[[[141.52741291757218,38.35858991938932],[141.52520185518154,38.356971081250435],[141.52665542221007,38.356380224867564],[141.52741291757218,38.35858991938932]]],[[[141.52242147876825,38.359037386965895],[141.52215335939013,38.35921463974387],[141.52209389082043,38.3591588646899],[141.52236202278914,38.358981693750195],[141.52242147876825,38.359037386965895]]],[[[141.5308485211424,38.35918458619972],[141.5309035542557,38.35944663965074],[141.53068007812317,38.35944617110397],[141.5308485211424,38.35918458619972]]],[[[141.5298950841908,38.35962010808157],[141.52900199714452,38.358613468137094],[141.53017228312444,38.35738077460314],[141.53077655019774,38.35871850535477],[141.5298950841908,38.35962010808157]]],[[[141.52144338510425,38.360667640199495],[141.5211447733127,38.360635413893306],[141.52134044060892,38.360405891618655],[141.52144338510425,38.360667640199495]]],[[[141.42173673156492,38.364328207380936],[141.4222445400535,38.36468332357657],[141.42172276329495,38.364660981719],[141.42173673156492,38.364328207380936]]],[[[141.42604891062877,38.36555630627856],[141.42496464300393,38.36465227897952],[141.42624916986335,38.36468533266202],[141.42604891062877,38.36555630627856]]],[[[141.51980286610944,38.36627619828795],[141.51979758798836,38.36641991894413],[141.51958841827093,38.36622953156768],[141.51968141356645,38.36616464008614],[141.51980286610944,38.36627619828795]]],[[[141.51994819655215,38.367088892238655],[141.51977671922032,38.36719225222072],[141.51966352784962,38.36699589244654],[141.5198883008045,38.366999891731666],[141.51994819655215,38.367088892238655]]],[[[141.51716330734087,38.36825650543341],[141.51726046739668,38.36844036013457],[141.5171679118697,38.36847944107342],[141.51707741938742,38.368346279357354],[141.51716330734087,38.36825650543341]]],[[[141.51723372155902,38.36847997257274],[141.51736114110383,38.368667531581366],[141.5172778081244,38.36868991930436],[141.51723372155902,38.36847997257274]]],[[[141.5084313102568,38.36984699963938],[141.50863177723477,38.3700799186534],[141.50849316472784,38.37010241429505],[141.50842610857808,38.37001561263048],[141.5084313102568,38.36984699963938]]],[[[141.51455105109017,38.37057650540146],[141.51471228334526,38.37083055938285],[141.51455666735637,38.37083441387716],[141.51455105109017,38.37057650540146]]],[[[141.49514355363215,38.3713268016906],[141.4953373278555,38.37156925171962],[141.49526425434192,38.37159894643429],[141.4950255508885,38.371352251605174],[141.49514355363215,38.3713268016906]]],[[[141.50232522742738,38.37184535977559],[141.5018958110429,38.3715451705732],[141.5020158876232,38.37144864004273],[141.50232839214164,38.37168091873946],[141.50232522742738,38.37184535977559]]],[[[141.44973311339254,38.374406946423505],[141.4459480800399,38.3751240271522],[141.44593725040386,38.375088494938154],[141.44972228285712,38.37437141420946],[141.44973311339254,38.374406946423505]]],[[[141.48405422841995,38.377411000417396],[141.48393722392382,38.37726802709784],[141.48411466915672,38.37727227909244],[141.48405422841995,38.377411000417396]]],[[[141.3714523345576,38.379173080773114],[141.37136105067202,38.3792902786235],[141.37127600538338,38.379225171304654],[141.37135277600987,38.379144440963216],[141.3714523345576,38.379173080773114]]],[[[141.3713555252374,38.37957825233451],[141.3712758372102,38.379665640357075],[141.3711483007536,38.379478639827425],[141.37123386495102,38.37946997306085],[141.3713555252374,38.37957825233451]]],[[[141.3678659398613,38.37977222530799],[141.3679393002585,38.379835505204426],[141.36790014287737,38.3799391979357],[141.36777542219806,38.379881838276276],[141.3678659398613,38.37977222530799]]],[[[141.36903919630197,38.37984544091444],[141.36913464314932,38.37996627922047],[141.36909824938482,38.38007717102465],[141.36893330742623,38.37999674825136],[141.36903919630197,38.37984544091444]]],[[[141.37104092080187,38.38004494561778],[141.37001367109406,38.379812414211585],[141.3702945527515,38.379256332813554],[141.3712207258559,38.37962877534778],[141.37104092080187,38.38004494561778]]],[[[141.37794683457878,38.38058994556957],[141.37766552484413,38.380591504994015],[141.37775834027525,38.38033233297085],[141.37794683457878,38.38058994556957]]],[[[141.42066228273825,38.38081372117637],[141.42160688744798,38.37754727918366],[141.42438136161059,38.379492802351024],[141.42066228273825,38.38081372117637]]],[[[141.37772367141042,38.38105080225279],[141.37755494240673,38.38107817132061],[141.37738275011384,38.38099619811612],[141.37756713361637,38.38087513497953],[141.37772367141042,38.38105080225279]]],[[[141.53112464268816,38.38142274836122],[141.53083708176598,38.381467693779086],[141.53091131000906,38.38123355888166],[141.53112464268816,38.38142274836122]]],[[[141.52857046735323,38.38219489188083],[141.5286395325884,38.38231808101466],[141.52852031126338,38.3824310538501],[141.52844438420107,38.38231997318826],[141.52857046735323,38.38219489188083]]],[[[141.37716753605298,38.38326996393772],[141.37594197144495,38.381212504853295],[141.37881788643642,38.38137169384862],[141.37716753605298,38.38326996393772]]],[[[141.3731780796047,38.38311600000344],[141.37297961092042,38.38326980205977],[141.37293683466726,38.38305802700637],[141.3731780796047,38.38311600000344]]],[[[141.5066744486669,38.38364358638245],[141.5068548121999,38.38386013503725],[141.5067667191089,38.383879278905624],[141.50666778199263,38.38376408114749],[141.5066744486669,38.38364358638245]]],[[[141.3816885206088,38.383646171034],[141.3818664460797,38.38380408119343],[141.38174752332964,38.3838518648717],[141.3816885206088,38.383646171034]]],[[[141.38252189357058,38.38394383763807],[141.38235055833172,38.38396083842201],[141.38240260659506,38.38373210755077],[141.38252189357058,38.38394383763807]]],[[[141.53448105105974,38.38403653166068],[141.5348427502928,38.384380972903614],[141.53463833978765,38.38432146836112],[141.5344400518669,38.38414002744037],[141.53448105105974,38.38403653166068]]],[[[141.533800116782,38.38474694571505],[141.53338364523916,38.38467177498251],[141.53349080395753,38.384246440620814],[141.53373396894756,38.3842518383517],[141.533800116782,38.38474694571505]]],[[[141.5159525806472,38.38503000013446],[141.51617102507282,38.385280721228355],[141.51609341088226,38.385352613032694],[141.51592583660818,38.38512017065938],[141.5159525806472,38.38503000013446]]],[[[141.5163711673955,38.385466864704085],[141.5162691698863,38.38536853193227],[141.51641238692218,38.38529986509673],[141.5164652787497,38.38540883774772],[141.5163711673955,38.385466864704085]]],[[[141.38945333280515,38.385504225239856],[141.38949861187155,38.38573744103013],[141.3892430865992,38.38561494617289],[141.38945333280515,38.385504225239856]]],[[[141.5337074452425,38.38559510802787],[141.53374267168704,38.38566399969386],[141.53367999973227,38.385811054136866],[141.53359358027956,38.38577689159035],[141.5337074452425,38.38559510802787]]],[[[141.51630494221934,38.386361612798225],[141.51639316481283,38.38644363996207],[141.5163039691529,38.3865635321813],[141.51619092077442,38.38638444118908],[141.51630494221934,38.386361612798225]]],[[[141.51725072594036,38.38664772131534],[141.5173441367226,38.38677097340178],[141.51722308707588,38.3868241080462],[141.51716044120144,38.386748171091256],[141.51725072594036,38.38664772131534]]],[[[141.51789228340226,38.3872884406091],[141.51776347620353,38.387153332760136],[141.51783488956858,38.38710236008592],[141.51800133609288,38.3872357205521],[141.51789228340226,38.3872884406091]]],[[[141.50882260707772,38.38741446800333],[141.50861005231218,38.387280639889696],[141.50869658867668,38.38722933266763],[141.50889605740724,38.38733730617179],[141.50882260707772,38.38741446800333]]],[[[141.51807038873756,38.38742244139263],[141.51797752294442,38.387505413743895],[141.51788111472172,38.38744066705317],[141.51797433214972,38.38734894609706],[141.51807038873756,38.38742244139263]]],[[[141.540628948767,38.388491532058595],[141.54023586319454,38.388045505195976],[141.54033953344276,38.38787838687813],[141.54066522741834,38.38825608055373],[141.540628948767,38.388491532058595]]],[[[141.53989172502315,38.38865255926822],[141.5397534758423,38.38864410833901],[141.53961972776824,38.38840463956251],[141.53974280178898,38.38833605366602],[141.53996683460184,38.38852653187399],[141.53989172502315,38.38865255926822]]],[[[141.5402121399784,38.38867810810825],[141.53995953300614,38.38837566700346],[141.5403301948827,38.38832891934419],[141.5402121399784,38.38867810810825]]],[[[141.51554727598602,38.38918761271822],[141.51552021988232,38.38923063988216],[141.51503503204117,38.389041748078284],[141.51506221764726,38.388998612995636],[141.51554727598602,38.38918761271822]]],[[[141.54106000011893,38.38986358633548],[141.54080561608635,38.389753693678074],[141.54093335938705,38.389647775124786],[141.54106000011893,38.38986358633548]]],[[[141.5386865237641,38.39127427908477],[141.53858561623326,38.391349666553936],[141.5383812452983,38.3910052792703],[141.53854513594933,38.39103827899345],[141.5386865237641,38.39127427908477]]],[[[141.5386967193782,38.39220650462653],[141.53855241236397,38.39206953158367],[141.53868639426173,38.39203746805475],[141.5386967193782,38.39220650462653]]],[[[141.27500000014993,38.390080314854686],[141.269338067298,38.387015874083374],[141.26942296959442,38.386932125617136],[141.27500000014993,38.390080314854686]]],[[[141.52107527910096,38.39428789197268],[141.52090269830092,38.394268918975456],[141.52095788609768,38.39413758558118],[141.5211294416705,38.39420433326342],[141.52107527910096,38.39428789197268]]],[[[141.5193568608305,38.395390531847625],[141.51916566766147,38.39525650498376],[141.5193087156248,38.39516674814695],[141.5193568608305,38.395390531847625]]],[[[141.53932844365283,38.39597710835693],[141.53939939026975,38.39625441430985],[141.53930060963546,38.39626064031637],[141.53920503238635,38.39597813538268],[141.53932844365283,38.39597710835693]]],[[[141.54128588823323,38.3964291984488],[141.540883917359,38.39626189217262],[141.54125686081557,38.396105946132536],[141.54128588823323,38.3964291984488]]],[[[141.5132376910667,38.396359919174984],[141.51297108884478,38.39649508098324],[141.51287211395697,38.39623169383765],[141.5130314135689,38.3960559726051],[141.5132376910667,38.396359919174984]]],[[[141.54182369630655,38.3966195588456],[141.54188038866903,38.39679908061311],[141.54172594000022,38.39677844117216],[141.54182369630655,38.3966195588456]]],[[[141.26836457816285,38.39555333341963],[141.26534131015342,38.39737508109516],[141.26524408624562,38.39727489212265],[141.26836457816285,38.39555333341963]]],[[[141.5123610247416,38.3983451078405],[141.51244019475928,38.39864502724629],[141.5121396889955,38.39846538676824],[141.5123610247416,38.3983451078405]]],[[[141.53877444868192,38.399710170787785],[141.5385887548672,38.39995697263623],[141.53844722406018,38.39988394588744],[141.53862282658224,38.399683693847464],[141.53877444868192,38.399710170787785]]],[[[141.51186133623173,38.39981780165027],[141.51182422840543,38.4000250540131],[141.51164880664714,38.40003533326404],[141.51158566794425,38.3997946935703],[141.51186133623173,38.39981780165027]]],[[[141.5362227500799,38.40248725208505],[141.53601435827613,38.40211786544717],[141.5364069393288,38.40214180180277],[141.5362227500799,38.40248725208505]]],[[[141.34218053240568,38.40328441384469],[141.33874444859748,38.40311647714378],[141.33875671894748,38.40300534162327],[141.34217469490636,38.4031712791313],[141.34218053240568,38.40328441384469]]],[[[141.36581158163926,38.40329808084181],[141.3657642539173,38.4033058923531],[141.3656700517315,38.4029513328378],[141.36571739294334,38.40294355909805],[141.36581158163926,38.40329808084181]]],[[[141.36653194579276,38.40394746780146],[141.36656583674403,38.40503772131382],[141.3664493898275,38.40503997321622],[141.36653194579276,38.40394746780146]]],[[[141.34138367101968,38.41044744109661],[141.34128260700675,38.41050508134447],[141.34007258088502,38.40934846775764],[141.3401688847863,38.40928525171307],[141.34138367101968,38.41044744109661]]],[[[141.3110209210787,38.41182094597991],[141.3116887549321,38.41016155920863],[141.31212632906693,38.40933461280218],[141.3110209210787,38.41182094597991]]],[[[141.28396263286925,38.4178262786599],[141.27991875484668,38.417493721058406],[141.2799210247356,38.417475865019185],[141.2839573934191,38.41780772114947],[141.28396263286925,38.4178262786599]]],[[[141.49916408615377,38.478344784284445],[141.49954430602497,38.47810564016322],[141.49965644608812,38.47872053182715],[141.49937447535183,38.47905241403771],[141.49916408615377,38.478344784284445]]],[[[141.49625600511058,38.48108277475029],[141.4961316342676,38.4810449186881],[141.496168223185,38.48089553230301],[141.49626044056697,38.48085374800212],[141.49625600511058,38.48108277475029]]],[[[141.53547518772984,38.48679553188833],[141.53509138765753,38.48662555912233],[141.5353979773348,38.48636227899601],[141.5356607520422,38.486699801754526],[141.53547518772984,38.48679553188833]]],[[[141.5343575876326,38.48768027862201],[141.53419992208876,38.487688225031604],[141.53411938959823,38.48746908093341],[141.53426652408086,38.487522170611726],[141.5343575876326,38.48768027862201]]],[[[141.53569294417412,38.487842170979434],[141.53502841802708,38.48786255861023],[141.5349745270529,38.48739936009247],[141.53541647189274,38.48733617102755],[141.53569294417412,38.487842170979434]]],[[[141.53482182936398,38.48774280218862],[141.53472063584877,38.4879461083263],[141.53460869003902,38.48767802671961],[141.53482182936398,38.48774280218862]]],[[[141.53599488975237,38.488094440705936],[141.53581280221908,38.48822922479894],[141.53550902741972,38.488098413910734],[141.5358142798052,38.48800155872499],[141.53599488975237,38.488094440705936]]],[[[141.5358772242546,38.488499559207355],[141.5356350323309,38.48838453232037],[141.5357516726017,38.4883318383437],[141.5358772242546,38.488499559207355]]],[[[141.53146722413317,38.48897963979857],[141.53160185534136,38.489164694195324],[141.53149308683658,38.48920272112872],[141.5313898050955,38.489081640005736],[141.53146722413317,38.48897963979857]]],[[[141.53722116662357,38.489376837970724],[141.53689869042228,38.489388225186474],[141.53685192028001,38.48912797307753],[141.53720372157454,38.48915144088636],[141.53722116662357,38.489376837970724]]],[[[141.53499752271762,38.489026305619575],[141.5350497283623,38.489374559088674],[141.53483924833267,38.489302667284335],[141.53475144032677,38.488982558997975],[141.53499752271762,38.489026305619575]]],[[[141.53744705563713,38.48922150526829],[141.5376215304094,38.4894082252095],[141.5374181055612,38.48941358606817],[141.53744705563713,38.48922150526829]]],[[[141.4921643838793,38.48942146772663],[141.49227130967324,38.48949472110456],[141.49236783390847,38.48967166721371],[141.49219958514277,38.489622612793426],[141.4921643838793,38.48942146772663]]],[[[141.52429291758415,38.48952255871916],[141.5240480798551,38.48969383820014],[141.5239699215747,38.4893948379015],[141.52429291758415,38.48952255871916]]],[[[141.53724141396015,38.489598081086626],[141.53719761337925,38.489760864672235],[141.53696396861233,38.489640360014675],[141.53707697832,38.48949753238526],[141.53724141396015,38.489598081086626]]],[[[141.53745727643218,38.489669748060464],[141.53730360567693,38.48972166682154],[141.53728953308553,38.48958210822775],[141.53745727643218,38.489669748060464]]],[[[141.5384861997784,38.490516279003145],[141.53824391702324,38.490452694236524],[141.53842308715582,38.49034755899271],[141.5384861997784,38.490516279003145]]],[[[141.53818000040678,38.490422801671],[141.53821358019263,38.490539558853584],[141.53814533064258,38.490639171360726],[141.53805258086197,38.49041430577563],[141.53818000040678,38.490422801671]]],[[[141.53780136244302,38.49058391881283],[141.5376294678257,38.490308558992865],[141.53780155579727,38.49027572114767],[141.53780136244302,38.49058391881283]]],[[[141.5370144754378,38.49153210822027],[141.5370519456908,38.49183666722848],[141.53695822284374,38.49180838714739],[141.5369356417665,38.49152510789747],[141.5370144754378,38.49153210822027]]],[[[141.53694058444046,38.492115198058],[141.5367890010117,38.49198033302599],[141.536911166717,38.49187191885403],[141.53694058444046,38.492115198058]]],[[[141.53715666724645,38.49197344062185],[141.53716221786215,38.492250531636785],[141.53701433244555,38.492308612552506],[141.53695627761022,38.49194813459877],[141.53715666724645,38.49197344062185]]],[[[141.51604236086632,38.492482559422626],[141.5157333070465,38.49255653225822],[141.51558616087266,38.4923556668806],[141.51581858615884,38.492166468407845],[141.51604236086632,38.492482559422626]]],[[[141.5365838000024,38.49364341421227],[141.53666224426718,38.49368274786059],[141.53674583715076,38.493872531791965],[141.5365781450654,38.49382741370425],[141.5365838000024,38.49364341421227]]],[[[141.49372228305697,38.50004294582533],[141.49372775633094,38.4998882246619],[141.49388566828907,38.499881747744496],[141.49391632887557,38.500099414256624],[141.49372228305697,38.50004294582533]]],[[[141.48998416283894,38.50402219766636],[141.48978863763557,38.50409419828867],[141.48978274977412,38.503961864848236],[141.48998416283894,38.50402219766636]]],[[[141.53878727571225,38.50452380173209],[141.53852858572577,38.504391134643186],[141.53857839197929,38.50419622457616],[141.53879016883127,38.50436197322654],[141.53878727571225,38.50452380173209]]],[[[141.53722464340262,38.506564775344145],[141.5371136059083,38.506405532389465],[141.5372788590322,38.50641872094724],[141.53722464340262,38.506564775344145]]],[[[141.5380758373301,38.50644922505177],[141.5383155246418,38.50648086499996],[141.53826730209437,38.50669800001276],[141.5380496113006,38.50657055888422],[141.5380758373301,38.50644922505177]]],[[[141.51501544660562,38.50499622459614],[141.5148925551474,38.50679905413307],[141.51484094665238,38.50679694612222],[141.514962749931,38.505002667339284],[141.51501544660562,38.50499622459614]]],[[[141.51435710779435,38.50695866670918],[141.51356508386164,38.508556558738235],[141.51352058360806,38.50854294570041],[141.51431250321946,38.50694505367136],[141.51435710779435,38.50695866670918]]],[[[141.51220063605058,38.51179386539462],[141.51218182942796,38.511756585797855],[141.5138691437461,38.51085610812294],[141.51390308685802,38.51089305407123],[141.51220063605058,38.51179386539462]]],[[[141.5421868353542,38.513071891954326],[141.54221296965284,38.51324794593603],[141.54202852139917,38.513427359784885],[141.5418728658401,38.51292963989101],[141.5421868353542,38.513071891954326]]],[[[141.54161442316718,38.51237002685531],[141.54177080357977,38.51300072140623],[141.54162041534994,38.51321489225353],[141.5415740337147,38.51243613511957],[141.54161442316718,38.51237002685531]]],[[[141.54144966287174,38.51296861291121],[141.54153355433016,38.513269359693254],[141.54139461716795,38.51323544086296],[141.54144966287174,38.51296861291121]]],[[[141.54049535717502,38.513606467864236],[141.54022549940737,38.51327563965907],[141.54071700408656,38.51325538692663],[141.54049535717502,38.513606467864236]]],[[[141.48968847024673,38.51381169405448],[141.489728560225,38.51401994556409],[141.489538559557,38.51390750512729],[141.48968847024673,38.51381169405448]]],[[[141.53856189391638,38.51482383784992],[141.53841152996824,38.51468969407415],[141.53850182909616,38.51463633280059],[141.5386588588193,38.51471208089788],[141.53856189391638,38.51482383784992]]],[[[141.5414077823433,38.51740841386726],[141.5414991048998,38.51752650474447],[141.54135069967515,38.51755191868614],[141.5414077823433,38.51740841386726]]],[[[141.54237486380896,38.51905453204108],[141.5420867444078,38.51907319836948],[141.5419476390723,38.51880430557429],[141.5423562262589,38.5186989463993],[141.54237486380896,38.51905453204108]]],[[[141.5476184698166,38.52134838691859],[141.54762574623123,38.52143474791535],[141.5474617773392,38.5214823058638],[141.54747228321935,38.521349440923984],[141.5476184698166,38.52134838691859]]],[[[141.54728469543238,38.52172574784504],[141.54734780805495,38.52179761266973],[141.54717033674171,38.52199058559711],[141.54716219158195,38.52173413492244],[141.54728469543238,38.52172574784504]]],[[[141.55012455300573,38.52386827919776],[141.55002788577838,38.524032748112916],[141.54988902685716,38.523778170726075],[141.55012455300573,38.52386827919776]]],[[[141.5494162262779,38.523908468101354],[141.54921822344227,38.52359235999944],[141.54972496803293,38.523599360322294],[141.54987121938132,38.523798468424616],[141.54960922168834,38.52422061289104],[141.5494162262779,38.523908468101354]]],[[[141.54592444925402,38.52426905397374],[141.5460445528139,38.52442319777242],[141.54592961136257,38.524500918982255],[141.54584177727622,38.52431722525978],[141.54592444925402,38.52426905397374]]],[[[141.5481560566568,38.524589333131246],[141.54810736736113,38.52448244061219],[141.5486480289834,38.524329251893505],[141.54915680873978,38.52430050506433],[141.5481560566568,38.524589333131246]]],[[[141.55037430642915,38.524846666940164],[141.5499366405636,38.52483466728614],[141.54980243833188,38.52444900022124],[141.55032652365026,38.524366413679104],[141.55037430642915,38.524846666940164]]],[[[141.54459472066992,38.52525380172165],[141.54476771695658,38.52547864032704],[141.5446846429819,38.52559005373803],[141.5444691959966,38.52532513504701],[141.54459472066992,38.52525380172165]]],[[[141.5425112450979,38.52556836029163],[141.54265758817724,38.525708107743014],[141.54257464280556,38.52576302664244],[141.5425112450979,38.52556836029163]]],[[[141.54151518837534,38.526876864875476],[141.54157250306866,38.52670955859929],[141.54170341108363,38.52676310783119],[141.54151518837534,38.526876864875476]]],[[[141.5419426073655,38.527086081357595],[141.54157505804255,38.527135775195916],[141.54142450074016,38.526996332614715],[141.54174308737367,38.526830531803625],[141.5419426073655,38.527086081357595]]],[[[141.5385654732181,38.530125801564566],[141.53844147919096,38.53035935999651],[141.53815730241763,38.53003474790535],[141.538475550906,38.52999636034383],[141.5385654732181,38.530125801564566]]],[[[141.53805138836094,38.53204030621521],[141.53813396860778,38.532063134606005],[141.538218780972,38.53224525181696],[141.53803455305228,38.532172585696344],[141.53805138836094,38.53204030621521]]],[[[141.53544488957004,38.53353474833],[141.53501710815306,38.53330397329978],[141.53492108933688,38.53307625236721],[141.5351708301697,38.532963945929396],[141.53519289233816,38.53325199968009],[141.53544488957004,38.53353474833]]],[[[141.5311799743764,38.5340124142416],[141.5314096108649,38.53411005363614],[141.53124914393288,38.534192802056225],[141.5311799743764,38.5340124142416]]],[[[141.50500072580292,38.534539945761935],[141.50506610921366,38.53465036002615],[141.5048405583451,38.53465036002615],[141.5049091964023,38.53453608137511],[141.50500072580292,38.534539945761935]]],[[[141.53082022037688,38.53511225182899],[141.5306787552205,38.53508541426049],[141.53070277611232,38.53495817098286],[141.53082358024415,38.53499689219285],[141.53082022037688,38.53511225182899]]],[[[141.53114752323972,38.535652468286855],[141.5309860310805,38.53561694596533],[141.53107788603563,38.53550863971202],[141.53114752323972,38.535652468286855]]],[[[141.5308430217881,38.5356924683328],[141.53095747131033,38.53591594626397],[141.53079702955938,38.53588338720863],[141.53074131026335,38.53575469422384],[141.5308430217881,38.5356924683328]]],[[[141.53051788629148,38.53642108106811],[141.5306587812778,38.536531613143495],[141.53055807969167,38.536581585771614],[141.53051788629148,38.53642108106811]]],[[[141.50111053202545,38.536660441026584],[141.5010348639679,38.5367005319041],[141.50091160828413,38.536484801632355],[141.50121302236312,38.536568053672795],[141.50111053202545,38.536660441026584]]],[[[141.53293372161397,38.53850077499084],[141.53250221790313,38.53831580243241],[141.5327391955575,38.53814925158673],[141.53293372161397,38.53850077499084]]],[[[141.50987344960004,38.53956363965028],[141.50976308659722,38.53946435989235],[141.50991574561522,38.539401386664736],[141.509966887362,38.53952327897622],[141.50987344960004,38.53956363965028]]],[[[141.53360702964073,38.54015625240919],[141.53361869025036,38.54034125194727],[141.53351583658662,38.54033419766512],[141.53360702964073,38.54015625240919]]],[[[141.53520306097255,38.54232261309818],[141.53511535728796,38.54243591868277],[141.5348813357051,38.542270467707965],[141.53483238740478,38.54210877500003],[141.53494569388874,38.54204494561782],[141.5350160307653,38.542306972988456],[141.53520306097255,38.54232261309818]]],[[[141.51310063618553,38.5425615863482],[141.51295710798422,38.542424026947344],[141.51309900121805,38.542375558885],[141.51310063618553,38.5425615863482]]],[[[141.53530586337502,38.5434127209204],[141.5351750318024,38.54346505426889],[141.5351047470865,38.54339719772253],[141.53517830083797,38.543306278961666],[141.53530586337502,38.5434127209204]]],[[[141.51603394321194,38.54413608071559],[141.5156094677028,38.5438420536679],[141.51587111466029,38.543620973329325],[141.51620391687732,38.543987081039006],[141.51603394321194,38.54413608071559]]],[[[141.5157398828893,38.54546827883803],[141.51532561558474,38.54561033305049],[141.51480469498074,38.545163360101014],[141.5148487545664,38.54483336017148],[141.5157398828893,38.54546827883803]]],[[[141.51519046726628,38.54887805387915],[141.51443610873946,38.54878766661756],[141.51403788623952,38.54777355870283],[141.51508530504282,38.54794700015401],[141.51519046726628,38.54887805387915]]],[[[141.5330399738158,38.54983327868291],[141.53224260701074,38.549238225164004],[141.53236488962807,38.549176865320135],[141.5330399738158,38.54983327868291]]],[[[141.53279866412709,38.55021969398376],[141.5324454221186,38.55006558615793],[141.53262795121907,38.54994746830107],[141.53279866412709,38.55021969398376]]],[[[141.53549211387008,38.550934387012376],[141.5352743844054,38.55087750489298],[141.53536321673914,38.55072633335368],[141.53549211387008,38.550934387012376]]],[[[141.53540885913162,38.551114080550406],[141.53533124494106,38.55115733344422],[141.5352348897784,38.55101538715047],[141.53538389125367,38.55102333266075],[141.53540885913162,38.551114080550406]]],[[[141.53460608290447,38.551193026636895],[141.53437075190868,38.5511562515598],[141.53442175066334,38.55097241394577],[141.53461769135345,38.55093594643682],[141.53460608290447,38.551193026636895]]],[[[141.53284070023824,38.55206155859412],[141.53232055844705,38.55148346808761],[141.53328710841333,38.551198053847145],[141.53346858620637,38.55183283761539],[141.53284070023824,38.55206155859412]]],[[[141.53151055796593,38.55209830579224],[141.53122105091086,38.552046081261665],[141.53128905314736,38.551851252133645],[141.53147236106065,38.55188538680119],[141.53151055796593,38.55209830579224]]],[[[141.53204972761296,38.552304306298765],[141.5319658370538,38.552243000414194],[141.53209724958845,38.552060667365936],[141.5322012453912,38.552184639809354],[141.53204972761296,38.552304306298765]]],[[[141.51393108904858,38.55210544101334],[141.51395464319228,38.552330080868614],[141.51382041488034,38.55224419831114],[141.51393108904858,38.55210544101334]]],[[[141.53398272412346,38.5526539186435],[141.53373345003877,38.55253810844698],[141.5337985213847,38.552376558731225],[141.53398272412346,38.5526539186435]]],[[[141.53252661471151,38.552669198125045],[141.5323464202512,38.552662721207696],[141.53231360578832,38.552484972903244],[141.53256192029642,38.55249989175667],[141.53252661471151,38.552669198125045]]],[[[141.53416871561376,38.55255019803326],[141.53404639432574,38.5526308384425],[141.5339591960601,38.552462693998166],[141.5340953570152,38.55247530609057],[141.53416871561376,38.55255019803326]]],[[[141.53433175100952,38.5524203062522],[141.53448538309397,38.55257630625158],[141.53435569366036,38.552665748325694],[141.53423780782862,38.55255150474818],[141.53433175100952,38.5524203062522]]],[[[141.5337677169067,38.55285474804822],[141.53363347600418,38.55285422464283],[141.53348374787674,38.552664107962244],[141.53371641957722,38.552652720746494],[141.5337677169067,38.55285474804822]]],[[[141.48498071268978,38.553317936673466],[141.48505994835796,38.55349119826025],[141.48492583695793,38.55359374795313],[141.48490321720976,38.55338944986329],[141.48498071268978,38.553317936673466]]],[[[141.48806944235093,38.55422442271896],[141.48789346301294,38.55408837777645],[141.48794152997766,38.55392233324915],[141.4880910512611,38.55386266682865],[141.48806944235093,38.55422442271896]]],[[[141.51463269784085,38.55601353219879],[141.51320394310756,38.55266761262027],[141.51058486370061,38.550964197739575],[141.51163700394466,38.54979997319026],[141.51437549893024,38.55292855900586],[141.51483713442633,38.55381174811373],[141.51617652442712,38.554568441280594],[141.51675097267935,38.5555105323852],[141.51463269784085,38.55601353219879]]],[[[141.5138408303901,38.55627244072059],[141.51385752270653,38.55607317074026],[141.51404269761247,38.55609569426093],[141.5138408303901,38.55627244072059]]],[[[141.4815551230705,38.55762714437725],[141.48146217903638,38.55752378439519],[141.4816561349228,38.55741441424385],[141.4817455644063,38.557509693817394],[141.4815551230705,38.55762714437725]]],[[[141.51571155604358,38.55923125162104],[141.51545172481735,38.55909105360928],[141.51563416308625,38.558448639992775],[141.51601204921678,38.55872094571515],[141.51571155604358,38.55923125162104]]],[[[141.5164801427445,38.559721559302545],[141.51637299571723,38.5599082252844],[141.51621391733852,38.559792945687946],[141.5164801427445,38.559721559302545]]],[[[141.49416316489817,38.5599627475828],[141.4923226978343,38.55874183786557],[141.49176963725904,38.556750468159635],[141.49327572019843,38.55689669432701],[141.49436594043584,38.558987693627216],[141.49416316489817,38.5599627475828]]],[[[141.51555472057396,38.560325802094155],[141.5153558633824,38.55970558644373],[141.51592752283693,38.559429838116614],[141.51607958470515,38.559941639595024],[141.51555472057396,38.560325802094155]]],[[[141.51497031143083,38.56101283827189],[141.51479481233082,38.56108077485794],[141.51477849503158,38.56094438727371],[141.51497031143083,38.56101283827189]]],[[[141.51522213959015,38.5612283059416],[141.51473496784456,38.56078202726877],[141.51549827462577,38.56064200012827],[141.51522213959015,38.5612283059416]]],[[[141.47851763857818,38.561163730122075],[141.47864993514645,38.56134382026113],[141.47849137477715,38.56138370339522],[141.47851763857818,38.561163730122075]]],[[[141.4638701951535,38.561353639958554],[141.46373441011497,38.56138806330853],[141.46369892286702,38.561238882868224],[141.46380951969365,38.56123711659973],[141.4638701951535,38.561353639958554]]],[[[141.47871879443687,38.56190849468135],[141.4784581969883,38.56179272135705],[141.47858797725337,38.56159965759815],[141.47871879443687,38.56190849468135]]],[[[141.47662438400823,38.56304283835635],[141.47659683507595,38.56293947657565],[141.47668464308185,38.5628518736151],[141.4767745402129,38.56303742263901],[141.47662438400823,38.56304283835635]]],[[[141.51617671868064,38.562787081059014],[141.51491566772393,38.56167983755449],[141.51537464302544,38.561181721059654],[141.5165850576543,38.561822972752054],[141.51617671868064,38.562787081059014]]],[[[141.4785851875564,38.56366287414238],[141.47752949409096,38.563338765671574],[141.47835697829203,38.562754018383316],[141.4785851875564,38.56366287414238]]],[[[141.47781998680307,38.564476568139185],[141.47750076524824,38.564259486186415],[141.4775553046337,38.563620972929584],[141.47849495497826,38.56423536007384],[141.47781998680307,38.564476568139185]]],[[[141.47783149183,38.5654185045604],[141.47778520102622,38.56462855896086],[141.4785528272513,38.564970649375994],[141.47783149183,38.5654185045604]]],[[[141.4786297021991,38.565714558679986],[141.47854072597374,38.56558153186228],[141.47863745795235,38.56547802708934],[141.4787942538518,38.56559842292893],[141.4786297021991,38.565714558679986]]],[[[141.48797819713616,38.584180108025635],[141.48777538292768,38.58385250478932],[141.48816377403898,38.5838509732439],[141.48797819713616,38.584180108025635]]],[[[141.491712775824,38.58730038680346],[141.49166016908157,38.58714464041287],[141.491803021892,38.58713917073618],[141.491712775824,38.58730038680346]]],[[[141.49157488996923,38.587471892014264],[141.49145822271885,38.587215053731825],[141.49150075165846,38.5871721353858],[141.49169518778274,38.5874223870336],[141.49157488996923,38.587471892014264]]],[[[141.49527583671056,38.58920346826551],[141.49513919641686,38.58928669422562],[141.49457377376075,38.588714999697515],[141.4947103106324,38.58863180161643],[141.49527583671056,38.58920346826551]]],[[[141.4963578344466,38.589455918755675],[141.4960192738705,38.58870169422784],[141.49644769110807,38.588553864569235],[141.49690769073743,38.58934594605864],[141.4963578344466,38.589455918755675]]],[[[141.49682041513017,38.58991563959512],[141.49648055773162,38.589868026788054],[141.49629428025685,38.589521332743345],[141.49704347577585,38.58958150458284],[141.49682041513017,38.58991563959512]]],[[[141.49920878066075,38.59037074781179],[141.49890369644845,38.59031274783507],[141.49862505770034,38.5896477477454],[141.49931569386422,38.589990305808044],[141.49920878066075,38.59037074781179]]],[[[141.4992117511215,38.59126317115846],[141.49901603076523,38.5909036401909],[141.49941094735743,38.59120627914649],[141.4992117511215,38.59126317115846]]],[[[141.49982306078573,38.59215122469931],[141.49931919582434,38.592147532083004],[141.49924863771457,38.59162791909324],[141.49983905342958,38.591732225162104],[141.49982306078573,38.59215122469931]]],[[[141.50276552470928,38.594030693561706],[141.50256827460623,38.59402677521558],[141.5025416726602,38.59383161333835],[141.50283380033966,38.59380480185018],[141.50276552470928,38.594030693561706]]],[[[141.5042849679769,38.59462325236126],[141.50325267217318,38.59451997331814],[141.5041118943485,38.59423199960713],[141.5042849679769,38.59462325236126]]],[[[141.50424736732225,38.59871108115152],[141.50381341116008,38.59856430639769],[141.50375379959826,38.598376170923586],[141.50420333291754,38.5984702517008],[141.50424736732225,38.59871108115152]]],[[[141.51108360612363,38.601445081325494],[141.5108671078308,38.60131308063421],[141.51089968936924,38.60094389184718],[141.51128302179404,38.600748693997105],[141.5113714791105,38.60088872113761],[141.5111100003263,38.60115050479203],[141.51108360612363,38.601445081325494]]],[[[141.52193938999096,38.60563966683719],[141.52184124517737,38.6057845053507],[141.52176946758698,38.605687440622944],[141.52193938999096,38.60563966683719]]],[[[141.52264102486345,38.6059988920353],[141.52266408617868,38.60616722533723],[141.5225232559436,38.606133640155406],[141.52247902728539,38.6060009191072],[141.52264102486345,38.6059988920353]]],[[[141.52226360638042,38.60621435970501],[141.5223569775925,38.60566227939074],[141.52270411230495,38.60587310835734],[141.5223136059882,38.60603991910705],[141.52226360638042,38.60621435970501]]],[[[141.52368552536677,38.607574999786436],[141.5233592998918,38.60744944093898],[141.52343547336852,38.60724025233583],[141.52368552536677,38.607574999786436]]],[[[141.52330544668905,38.60784617056436],[141.5235648903075,38.608033108141456],[141.52332294389885,38.6081367747924],[141.52330544668905,38.60784617056436]]],[[[141.52390128441675,38.60843789209508],[141.5242669388682,38.608662225281535],[141.52419114130817,38.60871833308465],[141.52404130975867,38.60862227919489],[141.52390128441675,38.60843789209508]]],[[[141.5238854986169,38.60879186525244],[141.52345686104536,38.608740135349024],[141.5236177173838,38.60815397342719],[141.52411671881157,38.6087067749977],[141.5238854986169,38.60879186525244]]],[[[141.52369277570108,38.60888108069736],[141.52375888486472,38.6090114140456],[141.5235929698398,38.60898719800082],[141.52369277570108,38.60888108069736]]],[[[141.5231657460024,38.60900097291665],[141.52305457810633,38.60879522511959],[141.52333238678034,38.60883619823204],[141.5231657460024,38.60900097291665]]],[[[141.52472661474155,38.60949210797446],[141.52452700391814,38.60960744063095],[141.52448736719828,38.60935299994105],[141.52472661474155,38.60949210797446]]],[[[141.52589089504886,38.61013738683101],[141.52613736684611,38.60984646784027],[141.52635891123487,38.610091837968014],[141.52589089504886,38.61013738683101]]],[[[141.53671522692628,38.61034241427103],[141.53642916967055,38.609979973097325],[141.53667999958236,38.609892774831735],[141.53671522692628,38.61034241427103]]],[[[141.5262559136795,38.6122417482581],[141.52652094658447,38.61258694583091],[141.52634620021706,38.61266210757026],[141.5262559136795,38.6122417482581]]],[[[141.52624464337566,38.614649414139194],[141.52602632935168,38.61467233336157],[141.52596588771564,38.614569612797425],[141.52614002614132,38.61455453206605],[141.52624464337566,38.614649414139194]]],[[[141.53565099889454,38.617961919407094],[141.53556761285506,38.61742925185854],[141.5359421139375,38.61751369370205],[141.53602513575152,38.617774170641496],[141.53565099889454,38.617961919407094]]],[[[141.5364015299067,38.61891094608336],[141.53625722379195,38.61903397333924],[141.53613250311264,38.61869219768681],[141.53644557690188,38.61868455884536],[141.5364015299067,38.61891094608336]]],[[[141.53675033735828,38.61942272058212],[141.53662005167416,38.619452251620146],[141.53655747055086,38.61901755891324],[141.53669083011778,38.61900891912637],[141.53675033735828,38.61942272058212]]],[[[141.52903603108803,38.62259427870305],[141.52895878112292,38.622489945654536],[141.52912080388205,38.62240674757339],[141.52916902732886,38.62253510780903],[141.52903603108803,38.62259427870305]]],[[[141.52805477270965,38.628717332638814],[141.52776639430374,38.62879089178625],[141.52774306139327,38.628622440673155],[141.52806736681555,38.628546838266004],[141.52805477270965,38.628717332638814]]],[[[141.52804027204104,38.62902938659698],[141.52781741913861,38.628828333261026],[141.52815358032353,38.628792640068355],[141.52804027204104,38.62902938659698]]],[[[141.52856727565927,38.62993602732587],[141.52823883335554,38.62992735965997],[141.52820863771854,38.629785026657714],[141.52856727565927,38.62993602732587]]],[[[141.52829564173055,38.63016099993024],[141.52777472112655,38.63028391926753],[141.52775260679743,38.629969973135815],[141.52812306093062,38.62978236016784],[141.52829564173055,38.63016099993024]]],[[[141.12134564218775,38.316119801787465],[141.12134185514253,38.316231440928334],[141.1211871726499,38.316358505240885],[141.12111802917377,38.31616783817526],[141.12134564218775,38.316119801787465]]],[[[141.03094399506938,38.31978386463368],[141.03094066128256,38.31969891916981],[141.0314850838696,38.319666972552795],[141.03148871623137,38.31975169408548],[141.03094399506938,38.31978386463368]]],[[[141.0303226327834,38.31982013519115],[141.03031739333312,38.319737802257805],[141.0308662522758,38.319705441053316],[141.0308743578654,38.31978750508932],[141.0303226327834,38.31982013519115]]],[[[141.02970027224978,38.319857135098744],[141.02969683504102,38.31977344059186],[141.03024958535013,38.319740802396154],[141.03025985740658,38.31982410839595],[141.02970027224978,38.319857135098744]]],[[[141.0290797283468,38.31989438681654],[141.02907241236198,38.319811332626955],[141.0296275620624,38.31977853165398],[141.02963416308626,38.31986158584357],[141.0290797283468,38.31989438681654]]],[[[141.11937564217226,38.32007997271262],[141.11891888459888,38.319502748253285],[141.11976105113172,38.31950519800654],[141.11937564217226,38.32007997271262]]],[[[141.11813438439435,38.320765107723616],[141.1177486903498,38.32022735990478],[141.11863844360937,38.32031150497204],[141.11813438439435,38.320765107723616]]],[[[141.10191450065372,38.32114933317524],[141.10170211406137,38.320861694012024],[141.10214710760295,38.320746802023336],[141.10191450065372,38.32114933317524]]],[[[141.1184359135866,38.32168794614188],[141.11884800273322,38.32023719758865],[141.11971581073612,38.32059044139578],[141.1184359135866,38.32168794614188]]],[[[141.1206207517464,38.322993613364645],[141.12071464276664,38.32319510826767],[141.12043199663935,38.32321210815235],[141.12042274981013,38.32306889201578],[141.1206207517464,38.322993613364645]]],[[[141.03661452723873,38.32333255885055],[141.0362447727781,38.32329886485081],[141.0364809734183,38.322852387427815],[141.03661452723873,38.32333255885055]]],[[[141.12075581103193,38.323860198289594],[141.12084900058096,38.32408502700247],[141.12058980517543,38.32424910830974],[141.120494863747,38.323984197712605],[141.12075581103193,38.323860198289594]]],[[[141.11967866423902,38.32455208091386],[141.11975500588892,38.32471046771394],[141.11962185496475,38.32470374797964],[141.11967866423902,38.32455208091386]]],[[[141.12617452673305,38.32508527906242],[141.12626158200646,38.3252317210671],[141.12608547316609,38.32521253223263],[141.12617452673305,38.32508527906242]]],[[[141.12309481187617,38.32536238716449],[141.12284814492602,38.32528219821495],[141.12302878095352,38.325063081096346],[141.12311233516618,38.32465086514537],[141.1236181966225,38.32467953193492],[141.12343625208143,38.324853666763374],[141.12324939004736,38.324863251737725],[141.12312474670978,38.3250662521059],[141.12309481187617,38.32536238716449]]],[[[141.11021883323258,38.32606805369778],[141.10961069997393,38.32612236015882],[141.10961641966207,38.32597674822841],[141.11021883323258,38.32606805369778]]],[[[141.13028693939077,38.32715994577495],[141.13044763924722,38.327272054361856],[141.13024094716206,38.32738008092605],[141.13028693939077,38.32715994577495]]],[[[141.10770085561012,38.327236585999685],[141.1085747727077,38.32611130569228],[141.10921046658984,38.32654180216247],[141.10770085561012,38.327236585999685]]],[[[141.12172975432475,38.327372306286975],[141.12153510955773,38.327294585976404],[141.12178902684218,38.32709366663943],[141.12189736726975,38.32729935957781],[141.12172975432475,38.327372306286975]]],[[[141.13089505826042,38.329392612579056],[141.13080005208076,38.32870064002259],[141.1311727239421,38.32773558562883],[141.13137204878115,38.32817438733815],[141.1308699995509,38.32871730625874],[141.13089505826042,38.329392612579056]]],[[[141.05179752323716,38.32323625225132],[141.04860766481193,38.3252360809804],[141.0485971076705,38.32530105430027],[141.05345761327828,38.329787585828456],[141.05342267191884,38.32980233291141],[141.04856214023062,38.32531166719974],[141.0485708042993,38.325227774842006],[141.05179752323716,38.32323625225132]]],[[[141.08297092117118,38.33032672130122],[141.08260880735065,38.330025414241504],[141.08306713424088,38.32983746762511],[141.08297092117118,38.33032672130122]]],[[[141.11089905344863,38.33084922471198],[141.11047555100595,38.330863918734906],[141.110912944377,38.330203748004635],[141.11101961116617,38.330522775305894],[141.11089905344863,38.33084922471198]]],[[[141.082913190991,38.331073306088285],[141.0824333334317,38.330590693905435],[141.0826414788213,38.33025183835173],[141.08319080361275,38.33081080207688],[141.082913190991,38.331073306088285]]],[[[141.07911894858069,38.331068170959384],[141.07944749700448,38.330673945945875],[141.07957367098822,38.3311177478858],[141.07911894858069,38.331068170959384]]],[[[141.09795572008045,38.33148450490603],[141.09783888465688,38.33131105356233],[141.09796102518123,38.331089251967455],[141.09819408628812,38.33114133260648],[141.09795572008045,38.33148450490603]]],[[[141.08451252912994,38.33211583797561],[141.08346814463926,38.331629278668345],[141.08443386543058,38.3313335860762],[141.08451252912994,38.33211583797561]]],[[[141.08391016861947,38.33260677518257],[141.08391053194555,38.33288274834024],[141.0837292735872,38.332759080767005],[141.08391016861947,38.33260677518257]]],[[[141.1145464977228,38.33315358636895],[141.11435447537883,38.33310035999369],[141.11437447540175,38.33286055936736],[141.1145106102765,38.3328078923704],[141.11464680900315,38.33309658643839],[141.1145464977228,38.33315358636895]]],[[[141.1111591958403,38.334933504777496],[141.11075408633212,38.334799585832286],[141.11130708215615,38.33460346797574],[141.1111591958403,38.334933504777496]]],[[[141.0804185858491,38.33579035993722],[141.08035277615977,38.33568580205815],[141.0805551362106,38.33545446764964],[141.08069450055086,38.335564360307046],[141.0804185858491,38.33579035993722]]],[[[141.1128451099139,38.33606335993619],[141.11249927382255,38.335755333142174],[141.11294855982828,38.33562289178309],[141.1128451099139,38.33606335993619]]],[[[141.10548905307735,38.336128333256],[141.1050191698988,38.33609741366479],[141.10489683512094,38.335931306184875],[141.1043650579012,38.335936306415476],[141.1042919457168,38.335657918578136],[141.10472211393449,38.33570755935642],[141.10548905307735,38.336128333256]]],[[[141.0504696886253,38.337069107753166],[141.0497004148424,38.3376065048364],[141.04967005193146,38.33758438690995],[141.0504378076588,38.33704077461209],[141.0504696886253,38.337069107753166]]],[[[141.09500924787858,38.336793586055194],[141.09430522710466,38.337794224823654],[141.09427058432004,38.33776466680598],[141.09496891058677,38.33677599981257],[141.09500924787858,38.336793586055194]]],[[[141.05152027214297,38.33715110793736],[141.05104983138472,38.33659483768167],[141.05156007793528,38.336160693561226],[141.05152027214297,38.33715110793736]]],[[[141.09078236141693,38.33832086511586],[141.09076586335402,38.338341170908336],[141.08937027202046,38.33772599955529],[141.08938416294882,38.337707135376036],[141.09078236141693,38.33832086511586]]],[[[141.09082472128398,38.3382664408436],[141.08485897496178,38.33409991867637],[141.08767661478396,38.33075700013552],[141.09214347634042,38.33261855899934],[141.09671836625967,38.33265763993819],[141.10202927393186,38.33052219794115],[141.10464447456286,38.33227738679204],[141.09248202342667,38.33623825199379],[141.09082472128398,38.3382664408436]]],[[[141.05581577238002,38.33862055879183],[141.0557237996137,38.33851377509069],[141.05585705575857,38.33835469401396],[141.05590669293963,38.33854091932801],[141.05581577238002,38.33862055879183]]],[[[141.05449953272728,38.33872061286604],[141.05510922181315,38.33781750467415],[141.0538858884231,38.3365900002284],[141.0519066145987,38.3359441979664],[141.05389296968485,38.33538736023854],[141.05484727628084,38.337520134846386],[141.05540547288433,38.337916413911444],[141.05449953272728,38.33872061286604]]],[[[141.05653230901896,38.338768748179234],[141.0569935020485,38.3380078021184],[141.05741841822544,38.33814646768536],[141.05720622588672,38.33877502724579],[141.05653230901896,38.338768748179234]]],[[[141.09472603068184,38.33845099971393],[141.09464678332245,38.338516467660895],[141.0918668349865,38.33906836001688],[141.09185491627147,38.33903353197195],[141.09472603068184,38.33845099971393]]],[[[141.11214413694245,38.34038938676082],[141.1122249419276,38.34048830589063],[141.1121023346551,38.34064400012056],[141.1120627500959,38.34043633317032],[141.11214413694245,38.34038938676082]]],[[[141.04774325624635,38.340615198432715],[141.04796133644663,38.340009414203166],[141.0484532557133,38.34035602730887],[141.04774325624635,38.340615198432715]]],[[[141.10888739323866,38.3407970269613],[141.10870847041963,38.340616170599844],[141.1086786381087,38.34038577508352],[141.10892639413782,38.340313108063526],[141.10879172515808,38.340669225204635],[141.10888739323866,38.3407970269613]]],[[[141.03982608270758,38.341066360424236],[141.03924180306683,38.34063925170017],[141.03980680933682,38.34064519801751],[141.03982608270758,38.341066360424236]]],[[[141.10070058406473,38.3426129461306],[141.10078856024393,38.342305973342036],[141.10099978041558,38.34231441437879],[141.10070058406473,38.3426129461306]]],[[[141.10298566785434,38.34300802729865],[141.10269919601114,38.342912360117396],[141.10267871575024,38.34281969397375],[141.10291805412498,38.34288194594512],[141.10298566785434,38.34300802729865]]],[[[141.0447765241173,38.34309380193747],[141.04371525305658,38.34313717084382],[141.04256508401147,38.342065892127266],[141.04284313909966,38.341252027259316],[141.04450966289073,38.34227802690947],[141.0447765241173,38.34309380193747]]],[[[141.11539572033632,38.343550748368386],[141.1140571343293,38.34230413512779],[141.1145273934245,38.34070210801593],[141.11635455322016,38.34203580171095],[141.11539572033632,38.343550748368386]]],[[[141.10307749672916,38.3436823596532],[141.1029246686386,38.34365136002231],[141.10316435774894,38.34316338698079],[141.10347863842844,38.34332130613342],[141.1031622182618,38.343419720743555],[141.10307749672916,38.3436823596532]]],[[[141.10559775593174,38.3441141349594],[141.1063813622102,38.34334108132589],[141.1065287547982,38.34362255923378],[141.10595408621214,38.34377119828224],[141.10559775593174,38.3441141349594]]],[[[141.12596846956933,38.34449563996185],[141.1262488071368,38.34382625207991],[141.1267411149106,38.34394755893277],[141.12643535710606,38.34444338665304],[141.12596846956933,38.34449563996185]]],[[[141.12112866365692,38.34485305392536],[141.11858669302148,38.34139486478125],[141.11416868983326,38.33919917090509],[141.1108523093866,38.33988294614113],[141.10629036340958,38.33768622523917],[141.1068737743053,38.33406908092337],[141.11346814493902,38.336760386682556],[141.12094852135726,38.34269594636089],[141.12112866365692,38.34485305392536]]],[[[141.1001790528211,38.34502547734394],[141.10026498124398,38.345067721198404],[141.1001769780852,38.34518705403934],[141.10003846989957,38.345085350608485],[141.1001790528211,38.34502547734394]]],[[[141.11078561566364,38.34702119796998],[141.10980869021898,38.34605999986917],[141.11116383904005,38.34618138676166],[141.11078561566364,38.34702119796998]]],[[[141.10970588781652,38.3472466400205],[141.10974167274003,38.347327721097486],[141.109720195131,38.34754797316049],[141.10960593986226,38.34743283835485],[141.10970588781652,38.3472466400205]]],[[[141.13025447476423,38.347143333098415],[141.12392775586136,38.339534332943174],[141.11988719813576,38.33945938704113],[141.11560269840584,38.33498019757809],[141.11823286555432,38.33081822508109],[141.12223405995394,38.32741169389459],[141.12800941620162,38.32659691891274],[141.12572391692527,38.33033019808022],[141.12914072556407,38.33253772073925],[141.12695150500804,38.33561713522266],[141.12724680909298,38.34254438721376],[141.13005557710324,38.34382397319786],[141.13025447476423,38.347143333098415]]],[[[141.11026992191944,38.35100077536555],[141.11017169886486,38.35098327905513],[141.11027836565415,38.35066066705622],[141.1103880289844,38.35089141420747],[141.11026992191944,38.35100077536555]]],[[[141.1113443320753,38.35108338708869],[141.11153635531866,38.351364026828435],[141.11139619957498,38.35151383769352],[141.1110221922205,38.35109433273732],[141.1113443320753,38.35108338708869]]],[[[141.12029775573694,38.35189980243399],[141.11884345036503,38.34892522461945],[141.12069269840936,38.34865599997448],[141.12029775573694,38.35189980243399]]],[[[141.1150963935837,38.35218855855521],[141.11379661512171,38.34867530572086],[141.11226228267822,38.34792630625407],[141.11421819661257,38.34579761276967],[141.11592085606276,38.35015653229817],[141.1150963935837,38.35218855855521]]],[[[141.12712891067076,38.35408386537813],[141.12655243804465,38.35370066695225],[141.1270088331912,38.35350519840625],[141.12712891067076,38.35408386537813]]],[[[141.12116547290827,38.35421325174025],[141.12310810565464,38.35072874843303],[141.12534330674828,38.35083077472052],[141.12407824931176,38.353573946180745],[141.12116547290827,38.35421325174025]]],[[[141.11821136186495,38.35558630606323],[141.11731333304397,38.35472535988748],[141.11801243812363,38.35423238661542],[141.11821136186495,38.35558630606323]]],[[[141.13650849517103,38.35629536034264],[141.13582939011428,38.356342413771415],[141.13616219233143,38.35586494571072],[141.13650849517103,38.35629536034264]]],[[[141.11841089534664,38.35655058614071],[141.11816072643649,38.35635946761539],[141.118319636642,38.35621474781243],[141.11862024582774,38.356396441442655],[141.11841089534664,38.35655058614071]]],[[[141.13818592683913,38.35670318040752],[141.13806044083674,38.356717225119894],[141.13791089527172,38.35655291898206],[141.13816963741886,38.35656763998463],[141.13818592683913,38.35670318040752]]],[[[141.12712069986048,38.35442444133497],[141.12742299617435,38.354883802445556],[141.12663555069014,38.355474720881716],[141.12655963711768,38.35491930588131],[141.12712069986048,38.35442444133497]]],[[[141.53275396872073,38.75369891877011],[141.53285413700883,38.75383461297707],[141.53266871568871,38.753840224746625],[141.53275396872073,38.75369891877011]]],[[[141.5333333326672,38.754033359551954],[141.5331078078791,38.75415130563829],[141.53298036315334,38.75400089222745],[141.53311172532597,38.75385874808279],[141.5333333326672,38.754033359551954]]],[[[141.52908258089644,38.75507180222195],[141.52908994814265,38.755273198199575],[141.5289827498541,38.755264721189974],[141.52908258089644,38.75507180222195]]],[[[141.5288768088177,38.75521853200968],[141.5287609212795,38.75536910819784],[141.5286568346453,38.75525377464203],[141.5288768088177,38.75521853200968]]],[[[141.5300421656135,38.75848530585222],[141.52976647214507,38.75820886504715],[141.5299754467096,38.75769346807914],[141.53027977998795,38.757893918869286],[141.5300421656135,38.75848530585222]]],[[[141.5334260051061,38.75955786520336],[141.53320316479426,38.759428945589434],[141.53338408590696,38.75920313481686],[141.53370574642315,38.75940730610233],[141.5334260051061,38.75955786520336]]],[[[141.53303739276157,38.759630918931805],[141.53275197132643,38.759469558973024],[141.53241878060226,38.759472918840174],[141.5325947734301,38.75917374767039],[141.53290367076784,38.75929938655747],[141.53303739276157,38.759630918931805]]],[[[141.52146358028006,38.762594179677706],[141.5211235672989,38.76245096444052],[141.5212449416008,38.76224448639397],[141.52155494240674,38.76240337771378],[141.52146358028006,38.762594179677706]]],[[[141.52132389128462,38.76350472076632],[141.5211428271798,38.76352164870519],[141.52130315201896,38.76325025219745],[141.52153047994773,38.76342557682898],[141.52132389128462,38.76350472076632]]],[[[141.52083072555763,38.76514823360412],[141.52099422770152,38.76466764039935],[141.52132015640018,38.764853288348604],[141.52083072555763,38.76514823360412]]],[[[141.52809461717288,38.79078924332896],[141.5279100133365,38.79080394634508],[141.52786255521278,38.79071837765105],[141.52809747072172,38.79071563112154],[141.52809461717288,38.79078924332896]]],[[[141.54325247712018,38.79649738694491],[141.54314197112512,38.79631310776375],[141.54324629068378,38.79628049474911],[141.54325247712018,38.79649738694491]]],[[[141.54431023273116,38.79765994594982],[141.5441482225625,38.79755236904663],[141.54430221797304,38.797503053822936],[141.54431023273116,38.79765994594982]]],[[[141.54593701727958,38.799130359978165],[141.545580038588,38.799235324350775],[141.5455561606883,38.79918448567554],[141.54591348921622,38.799079333344594],[141.54593701727958,38.799130359978165]]],[[[141.55693010424102,38.80221363075452],[141.55694858620836,38.80242531497635],[141.55684356697714,38.802457044856794],[141.5568119836862,38.80215679270185],[141.55693010424102,38.80221363075452]]],[[[141.55832269813402,38.80587238670131],[141.5583461092856,38.80598954138429],[141.5582686641676,38.80614190992128],[141.55818920906484,38.806129612591576],[141.55823136208778,38.8059489909532],[141.55832269813402,38.80587238670131]]],[[[141.56969770378612,38.80751779261209],[141.57013010412106,38.807826135068126],[141.5700911149131,38.807841242779205],[141.56969770378612,38.80751779261209]]],[[[141.574716679831,38.810934612942106],[141.57455774264577,38.81086454136556],[141.57448926107065,38.810744891963225],[141.5746759135626,38.81074523370563],[141.574716679831,38.810934612942106]]],[[[141.55920617412573,38.81185702688032],[141.55930027198997,38.81193896411196],[141.55916216580135,38.8120593689448],[141.5590031126036,38.811850270273794],[141.55920617412573,38.81185702688032]]],[[[141.57876275040064,38.813120071634046],[141.57857613478086,38.81306801797473],[141.5787159137085,38.81291308097394],[141.57885845715214,38.813077927604354],[141.57876275040064,38.813120071634046]]],[[[141.57950396893307,38.81315678375864],[141.5793402590458,38.81322548566766],[141.5792987553334,38.81314331461232],[141.57939741905568,38.81307493735852],[141.57950396893307,38.81315678375864]]],[[[141.58928617361812,38.8187569907426],[141.58903721069873,38.818626892117436],[141.58909966321892,38.81853261259005],[141.58930053219387,38.81859005408779],[141.58928617361812,38.8187569907426]]],[[[141.59030544723862,38.821513467672446],[141.59019342408726,38.821286900570044],[141.59065132290027,38.82115970315783],[141.59047236141043,38.82149590121492],[141.59030544723862,38.821513467672446]]],[[[141.57676430572815,38.822049684845126],[141.5767530866857,38.82187877498552],[141.57693573269796,38.82192328782952],[141.57676430572815,38.822049684845126]]],[[[141.62821972795814,38.825292332575145],[141.62780600474343,38.825537306101864],[141.6276704148578,38.82520219802308],[141.62821972795814,38.825292332575145]]],[[[141.62806144008346,38.82553800037846],[141.62820836592346,38.82558555922623],[141.6281732563907,38.82572291897759],[141.6279936707714,38.82558466709878],[141.62806144008346,38.82553800037846]]],[[[141.6275771731481,38.82577389165181],[141.62701530461266,38.82570446758717],[141.62724722358053,38.82546533335852],[141.6275771731481,38.82577389165181]]],[[[141.60354437067622,38.827352171265716],[141.60330281457334,38.8274868195611],[141.60317940330685,38.82736366729944],[141.60340171211942,38.82718526968449],[141.60354437067622,38.827352171265716]]],[[[141.60358931339613,38.82747303565213],[141.60365500617365,38.82757269402464],[141.60350692560417,38.827650604092184],[141.60347941624218,38.82754456772767],[141.60358931339613,38.82747303565213]]],[[[141.6265509990294,38.82770136002978],[141.62574247703378,38.82758413519974],[141.62629669323792,38.82639266658833],[141.62724333311337,38.827083972747175],[141.6265509990294,38.82770136002978]]],[[[141.5983474583686,38.82864871216839],[141.5983854987918,38.82875908956038],[141.59827190722285,38.828810639599396],[141.59826000019893,38.828644414308314],[141.5983474583686,38.82864871216839]]],[[[141.6256396629401,38.82926910768322],[141.62528481204447,38.82910225196741],[141.62554496792598,38.82906138677362],[141.6256396629401,38.82926910768322]]],[[[141.6039679117897,38.82968759460687],[141.60367601793394,38.82930890088511],[141.6039257066061,38.82918112610815],[141.60412376070303,38.829519180365935],[141.6039679117897,38.82968759460687]]],[[[141.62561427957542,38.829681170749495],[141.625732580894,38.82983791898482],[141.6256109727683,38.82995450529626],[141.62555778236583,38.82972594619554],[141.62561427957542,38.829681170749495]]],[[[141.62556063591467,38.82997546759378],[141.62536177692448,38.83006177463125],[141.62502530457425,38.829889837745895],[141.62547635504984,38.829676774863344],[141.62556063591467,38.82997546759378]]],[[[141.6042662133152,38.83057487383144],[141.60414796415728,38.83057727861859],[141.60417588810685,38.82994126098049],[141.60429621289995,38.82972533285789],[141.60446783412328,38.83011049540312],[141.6043108691514,38.83013333278711],[141.60436189398627,38.83048605408817],[141.6042662133152,38.83057487383144]]],[[[141.60465718458147,38.830357711838985],[141.604664449305,38.830624856352074],[141.60454801587832,38.83055076570531],[141.60449195843717,38.83037258572631],[141.60465718458147,38.830357711838985]]],[[[141.62508433157666,38.83034283795166],[141.6253304409472,38.8306337749288],[141.6250708039745,38.8306395054089],[141.62508433157666,38.83034283795166]]],[[[141.6271258106077,38.83186099968543],[141.62682533092436,38.83177980169654],[141.62708953285573,38.83163172112705],[141.6271258106077,38.83186099968543]]],[[[141.60483072585737,38.8325318111942],[141.60470970229096,38.8325229726571],[141.6046078082038,38.832377161976524],[141.604724837881,38.83233521579763],[141.60483072585737,38.8325318111942]]],[[[141.60516116735403,38.83316042291523],[141.60502152962,38.833135125885406],[141.6051100390971,38.832767350832626],[141.60526483760225,38.83299063990614],[141.60516116735403,38.83316042291523]]],[[[141.62665961105222,38.83323153230941],[141.62685791156343,38.83336530556443],[141.62677924786408,38.83355133302763],[141.62656905291954,38.83333294615858],[141.62665961105222,38.83323153230941]]],[[[141.62646469468996,38.83293908087393],[141.6277290011925,38.83190366712057],[141.62772510982597,38.833054918949415],[141.62646469468996,38.83293908087393]]],[[[141.62110355358618,38.83507113512485],[141.62078780791103,38.83550630627104],[141.62061389071857,38.83534930622557],[141.6207164718877,38.83501133290673],[141.62110355358618,38.83507113512485]]],[[[141.62055391672993,38.835793639664814],[141.62028868957145,38.83555564038056],[141.6204458631861,38.83539358614513],[141.62063386466116,38.83567780158933],[141.62055391672993,38.835793639664814]]],[[[141.60038037585377,38.83595074762894],[141.60029954568756,38.835985152992464],[141.6001721009618,38.835894639825824],[141.60035937668397,38.83585070344725],[141.60038037585377,38.83595074762894]]],[[[141.62793002575017,38.836039386608434],[141.62799574640667,38.83620135990486],[141.62783452674205,38.83620613530496],[141.62793002575017,38.836039386608434]]],[[[141.62681844391614,38.83627169408345],[141.62659374830287,38.83625486507003],[141.62670858633226,38.83602525196386],[141.62685275035426,38.83617805397404],[141.62681844391614,38.83627169408345]]],[[[141.61832566829503,38.83635394607779],[141.61809505784072,38.836331441442894],[141.61810808002394,38.836270197611555],[141.61830827540666,38.836290640101026],[141.61832566829503,38.83635394607779]]],[[[141.6181401426535,38.83645986463108],[141.61808596569483,38.83674130566675],[141.6179497282974,38.83657430605945],[141.6181401426535,38.83645986463108]]],[[[141.61666666733288,38.83681353201894],[141.6165815303134,38.83696994570647],[141.61629050610202,38.836899467636385],[141.61644252929932,38.83668666735588],[141.61666666733288,38.83681353201894]]],[[[141.63802321689798,38.836790531857616],[141.63808007833302,38.83687725168386],[141.63792011682006,38.8369920267607],[141.63786491643282,38.836815134610845],[141.63802321689798,38.836790531857616]]],[[[141.6156835023918,38.83664841379334],[141.61562632889206,38.837045720783465],[141.61558452660472,38.83703402689889],[141.61560775609314,38.836766748386765],[141.6156835023918,38.83664841379334]]],[[[141.61550202280023,38.836790531857616],[141.6154610505871,38.83703538667379],[141.61536022039786,38.83696761286507],[141.61550202280023,38.836790531857616]]],[[[141.6197046167747,38.83715780239072],[141.6193109205626,38.83715872059855],[141.61935452689,38.83709113474811],[141.61965128427937,38.83710355888218],[141.6197046167747,38.83715780239072]]],[[[141.61808666716604,38.837223720898066],[141.6177705581648,38.83712646821198],[141.61783216622155,38.83693653229517],[141.61806486400235,38.8369155861854],[141.61808666716604,38.837223720898066]]],[[[141.63835983134118,38.83692710829945],[141.63848664114562,38.83704922544143],[141.63830455271295,38.837100919372006],[141.63815136219569,38.83697891914187],[141.63835983134118,38.83692710829945]]],[[[141.61757016942784,38.837264387341634],[141.6174760832547,38.83736044123145],[141.61729880709436,38.83731927926141],[141.61734883278245,38.83723830610302],[141.61757016942784,38.837264387341634]]],[[[141.61662066071494,38.837462026851085],[141.6162162517786,38.83743869394061],[141.61622549860795,38.837148837948575],[141.61662066071494,38.837462026851085]]],[[[141.62720116660057,38.83731672069018],[141.6271718549972,38.83755041402043],[141.62697805379423,38.837535080579585],[141.62720116660057,38.83731672069018]]],[[[141.62774936364224,38.83738146828017],[141.62777861229324,38.83772322504683],[141.62738719766116,38.8376394136281],[141.62739241193037,38.83740335957742],[141.62774936364224,38.83738146828017]]],[[[141.6318062260765,38.83788413534461],[141.6318085858976,38.83806386485554],[141.6315879120525,38.83801544085998],[141.6318062260765,38.83788413534461]]],[[[141.61639732757465,38.83817699956893],[141.6163708038696,38.838341505356254],[141.6162008302042,38.83834435980441],[141.61615269758897,38.838179107579776],[141.61639732757465,38.83817699956893]]],[[[141.63452639377806,38.838125505287906],[141.63472041531497,38.83835617060083],[141.63454564196786,38.83851744062741],[141.63431732838205,38.83840522502118],[141.63452639377806,38.838125505287906]]],[[[141.63192408582802,38.83865935994157],[141.631671828692,38.83865810808527],[141.63145433215175,38.83812013543593],[141.63201191991425,38.838262559269765],[141.63192408582802,38.83865935994157]]],[[[141.63473511023722,38.838475694098065],[141.63478069956966,38.838667720938645],[141.6345900262088,38.83874758613223],[141.6344380542729,38.838672053872244],[141.63473511023722,38.838475694098065]]],[[[141.6157185858441,38.83864263974607],[141.6157074189623,38.838906026891664],[141.61561041538846,38.83883200009677],[141.6157185858441,38.83864263974607]]],[[[141.59181517513025,38.836706567554074],[141.59088143962686,38.837961693777174],[141.5908245781918,38.83794494570276],[141.59176343713295,38.83668293696803],[141.59181517513025,38.836706567554074]]],[[[141.6350353309158,38.83875722506593],[141.6348530608202,38.839080640159466],[141.63472058438754,38.8390292789781],[141.63488910474848,38.83880299965875],[141.6350353309158,38.83875722506593]]],[[[141.63563930031353,38.838988197947],[141.63557153010208,38.83911758610776],[141.63547085639493,38.83904486512847],[141.63563930031353,38.838988197947]]],[[[141.63635902684769,38.83897946822793],[141.63650160806287,38.83908083801032],[141.63645269843335,38.83916683837896],[141.63629841793772,38.83900989229272],[141.63635902684769,38.83897946822793]]],[[[141.63782725012754,38.839251693910626],[141.63691069976903,38.8389847751273],[141.63783805368325,38.83817527916585],[141.63859321710333,38.83847319758007],[141.63782725012754,38.839251693910626]]],[[[141.6383701429678,38.840193170778264],[141.63836569402167,38.840330305699126],[141.63819941567056,38.840364972765315],[141.63831321678163,38.84019094585551],[141.6383701429678,38.840193170778264]]],[[[141.61606627813626,38.83993017124044],[141.61550341135342,38.84065146799088],[141.61546900059398,38.84063505356494],[141.61603189435652,38.839913720841594],[141.61606627813626,38.83993017124044]]],[[[141.64482622574974,38.84065694576151],[141.64463852105098,38.840653639853656],[141.64460133588295,38.840481026678106],[141.64475022044633,38.84049799958308],[141.64482622574974,38.84065694576151]]],[[[141.63849185541483,38.84085374800213],[141.6386205322118,38.84074158635519],[141.63869566787082,38.84081513471074],[141.63859622623488,38.84088455877543],[141.63849185541483,38.84085374800213]]],[[[141.63860953260394,38.841044081419284],[141.63856399543215,38.84115205402412],[141.63831785998127,38.841115108075826],[141.63836647193523,38.84098027901672],[141.63860953260394,38.841044081419284]]],[[[141.6446761351956,38.841795775254866],[141.64393494184412,38.84130158609935],[141.6443828923567,38.84073289170965],[141.64519658905135,38.8411177745657],[141.6446761351956,38.841795775254866]]],[[[141.63656778197765,38.84193425196423],[141.63664033658233,38.842137532021525],[141.6365018292961,38.84213308127676],[141.63642988263302,38.84203627915099],[141.63656778197765,38.84193425196423]]],[[[141.64462241239448,38.84293619834693],[141.64467099916737,38.8429849730781],[141.644638780955,38.84312913530141],[141.6445125548106,38.84302219781625],[141.64462241239448,38.84293619834693]]],[[[141.64321693931038,38.843699170580294],[141.64304972836237,38.84368944081507],[141.6430569391265,38.843571108020285],[141.6432461088209,38.843550838200656],[141.64321693931038,38.843699170580294]]],[[[141.63952105125554,38.843739864902886],[141.63924577237458,38.843886279028595],[141.6392197801688,38.843593946303656],[141.63952105125554,38.843739864902886]]],[[[141.6393426716271,38.84423533289436],[141.63883325605002,38.844212359712685],[141.63893655038157,38.84397589197391],[141.63915450107947,38.8440056397485],[141.6393426716271,38.84423533289436]]],[[[141.6413235021779,38.84538025169729],[141.6411046431648,38.842274198395614],[141.64408630403977,38.84194113537512],[141.6413235021779,38.84538025169729]]],[[[141.6372006358008,38.84692883839523],[141.63734591408274,38.84710474758606],[141.63700147913505,38.84733035960846],[141.63706394334633,38.846963802237724],[141.6372006358008,38.84692883839523]]],[[[141.63463916966202,38.847130279338955],[141.63480500644596,38.84724833334394],[141.63459666680285,38.84729638681887],[141.63463916966202,38.847130279338955]]],[[[141.63753700382972,38.847643134822874],[141.63741338481987,38.84748022533216],[141.63753949405248,38.847311892030234],[141.63776805405257,38.847352838162976],[141.63753700382972,38.847643134822874]]],[[[141.64030269791124,38.848934027083715],[141.6400174446494,38.848912667285845],[141.6402146425918,38.84867535958023],[141.64030269791124,38.848934027083715]]],[[[141.64028416288386,38.849159559066436],[141.6401190527522,38.849198613025635],[141.64015158212987,38.84907030584998],[141.64028416288386,38.849159559066436]]],[[[141.60931444880282,38.8491233325758],[141.6093650059903,38.84926972062118],[141.609249442208,38.849275279330755],[141.60922778203656,38.849134441001695],[141.60931444880282,38.8491233325758]]],[[[141.63276221800197,38.84910958643832],[141.6326917768041,38.84935283776332],[141.63242328060994,38.849200441347364],[141.63276221800197,38.84910958643832]]],[[[141.6360217253224,38.84980322543856],[141.63613736734567,38.84994333261875],[141.63604216601323,38.84998074801314],[141.63590243834687,38.84985080227278],[141.6360217253224,38.84980322543856]]],[[[141.63777880724626,38.85039553242791],[141.63784958479062,38.850530721215875],[141.63763741943137,38.85048397265729],[141.63777880724626,38.85039553242791]]],[[[141.63726861195698,38.85051183815085],[141.63696452689146,38.85051689234075],[141.63701408583142,38.850376197903245],[141.6371718943675,38.85034222511365],[141.63726861195698,38.85051183815085]]],[[[141.62588946762492,38.85047438678356],[141.62582175137277,38.85071419820173],[141.62560639431968,38.85063872080036],[141.62588946762492,38.85047438678356]]],[[[141.6399834763564,38.85070986526813],[141.63977286592512,38.850698333261505],[141.63981852090808,38.85047813515786],[141.6400933330409,38.85059453171232],[141.6399834763564,38.85070986526813]]],[[[141.63778581116628,38.8509356400678],[141.63782182901423,38.85103394585997],[141.6376143320358,38.85108322511081],[141.6376758879319,38.85093425241388],[141.63778581116628,38.8509356400678]]],[[[141.6389528919625,38.85193008070871],[141.63819167340705,38.851158531640976],[141.63823719798836,38.84940230587176],[141.6398355252893,38.85018702730952],[141.6389528919625,38.85193008070871]]],[[[141.62791494232079,38.85545846823379],[141.627985331358,38.85552141358244],[141.62791791188215,38.855644108089166],[141.62779902690363,38.85553033305848],[141.62791494232079,38.85545846823379]]],[[[141.67512413726922,38.85632986543101],[141.67455325572826,38.85617244090548],[141.67480155584724,38.85583086490254],[141.67512413726922,38.85632986543101]]],[[[141.62694053227983,38.85658269363648],[141.6270313098471,38.85675955880663],[141.62686372208316,38.85688825179142],[141.62682824922433,38.85663994627657],[141.62694053227983,38.85658269363648]]],[[[141.626792165726,38.85683505419445],[141.6269344492655,38.857102721213664],[141.62662791174876,38.85705833337545],[141.626792165726,38.85683505419445]]],[[[141.67291802924376,38.857319504591544],[141.67251856028338,38.85729777517224],[141.6725196628522,38.856970467812914],[141.67286144030334,38.856868748194245],[141.67294652426278,38.85663689217887],[141.67319785959364,38.85669099988979],[141.672709364046,38.857161973046686],[141.67291802924376,38.857319504591544]]],[[[141.67120416334149,38.85738055866591],[141.67109610889838,38.85752722460177],[141.67101082978604,38.85744250486778],[141.67120416334149,38.85738055866591]]],[[[141.67087306084318,38.857628613269924],[141.67066527877967,38.85788222478487],[141.67058472110807,38.85769610828879],[141.67087306084318,38.857628613269924]]],[[[141.67573910537544,38.85903910816836],[141.67539591419018,38.85895617089062],[141.6751510890516,38.858575081374966],[141.6758788330418,38.85870369432007],[141.67573910537544,38.85903910816836]]],[[[141.67612221836578,38.8591325045615],[141.67594194566436,38.859036667408304],[141.67610277592246,38.85897777530414],[141.67612221836578,38.8591325045615]]],[[[141.65985583697739,38.85939638723352],[141.6599347210106,38.85945277472581],[141.65987055797996,38.85963638661002],[141.65974749744908,38.859458333435384],[141.65985583697739,38.85939638723352]]],[[[141.66842927369214,38.860280197772965],[141.66683713372686,38.860150135120705],[141.66689194560684,38.86005850499606],[141.6683827238836,38.86013172060245],[141.66842927369214,38.860280197772965]]],[[[141.66437936391662,38.86058583776628],[141.66428797660888,38.860505693782784],[141.66442016885583,38.86043817088495],[141.6644851098,38.86054391856703],[141.66437936391662,38.86058583776628]]],[[[141.66459549888327,38.86073383829603],[141.66442569429046,38.86071613514156],[141.66453591430104,38.8606028376509],[141.66459549888327,38.86073383829603]]],[[[141.6602147725937,38.86117133329043],[141.6596900523541,38.86114135978596],[141.66011061041638,38.860165694291425],[141.66078250291025,38.859632864864864],[141.66096680907106,38.86026386518529],[141.66039396880672,38.86063710811612],[141.6602147725937,38.86117133329043]]],[[[141.6405047207163,38.86129372112839],[141.64023944229643,38.86117953240955],[141.6403385206063,38.861086413906946],[141.6405047207163,38.86129372112839]]],[[[141.65886863767753,38.86134010815954],[141.6586478604105,38.86123053206347],[141.65874396915888,38.86091236001744],[141.65887775590375,38.86089250478534],[141.65886863767753,38.86134010815954]]],[[[141.65851427961036,38.861506053761445],[141.6583463294196,38.86169010811204],[141.6582119707059,38.86154972124268],[141.65825949358077,38.86138477478755],[141.65851427961036,38.861506053761445]]],[[[141.66322197061754,38.86171791874699],[141.66302033721888,38.86166880227347],[141.66307822298165,38.861523532085414],[141.66322197061754,38.86171791874699]]],[[[141.66624805440426,38.86172555938708],[141.6661053050159,38.86188494623332],[141.66602827538463,38.861799441391156],[141.66624805440426,38.86172555938708]]],[[[141.67580833968316,38.86211299991504],[141.67548927371104,38.86181944141413],[141.67569949383665,38.861747585582634],[141.67580833968316,38.86211299991504]]],[[[141.67487391709767,38.8618236133691],[141.67469919591122,38.8616355048747],[141.67474418899315,38.86130908064962],[141.67517075182877,38.86154202664329],[141.67487391709767,38.8618236133691]]],[[[141.6256354469184,38.86186508110865],[141.62582669314747,38.86212150480367],[141.625581829338,38.86214291856089],[141.6256354469184,38.86186508110865]]],[[[141.65742163390132,38.86222761311393],[141.65734608275557,38.86236938673784],[141.65710827502699,38.86218080160279],[141.65728605660627,38.862080000191895],[141.65742163390132,38.86222761311393]]],[[[141.64093641958016,38.86229953189792],[141.63982172519252,38.86166427868358],[141.64095150480819,38.86144253194732],[141.64093641958016,38.86229953189792]]],[[[141.62592082968263,38.863004801830186],[141.6255908036727,38.862783279025166],[141.62584946757897,38.86245225206983],[141.6261494679237,38.862570467952764],[141.62592082968263,38.863004801830186]]],[[[141.63069444908967,38.862894107876855],[141.6307283922016,38.86300505364039],[141.63057214039202,38.863107468434976],[141.63048907900782,38.863037054216704],[141.63069444908967,38.862894107876855]]],[[[141.65653844389408,38.862705440903426],[141.6566804666303,38.863151802313894],[141.65645905264319,38.86312489190027],[141.65653844389408,38.862705440903426]]],[[[141.65675128374482,38.86336680233609],[141.6566739951088,38.8635300265895],[141.65653788631448,38.863416864896465],[141.65675128374482,38.86336680233609]]],[[[141.67535416316412,38.86410925204041],[141.6749076650567,38.86383617110249],[141.67538403414596,38.863565081263516],[141.67535416316412,38.86410925204041]]],[[[141.65613038910624,38.864132864640055],[141.65578114098696,38.864132891619704],[141.65568369584594,38.86352486538027],[141.65599496829327,38.863629864826464],[141.65613038910624,38.864132864640055]]],[[[141.65556130980667,38.86416325183268],[141.65542428010656,38.86408161317598],[141.65553282737812,38.8639433873775],[141.6556198053098,38.86409202732523],[141.65556130980667,38.86416325183268]]],[[[141.67532800278514,38.864666891963566],[141.67493914402633,38.86461105395705],[141.6750145269989,38.86428980173304],[141.67532800278514,38.864666891963566]]],[[[141.65574119310168,38.86601625184858],[141.6557528267316,38.866286865046845],[141.655503307132,38.866241252331974],[141.6554844753283,38.865986441121436],[141.65574119310168,38.86601625184858]]],[[[141.64979277581597,38.866421107747954],[141.64956555130925,38.866390838366556],[141.64956555130925,38.86615444077489],[141.64982472063446,38.86612055881676],[141.64979277581597,38.866421107747954]]],[[[141.67447863807877,38.86701074824748],[141.67435666662698,38.86698677501971],[141.67430963658057,38.866898198093395],[141.67451635474606,38.86690833255358],[141.67447863807877,38.86701074824748]]],[[[141.65410472105611,38.867301305710726],[141.65380389063716,38.86737522458702],[141.65385328140383,38.86716983831741],[141.65410472105611,38.867301305710726]]],[[[141.65040082993437,38.86693166726269],[141.65062277632012,38.86732917120435],[141.65036111497352,38.86764472082723],[141.65021360637286,38.86705000005753],[141.65040082993437,38.86693166726269]]],[[[141.6525177818702,38.86761333268919],[141.6526041626521,38.8677397207116],[141.65241693909059,38.867714721357345],[141.6525177818702,38.86761333268919]]],[[[141.67332946818044,38.8678971982971],[141.67338160817474,38.86759727889137],[141.6735940604176,38.86764358588283],[141.67332946818044,38.8678971982971]]],[[[141.65199306073123,38.8679116665902],[141.65196527887463,38.86815666709657],[141.65182666726696,38.86805222523009],[141.65199306073123,38.8679116665902]]],[[[141.67272121890915,38.86838191939012],[141.6724105319206,38.86832127900385],[141.67233833974262,38.86818008094605],[141.67273871611894,38.868292333424506],[141.67272121890915,38.86838191939012]]],[[[141.65054600479436,38.86909177496551],[141.65043858617184,38.86930189166901],[141.6500061345755,38.86923510801387],[141.65039888470085,38.86885533330707],[141.65054600479436,38.86909177496551]]],[[[141.6707520876388,38.8700300268643],[141.67027941566255,38.86949353180108],[141.67108494201648,38.86940622471752],[141.6707520876388,38.8700300268643]]],[[[141.6714429180563,38.87020705391245],[141.6711048377182,38.870029945925296],[141.67150255479908,38.87001572134852],[141.6714429180563,38.87020705391245]]],[[[141.63152204930316,38.87248377490636],[141.6313700782665,38.87242580190929],[141.63145988276744,38.872191613052564],[141.63163513635254,38.872209586003635],[141.63152204930316,38.87248377490636]]],[[[141.67092053155739,38.87326717074336],[141.6709145007037,38.87343189236799],[141.67078605683116,38.87367091867799],[141.67067683506798,38.87360502715035],[141.67070072555805,38.873460360407364],[141.67092053155739,38.87326717074336]]],[[[141.63450455284294,38.873679694262535],[141.63430805367375,38.873690252303334],[141.63427224356928,38.873560026873804],[141.6341585206992,38.87342794614284],[141.6342897281885,38.87341217113482],[141.6343642280268,38.8736002247706],[141.63450455284294,38.873679694262535]]],[[[141.6710770819418,38.87430374821946],[141.67098192017954,38.874286332848044],[141.6710264716944,38.874154306076434],[141.6711754992499,38.87419450487255],[141.6710770819418,38.87430374821946]]],[[[141.67059372242238,38.87451602689316],[141.6705074972233,38.874573586202075],[141.6702887155518,38.874481919205266],[141.67052367063093,38.87440113490453],[141.67059372242238,38.87451602689316]]],[[[141.66871955866077,38.87494358617761],[141.6688809725789,38.874762360194836],[141.6689948384411,38.874939801830465],[141.66871955866077,38.87494358617761]]],[[[141.66838092074295,38.87510663955982],[141.66801169868097,38.87508919810807],[141.667963890721,38.87492413474109],[141.66838092074295,38.87510663955982]]],[[[141.67022571984114,38.875182251859485],[141.66969152974036,38.875131135293714],[141.66984980502457,38.87494810796886],[141.67022571984114,38.875182251859485]]],[[[141.66827703016088,38.87523141419848],[141.66849372180786,38.87532177537969],[141.66838464303692,38.87540505439978],[141.66827703016088,38.87523141419848]]],[[[141.6319839950654,38.87664927904103],[141.6319678603286,38.876793972763664],[141.6318393903756,38.8767345860324],[141.6319839950654,38.87664927904103]]],[[[141.66693455278744,38.8775609191012],[141.66671208839227,38.87762619819057],[141.6666950579306,38.87739019809919],[141.66693455278744,38.8775609191012]]],[[[141.64372783427223,38.8779475052732],[141.64373041532644,38.87809297331211],[141.64356275022078,38.87804550529586],[141.64372783427223,38.8779475052732]]],[[[141.66588328128842,38.87858864005375],[141.6656664196696,38.87848444100422],[141.66592503231448,38.878374387368126],[141.66588328128842,38.87858864005375]]],[[[141.64310422817766,38.87857846782208],[141.6429864718483,38.878468505017565],[141.64314891099355,38.87831053190558],[141.64328693894117,38.87847927889567],[141.64310422817766,38.87857846782208]]],[[[141.6647227763351,38.87857305390338],[141.664763605556,38.87868805381066],[141.66455416334406,38.878708613211984],[141.66454277612831,38.8786011082546],[141.6647227763351,38.87857305390338]]],[[[141.66635839222613,38.87872127926369],[141.6662289492067,38.878625720900345],[141.66621422820413,38.87852989184108],[141.66640866432851,38.87854127905683],[141.66635839222613,38.87872127926369]]],[[[141.63024464327577,38.879256667261416],[141.6301270820992,38.87913169387264],[141.63023513564303,38.87902402703725],[141.6303689106967,38.879196892023],[141.63024464327577,38.879256667261416]]],[[[141.66490910507116,38.87998661279198],[141.66457513643343,38.88016691876834],[141.66443238704505,38.87997417067152],[141.66457661491893,38.879739801950336],[141.66490910507116,38.87998661279198]]],[[[141.66557944173792,38.88060610808549],[141.66545639379763,38.88077583803454],[141.66533472092067,38.88060610808549],[141.66557944173792,38.88060610808549]]],[[[141.66477822313652,38.88098813469469],[141.66453953317296,38.88109666667788],[141.6646030873627,38.88094461290359],[141.66477822313652,38.88098813469469]]],[[[141.664870506169,38.88215355893965],[141.6648992476023,38.88238477463767],[141.66479274988558,38.8823731077328],[141.664870506169,38.88215355893965]]],[[[141.66652586307816,38.882404720701345],[141.66658788572238,38.882149865424026],[141.66681241226308,38.88219989201144],[141.66680238662093,38.882385171238695],[141.66652586307816,38.882404720701345]]],[[[141.64243936388561,38.88192150507348],[141.6424486116142,38.88222955884714],[141.64229555059921,38.882424198218246],[141.64222299599453,38.88238858596452],[141.64238418867944,38.882200359658896],[141.64243936388561,38.88192150507348]]],[[[141.6664149676767,38.88284702706869],[141.66631233524618,38.88296099995023],[141.66620544722366,38.88287625233721],[141.6664149676767,38.88284702706869]]],[[[141.6661327244458,38.88288841386924],[141.66623586319463,38.883044504700194],[141.66602513585144,38.8830222248958],[141.6661327244458,38.88288841386924]]],[[[141.66585968937318,38.88317494596703],[141.66563985729363,38.88350846764172],[141.66532752274702,38.883252224710475],[141.66585968937318,38.88317494596703]]],[[[141.66948674421792,38.883725467756165],[141.66926430590308,38.883716891821166],[141.66940686103783,38.88353858593706],[141.66948674421792,38.883725467756165]]],[[[141.6660802723867,38.884056667381344],[141.66617027204052,38.88419917125481],[141.6660116730004,38.88424417063203],[141.6659111153058,38.884080837560646],[141.6660802723867,38.884056667381344]]],[[[141.66544972802262,38.8844469461697],[141.66522666737683,38.88456527896449],[141.66530055837416,38.884372504787336],[141.66544972802262,38.8844469461697]]],[[[141.66927380004586,38.8846558919559],[141.66939744513604,38.8847012249816],[141.66940992233015,38.884840838434],[141.66924128415803,38.88481117069904],[141.66927380004586,38.8846558919559]]],[[[141.6645473671673,38.88481772136083],[141.66446500635504,38.884979558859584],[141.66428455288985,38.88490589179355],[141.66433483758271,38.88476825235301],[141.6645473671673,38.88481772136083]]],[[[141.66996610894887,38.88530917118135],[141.66995527931272,38.88537917081214],[141.66977167282448,38.88540138676461],[141.66984221834377,38.88525805371626],[141.66996610894887,38.88530917118135]]],[[[141.62430269841082,38.885406639704684],[141.6185427502478,38.878709559298784],[141.61138639416686,38.87833180177131],[141.60645586284784,38.877075224941734],[141.60177416314718,38.8737840812704],[141.60832418911014,38.864238892011315],[141.60508063576276,38.86244638669143],[141.6067089491587,38.85540153215504],[141.60951066108817,38.85427433269433],[141.61384664071,38.84900083771856],[141.61412538288016,38.84497264027516],[141.61746669343324,38.84159558616744],[141.61629652436523,38.839634585667625],[141.61737805355438,38.83742469419434],[141.6193062521819,38.837823440999045],[141.62137622623197,38.83572172088077],[141.62632980537626,38.83504477509632],[141.62658641972757,38.83591374772135],[141.62616680865142,38.83622602740928],[141.62696143971868,38.83688963984508],[141.6266173671978,38.83748753162433],[141.6271659140757,38.83770072131131],[141.62778513597527,38.83869377519761],[141.62872296968942,38.83911722458032],[141.62823341114313,38.83973783773109],[141.62919396892664,38.840285774868676],[141.6362470819373,38.83918797334633],[141.63220272367687,38.84879594607611],[141.6282326979807,38.847819802142226],[141.6228331908991,38.8505263334236],[141.6230199737928,38.85419658630349],[141.62748666717596,38.85525974773924],[141.62228508378962,38.861542360291764],[141.62486147867435,38.863932135060054],[141.63303066113622,38.86549010798217],[141.6312732563557,38.87241177518331],[141.6313647470855,38.87756474841444],[141.62682055822222,38.879457171111596],[141.62760175072026,38.882821721045616],[141.62430269841082,38.885406639704684]]],[[[141.66389070019568,38.88804217130922],[141.66380978009738,38.88807994643241],[141.66334588820223,38.887492108174285],[141.66342050585172,38.88745427909174],[141.66389070019568,38.88804217130922]]],[[[141.66758472125798,38.88901697255528],[141.66744542166896,38.88897219800856],[141.66746557727458,38.888862414169125],[141.66763683517183,38.88888930569698],[141.66758472125798,38.88901697255528]]],[[[141.66467641988095,38.88998469433824],[141.66452358009917,38.8899069461487],[141.66467119302115,38.88979358570549],[141.66473357989082,38.889916720880024],[141.66467641988095,38.88998469433824]]],[[[141.6769930606813,38.89356527941419],[141.67679861196643,38.89333972135114],[141.67719444856505,38.89319917080513],[141.67733834009243,38.89342417128853],[141.6769930606813,38.89356527941419]]],[[[141.6662429435571,38.89488250472385],[141.66632347604764,38.895065252359586],[141.6662294681155,38.89509197301618],[141.66618216557458,38.89494925240615],[141.6662429435571,38.89488250472385]]],[[[141.66591810573607,38.89522894605909],[141.66576130983663,38.894703892170924],[141.6661599217431,38.894623999997634],[141.66591810573607,38.89522894605909]]],[[[141.6337163941963,38.89539750509084],[141.63362610855813,38.89538638677237],[141.63363778175824,38.89522889209974],[141.63377360636696,38.89528194580521],[141.6337163941963,38.89539750509084]]],[[[141.66431916959402,38.89646255870019],[141.66402736656983,38.8965789462614],[141.664102698281,38.89630535990449],[141.66431916959402,38.89646255870019]]],[[[141.66374007814215,38.897162504645905],[141.66394152987777,38.89733427875399],[141.66377880744608,38.89735002678236],[141.66374007814215,38.897162504645905]]],[[[141.6598374188619,38.898726864553225],[141.65966827527075,38.898715801992694],[141.65972425357154,38.89856127868012],[141.6598590268727,38.89853310831637],[141.66005574637563,38.89868613515705],[141.6598374188619,38.898726864553225]]],[[[141.65971533139748,38.89927283757146],[141.65980936361132,38.89938919815302],[141.6597303626662,38.899465892337105],[141.65960241162202,38.8993190537314],[141.65971533139748,38.89927283757146]]],[[[141.6575974189858,38.899888505350305],[141.6576298305523,38.899692532284575],[141.65772814533773,38.89963786519536],[141.6578592476062,38.89969225169614],[141.657634448571,38.89980150493557],[141.6575974189858,38.899888505350305]]],[[[141.65682394267083,38.89980702677292],[141.6567575879924,38.899969748305296],[141.65659053172772,38.89995922533802],[141.6567542802859,38.899804559033214],[141.65682394267083,38.89980702677292]]],[[[141.65645080406148,38.90033044119696],[141.65633814508942,38.90024783756769],[141.65656308711687,38.90016902727882],[141.6566901694158,38.90021283775229],[141.65645080406148,38.90033044119696]]],[[[141.65735888460495,38.900484999583114],[141.65747583694042,38.900566107639804],[141.65749000036328,38.900695558753114],[141.65725834040018,38.90062472095417],[141.65735888460495,38.900484999583114]]],[[[141.65213693876876,38.904622774921165],[141.6520347209257,38.90438722539017],[141.65229722403774,38.90428000012196],[141.65248416341342,38.90456666711805],[141.65213693876876,38.904622774921165]]],[[[141.65497972813205,38.90460861329694],[141.6550552792778,38.90468889217868],[141.65493167285842,38.904804721260916],[141.65487194618345,38.904659171383685],[141.65497972813205,38.90460861329694]]],[[[141.655626108658,38.90510750500738],[141.6553108297311,38.905059170944014],[141.65523055804385,38.90475972098437],[141.65554167310984,38.9047869461607],[141.655626108658,38.90510750500738]]],[[[141.6543999999601,38.90562750470565],[141.65430666741884,38.905539999771236],[141.65444693917493,38.90545917140366],[141.65456722439797,38.905588892313574],[141.6543999999601,38.90562750470565]]],[[[141.6558840342209,38.90569105439869],[141.6556917510735,38.905655837846666],[141.65569105140094,38.90555413531513],[141.6558719464332,38.905543134807886],[141.6558840342209,38.90569105439869]]],[[[141.6562830607147,38.90580833318808],[141.65634666706512,38.9059977753771],[141.6562105582707,38.90608833261052],[141.65613221832723,38.90579138726275],[141.6562830607147,38.90580833318808]]],[[[141.66189277623073,38.90588750500439],[141.66187527902093,38.90628250523349],[141.66154693923988,38.90614055893968],[141.66189277623073,38.90588750500439]]],[[[141.65679416341993,38.90647861319752],[141.65653972812606,38.90647527941064],[141.65659277643556,38.90630417080092],[141.65685194576076,38.90631527922682],[141.65679416341993,38.90647861319752]]],[[[141.65478016857003,38.90640033260934],[141.65471691295522,38.90653283782024],[141.65456542215657,38.906493918759395],[141.6544652529691,38.906384892149106],[141.65478016857003,38.90640033260934]]],[[[141.65634724982579,38.90668891875862],[141.6562726978268,38.906790775074285],[141.65600291830015,38.90669305384142],[141.65614849515703,38.906620305882484],[141.65634724982579,38.90668891875862]]],[[[141.65528433210636,38.90680710766196],[141.65548861220975,38.906645693743826],[141.65559661539157,38.906701504770695],[141.65528433210636,38.90680710766196]]],[[[141.655050856412,38.906787864868136],[141.65490641989538,38.906819865444504],[141.65480968881616,38.90671072102299],[141.65505063607804,38.90661786512243],[141.655050856412,38.906787864868136]]],[[[141.65399094692475,38.90704835979403],[141.6537505320615,38.907035027344705],[141.6537988067696,38.90691430595052],[141.65399094692475,38.90704835979403]]],[[[141.65521055802094,38.90755833295077],[141.65485027162276,38.90745833283586],[141.6551163936067,38.907306386980224],[141.65521055802094,38.90755833295077]]],[[[141.65609380018884,38.907614000086085],[141.65551496774162,38.907382305948715],[141.65590503159194,38.90734235986207],[141.65609380018884,38.907614000086085]]],[[[141.65585693944627,38.908163612660644],[141.65562916995032,38.90815083779097],[141.65535444864895,38.90784694607976],[141.65597444936145,38.90801750520376],[141.65585693944627,38.908163612660644]]],[[[141.6524143058756,38.908506305621586],[141.65221610878643,38.908436000221286],[141.6523431128444,38.9083609733803],[141.6524143058756,38.908506305621586]]],[[[141.65156535665596,38.90975219760588],[141.65131172535587,38.9097448924129],[141.65132141375227,38.909604558603576],[141.6515431389048,38.90967436038346],[141.65156535665596,38.90975219760588]]],[[[141.65171805434477,38.91180610796556],[141.65183306144672,38.911930000369296],[141.65163861183248,38.91195250500414],[141.65171805434477,38.91180610796556]]],[[[141.65166980481774,38.912191080753814],[141.6517571730551,38.91228794583208],[141.65155795073895,38.91234025220092],[141.65155654959517,38.91217783823669],[141.65166980481774,38.912191080753814]]],[[[141.65242647190416,38.91318646838084],[141.65241416288336,38.91330086484311],[141.65213036292596,38.91322538744174],[141.65227472120148,38.91310474788588],[141.65242647190416,38.91318646838084]]],[[[141.65200834021277,38.91443138729875],[141.65202722417712,38.91459972060068],[141.65189055780309,38.91457694616918],[141.65188333264973,38.914481386906516],[141.65200834021277,38.91443138729875]]],[[[141.65162377391812,38.91500886536687],[141.65137542163848,38.91498158623125],[141.65140192016258,38.91485780174622],[141.65162377391812,38.91500886536687]]],[[[141.65353250312262,38.91914999967281],[141.65336666723795,38.91916138688856],[141.65346027227383,38.91900361342607],[141.65357221808347,38.919007504792546],[141.65353250312262,38.91914999967281]]],[[[141.6578576647995,38.9192266938569],[141.65791719812023,38.91941950490627],[141.65786250315205,38.91989319761302],[141.65777092069152,38.919753108419286],[141.6578576647995,38.9192266938569]]],[[[141.6584328271133,38.91987150506594],[141.65836496786903,38.91965758602885],[141.65861199724588,38.919659532161745],[141.6584328271133,38.91987150506594]]],[[[141.64869466942355,38.9225745047097],[141.64887041493773,38.922827838334115],[141.64862082968762,38.922946171128956],[141.64852094738387,38.922741837965475],[141.64869466942355,38.9225745047097]]],[[[141.6494495846307,38.923020000072995],[141.64947564158763,38.923169360377756],[141.6492586639563,38.923156197900255],[141.6492035283202,38.92308441401457],[141.6494495846307,38.923020000072995]]],[[[141.64645291766806,38.92371683796176],[141.64634386497744,38.92401208089285],[141.6462763285898,38.92399625192553],[141.64638494241126,38.92370225185749],[141.64645291766806,38.92371683796176]]],[[[141.64549897529753,38.92549627883028],[141.645313449656,38.92543008063376],[141.6454642281916,38.92531299969522],[141.64549897529753,38.92549627883028]]],[[[141.64520036260672,38.92523177472668],[141.64518077807054,38.92553802715827],[141.6450276909752,38.92531972122822],[141.64520036260672,38.92523177472668]]],[[[141.64439929958803,38.92656727875698],[141.64416082995842,38.926723080905504],[141.64407566775787,38.92652594591573],[141.64439929958803,38.92656727875698]]],[[[141.64461358015262,38.92672002680786],[141.64450608328923,38.92701146830467],[141.64428953283573,38.92683280179244],[141.64461358015262,38.92672002680786]]],[[[141.6423430222128,38.928264892111144],[141.64231111516585,38.92847133328547],[141.64212199673284,38.9284434408122],[141.64210919578284,38.92830091895229],[141.6423430222128,38.928264892111144]]],[[[141.64291761255788,38.9324352247059],[141.64301577176047,38.932599838411875],[141.64285236134742,38.93272222535046],[141.64276055765367,38.93256108122898],[141.64291761255788,38.9324352247059]]],[[[141.64311296958795,38.93241413470463],[141.64320341080884,38.93259744081928],[141.6431309209553,38.93261166719475],[141.64300833976313,38.93246189230251],[141.64311296958795,38.93241413470463]]],[[[141.64285669338176,38.93278010841533],[141.64296894855818,38.932832775412294],[141.6428929963148,38.93293933338356],[141.64278250291022,38.93281738711278],[141.64285669338176,38.93278010841533]]],[[[141.6430603367652,38.93349561263244],[141.64346968927475,38.93289964000644],[141.64371189378892,38.93327299984912],[141.6430603367652,38.93349561263244]]],[[[141.64353569411708,38.93349953187794],[141.64357277586294,38.93362583806203],[141.64351752331515,38.93373719841304],[141.64337749707386,38.93361458574458],[141.64353569411708,38.93349953187794]]],[[[141.64374683514836,38.93403136035903],[141.64386593956158,38.934111613160496],[141.64381189390383,38.934194775268736],[141.6436617251086,38.934083585788926],[141.64374683514836,38.93403136035903]]],[[[141.6439263038559,38.935552999771176],[141.64375613503762,38.93550880168988],[141.64390224429326,38.93537508059552],[141.6440545777566,38.93541158587607],[141.6439263038559,38.935552999771176]]],[[[141.6433114787418,38.93562744115354],[141.64326997413002,38.935701171172184],[141.64305316467187,38.93574499963211],[141.64312070016024,38.93555833275093],[141.6433114787418,38.93562744115354]]],[[[141.64302924810136,38.93628966683468],[141.6429038394407,38.93647944087354],[141.64272557672405,38.9364249185752],[141.64302924810136,38.93628966683468]]],[[[141.64397610921014,38.93706077523467],[141.64394555114632,38.93718200024915],[141.64383403431327,38.93724330613372],[141.6437842541401,38.937128414145036],[141.64397610921014,38.93706077523467]]],[[[141.64768914373906,38.94039450540214],[141.64719024573333,38.94045474828806],[141.64685510977552,38.94026969389131],[141.6474468609839,38.94008674840478],[141.64768914373906,38.94039450540214]]],[[[141.64427002564128,38.940837468274594],[141.64424538331787,38.94096402716815],[141.64406486420216,38.9409639462292],[141.64405758778753,38.94085183764224],[141.64427002564128,38.940837468274594]]],[[[141.645488339915,38.94445630601376],[141.64524247695886,38.94361300003999],[141.64625819735795,38.94338189226056],[141.64610844404956,38.94438108132192],[141.645488339915,38.94445630601376]]],[[[141.6407192476952,38.94618469416838],[141.64056797723038,38.94621177455383],[141.6405725286993,38.946083918837815],[141.6408317250042,38.94606266695854],[141.6407192476952,38.94618469416838]]],[[[141.63667635532966,38.95000827875913],[141.63648491574634,38.950200197681056],[141.63638214032358,38.95008766731206],[141.63667635532966,38.95000827875913]]],[[[141.63524761318683,38.95177574785254],[141.63515247660553,38.95175819758282],[141.6352329182646,38.95147469440167],[141.63532481189065,38.95148902689715],[141.63524761318683,38.95177574785254]]],[[[141.64091513622463,38.95425769413731],[141.64093555083502,38.95415577486915],[141.64122141383723,38.953980279366476],[141.64124027172124,38.954045026956464],[141.64097802941262,38.954269972581244],[141.64091513622463,38.95425769413731]]],[[[141.64132871644722,38.954326639762655],[141.64104577174498,38.95435274798098],[141.64119163368696,38.95416235970521],[141.64132871644722,38.954326639762655]]],[[[141.64255002636264,38.9542411708934],[141.64247141392468,38.95444125206217],[141.6422510251648,38.95435844068953],[141.64232319126234,38.95424030574554],[141.64255002636264,38.9542411708934]]],[[[141.6425977560816,38.9545536133586],[141.64266961101384,38.95476417072996],[141.64245364511964,38.95475602736883],[141.6425977560816,38.9545536133586]]],[[[141.64328169859164,38.9547979456687],[141.6429662523907,38.9548458021921],[141.6429982232894,38.95472666720201],[141.64328169859164,38.9547979456687]]],[[[141.63700357995128,38.95559113512286],[141.63682167318177,38.955674081393795],[141.63668622628836,38.95550186481927],[141.6370027759574,38.955498333181595],[141.63700357995128,38.95559113512286]]],[[[141.64363341085334,38.9560983059921],[141.64362983065223,38.95626058595735],[141.6434103367177,38.956266080815055],[141.64338600466044,38.95614544125914],[141.64363341085334,38.9560983059921]]],[[[141.6421956161348,38.956758892209166],[141.64200355422076,38.956652918797204],[141.64213457824826,38.956598775113434],[141.64225136241055,38.95664038674448],[141.6421956161348,38.956758892209166]]],[[[141.64191953325997,38.958974026730004],[141.64172557737356,38.95895472098363],[141.64183136192787,38.95882038655162],[141.64201442342699,38.95883544120272],[141.64191953325997,38.958974026730004]]],[[[141.64258522672685,38.95931433289019],[141.64283530480554,38.95853833307768],[141.6433662780314,38.95864813490357],[141.64258522672685,38.95931433289019]]],[[[141.6397357464076,38.9604729186903],[141.63971070028867,38.96036066711116],[141.63991011685846,38.960341721093585],[141.6398350576419,38.96047077470655],[141.6397357464076,38.9604729186903]]],[[[141.16216639416382,38.30837638716059],[141.16212610903278,38.30854666659542],[141.16196666732787,38.30848694621562],[141.16201389072853,38.308372774583916],[141.16216639416382,38.30837638716059]]],[[[141.16516306112646,38.311262774757324],[141.16511472076786,38.311414171127126],[141.16498277583446,38.31135722515586],[141.1650136063929,38.311266387333944],[141.16516306112646,38.311262774757324]]],[[[141.1647729442161,38.31169363994957],[141.16471583726616,38.31188127899787],[141.16463230913382,38.31184502732623],[141.1646880293291,38.31170189212867],[141.1647729442161,38.31169363994957]]],[[[141.16344438385124,38.31339797303809],[141.16340130992262,38.31350691870938],[141.16325836628062,38.31345444057001],[141.16326688735705,38.31337072088212],[141.16344438385124,38.31339797303809]]],[[[141.1797491698884,38.31372305367603],[141.17978944242884,38.3139225053194],[141.17965444879383,38.31395999985415],[141.17958805364583,38.31377694644897],[141.1797491698884,38.31372305367603]]],[[[141.179644449232,38.31415305372053],[141.17960805366886,38.31428527924231],[141.1794550061437,38.31427389202656],[141.17951138824003,38.31415138727675],[141.179644449232,38.31415305372053]]],[[[141.16252822289925,38.31512805371676],[141.16220649763181,38.31425655939273],[141.16279396896653,38.31338186528092],[141.16319992203887,38.31461450485557],[141.16252822289925,38.31512805371676]]],[[[141.18522561576958,38.315943225299634],[141.18514099855827,38.31571172091924],[141.18545761297855,38.315699440676724],[141.18522561576958,38.315943225299634]]],[[[141.15903944241643,38.31695138689702],[141.1590255505888,38.31707722543365],[141.15888360609358,38.317055837756754],[141.158876109345,38.31694389194712],[141.15903944241643,38.31695138689702]]],[[[141.18672771741035,38.316800108338384],[141.18606538291112,38.31678210840761],[141.18652089492343,38.315938774554866],[141.18585827533923,38.315481640165615],[141.1872130608342,38.31531800042541],[141.18734233478096,38.31570800042391],[141.18672771741035,38.316800108338384]]],[[[141.1546930612359,38.317743332588805],[141.15463221760285,38.317866946202685],[141.15454138787481,38.317859170664235],[141.15454333310845,38.317733054237124],[141.1546930612359,38.317743332588805]]],[[[141.13847250300364,38.31859166667215],[141.13841805355037,38.318741946084],[141.1382972242376,38.318669720631135],[141.13847250300364,38.31859166667215]]],[[[141.17849175129334,38.320022441282674],[141.17830243770743,38.320163640239855],[141.1781502202565,38.32011135995134],[141.1783535021125,38.32000094568713],[141.17849175129334,38.320022441282674]]],[[[141.14092817109827,38.320464198164245],[141.14073752291836,38.3206266939668],[141.1406281446732,38.32094122465787],[141.14047121927138,38.32066883799655],[141.14062596561587,38.320506252261794],[141.14092817109827,38.320464198164245]]],[[[141.15797391666297,38.321255892045826],[141.15610678290182,38.319216108236844],[141.15756289231365,38.31706789226945],[141.15994319092556,38.31720866674664],[141.15797391666297,38.321255892045826]]],[[[141.153056161113,38.321551667375616],[141.15367491626444,38.31958497326798],[141.1540219970176,38.320701027430516],[141.153056161113,38.321551667375616]]],[[[141.13812878121837,38.32133913509307],[141.13814455262911,38.3215063874099],[141.13796955894804,38.321526414412574],[141.13791121902761,38.321387532108986],[141.13812878121837,38.32133913509307]]],[[[141.13986338458756,38.32224810776404],[141.14012072559103,38.32233122490618],[141.13992933906786,38.322426865107786],[141.13986338458756,38.32224810776404]]],[[[141.17112483784103,38.32290444108713],[141.17118496831165,38.32299897332399],[141.1710874188493,38.323046918880266],[141.17101072556454,38.322939027214375],[141.17112483784103,38.32290444108713]]],[[[141.14217027244024,38.3231374410401],[141.14208119279283,38.32324694608974],[141.14186111519837,38.32318319764653],[141.14187374797518,38.32311361260321],[141.14217027244024,38.3231374410401]]],[[[141.14400736704647,38.323351693725726],[141.14395739261965,38.323511747868906],[141.14373233457968,38.323410801667194],[141.14395544738602,38.32324172102864],[141.14400736704647,38.323351693725726]]],[[[141.16716749708235,38.32396944073713],[141.16705250257098,38.32416083805231],[141.16696083017825,38.32414083802928],[141.16703194586762,38.32401000016142],[141.16716749708235,38.32396944073713]]],[[[141.17987999966238,38.3244178651924],[141.1799463039788,38.32453566738718],[141.1798343060085,38.32462446824468],[141.17970338540295,38.32458333325428],[141.17987999966238,38.3244178651924]]],[[[141.1472537217819,38.32505364001355],[141.14713221797751,38.32496474832453],[141.14716642009432,38.32456733341576],[141.14747719791444,38.3248101350797],[141.1472537217819,38.32505364001355]]],[[[141.17628786009675,38.32572633290397],[141.17629968887957,38.32590919835087],[141.1761887548073,38.32590527910537],[141.17628786009675,38.32572633290397]]],[[[141.17557822305662,38.32602644116736],[141.17554172497069,38.326241252331954],[141.1753801689597,38.32620622463759],[141.17557822305662,38.32602644116736]]],[[[141.13854591376298,38.326316693760475],[141.13823442278044,38.326276693714476],[141.13825491563193,38.32589813489108],[141.1386274454004,38.326119639709646],[141.13854591376298,38.326316693760475]]],[[[141.1733213357112,38.32715508134197],[141.17313939027076,38.32713902664483],[141.1729300775611,38.326891613257374],[141.17321399532966,38.327023586069686],[141.1733213357112,38.32715508134197]]],[[[141.17109674391963,38.328189333171224],[141.17095778157648,38.32818719818073],[141.17083985707382,38.32799599961572],[141.17107111504004,38.32799263974857],[141.17109674391963,38.328189333171224]]],[[[141.17171639389653,38.32882255931372],[141.1715141120867,38.32878410790033],[141.1714825548761,38.328590413716654],[141.17171352775722,38.328575054195426],[141.17171639389653,38.32882255931372]]],[[[141.17040306085266,38.32872555933716],[141.17058583726669,38.328833612881],[141.17045277627471,38.32889222529599],[141.17040306085266,38.32872555933716]]],[[[141.1676064462805,38.332670802415635],[141.16736260679897,38.33260077490587],[141.167459856787,38.33250617072326],[141.1676064462805,38.332670802415635]]],[[[141.1690155508271,38.33467444067293],[141.16891666677077,38.334849721237674],[141.16881500560805,38.33479944104141],[141.16891360637794,38.334663054356554],[141.1690155508271,38.33467444067293]]],[[[141.17457583690543,38.334997774827514],[141.1744666673029,38.335140559289414],[141.17438221826478,38.33500694611371],[141.17457583690543,38.334997774827514]]],[[[141.17500000034977,38.33515555908184],[141.1751525028858,38.33516027872395],[141.17517527911593,38.33525055896615],[141.17503527895508,38.33530110805975],[141.17500000034977,38.33515555908184]]],[[[141.14674255522482,38.33953846802592],[141.14721360572344,38.338903999919694],[141.14770333334218,38.339117667146695],[141.14720119328047,38.339179838179064],[141.1470335281748,38.33939541376736],[141.14674255522482,38.33953846802592]]],[[[141.1727525028258,38.3403165857419],[141.17279180319917,38.340546558576875],[141.17288875461236,38.340586919250995],[141.17281469544196,38.34079813492605],[141.1726216083007,38.34040886517704],[141.1727525028258,38.3403165857419]]],[[[141.14665347557752,38.34101122478825],[141.1467736447879,38.34104883803349],[141.14680413720123,38.34116930581888],[141.1466190792072,38.3411243873806],[141.14665347557752,38.34101122478825]]],[[[141.17304583739553,38.341206386665476],[141.1730491702831,38.34138472132787],[141.1728344490507,38.34132027860801],[141.17304583739553,38.341206386665476]]],[[[141.14730224380355,38.34125330609527],[141.14698374800162,38.341436414359066],[141.14691730159223,38.34114730570366],[141.14730224380355,38.34125330609527]]],[[[141.17325489020106,38.34135249502168],[141.17333138833294,38.34153027929898],[141.17315389093937,38.3415369459733],[141.17325489020106,38.34135249502168]]],[[[141.13925094717354,38.341693359660894],[141.13941664096524,38.341842387216445],[141.1391050060912,38.34205736025905],[141.1388773283261,38.34177927909053],[141.13925094717354,38.341693359660894]]],[[[141.13851192028892,38.34308286528204],[141.13829719815726,38.34256202741568],[141.13892752308675,38.342507945785144],[141.13851192028892,38.34308286528204]]],[[[141.13803775633744,38.34343986465808],[141.13802544731664,38.34380497322098],[141.13774416276294,38.343786973290264],[141.13803775633744,38.34343986465808]]],[[[141.14206695202824,38.34412653211382],[141.14220306082268,38.34418389177324],[141.14215666659697,38.3443249998989],[141.1419622178821,38.34426666717303],[141.14206695202824,38.34412653211382]]],[[[141.17849805374226,38.344497224567306],[141.17854444886734,38.344686387067156],[141.17824082965058,38.34469889214023],[141.17835583675253,38.344509720647125],[141.17849805374226,38.344497224567306]]],[[[141.17231800257377,38.34472934228535],[141.172341946124,38.34480250483176],[141.1721594422046,38.34486250490073],[141.17211306056936,38.344807774858964],[141.17231800257377,38.34472934228535]]],[[[141.17931144017086,38.344852757149056],[141.17943360587628,38.34500361302639],[141.17925693855693,38.34500499978094],[141.17931144017086,38.344852757149056]]],[[[141.17798378722205,38.344937350978],[141.17805360608907,38.34501750485401],[141.17795583719214,38.345231946397234],[141.17784805434428,38.345205559389115],[141.17798378722205,38.344937350978]]],[[[141.17245583716726,38.34509194623638],[141.17233082960422,38.345365838362795],[141.17211306056936,38.345255279307764],[141.17245583716726,38.34509194623638]]],[[[141.17754082974557,38.34522917108944],[141.17754082974557,38.34537694588937],[141.17743416295627,38.34538110795182],[141.17741888527337,38.34525138704191],[141.17754082974557,38.34522917108944]]],[[[141.17713555116484,38.34553138736368],[141.17712888538983,38.34566361288546],[141.17697778219895,38.345599720550695],[141.17713555116484,38.34553138736368]]],[[[141.14133861178755,38.34544463066521],[141.14146221820693,38.34555917101898],[141.14140082958465,38.345738892435975],[141.14120333306744,38.34564889188289],[141.14133861178755,38.34544463066521]]],[[[141.17690718541837,38.34570520742943],[141.17702221770128,38.34581833314962],[141.17685083030165,38.34584194574927],[141.17690718541837,38.34570520742943]]],[[[141.17694250269437,38.346282504733836],[141.17683306059735,38.34633889222613],[141.17658444931294,38.346101386669716],[141.17676972764093,38.34602444067542],[141.17694250269437,38.346282504733836]]],[[[141.1365565243642,38.345942532222125],[141.13578046699502,38.3449660807201],[141.13717891097804,38.3441406937381],[141.13729780764777,38.34485963966068],[141.13643469500528,38.345367413975055],[141.1365565243642,38.345942532222125]]],[[[141.17622107734087,38.34674519783266],[141.1763236711006,38.34679022508885],[141.17628869017096,38.34699044115598],[141.1761845531746,38.3469856126959],[141.17622107734087,38.34674519783266]]],[[[141.17212693890713,38.346368252393006],[141.1721373926266,38.34687041403845],[141.171664384304,38.34688486524436],[141.17212693890713,38.346368252393006]]],[[[141.1762028660695,38.34717951372363],[141.17612941573998,38.347374531709306],[141.17600263291524,38.347297413944545],[141.1762028660695,38.34717951372363]]],[[[141.13435608296697,38.3476850001627],[141.13428778215552,38.34727080210587],[141.13503352787507,38.347198721443874],[141.1350068090171,38.3476768379158],[141.13435608296697,38.3476850001627]]],[[[141.17507594000267,38.347680631256196],[141.17518917004418,38.34771472095764],[141.1751502716678,38.347811666974906],[141.175000271945,38.34775527858329],[141.17507594000267,38.347680631256196]]],[[[141.17026910503523,38.348885053702304],[141.17026291769957,38.349150946359146],[141.17007919609807,38.34888405365621],[141.17026910503523,38.348885053702304]]],[[[141.17042357978448,38.34933444133145],[141.1701958111878,38.34948313523853],[141.17033191998223,38.349228135170335],[141.17042357978448,38.34933444133145]]],[[[141.1686665886922,38.35054722477463],[141.16854472066234,38.35068983836538],[141.1684335275853,38.35041913523497],[141.16859671856378,38.35040761312092],[141.1686665886922,38.35054722477463]]],[[[141.1765247208392,38.35067861302764],[141.1766480538647,38.35082972071507],[141.17636888541574,38.35087666712457],[141.17636778194765,38.350679441303214],[141.1765247208392,38.35067861302764]]],[[[141.17095834005545,38.35159277478675],[141.17094083025518,38.351789441229755],[141.17078500562354,38.35190472082627],[141.17062555132816,38.351724720619416],[141.17095834005545,38.35159277478675]]],[[[141.17041510996944,38.35130777513376],[141.16931988320607,38.35175930584734],[141.17011572026433,38.35044946756892],[141.17041510996944,38.35130777513376]]],[[[141.16980572035777,38.35280872114561],[141.16929664112718,38.35277080213086],[141.16965678273436,38.35239055887723],[141.16980572035777,38.35280872114561]]],[[[141.16111966334188,38.35256905361899],[141.16071522742584,38.353181053962544],[141.16010291771556,38.35300825192934],[141.16067605655485,38.35251066693377],[141.16111966334188,38.35256905361899]]],[[[141.16316457778305,38.355767612985005],[141.16144352809636,38.353798333326495],[141.16251963707168,38.352642081267106],[141.1648342536979,38.35420217119332],[141.16316457778305,38.355767612985005]]],[[[141.1500000003998,38.35662322528168],[141.1453390525553,38.35487055902911],[141.1407303760061,38.35494309924468],[141.1426573281732,38.348634441426384],[141.14633055780905,38.34644022513635],[141.14962961101776,38.34253858568724],[141.1479714140496,38.33868113532617],[141.14553561557625,38.33871774762599],[141.14343871582412,38.340180000306816],[141.14103902692966,38.3389001975861],[141.13192679558517,38.339077712066796],[141.13303578467378,38.33592628796788],[141.1397567438787,38.326961333198994],[141.1398135018917,38.32408872141741],[141.14650538331682,38.32499472092968],[141.139727004198,38.32994666690519],[141.1464474453934,38.33393894632536],[141.1456126721871,38.32956753161636],[141.15088116693232,38.32464338728255],[141.15622914376002,38.324678504909116],[141.16364136235904,38.32795810758063],[141.16976396933183,38.32387166734361],[141.1737800259275,38.323548891668054],[141.16669883338454,38.33235013475098],[141.16864968863229,38.336482694021186],[141.16680092082595,38.343639837908256],[141.16007199722492,38.345825864971744],[141.15646600540185,38.34945202678966],[141.1582287161824,38.353223000141384],[141.1500000003998,38.35662322528168]]],[[[141.1318292865924,38.3621422522632],[141.13117817113573,38.36199921599109],[141.13144430571026,38.36163148590441],[141.13208885881386,38.36173742334347],[141.1318292865924,38.3621422522632]]],[[[141.06743505818145,38.35003377483889],[141.06732282728672,38.34999769403839],[141.06728306106447,38.34983766687486],[141.06747961059557,38.349906027041584],[141.06743505818145,38.35003377483889]]],[[[141.06844202278114,38.35032927857338],[141.06827233510023,38.35032202733976],[141.06820761269125,38.35015622473003],[141.06842654994534,38.350215332671496],[141.06844202278114,38.35032927857338]]],[[[141.06320505826693,38.35049344081972],[141.06298641958767,38.350925693665886],[141.06273496824429,38.350650504717066],[141.06320505826693,38.35049344081972]]],[[[141.0656851879212,38.35559217144163],[141.0657498311898,38.35570041384307],[141.06545080391152,38.35600427857463],[141.06537769082786,38.355901171302094],[141.0656851879212,38.35559217144163]]],[[[141.0695891440239,38.355764639826305],[141.06943766491634,38.3556225046749],[141.06962846957822,38.355437945804624],[141.06988311261557,38.355416720905],[141.06966341093778,38.35562563971155],[141.0695891440239,38.355764639826305]]],[[[141.06749802871116,38.355801081254924],[141.067356109397,38.35610777525369],[141.06691518798561,38.35551844142299],[141.06749802871116,38.355801081254924]]],[[[141.0662937996192,38.35659841388576],[141.06645011707928,38.35685027891731],[141.06619747143623,38.356782747925536],[141.0662937996192,38.35659841388576]]],[[[141.0634354987493,38.35726022497943],[141.0636836064134,38.35738558597609],[141.06371613489182,38.35757653183151],[141.0634181966925,38.357401973422384],[141.0634354987493,38.35726022497943]]],[[[141.07874121893212,38.36220969422209],[141.07879717295123,38.362346532366644],[141.07839581091798,38.36249864010023],[141.07846574579764,38.36236561328246],[141.07874121893212,38.36220969422209]]],[[[141.0747758373351,38.36236417076992],[141.07443399513284,38.36259569403609],[141.07455033682868,38.36220263993994],[141.0747758373351,38.36236417076992]]],[[[141.07152632867724,38.36307994568301],[141.0711982227199,38.36338858581462],[141.07085652440912,38.363104386558234],[141.07100710779184,38.362893251822186],[141.07152632867724,38.36307994568301]]],[[[141.0723107524393,38.3629406128191],[141.0732022827592,38.36349286490383],[141.0729682234048,38.364074108433385],[141.0723107524393,38.3629406128191]]],[[[141.06495211364916,38.36421483794447],[141.06494795068738,38.36434646811506],[141.06476121905507,38.364391775060426],[141.0647469782905,38.36429938680732],[141.06495211364916,38.36421483794447]]],[[[141.08118413733814,38.36461905442587],[141.0810328920544,38.36469325209197],[141.0810220489285,38.36450244113479],[141.08126717264201,38.364502108385636],[141.08118413733814,38.36461905442587]]],[[[141.08974897473547,38.36395761295353],[141.08964869043473,38.364470748126564],[141.08902233511276,38.36470700002809],[141.08886469474987,38.364400306029324],[141.08974897473547,38.36395761295353]]],[[[141.06469900125796,38.36447199998287],[141.06457427967928,38.36468513481117],[141.06448778198558,38.364622613043196],[141.06469900125796,38.36447199998287]]],[[[141.07976666729792,38.36492225186049],[141.0795616083816,38.36432127900389],[141.08051625222333,38.36403097335079],[141.08033632935815,38.36449300005194],[141.07977530528615,38.36443758562615],[141.07976666729792,38.36492225186049]]],[[[141.06871022040036,38.365138467766144],[141.06839338474697,38.36536597286141],[141.0679593386526,38.364976386551064],[141.0681797543922,38.364799333422525],[141.06871022040036,38.365138467766144]]],[[[141.0755970559594,38.36543744108508],[141.07613335856774,38.36449889240998],[141.0751973927455,38.36367050528963],[141.07712841794216,38.36247597268806],[141.07820221835777,38.3635929189781],[141.07675335928013,38.363884694123385],[141.0755970559594,38.36543744108508]]],[[[141.07729263324848,38.365582865057206],[141.07708313887588,38.365659532261645],[141.0770474969445,38.365577252388334],[141.07723627813175,38.36552938687174],[141.07729263324848,38.365582865057206]]],[[[141.06290997361646,38.36585046822461],[141.06215082979702,38.36575161294661],[141.06217082982005,38.365339360123414],[141.06265508416482,38.3654800536616],[141.06290997361646,38.36585046822461]]],[[[141.07950430627875,38.36665291889716],[141.07969263330847,38.36627627922695],[141.08046822303015,38.36605364036325],[141.0811142798002,38.36604541426453],[141.0819059655879,38.36424280236349],[141.0834172241257,38.364224558716444],[141.08179627797597,38.36542664022733],[141.0818859143036,38.366174531729314],[141.08049910484988,38.36612394576355],[141.07950430627875,38.36665291889716]]],[[[141.06186985730812,38.367230639782235],[141.0620109726284,38.367381359861895],[141.06179574597695,38.36749772134283],[141.06168294401277,38.36725730558027],[141.06186985730812,38.367230639782235]]],[[[141.07408603124543,38.36726077516471],[141.073596134554,38.36771477541663],[141.0733737735809,38.36750910765926],[141.07408603124543,38.36726077516471]]],[[[141.07043641960513,38.367833919399914],[141.0714349683492,38.36544083782445],[141.07330805382367,38.366632613104684],[141.07043641960513,38.367833919399914]]],[[[141.06357075228846,38.368527278710985],[141.0633790141303,38.368853315328295],[141.06321629079923,38.36879379279935],[141.06341585036125,38.36846923376817],[141.06357075228846,38.368527278710985]]],[[[141.06221291809175,38.36871410836943],[141.06182691288177,38.36892919832388],[141.06177780809946,38.36885677502022],[141.06221291809175,38.36871410836943]]],[[[141.1097535276033,38.36721022517179],[141.11012849543374,38.36842544128115],[141.10968452711927,38.36862617086115],[141.10940647203108,38.36788180200364],[141.1097535276033,38.36721022517179]]],[[[141.0633104147439,38.36886450469319],[141.0629683009464,38.36953286465001],[141.0627995332719,38.36946950471395],[141.0633104147439,38.36886450469319]]],[[[141.1095292222958,38.36915969366498],[141.10992946827037,38.369717640256965],[141.10956357999532,38.36970813532224],[141.1095292222958,38.36915969366498]]],[[[141.07605547278195,38.37030089197265],[141.07521472088274,38.369700413743146],[141.07629038919015,38.36954377522511],[141.07605547278195,38.37030089197265]]],[[[141.07150797711154,38.370472198433276],[141.07148044076985,38.37048891862872],[141.0711288589098,38.370130332848646],[141.07115639435222,38.37011361265314],[141.07150797711154,38.370472198433276]]],[[[141.07488600518502,38.3701002253452],[141.07421027168675,38.37056830628234],[141.07418491620103,38.37054483757424],[141.07485841758194,38.370069278774224],[141.07488600518502,38.3701002253452]]],[[[141.07360155566732,38.37098453231039],[141.07301683535877,38.37139099979487],[141.0729991699758,38.371371837940046],[141.0735763287846,38.37096405384807],[141.07360155566732,38.37098453231039]]],[[[141.0724164983228,38.37140130602552],[141.07168360571393,38.37070158580957],[141.07171330672384,38.37068386466865],[141.0724164983228,38.37140130602552]]],[[[141.10125744517507,38.37312483784103],[141.10080199701463,38.37307669443396],[141.10084403402504,38.372277171054634],[141.10034180313176,38.372016134736896],[141.1010071980238,38.37167386535663],[141.10102654963566,38.37258705404935],[141.10125744517507,38.37312483784103]]],[[[141.11861569435882,38.37333705356224],[141.11870572009298,38.37344522491725],[141.11863202334928,38.37361910793555],[141.11846050644726,38.37357105356131],[141.11845063638782,38.37338727889983],[141.11861569435882,38.37333705356224]]],[[[141.12426747116695,38.37457722495901],[141.1242074971783,38.373925414326436],[141.12497092087142,38.373766666898234],[141.12468291838206,38.37449374808807],[141.12426747116695,38.37457722495901]]],[[[141.118251244999,38.37335389156891],[141.11781433186604,38.3736262251702],[141.11772756167773,38.37414619788876],[141.11748627806935,38.37405758588892],[141.11750306121735,38.37369258614399],[141.1179548896065,38.37337261275593],[141.118251244999,38.37335389156891]]],[[[141.11622863824118,38.37499999985016],[141.1151275227171,38.37450502738517],[141.11488058417171,38.37442597338003],[141.11454469458204,38.37449055909207],[141.11451907919218,38.374379640308234],[141.11490939035616,38.37429958625694],[141.1151472502455,38.374480748387896],[141.11622863824118,38.37499999985016]]],[[[141.07731831428885,38.37715385636545],[141.07582158160074,38.37586766665953],[141.0795218286695,38.37493846823577],[141.08015111488214,38.376366532289694],[141.07731831428885,38.37715385636545]]],[[[141.11598083005129,38.37773222476244],[141.1161452791814,38.37785638696272],[141.11595221812047,38.377946386616486],[141.1158663940189,38.37781694629507],[141.11598083005129,38.37773222476244]]],[[[141.11528693924095,38.377968892150705],[141.1154658368789,38.377726666952185],[141.11559444892475,38.37781110789638],[141.11528693924095,38.377968892150705]]],[[[141.05892250287127,38.268844720707364],[141.05664500576245,38.27197417077144],[141.05653972842583,38.271927225261265],[141.05881500600776,38.26879250517004],[141.05892250287127,38.268844720707364]]],[[[141.05268869023098,38.27737233336654],[141.0525186383246,38.277147135032294],[141.0527848637305,38.277084467574184],[141.05268869023098,38.27737233336654]]],[[[141.06296313883786,38.279625000193676],[141.06296946826637,38.279896287883446],[141.06278788615214,38.279911332641916],[141.06285552506245,38.27964863977297],[141.06296313883786,38.279625000193676]]],[[[141.05810527903543,38.28066017113002],[141.05804627811335,38.28088086476015],[141.05792666738182,38.280898198293244],[141.05793966258545,38.280705801831346],[141.05810527903543,38.28066017113002]]],[[[141.0586609728257,38.280904170690974],[141.05836839188783,38.28091563974505],[141.05836572000203,38.28057210771664],[141.058585446861,38.28050989171817],[141.0586609728257,38.280904170690974]]],[[[141.06408622569882,38.28481522514255],[141.06395147937735,38.28479189223208],[141.06391888524843,38.28464617058438],[141.0640770562112,38.2846290807675],[141.06408622569882,38.28481522514255]]],[[[141.10288875511208,38.299548532239044],[141.10289274990055,38.299670586428476],[141.10274797703755,38.299754000346866],[141.1027232555739,38.29962333335021],[141.10288875511208,38.299548532239044]]],[[[141.10477603098911,38.3005375859409],[141.1049382228208,38.30070938702863],[141.10467732769655,38.30074125180738],[141.10477603098911,38.3005375859409]]],[[[141.0859128787764,38.30465056786949],[141.08564088242088,38.30485252322541],[141.08551351503672,38.30465782899569],[141.0859128787764,38.30465056786949]]],[[[141.09762330726983,38.30561555931064],[141.09764352762681,38.305797693608724],[141.09734058380093,38.30572458592093],[141.09745185511906,38.30560008107892],[141.09762330726983,38.30561555931064]]],[[[141.10004452683347,38.30588469402346],[141.1000102455764,38.30601722531475],[141.0998197538786,38.30598377503122],[141.09985503158453,38.30581394615672],[141.10004452683347,38.30588469402346]]],[[[141.10164141431983,38.3067876133577],[141.10197697835497,38.307051198354145],[141.10183535671638,38.307159721344135],[141.10155308740514,38.30692358635446],[141.10164141431983,38.3067876133577]]],[[[141.10214418930298,38.307594198213735],[141.102254111638,38.30766808111713],[141.10214966257695,38.30780780158881],[141.10203111484418,38.307809135283435],[141.10214418930298,38.307594198213735]]],[[[141.1015426327864,38.30958408134035],[141.101607756293,38.30934627900763],[141.10184522677582,38.309277694010405],[141.1017550058889,38.30949225156621],[141.1015426327864,38.30958408134035]]],[[[141.10197810610475,38.310495251954364],[141.10174302242262,38.310469026824194],[141.10177805371427,38.31038686476205],[141.10197810610475,38.310495251954364]]],[[[141.08736296992515,38.31823569432191],[141.08691705637716,38.31800094608684],[141.08692014285043,38.317770666583044],[141.08750416258715,38.317795693816265],[141.08736296992515,38.31823569432191]]],[[[141.0782041366117,38.322869999750765],[141.07768243809414,38.32285172103013],[141.0777931392421,38.3227482522301],[141.07807647155198,38.32269144115713],[141.0782041366117,38.322869999750765]]],[[[141.07081635529062,38.32319361269515],[141.07068632861126,38.32306213540926],[141.07090105074292,38.32262186510707],[141.07138031115255,38.322533387106205],[141.07118630400475,38.32290717142888],[141.07080766514173,38.32291341362321],[141.07081635529062,38.32319361269515]]],[[[141.0718181056211,38.32337283768635],[141.0716386899736,38.32341105437672],[141.0716910251208,38.32312219843078],[141.07189083019773,38.32322522476437],[141.0718181056211,38.32337283768635]]],[[[141.08015163379093,38.32366094629566],[141.07998588783846,38.32338830602555],[141.08032224417627,38.323218387218844],[141.08015163379093,38.32366094629566]]],[[[141.0672795851848,38.32456433327741],[141.06723066116615,38.324646864960926],[141.06688433224622,38.324601252246055],[141.0666474454233,38.32445574823424],[141.0672795851848,38.32456433327741]]],[[[141.0751134113549,38.32795158569718],[141.0732139172885,38.32689477527373],[141.06930922194306,38.327006468373895],[141.06792197092227,38.324200667227046],[141.0736630612014,38.32661444130349],[141.0751134113549,38.32795158569718]]],[[[141.0761346167193,38.32820983771387],[141.07597411201573,38.32798953169157],[141.07627810624967,38.32781535999095],[141.0764788592121,38.32796333264173],[141.0761346167193,38.32820983771387]]],[[[141.07011836626964,38.32906383842544],[141.070965161613,38.32898146772061],[141.07079968905452,38.329166693887885],[141.07011836626964,38.32906383842544]]],[[[141.06958588757868,38.330139666812215],[141.0693476391823,38.329860305908426],[141.06954547294526,38.329774774985935],[141.06958588757868,38.330139666812215]]],[[[141.0705746948663,38.33095069431914],[141.0705043840701,38.331097532025524],[141.07038542174985,38.33092089168588],[141.0705746948663,38.33095069431914]]],[[[141.0550122182393,38.34382138674766],[141.0550280544013,38.343953613168765],[141.0549127757041,38.3440758382294],[141.0548216725822,38.34391472108757],[141.0550122182393,38.34382138674766]]],[[[141.05369661530665,38.34461553218114],[141.05284347614554,38.34482300038121],[141.05185099872472,38.34405397301248],[141.05247167302934,38.343613774656035],[141.05369661530665,38.34461553218114]]],[[[141.05479330706555,38.345078972616534],[141.05467972808708,38.344629972595214],[141.0551430866842,38.34456297310277],[141.05479330706555,38.345078972616534]]],[[[141.0631274188953,38.34497186515949],[141.06320863756866,38.34525569389518],[141.06287177671118,38.34520319776942],[141.06268739320865,38.34495991856545],[141.0631274188953,38.34497186515949]]],[[[141.0606095590839,38.346222973211695],[141.06077749668418,38.346477531712765],[141.0604705319895,38.34643444069695],[141.0606095590839,38.346222973211695]]],[[[141.0457720493407,38.34646955922284],[141.04583977998197,38.34670727881792],[141.0456199479023,38.34680489213213],[141.04552834026072,38.34653936010346],[141.0457720493407,38.34646955922284]]],[[[141.06163878100506,38.34710761292604],[141.06135153034893,38.34722691878733],[141.06038693910602,38.34699391883436],[141.06072807983708,38.34684477526622],[141.06110732844047,38.34706530611902],[141.06163878100506,38.34710761292604]]],[[[141.05943394282224,38.34702827923178],[141.05950408634453,38.34729446776555],[141.05927152975732,38.34722508057308],[141.05943394282224,38.34702827923178]]],[[[141.59968717302468,38.38395489210461],[141.59960341106864,38.384123026656425],[141.59951880734718,38.38399041442614],[141.59968717302468,38.38395489210461]]],[[[141.59950588768663,38.38425069441405],[141.59939933870862,38.3842521980805],[141.59937883326666,38.384143864847545],[141.5995324383714,38.38412274786657],[141.59950588768663,38.38425069441405]]],[[[141.60158561578362,38.384983414353144],[141.60093038862658,38.38456894560039],[141.60130654985744,38.38421386537766],[141.60176968902,38.38444344071229],[141.60158561578362,38.384983414353144]]],[[[141.6043503367987,38.38689966728589],[141.60418557740252,38.386703278733364],[141.60451221836422,38.38645030573707],[141.60479771714097,38.38654905399568],[141.6043503367987,38.38689966728589]]],[[[141.60605321658272,38.39202922486891],[141.60176752255313,38.38942008117186],[141.60303496768972,38.38751322525519],[141.60638530473807,38.389147639651924],[141.60605321658272,38.39202922486891]]],[[[141.59082883288443,38.39232463957052],[141.59078725003167,38.392432387344854],[141.59066771664186,38.3924528019553],[141.5906516727366,38.39230686536962],[141.59082883288443,38.39232463957052]]],[[[141.5909237482325,38.39387258595116],[141.5900568872156,38.39351689239072],[141.59054153006764,38.393061505384196],[141.5909237482325,38.39387258595116]]],[[[141.5928255508586,38.394311197903505],[141.59280586290026,38.394791333353396],[141.59230277585254,38.39432538740675],[141.5928255508586,38.394311197903505]]],[[[141.59243583684452,38.39590558617391],[141.59199155556587,38.395096440948066],[141.5925996627443,38.39490069361216],[141.59285583732708,38.39567150523584],[141.59243583684452,38.39590558617391]]],[[[141.5913481706816,38.39637725180876],[141.59121282721026,38.39637594599316],[141.59109885882538,38.39618244066713],[141.59130355441562,38.39616183809841],[141.5915680801029,38.396257972927174],[141.5913481706816,38.39637725180876]]],[[[141.59696861241162,38.39676897310966],[141.59673136226263,38.39680908107431],[141.59677280212316,38.39654744131144],[141.59706138827255,38.39653294603869],[141.59696861241162,38.39676897310966]]],[[[141.59705302187956,38.39679419819373],[141.5968889486661,38.39693219826239],[141.59672221795608,38.39689669392732],[141.59699705616924,38.396784107800386],[141.59705302187956,38.39679419819373]]],[[[141.59720491557448,38.39703258598513],[141.5971419711251,38.397087414052976],[141.59699163415667,38.39699891896498],[141.59709377375873,38.39693644126379],[141.59720491557448,38.39703258598513]]],[[[141.5875391443161,38.39763266671423],[141.58742674434882,38.397317171050645],[141.5876886638008,38.39742386481953],[141.5875391443161,38.39763266671423]]],[[[141.59995180303338,38.39773602669635],[141.59946061041887,38.397513639642796],[141.59982269815907,38.397392080979785],[141.59995180303338,38.39773602669635]]],[[[141.58780654963266,38.397663838115704],[141.58782827455525,38.398003360067094],[141.58755756243158,38.397676532046376],[141.58780654963266,38.397663838115704]]],[[[141.58765775590075,38.39832672120127],[141.58728968856838,38.398108170655576],[141.58754655023313,38.39803886530143],[141.5877945778575,38.398207721109486],[141.58765775590075,38.39832672120127]]],[[[141.58883516181334,38.40023722476815],[141.5876826068669,38.399541386925534],[141.58851530533718,38.39935719767658],[141.58883516181334,38.40023722476815]]],[[[141.60235185525403,38.4003770000985],[141.60214786023562,38.40021525163263],[141.60233586261006,38.400033027402344],[141.60253807966876,38.400176667119524],[141.60235185525403,38.4003770000985]]],[[[141.58849491590775,38.40053338680639],[141.58830053194401,38.40039077501433],[141.5882591964048,38.400293918929265],[141.58846674374524,38.40029133337839],[141.58844250341883,38.40044813467375],[141.58849491590775,38.40053338680639]]],[[[141.59226306089158,38.40116855908178],[141.59209713417545,38.40110153171037],[141.5922288587749,38.40103155905928],[141.59226306089158,38.40116855908178]]],[[[141.59873919585732,38.4012760811263],[141.5979021140913,38.40083530630437],[141.59846238722946,38.399887838153234],[141.5994055251449,38.400885946229494],[141.59873919585732,38.4012760811263]]],[[[141.5996856936399,38.40127880157547],[141.59922000040274,38.401172748123884],[141.599512308846,38.400956972886036],[141.5996856936399,38.40127880157547]]],[[[141.60068924801044,38.401434693656256],[141.60059641998885,38.401188441293584],[141.60112508375562,38.40133580240541],[141.60097185456755,38.40153789176037],[141.60068924801044,38.401434693656256]]],[[[141.59207160781853,38.40161683784686],[141.59175610855766,38.401522026820146],[141.5920145269489,38.40119322478756],[141.59226927430768,38.40137138678011],[141.59207160781853,38.40161683784686]]],[[[141.57924413680757,38.40163286466503],[141.57887496780563,38.401102504776816],[141.5791507260252,38.4010312793701],[141.57924413680757,38.40163286466503]]],[[[141.57975199655743,38.40208738742302],[141.57916972780072,38.401822359914036],[141.57954916975848,38.40172264038762],[141.57975199655743,38.40208738742302]]],[[[141.57932461713744,38.401998225038085],[141.57943386498096,38.40206789191973],[141.579361996559,38.40217105405094],[141.5792609730156,38.40205555861718],[141.57932461713744,38.401998225038085]]],[[[141.59921427981521,38.40217246778519],[141.59871535662842,38.4018810271877],[141.5990520232324,38.40122486473575],[141.59941566769896,38.4014551981989],[141.59910202284016,38.401798775193356],[141.59921427981521,38.40217246778519]]],[[[141.5506711672407,38.402613134688465],[141.5502221402396,38.40241741433226],[141.55069302166567,38.40226517080106],[141.5506711672407,38.402613134688465]]],[[[141.58507966309605,38.40267022455129],[141.58454328134746,38.40256130585965],[141.58400730159576,38.40211410807967],[141.58445172496715,38.402022054374356],[141.58507966309605,38.40267022455129]]],[[[141.59255002556324,38.40257566713336],[141.59417596564833,38.40024438696895],[141.59126927405782,38.40064153208107],[141.5894718026816,38.39823494628581],[141.59328094685827,38.395720919384985],[141.59525036321372,38.39723900017975],[141.59933180322025,38.39767474779143],[141.59255002556324,38.40257566713336]]],[[[141.55282425393625,38.40288627857893],[141.55252924842614,38.402717802284826],[141.55289632920233,38.402559332747046],[141.55282425393625,38.40288627857893]]],[[[141.5967675231028,38.40271810805427],[141.59705199665234,38.402887170706435],[141.59694596568386,38.402985332607045],[141.5967675231028,38.40271810805427]]],[[[141.5927856155638,38.402978945621896],[141.59287894900433,38.40307797267036],[141.5927491048874,38.403188838394215],[141.59268533126306,38.4031219459211],[141.5927856155638,38.402978945621896]]],[[[141.5483403628175,38.403799864772],[141.54810374758995,38.40374591893908],[141.5482179120271,38.40355017070385],[141.54832658880105,38.40361994640347],[141.5483403628175,38.403799864772]]],[[[141.54929564158067,38.404617504993894],[141.54855997366394,38.40381277543929],[141.54993204862524,38.40271119766368],[141.5503686640826,38.40392055918653],[141.54929564158067,38.404617504993894]]],[[[141.5831742281082,38.40466819797899],[141.5825352786802,38.404472170953966],[141.57984444866247,38.4006557476647],[141.58064938955772,38.399909413788464],[141.58217094713154,38.40225405428123],[141.5839094679477,38.403979748066945],[141.5831742281082,38.40466819797899]]],[[[141.55469046679173,38.4044544138402],[141.55444144002047,38.40469417129901],[141.55436199660892,38.404385720924324],[141.55469046679173,38.4044544138402]]],[[[141.58419197108265,38.40485861323447],[141.5840816989113,38.404844721406846],[141.58400481227238,38.404673693736015],[141.58406686099693,38.40463850506302],[141.58419197108265,38.40485861323447]]],[[[141.54908224415033,38.40465530619747],[141.54881800264877,38.404621694035995],[141.5487630612663,38.404400558838745],[141.54886839166306,38.404284693783666],[141.5490962780708,38.40453502726973],[141.54908224415033,38.40465530619747]]],[[[141.55190422769806,38.40484417102175],[141.55177878126585,38.404811945614824],[141.55166204926422,38.404646721269216],[141.5519637996897,38.40467577476727],[141.55190422769806,38.40484417102175]]],[[[141.5496787545709,38.40515374824696],[141.54947868958993,38.40512702669099],[141.5495925293718,38.404919586369886],[141.5496787545709,38.40515374824696]]],[[[141.58350555094046,38.405531774671715],[141.5831796887917,38.405241972638976],[141.583515499241,38.40524217138915],[141.58350555094046,38.405531774671715]]],[[[141.55338111504648,38.405665666637276],[141.5535647727961,38.40597880158049],[141.55341144018587,38.40598802682604],[141.55338111504648,38.405665666637276]]],[[[141.554249273785,38.406211720594456],[141.55232713389023,38.404817775020376],[141.55190861189294,38.40358577486364],[141.55352544724167,38.40278663999152],[141.554249273785,38.406211720594456]]],[[[141.55459722418266,38.406406973303206],[141.55445014275995,38.406387693637214],[141.55444839177994,38.40627102728615],[141.55461202342622,38.40626102682501],[141.55459722418266,38.406406973303206]]],[[[141.552721672767,38.406501027100774],[141.55261070002382,38.40640558564934],[141.55256413672555,38.406213612768056],[141.55270747067334,38.40620180197163],[141.552721672767,38.406501027100774]]],[[[141.5537262002041,38.40633241410967],[141.55406221839678,38.40654855896889],[141.55388092136752,38.406626081428556],[141.5537262002041,38.40633241410967]]],[[[141.5525236960118,38.4069391075538],[141.55227228333922,38.40699902668376],[141.55234810608033,38.40679494622981],[141.5525236960118,38.4069391075538]]],[[[141.50669871597302,38.408377693675675],[141.50686778222246,38.40863069365162],[141.5067933849068,38.40864680230811],[141.50669871597302,38.408377693675675]]],[[[141.48990992200538,38.40865036002617],[141.4895584183863,38.40831150537173],[141.48959508374617,38.40829002686331],[141.48990992200538,38.40865036002617]]],[[[141.50751481205896,38.408935559328654],[141.5076064718612,38.40916594585178],[141.50745588757923,38.40910222528754],[141.50751481205896,38.408935559328654]]],[[[141.50631444915257,38.409549972553236],[141.5062204151401,38.40858317077675],[141.50725863837556,38.40889638665897],[141.50631444915257,38.409549972553236]]],[[[141.47431430626034,38.41121850542976],[141.47441299606294,38.41134889183792],[141.47423119271548,38.41133925200495],[141.47431430626034,38.41121850542976]]],[[[141.49550924765367,38.411487802020474],[141.4956850579191,38.41166619783684],[141.49548800296907,38.41164289190601],[141.49550924765367,38.411487802020474]]],[[[141.49297277637254,38.41257710764745],[141.49283527902492,38.4125789728414],[141.4927484701658,38.41240133335492],[141.49291438429145,38.41245141390169],[141.49297277637254,38.41257710764745]]],[[[141.49028649782372,38.41312619771588],[141.49041719809532,38.41339736039993],[141.49024800324287,38.41334091894828],[141.49028649782372,38.41312619771588]]],[[[141.4918276911951,38.41329358583039],[141.49167535683227,38.41295072109898],[141.49186705631962,38.41282325209147],[141.492015862642,38.41328550542181],[141.4918276911951,38.41329358583039]]],[[[141.52970486408822,38.41369935993754],[141.52971652379858,38.41377064020293],[141.52957413683703,38.41385889157465],[141.52959338502671,38.41368208126312],[141.52970486408822,38.41369935993754]]],[[[141.4860070298007,38.414087440782794],[141.48577963712057,38.41392310766531],[141.4858839431895,38.41388297272107],[141.4860070298007,38.414087440782794]]],[[[141.48640477296192,38.41452605363452],[141.48613260663456,38.414348999606716],[141.48610350187516,38.41414205391271],[141.48640477296192,38.41452605363452]]],[[[141.5037362259461,38.41465613517255],[141.50360703024035,38.4146541710532],[141.50354883331204,38.41450361285149],[141.50368031059793,38.41451644078114],[141.5037362259461,38.41465613517255]]],[[[141.47141717266447,38.4150819731546],[141.47129389090037,38.415164720675364],[141.47115994767353,38.41501464001368],[141.47131717344882,38.414987838418085],[141.47141717266447,38.4150819731546]]],[[[141.5026276388545,38.416023252171385],[141.5024341632061,38.416028053651814],[141.50236878069472,38.415730946426095],[141.5026276388545,38.416023252171385]]],[[[141.4746483009784,38.42021989173469],[141.47456863813215,38.42033025203955],[141.47447282705934,38.420295000414],[141.47455228306148,38.42018772118644],[141.4746483009784,38.42021989173469]]],[[[141.4730668872271,38.42378805357589],[141.47299033693457,38.42396641431861],[141.4729018292561,38.42381302684976],[141.4730668872271,38.42378805357589]]],[[[141.59637897461005,38.42409330596138],[141.59605717290026,38.42419089229588],[141.5958910249509,38.4240748653628],[141.59625099928428,38.42395574835916],[141.59637897461005,38.42409330596138]]],[[[141.59690085569002,38.424375225436336],[141.59639916978597,38.424269225044725],[141.59647741889785,38.424141306376214],[141.59709108928246,38.424190838336585],[141.59690085569002,38.424375225436336]]],[[[141.59323739269155,38.424392747827085],[141.59331147884177,38.42271866703288],[141.59545089494293,38.42275550506258],[141.59471472070788,38.424007107741886],[141.59323739269155,38.424392747827085]]],[[[141.59566630415668,38.42437641434009],[141.59568058359207,38.4244929188132],[141.5955678859492,38.42455897311817],[141.5955083013671,38.424436359550384],[141.59566630415668,38.42437641434009]]],[[[141.47207577227914,38.4255297750791],[141.4721040595548,38.425361946296846],[141.47225267162355,38.42547266722988],[141.47207577227914,38.4255297750791]]],[[[141.49479294393927,38.43608977462344],[141.4950490267912,38.43628727923459],[141.49483105091235,38.43631164007019],[141.49479294393927,38.43608977462344]]],[[[141.48689383867975,38.43725641385248],[141.48649616116893,38.43690446776702],[141.48679024577325,38.43655505417246],[141.48704199659096,38.43689583787267],[141.48689383867975,38.43725641385248]]],[[[141.45794878091158,38.43728383777892],[141.45795549884724,38.43716017110506],[141.45807713395266,38.43708033289113],[141.4581452791814,38.43721230570338],[141.45794878091158,38.43728383777892]]],[[[141.52760863792832,38.43703538657388],[141.52779094669495,38.437151891946314],[141.5277329701006,38.43730430634872],[141.52751527930673,38.43715630581892],[141.52760863792832,38.43703538657388]]],[[[141.486174163407,38.437579170642266],[141.48608564223866,38.43714774787031],[141.48636477291598,38.43699458613128],[141.48659771711107,38.43737094611231],[141.486174163407,38.437579170642266]]],[[[141.5299960052115,38.437678838008026],[141.5297466411946,38.437621386617764],[141.52978603060092,38.43751338703322],[141.5299960052115,38.437678838008026]]],[[[141.53148783389645,38.43790291938427],[141.5313062517822,38.437889945764425],[141.53118144027133,38.437786919430835],[141.53130316530894,38.43774672063472],[141.5314526982835,38.437823135129634],[141.53148783389645,38.43790291938427]]],[[[141.5309674187115,38.438185134736216],[141.53050435778994,38.43778741405794],[141.53084722432004,38.43755122510902],[141.5309674187115,38.438185134736216]]],[[[141.5310303892411,38.43824233341701],[141.53107966309608,38.438174558708965],[141.53130396930283,38.43810302663343],[141.53137654998784,38.43827730625276],[141.53119169883792,38.438196135243516],[141.5310303892411,38.43824233341701]]],[[[141.52092167309684,38.438385775283336],[141.5204308950698,38.43813766671997],[141.52081116710178,38.43791874835159],[141.52092167309684,38.438385775283336]]],[[[141.52149228304245,38.4385488376588],[141.52140544720373,38.438898360071335],[141.52118238655794,38.43867822492018],[141.52149228304245,38.4385488376588]]],[[[141.5227339949779,38.4389829997657],[141.52251119333698,38.439163586330494],[141.5224578599424,38.438856332953435],[141.5227339949779,38.4389829997657]]],[[[141.52197450132223,38.439606586075115],[141.52181938985302,38.43943677518706],[141.52202552525785,38.43931005441556],[141.5222084176844,38.439558440869405],[141.52197450132223,38.439606586075115]]],[[[141.52037719834914,38.4399419189844],[141.52073328131598,38.43901969390379],[141.5215147472079,38.43974497285228],[141.52037719834914,38.4399419189844]]],[[[141.50208661480553,38.44066389202504],[141.5015860827316,38.440586386652456],[141.501747419308,38.44034030606031],[141.50208661480553,38.44066389202504]]],[[[141.53251177679715,38.441218747647156],[141.53241335858968,38.441239973446045],[141.5322542280502,38.44104802664515],[141.53242933864317,38.44103022456528],[141.53251177679715,38.441218747647156]]],[[[141.53207477283252,38.44108730633417],[141.53182144010748,38.44108313527852],[141.53158527903747,38.44076633290001],[141.5319104406144,38.44083277481275],[141.53207477283252,38.44108730633417]]],[[[141.54517669265033,38.44180377462453],[141.54512180342851,38.4418821352524],[141.5449221143641,38.441726666752345],[141.54520797736632,38.441650972614354],[141.54517669265033,38.44180377462453]]],[[[141.54367758755063,38.44236894636981],[141.54373732771558,38.44222289197296],[141.5438768611283,38.44234069416774],[141.54367758755063,38.44236894636981]]],[[[141.54313379988503,38.44266269372838],[141.5427369776295,38.442484359965306],[141.54277516194418,38.44198646830091],[141.54329583703327,38.442478838127954],[141.54313379988503,38.44266269372838]]],[[[141.5180401427384,38.44267235964173],[141.51784158232329,38.442570999751865],[141.51802066072503,38.4424904142013],[141.5180401427384,38.44267235964173]]],[[[141.51846224403744,38.442972892385114],[141.51822972791967,38.44267189199428],[141.5186403889429,38.44266858608643],[141.51846224403744,38.442972892385114]]],[[[141.53391027204145,38.443117224580305],[141.53374513582946,38.44302722492654],[141.53385722373196,38.44296113464867],[141.53391027204145,38.443117224580305]]],[[[141.543463605561,38.443175586084465],[141.5432240342618,38.44315864015914],[141.54325866355657,38.442976720799095],[141.543463605561,38.443175586084465]]],[[[141.54142383883914,38.44383280164254],[141.54103345033354,38.44384508098574],[141.5409225027713,38.44321853230946],[141.5412437738811,38.44314458555425],[141.54142383883914,38.44383280164254]]],[[[141.46185219202516,38.44270417136045],[141.46134358044196,38.44322053240171],[141.46129593975593,38.44321005440054],[141.46181591427307,38.44268210829273],[141.46185219202516,38.44270417136045]]],[[[141.54263422828706,38.444089747843634],[141.542257977124,38.44344100030196],[141.54280477302189,38.443408225409314],[141.54263422828706,38.444089747843634]]],[[[141.5415734761351,38.44417533272548],[141.5413553311837,38.444171801987125],[141.54109403406244,38.44405427858214],[141.54110586284537,38.4439430270491],[141.54148341083078,38.4440098646636],[141.5415734761351,38.44417533272548]]],[[[141.5417338000749,38.44443872077039],[141.54155944221452,38.44427641382549],[141.54172525291813,38.444232999953044],[141.5417338000749,38.44443872077039]]],[[[141.54036121879528,38.444632414054695],[141.5402766933148,38.44465644124182],[141.54019243763094,38.44447505428036],[141.54026933865907,38.44446666720296],[141.54036121879528,38.444632414054695]]],[[[141.54302992189344,38.44472277523596],[141.54288430636575,38.4445930273464],[141.54287243801264,38.44436344121988],[141.54319620024455,38.44451789168738],[141.54302992189344,38.44472277523596]]],[[[141.53527756171013,38.444639468336845],[141.53524367075886,38.44477074777183],[141.53512167322674,38.44468913519546],[141.53527756171013,38.444639468336845]]],[[[141.53933856012657,38.44456110770898],[141.53906958459368,38.44438658617207],[141.53916472117498,38.44428422533679],[141.53933856012657,38.44456110770898]]],[[[141.53917335916321,38.44498391857303],[141.53900027204497,38.44495027943191],[141.53877033698154,38.444569748395224],[141.53887355397137,38.44449938723699],[141.53917335916321,38.44498391857303]]],[[[141.53891230935562,38.44504413537862],[141.53878418923898,38.445040413983975],[141.53872141386228,38.44495789219303],[141.538771310048,38.44484722521935],[141.53891230935562,38.44504413537862]]],[[[141.53839900061348,38.44506010823744],[141.53834252858485,38.44508450504594],[141.53823044068236,38.444903720630236],[141.53836355383498,38.44490246787467],[141.53839900061348,38.44506010823744]]],[[[141.5058584443118,38.445652694016644],[141.5056051880291,38.44542258628337],[141.5058456163822,38.445381224663834],[141.5058584443118,38.445652694016644]]],[[[141.53480669287467,38.44602072087963],[141.5345640863635,38.445881000407894],[141.534910584356,38.44585253236852],[141.53480669287467,38.44602072087963]]],[[[141.5351553573339,38.446405666688236],[141.53492771734034,38.44642919834888],[141.53497871609488,38.4462865586778],[141.5351553573339,38.446405666688236]]],[[[141.53105472129846,38.449028468389145],[141.53097121924645,38.448815332661525],[141.5313074451825,38.44883550535434],[141.53130635520415,38.44902091858057],[141.53105472129846,38.449028468389145]]],[[[141.51330189366752,38.449101837779665],[141.51329635474303,38.449256837732946],[141.51317885921708,38.44931074759296],[141.5131563294011,38.44913069432613],[141.51330189366752,38.449101837779665]]],[[[141.51315252886616,38.44934802718973],[141.51247883323163,38.449488333120144],[141.51250394320243,38.449100801760665],[141.51315252886616,38.44934802718973]]],[[[141.53138044135437,38.45007646815452],[141.53119756241767,38.45001286540145],[141.53130061033494,38.44982738742402],[141.531457885573,38.44998013457558],[141.53138044135437,38.45007646815452]]],[[[141.53102625235977,38.45016497313503],[141.53088208833776,38.45020627899663],[141.5308613877429,38.45008172109459],[141.5310161610671,38.45002089185073],[141.53102625235977,38.45016497313503]]],[[[141.5155972243325,38.450638198194326],[141.51570841830892,38.450740891778764],[141.51556953330737,38.45077458577856],[141.5155972243325,38.450638198194326]]],[[[141.50156847040864,38.451395666576786],[141.50168961088684,38.45166074804513],[141.50137814508537,38.45159025198859],[141.50156847040864,38.451395666576786]]],[[[141.50123824924583,38.45236108069935],[141.5014241373142,38.45258058632504],[141.50133494165425,38.45270927930983],[141.50118741866447,38.45249119821028],[141.50123824924583,38.45236108069935]]],[[[141.53469150500905,38.45353017058096],[141.53442596578577,38.45336994556658],[141.53470622601162,38.453274837763615],[141.53469150500905,38.45353017058096]]],[[[141.53492647177927,38.45346883771674],[141.53485338477594,38.45365955874172],[141.5347540600519,38.453589694009224],[141.53492647177927,38.45346883771674]]],[[[141.5341880798161,38.45392074794421],[141.53419092077445,38.45402372121782],[141.5340440596857,38.45403944136717],[141.5340671335914,38.453854531761294],[141.5341880798161,38.45392074794421]]],[[[141.53358394314455,38.45414725209406],[141.53326263336385,38.45377527900598],[141.5333607520971,38.45360100028597],[141.53361272414793,38.45387572068802],[141.53358394314455,38.45414725209406]]],[[[141.5332166150548,38.45434791872151],[141.5326027504167,38.45386255910989],[141.53299586296873,38.45366283766987],[141.5332166150548,38.45434791872151]]],[[[141.5336270557441,38.45433925195499],[141.5333954731226,38.454336946093235],[141.53343352793502,38.45418427898136],[141.5336270557441,38.45433925195499]]],[[[141.5310716078685,38.454587305659686],[141.5309098306243,38.45453989160279],[141.53083992182496,38.454313359573916],[141.53119719819222,38.45438825241598],[141.5310716078685,38.454587305659686]]],[[[141.53169221832127,38.45480027861004],[141.5315160312399,38.4548600808281],[141.53146888518097,38.45474800012016],[141.53130778242826,38.45467555883005],[141.53146255485308,38.45457741401651],[141.53155291783298,38.45474119764822],[141.53169221832127,38.45480027861004]]],[[[141.52994744541832,38.455032945813855],[141.52970046730275,38.45487141408455],[141.5297594421446,38.454830252114505],[141.52994744541832,38.455032945813855]]],[[[141.5150753567424,38.45963202659681],[141.5131059655679,38.45872217079159],[141.5141646951446,38.45820917141617],[141.5154038386163,38.45880061325772],[141.5150753567424,38.45963202659681]]],[[[141.52564797737227,38.46011986474002],[141.52540725044435,38.46009597335052],[141.52540099925682,38.45994725156447],[141.52558464261722,38.45990572087237],[141.52564797737227,38.46011986474002]]],[[[141.5248998574425,38.46037041406339],[141.5250472239503,38.46043208057608],[141.5249027757426,38.46052022492847],[141.5248998574425,38.46037041406339]]],[[[141.49998771675973,38.461063586315504],[141.5000883661852,38.46109419833863],[141.5001580537512,38.461296224741034],[141.49993946813197,38.4611386401362],[141.49998771675973,38.461063586315504]]],[[[141.49975549921703,38.461516278953184],[141.499647004106,38.46151817112673],[141.4995602456089,38.46141702707422],[141.49970450136175,38.46136736021555],[141.49975549921703,38.461516278953184]]],[[[141.51437111473524,38.46262597311022],[141.51413199669435,38.46286158559377],[141.51395158190007,38.46261183756633],[141.51437111473524,38.46262597311022]]],[[[141.5260028021877,38.46341230613308],[141.52546875507903,38.46300717144385],[141.52565557664366,38.46250891915133],[141.5262231127066,38.462568440780956],[141.5260028021877,38.46341230613308]]],[[[141.5251789107782,38.46372177543964],[141.5252442537194,38.463820027272504],[141.52502033691906,38.46389083809174],[141.5250331909291,38.463616775094124],[141.5251789107782,38.46372177543964]]],[[[141.52404466872656,38.46399108102361],[141.52351007842742,38.463424224848154],[141.5242298310419,38.46341627933788],[141.52404466872656,38.46399108102361]]],[[[141.522640660638,38.464058279266226],[141.52242024579778,38.463882441121825],[141.52274319144522,38.46374100024701],[141.522640660638,38.464058279266226]]],[[[141.5228687161184,38.46455264019227],[141.52275155603957,38.46436619814159],[141.52296089482945,38.46410044128237],[141.52304749684458,38.464340505410064],[141.5228687161184,38.46455264019227]]],[[[141.52560319113445,38.464783999781844],[141.52562900077783,38.464919333360626],[141.52553355393047,38.46495666691669],[141.5254586116257,38.46484900008136],[141.52560319113445,38.464783999781844]]],[[[141.52636530541463,38.464673080997954],[141.52620705621075,38.465130081388224],[141.5259345778186,38.465167558835844],[141.52592128404012,38.46466408058291],[141.52636530541463,38.464673080997954]]],[[[141.51791533122764,38.46558019836749],[141.5162979508898,38.458671440934324],[141.5193652272235,38.4565763326317],[141.51674155587818,38.44970644119934],[141.5185784436403,38.448814613203865],[141.5185853045682,38.44313163981337],[141.52161386508783,38.44150861263245],[141.5303461346665,38.440452332808945],[141.53467561578714,38.445295081303016],[141.5294521662845,38.45020561259901],[141.53091708185787,38.45372197259104],[141.52543341082333,38.454788946252904],[141.52692944204023,38.45771183823081],[141.5258726981665,38.4592944408858],[141.52425316485176,38.46103219817746],[141.52354639395094,38.461438531662964],[141.52256258059867,38.46370350481294],[141.51791533122764,38.46558019836749]]],[[[141.51492610885293,38.465908612792305],[141.5142368351619,38.46606633319476],[141.5140528923272,38.465759360406196],[141.51483778193813,38.465714171272055],[141.51492610885293,38.465908612792305]]],[[[141.51765652432925,38.46688391855804],[141.5176638394147,38.46701413499437],[141.51752966326342,38.46699122476525],[141.51750525296507,38.466905054424785],[141.51765652432925,38.46688391855804]]],[[[141.51699800295557,38.46704613467142],[141.51677983102445,38.46690063965286],[141.51692494203246,38.46678313513365],[141.51699800295557,38.46704613467142]]],[[[141.5174870560828,38.4678559193153],[141.51711510997438,38.46756708135575],[141.51759347555856,38.467123107645364],[141.51776674433984,38.467743027418805],[141.5174870560828,38.4678559193153]]],[[[141.5179693642948,38.467996612853426],[141.51777211419176,38.46795722524581],[141.51768586291234,38.46779233275004],[141.517861414173,38.46775527888309],[141.5179693642948,38.467996612853426]]],[[[141.51766652389108,38.46802641368811],[141.51738902728187,38.46799650493483],[141.51750350198506,38.467872775308365],[141.51766652389108,38.46802641368811]]],[[[141.51638044120443,38.468016720795106],[141.51656975389108,38.46825697288102],[141.5165309994062,38.46830610824037],[141.51634883273255,38.468041667089324],[141.51638044120443,38.468016720795106]]],[[[141.51612319103253,38.46839508086833],[141.51626150496452,38.4684892245981],[141.51614833967415,38.46856908079849],[141.51612319103253,38.46839508086833]]],[[[141.4946360050477,38.47420546840772],[141.4945929958701,38.47380191922326],[141.49493756211882,38.47397097288217],[141.4946360050477,38.47420546840772]]],[[[141.5287463936312,38.63330608111079],[141.52869591378544,38.63322900021825],[141.52899891067125,38.63314602696761],[141.52888389097882,38.63329633335917],[141.5287463936312,38.63330608111079]]],[[[141.5300671982427,38.6355058021511],[141.52990763872663,38.63549369367905],[141.5300245011299,38.635367053846494],[141.53017608276002,38.63539910838222],[141.5300671982427,38.6355058021511]]],[[[141.5298744753269,38.636590026608474],[141.52996158186158,38.636141225337326],[141.5301795325595,38.636492252315634],[141.5298744753269,38.636590026608474]]],[[[141.52894044124844,38.636997027390976],[141.5290068345978,38.637044386589196],[141.52892852073467,38.63715474779343],[141.52883900131894,38.63708953165661],[141.52894044124844,38.636997027390976]]],[[[141.53019258082304,38.63697353170318],[141.52991486387998,38.636941135425104],[141.53021347567142,38.63662863989987],[141.53019258082304,38.63697353170318]]],[[[141.5264565893002,38.63761141363591],[141.52623955860884,38.63758044098461],[141.52629503238995,38.63747364019639],[141.5265630609366,38.6374784407775],[141.5264565893002,38.63761141363591]]],[[[141.5211529175732,38.63794353236818],[141.52125252918097,38.63797005427466],[141.52127736665716,38.63806919823497],[141.5210751100284,38.638034333317876],[141.5211529175732,38.63794353236818]]],[[[141.52078678288376,38.63835810814021],[141.5206850839495,38.63820844116668],[141.52074927395984,38.638088612799265],[141.52087263306566,38.63830444109715],[141.52078678288376,38.63835810814021]]],[[[141.52777730218077,38.63837341370214],[141.52762364491537,38.63836486474679],[141.52760632936872,38.63819091877593],[141.52777027218042,38.63826317120845],[141.52777730218077,38.63837341370214]]],[[[141.52981761299247,38.63879569396613],[141.5294340602337,38.63836789186479],[141.53093785979445,38.63750108120996],[141.53177338483385,38.63784338656308],[141.52981761299247,38.63879569396613]]],[[[141.53010708227612,38.63943650499078],[141.53005194574075,38.63937908058017],[141.53010544730864,38.63920838655787],[141.53017933920523,38.63922263991293],[141.53010708227612,38.63943650499078]]],[[[141.53051885935793,38.63931630610267],[141.53051128436834,38.63944777529463],[141.5304096627758,38.63948722495553],[141.53041150458728,38.63926133324401],[141.53051885935793,38.63931630610267]]],[[[141.50908591418363,38.63942386501941],[141.50889769057608,38.63936891914034],[141.50899841824253,38.63927030578003],[141.50908591418363,38.63942386501941]]],[[[141.51907053197954,38.63985955867173],[141.5189264201183,38.63982725232586],[141.51898630417463,38.63969958636687],[141.51910775581837,38.6397521076737],[141.51907053197954,38.63985955867173]]],[[[141.51851933929618,38.64015619825],[141.51833338467804,38.64019277457692],[141.51828775577542,38.64005746797784],[141.51853730235473,38.640087359643985],[141.51851933929618,38.64015619825]]],[[[141.503187055838,38.64158817075753],[141.50300213993683,38.641603080617756],[141.502920830432,38.64149346764947],[141.50306338466748,38.64144544115425],[141.503187055838,38.64158817075753]]],[[[141.50268316479628,38.641878613107565],[141.50254211422725,38.64180555937912],[141.5027245776772,38.64167530607057],[141.5028523092867,38.64184522487727],[141.50268316479628,38.641878613107565]]],[[[141.50432605710193,38.64288641407683],[141.50406247660203,38.64284277537382],[141.50419535683034,38.64258319775644],[141.50440569386774,38.64274353158879],[141.50432605710193,38.64288641407683]]],[[[141.5046223351527,38.64326058600727],[141.50430705622568,38.643103999649895],[141.50451817117676,38.64276883761181],[141.50483316501857,38.64303072109095],[141.5046223351527,38.64326058600727]]],[[[141.50509121918446,38.64334194587417],[141.50494705606184,38.643442053907734],[141.50479527927882,38.64333858600702],[141.5048303366508,38.643155865350934],[141.50491958537066,38.64315717116659],[141.50493486395283,38.643303918940774],[141.50509121918446,38.64334194587417]]],[[[141.50555577208127,38.64356558568329],[141.50571000041623,38.643781531792285],[141.50560141357448,38.64399827919726],[141.50538822298813,38.64385194601056],[141.50555577208127,38.64356558568329]]],[[[141.46167411187082,38.64469374831788],[141.46030674396116,38.644826748155936],[141.4603004154319,38.64478653227269],[141.4616677824423,38.64465350455566],[141.46167411187082,38.64469374831788]]],[[[141.52973885936092,38.64691953171109],[141.52983930014364,38.64661505364188],[141.5300288853249,38.64653491865164],[141.52999464273864,38.64687694611422],[141.52973885936092,38.64691953171109]]],[[[141.52957666662996,38.64685022455825],[141.52945494159235,38.64696122518046],[141.52923442333008,38.64701417096728],[141.52931019480968,38.64679477505888],[141.52957666662996,38.64685022455825]]],[[[141.47993749721775,38.64834594640837],[141.4795527501593,38.64831772118595],[141.47972758825767,38.6478942250385],[141.4802044231957,38.64795591943022],[141.47993749721775,38.64834594640837]]],[[[141.48895108912154,38.65299464009064],[141.48812953325137,38.65067238732087],[141.49056569415154,38.65112719786197],[141.48895108912154,38.65299464009064]]],[[[141.48941328129797,38.652941505446165],[141.4895473926981,38.65309861341035],[141.48946294366,38.65323502707491],[141.48939158155633,38.65304497334688],[141.48941328129797,38.652941505446165]]],[[[141.51345805374626,38.66253638674493],[141.51312972835433,38.662776666709874],[141.51296555081956,38.66242138683759],[141.51345805374626,38.66253638674493]]],[[[141.46157841770992,38.6654769998637],[141.46157167279455,38.66562261269348],[141.46140247704272,38.665632278606836],[141.46147350190063,38.66548955889607],[141.46157841770992,38.6654769998637]]],[[[141.46147243800272,38.666247666696506],[141.46153929989885,38.66632497331892],[141.46138875518693,38.66653477525972],[141.46126786022364,38.66640280244741],[141.46147243800272,38.666247666696506]]],[[[141.46351622559337,38.66789910795751],[141.46326591369098,38.6677648652564],[141.4635673934206,38.66769333318081],[141.46351622559337,38.66789910795751]]],[[[141.46303369614827,38.66878846821328],[141.46286077810248,38.668740919258084],[141.4629978860437,38.66859919779478],[141.4631933590863,38.66874183836518],[141.46303369614827,38.66878846821328]]],[[[141.46332182903927,38.67013133319455],[141.46328396937975,38.670271279396104],[141.4631673282097,38.67020630607624],[141.46332182903927,38.67013133319455]]],[[[141.46388747112996,38.67058125232296],[141.46359024609308,38.67056350510171],[141.46356824867576,38.67041064013898],[141.4638321664214,38.67038002721654],[141.46388747112996,38.67058125232296]]],[[[141.51035946841478,38.67232105377366],[141.51040988261002,38.672535613128105],[141.51032533104922,38.672540170892205],[141.51029713370588,38.67238797322642],[141.51035946841478,38.67232105377366]]],[[[141.51328155639874,38.672978612872726],[141.51296360558604,38.672957666762954],[141.51303744532186,38.67286777502784],[141.51329197144742,38.67286438728172],[141.51328155639874,38.672978612872726]]],[[[141.51299802893595,38.67346394640407],[141.51275114075258,38.673348081348934],[141.51302749702143,38.67310474818561],[141.5133125029697,38.67331030622569],[141.51299802893595,38.67346394640407]]],[[[141.4817058629353,38.67358780193558],[141.4817169129053,38.67351405393049],[141.4819148123188,38.673488198421694],[141.4819783916895,38.6735686400807],[141.4817058629353,38.67358780193558]]],[[[141.49362472100415,38.6733691713502],[141.49350306071779,38.67367500020117],[141.4933883396003,38.67355610802804],[141.49362472100415,38.6733691713502]]],[[[141.49372202315294,38.67350419826022],[141.49372619960445,38.67358397262228],[141.49358155624384,38.67370127929064],[141.49353241189135,38.673632107935475],[141.49372202315294,38.67350419826022]]],[[[141.48185236069799,38.67385402734152],[141.48163605665877,38.673851171094725],[141.48162511011083,38.67375925228771],[141.48182544668703,38.67378797303655],[141.48185236069799,38.67385402734152]]],[[[141.51227158176812,38.673874108303494],[141.51229610897826,38.674037918914905],[141.51207861243813,38.67394494610244],[141.51227158176812,38.673874108303494]]],[[[141.51210717310767,38.674401081344854],[141.51217686067366,38.674187531929135],[141.51253160814724,38.67423350527213],[141.51248321742662,38.6744779194205],[141.51210717310767,38.674401081344854]]],[[[141.51283277581206,38.67484841402313],[141.51261661476508,38.67477797282521],[141.51256708190533,38.67457186529941],[141.51290472067637,38.67466744074983],[141.51283277581206,38.67484841402313]]],[[[141.5121758876072,38.67519213490914],[141.51161588786294,38.67518105436221],[141.51214128439278,38.67504486462883],[141.5121758876072,38.67519213490914]]],[[[141.47384744480382,38.67525986465108],[141.47380108924892,38.675472198183456],[141.473688690181,38.67546225168161],[141.47373805396808,38.67533874778502],[141.47384744480382,38.67525986465108]]],[[[141.50999344973798,38.67607810831811],[141.5100421138526,38.67502413525568],[141.5114628915992,38.67480122479674],[141.51128938989348,38.67577835978352],[141.50999344973798,38.67607810831811]]],[[[141.51074953316447,38.676663198248036],[141.51027238706104,38.6765830003053],[141.51039630374646,38.67637569398312],[141.51078121897808,38.67634319788033],[141.51074953316447,38.676663198248036]]],[[[141.49865219204514,38.68094372117582],[141.49851355435715,38.68089108115851],[141.4984996634288,38.68059577527487],[141.49874744463898,38.68070499973601],[141.49865219204514,38.68094372117582]]],[[[141.51113158225678,38.68564819800599],[141.51095466942252,38.68569246803304],[141.51091328082327,38.68553469367123],[141.5111251619967,38.68553850499808],[141.51113158225678,38.68564819800599]]],[[[141.51121511038912,38.686179612798924],[141.51109204895897,38.68614825164053],[141.51107525322038,38.68585310763484],[141.51120119338043,38.68589744061444],[141.5112720878367,38.68611333276414],[141.51121511038912,38.686179612798924]]],[[[141.51124966324141,38.68626155902376],[141.51120503168693,38.68640280204772],[141.5110514139916,38.68647000029034],[141.51108291814228,38.6862025320213],[141.51124966324141,38.68626155902376]]],[[[141.51398167321577,38.687115891585165],[141.5138500781187,38.687337278592565],[141.5136687163382,38.68710886518204],[141.51398167321577,38.687115891585165]]],[[[141.51353496826425,38.68741658620655],[141.51326355377,38.68725491867963],[141.51331603101005,38.686920279147614],[141.51373435785445,38.68724235964726],[141.51353496826425,38.68741658620655]]],[[[141.51258752259616,38.687552999871116],[141.51243360632589,38.6874332524427],[141.51258214015365,38.687337972869216],[141.51265841795168,38.68750322509379],[141.51258752259616,38.687552999871116]]],[[[141.51281433161614,38.68730113483957],[141.51256588760566,38.68724797321545],[141.51256605667822,38.68703294621355],[141.51279053195753,38.687081279377594],[141.51281433161614,38.68730113483957]]],[[[141.5135615819015,38.68787174838252],[141.51338438398216,38.68788935980615],[141.51337955911947,38.68776605376041],[141.51351046713444,38.6876688019737],[141.5135615819015,38.68787174838252]]],[[[141.51569844392816,38.68860199968259],[141.51545352795802,38.688521531943195],[141.51554399525924,38.68825461315993],[141.51582046664123,38.68841480220141],[141.51569844392816,38.68860199968259]]],[[[141.50132674433382,38.68962669441646],[141.50127713413247,38.689681386686686],[141.50110608307932,38.68953263971957],[141.501247587806,38.68949577471028],[141.50132674433382,38.68962669441646]]],[[[141.51838763897842,38.6917985319767],[141.51801736740765,38.691775000316056],[141.5183986116067,38.691382332928356],[141.51838763897842,38.6917985319767]]],[[[141.5191512191535,38.69263772085418],[141.51867364497275,38.69259422514341],[141.5187140856866,38.69241335978876],[141.51906888532085,38.69246866719527],[141.5191512191535,38.69263772085418]]],[[[141.53926306114147,38.6930988923001],[141.5393277817518,38.69318222527954],[141.5391491700982,38.69338166703034],[141.53908833995501,38.69334361311729],[141.53926306114147,38.6930988923001]]],[[[141.5559266928626,38.694120333286776],[141.55574155572833,38.69393255934017],[141.55584756241512,38.69386341406533],[141.5559266928626,38.694120333286776]]],[[[141.56131564190343,38.69431283766738],[141.56127814467072,38.69423155873949],[141.56146756167868,38.694207305822545],[141.56145124527882,38.69431991892918],[141.56131564190343,38.69431283766738]]],[[[141.5387476389924,38.694246838221034],[141.53822413733417,38.6941295594317],[141.53872661464163,38.69347625232723],[141.53923094725053,38.693945801857296],[141.5387476389924,38.694246838221034]]],[[[141.53655002596304,38.69476141410803],[141.5363856676645,38.69495222506521],[141.5362288070139,38.69481650477792],[141.53639380023378,38.69462119810987],[141.53655002596304,38.69476141410803]]],[[[141.55522571989115,38.69496941380743],[141.55497561573213,38.69490491892691],[141.5551035281054,38.6947750541255],[141.55522571989115,38.69496941380743]]],[[[141.53839839177238,38.69522886462045],[141.53864338508424,38.69528980178296],[141.53858022030101,38.695459359961546],[141.5383023873453,38.69533402684391],[141.53839839177238,38.69522886462045]]],[[[141.53821280227908,38.69548230616357],[141.53769372168802,38.69550119822179],[141.537868975273,38.6952012248567],[141.53821280227908,38.69548230616357]]],[[[141.56161027239625,38.69604766676645],[141.5614430866292,38.69637322494441],[141.5614723352801,38.696025639671575],[141.56161027239625,38.69604766676645]]],[[[141.56430625193207,38.6977414678945],[141.56413330690668,38.697759666575394],[141.5640244754493,38.697672694039625],[141.56402817076355,38.69749294564298],[141.56421477289348,38.697597532300335],[141.56430625193207,38.6977414678945]]],[[[141.51970238665592,38.697903864771604],[141.51956036302045,38.69792217137115],[141.51960814490008,38.6977503603909],[141.51973199683425,38.69776808063244],[141.51970238665592,38.697903864771604]]],[[[141.52021713431338,38.69797244077557],[141.52014878134128,38.69806169399203],[141.5199944747652,38.698045559255206],[141.52011775562994,38.69788141409606],[141.52021713431338,38.69797244077557]]],[[[141.56407016910305,38.69841346830697],[141.56413128433132,38.698567053626675],[141.56395513592088,38.698585999644195],[141.56407016910305,38.69841346830697]]],[[[141.55327202278568,38.69871838704398],[141.5532115047073,38.69864280172396],[141.55372355439863,38.69840372055529],[141.5538722833793,38.69842280237049],[141.55327202278568,38.69871838704398]]],[[[141.5223869394058,38.699173107652825],[141.52215749717084,38.69894877536575],[141.52243297030543,38.69883174838651],[141.5223869394058,38.699173107652825]]],[[[141.52208910462855,38.699751531807806],[141.5221653572455,38.6996248649956],[141.52239182901974,38.699622891882996],[141.52218158191454,38.69975630630853],[141.52208910462855,38.699751531807806]]],[[[141.52150747079315,38.69976072108045],[141.52133211378612,38.69892905413258],[141.52198238657797,38.699136667123526],[141.52150747079315,38.69976072108045]]],[[[141.56545583731713,38.700073332618274],[141.56541944175387,38.70020944141265],[141.5652961087285,38.70011638676192],[141.56545583731713,38.700073332618274]]],[[[141.56684185536744,38.70013305389739],[141.56679469491928,38.70024108136084],[141.5665346946205,38.70007713495187],[141.5665318545615,38.6999819462099],[141.56684185536744,38.70013305389739]]],[[[141.56482739286992,38.70059855917623],[141.5647088073656,38.70051533321612],[141.56477033718136,38.7004388018093],[141.56488852068878,38.700552585833236],[141.56482739286992,38.70059855917623]]],[[[141.55631795101272,38.69989346820904],[141.5562754733345,38.69992246774774],[141.55427136203377,38.69878402676147],[141.5543035541658,38.698749251776576],[141.55631795101272,38.69989346820904]]],[[[141.52222797703962,38.70235186484672],[141.52204282731475,38.702408360257664],[141.52197632874459,38.70231722476018],[141.52206111502846,38.70218977463844],[141.52222797703962,38.70235186484672]]],[[[141.5217421138076,38.70244725233886],[141.5216011405803,38.70232313510468],[141.52170888475735,38.70221861319851],[141.5218508040714,38.7023319187831],[141.5217421138076,38.70244725233886]]],[[[141.56350795073138,38.7029740805894],[141.56330486402828,38.702958332561025],[141.5633825033999,38.70287197336296],[141.56350795073138,38.7029740805894]]],[[[141.52327710815212,38.70412802678703],[141.52317863778399,38.70425480241727],[141.52308294362297,38.70420330633755],[141.5231869133454,38.70408719756614],[141.52327710815212,38.70412802678703]]],[[[141.56498769072937,38.70394455879443],[141.5649867185623,38.70410772099456],[141.56465328142383,38.70425177529927],[141.56463197108872,38.70405625189454],[141.56498769072937,38.70394455879443]]],[[[141.53663272402105,38.70508458618474],[141.5366935280839,38.70516527875469],[141.536621894385,38.70545644056233],[141.53646632875814,38.70536258641431],[141.53663272402105,38.70508458618474]]],[[[141.52455963671798,38.70556546807194],[141.52441483777466,38.705511197583746],[141.5245997275954,38.70533227926131],[141.5246976646656,38.70554699959439],[141.52455963671798,38.70556546807194]]],[[[141.56601924818983,38.70564908074056],[141.56596297041483,38.705609532154256],[141.56612552467334,38.705484973352895],[141.56613274982658,38.705629721034825],[141.56601924818983,38.70564908074056]]],[[[141.53586610863408,38.70523764000512],[141.5359598054008,38.70533069375654],[141.53589077793708,38.70568083760065],[141.53575172476235,38.705521027173745],[141.53586610863408,38.70523764000512]]],[[[141.5356761349458,38.7058916665672],[141.53536538320589,38.70578991906956],[141.53536350182424,38.70547786511145],[141.53560841779426,38.70519919758493],[141.5356761349458,38.7058916665672]]],[[[141.56677236115559,38.70605705369013],[141.56684389143254,38.705778585813164],[141.56704732797186,38.7058721710639],[141.56677236115559,38.70605705369013]]],[[[141.5663497283573,38.70602483817578],[141.56639197131244,38.706391134743114],[141.56618000020694,38.70633777526814],[141.56612383934373,38.7060941983886],[141.5663497283573,38.70602483817578]]],[[[141.53733922242725,38.7062674141099],[141.53736099861123,38.70645883840473],[141.53709321737813,38.706517027239045],[141.53701000041121,38.706344279165194],[141.53733922242725,38.7062674141099]]],[[[141.56684416302778,38.70767380180456],[141.5668771078923,38.707746666675405],[141.56666167259823,38.707815468409194],[141.56671302208838,38.70768958580578],[141.56684416302778,38.70767380180456]]],[[[141.54119949396159,38.70773861324648],[141.54102910480935,38.70782235991402],[141.54089313900727,38.70774425199568],[141.54111919619402,38.70763999988611],[141.54119949396159,38.70773861324648]]],[[[141.5403549424267,38.707944171286556],[141.53965593986982,38.70807966674329],[141.53963674384067,38.708021387077395],[141.54033053212845,38.707868639925834],[141.5403549424267,38.707944171286556]]],[[[141.56647571977874,38.70806205442034],[141.56620483768313,38.708015278882044],[141.56622856000013,38.70793008070871],[141.56639108907757,38.70793466725115],[141.56647571977874,38.70806205442034]]],[[[141.53837855992265,38.708333333116855],[141.53832481194058,38.708283359589416],[141.53925252918089,38.70809335982074],[141.53895341107113,38.708253279065616],[141.53837855992265,38.708333333116855]]],[[[141.52342717262593,38.708795224919754],[141.52329150539867,38.70876033302301],[141.52325863787587,38.70853486489216],[141.5233990526242,38.708573747980154],[141.52342717262593,38.708795224919754]]],[[[141.52631413668814,38.70880653209582],[141.5262062782972,38.70869777528213],[141.52633924755833,38.70850025178527],[141.5265933590963,38.70875172111511],[141.52631413668814,38.70880653209582]]],[[[141.5236125291949,38.70884294564547],[141.52344321743055,38.7088272785561],[141.52355247696528,38.70871953168108],[141.5236125291949,38.70884294564547]]],[[[141.53430555106036,38.70891305409424],[141.53435555066824,38.70872722538121],[141.5345425026345,38.70881722503498],[141.53430555106036,38.70891305409424]]],[[[141.56589647184478,38.70881494615287],[141.5659468869394,38.70891266738573],[141.56573199663444,38.708991919241726],[141.56570092056108,38.708875838349286],[141.56589647184478,38.70881494615287]]],[[[141.5667701686085,38.71049180225492],[141.56684894921966,38.7106837481565],[141.5667270038482,38.710666748271876],[141.5667701686085,38.71049180225492]]],[[[141.5681836960208,38.71112563993637],[141.568310921312,38.71133283833984],[141.5680449684006,38.711358108390016],[141.5681836960208,38.71112563993637]]],[[[141.56685282709634,38.711401360384514],[141.56676875487415,38.711546054107146],[141.56665092120306,38.711491639727456],[141.5667036448574,38.711317360108126],[141.56685282709634,38.711401360384514]]],[[[141.53407791196616,38.71159736042989],[141.5339399478704,38.711678802135054],[141.53385147886274,38.711626802435035],[141.53389063624388,38.71151722543965],[141.53407791196616,38.71159736042989]]],[[[141.56629917027055,38.71187133259599],[141.56619518795765,38.711822774601444],[141.5662044491761,38.71171741362781],[141.56635839242597,38.71177150515092],[141.56629917027055,38.71187133259599]]],[[[141.56567472061192,38.711986414341595],[141.56569102532058,38.712210440859224],[141.56554632890004,38.71219361274507],[141.56567472061192,38.711986414341595]]],[[[141.5658865244436,38.71242653175909],[141.56561946806403,38.712590972795226],[141.56556878137428,38.71245572105471],[141.5657209205841,38.712332252231704],[141.5658865244436,38.71242653175909]]],[[[141.56287819687134,38.71428136009672],[141.56273557698535,38.71408655884767],[141.5628354466986,38.71403422459986],[141.56289863756217,38.71417761340621],[141.56287819687134,38.71428136009672]]],[[[141.56310500589143,38.714603802123804],[141.5630211414126,38.71420441410248],[141.56321116726167,38.714187837798534],[141.56325941588943,38.7144780813984],[141.56310500589143,38.714603802123804]]],[[[141.55991717273935,38.71794830616943],[141.56027994756164,38.71860397309496],[141.56010483786804,38.71866408108252],[141.55991717273935,38.71794830616943]]],[[[141.56112868993716,38.720043559262876],[141.56085408644697,38.71999905361349],[141.56093263323453,38.719816305977815],[141.5611757460639,38.719920558986644],[141.56112868993716,38.720043559262876]]],[[[141.56046758840853,38.720213171400815],[141.56052296955943,38.71999444099072],[141.5606246172324,38.7201174142873],[141.56046758840853,38.720213171400815]]],[[[141.5620610512766,38.72332402708224],[141.56204819726656,38.72317817143551],[141.56218538344876,38.72322522486428],[141.5620610512766,38.72332402708224]]],[[[141.56573946820197,38.724304279119224],[141.56553910464606,38.72445850475623],[141.56536927397292,38.724381279072816],[141.565410751605,38.72422019790389],[141.56573946820197,38.724304279119224]]],[[[141.56301805404007,38.72433758641051],[141.56305791199316,38.724479864554155],[141.56289649807502,38.72451908129062],[141.56301805404007,38.72433758641051]]],[[[141.56702167301182,38.72462833273141],[141.5670794418628,38.724718612973675],[141.5670361089293,38.72484805419441],[141.5668852791324,38.72472972139957],[141.56702167301182,38.72462833273141]]],[[[141.56600730159573,38.724888612719326],[141.5662298829028,38.725037865105435],[141.56613929958905,38.72507789213108],[141.56596619988034,38.725016892016015],[141.56600730159573,38.724888612719326]]],[[[141.567080143334,38.725222972562165],[141.56693007796082,38.72522536026224],[141.5669070040551,38.72504650489236],[141.56711613510163,38.72503066693179],[141.567080143334,38.725222972562165]]],[[[141.56728338472044,38.72808174827412],[141.56710703036526,38.72797458595841],[141.56715282744108,38.72782041428076],[141.56728338472044,38.72808174827412]]],[[[141.56441666709554,38.73210805444319],[141.56439518768786,38.73220035995871],[141.5642461349512,38.73218063962486],[141.56426204935417,38.73209344135927],[141.56441666709554,38.73210805444319]]],[[[141.5646846686626,38.732459441150354],[141.5646334495741,38.73223046836148],[141.56480011733163,38.73226446813078],[141.5646846686626,38.732459441150354]]],[[[141.56586824932026,38.73522425209762],[141.56574752342954,38.73499346807415],[141.56599111469825,38.735034639936714],[141.56586824932026,38.73522425209762]]],[[[141.56557805428383,38.73537833294375],[141.56560555105546,38.73554944065421],[141.56550972829143,38.73555361260918],[141.5655050059513,38.735420000332795],[141.56557805428383,38.73537833294375]]],[[[141.56635024636682,38.73606463977137],[141.56593544666362,38.73592500023864],[141.56619038917518,38.73565925237267],[141.56635024636682,38.73606463977137]]],[[[141.56609202312848,38.73605158611184],[141.56622830099536,38.736219000306676],[141.56623455308227,38.73644825188535],[141.56606158197644,38.73637194620841],[141.56609202312848,38.73605158611184]]],[[[141.5656987163228,38.736554306236314],[141.56561364495383,38.736399774829806],[141.56562763930413,38.73610519829634],[141.56574019485413,38.73622305355116],[141.5656987163228,38.736554306236314]]],[[[141.55452697813757,38.738365720701495],[141.55444267209168,38.738228666719635],[141.5545681059334,38.73816672141709],[141.55471377362187,38.738275026771134],[141.55452697813757,38.738365720701495]]],[[[141.56511411202666,38.73828505421193],[141.5652229695645,38.73845877535223],[141.56506822322,38.738497585595155],[141.56511411202666,38.73828505421193]]],[[[141.5527856937049,38.73851310789365],[141.55261802859923,38.73843577519091],[141.55275070018467,38.73831422462183],[141.5527856937049,38.73851310789365]]],[[[141.56530525303504,38.73870872123058],[141.56550961137953,38.73838997271912],[141.56577961124015,38.73857313494227],[141.56530525303504,38.73870872123058]]],[[[141.5545290528736,38.73885769392746],[141.55434299573278,38.73865686542206],[141.55447396939826,38.73857333279312],[141.5545290528736,38.73885769392746]]],[[[141.5664816732907,38.738788332815375],[141.56654639390104,38.73897417142092],[141.56645306135977,38.73907555918976],[141.56639527901893,38.73887833336846],[141.5664816732907,38.738788332815375]]],[[[141.56123102469212,38.73914946817348],[141.56096866367295,38.73914055858995],[141.56100236126997,38.738923694273126],[141.5611985861459,38.73895850523087],[141.56123102469212,38.73914946817348]]],[[[141.56587328102717,38.7394201982836],[141.56572680934482,38.73938291868677],[141.56578182896828,38.73926302736686],[141.565898974658,38.73932408144128],[141.56587328102717,38.7394201982836]]],[[[141.56331978018375,38.7406507478338],[141.5630523865584,38.74056674755741],[141.56318710769892,38.74030905401969],[141.56340411230997,38.740382305598985],[141.56331978018375,38.7406507478338]]],[[[141.5646729442011,38.740883999596974],[141.56461977987897,38.74100605378641],[141.56443953325788,38.74097302708361],[141.5644578335622,38.74084022509635],[141.5646729442011,38.740883999596974]]],[[[141.56332394314552,38.74109405424724],[141.56319325636377,38.74117172059846],[141.56323817120472,38.74090477483554],[141.56332980492664,38.740925559067364],[141.56332394314552,38.74109405424724]]],[[[141.54898710756902,38.741475775087],[141.54886891057185,38.74140055938835],[141.54894108925987,38.74131433328989],[141.54907024629495,38.74137010834386],[141.54898710756902,38.741475775087]]],[[[141.54896844393863,38.74183010797316],[141.5487070299056,38.741535667237315],[141.548933139253,38.7414843869949],[141.54896844393863,38.74183010797316]]],[[[141.54914897474544,38.741961170671516],[141.54906208764532,38.74196772133331],[141.54906352835917,38.74173250455152],[141.5491972503529,38.741772386786295],[141.54914897474544,38.741961170671516]]],[[[141.54872542194073,38.74222502726326],[141.54769185539487,38.74182189176696],[141.54863891075718,38.74134997342259],[141.54872542194073,38.74222502726326]]],[[[141.5400183010039,38.7473219727309],[141.53989591406526,38.74744008069524],[141.53980861237767,38.7473145856996],[141.5400183010039,38.7473219727309]]],[[[141.53855433241654,38.748143945886454],[141.5384160832357,38.74806605380542],[141.53839802934567,38.74789030559316],[141.53860855973733,38.74804336031286],[141.53855433241654,38.748143945886454]]],[[[141.5324672243829,38.74868166672559],[141.53243082971903,38.74881389224737],[141.5322938908505,38.7488283326615],[141.53224360615752,38.748685279302265],[141.5324672243829,38.74868166672559]]],[[[141.5334612837113,38.74938699961041],[141.53335143961726,38.7494359461121],[141.5329846043561,38.749180116868956],[141.53328683501945,38.74915776601813],[141.5334612837113,38.74938699961041]]],[[[141.53307862487873,38.74934864892106],[141.53278387837338,38.74944176562502],[141.5328315046703,38.749206702627305],[141.53307862487873,38.74934864892106]]]]}},{"type":"Feature","id":"JP-04-capital","properties":{"Kind":"capital","PrefectureCode":"04","PrefectureName":"Miyagi","CapitalName":"Sendai","CapitalNameJapanese":"仙台市","PointKind":"prefecture-representative-point"},"geometry":{"type":"Point","coordinates":[140.87207,38.268578]}}]}
