{"type":"FeatureCollection","bbox":[128.1044992744221,31.967123721382677,130.39033237374008,34.72859866679511],"displayBbox":[129.55251778177023,32.571231666808046,130.37865942898952,33.39929453211704],"DataVersion":"2019-boundaries-v1","Attribution":{"BoundarySource":"MLIT National Land Numerical Information, via Fabio Crisci / piuccio","BoundarySourceURL":"https://github.com/piuccio/open-data-jp-prefectures-geojson/tree/513fb852832c99470e16b95a30ddd68bf3469dc0","BoundaryDate":"2019-01-01","CapitalSource":"Geospatial Information Authority of Japan (GSI), prefecture representative points","CapitalSourceURL":"https://maps.gsi.go.jp/","CapitalSourceRetrieved":"2026-10-04","Notice":"Simplified and enriched by Ashiato Kai. Modern geographic context, not historical immigration-era boundaries. See GEOLOCATION.md and THIRD_PARTY_NOTICES.md."},"features":[{"type":"Feature","id":"JP-42","bbox":[128.1044992744221,31.967123721382677,130.39033237374008,34.72859866679511],"properties":{"Kind":"prefecture","PrefectureCode":"42","PrefectureName":"Nagasaki","PrefectureNameJapanese":"長崎県"},"geometry":{"type":"MultiPolygon","coordinates":[[[[129.22112843113223,34.08760860425372],[129.2209704022623,34.08713455001953],[129.22172107716608,34.087022107784094],[129.22163485106762,34.08751355041005],[129.22112843113223,34.08760860425372]]],[[[129.22085482499028,34.087921296730485],[129.22072195825183,34.08792180214948],[129.22080440989566,34.08773568475408],[129.220952632558,34.087850216114646],[129.22085482499028,34.087921296730485]]],[[[129.22085304792984,34.08822941435602],[129.2207611543039,34.08868613505712],[129.220410544611,34.08867152287252],[129.22051676983313,34.08822341407932],[129.22085304792984,34.08822941435602]]],[[[129.21294191963398,34.08903514395678],[129.21302967637848,34.089119639759645],[129.21288111467175,34.08924930581088],[129.2128135279221,34.08910258591567],[129.21294191963398,34.08903514395678]]],[[[129.16361291830162,34.09327766693082],[129.16358703041715,34.093119891669744],[129.16372313921158,34.09310853233296],[129.16361291830162,34.09327766693082]]],[[[129.226396354808,34.094766386659444],[129.22627383926636,34.095002224872815],[129.22618175138678,34.094908278993955],[129.226396354808,34.094766386659444]]],[[[129.16453758773957,34.09518764889094],[129.16461848175754,34.095362648867194],[129.16444600527893,34.095339846556726],[129.16437508384308,34.09520456783656],[129.16453758773957,34.09518764889094]]],[[[129.16411546036022,34.096232458760994],[129.16403748374296,34.09637909861658],[129.16394704342133,34.09632271202361],[129.16401189443343,34.09620993703902],[129.16411546036022,34.096232458760994]]],[[[129.24006883331003,34.09640900017524],[129.24002561638918,34.09662933317725],[129.23978128407907,34.09669622475104],[129.23986308731173,34.09649255888456],[129.24006883331003,34.09640900017524]]],[[[129.1667762647129,34.097546540940186],[129.16648837913544,34.09736370337225],[129.16670454018242,34.096746756757454],[129.1672859527846,34.09662662172127],[129.1667762647129,34.097546540940186]]],[[[129.2386133327392,34.09836991883674],[129.2382266413465,34.0986601624366],[129.23806216613616,34.098405306259906],[129.2386133327392,34.09836991883674]]],[[[129.16666666703316,34.098008712432204],[129.1669659533162,34.09825872126305],[129.1669501297448,34.09874894620697],[129.1663939692064,34.09842124314588],[129.16666666703316,34.098008712432204]]],[[[129.1671306605516,34.09902776571886],[129.16741907942708,34.09964855873403],[129.16708175092208,34.099864639741384],[129.1671306605516,34.09902776571886]]],[[[129.24037855982272,34.10057253209675],[129.2404175877016,34.09647886490774],[129.2438552785983,34.09793482862949],[129.24037855982272,34.10057253209675]]],[[[129.1675718031962,34.10086894594514],[129.16761494187608,34.10114925203641],[129.16744766527756,34.101230054323594],[129.16738836578054,34.1009791983314],[129.1675718031962,34.10086894594514]]],[[[129.24111494180124,34.101308000363986],[129.2411086123726,34.10145302683577],[129.2409821137336,34.10148910763627],[129.240989364068,34.10133072083613],[129.24111494180124,34.101308000363986]]],[[[129.2033729702864,34.10297789211609],[129.20354490267516,34.10312053178717],[129.20318565499406,34.10327030578003],[129.20312049281654,34.10297161304953],[129.2033729702864,34.10297789211609]]],[[[129.21285526635756,34.10338678417281],[129.2129973538449,34.10351078359582],[129.21278940270884,34.103836838199584],[129.21265845692233,34.10361228827651],[129.21285526635756,34.10338678417281]]],[[[129.21225385193384,34.10337836921644],[129.21200909244567,34.10386995483458],[129.2113721790829,34.103641422713565],[129.2117352920502,34.10327131481938],[129.21225385193384,34.10337836921644]]],[[[129.21288723725627,34.10410836870631],[129.21280062265066,34.10427528827398],[129.21261317785593,34.10410375698285],[129.21269789938856,34.104017117196236],[129.21288723725627,34.10410836870631]]],[[[129.2123227373046,34.104150224952946],[129.2123439819892,34.10437391872142],[129.21218443596297,34.104388810595196],[129.21220173801987,34.10419517127019],[129.2123227373046,34.104150224952946]]],[[[129.23333333296705,34.109805757329866],[129.23394691341935,34.10988840502591],[129.233931595267,34.109967171248],[129.23229057085325,34.1097461439694],[129.23248433158665,34.109691386947986],[129.23333333296705,34.109805757329866]]],[[[129.18725491588168,34.11300288317659],[129.1871953960507,34.11309532359036],[129.1850388199856,34.11213330620717],[129.1850984567285,34.112040954826284],[129.18725491588168,34.11300288317659]]],[[[129.18752975409495,34.11517877488063],[129.18489994757454,34.1151976129795],[129.1849032561804,34.11503763977532],[129.18752975409495,34.11517877488063]]],[[[129.2633402724357,34.11905169358084],[129.2633874706553,34.11920453156392],[129.26316413661573,34.1191636402898],[129.2633402724357,34.11905169358084]]],[[[129.2813785080118,34.13041012562684],[129.28124661523918,34.1302669733422],[129.2816876014017,34.13024242274969],[129.28170735411118,34.13033947668555],[129.2813785080118,34.13041012562684]]],[[[129.2857238648645,34.14472622463563],[129.2857664720451,34.14503353197199],[129.285466744195,34.144885667239805],[129.2857238648645,34.14472622463563]]],[[[129.287161894306,34.14490477513533],[129.28599655010078,34.14438035976582],[129.28692654982046,34.14359672111186],[129.2877866929016,34.14425669399128],[129.287161894306,34.14490477513533]]],[[[129.17298422813963,34.14935596420645],[129.17287986991016,34.14944764918971],[129.17252514941617,34.14916864891404],[129.1726296110678,34.14907687399858],[129.17298422813963,34.14935596420645]]],[[[129.28330202297002,34.16369658592873],[129.28428824920343,34.16414816160841],[129.2842279118887,34.1642011622539],[129.28330202297002,34.16369658592873]]],[[[129.28523734063083,34.164695233598195],[129.28518406029616,34.164754125702416],[129.2848971468859,34.164609792607905],[129.2849433072879,34.16455973904078],[129.28523734063083,34.164695233598195]]],[[[129.28407459096968,34.16442835978103],[129.28384370892013,34.16478169441973],[129.28375867712134,34.16473455015944],[129.28398606980136,34.164378306213905],[129.28407459096968,34.16442835978103]]],[[[129.17500000004998,34.169846999939125],[129.1752867830587,34.17040191941311],[129.17512758776797,34.170466080645156],[129.17459719820215,34.1694278646043],[129.1747515560395,34.16936816221096],[129.17500000004998,34.169846999939125]]],[[[129.17773296960092,34.17098253161856],[129.1776339686328,34.17110186535888],[129.17621680885873,34.17013619762747],[129.17631036263322,34.17001682881363],[129.17773296960092,34.17098253161856]]],[[[129.1759739946042,34.177157224626285],[129.17602108940184,34.177264332982645],[129.1759128020343,34.17733213467034],[129.17585219222497,34.1772191618349],[129.1759739946042,34.177157224626285]]],[[[129.1762913095963,34.17741691915552],[129.1763112448681,34.17751872061251],[129.17618267239243,34.17752419838308],[129.17615608303686,34.17742266672275],[129.1762913095963,34.17741691915552]]],[[[129.2992744753368,34.18887000035028],[129.29913085630403,34.18896663969872],[129.29718552469228,34.18692697280159],[129.29728496812686,34.186859306012195],[129.2992744753368,34.18887000035028]]],[[[129.29874107663943,34.19338973934504],[129.29869460417274,34.193084828701956],[129.29959849477473,34.191045586284815],[129.29973827460174,34.19108139638939],[129.29874107663943,34.19338973934504]]],[[[129.3008796887467,34.203028774658264],[129.30079795116455,34.20293274774815],[129.30098131033924,34.202859251553264],[129.30104272414246,34.20294972065312],[129.3008796887467,34.203028774658264]]],[[[129.30222518784217,34.20658161295114],[129.30146341080786,34.20641777536008],[129.3021966406625,34.20585289229717],[129.30282211374958,34.205920441275396],[129.30222518784217,34.20658161295114]]],[[[129.30649693878274,34.21164582939156],[129.30641561578807,34.21176999968577],[129.3063136056884,34.2117249733289],[129.3063880542653,34.21163449523584],[129.30649693878274,34.21164582939156]]],[[[129.3034073538663,34.21689281055484],[129.3043206360885,34.216802216449196],[129.30432473429914,34.216856045370264],[129.3034073538663,34.21689281055484]]],[[[129.29682744523052,34.21763959499134],[129.29707492876503,34.218123982435884],[129.2968692735982,34.218163396123884],[129.29682744523052,34.21763959499134]]],[[[129.29966590076083,34.218173946070806],[129.29966272435536,34.21823146760818],[129.2980268611508,34.218169730049055],[129.2980300393549,34.21811221570624],[129.29966590076083,34.218173946070806]]],[[[129.31415771740478,34.22018153235189],[129.31421238719201,34.22033953244352],[129.31402955861734,34.22044689171071],[129.31394102485842,34.220317278719506],[129.31415771740478,34.22018153235189]]],[[[129.31389461714298,34.22067833313861],[129.31375302158472,34.220915666924554],[129.31346802912628,34.22087677484336],[129.31353499444447,34.22061153239633],[129.31389461714298,34.22067833313861]]],[[[129.18650080376915,34.23333333306692],[129.1862888065832,34.23248691903615],[129.18642299622434,34.23247852296549],[129.18650080376915,34.23333333306692]]],[[[129.3206378075888,34.233879081254656],[129.32040802900735,34.23355882907674],[129.32078666697112,34.23354105397652],[129.3206378075888,34.233879081254656]]],[[[129.32061435776643,34.23438221596655],[129.3205064328257,34.23431510765613],[129.32068896192607,34.23408402685641],[129.32077662783922,34.23426930608366],[129.32061435776643,34.23438221596655]]],[[[129.317685641779,34.24238438712979],[129.31754077808455,34.24215438731517],[129.3177238260938,34.24202466730458],[129.3178412190971,34.2422940268479],[129.317685641779,34.24238438712979]]],[[[129.18606400844726,34.24244534227876],[129.18617264565114,34.242484648947425],[129.18611867733512,34.24261362162139],[129.18594249025375,34.24253503616302],[129.18606400844726,34.24244534227876]]],[[[129.3219113879003,34.246461468122334],[129.32060756158978,34.2452221618733],[129.32252299613947,34.24476272072303],[129.3219113879003,34.246461468122334]]],[[[129.32438268531268,34.25117772966854],[129.32265154343406,34.250287369366674],[129.32440451365744,34.24832811714896],[129.32438268531268,34.25117772966854]]],[[[129.32179062333864,34.25225318034006],[129.3218808945877,34.25182241407322],[129.32260121917102,34.25169521576163],[129.32229714669597,34.252134369105875],[129.32179062333864,34.25225318034006]]],[[[129.32222386543913,34.25254459485723],[129.32205955930124,34.25228095500211],[129.32226275032576,34.252185098963196],[129.32253517475863,34.25242609928512],[129.32222386543913,34.25254459485723]]],[[[129.32660802893747,34.26083727941699],[129.32666089468455,34.26091255896745],[129.3265813883205,34.261026000349716],[129.32645788622256,34.26090538687413],[129.32660802893747,34.26083727941699]]],[[[129.32391946790915,34.26125300002599],[129.3237327497667,34.260917972886205],[129.32354527889152,34.260212846845434],[129.32363837940773,34.26019584696081],[129.32391946790915,34.26125300002599]]],[[[129.19165246399007,34.263338143840315],[129.1917704280629,34.26347572122762],[129.1916180028686,34.26351321576237],[129.19165246399007,34.263338143840315]]],[[[129.19119483767167,34.2634529458968],[129.19124997420704,34.263671532415344],[129.1909594940854,34.2636197206736],[129.19119483767167,34.2634529458968]]],[[[129.19369070006587,34.266230802409666],[129.19374549935537,34.266421413717296],[129.1935353565715,34.26657322467463],[129.19344632908485,34.266382694305946],[129.19369070006587,34.266230802409666]]],[[[129.19635289207235,34.270027350681744],[129.195771841897,34.27109743240061],[129.19565936368872,34.27105532434382],[129.19624053167524,34.2699853325571],[129.19635289207235,34.270027350681744]]],[[[129.1932383266875,34.27151341381307],[129.19396435836848,34.27000400877802],[129.19405178955856,34.27003091919164],[129.1932383266875,34.27151341381307]]],[[[129.19500573282835,34.2726146849198],[129.1941739300829,34.27178073009668],[129.1942740597002,34.27172174806026],[129.19500573282835,34.2726146849198]]],[[[129.35405731539288,34.27589152307536],[129.35395407322198,34.275798541269694],[129.35297579789483,34.27577239617921],[129.35287438404566,34.27570131466399],[129.3540634496685,34.275733035551184],[129.35405731539288,34.27589152307536]]],[[[129.19517138794924,34.28375913497615],[129.19502830131512,34.28383289197444],[129.19491988264656,34.283623721357685],[129.1950559401796,34.283589558811116],[129.19517138794924,34.28375913497615]]],[[[129.19551725012104,34.28419438706135],[129.19536786013873,34.2840473865777],[129.1956262776307,34.28400753222189],[129.19551725012104,34.28419438706135]]],[[[129.3035612062847,34.286064270050076],[129.30316169865353,34.28531973032136],[129.30507220491836,34.284134955363925],[129.30469945481605,34.28520508114963],[129.3035612062847,34.286064270050076]]],[[[129.3500407129086,34.287658694293384],[129.34998749732517,34.28752857678245],[129.35021295736215,34.28747210835115],[129.35021830113374,34.28764736013761],[129.3500407129086,34.287658694293384]]],[[[129.3044121663885,34.29218571240074],[129.30400089472562,34.2927531351491],[129.30278459133592,34.291773694300616],[129.3031830737399,34.29124574819275],[129.3044121663885,34.29218571240074]]],[[[129.337595472653,34.29514802705984],[129.3363715556029,34.29479682921033],[129.3366760696449,34.29397925194098],[129.33742035036892,34.29431367563569],[129.337595472653,34.29514802705984]]],[[[129.19619150513392,34.29531889195334],[129.1960351103321,34.295448972592055],[129.19589953303705,34.295279161704],[129.19619150513392,34.29531889195334]]],[[[129.23114031097668,34.29635664933994],[129.23072854738462,34.29581427001261],[129.23109010362543,34.295541108135694],[129.23172137464178,34.29586537758519],[129.23114031097668,34.29635664933994]]],[[[129.31044561637214,34.29790294636393],[129.3106768608485,34.29727780242871],[129.31115172537193,34.29775749541216],[129.31044561637214,34.29790294636393]]],[[[129.22706590097062,34.299022810954],[129.22674745822872,34.29853427943351],[129.22735321727725,34.29853453214298],[129.22706590097062,34.299022810954]]],[[[129.31164404663548,34.29970789200564],[129.31208132309462,34.29643818907124],[129.31462472095416,34.29659030579802],[129.31164404663548,34.29970789200564]]],[[[129.31665726342203,34.29956218025046],[129.31683935095532,34.29994482019737],[129.3161137221706,34.300590748364414],[129.3158847727641,34.29991475676064],[129.31665726342203,34.29956218025046]]],[[[129.2322833456999,34.30131956794378],[129.22981800269872,34.29861555026747],[129.2334191570685,34.29755957711285],[129.2322833456999,34.30131956794378]]],[[[129.2390656422656,34.30288577505854],[129.23880140076415,34.302360604258524],[129.23931254214017,34.30233738736058],[129.23946181610995,34.30258588263246],[129.2390656422656,34.30288577505854]]],[[[129.34177019483866,34.30306768542539],[129.34173588840065,34.30256584663658],[129.34238450104397,34.302351540890925],[129.34309724973832,34.30235837843645],[129.34177019483866,34.30306768542539]]],[[[129.38425217899498,34.30343997327617],[129.38249797670028,34.302234954579546],[129.3773621661311,34.30368164898897],[129.3694496501813,34.302655494655426],[129.3638117508117,34.297844585759094],[129.36139171205798,34.29982177495498],[129.3565988849307,34.29811419801189],[129.35097748362398,34.29290287406843],[129.35298587479838,34.28787147658744],[129.34828405996143,34.28507307236447],[129.35084461688564,34.283315585745754],[129.35315500579895,34.278016639956036],[129.35936537041562,34.270638270040195],[129.36250876806525,34.27448993686113],[129.3681325552733,34.27846423433698],[129.37150002620535,34.27919973857712],[129.38215824880422,34.28613425169442],[129.3868110379991,34.29041230598318],[129.38812874174812,34.29308268541763],[129.39316046658234,34.296769063141824],[129.39205632933624,34.300960730353495],[129.38783977968217,34.30050842262568],[129.38425217899498,34.30343997327617]]],[[[129.19776844385865,34.30453807157477],[129.19788377381713,34.30465690079541],[129.19778871637618,34.30469076566635],[129.19766660193216,34.30463987393108],[129.19776844385865,34.30453807157477]]],[[[129.36538181601804,34.305014359724964],[129.36534420187343,34.30502720743971],[129.36509556360943,34.30452592802919],[129.36513316516346,34.30451308121377],[129.36538181601804,34.305014359724964]]],[[[129.36565298319863,34.305565341967],[129.3656098310289,34.30557313459252],[129.3654011406502,34.30515295514482],[129.36544125760804,34.3051392881477],[129.36565298319863,34.305565341967]]],[[[129.19647888529244,34.30655056815425],[129.19633643268025,34.30652779282343],[129.19628896196605,34.306352486178355],[129.196485798381,34.306392351326],[129.19647888529244,34.30655056815425]]],[[[129.3277151879057,34.30664082861142],[129.32125364533954,34.30246530602909],[129.32270955869922,34.299577171049634],[129.3297886639158,34.30422535121903],[129.3277151879057,34.30664082861142]]],[[[129.39166666658343,34.306181341595675],[129.39470486423818,34.30792423401624],[129.39461846996653,34.30802739614745],[129.38792413698934,34.304289495363946],[129.38870317830913,34.304481315360476],[129.39166666658343,34.306181341595675]]],[[[129.19661145255657,34.3080890266873],[129.1965026984409,34.308190532267304],[129.19639422761156,34.30812266672774],[129.19657099925223,34.3080324233577],[129.19661145255657,34.3080890266873]]],[[[129.26242099893,34.309083720937],[129.26234795059747,34.30777505357594],[129.2638971731161,34.30833713525067],[129.26242099893,34.309083720937]]],[[[129.3677282227793,34.308333332917016],[129.3680429567171,34.30943294567396],[129.36794599181417,34.30945455908068],[129.3677282227793,34.308333332917016]]],[[[129.39538057075674,34.311234134847496],[129.39522583700284,34.311246630927315],[129.3950674843769,34.30989070329338],[129.39522220464107,34.309878306138955],[129.39538057075674,34.311234134847496]]],[[[129.30496396881222,34.31250086502297],[129.3044962260201,34.31235369366806],[129.30458418870944,34.31211066717361],[129.30494341120948,34.312201495102954],[129.30496396881222,34.31250086502297]]],[[[129.26336360624555,34.31289680234562],[129.26297143978013,34.31262644095756],[129.2631746173148,34.31252469435918],[129.26336360624555,34.31289680234562]]],[[[129.26412674395408,34.31456625163128],[129.26439914410525,34.31312686511279],[129.26503489014817,34.31389913543683],[129.26412674395408,34.31456625163128]]],[[[129.1977312056307,34.31596749520378],[129.19772407310757,34.316125613106635],[129.19756815764447,34.31603482924402],[129.1977312056307,34.31596749520378]]],[[[129.19751011719825,34.31652353163571],[129.1975710381729,34.316647783768246],[129.19744884638726,34.31666453184272],[129.19736064897484,34.31659086477663],[129.19751011719825,34.31652353163571]]],[[[129.1980667318942,34.316360667111155],[129.19814792538648,34.31646269429797],[129.1980867058369,34.31657561317405],[129.19799178958954,34.31654144972816],[129.1980667318942,34.316360667111155]]],[[[129.19681795128747,34.316725333207614],[129.1968177822149,34.31685533290732],[129.1966618163898,34.31680994592233],[129.19665525313746,34.31673086493754],[129.19681795128747,34.316725333207614]]],[[[129.33099761264975,34.31712216175839],[129.33139097341473,34.31744996374488],[129.3308888072727,34.31751713500785],[129.33099761264975,34.31712216175839]]],[[[129.30168121941279,34.316917360048194],[129.29851281521428,34.31604318034857],[129.3008232167182,34.31410238671583],[129.30168121941279,34.316917360048194]]],[[[129.19744168598504,34.31876497312504],[129.19732651071,34.318691612727775],[129.19736059681418,34.318420549868506],[129.19762504515973,34.31861297331011],[129.19744168598504,34.31876497312504]]],[[[129.311017963808,34.31913816209658],[129.3109035016953,34.31887699088048],[129.311265733327,34.31884051437828],[129.3114133723293,34.31903533271446],[129.311017963808,34.31913816209658]]],[[[129.19818529221754,34.31949764000416],[129.19796145275893,34.3195706127936],[129.1978123091908,34.31924858625331],[129.19818529221754,34.31949764000416]]],[[[129.33265805432586,34.3197922246315],[129.33204136221912,34.319125315281156],[129.33289586295382,34.319115036030155],[129.33265805432586,34.3197922246315]]],[[[129.198323280595,34.31971015340093],[129.1985743839008,34.31994200941625],[129.1983300515907,34.31994151388983],[129.198323280595,34.31971015340093]]],[[[129.37859136220163,34.31989526985086],[129.37854310008402,34.320498080921766],[129.37815246426487,34.320413909774174],[129.37817482500827,34.31998967618267],[129.37859136220163,34.31989526985086]]],[[[129.20029631582236,34.3210339005941],[129.20037756237468,34.321124540565165],[129.2002759272923,34.32123711679958],[129.20009326779018,34.320909287833445],[129.20029631582236,34.3210339005941]]],[[[129.37924155585313,34.32212989178112],[129.37929211393998,34.3223250266787],[129.3791128655664,34.322491359888375],[129.3790101692839,34.322210441358834],[129.37924155585313,34.32212989178112]]],[[[129.2755692743026,34.32260116171432],[129.27535927361168,34.3226914410572],[129.27532544741155,34.32255044085019],[129.2755692743026,34.32260116171432]]],[[[129.38947469500124,34.32307055925895],[129.3892988847358,34.322614135334106],[129.389863450338,34.32251838721385],[129.38999192029098,34.32285116155191],[129.38947469500124,34.32307055925895]]],[[[129.39534951986457,34.32347883797803],[129.38826481187164,34.320523991289235],[129.39228936436268,34.317388342198285],[129.3950037224439,34.31190282035891],[129.40407202280562,34.31510451386225],[129.40161587537239,34.31718577530336],[129.39347172464045,34.316705603880564],[129.39531143987108,34.31992955920185],[129.39534951986457,34.32347883797803]]],[[[129.24603870302383,34.3225325677239],[129.24676780768823,34.32332038732608],[129.24643452703185,34.323519892029424],[129.24580316518404,34.32279022528871],[129.24603870302383,34.3225325677239]]],[[[129.2738611667595,34.32372688268953],[129.27381770432362,34.323764945595826],[129.27334317794532,34.323392801636544],[129.27338653695915,34.323354738730245],[129.2738611667595,34.32372688268953]]],[[[129.2469928270574,34.32377977541637],[129.2471014786504,34.32394853229897],[129.24698552456232,34.32402210763422],[129.24685666700168,34.32379697315184],[129.2469928270574,34.32377977541637]]],[[[129.3354736958545,34.32446296429441],[129.3354258105528,34.32463791031137],[129.33527719758467,34.32454173861038],[129.3354736958545,34.32446296429441]]],[[[129.34031282727517,34.324632865114665],[129.34068233532162,34.324060279358434],[129.34156016896668,34.32439716179965],[129.34031282727517,34.324632865114665]]],[[[129.27014169938002,34.325021161797224],[129.26986403369824,34.32448549500964],[129.27060277639703,34.3243608022093],[129.27014169938002,34.325021161797224]]],[[[129.37852560287433,34.32515463108143],[129.37815883326357,34.325181531602425],[129.37821386457824,34.324927919188156],[129.37852560287433,34.32515463108143]]],[[[129.38870202268026,34.32538174766955],[129.38848577170108,34.324541720623984],[129.38960080423374,34.324609414393024],[129.38870202268026,34.32538174766955]]],[[[129.37838645886802,34.32528245891842],[129.3779431128844,34.32565471169562],[129.3779133723043,34.32562769426272],[129.37838645886802,34.32528245891842]]],[[[129.38812282690697,34.326210080830606],[129.3880756160969,34.3258605862971],[129.38844306109843,34.32579841436541],[129.38845641962814,34.3260409732124],[129.38812282690697,34.326210080830606]]],[[[129.3851159922093,34.32762249488229],[129.38511503173333,34.327682360052904],[129.38406461728835,34.32767090988466],[129.38406557686494,34.32761095478179],[129.3851159922093,34.32762249488229]]],[[[129.20303285298382,34.32772877496302],[129.20270027200002,34.32771655857238],[129.20276830121622,34.3275081442855],[129.20303285298382,34.32772877496302]]],[[[129.2255798045644,34.3277059996322],[129.22552552508296,34.32790866725122],[129.2253960829629,34.32776827858322],[129.2255798045644,34.3277059996322]]],[[[129.21707141401464,34.32828208105326],[129.21662345001232,34.328191360143194],[129.2168064458608,34.328079080685086],[129.21707141401464,34.32828208105326]]],[[[129.38831775585982,34.32851041442416],[129.38658394299466,34.32801933332564],[129.38741552540625,34.32633963986257],[129.38914880677203,34.32712933275258],[129.38831775585982,34.32851041442416]]],[[[129.34235128368482,34.32892322482701],[129.34323374793917,34.32797526114945],[129.3439844750036,34.328287081283804],[129.34235128368482,34.32892322482701]]],[[[129.38771085557164,34.33000374767488],[129.3875550579196,34.329428640219646],[129.38801802890896,34.32902289219277],[129.388384642937,34.32946277488719],[129.38771085557164,34.33000374767488]]],[[[129.38044815825594,34.33036987427033],[129.37985761303844,34.330625054202926],[129.3791930608112,34.33022635955888],[129.3797255377035,34.32979172081133],[129.38044815825594,34.33036987427033]]],[[[129.31780311302327,34.33073772126886],[129.31726080384306,34.330669639891994],[129.3175724117375,34.33037616233008],[129.31780311302327,34.33073772126886]]],[[[129.31613542191224,34.33056125180036],[129.3157694158259,34.330798440795434],[129.3153966927033,34.33048158625627],[129.31600652388204,34.33027297321917],[129.31613542191224,34.33056125180036]]],[[[129.34191727626137,34.330644332969655],[129.34191725018104,34.33080782881831],[129.34178858597454,34.33089230573535],[129.34168683487962,34.33077961258908],[129.34191727626137,34.330644332969655]]],[[[129.2246439430636,34.330501350656846],[129.22458780828083,34.3308475410812],[129.22444207494186,34.3308583059661],[129.22441557731713,34.33060294616911],[129.2246439430636,34.330501350656846]]],[[[129.2295315047752,34.33097226985444],[129.2298232295584,34.33056194607701],[129.23043648535554,34.330760865321736],[129.2295315047752,34.33097226985444]]],[[[129.20536478605607,34.33152121603132],[129.20304737973288,34.32749547733448],[129.2032450318328,34.323337684886326],[129.1980516727466,34.318758577146696],[129.19989527934376,34.31364928758461],[129.19618670635145,34.313293026552],[129.19881848238708,34.30157218031195],[129.1962381970352,34.29452609910027],[129.19681246362438,34.28879154959037],[129.19502932564296,34.28620711656521],[129.19791090816193,34.28235343166557],[129.19544111531525,34.27835469421382],[129.19438872865692,34.27389193716323],[129.19846416299083,34.27406167610553],[129.1991919969132,34.27017039594705],[129.19554553829607,34.26854839579187],[129.19289298342449,34.26399945041436],[129.19204297030694,34.25901412610108],[129.18639229606765,34.25082572063053],[129.1852495203492,34.24599309040883],[129.18702675697932,34.24101785558963],[129.18922400758197,34.23986668469979],[129.1912950446307,34.235372395619606],[129.18961972816794,34.23130879276664],[129.18208452727913,34.22756520736846],[129.17964625207298,34.21962765789016],[129.1806201953658,34.21105035139266],[129.17925173837705,34.207196108014045],[129.17817849464188,34.1887494858002],[129.1796329825761,34.1849649012093],[129.17891693876572,34.18030373932618],[129.17629893584729,34.17610959538155],[129.17853795096573,34.168333774584084],[129.17405849530337,34.16789590097511],[129.17258468183763,34.156039568271524],[129.17451156925358,34.14988207210001],[129.16919979193688,34.14627736001222],[129.1675897923351,34.14189572091084],[129.1686428274046,34.1382199911597],[129.16758941641854,34.12986896398155],[129.17174342362011,34.12303463983682],[129.170162451436,34.11884350502379],[129.1708810250393,34.11150164938164],[129.16669832676644,34.10400344120592],[129.16794013043273,34.10153368523146],[129.17366884604053,34.105990855693506],[129.17413551234404,34.10986081112759],[129.17728123204324,34.11332354094873],[129.18249236083386,34.11387561316906],[129.18263849527045,34.11801535982107],[129.18733564172658,34.11802177468519],[129.1880190923073,34.115726846916516],[129.19611905305192,34.113103540695874],[129.19678451359448,34.10581323419348],[129.20358016868988,34.10398087361847],[129.20576138797776,34.10757467603054],[129.20966005157015,34.10673763113681],[129.2113273020134,34.112373062766665],[129.2157830614392,34.112186639601816],[129.21171103823394,34.105023431586176],[129.21402390388016,34.10408249521106],[129.21396757484376,34.10258035130221],[129.21762517516174,34.100378954824976],[129.2157371465521,34.09302516158198],[129.21279536971065,34.08871272980866],[129.21246909207503,34.084871531995645],[129.22024348924572,34.08860347656923],[129.21833251623275,34.09506172132143],[129.22161534387305,34.097438784172596],[129.2293874576651,34.09471887367715],[129.22928254185592,34.09832296433336],[129.23125880744806,34.10482090965729],[129.23035050567137,34.112713919312],[129.23578020839,34.11277715334302],[129.23676535723553,34.10641501823858],[129.24034094657748,34.10405302712553],[129.2457578726278,34.105662837869716],[129.24502213995981,34.10960359512984],[129.24667834043316,34.112216278558435],[129.24993961132407,34.11259758571009],[129.2543421533677,34.109622414342994],[129.26096417635574,34.11444686523072],[129.26228997400312,34.116464972680376],[129.26266784664392,34.12196357695757],[129.25400354063095,34.125361035783214],[129.25865352843766,34.128882747640716],[129.26376435763905,34.126303404778355],[129.27216066118558,34.128004549770196],[129.27941387784824,34.13078625178417],[129.28055442324808,34.13432650496429],[129.27750369623868,34.14123809885922],[129.27371945518883,34.14472622463563],[129.27534331963852,34.14698944140963],[129.27992610920262,34.14440526109399],[129.28436796421022,34.14493512635505],[129.28446481220135,34.14737454100231],[129.2815448376242,34.15035547702371],[129.2804425026195,34.155652694316416],[129.2839282883599,34.15992736895299],[129.28174883264262,34.16337689222985],[129.28299489010215,34.16474863983791],[129.28621138824508,34.165685180326875],[129.29001440983723,34.16267670256781],[129.29604944172843,34.16178524329439],[129.29679665424226,34.16806731535439],[129.29473466886998,34.170455712361274],[129.2970724376429,34.17257148618518],[129.29533695203872,34.1752981622804],[129.28867369603427,34.17617977487674],[129.29158241199877,34.179587855595116],[129.29602348909282,34.17955119832919],[129.29731928715546,34.186506054111135],[129.29444040170324,34.186175189033804],[129.29188525330187,34.19036970259975],[129.28541351512172,34.18930990103115],[129.2887024248771,34.19512164025156],[129.29292675726413,34.1960613868236],[129.2970338783109,34.19364017985049],[129.29794544732465,34.197973603598996],[129.30075112796226,34.201894099133426],[129.30058191961996,34.20799166718177],[129.30376066062604,34.20970300868697],[129.29573247657265,34.215662314963936],[129.29721980505008,34.220275026771105],[129.30271623926308,34.22276174755666],[129.30470795071142,34.22161307228549],[129.30553377386468,34.216203946055316],[129.30967641993095,34.21676182879543],[129.31307714689285,34.218793954877185],[129.31300123242102,34.22142249515207],[129.321681919585,34.22569993700256],[129.32578629140426,34.22605219785072],[129.32342491632687,34.23186481121212],[129.31906865069777,34.23176297288296],[129.32065902709246,34.234895981564364],[129.32181020787482,34.23606299131404],[129.3153063809848,34.24269818937],[129.31738025899188,34.24736845868745],[129.31642749743116,34.249637576812745],[129.3185064197355,34.254566937214406],[129.32377071284816,34.25611381969708],[129.32329142725757,34.25870440498437],[129.31730479867758,34.261436765694214],[129.31884265916142,34.26324891040895],[129.3255134110152,34.262065062652596],[129.32456024565886,34.26779284656266],[129.3282367056595,34.270562531835424],[129.3270056156167,34.27231395522489],[129.3306202724077,34.27591959541303],[129.33602085597784,34.27187708975595],[129.34051172493616,34.27743030626368],[129.34879861156674,34.27811190963695],[129.35100369616373,34.28152109921939],[129.34727302233216,34.283935260903604],[129.34653691284836,34.28681496383956],[129.35049407284328,34.28998115300783],[129.34647900100515,34.2942180992859],[129.34005726333214,34.29496117132106],[129.33706834043164,34.29285276564269],[129.33436127135565,34.2974211075981],[129.3307844490431,34.298276936631396],[129.3250821402287,34.294388964179404],[129.31665312564132,34.293556540901704],[129.31418902730184,34.291236720798054],[129.3149982228897,34.28445514368997],[129.31194618736674,34.28279874806384],[129.30704028488128,34.28397969370798],[129.30346701668952,34.28080784690468],[129.29926573302726,34.28238211734089],[129.29877758821522,34.2869004677824],[129.30214408608072,34.29156449490557],[129.30345359340868,34.296377494725675],[129.30076544696783,34.29662119840964],[129.30408661540503,34.304488467668705],[129.3015839298546,34.30975925208787],[129.2928382747666,34.311161234003805],[129.2939348379225,34.316690197594596],[129.28863938959626,34.3176525774046],[129.28818457815578,34.320528144358434],[129.2805049155695,34.31601551360512],[129.28198347565694,34.320466315068415],[129.28119232226788,34.322798676217985],[129.27420891121233,34.32128317108152],[129.2669167062411,34.32248049517875],[129.266178197366,34.31947833335846],[129.2700490008608,34.318030513897156],[129.27397693918442,34.313956126374194],[129.2744302721394,34.30997054060799],[129.27996795106014,34.307894459261945],[129.2843499220113,34.30392909924859],[129.285203280607,34.30143500042499],[129.28383489016812,34.29766321588477],[129.2897393512901,34.294413946446525],[129.29037636807504,34.29155525167357],[129.28724207516166,34.29002480160335],[129.28599612202345,34.285375404651234],[129.28261063587217,34.28509043197789],[129.2824121662885,34.28968673925169],[129.28554652395303,34.29520724291996],[129.280735772438,34.2956955586032],[129.27852025930258,34.29761144101525],[129.2824413492889,34.303338622379556],[129.27933949402245,34.306105305715334],[129.27640595317223,34.30533531517273],[129.26635120624326,34.30517964882176],[129.2636571980213,34.30130712582326],[129.2637798826355,34.2988562700009],[129.2597468216586,34.290799982133535],[129.256693527984,34.29222586533149],[129.25967312581417,34.29637256823946],[129.2594828787319,34.30046072078568],[129.25152937707912,34.29897096413873],[129.2530898312308,34.302488459075164],[129.25676081705808,34.302449198271916],[129.25695164690103,34.30658989191005],[129.24999941624014,34.30542019768404],[129.24357942864776,34.297549775401876],[129.2363391963969,34.29966412559895],[129.23428160780998,34.29310705434716],[129.23149687418152,34.29222478434639],[129.2273278986637,34.294865828795025],[129.22312357978944,34.29581927024316],[129.2228421135727,34.30352319833696],[129.2258451360442,34.306322748296225],[129.2228957203613,34.309472783841954],[129.22906859943635,34.31877985600562],[129.2268611927899,34.320302973003834],[129.22781705611226,34.324199586142015],[129.22199228301747,34.32998692765466],[129.2168137870267,34.326719910095846],[129.2114901557461,34.326835431609936],[129.20536478605607,34.33152121603132]]],[[[129.21978438444182,34.33142705431516],[129.2200699218895,34.331506252211796],[129.21992050582674,34.33159613495371],[129.21978438444182,34.33142705431516]]],[[[129.3360495983104,34.331714558580074],[129.33441972818798,34.330845909711],[129.3351130740092,34.33020526955761],[129.3360495983104,34.331714558580074]]],[[[129.21899736703494,34.33189361270013],[129.21878024641126,34.33209019820413],[129.2185082752368,34.33195472073385],[129.21874597864405,34.331763720919014],[129.21899736703494,34.33189361270013]]],[[[129.20539268482457,34.33200308987074],[129.20529106413142,34.33222253164456],[129.20516220477202,34.33205314433718],[129.20539268482457,34.33200308987074]]],[[[129.21956517469312,34.33204414392213],[129.21970800322185,34.33228062155348],[129.21952492913226,34.33232000916115],[129.21946364483142,34.33221287382514],[129.21956517469312,34.33204414392213]]],[[[129.37767141420443,34.332410891949166],[129.37597904030054,34.33195674780569],[129.37651011694845,34.33116334161497],[129.37759160836606,34.331165017951264],[129.37767141420443,34.332410891949166]]],[[[129.32851051864554,34.332350712015796],[129.32750066092683,34.33220326097177],[129.32783259439873,34.33188151412065],[129.3285442666047,34.331791631378735],[129.32851051864554,34.332350712015796]]],[[[129.220183151931,34.33246343214171],[129.2201902080118,34.33254773908692],[129.22000037641635,34.3325474593978],[129.22009523960367,34.33237317977847],[129.220183151931,34.33246343214171]]],[[[129.22160847035468,34.33258486489967],[129.22141799034807,34.33251719811028],[129.22143146578958,34.332410197672516],[129.22162160765117,34.33242739630737],[129.22160847035468,34.33258486489967]]],[[[129.22088022004618,34.33293875711797],[129.22094846959624,34.33304586457507],[129.22084657640846,34.33313583814845],[129.22073779531308,34.333056946021316],[129.22088022004618,34.33293875711797]]],[[[129.37603160837205,34.334567945554284],[129.3757383916136,34.33372091908518],[129.37645922161585,34.33346746764954],[129.37646655019125,34.33425780175622],[129.37603160837205,34.334567945554284]]],[[[129.3718382882065,34.33425684667617],[129.37196079115768,34.33462912643307],[129.3716145143984,34.33453360404263],[129.3718382882065,34.33425684667617]]],[[[129.2066798565902,34.33456836014176],[129.2067191443731,34.33475740483044],[129.20651342355575,34.334854467759556],[129.20641734088758,34.33473449460132],[129.2066798565902,34.33456836014176]]],[[[129.3306810512895,34.33515163074321],[129.33043033739023,34.335117801845115],[129.33043016921704,34.334812802169154],[129.33079600533142,34.334852550404946],[129.3306810512895,34.33515163074321]]],[[[129.37771147900162,34.3352862250793],[129.37730289181502,34.33407230579235],[129.37795552532725,34.33414594587873],[129.37771147900162,34.3352862250793]]],[[[129.3737361086346,34.335064945990496],[129.37398083035112,34.335516467710875],[129.37347238694122,34.33606500919285],[129.3729968865971,34.335472251643125],[129.3737361086346,34.335064945990496]]],[[[129.29750954592885,34.337130260653055],[129.29170643300552,34.32789417107921],[129.29212489025156,34.32285281090856],[129.2956277819966,34.32347134212881],[129.29798459121594,34.32886673930864],[129.30015359321385,34.33039250481028],[129.3016802589368,34.32420190999022],[129.30353977993695,34.321294107736946],[129.3067160963708,34.3224677122152],[129.30950068700713,34.321178775080455],[129.3119282359994,34.324949431870834],[129.31651767784865,34.31749935990757],[129.31760606976434,34.31265518868605],[129.32027832698327,34.312608864607455],[129.32166914381605,34.30907909032783],[129.3340665761117,34.306869649414864],[129.33409064916418,34.312862000381074],[129.33593049299793,34.31611432391696],[129.32849700363386,34.3170056941575],[129.32929560340938,34.32259128805754],[129.3271538913391,34.32424872959524],[129.33075251591595,34.32805526124139],[129.3286639555771,34.329579297346754],[129.32800697833943,34.33138521605491],[129.32514199730542,34.3323860176007],[129.32711505771385,34.333559324403325],[129.32656059689407,34.33637417992452],[129.32267630356864,34.3352462250333],[129.31830974070203,34.33100781106168],[129.31739824903002,34.326138081107615],[129.3130894163436,34.32656801819951],[129.30962687358146,34.33088133310707],[129.30305993496813,34.33090381076232],[129.29750954592885,34.337130260653055]]],[[[129.34812949438071,34.337991793186745],[129.3481431263043,34.338081900759164],[129.34803470763575,34.33811579260981],[129.34798029775266,34.33800290071338],[129.34812949438071,34.337991793186745]]],[[[129.34048203561747,34.336926891562825],[129.34009127119532,34.33808241427204],[129.33918489037046,34.337298747739055],[129.34048203561747,34.336926891562825]]],[[[129.28753731539484,34.33785353231474],[129.2877137605816,34.338085143714466],[129.2876803498683,34.33883575656495],[129.28719220505627,34.338418170762],[129.28753731539484,34.33785353231474]]],[[[129.30616016875683,34.34055687370079],[129.305780285232,34.340228954802456],[129.30622769075535,34.340082207028274],[129.30616016875683,34.34055687370079]]],[[[129.34314549926546,34.342602621813626],[129.3422360571484,34.34221901779347],[129.34236411161453,34.34139481971522],[129.34371447514297,34.34150195505123],[129.34314549926546,34.342602621813626]]],[[[129.28060538333182,34.34310102699084],[129.28055797736886,34.34322536006238],[129.28038830137905,34.343202748408146],[129.2804969781531,34.34301641427612],[129.28060538333182,34.34310102699084]]],[[[129.3342304406824,34.34438616179199],[129.33266966277483,34.343685640280114],[129.33321089456717,34.34209886477083],[129.33505869020644,34.341489693694484],[129.3342304406824,34.34438616179199]]],[[[129.33079141429243,34.34453744124994],[129.3300230614152,34.34224469433724],[129.3320242283355,34.34264080163172],[129.33079141429243,34.34453744124994]]],[[[129.35162875466335,34.346754540789505],[129.35066256802315,34.346604972741375],[129.35066604390283,34.346196342387316],[129.35193753598855,34.346524342224654],[129.35162875466335,34.346754540789505]]],[[[129.38790564243152,34.34791894610254],[129.3878509726443,34.3475971623792],[129.388157250257,34.34760864042647],[129.38811647229738,34.34785113542159],[129.38790564243152,34.34791894610254]]],[[[129.3352516604358,34.34847410839342],[129.33402907887898,34.34675182933353],[129.33613153014608,34.346357161853575],[129.3352516604358,34.34847410839342]]],[[[129.32270352784565,34.349188694402756],[129.3224113363142,34.34867474804122],[129.32293963675488,34.34760169406297],[129.32345591415913,34.348691891817396],[129.32270352784565,34.349188694402756]]],[[[129.34823962355983,34.35092494622933],[129.34170522691477,34.349775036189044],[129.34627587473187,34.34790597338201],[129.34823962355983,34.35092494622933]]],[[[129.41010469487583,34.35073744118],[129.4101115297234,34.35118894581325],[129.40953980461836,34.351211413575925],[129.4094173016672,34.35094064029835],[129.41010469487583,34.35073744118]]],[[[129.33764330669328,34.3520194409445],[129.33759613455402,34.35221144080538],[129.3374740857605,34.35221146778508],[129.3375076133857,34.35196886487125],[129.33764330669328,34.3520194409445]]],[[[129.4163972629234,34.352447775444546],[129.41599579836748,34.352301026771045],[129.41618634222596,34.351189604116996],[129.4170232935902,34.35174802734963],[129.4163972629234,34.352447775444546]]],[[[129.266642438198,34.35237472081678],[129.26582583669312,34.35210353205241],[129.26587481197305,34.3520407746621],[129.266642438198,34.35237472081678]]],[[[129.41393721063378,34.3545015949727],[129.41378037606353,34.353734314986696],[129.41562443591909,34.3524709275913],[129.41572656293056,34.35373411713584],[129.41393721063378,34.3545015949727]]],[[[129.34436367144633,34.355066108414235],[129.3421972370129,34.35443593726876],[129.33961306119386,34.354581080652395],[129.33974435771597,34.35326385624205],[129.3383012453063,34.35187849469685],[129.3402547733392,34.351629585736816],[129.34095031080824,34.35319136908646],[129.3428824511642,34.35366942260583],[129.34436367144633,34.355066108414235]]],[[[129.33769665357772,34.35377191923874],[129.33764429324958,34.35497223358175],[129.33688022024603,34.35465035992621],[129.33691294387734,34.353803721064935],[129.33769665357772,34.35377191923874]]],[[[129.22629132298619,34.356564837597205],[129.22548154283902,34.35649158601791],[129.22569946835586,34.35598519755888],[129.22629132298619,34.356564837597205]]],[[[129.4123990785547,34.35686481995555],[129.4129227762652,34.355448901245836],[129.41375291796282,34.35560668460084],[129.4123990785547,34.35686481995555]]],[[[129.39631063612705,34.35986668499959],[129.3961682752457,34.35728715327957],[129.39181098618815,34.35390443164425],[129.38904337205406,34.34018584669951],[129.39645693873683,34.336740730100644],[129.40763875472476,34.33817073938815],[129.40556828784622,34.343895730003965],[129.40256758832356,34.34650046792228],[129.40613229586882,34.34879799113446],[129.4043065893777,34.35214993707001],[129.39631063612705,34.35986668499959]]],[[[129.2896162646789,34.35992908086246],[129.28954533065257,34.35900003622277],[129.29037412516584,34.35930418873738],[129.2896162646789,34.35992908086246]]],[[[129.39783946831687,34.35982097335926],[129.3978396113091,34.359978918592276],[129.39769686102136,34.35989994642546],[129.39783946831687,34.35982097335926]]],[[[129.397459001132,34.36012574820478],[129.39742494200755,34.36032877465328],[129.39726169886842,34.36030625203193],[129.39729552506844,34.360199161662024],[129.397459001132,34.36012574820478]]],[[[129.33413596600212,34.36155455869596],[129.33303522729398,34.360397775137244],[129.33244472074728,34.35544680222819],[129.33362566819005,34.35574586458006],[129.33413596600212,34.36155455869596]]],[[[129.4124707779041,34.36326113469369],[129.40833844436384,34.359492945642955],[129.40416143969878,34.36108469440319],[129.4022821920696,34.35932410782135],[129.40525422839994,34.356559531597156],[129.40595994799332,34.3507654946319],[129.41140513613823,34.353693612570225],[129.4109654728784,34.36029958625693],[129.4124707779041,34.36326113469369]]],[[[129.28723326810086,34.36337480180572],[129.2855585343989,34.36247010810905],[129.28709407283327,34.36135449461426],[129.28723326810086,34.36337480180572]]],[[[129.32508489035547,34.36572841393519],[129.32500350171028,34.365841386770626],[129.32480680918695,34.365773495150734],[129.32498963686237,34.36564386507234],[129.32508489035547,34.36572841393519]]],[[[129.29859547280284,34.36605638679288],[129.29769847010834,34.36801836035909],[129.29704503170296,34.36437902707047],[129.29796275028082,34.36445849476377],[129.29859547280284,34.36605638679288]]],[[[129.29287111530982,34.37340461323237],[129.29292555127324,34.3735680542224],[129.2927485206278,34.37350594614253],[129.29287111530982,34.37340461323237]]],[[[129.39220808003893,34.37486089171682],[129.39194141396513,34.373427640373336],[129.39431494158134,34.37300389241574],[129.39515933933205,34.37383344056087],[129.39220808003893,34.37486089171682]]],[[[129.39023727602955,34.375939694161616],[129.3896718938429,34.375572802243084],[129.3898072238244,34.37496874830913],[129.39066367069188,34.37444369442102],[129.39023727602955,34.375939694161616]]],[[[129.38442345038197,34.376352161922796],[129.38440228303898,34.375973747890214],[129.3850203367192,34.37571977484777],[129.38515747074075,34.37630689184965],[129.38442345038197,34.376352161922796]]],[[[129.38705481183013,34.37644291880571],[129.38621797737778,34.37618846822329],[129.38661114119122,34.37543772137377],[129.387359584877,34.37570882919914],[129.38705481183013,34.37644291880571]]],[[[129.2697885598942,34.38429386536967],[129.270120610278,34.384575387344285],[129.2699656939617,34.38511794563675],[129.2694910893424,34.3848808924393],[129.2697885598942,34.38429386536967]]],[[[129.3635023606455,34.39178666682125],[129.36344653702815,34.39204341427222],[129.36324933908577,34.39189080201896],[129.3635023606455,34.39178666682125]]],[[[129.36024919624344,34.39312878356657],[129.35998413725815,34.39298711696193],[129.3599903371844,34.392705026615715],[129.36034367092373,34.39287461267327],[129.36024919624344,34.39312878356657]]],[[[129.39641146631618,34.39320672960696],[129.39618027220183,34.39319570301933],[129.3961597145992,34.39307172967665],[129.3964246953435,34.39301486464433],[129.39641146631618,34.39320672960696]]],[[[129.3968600778304,34.393138170690065],[129.39690785971004,34.393267918579625],[129.39665638138695,34.393273891876674],[129.396751115072,34.39311583782569],[129.3968600778304,34.393138170690065]]],[[[129.39389067381558,34.3947167030135],[129.39363151798022,34.394367251647395],[129.39409383875966,34.39437814423604],[129.39389067381558,34.3947167030135]]],[[[129.39347549909508,34.39447468465903],[129.3935306608114,34.39493564026765],[129.39306120571018,34.39469566697153],[129.39347549909508,34.39447468465903]]],[[[129.39331897479087,34.39668641434662],[129.39339399533662,34.39682727875595],[129.3931834496566,34.39694619790873],[129.39312880684906,34.39674297271006],[129.39331897479087,34.39668641434662]]],[[[129.39312367082084,34.39753322497842],[129.3928995588676,34.39755066732948],[129.3928991964408,34.39740408143325],[129.39313021968394,34.39736408138731],[129.39312367082084,34.39753322497842]]],[[[129.39483213989138,34.398782386897665],[129.39493403397853,34.398889468274376],[129.39480547319408,34.39903077515021],[129.3946353052752,34.3989410542863],[129.39483213989138,34.398782386897665]]],[[[129.37994369614478,34.400640693813045],[129.37899855993567,34.400230441082044],[129.3798668346867,34.39995700041527],[129.37994369614478,34.400640693813045]]],[[[129.38499427976228,34.400837279317045],[129.3849615822113,34.40138436030003],[129.38428399521024,34.40175844139901],[129.384268079908,34.40073205414103],[129.38499427976228,34.400837279317045]]],[[[129.3793048123673,34.411340413829066],[129.37933243774182,34.411088359939924],[129.37961713432333,34.41113764009009],[129.3795150837542,34.411294640135566],[129.3793048123673,34.411340413829066]]],[[[129.37983289157478,34.411891945556874],[129.37973822264098,34.41178613492224],[129.37989442318917,34.41160080173569],[129.37995513642045,34.41176846774067],[129.37983289157478,34.411891945556874]]],[[[129.3956990269886,34.41203117140151],[129.3950940341624,34.41158858624431],[129.39552875474828,34.4112840092497],[129.3956990269886,34.41203117140151]]],[[[129.2679299346189,34.41642332357759],[129.2674402978315,34.41640799103601],[129.26713363171177,34.415830494981435],[129.2680719969252,34.41580543177531],[129.2679299346189,34.41642332357759]]],[[[129.27239477270064,34.416523856091146],[129.2722246686336,34.41656360432694],[129.27189138797723,34.41640179290846],[129.27221099893848,34.41628315344485],[129.27239477270064,34.416523856091146]]],[[[129.2689103107623,34.41736073910687],[129.26831834011932,34.416990377603895],[129.26833824931077,34.41650609897732],[129.26898452731416,34.41663956826153],[129.2689103107623,34.41736073910687]]],[[[129.27262175079318,34.422040107764815],[129.27230180258618,34.42219261299874],[129.27212444908412,34.42196225165662],[129.27236272356095,34.4219109732129],[129.27262175079318,34.422040107764815]]],[[[129.27034955878514,34.4248998646371],[129.26986616059492,34.42489480235332],[129.26985929966702,34.42468082935682],[129.27047199698518,34.42465761335825],[129.27034955878514,34.4248998646371]]],[[[129.26598291767755,34.42405537785345],[129.26458727598208,34.42326367587799],[129.26634243785327,34.42041957710188],[129.26921656319394,34.41750623412548],[129.26887836594392,34.42169940500361],[129.26692099870525,34.42161031456442],[129.26598291767755,34.42405537785345]]],[[[129.2640639946577,34.42613880216402],[129.26402997420405,34.42585691866191],[129.26443191989722,34.42588469422333],[129.26441832664455,34.42611582898235],[129.2640639946577,34.42613880216402]]],[[[129.26512658862123,34.426374080999096],[129.26495639372263,34.42648153199718],[129.26489516158256,34.4263743867686],[129.26512658862123,34.426374080999096]]],[[[129.2654058883711,34.42645816221449],[129.2655285855758,34.42654830575975],[129.26544014264857,34.42665566682564],[129.26526988299872,34.42657113504987],[129.2654058883711,34.42645816221449]]],[[[129.3674053571716,34.42965164940415],[129.36739900076338,34.4305513419709],[129.36731021969092,34.43057109018372],[129.36730474731633,34.429632287899835],[129.3674053571716,34.42965164940415]]],[[[129.26705555077308,34.430900224965455],[129.26465260723205,34.42835569396016],[129.26652358019908,34.42748525184294],[129.26705555077308,34.430900224965455]]],[[[129.26600669305446,34.43161674811449],[129.26576855977123,34.43161680207379],[129.26585725001212,34.43140255928074],[129.26604756184554,34.431498359561715],[129.26600669305446,34.43161674811449]]],[[[129.27229530498437,34.43370949479743],[129.27234286563078,34.43403141431838],[129.27208411179242,34.433856387362425],[129.27229530498437,34.43370949479743]]],[[[129.27151172478636,34.4353351623879],[129.2715935280189,34.435419775102616],[129.27149111502297,34.435487612763154],[129.27140263342483,34.435408306048544],[129.27151172478636,34.4353351623879]]],[[[129.2717159140583,34.43562319815214],[129.27179771729084,34.43574174768355],[129.2716343842195,34.43580372086507],[129.2715798574245,34.43563982931471],[129.2717159140583,34.43562319815214]]],[[[129.2739640339131,34.441581748099225],[129.27338494156186,34.441400360238504],[129.27355525337236,34.44120300041817],[129.2739640339131,34.441581748099225]]],[[[129.2754081445703,34.442341224667814],[129.27566697844838,34.442928892054795],[129.27521683538873,34.4428593330918],[129.2754081445703,34.442341224667814]]],[[[129.27803269815058,34.44428758600333],[129.2783259400901,34.44441877460679],[129.2782233850013,34.44480755872189],[129.2779300522302,34.444761161798226],[129.27803269815058,34.44428758600333]]],[[[129.28587666687474,34.44515944095548],[129.28481286602096,34.44451644098103],[129.2858024377324,34.444052108418134],[129.28587666687474,34.44515944095548]]],[[[129.29495752267155,34.44896063962187],[129.29433571971776,34.448654891709964],[129.29455403374175,34.44845863985438],[129.29494360566298,34.44866019771001],[129.29495752267155,34.44896063962187]]],[[[129.2950899217625,34.4508427120216],[129.29466591390087,34.451204991317354],[129.29462643276372,34.45117327942336],[129.29505044062535,34.4508110001276],[129.2950899217625,34.4508427120216]]],[[[129.29566844394355,34.451286414136746],[129.2956287289827,34.45132153176331],[129.29509664059754,34.45090863142826],[129.29513635465912,34.450873513801696],[129.29566844394355,34.451286414136746]]],[[[129.29464499387143,34.45122286534303],[129.29422097341921,34.451585143739464],[129.29418149228206,34.45155343184547],[129.29460551183502,34.45119115344903],[129.29464499387143,34.45122286534303]]],[[[129.28118189372947,34.45217382915894],[129.28083533098584,34.45154186476532],[129.2813464202012,34.451735747806595],[129.28118189372947,34.45217382915894]]],[[[129.29713804228686,34.45434383839745],[129.29649072556663,34.45443273907972],[129.2964809211577,34.45438376559838],[129.2971282360793,34.45429487390936],[129.29713804228686,34.45434383839745]]],[[[129.2730771728733,34.457678720596505],[129.2729409732474,34.45777977471687],[129.27276413685547,34.4575880806255],[129.27284605700004,34.45750941422813],[129.27310461658487,34.457566108389244],[129.2730771728733,34.457678720596505]]],[[[129.27391066094833,34.4699072251384],[129.27382963742787,34.46966541362798],[129.27396593957656,34.469603613116305],[129.2740809466784,34.46981716163276],[129.27391066094833,34.4699072251384]]],[[[129.27545316463193,34.4707228292952],[129.27492888506004,34.47064880160099],[129.27497031143082,34.470457774806505],[129.27535143961734,34.470503613251196],[129.27545316463193,34.4707228292952]]],[[[129.3964730482926,34.47194766725107],[129.39637992169605,34.471870359729394],[129.3969045529028,34.47147589189893],[129.39697414963734,34.47153366704515],[129.3964730482926,34.47194766725107]]],[[[129.27676635468356,34.473269532163215],[129.2765627238906,34.47313449536074],[129.2766718943925,34.472977387396554],[129.27691717278935,34.47295525238303],[129.27676635468356,34.473269532163215]]],[[[129.2762081059194,34.473274467642625],[129.2763780795848,34.473426360438225],[129.27611255475063,34.47343744098515],[129.2762081059194,34.473274467642625]]],[[[129.2789201950111,34.47672055910658],[129.27906296958042,34.47673189236298],[129.2790351616435,34.47692853182633],[129.27883795111063,34.47692305405576],[129.2789201950111,34.47672055910658]]],[[[129.27997736696193,34.477956440737216],[129.27990238688574,34.478040666743425],[129.279759636598,34.478035251925405],[129.279800803964,34.47792861301514],[129.27997736696193,34.477956440737216]]],[[[129.29010866418355,34.48699719756269],[129.28991061008662,34.48718861286426],[129.289869415741,34.48697822456546],[129.29010866418355,34.48699719756269]]],[[[129.41922053160226,34.49090474825556],[129.41899649789013,34.49059994643045],[129.41922066110465,34.49035749460273],[129.41962805399157,34.49067941412369],[129.41922053160226,34.49090474825556]]],[[[129.42151525342626,34.49308561321055],[129.42031347588625,34.49237336004256],[129.42057175128537,34.49150969431702],[129.42163111488412,34.49209774841239],[129.42151525342626,34.49308561321055]]],[[[129.29428996131276,34.4992251346323],[129.29429009081514,34.499406883121196],[129.29412645916887,34.49940604495305],[129.29413998677103,34.49924701783567],[129.29428996131276,34.4992251346323]]],[[[129.29631535686826,34.508187359958754],[129.29539537020025,34.507619440784595],[129.29555061027247,34.507014440763896],[129.29641686064963,34.507444251950744],[129.29631535686826,34.508187359958754]]],[[[129.43848158165974,34.50931394608182],[129.4382704667088,34.50916799960356],[129.43851594025853,34.509127972577915],[129.43848158165974,34.50931394608182]]],[[[129.43985033722333,34.51017849494161],[129.43943472093565,34.51021949503371],[129.4395983921521,34.50994799960057],[129.43985033722333,34.51017849494161]]],[[[129.30103357983592,34.510916269969925],[129.30086114112885,34.51099875668734],[129.300547314607,34.51073952261095],[129.30066455292683,34.51064226992486],[129.30103357983592,34.510916269969925]]],[[[129.44228710786376,34.51362649476698],[129.44185089530265,34.513544053914984],[129.4417287547783,34.51283946836685],[129.44284625235275,34.51316733330583],[129.44228710786376,34.51362649476698]]],[[[129.4546247208542,34.5223870812988],[129.45423569392221,34.52237635958136],[129.45411255515035,34.52197819823533],[129.45446758770902,34.521994494850105],[129.4546247208542,34.5223870812988]]],[[[129.45564255466024,34.5230310003804],[129.4556767190054,34.52322189227658],[129.45543099904148,34.523104359878346],[129.45564255466024,34.5230310003804]]],[[[129.30651073887952,34.52874894570732],[129.30625571992562,34.5282621076102],[129.30674465614106,34.527715441214696],[129.30720448759712,34.528214413864134],[129.30651073887952,34.52874894570732]]],[[[129.452134046649,34.52895317994535],[129.45204581056578,34.52897648587617],[129.45197819683642,34.52880112617106],[129.4520664464094,34.52877782923349],[129.452134046649,34.52895317994535]]],[[[129.3068680799979,34.52948120699216],[129.30663608278905,34.52949714387813],[129.30660807969923,34.52935614367112],[129.3068337222985,34.52940756780504],[129.3068680799979,34.52948120699216]]],[[[129.45369248991653,34.53083446813622],[129.45367123174196,34.53095788299993],[129.4535173667332,34.53093973018446],[129.45353862490765,34.53081631532075],[129.45369248991653,34.53083446813622]]],[[[129.45669924817184,34.530877278563594],[129.4568497281325,34.530978386643255],[129.45687066075243,34.53114689171571],[129.4566243319474,34.53108491943351],[129.45669924817184,34.530877278563594]]],[[[129.32001455312923,34.53782416185561],[129.32013841765388,34.537908865401846],[129.31998158218437,34.53802733309499],[129.31979572019634,34.53783516236291],[129.32001455312923,34.53782416185561]]],[[[129.3130943841985,34.5427118287879],[129.31294357958257,34.54273430644315],[129.31284756166565,34.542587252000146],[129.3130872237964,34.54259319831749],[129.3130943841985,34.5427118287879]]],[[[129.4646089105728,34.54393338691631],[129.46435700417248,34.543949829221276],[129.4638907776373,34.54338491917872],[129.46428625180909,34.54344180219749],[129.4646089105728,34.54393338691631]]],[[[129.3031336955637,34.54565605358408],[129.30327744499812,34.545724332811744],[129.30319588817974,34.54591630569303],[129.30297697790525,34.545768747629666],[129.3031336955637,34.54565605358408]]],[[[129.46125674430334,34.54582235981411],[129.4610729435616,34.54592391935347],[129.4610040860698,34.54582794640265],[129.46116055821324,34.545726359883645],[129.46125674430334,34.54582235981411]]],[[[129.30371571970477,34.546086801864476],[129.303667951315,34.54617164030901],[129.30346296974028,34.54615419795795],[129.30355165998117,34.54604689175068],[129.30371571970477,34.546086801864476]]],[[[129.3040646692491,34.54627974781215],[129.30427011667257,34.546382134727764],[129.30418805443526,34.54648361332812],[129.3040646692491,34.54627974781215]]],[[[129.30568569363993,34.5469278289562],[129.3053505316018,34.54677446756767],[129.30563700434436,34.54657153195069],[129.30586958521326,34.546736080905475],[129.30568569363993,34.5469278289562]]],[[[129.3077387163687,34.54839580222455],[129.30754691256004,34.54811858620383],[129.30779975425537,34.54809074768991],[129.3077387163687,34.54839580222455]]],[[[129.46924722428002,34.54929880159847],[129.46930230865473,34.54946822487875],[129.4691256943953,34.54950202679714],[129.46907739270762,34.549360972630836],[129.46924722428002,34.54929880159847]]],[[[129.3121685861114,34.5493885593346],[129.3124421400928,34.54957572084288],[129.3123331647438,34.54975063988019],[129.31212791157395,34.54956919806011],[129.3121685861114,34.5493885593346]]],[[[129.46033077804304,34.550000000299804],[129.4612633848974,34.550267946108875],[129.46121671907633,34.55034491908282],[129.46033077804304,34.550000000299804]]],[[[129.47261710809312,34.55251344084269],[129.47271933942602,34.55271689177118],[129.47248121873326,34.552739278594856],[129.47261710809312,34.55251344084269]]],[[[129.31314761327178,34.553288413629446],[129.31293577166855,34.552881586416106],[129.31344124461782,34.55288153155749],[129.3135574712004,34.55324882907024],[129.31314761327178,34.553288413629446]]],[[[129.29506935067002,34.55586810812673],[129.2949604148913,34.55600333288754],[129.29483049343264,34.55589544122171],[129.29506935067002,34.55586810812673]]],[[[129.3126000520508,34.55623835991241],[129.3117072240093,34.556707198078755],[129.3116537737028,34.55664186503009],[129.31254666739483,34.556167864755196],[129.3126000520508,34.55623835991241]]],[[[129.30912639366818,34.55736038737206],[129.30906488993276,34.557484440754365],[129.30894894933465,34.557410666669],[129.30912639366818,34.55736038737206]]],[[[129.30701710755352,34.55803874779002],[129.30669588770513,34.558026586257995],[129.30674364530307,34.5578119999239],[129.30701710755352,34.55803874779002]]],[[[129.3058427764231,34.55855025159286],[129.30577442255162,34.55841446835308],[129.3058698568085,34.55828466740354],[129.30604077835926,34.55846022495945],[129.3058427764231,34.55855025159286]]],[[[129.47167252856445,34.56050208080643],[129.4712028918001,34.56021949493379],[129.47161158240863,34.56010661292987],[129.47167252856445,34.56050208080643]]],[[[129.47193119336998,34.56050772135433],[129.47192418855047,34.56065463999971],[129.47179472124947,34.56064319792529],[129.47183561612087,34.56052466727965],[129.47193119336998,34.56050772135433]]],[[[129.472700143397,34.56140591924782],[129.4722575879174,34.5613437751951],[129.47201933862164,34.56103286517464],[129.4722033066373,34.56083533268452],[129.472700143397,34.56140591924782]]],[[[129.29826044116646,34.58528143209247],[129.29841038872848,34.58543376555588],[129.29834893625446,34.58560812611415],[129.29809666742733,34.585478324265296],[129.29826044116646,34.58528143209247]]],[[[129.3019591566898,34.58895680211475],[129.30164521415543,34.588855279447614],[129.3018226333079,34.58871482872644],[129.3019591566898,34.58895680211475]]],[[[129.47783508432178,34.599018161758806],[129.47732809331694,34.59941916226455],[129.47683586288485,34.59886713501032],[129.47768561609837,34.59862882905725],[129.47783508432178,34.599018161758806]]],[[[129.47464752276505,34.5996714679639],[129.4744149679765,34.599750333111444],[129.47427177702093,34.599496135238496],[129.47447011710233,34.59936630640999],[129.47464752276505,34.5996714679639]]],[[[129.47949527868423,34.599721494551375],[129.47897782136943,34.60018654117596],[129.47844920886394,34.599506559280314],[129.47949527868423,34.599721494551375]]],[[[129.46252736674467,34.60651730612881],[129.46248586303227,34.60669789179434],[129.46222674406908,34.6066188917485],[129.46227503226703,34.60649472055496],[129.46252736674467,34.60651730612881]]],[[[129.44022736719933,34.61538269425597],[129.44024805430433,34.615253252135915],[129.44041189369398,34.61523049479155],[129.44043214013118,34.61534910817488],[129.44022736719933,34.61538269425597]]],[[[129.46412383874417,34.615521829269085],[129.46302064938357,34.61439944118132],[129.46361758788146,34.61263720704153],[129.46515749702098,34.61468816222896],[129.46412383874417,34.615521829269085]]],[[[129.47845883340847,34.61581189210517],[129.4777157721652,34.615731918992935],[129.47773939016076,34.615643639742245],[129.47845883340847,34.61581189210517]]],[[[129.47943267237997,34.6162600539584],[129.47952308662127,34.616847197939876],[129.47942075186631,34.616866494693],[129.47933966269534,34.61627166690397],[129.47943267237997,34.6162600539584]]],[[[129.482479611445,34.61964780190459],[129.48235658868566,34.619704252349436],[129.48231625229323,34.619574667237146],[129.48244574567468,34.6195689997096],[129.482479611445,34.61964780190459]]],[[[129.48127535717208,34.62073569379726],[129.48108416310367,34.62080910815388],[129.48111197104072,34.620668386736725],[129.48127535717208,34.62073569379726]]],[[[129.48177883272706,34.62093816176679],[129.48157435837004,34.62092694632156],[129.48165688735548,34.62079172066143],[129.48177883272706,34.62093816176679]]],[[[129.4743430222128,34.627132666839145],[129.4743151621151,34.627301667438076],[129.4738642798127,34.627498639650526],[129.47403688669306,34.626918828741],[129.4743430222128,34.627132666839145]]],[[[129.48242060962355,34.62769330600133],[129.48235705633317,34.627757162363196],[129.48195671862777,34.627502198267905],[129.48202027191803,34.62743253228558],[129.48242060962355,34.62769330600133]]],[[[129.48727137467426,34.631876882911854],[129.4854511666381,34.630588559114756],[129.4869108301707,34.629363694179176],[129.48882356675426,34.63075400019699],[129.48727137467426,34.631876882911854]]],[[[129.36628538286413,34.64068102720768],[129.3664013882136,34.64088369392738],[129.36613591374146,34.64085022475814],[129.36628538286413,34.64068102720768]]],[[[129.36815596642475,34.64313261327953],[129.3682881973425,34.64332508078792],[129.36807050564937,34.64339838722583],[129.36815596642475,34.64313261327953]]],[[[129.38311377398156,34.645931828691005],[129.3831277818217,34.64610105412038],[129.38295085639697,34.64610680168761],[129.38294350174124,34.64593202744118],[129.38311377398156,34.645931828691005]]],[[[129.4770726849565,34.650707684711904],[129.47720185458195,34.65082573871695],[129.47696983129276,34.65089920703281],[129.47694957226497,34.650741658400875],[129.4770726849565,34.650707684711904]]],[[[129.4855118546884,34.650660053918386],[129.48464919620346,34.652400775375554],[129.4844067191948,34.65232116199206],[129.4852901951864,34.65058613504215],[129.4855118546884,34.650660053918386]]],[[[129.47619474699002,34.65250708063729],[129.47586011735063,34.652529891941015],[129.47584031068186,34.652169531798506],[129.4761475883406,34.65219169379168],[129.47619474699002,34.65250708063729]]],[[[129.48584756171567,34.65494461300352],[129.48490648504628,34.65405094589448],[129.48635465614257,34.654055000038284],[129.48584756171567,34.65494461300352]]],[[[129.47772518806698,34.65507410818361],[129.47642374765792,34.655437053876994],[129.476407327836,34.6553586132095],[129.47770880691598,34.65499227887062],[129.47772518806698,34.65507410818361]]],[[[129.4755511147922,34.65570169377821],[129.4744612839612,34.655962197697306],[129.47443658857776,34.65589400030791],[129.47553888491166,34.65562666693717],[129.4755511147922,34.65570169377821]]],[[[129.48429697762344,34.65769677498622],[129.48420163419814,34.6577139187624],[129.48409891093604,34.657250134785954],[129.48419418871094,34.6572466130408],[129.48429697762344,34.65769677498622]]],[[[129.3942835021819,34.66208977522302],[129.39445452715472,34.66230413492792],[129.39416858591153,34.662371774737665],[129.3940660047424,34.662264440651484],[129.3942835021819,34.66208977522302]]],[[[129.48928744515956,34.66742427930711],[129.48929428000713,34.66776211682827],[129.4890346043636,34.667666613323604],[129.4889456416281,34.667374062962665],[129.48928744515956,34.66742427930711]]],[[[129.50021452727867,34.67116589159269],[129.50032766469008,34.671360828639365],[129.50009719812726,34.67145613519256],[129.50000661481351,34.6713152518974],[129.50021452727867,34.67116589159269]]],[[[129.4795004668731,34.68329486456639],[129.47802124488464,34.68274661266611],[129.47976416338554,34.67981566725928],[129.48255185488426,34.68282999960485],[129.4795004668731,34.68329486456639]]],[[[129.47938808039567,34.69418246824637],[129.47948605703596,34.694660558637906],[129.47922011671506,34.69478449510842],[129.47896442326953,34.69419986473201],[129.47938808039567,34.69418246824637]]],[[[129.46796121893522,34.69599516244682],[129.4678043322042,34.696040359674896],[129.4675576913345,34.69591144096029],[129.4678435804169,34.695759333226704],[129.46796121893522,34.69599516244682]]],[[[129.4560880797012,34.69635761261378],[129.45575778209604,34.69604413502884],[129.45613250261295,34.69586880230344],[129.45642130999556,34.69609825173296],[129.4560880797012,34.69635761261378]]],[[[129.46822797673985,34.69609022528374],[129.468270636081,34.69639353243565],[129.46796330716097,34.69634925161671],[129.46793457831825,34.69614705434316],[129.46822797673985,34.69609022528374]]],[[[129.44099632891755,34.700630558753346],[129.44084725010055,34.70075416157533],[129.4403114789916,34.70042522464445],[129.44048780816593,34.700268134666715],[129.44099632891755,34.700630558753346]]],[[[129.4548148896955,34.70265082007933],[129.4543433589589,34.70262965813225],[129.45439486403177,34.70223112626553],[129.45489338522157,34.70221848629416],[129.4548148896955,34.70265082007933]]],[[[129.45634641985146,34.70287693662141],[129.45617230930475,34.70328690966318],[129.45580852094656,34.70306909925955],[129.45585321725218,34.70268188266283],[129.45634641985146,34.70287693662141]]],[[[129.4636820620775,34.703014963669716],[129.46352280203575,34.70353144072345],[129.4630770818419,34.703189720829016],[129.4636820620775,34.703014963669716]]],[[[129.45501411201167,34.70503794634419],[129.455014942086,34.705138864666935],[129.45487152989722,34.70514472105208],[129.4549250584447,34.705026801945394],[129.45501411201167,34.70503794634419]]],[[[129.4627924509109,34.70596706292969],[129.46265992231758,34.70554047671169],[129.4631247207293,34.70569155921811],[129.4627924509109,34.70596706292969]]],[[[129.4455171983601,34.70519022494898],[129.44440533144098,34.706191909628956],[129.444151426747,34.705048694141965],[129.4455171983601,34.70519022494898]]],[[[129.4497910510163,34.706444261193724],[129.44783648516568,34.70427813522781],[129.44225828818946,34.701337252312385],[129.44134189431304,34.69641522498267],[129.43718374843127,34.695100721021504],[129.431465383121,34.69113033289858],[129.42852599218088,34.69357322522421],[129.42395834000547,34.69384553184585],[129.42211003894715,34.697319342213916],[129.41852639437764,34.69566071177246],[129.41676142719814,34.69190328760669],[129.41892761341865,34.68803533316412],[129.41553180305038,34.685048991317956],[129.4148431912604,34.68247277539831],[129.41976093421977,34.67966274833719],[129.42448164741018,34.68180555038589],[129.43226691288783,34.67904249491528],[129.42939141428235,34.6769594950847],[129.42517679637217,34.6794122520738],[129.4192352660947,34.675646567635056],[129.4083276650897,34.67833500006026],[129.40360900055498,34.67149854092497],[129.4046234762925,34.66941965819075],[129.4024542278804,34.66398700029987],[129.39731086930124,34.66402763976379],[129.394947601151,34.657983810704366],[129.38756885891576,34.6530766581613],[129.38863474709592,34.65099682934027],[129.38339623934507,34.64810655937026],[129.38779208773474,34.64409019790435],[129.37887957243436,34.64261315317452],[129.37433721099353,34.64695290095568],[129.36890114107484,34.64274061318878],[129.36535197111664,34.638491269756344],[129.363014733843,34.639384278561636],[129.3633376776918,34.64421829733658],[129.3585003629015,34.64937618895999],[129.35269810613272,34.64999616179347],[129.34549942885565,34.64618999976875],[129.3421926073031,34.64543188297506],[129.33990332008227,34.640661955285054],[129.3354995459673,34.63813250501113],[129.33375408598238,34.64972452336809],[129.32777599196856,34.65051563988493],[129.32560199693467,34.64882844068006],[129.32113706892062,34.648841945799234],[129.3196549942826,34.64682667571054],[129.32120014287239,34.64209870319263],[129.31940050592868,34.64088565804673],[129.31835927356167,34.63405972997259],[129.3193857849261,34.631419333035865],[129.31773309990274,34.62589681128884],[129.31335529191324,34.62123756765965],[129.3131575229014,34.61424790091996],[129.3091932168935,34.609415071948035],[129.30885778236086,34.60704636919462],[129.30500948080294,34.60274181098583],[129.30508293113246,34.59871762182087],[129.30723443592058,34.596950396443674],[129.3061756937533,34.58913059520086],[129.29872704271895,34.584511485616645],[129.2988870950635,34.58075950504718],[129.2963620226892,34.57460714400452],[129.29097248998846,34.569613946126765],[129.28679874176862,34.56922131471197],[129.2857325163426,34.562765314667615],[129.28866010368085,34.55622455891631],[129.29519855986575,34.55610148579501],[129.2984798964302,34.55827769406039],[129.30439728890383,34.56768113487652],[129.30967167330914,34.56313073889254],[129.30749948141602,34.560482568216],[129.31161023302593,34.55780227915193],[129.31396660157748,34.560053838014255],[129.316746445592,34.55420322469911],[129.31504376096086,34.551404621725965],[129.32024354120654,34.54786119843561],[129.3236199091316,34.55076654104306],[129.32777283984478,34.55111332412065],[129.326509688971,34.54724518891442],[129.32794369574503,34.54134045889509],[129.32757460408482,34.53784548568069],[129.32957099920236,34.53312538672725],[129.3333332428349,34.53366182873049],[129.3337472241551,34.53769318908945],[129.33816717257696,34.53808733316396],[129.3362697802262,34.53138540541221],[129.32918115388725,34.527891125575024],[129.3249666151172,34.52992398190628],[129.32526941595086,34.53535400028693],[129.32147038914718,34.53793211737337],[129.31868721134583,34.53624946783873],[129.31999805416694,34.53019215344517],[129.31624527859674,34.52929838741068],[129.31468566800925,34.524385143759446],[129.31194839160503,34.51987726142653],[129.31380281524775,34.517184774857526],[129.30946464307885,34.51594028761423],[129.31083520088384,34.52163974827579],[129.30839996088957,34.52585107196944],[129.30382294407366,34.520243945601635],[129.3012425678903,34.513231476551425],[129.30333618691554,34.51199622534557],[129.29669494181815,34.506698757141976],[129.29638273677392,34.49876934203155],[129.2941522697115,34.49539816229543],[129.29140531840073,34.490498964255835],[129.29090258118924,34.487997928061986],[129.2888139821796,34.484483116702506],[129.28158035005322,34.48114586478988],[129.27992905268366,34.475623558880216],[129.27705418899973,34.47095068512607],[129.273998599356,34.469159640305236],[129.27327953292422,34.46612436005125],[129.27843765207604,34.46347724338011],[129.27398227036554,34.45664414411203],[129.28634199678584,34.449548693717304],[129.29065291769803,34.4516404862195],[129.29414531795214,34.45158281089806],[129.29809805418188,34.457279441393155],[129.3002907775974,34.45756841425094],[129.30891691278532,34.46371177487856],[129.30830586302523,34.45547383834702],[129.30639970228447,34.4541897656452],[129.30236868996315,34.455756568111156],[129.299566602117,34.45350115295588],[129.2976380671431,34.448500747911226],[129.29259315195247,34.445055431662865],[129.29472204868364,34.437775640033806],[129.28949291816366,34.43453233310072],[129.2906002722848,34.44025524268534],[129.28573334641692,34.443603513991036],[129.27820442279597,34.44405780202601],[129.27413958517377,34.44069899965916],[129.27542396904096,34.438468305967604],[129.2721405973108,34.43613472983395],[129.27484485060938,34.42950828757745],[129.27062219186075,34.42602340475639],[129.2741962784355,34.41893089244678],[129.27770456521353,34.4164880630737],[129.28290058359516,34.41718858638421],[129.2835436060526,34.41485563977602],[129.27350639410486,34.41553523406384],[129.2717864074168,34.41358417107267],[129.27389779524708,34.40907614394894],[129.27456887205585,34.40459753185064],[129.2732687806298,34.40259295470116],[129.2728682747511,34.39662165776332],[129.27112848229365,34.394036954941555],[129.2720295589171,34.39046811681021],[129.26789981812215,34.38561417985056],[129.27704878137627,34.38342050495237],[129.27634287922058,34.37702089240031],[129.27493557691537,34.37492508982109],[129.27068313891584,34.374726170576366],[129.2631274973362,34.368494982157756],[129.2589727113217,34.36850154990668],[129.25692929964748,34.366764774674664],[129.25157403381468,34.365411170888876],[129.25401386484805,34.361292224656495],[129.25178857338403,34.35565988309719],[129.24888566793925,34.35617986480895],[129.24680124538122,34.36033391877538],[129.24462277622024,34.361052027429196],[129.2441596370577,34.36497075669513],[129.2386082884418,34.366613035663136],[129.23606152981586,34.365205684794546],[129.23265620012364,34.366278747766046],[129.2274072503444,34.36261627042461],[129.22871434479123,34.35793140511032],[129.23363594044633,34.35512702669098],[129.23356968918984,34.353276071733376],[129.24407352787102,34.3517626224471],[129.24703537038613,34.35264218908583],[129.2541172760915,34.349820963666616],[129.2551572107368,34.35235206329713],[129.26234986975078,34.355070801975955],[129.26791727576176,34.356134054243284],[129.2692659656518,34.35476594619149],[129.2760707911342,34.35473199138835],[129.27906944200117,34.35009354997737],[129.27851182905772,34.3469815863312],[129.28367662837377,34.34355175730781],[129.28447155621745,34.34775650515866],[129.287829338753,34.34691515341166],[129.2880532807344,34.33922194613598],[129.29155361930418,34.34499942298504],[129.29206127131067,34.34925089241483],[129.2874979511696,34.35295252264086],[129.2953615179198,34.35311016210437],[129.2923291568652,34.35876540489954],[129.28819922181674,34.35792245865457],[129.2891573667191,34.35904197340841],[129.2847311023586,34.36019328818975],[129.2847711275855,34.3635351617184],[129.28897328089226,34.36724112577741],[129.2904500000675,34.37381071199479],[129.28494172538035,34.37767873928243],[129.28431299584815,34.384014269742806],[129.29002359281458,34.37927708097254],[129.2899094292768,34.37746182010699],[129.29472952025117,34.375502333166196],[129.3001455766571,34.37995685602414],[129.30535477280455,34.382184730341066],[129.30497023259022,34.384522577355085],[129.30912387826447,34.38601663995604],[129.31328832659506,34.38383261298475],[129.30896754911316,34.37845548643162],[129.303382918387,34.375547721050566],[129.29927741881784,34.37021272144],[129.3035016990442,34.366811468374635],[129.3032226070377,34.35930609889738],[129.30675776915575,34.355533081386625],[129.3045833982053,34.35054431536793],[129.29976620034995,34.34963393705658],[129.30195622579924,34.341314351076505],[129.3055895983813,34.342420251893145],[129.31051799021316,34.340178982174336],[129.31396879412466,34.34039460362811],[129.31559564162558,34.348394351118486],[129.32023500574098,34.35036509037667],[129.32583517495345,34.35092092805843],[129.3248238126689,34.35934025155143],[129.32872635503736,34.3597944676406],[129.3236576257989,34.367309378025425],[129.32829461660333,34.3668881346797],[129.32824171218533,34.37009963978659],[129.33275928741125,34.37450300021334],[129.3365793772365,34.37972624287187],[129.3388204536011,34.376833523148605],[129.33398251558071,34.37284561263499],[129.33234201007576,34.36853653173563],[129.33376745800183,34.363315216324224],[129.3368546039569,34.36798592810817],[129.3427502463269,34.36694335125469],[129.3438151101792,34.37155749478262],[129.34847575944877,34.37167397317535],[129.3464107784347,34.367591242641765],[129.34933514889804,34.363740081239825],[129.3412709856675,34.358466963979254],[129.34552302167015,34.35449467558885],[129.34899545967278,34.353293909786146],[129.35004634176528,34.34806278367057],[129.3523345138268,34.34677655889112],[129.35232769067045,34.34591935119715],[129.34874232210052,34.34514976624877],[129.34681636818095,34.34245133336242],[129.3490588852594,34.342149054135575],[129.35049753613248,34.34463124323736],[129.35338858581463,34.34505454962783],[129.3530303759511,34.341706819714034],[129.3558725807551,34.33904283805657],[129.34848448826858,34.337258270153086],[129.35080153036643,34.33070502731522],[129.34646046687715,34.33022416161583],[129.34539426663218,34.327684540908876],[129.35400080379418,34.31897346835092],[129.34761136167504,34.32085060437197],[129.34316560271043,34.32391953186095],[129.3393421269377,34.321316170804664],[129.33321461686114,34.318777523164215],[129.33662770410535,34.31564280217361],[129.33480546000408,34.31270664879287],[129.33890058409474,34.312185837906156],[129.33627719783442,34.30677390129455],[129.3468239170902,34.30298535968666],[129.35054993513143,34.29732574798493],[129.35391809314558,34.295799387132035],[129.35712413666965,34.300830918612064],[129.36013417565175,34.3013725137306],[129.36579385210462,34.30620951375812],[129.36566338475745,34.31101737844932],[129.3702575228665,34.31084337761985],[129.37119691330702,34.31587880226499],[129.3749836059087,34.31173526137326],[129.3796114137358,34.312906873853194],[129.37881066098328,34.31790055916355],[129.37511294370745,34.32003264039412],[129.37800311295337,34.32421100033747],[129.37366307379193,34.331243685247955],[129.3691206610897,34.332755648854175],[129.36969902678868,34.33670806312665],[129.37210765224643,34.33739804458412],[129.3794867317273,34.33550873893722],[129.385047471064,34.33049127015602],[129.3889634762835,34.3318855232983],[129.3928584697427,34.33663527919481],[129.38812771742028,34.34068513501103],[129.38860870272947,34.34653391011193],[129.3813896108419,34.34702094605984],[129.38755064944303,34.35041627888819],[129.39026027169427,34.355093395643735],[129.38947644598124,34.35685203609262],[129.39349726268858,34.35981844986162],[129.39337920868354,34.36240701796953],[129.38566425400222,34.36548544140004],[129.38894212727746,34.37021127892746],[129.38441517482056,34.371814567788135],[129.38094932615058,34.367549450247],[129.37555525277276,34.37037241405574],[129.3815358495998,34.371270099335675],[129.38270804214244,34.37323108994292],[129.38003623908128,34.377225918941065],[129.37696605703798,34.3783901893558],[129.3758939167709,34.38162996375189],[129.38071722372092,34.38871216173692],[129.38330015577765,34.38514074794722],[129.38689675687988,34.382838315336016],[129.38902754938192,34.38479459529441],[129.3877861216323,34.39028177458431],[129.39358252921045,34.39230053224384],[129.39369927380255,34.39333090080049],[129.39330737983175,34.39434673901087],[129.39234937702224,34.394769486022994],[129.39298472106805,34.39546932405011],[129.39280674433587,34.39772510792744],[129.39503002581512,34.40044845922904],[129.39433447485624,34.40310728777115],[129.39671802901387,34.40653348623147],[129.3939972111025,34.41017890972893],[129.3901243706432,34.40480793723657],[129.38963801638147,34.400953072426375],[129.3820598054158,34.39879100869814],[129.37871136233957,34.39513362241877],[129.3761857593654,34.39839214408221],[129.36750854718173,34.39176027891381],[129.35249350227332,34.389030359863284],[129.35596370905796,34.391803738651674],[129.35752885857005,34.39512938661193],[129.36259359301994,34.39821417994051],[129.36587024591518,34.39823014380613],[129.36914632864023,34.402751477298864],[129.36912252898162,34.40649555912279],[129.37580573284833,34.409461604169735],[129.3786041496619,34.41340456836616],[129.3778946430234,34.420070107749325],[129.37499346337768,34.426224558816386],[129.36744990868635,34.41957912557626],[129.36470665358922,34.42214191012113],[129.3673495983054,34.424346269864486],[129.36578372214115,34.42748735985384],[129.3658067438862,34.43248409026859],[129.37068175106208,34.43482069441956],[129.3750621787766,34.43329826090604],[129.37763115425446,34.42959010789724],[129.3831403372568,34.424925828963865],[129.38506635502836,34.42912821609434],[129.3798061223547,34.43956990083029],[129.3761984946649,34.44004509900219],[129.37526417640072,34.44506865799224],[129.3695752917664,34.45193462208522],[129.372082348022,34.45643192839083],[129.37559990860893,34.455492431830294],[129.37719582392822,34.45280352276444],[129.38666220469702,34.45820051444224],[129.38352265884373,34.46063103569378],[129.38555553765798,34.46294254066578],[129.38962599244564,34.46319700923465],[129.38954284022998,34.46684053156531],[129.39702793808897,34.472497811324956],[129.3993011796058,34.47679531525165],[129.40727608332463,34.483925928239046],[129.41283784698908,34.49004976638366],[129.41648345035105,34.491370188783264],[129.4269425027943,34.4993275862991],[129.42732583701786,34.501154595008586],[129.43357898778015,34.504549810925084],[129.43713210126555,34.50746914428561],[129.43555996132318,34.51122991033213],[129.4384373925717,34.515377107867266],[129.4416366408184,34.51430054113712],[129.44344928735484,34.51921244120126],[129.45076862487224,34.52400403625734],[129.44989199721795,34.52977386527169],[129.45594713435287,34.531890017710225],[129.46050460440404,34.53713581986227],[129.4589358881808,34.552524837950955],[129.465424591172,34.55295033329128],[129.46871966308208,34.55027284741402],[129.4716285733001,34.55302940528287],[129.46961378704668,34.55742227871525],[129.4706418677281,34.5588564230855],[129.4696117896524,34.55994478442432],[129.47171596581927,34.560878386828165],[129.46978051865608,34.564721018160526],[129.46933809267887,34.569301485675055],[129.47255536963462,34.5695239824459],[129.47556823608534,34.572343305798995],[129.47132255469216,34.57503011674652],[129.47604092065205,34.58478865757053],[129.4714584566425,34.5873654499556],[129.47939553757408,34.59457887431563],[129.47385841803168,34.59477927924041],[129.47452483815084,34.59743935963877],[129.46998435809166,34.60474275667292],[129.47016622619049,34.60746339561928],[129.46244689990453,34.60587121608381],[129.45908928734082,34.60770301817979],[129.4496381186043,34.607645377931874],[129.4511864849684,34.60974544059968],[129.44869281512138,34.61477265803177],[129.44119006536926,34.613926377999974],[129.43669696519282,34.61648133304715],[129.43832655023016,34.6181047838088],[129.44561933886143,34.61857003637812],[129.45152267223364,34.617182711612884],[129.44960878092058,34.626025143645506],[129.45379360609013,34.62609598234377],[129.45475640678285,34.62087790089447],[129.4572405968761,34.61591934220394],[129.46897094715155,34.61715719784644],[129.4722014657251,34.616526801870464],[129.47927014330253,34.6177190268117],[129.48016629074175,34.61962937839314],[129.47227531805152,34.624148639847874],[129.47113369616318,34.62776655038607],[129.47679548602298,34.62934691013186],[129.48228977984957,34.628500225405105],[129.49056855999106,34.64290227891706],[129.48682617428858,34.64524654978851],[129.48372538292017,34.64405623410795],[129.47454792464703,34.64524979274381],[129.47749902655892,34.6495221983908],[129.4752308428292,34.65296584729606],[129.46911357962802,34.655532640119304],[129.47043836643752,34.65827861296765],[129.4821244358941,34.653715098573],[129.4816005583192,34.657505613293495],[129.48521581136072,34.660995179783754],[129.49079552459386,34.66379998178377],[129.4884383142769,34.66647389195663],[129.4853924382105,34.666713287888],[129.48438396904498,34.6729457299615],[129.48754795127695,34.67505960441724],[129.48759741938545,34.67785573875142],[129.49365990937736,34.67741876626309],[129.49169207492935,34.68059538666779],[129.48672315155227,34.68246925185451],[129.4865081713151,34.67568843197563],[129.4829156027729,34.67513375711724],[129.47805355392848,34.67766669406274],[129.47444574637416,34.673804197605705],[129.47141394289918,34.67790922503076],[129.4745879507734,34.67904811657735],[129.47469693871278,34.685362720713044],[129.47316568105146,34.68825435135727],[129.47963716022684,34.688812621705154],[129.4798488723277,34.69153186490371],[129.47478933865716,34.69157958562943],[129.47077509689325,34.69558167575377],[129.46852125824955,34.69548556790471],[129.46570381268089,34.6959620089396],[129.4640183527648,34.69784402738003],[129.45954086931567,34.697715864995246],[129.45794627779856,34.692888928381365],[129.4514983006062,34.701678377755],[129.44886127073107,34.70304644084064],[129.4497910510163,34.706444261193724]]],[[[129.44304815824592,34.70695506262609],[129.4426082485719,34.70663676557433],[129.44313915704652,34.706418125995754],[129.44357814491548,34.70672910796202],[129.44304815824592,34.70695506262609]]],[[[129.4347404154379,34.70802082939781],[129.4330858112612,34.706041864940175],[129.43568075196515,34.704652639907465],[129.43652250301113,34.70662425240738],[129.4347404154379,34.70802082939781]]],[[[129.43996922220185,34.708852386628394],[129.43975111502198,34.70890872106065],[129.4395167436029,34.70865161298161],[129.44006286590854,34.708605494847745],[129.43996922220185,34.708852386628394]]],[[[129.442220855708,34.709407198183726],[129.44230577239352,34.70974310755844],[129.44180007821114,34.70970516156399],[129.44185119297822,34.70930702719761],[129.442220855708,34.709407198183726]]],[[[129.44017972831182,34.71114944129374],[129.44017391689283,34.71128949541395],[129.43988693873132,34.71130155891984],[129.43985211428367,34.71119502702891],[129.44017972831182,34.71114944129374]]],[[[129.4257882229482,34.715662494728406],[129.42539849544426,34.71556227877619],[129.42543788574994,34.71530966730734],[129.4257882229482,34.715662494728406]]],[[[129.43037228325431,34.71928533265202],[129.42981175111152,34.71926972132064],[129.42982243775532,34.71871927867181],[129.43033658916238,34.71901008075065],[129.43037228325431,34.71928533265202]]],[[[129.42996394338138,34.7196283062014],[129.4298339167019,34.719567162194835],[129.42992177686858,34.71939289156876],[129.43007958540466,34.71949935960782],[129.42996394338138,34.7196283062014]]],[[[129.43209566758105,34.72068461300455],[129.43223968861082,34.720807946029936],[129.43213769110162,34.72088122458888],[129.43195902728735,34.72073555869912],[129.43209566758105,34.72068461300455]]],[[[129.43238538327887,34.72117808090377],[129.43228988337148,34.72122313513961],[129.4321734499448,34.721156197700395],[129.43220024614448,34.72107172078336],[129.43233708159107,34.721099640236275],[129.43238538327887,34.72117808090377]]],[[[129.4511791833727,34.72308789199269],[129.45131173804634,34.72316903602223],[129.45117112814512,34.72323700858112],[129.45105460388697,34.72315919833841],[129.4511791833727,34.72308789199269]]],[[[129.44968005219266,34.72371697315981],[129.44909669255833,34.72328977540286],[129.44937542213813,34.72307033272972],[129.44968005219266,34.72371697315981]]],[[[129.44462831384567,34.72427467603552],[129.44325513631554,34.724261494672305],[129.44310640733488,34.72372601764164],[129.4446927889411,34.72373609004859],[129.44462831384567,34.72427467603552]]],[[[129.4455815817247,34.724574504609734],[129.44519791205403,34.72455709013764],[129.4451260571219,34.72423425240885],[129.44547003881132,34.72415982901293],[129.4455815817247,34.724574504609734]]],[[[129.4570658109385,34.725099467666325],[129.45684827482808,34.72508610823735],[129.45689014276593,34.7249503870508],[129.45708936418282,34.725011612895685],[129.4570658109385,34.725099467666325]]],[[[129.44660441036535,34.72532255888905],[129.44606185477085,34.72513165799967],[129.44656289226373,34.72488692818922],[129.44660441036535,34.72532255888905]]],[[[129.44857180324618,34.72591844068353],[129.44847841764488,34.726299026578886],[129.44805788566293,34.7261512517789],[129.44824661468954,34.72581719770557],[129.44857180324618,34.72591844068353]]],[[[129.4501881709474,34.72602415329209],[129.45027652394253,34.72634539562358],[129.45000416336154,34.72639626127847],[129.44977827524724,34.726064567925505],[129.4501881709474,34.72602415329209]]],[[[129.4567591699997,34.72645982895801],[129.45647060993076,34.72668663977663],[129.4563726980416,34.72639755900019],[129.4567591699997,34.72645982895801]]],[[[129.4571904147059,34.727276891815166],[129.45727219185824,34.72747986520369],[129.45700036277663,34.72755258618298],[129.45686613536395,34.727278251590064],[129.4571904147059,34.727276891815166]]],[[[129.44707310014348,34.72840150482563],[129.44718481212942,34.72852135117944],[129.44706909186516,34.72859866679511],[129.44691524034613,34.728450098793076],[129.44707310014348,34.72840150482563]]],[[[129.6252651102967,33.70034069396792],[129.62360464343965,33.69940889200683],[129.6240007516334,33.698653892263394],[129.62553166035786,33.69908161342579],[129.6252651102967,33.70034069396792]]],[[[129.6271545013792,33.70227066695776],[129.62656594006614,33.700902918634824],[129.62763593994669,33.70109622521068],[129.6271545013792,33.70227066695776]]],[[[129.62569394302113,33.70340025231985],[129.62529769093578,33.703395494906204],[129.6253046166148,33.703040413784095],[129.62567447539675,33.703066027375314],[129.62569394302113,33.70340025231985]]],[[[129.62571688742446,33.703598134646256],[129.6255886117251,33.70373153198466],[129.62545211442364,33.703652414127646],[129.62556299633525,33.70349730625571],[129.62571688742446,33.703598134646256]]],[[[129.69399581115783,33.707550494959435],[129.6937913098211,33.707618441438],[129.69362741917007,33.70746991930139],[129.69390024559993,33.7073786938717],[129.69399581115783,33.707550494959435]]],[[[129.71866425355256,33.70766130582467],[129.71852319129232,33.70734833275941],[129.7187601689467,33.70672900024323],[129.71901041519857,33.70676210788503],[129.71866425355256,33.70766130582467]]],[[[129.6560553053082,33.7093111975538],[129.65559669333277,33.7092626395592],[129.65585250279082,33.70883869375075],[129.65626260713373,33.70886108057448],[129.6560553053082,33.7093111975538]]],[[[129.65145641967808,33.70975872088832],[129.65126202312388,33.709591161902665],[129.6516842800056,33.709567667114186],[129.65145641967808,33.70975872088832]]],[[[129.6506970042634,33.710318973342],[129.6504469387753,33.7105280810062],[129.65032505815498,33.71010500034555],[129.65056425443686,33.710110468223604],[129.6506970042634,33.710318973342]]],[[[129.69072583662808,33.711030224665194],[129.69059693859788,33.71104738732714],[129.69054625190802,33.71091438658971],[129.69064119333643,33.71086697343213],[129.69072583662808,33.711030224665194]]],[[[129.64808291789245,33.711166532209745],[129.6480603368152,33.711033107891694],[129.64832661528112,33.71096408132735],[129.64808291789245,33.711166532209745]]],[[[129.69112511043556,33.71136322473308],[129.69087655041255,33.711379306409924],[129.69091338484486,33.71125058644549],[129.69112511043556,33.71136322473308]]],[[[129.65196380008933,33.71153166685298],[129.6507793641764,33.71071830560538],[129.65237130988805,33.71018427918119],[129.65196380008933,33.71153166685298]]],[[[129.69220027242466,33.71191853181483],[129.69212530493894,33.711974081138976],[129.69198897491128,33.71183969364699],[129.69215121890375,33.711833919100116],[129.69220027242466,33.71191853181483]]],[[[129.64963199741885,33.71211130599204],[129.64828152956898,33.71154589232913],[129.6494079124452,33.710798413615976],[129.64963199741885,33.71211130599204]]],[[[129.6475444748977,33.7123818022784],[129.6474159662739,33.71226680237106],[129.64769428036686,33.712163694199205],[129.64768141376635,33.71235169387563],[129.6475444748977,33.7123818022784]]],[[[129.71998396908498,33.71539477484902],[129.71997880697643,33.71578033309595],[129.71972172497772,33.71571091892383],[129.71998396908498,33.71539477484902]]],[[[129.7197158631966,33.715899360167384],[129.71979153035488,33.716048000115165],[129.7196506101876,33.716168639671025],[129.71954386515733,33.71602861342984],[129.7197158631966,33.715899360167384]]],[[[129.64571978014385,33.71721938686528],[129.6457030221768,33.717466197706926],[129.64540360639137,33.71727027860055],[129.64571978014385,33.71721938686528]]],[[[129.72390124504648,33.71898038713522],[129.7239833846255,33.71916238743427],[129.72377267167155,33.71912291888765],[129.72390124504648,33.71898038713522]]],[[[129.7241621923314,33.719248162073086],[129.72385875477778,33.719449414159214],[129.7236910510013,33.719146586345914],[129.7241621923314,33.719248162073086]]],[[[129.68658658909987,33.72236872143941],[129.68631516201515,33.72235805368126],[129.68629666655795,33.722282053773824],[129.68658658909987,33.72236872143941]]],[[[129.69269197135748,33.72227180240179],[129.69267654978296,33.722374774776085],[129.69159994797928,33.72248944103495],[129.6915694942369,33.72239202737023],[129.69269197135748,33.72227180240179]]],[[[129.6865037219693,33.722477305583254],[129.68632863835603,33.72254422503602],[129.68632464266818,33.72244502711635],[129.6865037219693,33.722477305583254]]],[[[129.6914586384055,33.72266044082676],[129.69128983116082,33.72258946812951],[129.69136328059096,33.72252227888009],[129.6914586384055,33.72266044082676]]],[[[129.68282688695137,33.72338610828234],[129.68267211362718,33.72326738698035],[129.6828307000768,33.72324813519333],[129.68282688695137,33.72338610828234]]],[[[129.6832342798382,33.723722441237726],[129.68310557696088,33.723831919307656],[129.6829586115507,33.7237360272959],[129.68320000037977,33.7236827208809],[129.6832342798382,33.723722441237726]]],[[[129.63727710755256,33.72758391876289],[129.6369858369269,33.72755782943034],[129.63702647189427,33.72739838682617],[129.63725817142756,33.72740308128721],[129.63727710755256,33.72758391876289]]],[[[129.65229992170407,33.7285396669721],[129.65090150470076,33.72903105384012],[129.651454383613,33.72870335977228],[129.65224297033683,33.72842630562957],[129.65229992170407,33.7285396669721]]],[[[129.67625277624472,33.72936258621445],[129.67635105056058,33.72870710814658],[129.6769470555622,33.729021639736914],[129.67625277624472,33.72936258621445]]],[[[129.64781294411216,33.72972474769898],[129.64774678278786,33.729905441283165],[129.64749674427935,33.72977669433902],[129.647603216815,33.729690640011086],[129.64781294411216,33.72972474769898]]],[[[129.62534691263,33.7302165860267],[129.62418542201965,33.729155666600775],[129.62484094685226,33.727923000046474],[129.62692208778424,33.72989244068367],[129.62534691263,33.7302165860267]]],[[[129.62873778212304,33.730582864607584],[129.6275666930485,33.72714125176742],[129.63098435784195,33.722789251622714],[129.63703058359465,33.7280808292669],[129.63482839211667,33.729632667014016],[129.62873778212304,33.730582864607584]]],[[[129.64817564159262,33.73066358595577],[129.64682552537772,33.722807134641585],[129.64720219202763,33.71799686516323],[129.6538035800712,33.72521563959015],[129.64843697828394,33.728518747841974],[129.64817564159262,33.73066358595577]]],[[[129.7605702462199,33.730712721315115],[129.760381751017,33.730613586348],[129.76046272417545,33.73051574820329],[129.76064883257766,33.73060833340793],[129.7605702462199,33.730712721315115]]],[[[129.7609097277018,33.73074361302736],[129.76093472076082,33.73093444107167],[129.76075250282577,33.730876945614625],[129.7609097277018,33.73074361302736]]],[[[129.9055014789102,33.731603387386485],[129.90610830095738,33.731310161634724],[129.90616902677925,33.73150966723739],[129.9055014789102,33.731603387386485]]],[[[129.62853306135173,33.73231638699173],[129.62837778170933,33.73224555908536],[129.6284738913571,33.732171945978564],[129.62853306135173,33.73231638699173]]],[[[129.6423498828409,33.73236464011609],[129.64218069967956,33.73238377499126],[129.6422605576787,33.732244639978205],[129.6423498828409,33.73236464011609]]],[[[129.91861661516475,33.73262122478974],[129.91836005207483,33.73261163981539],[129.91755461655237,33.73233069430614],[129.9181737737008,33.73223274824278],[129.91861661516475,33.73262122478974]]],[[[129.62928061021205,33.73290108121995],[129.62885335939507,33.73238794604691],[129.62934616089672,33.73227705424273],[129.62928061021205,33.73290108121995]]],[[[129.64277564168253,33.73257974805699],[129.64270141433883,33.73271046811368],[129.64246535669088,33.73255899979807],[129.64277564168253,33.73257974805699]]],[[[129.63716128386625,33.733660162086835],[129.63720666725396,33.733768864941226],[129.63706605735274,33.73383186514849],[129.63709805433177,33.73367158617481],[129.63716128386625,33.733660162086835]]],[[[129.86070613537993,33.734759243344456],[129.86018584969725,33.734497567608685],[129.86040328058698,33.734252098555544],[129.8608782746128,33.7343505050718],[129.86070613537993,33.734759243344456]]],[[[129.64082258129713,33.73490294601419],[129.6404308950698,33.73393772074928],[129.641121219169,33.73373225174208],[129.6411465242927,33.73435580207865],[129.64082258129713,33.73490294601419]]],[[[129.85184364486838,33.73523261319457],[129.85150055800443,33.7352536942027],[129.85142313896677,33.735004973201],[129.85181108941026,33.73508394626714],[129.85184364486838,33.73523261319457]]],[[[129.85672583672806,33.73545000001752],[129.85706306091163,33.73442999974475],[129.85915972773932,33.734080559170536],[129.85898444897316,33.73484166710932],[129.85672583672806,33.73545000001752]]],[[[129.63970832667803,33.73557846817181],[129.6395741370369,33.73554669422464],[129.6397144231821,33.735400585868376],[129.63983555106984,33.73549049469062],[129.63970832667803,33.73557846817181]]],[[[129.6297334764189,33.73607869357687],[129.62969153023994,33.73623994561706],[129.62958797690362,33.736145198442216],[129.6297334764189,33.73607869357687]]],[[[129.8553897796147,33.736292946262495],[129.8551399866211,33.73629793660052],[129.8551316211275,33.736163126427186],[129.8553563158414,33.736220045418804],[129.8553897796147,33.736292946262495]]],[[[129.85650861178306,33.73638055911556],[129.85650027236977,33.73654555863067],[129.85634639387104,33.73643722539771],[129.85650861178306,33.73638055911556]]],[[[129.8642782488422,33.73702638655857],[129.8641078857704,33.73704130631131],[129.86415333301,33.73691646782078],[129.8642782488422,33.73702638655857]]],[[[129.86307341090924,33.736842216195384],[129.86326169926804,33.7369319730322],[129.8631931520424,33.73723256782881],[129.8628149025858,33.73696843244727],[129.86307341090924,33.736842216195384]]],[[[129.75886150465476,33.73677455929851],[129.75521080393548,33.73399522519952],[129.75784654957863,33.72961130631677],[129.7612842539652,33.73207613490575],[129.76145510986544,33.73518441402956],[129.75886150465476,33.73677455929851]]],[[[129.75167483782354,33.7375318289308],[129.7541242799117,33.736329494710446],[129.75416719825762,33.73639189237201],[129.75167483782354,33.7375318289308]]],[[[129.7644085212363,33.7379249459795],[129.76414474738226,33.737777801604295],[129.76429044115105,33.737709161748455],[129.7644085212363,33.7379249459795]]],[[[129.86222114139264,33.73797474773647],[129.86204985741506,33.7379970536212],[129.86213241158157,33.73786841369639],[129.86222114139264,33.73797474773647]]],[[[129.86250182879644,33.73802208085442],[129.86235919631997,33.738288558969884],[129.8621391699868,33.73809094644008],[129.86250182879644,33.73802208085442]]],[[[129.77390011719672,33.7388180267306],[129.77390557698084,33.73897405370968],[129.77375702966322,33.73902222499572],[129.77368822343283,33.73886164025254],[129.77390011719672,33.7388180267306]]],[[[129.7567054223174,33.73882580226899],[129.75673538323144,33.73892419799341],[129.75655116700284,33.73903838671225],[129.75653061029948,33.738912918696315],[129.7567054223174,33.73882580226899]]],[[[129.77460758777,33.73944927886117],[129.7743031393784,33.739452585668346],[129.77443691263352,33.73926889194587],[129.77460758777,33.73944927886117]]],[[[129.67848341058095,33.73799355885569],[129.6781638391899,33.73923633289053],[129.6781061611705,33.739637468294575],[129.67730688690335,33.740015413780384],[129.67724778165984,33.73992525224867],[129.67799863822665,33.739570000255355],[129.67840555087548,33.737979972797575],[129.67848341058095,33.73799355885569]]],[[[129.75858111492653,33.740330919336486],[129.75766367064193,33.739945198312284],[129.75823841836836,33.739635639972846],[129.75858111492653,33.740330919336486]]],[[[129.86313055832863,33.74076527929424],[129.86299555120377,33.740568333162116],[129.86326527856977,33.74054582942654],[129.86313055832863,33.74076527929424]]],[[[129.86386527925924,33.74065833281588],[129.86238221806502,33.739948333348934],[129.86395306118493,33.739192775126526],[129.86386527925924,33.74065833281588]]],[[[129.86250583707476,33.741035000365],[129.86224166032446,33.74101500034203],[129.86223778244778,33.740796108053985],[129.86254888492317,33.74083749485453],[129.86250583707476,33.741035000365]]],[[[129.86143666726844,33.74092972122969],[129.86142472067434,33.741126107983575],[129.86097166021398,33.74096194573724],[129.86116194596707,33.74079555856821],[129.86143666726844,33.74092972122969]]],[[[129.78940147859544,33.74162672099641],[129.78868386456872,33.741536892213844],[129.78762866393174,33.74062922535853],[129.78941116699184,33.74107453186423],[129.78940147859544,33.74162672099641]]],[[[129.6276905836536,33.74179930629299],[129.6274065498725,33.74175741407345],[129.62749027225834,33.741655000178184],[129.6277132168915,33.74164555909533],[129.6276905836536,33.74179930629299]]],[[[129.78811830071902,33.74162449517439],[129.7883836061186,33.74178897308269],[129.78824619960244,33.74188289198196],[129.78796600502722,33.74171844105325],[129.78811830071902,33.74162449517439]]],[[[129.8667963937387,33.74243944102744],[129.86675722376697,33.742603053787946],[129.86664832665906,33.74252972126965],[129.8667963937387,33.74243944102744]]],[[[129.63423108939332,33.74266258620946],[129.6341577173049,33.74276146756773],[129.63372399496643,33.742651946330284],[129.63392916989528,33.74249330592136],[129.63423108939332,33.74266258620946]]],[[[129.8699597275595,33.74281166682499],[129.86863832669746,33.742760829049075],[129.86650138822858,33.741103613241194],[129.8679980543668,33.74081027867146],[129.8699597275595,33.74281166682499]]],[[[129.64405814506745,33.74265908065212],[129.64407927373952,33.74283802685352],[129.64395282726127,33.74279894591467],[129.64405814506745,33.74265908065212]]],[[[129.87041805355034,33.742921667401106],[129.87042944166546,33.74307666735439],[129.87027861186846,33.74300527917035],[129.87041805355034,33.742921667401106]]],[[[129.6340411669663,33.742828135210345],[129.63411649777822,33.743034999965346],[129.63385372217158,33.74312227916988],[129.63369219224091,33.74279958623197],[129.6340411669663,33.742828135210345]]],[[[129.86287527857132,33.74297333255333],[129.86302027176816,33.74314138706541],[129.8629277818917,33.743228613209965],[129.86278861180506,33.743115278847085],[129.86287527857132,33.74297333255333]]],[[[129.862220000153,33.743228613209965],[129.86144472069736,33.74282277525094],[129.8617347205809,33.741836387139585],[129.8623547212934,33.74189277463188],[129.862220000153,33.743228613209965]]],[[[129.87052277600537,33.74319444077088],[129.8705855513822,33.74327666668489],[129.8704516603159,33.743359441185305],[129.87042805401154,33.74322666707707],[129.87052277600537,33.74319444077088]]],[[[129.62861963728653,33.74346858560682],[129.6286840602213,33.74352261327806],[129.62855525302257,33.74364266737524],[129.628469143836,33.74358489222902],[129.62861963728653,33.74346858560682]]],[[[129.65233228290856,33.74318255892803],[129.65277014302774,33.743419414274626],[129.65268805381072,33.74368641399684],[129.65233224423775,33.74353474783038],[129.65233228290856,33.74318255892803]]],[[[129.63123033681063,33.74366608122472],[129.63121832726404,33.743786585882276],[129.63104136226912,33.74394753215296],[129.63097255513935,33.743849495258075],[129.63111442319212,33.74366602726542],[129.63123033681063,33.74366608122472]]],[[[129.63573033658588,33.7440372251379],[129.63544649795756,33.743843774670495],[129.635517638828,33.743789495189105],[129.63573033658588,33.7440372251379]]],[[[129.63220469469093,33.74413194623236],[129.63197141414946,33.743957892342905],[129.63206221779717,33.74370786462629],[129.63237827463774,33.743797053990875],[129.63220469469093,33.74413194623236]]],[[[129.67585761323835,33.74078353193448],[129.66951136195985,33.744219801902375],[129.66944114109583,33.744128026986914],[129.67585761323835,33.74078353193448]]],[[[129.64229717267642,33.74448435996527],[129.64199383944424,33.744457918997796],[129.64192372200228,33.74429110824809],[129.64217097261235,33.7442142791657],[129.64229717267642,33.74448435996527]]],[[[129.63531727617146,33.7442418020176],[129.63561291840153,33.744382694305955],[129.63532936395904,33.74452077531356],[129.63531727617146,33.7442418020176]]],[[[129.64019250278182,33.74436153235888],[129.64002538266539,33.74460027897976],[129.639881167382,33.74451938676032],[129.64000933876002,33.744354891764885],[129.64019250278182,33.74436153235888]]],[[[129.6413132172313,33.74491630614267],[129.63986552457436,33.74366527902947],[129.6410433333832,33.74283972117627],[129.6413132172313,33.74491630614267]]],[[[129.6397762515728,33.74497836026319],[129.63954649817242,33.745007467720484],[129.63956880675505,33.74484099961251],[129.63971627758417,33.74473155931406],[129.63985403393656,33.744893332961],[129.6397762515728,33.74497836026319]]],[[[129.63662761267426,33.74535716190354],[129.63649038872052,33.74266946782171],[129.62806092087487,33.741884775162305],[129.6287854219098,33.73942591897105],[129.63038933939652,33.736746135325916],[129.6304201951359,33.73303008087356],[129.6375576645546,33.73440574772712],[129.6408292479715,33.739178054123954],[129.63662761267426,33.74535716190354]]],[[[129.66583722400878,33.746161639647994],[129.66582622619944,33.74605569411506],[129.66762868971227,33.74509174768605],[129.6676929435746,33.74517199958814],[129.66583722400878,33.746161639647994]]],[[[129.7901357723481,33.74674855879903],[129.78992219235533,33.7465653866833],[129.79031902720146,33.74661566687956],[129.7901357723481,33.74674855879903]]],[[[129.64013221762775,33.74715777461165],[129.64008861219975,33.74757861326242],[129.6398166671056,33.74749333325076],[129.64013221762775,33.74715777461165]]],[[[129.67713277635664,33.748612694220526],[129.67639710843991,33.748313945732036],[129.67677377419034,33.74797944109838],[129.67713277635664,33.748612694220526]]],[[[129.78859097269526,33.74921477504188],[129.78856586272445,33.7494145594344],[129.78838450094406,33.74927738674205],[129.78859097269526,33.74921477504188]]],[[[129.6458207776069,33.754035278805134],[129.64358425361047,33.75407135960563],[129.6441615563108,33.753123865374164],[129.6458207776069,33.754035278805134]]],[[[129.64714861221876,33.75443249496374],[129.64635082992697,33.755058054385756],[129.64592722406223,33.75491389216245],[129.64674277605832,33.75429082925842],[129.64714861221876,33.75443249496374]]],[[[129.64526166009762,33.754637495424106],[129.6454797277073,33.75504138725029],[129.64513832707223,33.75532027870793],[129.64485472136835,33.754834440656964],[129.64526166009762,33.754637495424106]]],[[[129.6455954470723,33.75559172108109],[129.64564705556722,33.7557392521648],[129.64554130968372,33.75575146765618],[129.6455954470723,33.75559172108109]]],[[[129.79985241195936,33.75555108071785],[129.8000539949959,33.75566346809461],[129.80003377373976,33.75583682860679],[129.7997178338111,33.75571838699403],[129.79985241195936,33.75555108071785]]],[[[129.64609199694814,33.755604918632116],[129.64618230866665,33.75564738731714],[129.6462765504225,33.75589558581271],[129.64604505773332,33.755736359945104],[129.64609199694814,33.755604918632116]]],[[[129.64949769086581,33.75941089179929],[129.64910474738622,33.759332639989395],[129.64885119342784,33.75916886535089],[129.64886053198802,33.758997693788615],[129.64949769086581,33.75941089179929]]],[[[129.64930036342105,33.75946791870956],[129.6495026722106,33.759530441376796],[129.64935564204927,33.75959949492079],[129.64930036342105,33.75946791870956]]],[[[129.6493146950172,33.75976058598229],[129.64900897498433,33.75994941393435],[129.64891055767612,33.75965386523376],[129.6493146950172,33.75976058598229]]],[[[129.8146674971074,33.760357225005976],[129.8144247206244,33.7603688919109],[129.81445861157567,33.76016110804875],[129.8147125027798,33.760186666781294],[129.8146674971074,33.760357225005976]]],[[[129.79810422792787,33.76377622529259],[129.79814313889483,33.7639844138497],[129.79799852071517,33.76396330586192],[129.79810422792787,33.76377622529259]]],[[[129.79661452703886,33.764213053889364],[129.79663642013475,33.76404627911256],[129.7967533850607,33.76406097313543],[129.79661452703886,33.764213053889364]]],[[[129.81470155623185,33.76634025180124],[129.81433791176528,33.76647633271665],[129.81424700379625,33.76617794575566],[129.8146310251018,33.76615189239595],[129.81470155623185,33.76634025180124]]],[[[129.81553496786455,33.766658467914],[129.81544817069653,33.76700808115805],[129.81491121877775,33.766697666664015],[129.81523133605742,33.766313828820216],[129.81553496786455,33.766658467914]]],[[[129.6702036960438,33.76904755919753],[129.67000105090779,33.76889364022935],[129.67014985723017,33.768801198016945],[129.67038272408354,33.76900935959435],[129.6702036960438,33.76904755919753]]],[[[129.65617817068608,33.77206327919703],[129.65607102455817,33.77210408143827],[129.65584236113614,33.77205677529997],[129.65603549863943,33.77192930629252],[129.65617817068608,33.77206327919703]]],[[[129.65634968938673,33.77228353215935],[129.65663316468886,33.7725015592996],[129.6565278855535,33.77279255922929],[129.65630978017225,33.77242108076831],[129.65634968938673,33.77228353215935]]],[[[129.64567936371168,33.77278861300414],[129.64556175127382,33.77282805367179],[129.6454476911581,33.772674999851404],[129.64563708208573,33.772690918750925],[129.64567936371168,33.77278861300414]]],[[[129.64540652379208,33.77297241374595],[129.6449319461525,33.7728835319495],[129.64505177721776,33.77274094623772],[129.64544994755715,33.77280241400024],[129.64540652379208,33.77297241374595]]],[[[129.64457968890156,33.77308953155671],[129.64477189380796,33.77316738676552],[129.64471627793398,33.773360667261045],[129.64455136205572,33.77326266723833],[129.64457968890156,33.77308953155671]]],[[[129.64639092080438,33.77333380181358],[129.64625647215848,33.773447306148284],[129.6460180798706,33.77331902685165],[129.64611727599151,33.773239559158355],[129.64639092080438,33.77333380181358]]],[[[129.64609944243534,33.77341630561807],[129.64578808005592,33.77342577457989],[129.64589411192378,33.77329913474733],[129.64609944243534,33.77341630561807]]],[[[129.64441389078854,33.7735721976988],[129.64433316494365,33.77352325209648],[129.6443885595844,33.7733963055951],[129.64454189399328,33.7735389461655],[129.64441389078854,33.7735721976988]]],[[[129.64670267169106,33.773611414435265],[129.64655092098826,33.77363305392237],[129.64642425417605,33.77343908094889],[129.6466108949769,33.773478440677536],[129.64670267169106,33.773611414435265]]],[[[129.6494082487917,33.77392238740828],[129.64946263259446,33.77404153229094],[129.64897438436037,33.7739576399332],[129.64915849536828,33.773797108249994],[129.6494082487917,33.77392238740828]]],[[[129.64970496840965,33.77387849509654],[129.64959280226606,33.77400810808774],[129.64937593974787,33.77385219802056],[129.64970496840965,33.77387849509654]]],[[[129.77605213999436,33.77398164014062],[129.77455372197676,33.7741458023869],[129.77454063594166,33.77406555857874],[129.77605213999436,33.77398164014062]]],[[[129.7720519456409,33.77389000012346],[129.77220666680432,33.774222494772346],[129.7717752791059,33.77428999968379],[129.7720519456409,33.77389000012346]]],[[[129.64932391666548,33.77435502696295],[129.64903241221612,33.77436891879063],[129.6489726720513,33.77421677508414],[129.64935769070496,33.774282494841316],[129.64932391666548,33.77435502696295]]],[[[129.7835983656721,33.775410694348125],[129.7832715295575,33.77527800027951],[129.7835538905996,33.77515255924328],[129.7835983656721,33.775410694348125]]],[[[129.7841913876225,33.776657775236174],[129.78409693902256,33.776978891662566],[129.7836716604188,33.77693389228534],[129.78385389094433,33.77666333304643],[129.7841913876225,33.776657775236174]]],[[[129.7841708300199,33.77864166707934],[129.78483221843214,33.77766110837348],[129.7867013882585,33.7777005589337],[129.7866744490666,33.7783036128215],[129.7841708300199,33.77864166707934]]],[[[129.7967022828841,33.77911738685799],[129.79646182935005,33.7787467483638],[129.79656616059992,33.77780925189552],[129.79682955943667,33.77789094631015],[129.7967022828841,33.77911738685799]]],[[[129.76454822282233,33.78039499972948],[129.76425313907123,33.780255252278096],[129.7645708299799,33.77975205371433],[129.76492914416474,33.78022761341367],[129.76454822282233,33.78039499972948]]],[[[129.78855941638403,33.780762693843315],[129.7887721923828,33.780520000097965],[129.79149024577828,33.78100902714493],[129.79147277644756,33.78107958615402],[129.78881778171535,33.78057777524418],[129.78855941638403,33.780762693843315]]],[[[129.78051999979823,33.78112166723122],[129.77694360556302,33.781702224578055],[129.77753082958418,33.77806110793381],[129.78051999979823,33.78112166723122]]],[[[129.76555302185454,33.78433344123539],[129.76555247686542,33.784469495171095],[129.7654674972273,33.7844693063135],[129.76546817081953,33.784333162445535],[129.76555302185454,33.78433344123539]]],[[[129.65198702957787,33.7857564951662],[129.65060061042993,33.78544444120803],[129.65166581062874,33.78400174788243],[129.6529565500049,33.785174918887435],[129.65198702957787,33.7857564951662]]],[[[129.65637883281693,33.78696455896727],[129.65635814481254,33.787030865082386],[129.65613930018867,33.787013721306266],[129.65614058442054,33.78693005377903],[129.65637883281693,33.78696455896727]]],[[[129.78849499434853,33.788162224806854],[129.78866000015898,33.78828610821739],[129.78860027168525,33.788351945785735],[129.78840416282196,33.788305000275614],[129.78849499434853,33.788162224806854]]],[[[129.78755749698098,33.78832194620088],[129.7877008300294,33.788388612944175],[129.78754666734494,33.788460000228895],[129.78755749698098,33.78832194620088]]],[[[129.79819341099721,33.789154107775914],[129.7983169778463,33.789222054254424],[129.79830941634657,33.78931466733809],[129.79818367133942,33.789362864704515],[129.79819341099721,33.789154107775914]]],[[[129.79338296974834,33.78945613519255],[129.79314588777254,33.789346333366666],[129.79318766487893,33.78924697266973],[129.79355430588657,33.78930966710749],[129.79338296974834,33.78945613519255]]],[[[129.7936476393271,33.7897023057169],[129.79369374756845,33.78985969426952],[129.7935742276685,33.78983780207295],[129.79354224417932,33.789733999624445],[129.7936476393271,33.7897023057169]]],[[[129.79424319107045,33.78998616233156],[129.79405416256964,33.789976134890765],[129.79389680909048,33.78990719825862],[129.7939252267679,33.78980974772173],[129.79408396880024,33.789817386563186],[129.79424319107045,33.78998616233156]]],[[[129.79465944227945,33.79022222537543],[129.79483916999175,33.790336108324766],[129.79462389117975,33.79037361275209],[129.79465944227945,33.79022222537543]]],[[[129.65741763881306,33.79303574810132],[129.6574534498169,33.79312633321376],[129.6572993635748,33.79313977538038],[129.65730155612198,33.79303844067152],[129.65741763881306,33.79303574810132]]],[[[129.77897769126753,33.79489041366173],[129.77898907938254,33.79501022494196],[129.7788683660823,33.79504927890116],[129.77881561634763,33.79496255907492],[129.77897769126753,33.79489041366173]]],[[[129.779120195141,33.79590853165348],[129.7787006362255,33.79581263964167],[129.77849483806642,33.795553694247644],[129.77872936416884,33.79537608084149],[129.779120195141,33.79590853165348]]],[[[129.65377219193317,33.79632027905768],[129.65367538261285,33.796304198280154],[129.65356094658046,33.796082694360905],[129.6539393003585,33.79621838676917],[129.65377219193317,33.79632027905768]]],[[[129.77694160816873,33.79631133260199],[129.7758333070616,33.796415359880996],[129.7758333070616,33.79632230612958],[129.77694160816873,33.79631133260199]]],[[[129.77921338469002,33.796475252031314],[129.7791167192612,33.79650036020354],[129.77909555101894,33.796369305599],[129.7792702722054,33.79639497314952],[129.77921338469002,33.796475252031314]]],[[[129.7700205579025,33.79689194570676],[129.77008333327922,33.79707972055269],[129.76990333307242,33.797211386696176],[129.7697513881161,33.79714194644373],[129.7700205579025,33.79689194570676]]],[[[129.7747806613985,33.79734708090314],[129.7747087812853,33.79749638724854],[129.7746128020392,33.797234748384994],[129.7747806613985,33.79734708090314]]],[[[129.65333639395942,33.7973957746953],[129.65336021969847,33.79755066672993],[129.6531705841552,33.7976145590647],[129.65313807995847,33.797506305871366],[129.65333639395942,33.7973957746953]]],[[[129.6503953833403,33.79998741398799],[129.6502874188294,33.79993866713585],[129.65028919588974,33.79984661343053],[129.6504690270241,33.79991616160163],[129.6503953833403,33.79998741398799]]],[[[129.6479370820308,33.80545499974852],[129.64759547275298,33.80540977464142],[129.6476219973573,33.805258639974284],[129.64796364530605,33.80520197279287],[129.6479370820308,33.80545499974852]]],[[[129.67718165990573,33.80698589228513],[129.6771107258794,33.80693674793264],[129.67714267159704,33.80681625226828],[129.6772788847128,33.80688213480272],[129.67718165990573,33.80698589228513]]],[[[129.68539856039536,33.80675561278133],[129.6852670039691,33.80774661261614],[129.68514328063793,33.80773491873157],[129.68526968934475,33.80674408077476],[129.68539856039536,33.80675561278133]]],[[[129.7656263417823,33.8074793781708],[129.7650252268328,33.80921679282079],[129.7649049164288,33.80918765838379],[129.76550463023455,33.807450071963274],[129.7656263417823,33.8074793781708]]],[[[129.76511176409667,33.810832810685724],[129.76587894875456,33.8103650094377],[129.7659370035899,33.81045216183787],[129.76511176409667,33.810832810685724]]],[[[129.76461306124384,33.810835135433194],[129.7644169775615,33.81050744136536],[129.76485046697553,33.81055691936638],[129.76461306124384,33.810835135433194]]],[[[129.66546160776704,33.81180522513108],[129.66462347559298,33.81171889201329],[129.6651026073995,33.81120546815788],[129.66546160776704,33.81180522513108]]],[[[129.76538783438116,33.81216305368201],[129.76512094707414,33.812163972789165],[129.76494871611044,33.81190619831244],[129.76532044098565,33.81195500002326],[129.76538783438116,33.81216305368201]]],[[[129.76575102469008,33.812309775375866],[129.76554111483063,33.8123034684304],[129.7655825807716,33.812192919267886],[129.76575102469008,33.812309775375866]]],[[[129.76554082974553,33.812303053842925],[129.76540138806365,33.81234055916951],[129.765413606253,33.81219472060991],[129.76550555114034,33.81219694643198],[129.76554082974553,33.812303053842925]]],[[[129.67387444894678,33.812030278674456],[129.67389194615646,33.81221194622441],[129.67363416268654,33.812454720908704],[129.67336693903303,33.8125094410579],[129.67371416277842,33.812113892242394],[129.67387444894678,33.812030278674456]]],[[[129.76523450087154,33.81283761266576],[129.76507788573588,33.81281010780026],[129.76500150541517,33.81269891921977],[129.76525280207522,33.81271658640139],[129.76523450087154,33.81283761266576]]],[[[129.66515691296127,33.81305505434733],[129.6651684440685,33.81280086456832],[129.6654080027772,33.81290036016355],[129.66515691296127,33.81305505434733]]],[[[129.67865919566543,33.81413227938123],[129.6785053828172,33.81419399985327],[129.67843399463322,33.81414377541495],[129.67857141373986,33.81404313498274],[129.67865919566543,33.81413227938123]]],[[[129.67054983071023,33.8156287746483],[129.67002885884483,33.81530246823439],[129.67130724962988,33.81496563975253],[129.67126089497435,33.81538289190701],[129.67054983071023,33.8156287746483]]],[[[129.65996472119502,33.81685777466663],[129.66002888512503,33.817085829247674],[129.65979610910324,33.81714500014169],[129.65970666702913,33.81698416178966],[129.65996472119502,33.81685777466663]]],[[[129.66007000033028,33.81616249530299],[129.65899166013708,33.817246666700385],[129.6584938907805,33.81621305428905],[129.66007000033028,33.81616249530299]]],[[[129.66031778243973,33.81841222494427],[129.65925888468985,33.81829444073588],[129.65965499378296,33.81734027893077],[129.66031472114753,33.81768610782768],[129.66031778243973,33.81841222494427]]],[[[129.67119620044434,33.818857667247585],[129.67131250257,33.81895216171296],[129.67122635471253,33.81919194615142],[129.67101836580503,33.81906691880329],[129.67119620044434,33.818857667247585]]],[[[129.66011722373094,33.82066333324627],[129.65974583700086,33.82102055925145],[129.65916722398822,33.82077833315361],[129.65966527932926,33.820207224983506],[129.66011722373094,33.82066333324627]]],[[[129.65976693869334,33.821762775132015],[129.65969749664225,33.82187833261901],[129.6595952787991,33.82175000026234],[129.65976693869334,33.821762775132015]]],[[[129.65926693901804,33.82232249518705],[129.65937693869478,33.822173053943345],[129.65957944173795,33.82210361279152],[129.65959416274052,33.82220889192689],[129.65926693901804,33.82232249518705]]],[[[129.67513005181047,33.8229548022224],[129.67489819669447,33.82293980242997],[129.67497783435965,33.82279580208467],[129.67513005181047,33.8229548022224]]],[[[129.66043861175262,33.82296972107582],[129.65979194614147,33.82250472121598],[129.66074666732493,33.822301945678305],[129.66043861175262,33.82296972107582]]],[[[129.76536830110626,33.82297649476948],[129.76522286634224,33.823032559405135],[129.7650605836791,33.82292541417655],[129.76536160835155,33.82287355926741],[129.76536830110626,33.82297649476948]]],[[[129.67334070041306,33.82367016164869],[129.67252929968754,33.8237955586182],[129.67251880729714,33.823737775378106],[129.67334070041306,33.82367016164869]]],[[[129.76430050636338,33.82387449481212],[129.7639641374351,33.82374997288298],[129.76419652405036,33.82368222515464],[129.76430050636338,33.82387449481212]]],[[[129.76736083003834,33.82395527911291],[129.7671820879831,33.824069973250744],[129.76667891100305,33.8238037208651],[129.7665621142503,33.823525639696584],[129.76696263271936,33.82347382885416],[129.7671245529558,33.82384830565485],[129.76736083003834,33.82395527911291]]],[[[129.76547027163576,33.82414638684634],[129.76556917008122,33.824239161807895],[129.76547583664058,33.82433777516826],[129.7653419455744,33.82428361259872],[129.76547027163576,33.82414638684634]]],[[[129.67401525310152,33.82437394590096],[129.67383379959028,33.82435022538266],[129.67384016858898,33.82413038700781],[129.6740196885578,33.82422408107652],[129.67401525310152,33.82437394590096]]],[[[129.76567383857684,33.824479693583044],[129.7653935540693,33.82446444108115],[129.76552766457007,33.82434405423476],[129.76567383857684,33.824479693583044]]],[[[129.7655301952624,33.82480702702276],[129.76536272441024,33.82466791898935],[129.76560291804026,33.824645828941925],[129.7655301952624,33.82480702702276]]],[[[129.76434710833246,33.825047162196825],[129.7642566931919,33.82508313507867],[129.76412669259287,33.82483149487763],[129.7641767443613,33.82477053163478],[129.76434710833246,33.825047162196825]]],[[[129.76541275009845,33.82550633265117],[129.76518147864238,33.825480414189826],[129.76530050571387,33.825298467850075],[129.76554102489843,33.82530741430577],[129.76541275009845,33.82550633265117]]],[[[129.66937444917153,33.82591082882175],[129.66945778215097,33.82653361293592],[129.66885499356317,33.82642027857304],[129.66937444917153,33.82591082882175]]],[[[129.767196433069,33.82639357680216],[129.76723132316704,33.82611498212077],[129.76759143959328,33.82539793736498],[129.76768750967085,33.82541035070716],[129.767196433069,33.82639357680216]]],[[[129.76624444942183,33.82732361339407],[129.76637333306292,33.82741166691494],[129.76632082974254,33.82752610834325],[129.7661494423429,33.827471387294736],[129.76624444942183,33.82732361339407]]],[[[129.67030275007187,33.82922891887955],[129.6700883013341,33.82896194613693],[129.6703229443484,33.828849027260844],[129.67053175073977,33.82910002714459],[129.67030275007187,33.82922891887955]]],[[[129.7664448381588,33.83004541426453],[129.76622644589384,33.82999538677774],[129.76634530479203,33.82990191933817],[129.7664448381588,33.83004541426453]]],[[[129.7675147732882,33.83082146803639],[129.7672903366797,33.83080853218809],[129.7672910894123,33.83063191882803],[129.76752341127644,33.83061022538163],[129.7675147732882,33.83082146803639]]],[[[129.76709891058636,33.8309571982162],[129.76694916986833,33.83092397276317],[129.7669879513329,33.83081686530613],[129.7671505838324,33.83082613461846],[129.76709891058636,33.8309571982162]]],[[[129.65975552539726,33.833920585766464],[129.65841988287139,33.83251933320071],[129.65964124494758,33.83091022482705],[129.66086182911022,33.831751224939126],[129.65975552539726,33.833920585766464]]],[[[129.6705966152416,33.83776230608561],[129.67060185469188,33.83790394571059],[129.6704613877829,33.83785066717462],[129.6705966152416,33.83776230608561]]],[[[129.77016311303726,33.84543989213739],[129.77012019469134,33.845331333174556],[129.7702738654466,33.84526777538758],[129.77030941564703,33.84537041411335],[129.77016311303726,33.84543989213739]]],[[[129.675347471009,33.84647569439784],[129.67546252937234,33.846247666796444],[129.6758011933705,33.84614646788526],[129.67587652418229,33.84631561327501],[129.675347471009,33.84647569439784]]],[[[129.75447189396277,33.84755155875746],[129.75474263306614,33.84742025234283],[129.75478644623752,33.84754855861911],[129.75447189396277,33.84755155875746]]],[[[129.72727286634972,33.85133008101849],[129.72746953279272,33.850915053786764],[129.7282425288697,33.85096349486946],[129.72767661518367,33.85145546809542],[129.72727286634972,33.85133008101849]]],[[[129.71052153004462,33.855744612823685],[129.71037077758933,33.855874973151515],[129.71033374800413,33.85576341405039],[129.71052153004462,33.855744612823685]]],[[[129.72161705608232,33.8562335859113],[129.72183700417452,33.85649386499995],[129.72148452658973,33.85642946814551],[129.72161705608232,33.8562335859113]]],[[[129.6955421657384,33.85794908138507],[129.69555175071275,33.85803372107944],[129.69535744499012,33.858125999615254],[129.6953035279355,33.85804386543208],[129.6955421657384,33.85794908138507]]],[[[129.6960335022444,33.86014361333713],[129.69574503210765,33.859983387423426],[129.6958470044358,33.859640531685216],[129.6960335022444,33.86014361333713]]],[[[129.6961695849584,33.86075974786411],[129.6961894419892,33.860417640361845],[129.6963916077865,33.86030777468409],[129.6964394418269,33.8606658289649],[129.6961695849584,33.86075974786411]]],[[[129.6790481452557,33.85888541413061],[129.6790129961529,33.861102162035195],[129.678919052972,33.86155402729656],[129.67894705606182,33.85855674789565],[129.6790481452557,33.85888541413061]]],[[[129.6791249941233,33.861890585981826],[129.67883588816574,33.862416387206565],[129.67855297044332,33.8621217747002],[129.6791249941233,33.861890585981826]]],[[[129.7105100519974,33.86246986539203],[129.71058802861467,33.86258649487087],[129.71052213978498,33.86268525212273],[129.71039586327856,33.862628306151464],[129.7105100519974,33.86246986539203]]],[[[129.71027367059344,33.86259974817989],[129.7101400781022,33.862686612797006],[129.71009525319346,33.8625249461694],[129.71027367059344,33.86259974817989]]],[[[129.70870000000502,33.86254472136187],[129.70892194639077,33.86268500031258],[129.7088916599222,33.86274749510085],[129.70869165969236,33.862663612635686],[129.70870000000502,33.86254472136187]]],[[[129.7105362780269,33.86281080197699],[129.71047380032564,33.86290063975275],[129.71030466932507,33.86285286506774],[129.71042438437792,33.86275222463553],[129.7105362780269,33.86281080197699]]],[[[129.70977427975924,33.86274980186192],[129.70973277604685,33.86289153231843],[129.70961328132796,33.862942864721504],[129.70956114133367,33.86279344056487],[129.70977427975924,33.86274980186192]]],[[[129.71079386544454,33.862776026992094],[129.71084914407277,33.86288366684778],[129.7106643064127,33.86296686492892],[129.71070163367347,33.862770495262225],[129.71079386544454,33.862776026992094]]],[[[129.70995121867384,33.86293922516518],[129.70989910475998,33.86310538660433],[129.70976830106633,33.86327213530086],[129.7096910250209,33.86314344141675],[129.70987797698706,33.86294402664555],[129.70995121867384,33.86293922516518]]],[[[129.7080076650218,33.86313249486881],[129.70785175135734,33.86323753208649],[129.7078302197889,33.8633736130019],[129.70767708233154,33.863323467703935],[129.70785936411846,33.8631774681657],[129.7080076650218,33.86313249486881]]],[[[129.70426175127886,33.863519332850956],[129.70188775601514,33.86085602658443],[129.69774642026118,33.859949559424706],[129.69558535657904,33.85736277467237],[129.68587841795465,33.85440689196457],[129.6860916598023,33.85193010778829],[129.67637756167517,33.84540208104124],[129.67437377413046,33.84101961276497],[129.67142391688037,33.83807402729457],[129.6732650323554,33.83324189169997],[129.6716611409489,33.8319461080265],[129.6704489105888,33.82644469426725],[129.67522408582295,33.82493497267092],[129.67654182914214,33.82203555929368],[129.6755591696201,33.81916116235783],[129.6811611671542,33.81112533316764],[129.68386444918508,33.81152002672792],[129.68573975418633,33.80855000038224],[129.68817019539824,33.80733955877366],[129.68505632878657,33.80632161255244],[129.68372166022652,33.804964279278124],[129.67719511016628,33.80496066670145],[129.67692686128566,33.80283477460523],[129.67307192003318,33.79981133302664],[129.66725756198696,33.808509440958005],[129.65816972835034,33.81212533341744],[129.65422014334501,33.81268005414125],[129.64964191963895,33.80689341409982],[129.65284513569452,33.806519919358834],[129.65924671866117,33.80300510799941],[129.66450136204833,33.80254786479219],[129.66419608268313,33.79862455887633],[129.6580312840166,33.79915086462074],[129.65351416294834,33.79660922493582],[129.65765277555522,33.79422319764251],[129.65571941571852,33.78089672070712],[129.66012693910704,33.775680694208745],[129.66334499397635,33.77732489232994],[129.66622416271503,33.776022225245526],[129.67295233538198,33.77567764011104],[129.67620097259692,33.7775343327433],[129.67622542156596,33.77201474818213],[129.68016036291044,33.77196794566419],[129.681875422213,33.760935134748706],[129.67993613494468,33.759375865004245],[129.67701741941846,33.76474980166205],[129.67357627782303,33.768061865362824],[129.6635329963508,33.76590744137536],[129.66452236121802,33.768699278748784],[129.65428350238176,33.77106238681972],[129.64947399462926,33.77380502678062],[129.64618019525983,33.773223613279185],[129.6426886898313,33.7679071352062],[129.64465814485754,33.764708747610655],[129.6509494421631,33.76176225202636],[129.65071133585957,33.756967440994686],[129.6472578079016,33.75307927878572],[129.65372425357145,33.74668610807748],[129.6544188071823,33.73988441403452],[129.65799841829244,33.741316945920346],[129.6572432171008,33.745926000184795],[129.66728594009408,33.748231414048576],[129.66537907878148,33.750903612811555],[129.6713055247302,33.75449836041105],[129.6761820877332,33.7525838647536],[129.6763627237608,33.7504919463463],[129.68267216578784,33.7443805593154],[129.6845911931291,33.73833353226678],[129.68065119309813,33.73579782900663],[129.67659386481512,33.72829155930805],[129.68349416322508,33.72535858593005],[129.68904347577586,33.72130544129311],[129.69176832714663,33.724311694129426],[129.69620355415077,33.722207667250075],[129.6915159656893,33.71927372080563],[129.6934361999207,33.714141612745266],[129.69658561583356,33.71224955877017],[129.70676747114192,33.70998889157414],[129.70892494203247,33.71061849524739],[129.7151668350814,33.70702430612687],[129.71973680930637,33.71371172061947],[129.7186547468192,33.71655782938035],[129.72662316462743,33.72134174782343],[129.72863307385728,33.726239080669075],[129.73376866409262,33.72846127936458],[129.7324815049176,33.73282530614301],[129.73445080436124,33.73930377484936],[129.7384736058723,33.738025161931716],[129.7530484704106,33.74021135986641],[129.75386510968713,33.74309472124446],[129.75730732777106,33.7434324679341],[129.76239788625355,33.73840891883657],[129.76917165994416,33.7406776943202],[129.77373572022736,33.73946972135059],[129.77870258055975,33.7403855864257],[129.78154929996026,33.74311089195413],[129.78609114069366,33.74410344132082],[129.78762219241037,33.74916446786597],[129.7878962518106,33.75498516163594],[129.7913659136061,33.75661625213837],[129.79400644634052,33.755778027334145],[129.79894968867723,33.760906747648335],[129.79652286633723,33.76370644059983],[129.79046108860837,33.762947053963444],[129.7870806098823,33.76909900041858],[129.77976549917855,33.772509081229146],[129.77208639417177,33.772712080698],[129.77201805379025,33.76840682911194],[129.7659565242742,33.76730580172142],[129.7643262521549,33.770274828920265],[129.7586789485747,33.77387753192261],[129.75876795088027,33.77884553169599],[129.76387275012735,33.78194902732582],[129.76469736728973,33.7846388653914],[129.7697963551177,33.784400494687134],[129.77279980476726,33.78618582881302],[129.78139625243512,33.78440544095838],[129.7845034496745,33.7859467206647],[129.78752894890192,33.78369072095006],[129.79607756163023,33.779372531717],[129.79787647192165,33.78098258617746],[129.7988474969145,33.78868538742074],[129.7929271078998,33.78731238705706],[129.78628131043422,33.787644108289044],[129.78353708227064,33.78892410796129],[129.77825727585264,33.79479441373127],[129.77037800334222,33.79616710832545],[129.76415488993632,33.80061569385924],[129.76391839162056,33.803119359670745],[129.75561250321448,33.80635002663246],[129.7532504149748,33.80868405422575],[129.75782413667469,33.811913359613925],[129.7598066669442,33.80966266679866],[129.76403299582614,33.81093016229721],[129.760156913311,33.81618344141276],[129.76421810598083,33.819567531816176],[129.7637481058904,33.825445080725956],[129.76649613458903,33.82900235987108],[129.76488871604147,33.83410344132079],[129.77308099938864,33.84224913528942],[129.76833827529128,33.84645930605217],[129.76424855972334,33.84466582856521],[129.7570103626382,33.845538054038],[129.7536394679871,33.8472148921536],[129.7429506999149,33.84743980180548],[129.7243143324406,33.85053763980028],[129.7211277169706,33.855693224662616],[129.71655438377786,33.85690700005807],[129.71136832718662,33.85511110789139],[129.70819461698807,33.857018774996504],[129.70426175127886,33.863519332850956]]],[[[129.7067872238514,33.865908891782],[129.70666693862836,33.86559722543166],[129.7071477818447,33.86573805386814],[129.7067872238514,33.865908891782]]],[[[129.70717250330847,33.86615249474187],[129.7071152794466,33.86641277472984],[129.70660000028988,33.86664333302343],[129.70650749692356,33.86630361322125],[129.70717250330847,33.86615249474187]]],[[[129.70685832695028,33.86733527860025],[129.70700111500946,33.86745361319373],[129.70688333259977,33.86750249494423],[129.70685832695028,33.86733527860025]]],[[[129.70517221772377,33.86754472081225],[129.70410472065635,33.865323891784215],[129.7055100003863,33.86461361262815],[129.70607055771018,33.86690222535748],[129.70517221772377,33.86754472081225]]],[[[129.70593527898995,33.86777777472457],[129.70597194614845,33.867893333110885],[129.70579027230326,33.86798166722019],[129.70573444868592,33.867898613030604],[129.70593527898995,33.86777777472457]]],[[[129.69675749696103,33.86800166724322],[129.69666610875402,33.86812861284528],[129.6965836058488,33.86805722466124],[129.69675749696103,33.86800166724322]]],[[[129.70510138801876,33.868255829143266],[129.7052222182308,33.86852416166079],[129.70504722365047,33.86865027898722],[129.70485555114283,33.86845500019814],[129.70510138801876,33.868255829143266]]],[[[129.7012680538777,33.868767494824056],[129.69520944176236,33.8669072246887],[129.6981544489687,33.86428055860097],[129.7037536064438,33.86530694585889],[129.7012680538777,33.868767494824056]]],[[[129.70193111502897,33.86940361318625],[129.70204165969494,33.86951694575049],[129.70188444920802,33.86957722460926],[129.70193111502897,33.86940361318625]]],[[[129.67558800278414,33.8703414136254],[129.67555814529226,33.87042738701433],[129.67539488956254,33.870419413625086],[129.67539654971108,33.87033619755755],[129.67558800278414,33.8703414136254]]],[[[129.67668321695692,33.87037166681904],[129.67663686140213,33.8704758919489],[129.67625883317862,33.87024838685363],[129.67680175119995,33.870234360127654],[129.67668321695692,33.87037166681904]]],[[[129.67584166016456,33.870494775013924],[129.6757699743049,33.87057819792557],[129.67563800329128,33.87058200025916],[129.6754816075902,33.87048510820125],[129.67576411162452,33.87046594634637],[129.67584166016456,33.870494775013924]]],[[[129.67776961057916,33.8707219455614],[129.67761878078215,33.870602693659464],[129.6778456419629,33.87058216213711],[129.67776961057916,33.8707219455614]]],[[[129.6860358883456,33.87101222513411],[129.68277396904352,33.870326558623844],[129.68414878064175,33.86237013507372],[129.6895888849192,33.86126044091668],[129.68879472059996,33.86646449474068],[129.69089344957308,33.870176198272986],[129.6860358883456,33.87101222513411]]],[[[129.68644367063894,33.87109005426265],[129.68625024625192,33.871076828832656],[129.68629522674337,33.87097649506927],[129.68642024599762,33.87096141433784],[129.68644367063894,33.87109005426265]]],[[[129.68082939016426,33.87075146760617],[129.67362897539692,33.868729973309655],[129.67504639417587,33.86559136005326],[129.68034822319203,33.86456369395938],[129.68182797667987,33.86624297283498],[129.68082939016426,33.87075146760617]]],[[[129.67996435836847,33.87143382910796],[129.68002522718257,33.87154499970205],[129.6798452530561,33.871640108404335],[129.67977369579944,33.87144349502131],[129.67996435836847,33.87143382910796]]],[[[129.68186418878133,33.871907386916405],[129.68157822325645,33.87146816162641],[129.68203763922577,33.87143149536729],[129.68186418878133,33.871907386916405]]],[[[129.68267379985605,33.87272153237285],[129.68157795076183,33.87255266667228],[129.68187674421642,33.872010612899544],[129.6826584178517,33.872036053820864],[129.68267379985605,33.87272153237285]]],[[[130.1433024248671,32.68242165833294],[130.14229718516708,32.68271861267391],[130.14226964972465,32.68262739623742],[130.1433024248671,32.68242165833294]]],[[[130.13793911819585,32.68760390989257],[130.13744605679017,32.687316404728335],[130.13809911837973,32.6870233507471],[130.13793911819585,32.68760390989257]]],[[[130.13790158229222,32.68783260389159],[130.13854110189038,32.68848337760585],[130.14003530478556,32.688485098908245],[130.14004346343518,32.688555837781735],[130.1385370297602,32.688552387083064],[130.13790158229222,32.68783260389159]]],[[[130.1956765891034,32.71808744058296],[130.19537658875868,32.718180225437095],[130.19535542231495,32.71813397330425],[130.1956573409136,32.71804117136304],[130.1956765891034,32.71808744058296]]],[[[130.19801926098012,32.71894144129453],[130.19855731456846,32.718377550183845],[130.1986275102514,32.71843425243884],[130.19801926098012,32.71894144129453]]],[[[130.2201489747954,32.86230262226826],[130.22008050581076,32.862315963710785],[130.21984084278074,32.86160248566625],[130.21990141391916,32.86158247665003],[130.2201489747954,32.86230262226826]]],[[[130.3074041629718,32.879527216008285],[130.30735798997932,32.8795812158005],[130.30646273736545,32.87907521584856],[130.30650607029895,32.87902004513904],[130.3074041629718,32.879527216008285]]],[[[129.79081434500608,33.34039906266668],[129.7926470949875,33.343269341606856],[129.79309641966415,33.35283481057809],[129.7921824251788,33.35599918041788],[129.78897924779415,33.357815685045864],[129.7889198439757,33.362017702554965],[129.79161341063048,33.36741535073787],[129.78867332001778,33.3715793781858],[129.78341575923002,33.37283656835302],[129.7765352144287,33.371922694376906],[129.77409036337963,33.366662135249385],[129.77600906606563,33.362433099408065],[129.77095722429658,33.358663711561064],[129.77351378733147,33.3566906673405],[129.77113185465146,33.35448065805599],[129.76307975402744,33.35433593735365],[129.76063530497538,33.36002421584493],[129.75464181636676,33.36606846758576],[129.74544744544335,33.36704613497119],[129.73940565514692,33.36476515298949],[129.73762644630347,33.360498522788646],[129.7344944619499,33.3586573146834],[129.7314424246283,33.36107097274726],[129.72819547274298,33.3584034045935],[129.72814249008388,33.35543912581505],[129.72221696504096,33.35059820744135],[129.71713641961014,33.35016183839815],[129.71195081717656,33.347851314586535],[129.70569312573718,33.3464825770094],[129.70312072564104,33.347167783966086],[129.70140651080192,33.351869314617204],[129.6966772243744,33.35391414362289],[129.6969881712672,33.36130823368808],[129.68682236076336,33.36148887421223],[129.6868842925761,33.35456434177098],[129.68517439718073,33.35311036914828],[129.67778383875327,33.35305741436821],[129.6738151746307,33.3576825143366],[129.6743020487006,33.36168128776126],[129.6684306871266,33.365783351020866],[129.67404461686567,33.36860427876451],[129.6738506870596,33.371649449762344],[129.67583243761692,33.3846957662966],[129.6793529569735,33.383477026643504],[129.68522092090882,33.38505695471474],[129.68507425407358,33.38893731530493],[129.67809638104325,33.39012542314981],[129.67280477282202,33.39929453211704],[129.66949893602714,33.398394774799044],[129.6654004799483,33.39439445903713],[129.66364503209263,33.39019085602325],[129.66780531836082,33.38646079283137],[129.6650990532787,33.38125317139679],[129.65798923531497,33.37783286529452],[129.65746438377437,33.372959594709585],[129.65364769068844,33.37058538720589],[129.64863165992324,33.37318689206148],[129.6462370171247,33.37133644971743],[129.64577468195603,33.364817523210206],[129.6357300002394,33.36806222499172],[129.63265542231,33.36483961325757],[129.63294749692955,33.362211667434565],[129.6274422178841,33.363127224941536],[129.61824832719856,33.369675278691204],[129.61851000023637,33.37207082890569],[129.6120358365847,33.37376194555742],[129.6093227762252,33.3705713865603],[129.605598637767,33.368534225174415],[129.60231805393505,33.37297277517348],[129.59888168594114,33.37399554985478],[129.5951568738907,33.36999575659894],[129.59072407325743,33.37463929716586],[129.59706259396364,33.37928796386848],[129.5925118940088,33.38125608969682],[129.58832894932164,33.37805860412135],[129.5850219200256,33.378858116708784],[129.58230639372516,33.37726680232112],[129.57808128432384,33.38001352340541],[129.57559762572987,33.37923291906401],[129.5740574063243,33.375747108142605],[129.57018722426108,33.37568470328648],[129.56890979215325,33.37105440523669],[129.57233574599798,33.36673973864805],[129.57732490322178,33.36282338718962],[129.57465828834938,33.35560949518214],[129.57429308715632,33.349301485775015],[129.5716112575535,33.34604687436382],[129.57277804157343,33.34167161325439],[129.57206718505256,33.3366064408346],[129.57572660200117,33.33381624292531],[129.5720187808421,33.33127610780616],[129.5676366668987,33.33134546801898],[129.56349700388364,33.33318591889508],[129.56141391681888,33.3307242793021],[129.5619987549386,33.324890468020726],[129.5727060697294,33.314250368559726],[129.57674564179797,33.31326641401387],[129.57530219214254,33.30873533276946],[129.57894175116098,33.30725099993373],[129.5829294161597,33.31140895515921],[129.58454351487137,33.306787802315284],[129.58720701719017,33.304888197632295],[129.59168538287418,33.30427108104561],[129.5986460833501,33.31203534195754],[129.60713448826607,33.31199450464271],[129.5967942407617,33.302688919058426],[129.59523369577846,33.29760891861673],[129.59079518804754,33.29519705380102],[129.58564902718092,33.29388616241653],[129.5859870301773,33.289274973161525],[129.58936050588272,33.28460049501689],[129.58612158224526,33.28032444082032],[129.58907705576155,33.271705639603624],[129.58158622562382,33.27114782880932],[129.5780628266382,33.26643235956578],[129.57618411230703,33.27478891937318],[129.58016583728363,33.27877169385863],[129.57896124486558,33.279909892027945],[129.57228406016134,33.27357400004013],[129.57490444898121,33.27221319808069],[129.57411044114406,33.269589918839756],[129.5693692998534,33.26797810800332],[129.5687495329646,33.259647386617644],[129.56497406030473,33.25634330619869],[129.56682547301727,33.25254991904359],[129.56449635482295,33.24716735968593],[129.55758150538225,33.24726725188219],[129.55598007811818,33.24130158559973],[129.56245204922277,33.23957780197401],[129.5664805578316,33.24535049532915],[129.56792089493342,33.242822162013226],[129.56652477299997,33.23755246757236],[129.56747194617344,33.23293546779763],[129.56506124508041,33.22698791925711],[129.56140147919496,33.22737761258679],[129.55589823621472,33.223191207308446],[129.5595269386174,33.21911177458878],[129.55251778177023,33.219449828846564],[129.55642771656596,33.21581377538547],[129.56201802920873,33.21573382925288],[129.56451600500964,33.21795191894597],[129.57650900138935,33.21621389185765],[129.5795209730146,33.21716827939264],[129.58368705631267,33.21603602664135],[129.58275177667326,33.21292730595047],[129.59287130986309,33.21282538668231],[129.59402620034894,33.20988549481979],[129.5998831907567,33.21226980171002],[129.60273518827842,33.214957440933176],[129.60183569356252,33.21775033321137],[129.6075032561704,33.22163708078671],[129.60488386469865,33.211092081034735],[129.6011797280621,33.20996500028457],[129.60062147929784,33.207134919241184],[129.6050119461445,33.20374344090715],[129.61020189410215,33.206560774959826],[129.61376230918324,33.20301861341835],[129.61714863799932,33.204439494587064],[129.61755372232653,33.20903966714695],[129.62161491589575,33.205840305585696],[129.61982255536668,33.19990444103718],[129.61797569412306,33.198395278819135],[129.6185533592502,33.19487353188805],[129.62312165983678,33.19448827941062],[129.62269147902862,33.191793225277195],[129.62614330726785,33.189802891590205],[129.62894627824824,33.192858721352934],[129.63445408618725,33.19594574769815],[129.63580922241772,33.2003043596585],[129.63949949420635,33.205199053893296],[129.63860024590474,33.21197777475453],[129.63939236066892,33.215222892022894],[129.63675428038584,33.217482107713124],[129.6354513363102,33.223659801758515],[129.63960893630338,33.22318350461512],[129.63919479940057,33.22006117088637],[129.6446121661187,33.20858276568214],[129.647836886763,33.20673644133376],[129.64420533081147,33.20272410793126],[129.6451874453444,33.19578446777899],[129.64839955929233,33.19360910757433],[129.65146949402197,33.195595198259866],[129.6534088325517,33.1888244408953],[129.65121871627082,33.185914251841325],[129.65266422807179,33.18127041359878],[129.64300461716937,33.17941025228134],[129.6426592999868,33.17495946790518],[129.63943250280784,33.17523274759327],[129.63951105139392,33.16960063985772],[129.6505989107112,33.1737190536914],[129.65210775636797,33.17182608060921],[129.66160199723447,33.17121619816908],[129.66011732805237,33.167656495351025],[129.6623081709854,33.16475466729412],[129.66719175139826,33.165101053770684],[129.67075600478586,33.167080386950374],[129.67554961072597,33.16383946771731],[129.67902608308736,33.15900974770176],[129.6775104673343,33.15431853227449],[129.6831918938908,33.1481767211788],[129.6851623345741,33.144390640116],[129.68975878124286,33.1429369462831],[129.692256419798,33.140300224875546],[129.69834741919806,33.14146446831063],[129.69659533120966,33.13618302692521],[129.69246847004388,33.13727102673653],[129.68845452685503,33.13648055863092],[129.68410367064791,33.137792414088665],[129.6837562256693,33.133898387400734],[129.67924985689547,33.13038813470473],[129.67944819697675,33.126215828997374],[129.67188394258994,33.12783044122193],[129.66969736694,33.12605880197219],[129.66463202274974,33.12518349542205],[129.66272992244808,33.13047825216967],[129.65697105077345,33.13163482888427],[129.65711191967944,33.1291323061111],[129.66121457829024,33.12519905369345],[129.65793413655126,33.1215878916679],[129.66129975398053,33.112465360388114],[129.66490808044364,33.11050463957753],[129.66651771671934,33.101256775180104],[129.6727010252322,33.1067582249122],[129.67408347567198,33.111458494713816],[129.6718450577033,33.117319720928435],[129.67551708224767,33.1201013599898],[129.6795266934023,33.11391119774362],[129.68986321681405,33.1153213598929],[129.69226946806157,33.11732197283084],[129.69768800299903,33.11301810799932],[129.70499525272885,33.11631797329591],[129.70862211421922,33.11525133328246],[129.71172143969272,33.11770110811972],[129.70002577177206,33.123752747791116],[129.70186939006032,33.12545913493119],[129.70549941626507,33.12331686528114],[129.71046916971648,33.12460402715419],[129.70909841765786,33.12944799962554],[129.70999277634564,33.13219427914271],[129.7093951102962,33.13835519813392],[129.70632391741492,33.14135025171282],[129.70691549865137,33.147888802326406],[129.70511202340117,33.15590149465828],[129.69891486442953,33.160081135236226],[129.70161946756446,33.163241612810225],[129.71350727564027,33.16675382872626],[129.71701150467732,33.16654244128068],[129.71904182941694,33.16117416225785],[129.72375666733637,33.16422061299096],[129.72883213969158,33.155318494752805],[129.72100058430954,33.154083468377394],[129.72225538317946,33.14609116187768],[129.72772394290575,33.147670532369204],[129.72873819740994,33.145931918923],[129.7206431910305,33.1423569456166],[129.72138705626764,33.13743966670728],[129.7266576131584,33.13622166719625],[129.72798832739943,33.128619694343456],[129.7310979510097,33.125685360291186],[129.73512243785024,33.125819054405895],[129.73433944221154,33.129030919241586],[129.7309776648874,33.13246716222983],[129.73549866383235,33.13635063987016],[129.73990204944005,33.132202224652985],[129.74302883301425,33.135174802375275],[129.746741219132,33.13640858588758],[129.74582019464629,33.13982208142397],[129.7483900262788,33.14375886457998],[129.75360286557986,33.144829279048054],[129.75601389132805,33.14161441407401],[129.7600594160093,33.140184775307205],[129.76090499367058,33.14420380236362],[129.7665114401509,33.1446510001436],[129.77135386488897,33.14320986534307],[129.78506102484653,33.14329049496041],[129.78792910494428,33.13896194643672],[129.79399036286497,33.13838574810387],[129.7979226071427,33.13153991893216],[129.79350296988616,33.12513991877228],[129.79486583668904,33.1226724138009],[129.79660111544922,33.11456594556199],[129.7960701170423,33.11116382914747],[129.79133496793452,33.10770489176741],[129.78792878118838,33.102897829271456],[129.79627119286135,33.09190038689337],[129.79660708155166,33.08664664013037],[129.79472444887426,33.08385316239361],[129.80517291809576,33.07531991907905],[129.8035012187063,33.067740279090685],[129.81141324272699,33.06828651381164],[129.81444789885154,33.06624779300131],[129.81414747132885,33.06388947741749],[129.82130647231588,33.06293504491646],[129.82050455314265,33.06594354965512],[129.82315355389346,33.0677630274418],[129.82804040244264,33.06259189240194],[129.83089442343896,33.06380802671913],[129.83549094744933,33.06191586482538],[129.8375436320331,33.059385963991076],[129.8345076907774,33.05621005405078],[129.82577055766512,33.05429513481266],[129.82304140123972,33.056848242652336],[129.82109714701573,33.05279753158089],[129.8223178597815,33.04942110789784],[129.8200172366063,33.04281833309966],[129.82013057096913,33.03898693699762],[129.8224650967868,33.03655429694328],[129.82760623943648,33.036735144311535],[129.8330850055686,33.04114023413456],[129.83638313877088,33.04944781056804],[129.83701123158312,33.05397327914358],[129.83943586317457,33.05640099091306],[129.84307150474626,33.05428743211934],[129.84799291783895,33.05384510776554],[129.85082676973968,33.05904731528142],[129.8545799347163,33.062410332770696],[129.85796876814425,33.06326383795579],[129.86314028539596,33.06271123423613],[129.86386881989017,33.059614207429775],[129.86910538330687,33.06145796421373],[129.87090902673026,33.0648646581775],[129.8749101428889,33.065418180104984],[129.89004221837376,33.05732722517138],[129.89289888517544,33.056769441356664],[129.8969669387733,33.05094582928666],[129.89945583681742,33.050455829173245],[129.90428666659648,33.03936722521735],[129.9065877951906,33.04042882902729],[129.91136569357195,33.03798220721313],[129.91761326763822,33.03247189196429],[129.92402693929193,33.033176838140605],[129.92887416281246,33.02773277504758],[129.93237156869304,33.026609982264915],[129.93605333289509,33.02177999964732],[129.94574500642693,33.01511902702151],[129.94440306055287,33.01070861321199],[129.9439816598258,33.004733054386975],[129.94655861229023,33.0028817657809],[129.94442587455455,32.99875041430022],[129.94826374757395,32.99586153198419],[129.94817234767572,32.99115901837405],[129.9507564983138,32.98821115312228],[129.95008499432709,32.98537268500144],[129.94578830068963,32.98270762235893],[129.9449071728278,32.97832992768406],[129.94223978004186,32.97479629711148],[129.93865379993304,32.97367687408854],[129.93578955904093,32.97564182890733],[129.92832716007047,32.96869261277391],[129.93212537028967,32.96607515304595],[129.9293496235863,32.95944397316089],[129.93186665422274,32.95704859471692],[129.93108863813018,32.950161269926696],[129.92893540934176,32.944818153035385],[129.92885945529963,32.93568641359718],[129.9298019843742,32.93081823407431],[129.9325577688261,32.92755695508947],[129.93155151828796,32.923660198059736],[129.93659847044307,32.92026420692764],[129.94644866387478,32.91180861287722],[129.9485964589595,32.90858602722341],[129.95388313889578,32.90513562171162],[129.94957535661752,32.90081691896569],[129.95339586282887,32.898795603634255],[129.95657845742994,32.89155921598507],[129.9589778468502,32.890098404917524],[129.96549232171333,32.89160976597799],[129.96911897456107,32.891338305618376],[129.97246758760912,32.88591092764722],[129.9647921662256,32.884718964408705],[129.96279938997998,32.87596392759326],[129.9651168223835,32.873273729798825],[129.96904516180484,32.8714223242809],[129.97239503210506,32.87193067595996],[129.97634055757078,32.867760161702165],[129.9798644880558,32.86733097284616],[129.9830208431374,32.86164838706344],[129.98957600512858,32.85934087418207],[129.99372470812887,32.852938296565185],[129.99432188134983,32.84859354135892],[130.00066791229438,32.8475438922369],[130.0049539948311,32.84047397269575],[129.9942337738696,32.83974846801743],[129.99412581115735,32.841879783924924],[129.9864216339513,32.841622198305856],[129.98087916973793,32.840472945669944],[129.97949116688392,32.843524640349926],[129.9749338002547,32.84650608089095],[129.97512505817497,32.84919697296198],[129.97048795135788,32.84967972094245],[129.96590888498713,32.84676516208259],[129.95781961088642,32.846688531750374],[129.95628411202222,32.849899332688096],[129.95806408618864,32.85522233264459],[129.9538857199501,32.857206586015195],[129.94763121930544,32.862157414133435],[129.94101481168423,32.861986586112096],[129.93400191995272,32.85753763995018],[129.92758603057086,32.86097955855985],[129.9302812447837,32.863853828691276],[129.92938166013562,32.86655638676791],[129.9250045005573,32.86423322478356],[129.91803316469884,32.868647531758256],[129.9123672235686,32.86629774804271],[129.90545992213777,32.87220486486268],[129.90384299595758,32.87797822461545],[129.89998050579572,32.879156440817155],[129.89719243838044,32.8781561617775],[129.89413399518776,32.868315252047296],[129.89082286588257,32.870048305884666],[129.88947208776665,32.874310441273906],[129.88332999967986,32.87461141378577],[129.88403581100397,32.87968725216501],[129.8790748637141,32.8800078020185],[129.87866914356619,32.8743637207092],[129.88121344974093,32.86943913480826],[129.8795040597646,32.86344994585835],[129.87022364530503,32.860956386628004],[129.87302542198574,32.85853597285694],[129.87057910504177,32.8550989996192],[129.87236282668312,32.852645197617846],[129.86736033701004,32.85074297320972],[129.86718075228998,32.84643794555478],[129.85861739337804,32.846456720701156],[129.85604958522026,32.84888408083572],[129.85567547264498,32.85282682919484],[129.85851005209724,32.854966613118734],[129.85431433164115,32.856800251630375],[129.8515965894111,32.85604500007673],[129.85096360608566,32.85099158629271],[129.85194111519036,32.84724355914301],[129.8546343320089,32.84479753178073],[129.8525633066513,32.84181289235113],[129.84903985730364,32.8416972251469],[129.84721418858396,32.83584316203235],[129.84376158243117,32.83560677523252],[129.84075936395357,32.841003495315135],[129.84382747126085,32.842530386767976],[129.82530581141418,32.85548461272475],[129.8210774446684,32.859725161686924],[129.81639383930428,32.86047916228358],[129.81545625200454,32.86289955896751],[129.81170299619635,32.86484969385833],[129.80430949428785,32.86296441357689],[129.79981817117175,32.86373600041611],[129.7963946167182,32.872010801957],[129.7933019965899,32.87355858556032],[129.7894873926291,32.86966674782218],[129.787997328414,32.873270639728275],[129.78995603114595,32.87947108122546],[129.7902585855653,32.88419866703492],[129.79455736742864,32.88936355898113],[129.7972813617455,32.888882332653566],[129.7945482231221,32.88430749489504],[129.80001919572942,32.8815114136209],[129.80666671899394,32.886920494884976],[129.80965128377977,32.891823495258166],[129.80537131033782,32.893546224878435],[129.80550243778737,32.8980263055696],[129.8038129956733,32.901252802374984],[129.8051541366541,32.90770825203424],[129.79907538332236,32.91003961313771],[129.79118165960597,32.906767829172054],[129.79253224436764,32.9025960540647],[129.78784233475596,32.90310533294479],[129.7837943063622,32.907663973013996],[129.78557564210223,32.91052458604088],[129.78521683508893,32.91425208076896],[129.79021522655148,32.912202197573436],[129.79316374830842,32.914322333109226],[129.7849560829569,32.91842455914616],[129.78874717324356,32.92080310767733],[129.78828435783691,32.92552472108906],[129.78440533094135,32.929987532099005],[129.78597849521145,32.93254461314342],[129.7835124768194,32.934244667257644],[129.78502894872702,32.93691974834775],[129.78332169913722,32.941124251583005],[129.78514031087673,32.94698974777867],[129.79176158203143,32.952076585765894],[129.7958382232555,32.951895107972916],[129.7995251099959,32.94883763964543],[129.79664705641653,32.94745272056667],[129.79685099927428,32.94255380221625],[129.7956431126396,32.939198026967404],[129.8006843316167,32.93953463961196],[129.8023716081633,32.935339829269765],[129.80062352755385,32.932685197863634],[129.80092461697757,32.931984413749774],[129.79846252862285,32.93040789231043],[129.79773233487947,32.926394495010015],[129.7984783270133,32.92205844074448],[129.8020762779979,32.91826097336531],[129.8069901170004,32.91650516218351],[129.81297832658856,32.92061053225029],[129.81350725025948,32.92330325174373],[129.816477418698,32.92599413482151],[129.81445172456745,32.928482000444035],[129.81771243787875,32.94003094577158],[129.81573630358764,32.942248801640915],[129.81853046660785,32.94734699986418],[129.8162505835976,32.95028922456811],[129.81530319098954,32.955810053791026],[129.81289603142682,32.95809353229072],[129.81110053226382,32.960412414401446],[129.8091973932452,32.96024219791917],[129.80838883257866,32.965003494815505],[129.81122703000347,32.96960261336994],[129.8145855508825,32.97011027886634],[129.8184180027887,32.968622667102466],[129.8188900002733,32.97388194559534],[129.82411250278983,32.972680559260425],[129.8214738001758,32.97779519799002],[129.82274680941782,32.981744720942174],[129.819423165147,32.9852956400818],[129.8160663044165,32.985465972576606],[129.81105583685746,32.99277222495829],[129.81223544700833,32.99559538661782],[129.81126549940336,32.999648613093086],[129.80655055806187,33.001909999746715],[129.79663778170834,33.0091986128258],[129.79068360606368,33.00961582900737],[129.78671610926108,33.00627861306759],[129.78172499421316,33.00758610771277],[129.77930944217712,33.01339249506765],[129.77044666658048,33.013369440946974],[129.7690063942298,33.01738916228004],[129.76412917022503,33.02189333311088],[129.75981138838495,33.019709720727064],[129.7618716596494,33.016099720625675],[129.75320416284194,33.00845389233331],[129.75316444878035,33.00454138727525],[129.758190829843,33.00211833309464],[129.7618949943586,33.00380889216672],[129.76388369577603,32.99958253180847],[129.75736999972582,32.999581108181644],[129.7523169393753,33.00064055901464],[129.74935639368266,32.99479472109954],[129.7432405577057,32.99295138699699],[129.74196389092094,32.988480829226944],[129.73947722409468,32.98824972144752],[129.7407872242511,32.99182389165935],[129.735660272004,32.998171386700164],[129.7323825030502,32.99944166739908],[129.73284610896087,33.002117494926495],[129.73719016899122,33.00101058596982],[129.7406013883434,33.00385500040801],[129.73440472130096,33.00546582918474],[129.7314338909614,33.00825055921598],[129.73554861217872,33.011818891928385],[129.7335144491326,33.01722500003376],[129.73633111498907,33.01730972066713],[129.7376891704189,33.022366107609855],[129.74055263339733,33.0276173326738],[129.74312338503626,33.02876325242221],[129.74662666708707,33.038331386984],[129.7476036060217,33.03921638732646],[129.74924277603338,33.037846387101126],[129.75380555118534,33.03979722526179],[129.7542805578015,33.04168555874162],[129.76159306137072,33.04605500033807],[129.76200778193368,33.04920610787565],[129.76000055807935,33.051906387070176],[129.75518999991857,33.05274055862992],[129.74911527914685,33.055942494950216],[129.74967027236528,33.060266667372844],[129.742228806914,33.05710533274498],[129.74018360558898,33.05359166712179],[129.736035551,33.052554162444665],[129.7350255511883,33.04780749482006],[129.73125147877283,33.04550661264011],[129.72697722411965,33.04722172140538],[129.73010875521493,33.058002413680526],[129.73533972844575,33.060480559430346],[129.73590138833845,33.0646913866982],[129.72975910509865,33.07535141423642],[129.726045331327,33.07619169399152],[129.72414639394094,33.07368861273932],[129.72028610891687,33.07263999963635],[129.72070749705335,33.07678916219015],[129.7191886122647,33.08039694636204],[129.71094666655551,33.0866599995594],[129.70394778176478,33.08633333341663],[129.69789832744596,33.089174441047646],[129.6874477816898,33.095862225161625],[129.68318416331851,33.096985829132734],[129.6820191698489,33.09923694642799],[129.67733805380817,33.09929333302097],[129.67309888530542,33.09320500011074],[129.6736683270317,33.08902749542261],[129.67610861222272,33.08554389233683],[129.67270603085865,33.08044508077592],[129.66886916957662,33.080988333344976],[129.66423306100705,33.07955638691777],[129.66535693927142,33.07753805373824],[129.67082333343012,33.07740305380793],[129.67151250279983,33.071681387086414],[129.6662136055735,33.07248138710639],[129.66140306090256,33.06890666740884],[129.66975972772934,33.06741944055477],[129.6745099998367,33.06323694642799],[129.66731749730468,33.064194441120605],[129.662259728104,33.06107110824507],[129.66161749704986,33.0585849998979],[129.6636044492859,33.05483082857995],[129.659871660249,33.050568891940884],[129.66130333328226,33.04683110806923],[129.65944330686318,33.04382889228958],[129.6593205583971,33.04005777504631],[129.6501374973477,33.041701108019765],[129.64711333271418,33.038081666835524],[129.64901972817802,33.03139555905784],[129.6474127763786,33.02102249529196],[129.65055000018242,33.01727361288698],[129.65312499392337,33.01033938665341],[129.65524165987472,33.00218749455729],[129.65200552503507,32.998131332694925],[129.6536233073698,32.9958354948123],[129.65331619968288,32.99121763978229],[129.6519813881306,32.98671944134918],[129.6463695852882,32.98678422491213],[129.64563608293895,32.99128849466837],[129.64260416255217,32.99234527901149],[129.6404458373056,32.989380558665914],[129.63314165965994,32.9874358287006],[129.63053555117483,32.98191722529975],[129.62772221820592,32.979070558959165],[129.6275955513936,32.96787500043098],[129.6297813878009,32.96453777459868],[129.62962778179678,32.961042775303895],[129.62704111485561,32.95878194622986],[129.62589832744595,32.95371416217887],[129.62671389113325,32.950816387366444],[129.63147277604787,32.94983027894426],[129.6379166667209,32.94643666741831],[129.63885906629298,32.93710383777193],[129.63440111521936,32.93631222482935],[129.6357934114369,32.929963027371855],[129.63529693890268,32.926503053972795],[129.63746277618623,32.92301944099444],[129.64117250300865,32.92095055872136],[129.64291027199147,32.927371666868964],[129.6431946951791,32.93232938739135],[129.6521941119688,32.9310403603244],[129.65504221812398,32.92095694570651],[129.65881233532104,32.9197565863974],[129.66123194599754,32.91567808087876],[129.65982639377307,32.910319440789635],[129.66582333308043,32.90564055866491],[129.6669052786558,32.89837972114725],[129.66868241186387,32.893987828875254],[129.67433946769233,32.88454761298203],[129.67740713433182,32.884262386699845],[129.67863260720912,32.88231027869648],[129.6799643062078,32.87962610815839],[129.67797724965044,32.87401897279739],[129.6772818290932,32.86690225163767],[129.67940802875762,32.86592989205093],[129.68417710838696,32.85835853212063],[129.68533438387476,32.85231727871951],[129.69202852079968,32.84664333272366],[129.6929351876089,32.843334081202954],[129.6974589106003,32.84261797264139],[129.70107722403475,32.83961827856075],[129.70011111473627,32.833571774917516],[129.7099550578797,32.83293991934187],[129.7136783006132,32.83530802674409],[129.71838116675747,32.83342989157626],[129.71964136155964,32.822446494809924],[129.7229652270637,32.82255541440088],[129.72724189369853,32.81852266728731],[129.73179360629,32.81572780189657],[129.73372069965058,32.80788655901756],[129.73939516185726,32.806934559182594],[129.74372185507957,32.81599038684692],[129.74594686055923,32.822125053728314],[129.75742939005443,32.81895480232231],[129.76018902720193,32.819868386716735],[129.76244671944062,32.82345144133103],[129.76621341112013,32.82174480238075],[129.7634416987754,32.81736319835295],[129.7667648376272,32.8159227479365],[129.76981717262447,32.82074302686925],[129.7755018286465,32.817011333206494],[129.7698034498694,32.80793008080866],[129.76986955903294,32.806843000104436],[129.768884422778,32.804896774566544],[129.76803019543718,32.804234279088746],[129.76627294444086,32.800344559254086],[129.7700571980813,32.7969220812891],[129.77457819702624,32.798409225405464],[129.77672814508787,32.794946829232856],[129.7807006097454,32.79175513529134],[129.78300416291188,32.78796980156517],[129.78978688665552,32.787340359769814],[129.7909268609859,32.7836688649262],[129.79116586301427,32.77920297283896],[129.79599719821215,32.7794636404347],[129.7996048124122,32.77818100035296],[129.80115002575315,32.77728925239711],[129.80158919618452,32.77186405438266],[129.79654658865422,32.76505753187962],[129.79710530506588,32.76003994618662],[129.8030231391067,32.76170989189802],[129.8073925807031,32.754332639839504],[129.80928082964658,32.757524413820704],[129.81369619961993,32.759545918909055],[129.8148559140692,32.755977387446535],[129.81298797721342,32.75327108099566],[129.8057213615516,32.74777580241141],[129.80654669277567,32.74407289155073],[129.80890416299678,32.742301828766415],[129.81635131036478,32.74120822527942],[129.82341005223213,32.745879640333214],[129.82975613533745,32.743965918992046],[129.82603620031045,32.73984161280026],[129.83146163394736,32.73756613466941],[129.83156961104874,32.73286638737392],[129.82879386524473,32.73112836028565],[129.82573483839212,32.73182758587444],[129.8194504406854,32.72314216198123],[129.82004963738098,32.72035002693224],[129.8274735022004,32.71772213506853],[129.8333524117844,32.72496622541104],[129.84124014331803,32.72279086520632],[129.84558202339178,32.72013491899139],[129.8474634761585,32.726331559054245],[129.85660749673866,32.73141916236449],[129.85859894918224,32.7372045856232],[129.858868002956,32.74185680194989],[129.86532313875193,32.74922458594591],[129.86797938983705,32.74538961324009],[129.8685044230408,32.73785074761395],[129.86501243827342,32.73230202681714],[129.8579562261989,32.72670036023351],[129.85643566777196,32.72253144137295],[129.85182481216543,32.72079817979221],[129.84779978033566,32.7059999731203],[129.84292674357437,32.705685667259786],[129.84163549877928,32.70214070343076],[129.84416664067794,32.69961368492369],[129.84613863808772,32.70012472107908],[129.8476926719793,32.69948522486328],[129.8454280801418,32.69660189226357],[129.84036213970103,32.697761747906384],[129.83331214014322,32.6974431351926],[129.83338730188257,32.69401941436456],[129.83591413692795,32.69214133315603],[129.8347071343269,32.689662162179104],[129.82843364539644,32.68794772071078],[129.82005697764748,32.6950737210754],[129.8258998046323,32.69566144062304],[129.82801944194375,32.70124963985904],[129.82906374819345,32.70712512572402],[129.82663916966203,32.70806805409745],[129.82107985665016,32.70561833321955],[129.8177123614364,32.706291359758495],[129.8155366154225,32.69913572133652],[129.81280625210695,32.69752438714079],[129.81095941604428,32.692952973101285],[129.80726955884313,32.692745027361184],[129.8049553828847,32.69079519823987],[129.80035727606753,32.69350397332977],[129.79422199674786,32.693296667007644],[129.79531447518298,32.68460861259746],[129.80033897486385,32.68287197316306],[129.80330338494332,32.67802563997134],[129.8061390525753,32.68112194642072],[129.81290697797476,32.6836261077587],[129.81512313862197,32.687214251636476],[129.81965863823564,32.68558827917582],[129.81661289167164,32.67251780235472],[129.81799763897993,32.667893440729756],[129.81689077768726,32.65439425169342],[129.81434808039967,32.65353389187567],[129.80977861159374,32.655878892097235],[129.80723165961342,32.650865667216806],[129.80458763930812,32.64942558642173],[129.80363360610613,32.64438316235311],[129.8015106997591,32.640261946231874],[129.79907169879993,32.63990155910972],[129.7965183661297,32.63386455860257],[129.79186189421114,32.63061377470598],[129.79400143981468,32.628489774783304],[129.79132961067307,32.62540189228355],[129.79057024562042,32.61469672057723],[129.77989063624398,32.61125302670587],[129.78242481155587,32.60730135976996],[129.78012289155822,32.603781108411454],[129.77617036307186,32.60207397303549],[129.76718593977932,32.594890026653445],[129.75751625197347,32.59338072144317],[129.75739561601495,32.58759108126344],[129.75431469516707,32.583305414213555],[129.75152433178255,32.58467213461137],[129.75495435775747,32.58793633279555],[129.7549204668062,32.590381333132086],[129.74948844383664,32.59194191858472],[129.745822503206,32.58675113515682],[129.74226824938023,32.583407387441014],[129.7395205057668,32.583368918940494],[129.73872752315674,32.58218625199396],[129.73566814466915,32.5806311353187],[129.73756272394064,32.57768049475908],[129.7373233585862,32.5745518918564],[129.74171022005066,32.571231666808046],[129.74467533070197,32.57430755864698],[129.75260128432183,32.574611864945666],[129.75269150520887,32.57657146789899],[129.75379466938853,32.577363080841565],[129.7530930866767,32.578581252123115],[129.7555776652771,32.58082110810773],[129.76359680934536,32.58302374834739],[129.76827335862868,32.58296500013472],[129.7796615564357,32.57764663978065],[129.77919494229286,32.58204786521685],[129.78454250273433,32.58262133320801],[129.79095955943615,32.58577174826763],[129.80450963661053,32.5906993873669],[129.8095141119867,32.59434838656881],[129.811050219692,32.59799722479215],[129.8162798052689,32.602543134957784],[129.82275272425886,32.60660389235579],[129.8238347732563,32.609498801928225],[129.83030997382627,32.612935107868964],[129.8327673929009,32.61852094638459],[129.8378219200456,32.62096246814343],[129.83530360607665,32.62669964007637],[129.8367123347066,32.629288387149415],[129.83496933886397,32.632055864586505],[129.8370677171015,32.635563440900114],[129.8375894416995,32.64004638683133],[129.84130422810767,32.64161677489432],[129.84632900118254,32.637929559001975],[129.85657189437745,32.64107861338732],[129.85745705569866,32.64302994617515],[129.8658228659326,32.64361538684068],[129.8687578079266,32.6465263331238],[129.87199832696126,32.645912559317196],[129.8720243839183,32.650587279379465],[129.878321479153,32.65371802716527],[129.88369131040577,32.65242674819592],[129.88684518785522,32.65612574790498],[129.8908919706879,32.65823922486038],[129.8960621659363,32.66271519834777],[129.89540355373106,32.66688244087197],[129.89692128379033,32.66894505397113],[129.8988522181554,32.66980238667088],[129.89932883275947,32.67088530621197],[129.89968080402593,32.67122577514948],[129.90048294443238,32.67147122531685],[129.9018769385699,32.67978474806773],[129.90644583720564,32.684436864569705],[129.91032544686198,32.68692113470263],[129.91416924821226,32.69333482883934],[129.915747859676,32.698951360317096],[129.91409936369473,32.70327849510653],[129.91148007834306,32.70275805384114],[129.91305121913854,32.71235308083004],[129.91608700391214,32.70937686535012],[129.92042797656995,32.707917693746595],[129.92557836604885,32.7081584143794],[129.92638208836274,32.71705761341815],[129.92812447536426,32.720841467759556],[129.93172488959203,32.721431081279434],[129.9335033331124,32.717193251867116],[129.93908425413508,32.72382566742067],[129.94306228289815,32.72598274800549],[129.9406306608763,32.73185866734366],[129.94576046667225,32.735974081039046],[129.9535288590697,32.73707013517867],[129.956552607317,32.74150716172619],[129.95323379960018,32.74882805417144],[129.9469426326964,32.75528149474525],[129.9472694418314,32.758897585954855],[129.95585999983916,32.76308916233501],[129.95833761319034,32.76516353227123],[129.96591204880212,32.76513108113454],[129.9743823350767,32.76224758575751],[129.9822133850397,32.76127919757698],[129.98809922210148,32.758914027360504],[129.99090688664353,32.75368702733448],[129.9940785994479,32.755651802288924],[129.99561938992292,32.75954533255111],[129.99886669344323,32.761932467809174],[130.00236620014005,32.761221306418236],[130.00505138781136,32.757919720718576],[130.01014080415484,32.75802869426889],[130.01148389126865,32.75961749505143],[130.019629442245,32.7599841621394],[130.02402583742253,32.758367225167376],[130.02977639396545,32.76156833321204],[130.03176888512598,32.765523333035446],[130.04077005199633,32.76733608119525],[130.04499527920882,32.77066844079593],[130.0546612447207,32.78001419819674],[130.05892734072427,32.78130060373991],[130.06738704287784,32.78747677523302],[130.07797893597922,32.789848559063785],[130.08246277583646,32.792240225106355],[130.08349233500337,32.79448410825506],[130.09797548578013,32.79332465820647],[130.10443462985438,32.79332539565053],[130.11267328134693,32.79036791934408],[130.12434516219957,32.787796027364834],[130.13064496799097,32.788164702638994],[130.1351533458503,32.7897709907387],[130.14447361916223,32.79619035959746],[130.146554396768,32.7964800267319],[130.15505996074864,32.793650306316636],[130.16589330743022,32.79370669380893],[130.17906067361127,32.79455832390755],[130.18679722371292,32.7890576314046],[130.19313440982523,32.78296453208753],[130.1933252657485,32.78047553241993],[130.18613643334982,32.775262532140175],[130.189653606329,32.76698441389965],[130.18743492937858,32.76452364035379],[130.19318337161542,32.76038072988683],[130.19499402075746,32.75557470340988],[130.2020675618686,32.756854595163475],[130.20579202318334,32.75552198155424],[130.20784503242237,32.752774207363814],[130.20761510994942,32.74854234225535],[130.21005924783606,32.743339810983514],[130.20999444898473,32.73875942260929],[130.20820760129982,32.733338386657294],[130.20500295712088,32.72768997331366],[130.2008310507125,32.722519162029755],[130.19896828765638,32.717748999616674],[130.19161329381848,32.71610378436219],[130.18832439665368,32.71334823373405],[130.18644888480821,32.70774143202152],[130.17244552504098,32.702677261446524],[130.16815227041104,32.69717092839568],[130.17116756233315,32.69476212577155],[130.17135303491466,32.692243396315746],[130.16490745801286,32.693996432189635],[130.16009495461856,32.69406947692488],[130.15812275036467,32.68541088340561],[130.15441662802505,32.682896991403084],[130.14079911788508,32.68126780206745],[130.13256717263698,32.681476126422126],[130.1309735541862,32.686211405032395],[130.12695466922264,32.68423862161512],[130.1313313359724,32.681311676392795],[130.13312744487575,32.67820112558155],[130.13064115396617,32.67530326083687],[130.13061357985293,32.670283198410914],[130.1285241498697,32.6637086308487],[130.128813721676,32.654128874348146],[130.1274483403687,32.65028587429373],[130.12902252896663,32.64685778365981],[130.12957544744904,32.640845000096704],[130.13386160822665,32.637450883151814],[130.13835110212176,32.63560552287663],[130.14308206218743,32.636211909651934],[130.1489258109774,32.6331842340652],[130.15401994786237,32.62699698202516],[130.1539364718907,32.62367003634313],[130.15725656294012,32.623646269959465],[130.16162347564295,32.62708696369248],[130.1697073933816,32.61932745929488],[130.17130485103814,32.613012550289],[130.17414848216674,32.610779882585575],[130.17513049327772,32.60727525155164],[130.1739982234393,32.602848026715094],[130.16573780835324,32.598056910098364],[130.16967461669026,32.5908990809279],[130.17690597892783,32.593872315155295],[130.18111936386765,32.59274356796135],[130.18423722436842,32.59576626130399],[130.18962714737506,32.598609630729925],[130.1963752526159,32.59984972118775],[130.19549605739724,32.60415033317139],[130.18793566829652,32.60583312569827],[130.1848259142846,32.609210287724636],[130.18750867738356,32.61176989226675],[130.1903679639105,32.60932855037237],[130.2018219965879,32.60828910765622],[130.20375955895656,32.604247144290355],[130.20796389132056,32.60445497311855],[130.2112829175727,32.6063098383284],[130.2180885731292,32.60538460411624],[130.22314009114234,32.607539036197636],[130.2261943452928,32.610424513680414],[130.22985719765165,32.61063177503644],[130.23131367128894,32.61585129719964],[130.2381467957381,32.62654562218279],[130.24148312584566,32.62764768469293],[130.2411208690329,32.62836485625314],[130.24486149206427,32.62915172976858],[130.24768814489198,32.62566171181862],[130.25530137455883,32.62869331474474],[130.2594909994101,32.63431570260764],[130.2577889227207,32.638888044747546],[130.25941540869417,32.642197666788945],[130.26570854691192,32.64742259477697],[130.2653541366841,32.64885851440897],[130.25939474677023,32.6505272703173],[130.2617746173048,32.653228856226804],[130.264818300824,32.6522640896161],[130.2734926846398,32.6540828470458],[130.28575682211965,32.65188332385634],[130.29004159524345,32.652611981557754],[130.30049719788747,32.6513450724172],[130.3052600524096,32.654168657657465],[130.31464876772657,32.65686629734182],[130.31907703038075,32.659334576629476],[130.32226804173683,32.665267603816915],[130.32774583660114,32.66365109941876],[130.3361287807187,32.67047365773317],[130.33733500630558,32.66701291001783],[130.34327263262594,32.66848937828223],[130.3420153309428,32.6716326491275],[130.34837970176193,32.67429918036294],[130.35082097260988,32.67970992807079],[130.35430753626383,32.68271214385044],[130.3541863040548,32.687806504666526],[130.35756172499373,32.690502135265376],[130.3575534107614,32.695111414360326],[130.3524262390797,32.69806041365723],[130.34877107682382,32.70149316187997],[130.3457590143671,32.70809571184765],[130.35028661523518,32.7112832608139],[130.35122952022618,32.71465308976832],[130.35719177717885,32.71939565828308],[130.36467086936523,32.7273728921453],[130.36965405958722,32.73518237816427],[130.3765473801575,32.73997992763162],[130.37727259435485,32.747175045392055],[130.3705892349053,32.76423459465087],[130.37418924803546,32.77326903643694],[130.37865942898952,32.77874069432761],[130.378166485395,32.78396497300514],[130.37530661520816,32.78625695459482],[130.37734155616795,32.78884501818311],[130.3729278859132,32.79228628838155],[130.36595166044083,32.803567072062776],[130.36625426702085,32.8084002697567],[130.3630813752054,32.810156883133686],[130.3614789748749,32.81551431543335],[130.35710472100618,32.81691023412009],[130.35482666721703,32.8239126847227],[130.35175029783807,32.8268232254116],[130.35045460409674,32.83159960393863],[130.3459841497488,32.839894739150964],[130.343599481331,32.84839063991615],[130.34145147940228,32.85147259498433],[130.34098836632006,32.85524212582351],[130.33278312644018,32.86101462222706],[130.32900909179625,32.861764342050776],[130.32175579779187,32.866343090061605],[130.31132772969102,32.87052396361008],[130.31104692627468,32.87411948642523],[130.30651954574046,32.87664105414137],[130.30436151816957,32.879500341567564],[130.29719115424848,32.881371125676935],[130.2890354085573,32.87696936874141],[130.28435865063125,32.87692393679032],[130.2820834243106,32.87835920711177],[130.27554035010712,32.87470806302673],[130.26882516185185,32.87426557679498],[130.26112198379258,32.87152164900493],[130.2505605714133,32.87275553234201],[130.24379556431393,32.875558035674885],[130.23534499387642,32.87107163994426],[130.2333184049205,32.86684609886839],[130.23009996064468,32.86581852270672],[130.22466053175822,32.86033830596807],[130.20991361881852,32.85569278419467],[130.20550107721306,32.8519327573909],[130.1973571845865,32.85085747669126],[130.19523684760247,32.848121179648786],[130.18410162099303,32.857663928147815],[130.15532631565702,32.893567108035654],[130.15298789937208,32.899147684618015],[130.15777450139217,32.902070269927094],[130.15633911775615,32.90550466660716],[130.15925871641673,32.90702652275587],[130.16449562877028,32.906945694388355],[130.16776980493262,32.9120429995848],[130.1654948897774,32.91393736032097],[130.17335077811595,32.91624627884272],[130.1834292482613,32.91347449455236],[130.18866241224055,32.918567919174166],[130.18684705604687,32.920873494915895],[130.18699542170145,32.92461646787575],[130.19241408614118,32.92847033263979],[130.1973770299261,32.92948525174302],[130.20186189411118,32.92910430611886],[130.20332836641103,32.93212702734047],[130.19972014336997,32.93832822516748],[130.2033168613841,32.942238386592294],[130.20063508394207,32.94439961305176],[130.20307557687647,32.94674982934123],[130.2010995846781,32.949566198421394],[130.2038928663627,32.95520577502657],[130.20358641967755,32.957120386696545],[130.20116111539323,32.95906194565231],[130.19303916982187,32.95945305361556],[130.18741778200513,32.9588969461372],[130.17819138802224,32.960376946039275],[130.17306083039307,32.96214777499989],[130.1676694423909,32.96108805437024],[130.16165666692166,32.96123027855458],[130.15507666655503,32.963363054061745],[130.14966250322198,32.962790828933635],[130.1468247212839,32.96936055904263],[130.14405610890242,32.9716844413839],[130.13904861180401,32.96861749510134],[130.13091972796315,32.968320558746825],[130.12271027206145,32.970891667416595],[130.1191972242725,32.97036249463349],[130.1145113876904,32.97240638744489],[130.10919083029262,32.97175916155612],[130.1030261089678,32.97473999955139],[130.09504610879094,32.97537916211871],[130.08886610888385,32.974057225260765],[130.08615250263597,32.97538277469533],[130.08580499380548,32.97921666731537],[130.0817769393543,32.98275138696698],[130.07743888499658,32.98475027860252],[130.0760605579485,32.98756082906908],[130.06948778183573,32.986438333062665],[130.06490861204293,32.98705805408599],[130.06122693867235,32.985851108142185],[130.05403236140444,32.99167764031091],[130.04707250269394,33.00154444062349],[130.04236583691386,33.00397166675907],[130.0379158367465,33.00867027911016],[130.0313816604354,33.01022055923147],[130.02801389092838,33.012445559315154],[130.02924832734845,33.01614916175447],[130.02738250300013,33.020314162268846],[130.01495194597555,33.017478892137206],[130.00820250344282,33.01982166743608],[130.0060747209717,33.02464833335398],[130.00110221829277,33.025694720634874],[129.99919619964498,33.02922100014911],[129.99969703029376,33.0317621083347],[129.99449917010065,33.037126666862264],[129.99377165993417,33.041586108112426],[129.9963936063799,33.04450610787063],[129.99412306103045,33.04798333296452],[129.9875861094115,33.05133166722271],[129.98328805420044,33.05679916215166],[129.9780374973327,33.057416667245434],[129.96402861213085,33.064351108416986],[129.95474666702512,33.06597027930502],[129.9425719464382,33.07169389215943],[129.93883306089708,33.07416389185016],[129.93967027216536,33.07776361270061],[129.9351433331983,33.08114333329826],[129.9330744491266,33.088344161753696],[129.9280016603484,33.09001972103334],[129.92235666712656,33.090493332801145],[129.92676306096655,33.10185582888346],[129.92527250302362,33.105900000085],[129.9296430606788,33.1075747211965],[129.93284221809392,33.11108222466498],[129.940726667102,33.11286472142979],[129.9512852789925,33.10996416231632],[129.95669277565116,33.118226667426825],[129.9562847208632,33.128627495062915],[129.95342832655604,33.13239582890441],[129.94885360570936,33.13407082880576],[129.94741444941735,33.143243892092016],[129.9448772236051,33.14626361317528],[129.9433383271022,33.1542952794037],[129.9414469386254,33.15994555884055],[129.9433319464123,33.164271386915004],[129.93861527927174,33.1653749998564],[129.9336463936662,33.16327249462995],[129.92800888460238,33.164022774731336],[129.9200908297281,33.16200861260745],[129.9177463942807,33.16003749473464],[129.91407722418467,33.16258916186041],[129.91153165985827,33.16216638696926],[129.90594027162626,33.158098053682295],[129.89873916977695,33.15793416213194],[129.8951699997957,33.15972582928367],[129.89100277615728,33.15851333272417],[129.88812444918403,33.15616722543717],[129.8860738905977,33.16145638660299],[129.8789825033399,33.162038053713275],[129.87436666728797,33.164669999720786],[129.86936610935857,33.16907861308755],[129.86312972825442,33.17102055875182],[129.85777194611853,33.17092833327604],[129.8534849939374,33.17633805395809],[129.8483780543038,33.17752944073118],[129.84286778222247,33.17684666733987],[129.83733055835864,33.174194440720896],[129.8301491696485,33.177083612618674],[129.827793061001,33.179714161979064],[129.82111832694932,33.18185166702085],[129.81714778234436,33.184535558769085],[129.8156361092191,33.18884749501592],[129.8169891698144,33.19226638738394],[129.81410527873572,33.19859194616146],[129.81003277619175,33.20234722544416],[129.80689666664796,33.211169440717185],[129.80959693864781,33.21861944073464],[129.8130747213214,33.221206107675755],[129.80991360612813,33.23036361269061],[129.81252138825153,33.23188582856818],[129.81544250316904,33.23910389163137],[129.8136038914065,33.24302055875182],[129.81004749719432,33.24264610803152],[129.8031483274334,33.2495469460348],[129.79839972806508,33.253312494675924],[129.79094999964286,33.25736138731821],[129.7800991701406,33.26716333302147],[129.77616666685822,33.27248972072408],[129.7724716601391,33.280264161961554],[129.76824972804263,33.28578944102992],[129.76386194567237,33.28987805402903],[129.75896749695244,33.290851107892365],[129.76156722384837,33.29661527927175],[129.76434999965284,33.30639444065099],[129.7669255509735,33.30809110791836],[129.76635111531175,33.31155999989414],[129.76994221795906,33.31709472094468],[129.76911055820574,33.319055829363094],[129.7758316604029,33.32979138736266],[129.77657944218754,33.33285722478115],[129.7821066673888,33.337099999565396],[129.79081434500608,33.34039906266668]]],[[[128.3509662521908,31.967123721382677],[128.3509907002607,31.967377494775633],[128.3508364458454,31.967378054153926],[128.35083780831826,31.967157386604185],[128.3509662521908,31.967123721382677]]],[[[128.3455316337779,31.98433477492995],[128.3455456164371,31.9845135592534],[128.34538594000924,31.98444280239346],[128.3455316337779,31.98433477492995]]],[[[128.34587863808872,31.985132198392307],[128.34572263269342,31.985620387271126],[128.34550577197388,31.985574531739303],[128.34587863808872,31.985132198392307]]],[[[128.35007260666555,31.986129891881035],[128.3501652530241,31.986187864878104],[128.35002800299003,31.986292494702923],[128.3499853310583,31.98615380215631],[128.35007260666555,31.986129891881035]]],[[[128.3474649936146,31.98737063974329],[128.3474479766429,31.987536613224165],[128.3472720485662,31.987628774848133],[128.3472506357083,31.98746838705648],[128.3474649936146,31.98737063974329]]],[[[128.351327197792,31.988565252384547],[128.35129455330105,31.988721225404277],[128.35118574612534,31.98862053191209],[128.351327197792,31.988565252384547]]],[[[128.3476404153729,31.98889691875786],[128.34783128388665,31.98684558585518],[128.3492663941289,31.98843761340521],[128.3476404153729,31.98889691875786]]],[[[128.3561148637101,31.988756693766447],[128.35646108920798,31.989093441309308],[128.35631744499415,31.98995686511728],[128.35586185474085,31.989942946309952],[128.3561148637101,31.988756693766447]]],[[[128.35550069959766,31.989616945665546],[128.3557408563555,31.98990644102946],[128.35565466892785,31.990302747973487],[128.3553378080934,31.990277495010446],[128.35550069959766,31.989616945665546]]],[[[128.35705905293298,31.99034680216323],[128.35701474693303,31.99063872120007],[128.3568547728296,31.99060125184633],[128.35705905293298,31.99034680216323]]],[[[128.34740016868295,31.991165640282134],[128.34761571998956,31.991455080787375],[128.34755394286026,31.991667468279104],[128.3471786117036,31.99158494558884],[128.34740016868295,31.991165640282134]]],[[[128.3537962522953,31.9942229188527],[128.35367691315912,31.994910494623696],[128.3532646954094,31.99463355919147],[128.3537962522953,31.9942229188527]]],[[[128.3486225811672,31.995563495059287],[128.34868230874167,31.99560627940633],[128.34861566807865,31.995725559187235],[128.34851070010882,31.995644162448173],[128.3486225811672,31.995563495059287]]],[[[128.34456194607696,32.00039455866198],[128.34462756241214,32.00047861289772],[128.34446477343056,32.00053841421652],[128.34445494204203,32.00043191919775],[128.34456194607696,32.00039455866198]]],[[[128.34999924806687,32.00545046806468],[128.3500059399222,32.005564198129264],[128.34991335921427,32.00558797260692],[128.34988199715656,32.00546341380556],[128.34999924806687,32.00545046806468]]],[[[128.34566905288455,32.00641380205536],[128.34558875511698,32.00653919812555],[128.3455046172444,32.00644808061446],[128.34566905288455,32.00641380205536]]],[[[128.35656313887785,32.00812527935818],[128.35229416324512,32.00568177459428],[128.34376335889192,32.00410072057184],[128.35014416302272,31.99719708118039],[128.3477554989172,31.993268640135682],[128.349011920164,31.988740864799126],[128.3529405581603,31.992470278680457],[128.35195944187478,31.997676972914007],[128.35829131029584,32.003393278776855],[128.35656313887785,32.00812527935818]]],[[[128.36000189367257,32.00862191916627],[128.36010082988946,32.00888527933222],[128.35993438426453,32.00890622544199],[128.35990727600006,32.00874100019706],[128.36000189367257,32.00862191916627]]],[[[128.36429175066382,32.0119949730896],[128.3641935797699,32.011676999793735],[128.36466538300112,32.01161282866917],[128.36462758809273,32.011923864594735],[128.36429175066382,32.0119949730896]]],[[[128.36459316474281,32.01476841393122],[128.35959299621982,32.011014667093264],[128.36081108926044,32.009066919003146],[128.36459316474281,32.01476841393122]]],[[[128.36539347592827,32.02069300008196],[128.3654999223836,32.02072916182141],[128.36548844433628,32.02084361314229],[128.3653718939978,32.02081949512365],[128.36539347592827,32.02069300008196]]],[[[128.36591608276103,32.02271955936021],[128.36586944212115,32.02286066658655],[128.365768366417,32.02279322462766],[128.36591608276103,32.02271955936021]]],[[[128.36550852080165,32.02296172070692],[128.3655528268016,32.02303913524793],[128.36537172492524,32.02315261260304],[128.36534713386322,32.02301936005546],[128.36550852080165,32.02296172070692]]],[[[128.36614632899,32.024381892310544],[128.36612883267958,32.02361802705036],[128.36658092097275,32.023762198266866],[128.36614632899,32.024381892310544]]],[[[128.37235586263307,32.02380686489494],[128.3724401947593,32.024544918713104],[128.37195700431232,32.02445982935768],[128.37235586263307,32.02380686489494]]],[[[128.36492105126558,32.02482835984097],[128.3646076905925,32.02478064001457],[128.36471613534138,32.02456394566963],[128.36506574588748,32.02458689187159],[128.36492105126558,32.02482835984097]]],[[[128.37773128407161,32.02960622494737],[128.3778449943511,32.0297958919669],[128.37769197110765,32.029802639580225],[128.37773128407161,32.02960622494737]]],[[[128.37572160776608,32.029593747753324],[128.37576489033745,32.029870225430614],[128.37553783400392,32.02989441359637],[128.3753842279998,32.02972569358593],[128.37572160776608,32.029593747753324]]],[[[128.37286661460269,32.030132919198934],[128.36848105085983,32.02606905374387],[128.37240632898897,32.024692612574086],[128.3754244753593,32.028030054243686],[128.37286661460269,32.030132919198934]]],[[[128.38022224426118,32.030061279204745],[128.3804073022552,32.0302175588933],[128.38009138840687,32.0302211615774],[128.38022224426118,32.030061279204745]]],[[[128.37680863810817,32.03014272090991],[128.3768548641607,32.030284919013866],[128.37672031119348,32.03029791871404],[128.37680863810817,32.03014272090991]]],[[[128.37955411183282,32.02955289155278],[128.37907474710198,32.03024861338287],[128.3787225033409,32.0300049186921],[128.37955411183282,32.02955289155278]]],[[[128.37719216568598,32.03042230574488],[128.37720464287997,32.03072349499337],[128.37688518840082,32.03068566681014],[128.37719216568598,32.03042230574488]]],[[[128.377769364065,32.031078468196824],[128.37783644629508,32.03118016173511],[128.37769180293446,32.0312205862611],[128.37759418872088,32.031157774911435],[128.377769364065,32.031078468196824]]],[[[128.37706321729365,32.03283455906768],[128.37711855977375,32.03292291925737],[128.37699294426898,32.03298469368872],[128.3769486904298,32.03290766675548],[128.37706321729365,32.03283455906768]]],[[[128.37639769110058,32.034686252368715],[128.37638011744855,32.03483225190695],[128.37623024632887,32.034785360356125],[128.37639769110058,32.034686252368715]]],[[[128.37831483795946,32.03510080206041],[128.37807688723865,32.03533705396194],[128.3780695325829,32.035167585715556],[128.37831483795946,32.03510080206041]]],[[[128.3791404668591,32.035388612994154],[128.37699289210832,32.034256828789694],[128.37803741869197,32.031302386795744],[128.38101972797813,32.03070689170971],[128.3791404668591,32.035388612994154]]],[[[128.4053481448011,32.036383279364884],[128.4052284441375,32.03668455944489],[128.40501230917084,32.03655891875917],[128.4053481448011,32.036383279364884]]],[[[128.38939749739666,32.03962422467828],[128.3894073018056,32.03983302657298],[128.38921616079722,32.039790279098156],[128.38939749739666,32.03962422467828]]],[[[128.4071705058143,32.03998725220998],[128.40717946755842,32.04014086540866],[128.40708080383604,32.040117721355784],[128.4071705058143,32.03998725220998]]],[[[128.41142428020646,32.04518230561894],[128.4114213879867,32.044776532411106],[128.41190557668108,32.044952667331756],[128.41142428020646,32.04518230561894]]],[[[128.39219627843556,32.048544305974985],[128.39224014286833,32.048685666810115],[128.39212005189893,32.0486774946707],[128.39219627843556,32.048544305974985]]],[[[128.3940087810804,32.0542678648701],[128.3918981711637,32.0519128291138],[128.39324824870778,32.04893600029624],[128.39137202280062,32.045469720850974],[128.38364204944105,32.04102246811249],[128.38597435842996,32.03859502703892],[128.3885987546289,32.040252829204746],[128.39210243777734,32.03911233326761],[128.3987434499503,32.04224625206291],[128.40189863771207,32.04149649536703],[128.40527108908952,32.03731722530978],[128.40925953290116,32.044586585702405],[128.41148747107002,32.045533080787095],[128.41388741896924,32.0502818654158],[128.40677619986184,32.048851694250345],[128.4015390527851,32.049925775254394],[128.3940087810804,32.0542678648701]]],[[[128.39297144007992,32.054499945715975],[128.39311719770058,32.05489977530442],[128.39270241238648,32.054787467967344],[128.39297144007992,32.054499945715975]]],[[[128.39148625198902,32.05722313513962],[128.39157286569525,32.05734836033861],[128.39145533059911,32.05736002724353],[128.39148625198902,32.05722313513962]]],[[[128.39420085558504,32.0578045864126],[128.3943857723856,32.058096386738896],[128.39445880722826,32.058714251561526],[128.39400674411604,32.05823122479126],[128.39420085558504,32.0578045864126]]],[[[128.10453900107416,32.243858162324386],[128.1044992744221,32.24369566742115],[128.10460581080963,32.243406440954516],[128.1046932563887,32.24343930577936],[128.1046878082958,32.24368680190446],[128.10453900107416,32.243858162324386]]],[[[128.10473649759138,32.24474686517573],[128.10461413673306,32.244596558784224],[128.10464680910297,32.2443760809914],[128.10473275011634,32.244238613321386],[128.10479247679143,32.24461566667975],[128.10473649759138,32.24474686517573]]],[[[128.88748832742442,32.5586366669487],[128.88781250334443,32.5590430543935],[128.88730722374942,32.55907527890105],[128.88748832742442,32.5586366669487]]],[[[128.8891599998342,32.55937555893496],[128.88977221781363,32.55763889162159],[128.8911230606808,32.558388892033804],[128.8891599998342,32.55937555893496]]],[[[128.90382250330595,32.560726667102074],[128.90384972758295,32.560930558698374],[128.9037200003778,32.5609230538559],[128.90382250330595,32.560726667102074]]],[[[128.89060499362563,32.56607527885109],[128.8904619456623,32.56619110793332],[128.89040527938016,32.56610138706941],[128.89060499362563,32.56607527885109]]],[[[128.9055288850501,32.57124916221909],[128.90372827503995,32.57027333304791],[128.89796999961584,32.571119441309236],[128.8915352793298,32.56726889234557],[128.89242722423705,32.5634236134091],[128.89630639412485,32.56087527917083],[128.90139027244322,32.56049194584665],[128.90562221759137,32.56224555908534],[128.9075452792913,32.56650194600803],[128.9055288850501,32.57124916221909]]],[[[128.73240972842632,32.574922774966126],[128.7321644491301,32.57472361290445],[128.73234916987838,32.57459666730239],[128.7325011148347,32.57476361295045],[128.73240972842632,32.574922774966126]]],[[[128.73152999990964,32.57494166702435],[128.7314725026539,32.574605828696065],[128.73184165996474,32.57478472093817],[128.73152999990964,32.57494166702435]]],[[[128.7267347212305,32.57778333313439],[128.72672722358254,32.57793833308767],[128.72658778190066,32.5778677749779],[128.7267347212305,32.57778333313439]]],[[[128.72655888488464,32.57799000003854],[128.72654778185472,32.57816582918974],[128.72635250306564,32.57810666728892],[128.72638805416545,32.57797249473492],[128.72655888488464,32.57799000003854]]],[[[128.7214244493789,32.5781013873692],[128.72144416341746,32.57818166715026],[128.72126805367782,32.57824500010673],[128.72129888513552,32.57812333262575],[128.7214244493789,32.5781013873692]]],[[[128.7096233332503,32.57859694619219],[128.7095041631867,32.57878749544659],[128.70931221818444,32.57866916175249],[128.7096233332503,32.57859694619219]]],[[[128.70727306120284,32.57870722465873],[128.70702111523235,32.57880249523902],[128.70656277575154,32.57861638683681],[128.70661499398682,32.578394721039615],[128.70687888475277,32.57860527931024],[128.70727306120284,32.57870722465873]]],[[[128.72719555093397,32.57838666671137],[128.72710416272696,32.578828613349856],[128.72684389083292,32.57879610825387],[128.72696333339115,32.57848833327],[128.72719555093397,32.57838666671137]]],[[[128.72333778221298,32.57895305434005],[128.72294805380966,32.57889694563761],[128.72314444865742,32.57847833280886],[128.72350333301245,32.57858138702147],[128.72333778221298,32.57895305434005]]],[[[128.72637250308856,32.57893694568355],[128.72510999972678,32.57878555920627],[128.72621166023998,32.57800777513876],[128.72637250308856,32.57893694568355]]],[[[128.70770333284258,32.57908694630555],[128.70771221814437,32.578950000242344],[128.7078572239318,32.579054441209564],[128.70770333284258,32.57908694630555]]],[[[128.72432693933683,32.578840559044636],[128.72444165955505,32.57904500012671],[128.72436221794203,32.579100278754936],[128.72418917039397,32.57895694570652],[128.72432693933683,32.578840559044636]]],[[[128.72392639388806,32.57890944081811],[128.7240183270842,32.57901416237377],[128.72390194581817,32.57914194614398],[128.72376555103938,32.579094441255506],[128.72392639388806,32.57890944081811]]],[[[128.7249847205685,32.578684720923206],[128.7250216602215,32.57891999975823],[128.72487861225818,32.57913249516855],[128.7247799997972,32.578945278801655],[128.72481111544073,32.57881666675581],[128.7249847205685,32.578684720923206]]],[[[128.70750749737317,32.579096387388404],[128.70704306138828,32.57921416170427],[128.70693999998105,32.578946386766404],[128.70742333342014,32.57886833280736],[128.70750749737317,32.579096387388404]]],[[[128.71164166013455,32.579153613048845],[128.71182083026713,32.57933861258698],[128.71165194568084,32.579366387249024],[128.71150111498457,32.57924722527929],[128.71164166013455,32.579153613048845]]],[[[128.77751666726044,32.57910361344108],[128.7773858365872,32.57934138699545],[128.77715972813905,32.57931889225313],[128.77710861157323,32.579120559366345],[128.77751666726044,32.57910361344108]]],[[[128.7125172238908,32.57938499961807],[128.71245944244936,32.57956277490217],[128.71236389128057,32.579471667283656],[128.7125172238908,32.57938499961807]]],[[[128.7174786118485,32.57944082863139],[128.71753194614246,32.579483891768234],[128.71741166002016,32.57962110762804],[128.7173197277233,32.57959416214095],[128.7174786118485,32.57944082863139]]],[[[128.71255138823608,32.58004694561009],[128.71256693931286,32.580113613252706],[128.71237610857065,32.58023194604755],[128.71235277566018,32.580153053920355],[128.71255138823608,32.58004694561009]]],[[[128.708549170408,32.58041333300895],[128.70857416256763,32.58049582871956],[128.70831111536575,32.58054222474391],[128.70829832700622,32.58047222511317],[128.708549170408,32.58041333300895]]],[[[128.7180463943257,32.58291944137915],[128.71467306071327,32.580692495162566],[128.72092082993242,32.57922638708817],[128.7180463943257,32.58291944137915]]],[[[128.71302944175545,32.58280194585319],[128.7131811151164,32.58292582926367],[128.71313250316257,32.58296805423237],[128.71293861202741,32.58287527927075],[128.71302944175545,32.58280194585319]]],[[[128.65947027233528,32.5851961084137],[128.65945693898664,32.584750559091106],[128.65978306103955,32.58486916168249],[128.65947027233528,32.5851961084137]]],[[[128.78100555116532,32.58531777499536],[128.7810874973901,32.58546999964085],[128.7809086123426,32.585480278891794],[128.7808402719611,32.58532472135886],[128.78100555116532,32.58531777499536]]],[[[128.792935550935,32.585413613047876],[128.7928130605743,32.58563722497803],[128.79267055760022,32.58544361263267],[128.792935550935,32.585413613047876]]],[[[128.660628885115,32.5864647208702],[128.6604691700162,32.58680305391783],[128.66025610893234,32.5866508292724],[128.660628885115,32.5864647208702]]],[[[128.66089527869417,32.58698361260372],[128.6610416604443,32.58649305401127],[128.66119499395393,32.58666222458203],[128.66105499379296,32.58694972075307],[128.66089527869417,32.58698361260372]]],[[[128.66178888464935,32.58816582898987],[128.6618930612159,32.58841499965257],[128.6615769387248,32.588610559030144],[128.66163861243206,32.5882938924492],[128.66178888464935,32.58816582898987]]],[[[128.66149277567115,32.58775861326944],[128.66033666660394,32.58880194555337],[128.65921944242336,32.58857861331239],[128.6594974966123,32.587256666561984],[128.66149277567115,32.58775861326944]]],[[[128.93041749677013,32.589737225192835],[128.92985000027738,32.58970694591886],[128.92973416310122,32.58931777509531],[128.93007082970507,32.5890174950614],[128.93041749677013,32.589737225192835]]],[[[128.90375416292432,32.59039666657293],[128.89790027158028,32.58858082924195],[128.90232144038225,32.58576855927163],[128.90375416292432,32.59039666657293]]],[[[128.65569277620068,32.59034777492991],[128.65581749688,32.590491667356616],[128.65564805381473,32.59070222472792],[128.65539861155673,32.59049222493627],[128.65569277620068,32.59034777492991]]],[[[128.65714221803898,32.591648054314305],[128.65687916993784,32.59133999964132],[128.65727527903096,32.59116777497292],[128.65714221803898,32.591648054314305]]],[[[128.63973333342665,32.59209333294103],[128.63932722387233,32.59249805394211],[128.6391466669852,32.592222495371914],[128.63973333342665,32.59209333294103]]],[[[128.68320805400856,32.592455559176756],[128.68334527886157,32.59254555883052],[128.68324610882098,32.59261694611524],[128.68320805400856,32.592455559176756]]],[[[128.70030111470476,32.59269889234008],[128.70037999963733,32.59242805431131],[128.70068055756178,32.59250889167208],[128.70030111470476,32.59269889234008]]],[[[128.6828472244199,32.59225833335546],[128.68291250260995,32.59237694583942],[128.6828547211685,32.59264110820061],[128.6827663942538,32.592438332662994],[128.6828472244199,32.59225833335546]]],[[[128.64875639429226,32.59241861322846],[128.64900138760402,32.59264055871489],[128.648839169692,32.5927899999586],[128.64861749670013,32.5925408292959],[128.64875639429226,32.59241861322846]]],[[[128.70153666718352,32.593015000441994],[128.70072306132033,32.59307110824511],[128.7011108301008,32.59256944122677],[128.70153666718352,32.593015000441994]]],[[[128.64607333261824,32.59311138708091],[128.645846939085,32.59335916199581],[128.6457591697499,32.59320305407772],[128.64607333261824,32.59311138708091]]],[[[128.70067861232815,32.59372027936746],[128.70039111525784,32.593186666631425],[128.70127693937934,32.59351555859621],[128.70067861232815,32.59372027936746]]],[[[128.93169444863997,32.59357500018615],[128.93161306089416,32.59416722533723],[128.93100861215783,32.593850828552945],[128.93169444863997,32.59357500018615]]],[[[128.91556555110935,32.593984721417826],[128.91562749731122,32.594235559423566],[128.9153852793072,32.59427110782542],[128.91556555110935,32.593984721417826]]],[[[128.90673749743758,32.5948619462219],[128.90443972781122,32.59405582901337],[128.9044200002828,32.59229666695768],[128.90736360634537,32.59231333319383],[128.90673749743758,32.5948619462219]]],[[[128.7447033330924,32.59614138741517],[128.7446166672255,32.59600027928951],[128.74484277567365,32.59588194559535],[128.74494944156356,32.596090558632454],[128.7447033330924,32.59614138741517]]],[[[128.91453138831298,32.595706666829244],[128.9147999996203,32.59583722500798],[128.91467917030752,32.59612972140957],[128.91430527896557,32.59603194621741],[128.91453138831298,32.595706666829244]]],[[[128.8327149941017,32.59605138686209],[128.8327038910718,32.59616110774897],[128.83260277579757,32.5962891622151],[128.83252250321107,32.596266666573456],[128.83261832687435,32.596094441005675],[128.8327149941017,32.59605138686209]]],[[[128.6357525032755,32.59621194642426],[128.63583444860103,32.59636833313215],[128.63564027238078,32.596489999713754],[128.63557583685542,32.596260829074026],[128.6357525032755,32.59621194642426]]],[[[128.68634165983974,32.59666110832353],[128.68649888471577,32.5967399995514],[128.68644944178834,32.59684082884121],[128.68630416260703,32.596831386859094],[128.68634165983974,32.59666110832353]]],[[[128.92554416323264,32.598718613273434],[128.92228778195567,32.59835222497526],[128.91484888496814,32.59547082861587],[128.92036333260182,32.59151277469482],[128.92752221757632,32.59181749468166],[128.92554416323264,32.598718613273434]]],[[[128.6589325164225,32.59921765786868],[128.65773035037546,32.59996475706794],[128.65767863755912,32.599935288083145],[128.6588978466583,32.59917765782268],[128.6589325164225,32.59921765786868]]],[[[128.7397769386548,32.600808054048514],[128.73976416288588,32.60094389214697],[128.7396077815739,32.60105555916675],[128.73948360588372,32.60098861273434],[128.7397769386548,32.600808054048514]]],[[[128.63140055798942,32.60220222535247],[128.63132333320527,32.60235444100471],[128.63120555079558,32.60227027885031],[128.63140055798942,32.60220222535247]]],[[[128.7947743317701,32.60224910791004],[128.79475127135413,32.60275382902603],[128.79438822313807,32.60261660417302],[128.7947743317701,32.60224910791004]]],[[[128.92284306115846,32.60306333340617],[128.92281027187664,32.603209440863054],[128.92267111527985,32.60324972059817],[128.92265277630463,32.603123053785964],[128.92284306115846,32.60306333340617]]],[[[128.7040047207413,32.603786107742735],[128.7041327761068,32.603980278567064],[128.70397555123077,32.603931666613164],[128.7040047207413,32.603786107742735]]],[[[128.7036822175603,32.603584720758306],[128.70373999990113,32.60387000010047],[128.70329583733314,32.60391916243947],[128.70346499441405,32.60358110818163],[128.7036822175603,32.603584720758306]]],[[[128.73681114092153,32.6029970542707],[128.7364159140633,32.603203278708406],[128.7358471980898,32.604165359943465],[128.73577422799826,32.60413277480774],[128.736350973119,32.60314827887004],[128.73681114092153,32.6029970542707]]],[[[128.92400778213346,32.60331666703058],[128.92414194569426,32.603563054291556],[128.9240274970714,32.60420444088231],[128.92384333300345,32.60392277501609],[128.92376639420377,32.603587495166835],[128.92400778213346,32.60331666703058]]],[[[128.92431444915258,32.60406861267637],[128.9244238912496,32.60411916176997],[128.92439916978594,32.6042666667733],[128.92423805444275,32.60412805426637],[128.92431444915258,32.60406861267637]]],[[[128.68316389100085,32.60418555871661],[128.6833836061686,32.604383612813535],[128.68308277574954,32.60443666741833],[128.68316389100085,32.60418555871661]]],[[[128.79439819661957,32.604289855792274],[128.79452403425682,32.60447208092182],[128.7942937475584,32.604619297242834],[128.7941626461892,32.60446568494348],[128.79439819661957,32.604289855792274]]],[[[128.92392221793602,32.604369161607565],[128.92402666699718,32.60450277478327],[128.92395778162643,32.60464416169873],[128.92383666722844,32.60459805435676],[128.92392221793602,32.604369161607565]]],[[[128.72173972830592,32.604870828625906],[128.7218258365931,32.60498805435526],[128.72168805416038,32.605153892038516],[128.72158306100948,32.60504305419363],[128.72173972830592,32.604870828625906]]],[[[128.72099055796798,32.60506249483831],[128.72111444857296,32.60518499958812],[128.72105639373763,32.605232224787414],[128.72093360570136,32.60510889176197],[128.72099055796798,32.60506249483831]]],[[[128.72200000019996,32.60535333289005],[128.72194194626388,32.605476387125634],[128.72178360622854,32.60543027888434],[128.72190916957254,32.60534277484925],[128.72200000019996,32.60535333289005]]],[[[128.72111082970105,32.605483891968106],[128.7212600002489,32.60553638719455],[128.72112805441623,32.605614162363736],[128.72111082970105,32.605483891968106]]],[[[128.83150387800163,32.60562138661777],[128.826353891419,32.600640828711335],[128.82856499427908,32.59736499959513],[128.8382016598788,32.59536361324024],[128.84085888492962,32.5958600003388],[128.841311660305,32.60195472113355],[128.83913360573138,32.60481333316886],[128.83558613459252,32.60369337774722],[128.83150387800163,32.60562138661777]]],[[[128.720177782179,32.60560889233659],[128.71992610870302,32.60559861308559],[128.720006667274,32.60547166658421],[128.720177782179,32.60560889233659]]],[[[128.83758194605002,32.605997224991995],[128.83748221842973,32.60647666706461],[128.83698916961453,32.606442775213964],[128.83758194605002,32.605997224991995]]],[[[128.62694749742911,32.606459999929086],[128.62679000005846,32.606633332562296],[128.6266383266975,32.60646305402679],[128.62694749742911,32.606459999929086]]],[[[128.62639778233188,32.60656082921895],[128.62653693892867,32.606703891571385],[128.62644277631318,32.60674499958213],[128.62633055800893,32.60666055863794],[128.62639778233188,32.60656082921895]]],[[[128.67118666693125,32.606616107847174],[128.67126861225677,32.60668055866091],[128.67114000021093,32.6067655589834],[128.67109165985232,32.606652775005614],[128.67118666693125,32.606616107847174]]],[[[128.67008666656648,32.60654944110388],[128.6701599999841,32.60664916242894],[128.66997749696395,32.606854721368336],[128.66985778191122,32.60669138739769],[128.67008666656648,32.60654944110388]]],[[[128.6264055506757,32.60686889198581],[128.62646722438296,32.606930278809386],[128.62628194605497,32.60704194582917],[128.62623499424967,32.6069550002731],[128.6264055506757,32.60686889198581]]],[[[128.66883082987897,32.60717499962658],[128.66858666664143,32.60715389163886],[128.6686633329465,32.60689361344953],[128.66905083013182,32.606980279316474],[128.66883082987897,32.60717499962658]]],[[[128.6137716596345,32.60860944077314],[128.61313111480922,32.608260000198925],[128.6142158365916,32.60757194598858],[128.61462000001302,32.608117224730165],[128.6137716596345,32.60860944077314]]],[[[128.59795277639955,32.61247166743357],[128.5979461088259,32.61260638677538],[128.59757610885038,32.6126641619216],[128.59764778211957,32.61243500027507],[128.59795277639955,32.61247166743357]]],[[[128.77740888531184,32.615803053967795],[128.77681472122242,32.61575472080375],[128.77650610896978,32.61528861297916],[128.77687610894532,32.61518305415467],[128.77740888531184,32.615803053967795]]],[[[128.77880138837338,32.61679138731273],[128.77900221777816,32.61709110796829],[128.7787838911637,32.61714361308731],[128.77880138837338,32.61679138731273]]],[[[128.7802408297506,32.617314720797765],[128.77794444867743,32.61569194632631],[128.77881138793532,32.61478666717102],[128.7802408297506,32.617314720797765]]],[[[128.78203000038422,32.61688610840724],[128.78240888476228,32.61734972061316],[128.78226805362783,32.617438332613006],[128.7819441627929,32.61716082880923],[128.78203000038422,32.61688610840724]]],[[[128.78137610872045,32.61724444057853],[128.78156555090948,32.61738138664174],[128.78147778157438,32.61751749543612],[128.7812836062535,32.6174441620185],[128.78137610872045,32.61724444057853]]],[[[128.7794030609026,32.61746305407672],[128.77945194625033,32.61759833279689],[128.77935749675112,32.61773082901459],[128.77926111460886,32.61762861297018],[128.7794030609026,32.61746305407672]]],[[[128.7767325034024,32.61749166690697],[128.77691639407635,32.61772777491694],[128.77656749669268,32.6176897210039],[128.7767325034024,32.61749166690697]]],[[[128.77722221843067,32.617001945583354],[128.77766610940353,32.61744805428435],[128.77721333312888,32.6179008287603],[128.77694805380975,32.617414162433704],[128.77722221843067,32.617001945583354]]],[[[128.77565583684748,32.618275828966375],[128.77543055757428,32.61803999974626],[128.77586749678755,32.6180833326797],[128.77565583684748,32.618275828966375]]],[[[128.77675360599414,32.618321108032774],[128.7766974972917,32.61795722524579],[128.77713666682382,32.61796472109506],[128.77716639391406,32.618340278880794],[128.77675360599414,32.618321108032774]]],[[[128.77858832728953,32.61896861271134],[128.7781652790045,32.61896861271134],[128.77825055811684,32.61875166655619],[128.77858832728953,32.61896861271134]]],[[[128.87698389069408,32.618917774935426],[128.87695610883736,32.619118053955106],[128.87679082963314,32.61895833256108],[128.87698389069408,32.618917774935426]]],[[[128.87623138836796,32.619004162012516],[128.876335837429,32.619146108306325],[128.8761891696945,32.61924861303311],[128.87611749732469,32.61904305409371],[128.87623138836796,32.619004162012516]]],[[[128.77364256775036,32.61971731540183],[128.77358564156418,32.619720116790006],[128.77325462989734,32.61701913522495],[128.77329193287642,32.61701654068088],[128.77364256775036,32.61971731540183]]],[[[128.78105416311917,32.62000082937482],[128.78016639376415,32.61985777511626],[128.78035916974,32.61880305381794],[128.7806830605748,32.61920916157362],[128.78066972812553,32.61972249459751],[128.78105416311917,32.62000082937482]]],[[[128.77750055770468,32.62149444141539],[128.7774038913766,32.61915082884775],[128.77943306138673,32.619923332995484],[128.77750055770468,32.62149444141539]]],[[[128.77748832692487,32.622356107948065],[128.77811306076921,32.62151499991734],[128.77884138841944,32.621849721287674],[128.77827861156868,32.6222672252523],[128.77748832692487,32.622356107948065]]],[[[128.64911277583406,32.62277416229779],[128.64881972814806,32.623208053708765],[128.64849333270115,32.62275722536572],[128.64911277583406,32.62277416229779]]],[[[128.63653221818743,32.622819441364186],[128.63675221844017,32.62319722497199],[128.6365391699468,32.623541107736],[128.63615277622966,32.623095559312674],[128.63653221818743,32.622819441364186]]],[[[128.77672693929685,32.62171755871839],[128.77550092143042,32.622902467674805],[128.77256980515244,32.623720865125904],[128.7725418290422,32.623651279183264],[128.77545661543047,32.622841945999085],[128.77672693929685,32.62171755871839]]],[[[128.7721541124224,32.62417797343477],[128.77101997379282,32.62504874830114],[128.77096691289273,32.6249957476557],[128.7721541124224,32.62417797343477]]],[[[128.78003944186685,32.62526889244549],[128.7789972238429,32.62520166722322],[128.7789447214218,32.62484389173227],[128.7795169393553,32.624917225149886],[128.78003944186685,32.62526889244549]]],[[[128.7811649937695,32.62645610816293],[128.78095499397784,32.62643472138535],[128.78090250324794,32.62608694635554],[128.781372775833,32.62616472062541],[128.7811649937695,32.62645610816293]]],[[[128.77990639436462,32.62561055927995],[128.78017722429956,32.62576333341116],[128.78004999990765,32.62647777462962],[128.77964722414015,32.62639582930416],[128.77990639436462,32.62561055927995]]],[[[128.60800472104108,32.63297833338345],[128.60774221792906,32.63309666707755],[128.60761666717553,32.632931666663126],[128.60800472104108,32.63297833338345]]],[[[128.79185805430586,32.63451110820114],[128.7919191704334,32.63461833257003],[128.79181583743105,32.63478194622991],[128.79172583687796,32.63477722478916],[128.79185805430586,32.63451110820114]]],[[[128.82900277615727,32.63543582890043],[128.82895306073522,32.63539000034831],[128.82905832728,32.63526972142057],[128.82911499356214,32.63542944101596],[128.82900277615727,32.63543582890043]]],[[[128.82407250294375,32.63517944117831],[128.82429916987087,32.63561082887668],[128.82383277606186,32.63540638689528],[128.82407250294375,32.63517944117831]]],[[[128.79231499444154,32.636899441356206],[128.7925197278032,32.63650722542815],[128.7929980538172,32.63643027943391],[128.79317778242876,32.63671610826185],[128.79231499444154,32.636899441356206]]],[[[128.87986666661345,32.63845499959859],[128.87934999980268,32.63835777479153],[128.8794133327592,32.63745666669189],[128.87988944194421,32.63732110828255],[128.87986666661345,32.63845499959859]]],[[[128.8773627759714,32.63869194577671],[128.8772830609646,32.63844389207202],[128.87767583717016,32.63856777458318],[128.8773627759714,32.63869194577671]]],[[[128.92064722429006,32.63858416202953],[128.91986722429306,32.63837999973725],[128.9199519458257,32.63804249496525],[128.92077444868187,32.63810222523756],[128.92064722429006,32.63858416202953]]],[[[128.60789444886973,32.638875558560244],[128.60793360625098,32.63894305357911],[128.60786000033886,32.63908110760707],[128.60777527880612,32.639032494753906],[128.60789444886973,32.638875558560244]]],[[[128.88605972827395,32.63912249530699],[128.88644944228804,32.63934389220691],[128.88600861170812,32.639441108020776],[128.88605972827395,32.63912249530699]]],[[[128.85047277609783,32.63956527921431],[128.85079916974598,32.639639720596676],[128.8509174971448,32.639830829229425],[128.85056389091085,32.63992416177069],[128.85047277609783,32.63956527921431]]],[[[128.85536389103083,32.64128389173828],[128.8554308302687,32.64147305423813],[128.8551899999186,32.64139555875806],[128.85536389103083,32.64128389173828]]],[[[128.61012972820447,32.64256082921895],[128.61054583732061,32.64299472062993],[128.61050138832843,32.643654721388316],[128.6097558368624,32.643235559073844],[128.61012972820447,32.64256082921895]]],[[[128.77713972811603,32.64420444098221],[128.77697861187346,32.644093053651545],[128.77714027220588,32.643974441167586],[128.7772599998492,32.644188612914206],[128.77713972811603,32.64420444098221]]],[[[128.81270703010546,32.644872306311925],[128.81265924822583,32.64485058588588],[128.8131962001446,32.643965919191885],[128.81314910534695,32.644150306291635],[128.81270703010546,32.644872306311925]]],[[[128.78717095957222,32.64688042319301],[128.7871607648575,32.64696973036882],[128.7867310642872,32.6469345587829],[128.78674125810267,32.64684524261389],[128.78717095957222,32.64688042319301]]],[[[128.78635033719831,32.64728244083204],[128.78538469464797,32.64728244083204],[128.78538469464797,32.64719494579015],[128.7863437739461,32.647189360100924],[128.78635033719831,32.64728244083204]]],[[[128.8980138910283,32.6511558289784],[128.8983086123526,32.65124389239179],[128.89822832717562,32.65137472126645],[128.89788499389738,32.65126944123176],[128.8980138910283,32.6511558289784]]],[[[128.66195306128486,32.65172138743213],[128.6617666668982,32.65153527902993],[128.66195306128486,32.65129277504161],[128.6621861089019,32.65159166742154],[128.66195306128486,32.65172138743213]]],[[[128.8978599999391,32.65301138666621],[128.8978416600646,32.65311944110937],[128.89758832733946,32.653122495207015],[128.89754722382543,32.65300582885595],[128.8978599999391,32.65301138666621]]],[[[128.61604861175408,32.65312777512679],[128.61615277573003,32.65331889185342],[128.61587389056763,32.6535138918527],[128.6158930614157,32.653235279184855],[128.61604861175408,32.65312777512679]]],[[[128.6152336056465,32.654811666625164],[128.61513027174476,32.654979161758945],[128.61498610862213,32.65488916210518],[128.6152336056465,32.654811666625164]]],[[[128.8940066666744,32.655659441330215],[128.894052775815,32.65572666655248],[128.8939261090028,32.65583361303089],[128.89386055831812,32.65573055881828],[128.8940066666744,32.655659441330215]]],[[[128.8899418290522,32.659494360076735],[128.88956238709454,32.66012719771203],[128.88946114141856,32.660083747866736],[128.8898405842756,32.65945091922458],[128.8899418290522,32.659494360076735]]],[[[128.65000000019995,32.66517622460316],[128.64786722379336,32.665135559058854],[128.64708138809567,32.662091108418],[128.65073111484912,32.663624721403835],[128.65000000019995,32.66517622460316]]],[[[128.67266166030743,32.67156916238696],[128.67205527892804,32.671388612694386],[128.6721686123916,32.670993892154456],[128.67272832705066,32.67112916188137],[128.67266166030743,32.67156916238696]]],[[[128.87486455285693,32.67770274828325],[128.87485131033975,32.67775882910672],[128.87432719804178,32.67767033311941],[128.87434044055897,32.67761422531629],[128.87486455285693,32.67770274828325]]],[[[128.63080722397422,32.67954777490996],[128.63079999972024,32.67970361303139],[128.63067555063617,32.67970249517407],[128.63080722397422,32.67954777490996]]],[[[128.63461972801815,32.67981749508141],[128.62850055825425,32.67660916188339],[128.6265941627904,32.67124694608975],[128.6235600003938,32.66684889166305],[128.61787277590793,32.661272495129595],[128.615228885105,32.65508722519536],[128.61715416273444,32.65166499993984],[128.61682749659178,32.646466387014186],[128.62122990913304,32.6413459998181],[128.62245444941334,32.63760861344679],[128.62880138777393,32.63754110763608],[128.62772917016514,32.640929441040896],[128.6356341632861,32.64679333284607],[128.63460861239764,32.6543433329785],[128.63089944225555,32.65406694613273],[128.63327064872158,32.65940358610669],[128.6280219462559,32.66278972066914],[128.63115194580575,32.66391166718972],[128.63972944206012,32.663438333312456],[128.63896999966585,32.66612222506069],[128.63404832666902,32.669341386995484],[128.640625836813,32.6727191623595],[128.63689944195573,32.675211108206156],[128.63461972801815,32.67981749508141]]],[[[128.633510829761,32.67987833331847],[128.63337527944566,32.679906667358864],[128.63313083022365,32.679796666782806],[128.63339111470827,32.67975444091479],[128.633510829761,32.67987833331847]]],[[[128.63274639433075,32.67979082928338],[128.63300360583185,32.67994110779591],[128.63290639361526,32.68012555874759],[128.63274639433075,32.67979082928338]]],[[[128.6338430609086,32.680075828936424],[128.63390306097756,32.68050805390362],[128.6336441632476,32.68039138665324],[128.6338430609086,32.680075828936424]]],[[[128.63579832733103,32.68098194625986],[128.6356972237479,32.68109610799905],[128.63554693894014,32.68106582872508],[128.63556778162786,32.680974999896364],[128.63579832733103,32.68098194625986]]],[[[128.63506610921365,32.68082194607598],[128.63518416321858,32.68101194584466],[128.63496639418383,32.681065279239306],[128.63506610921365,32.68082194607598]]],[[[128.63385832690028,32.681837494704666],[128.63388861157023,32.68107582918623],[128.63464583713574,32.681319720828526],[128.63385832690028,32.681837494704666]]],[[[128.6496183270242,32.68346110824359],[128.649340271936,32.68364194571927],[128.648640272031,32.68309082857894],[128.64940999997157,32.6829863867124],[128.6496183270242,32.68346110824359]]],[[[128.6486422181639,32.6834233331204],[128.6486877823154,32.683650829222415],[128.64847778162436,32.683564441246006],[128.6486422181639,32.6834233331204]]],[[[128.8976708302447,32.69229694644696],[128.8976433325738,32.692452225190095],[128.8975119461195,32.692554441234506],[128.89745194605052,32.69250444072742],[128.8976130613937,32.69230722479864],[128.8976708302447,32.69229694644696]]],[[[128.89762666723698,32.69409805378223],[128.89763333301198,32.69359610797403],[128.89816000028384,32.693573613231706],[128.89806871639826,32.693912054197995],[128.89762666723698,32.69409805378223]]],[[[128.89673166013802,32.693630278614535],[128.89668000038182,32.69414889155814],[128.89635333333968,32.69404722499951],[128.89673166013802,32.693630278614535]]],[[[128.8574559137595,32.69504849509201],[128.8571521398594,32.69609200004584],[128.85703832705724,32.696068332587515],[128.85734208836675,32.695024801553416],[128.8574559137595,32.69504849509201]]],[[[128.64774639358131,32.69937194625834],[128.64763082979903,32.69951389165283],[128.64753389097632,32.699415558881014],[128.64774639358131,32.69937194625834]]],[[[128.90221972795814,32.70021610838677],[128.901809273779,32.700218080599996],[128.9016661089039,32.699895000054255],[128.90224639375617,32.699826945657094],[128.90221972795814,32.70021610838677]]],[[[128.8561558628029,32.701074360193616],[128.85584503192274,32.7001493867848],[128.85540377416487,32.6979424675709],[128.85551797727294,32.69795022512284],[128.8561558628029,32.701074360193616]]],[[[128.85403632891348,32.70052302721598],[128.85194855997815,32.701636054260575],[128.8496717508507,32.703513945712075],[128.8496212449246,32.70347553207023],[128.85191489026,32.701585864895776],[128.85403632891348,32.70052302721598]]],[[[128.90632944175036,32.70497582877152],[128.90597277602285,32.7047441616138],[128.906246393856,32.70444361268261],[128.90648277615924,32.7047913868131],[128.90632944175036,32.70497582877152]]],[[[128.9050905581828,32.707823612969435],[128.90493666709358,32.70817449515687],[128.9046327762817,32.707749721072844],[128.90491464269667,32.70753982919979],[128.9050905581828,32.707823612969435]]],[[[128.89824499431109,32.711845829021854],[128.8949152526369,32.71111716232724],[128.8935322176378,32.70576194595708],[128.89581333271917,32.70049249523254],[128.89720000008003,32.694002224722965],[128.9013516600511,32.69593472121045],[128.89839999966034,32.69794361330713],[128.90132499425317,32.70182110775795],[128.90491111465633,32.7028586133344],[128.9056994423754,32.70516138678863],[128.90359111493808,32.7080741622928],[128.90008499372755,32.70926916164257],[128.89824499431109,32.711845829021854]]],[[[128.64913277585697,32.71523582887045],[128.64905277576509,32.715769161917365],[128.64884277597343,32.71559972065063],[128.64913277585697,32.71523582887045]]],[[[128.58966832693181,32.71625889223412],[128.5897966673823,32.71634722544417],[128.58973944172192,32.7164911079783],[128.58956499392934,32.716346107586844],[128.58966832693181,32.71625889223412]]],[[[128.58951832720913,32.717394162210894],[128.58943693856395,32.71720110834451],[128.58969610878842,32.71722305360112],[128.58968944211415,32.717379999687296],[128.58951832720913,32.717394162210894]]],[[[128.85987972786722,32.71776305422162],[128.85937472076682,32.717278333128604],[128.85986138799274,32.716906387020174],[128.8605288846004,32.717105558974424],[128.85987972786722,32.71776305422162]]],[[[128.85685177708785,32.71801322493042],[128.85690832735747,32.7164663874139],[128.85824166042437,32.716353613328636],[128.85685177708785,32.71801322493042]]],[[[128.5894769386099,32.71807555874011],[128.58947250315362,32.718206107925596],[128.58918832727954,32.71823027900422],[128.5892561091822,32.71810638660054],[128.5894769386099,32.71807555874011]]],[[[128.85730433212927,32.718101279350606],[128.85723639374464,32.71826513492806],[128.85709499423865,32.718242775084036],[128.85719583701837,32.718108613321874],[128.85730433212927,32.718101279350606]]],[[[128.64551111514595,32.72099638677389],[128.64572972774477,32.72111194605952],[128.6457497277678,32.721228613309904],[128.64553972797614,32.72113082912449],[128.64551111514595,32.72099638677389]]],[[[128.86858111472668,32.72322361267965],[128.86834749693946,32.723610829276424],[128.86828360640334,32.72355638701771],[128.868504449321,32.72324055860497],[128.86858111472668,32.72322361267965]]],[[[128.8533549944375,32.723604721081074],[128.85064097270276,32.72060955868426],[128.85442277569064,32.719006107945575],[128.85552250266142,32.722135558908974],[128.8533549944375,32.723604721081074]]],[[[128.58968083020625,32.72511582943201],[128.5900625033819,32.72517166743853],[128.5899547214333,32.72526861255648],[128.58968083020625,32.72511582943201]]],[[[128.86753963684487,32.72680853158852],[128.8670422182239,32.72653500009022],[128.86744083013025,32.72632277537582],[128.86753963684487,32.72680853158852]]],[[[128.96308861214982,32.72848777539059],[128.96325083006184,32.728578053834156],[128.96314972827736,32.728647774675096],[128.96308861214982,32.72848777539059]]],[[[128.96239194603152,32.72960055871886],[128.96162389082997,32.73000249541889],[128.961268611857,32.729037225187824],[128.96255138773643,32.72866222498175],[128.96239194603152,32.72960055871886]]],[[[128.9615341627715,32.73023972128618],[128.96159416284036,32.730431386599264],[128.96134583664116,32.730478333008705],[128.9615341627715,32.73023972128618]]],[[[128.86288166036036,32.73137082920044],[128.85752221807593,32.72719833283685],[128.86292778209156,32.72110166680852],[128.8680744492765,32.72318999961885],[128.86716749738218,32.72639610789412],[128.86262778174682,32.72635666722647],[128.86288166036036,32.73137082920044]]],[[[128.84499360617008,32.7355377749484],[128.8446622176873,32.73525944107041],[128.84485666730143,32.73477749528524],[128.84524472116698,32.735211946074514],[128.84499360617008,32.7355377749484]]],[[[128.87795749674115,32.73926889214573],[128.8779900000385,32.739340279430394],[128.87793277617675,32.739479721112275],[128.8778474970644,32.739445558565706],[128.87787693906955,32.739312494875776],[128.87795749674115,32.73926889214573]]],[[[128.6507798697952,32.73905878443543],[128.65077025874052,32.73959896402101],[128.65071159506408,32.73959747744169],[128.6507798697952,32.73905878443543]]],[[[128.87823333320182,32.739888891958856],[128.87812019489115,32.7397425857518],[128.8783933333857,32.739765279244295],[128.87823333320182,32.739888891958856]]],[[[128.60607360591223,32.74048555886151],[128.60104055817533,32.73962889166006],[128.6002405581553,32.7367536133886],[128.5924880540805,32.730134441251494],[128.59052805362683,32.72699389175477],[128.5915147214273,32.715858891774474],[128.5907883273195,32.71310166660868],[128.59842778211646,32.71089194600654],[128.60109389067054,32.712515558646146],[128.601286939141,32.7160899995539],[128.60344666732988,32.71840166730317],[128.6003464326418,32.72900139619753],[128.607253332975,32.7315552792528],[128.60988639414188,32.7353663866495],[128.60995306088512,32.73850110764005],[128.60607360591223,32.74048555886151]]],[[[128.60630749709333,32.74067027871047],[128.6063058369449,32.740765828979875],[128.60613805402807,32.74090972140658],[128.60605610870255,32.74081666675579],[128.60612832696074,32.74069305404129],[128.60630749709333,32.74067027871047]]],[[[128.9852163942213,32.74141666744532],[128.9832949935692,32.74117027928503],[128.9828227757506,32.74079472059992],[128.98356693866333,32.74047749464074],[128.98381916971903,32.74088194584516],[128.9852163942213,32.74141666744532]]],[[[128.8581830605998,32.7426730536186],[128.85835832677537,32.74270944108787],[128.85828472086325,32.74281805401006],[128.8581830605998,32.7426730536186]]],[[[128.97680749656877,32.74321610833681],[128.97654778225444,32.74322166704633],[128.97656389091094,32.74304166683953],[128.9768388847068,32.743022495092134],[128.97680749656877,32.74321610833681]]],[[[128.8581002717102,32.7432941622958],[128.85787306069324,32.74347582894637],[128.85746888468134,32.7432777748495],[128.85795306078523,32.74289889227009],[128.8581002717102,32.7432941622958]]],[[[128.94998165972584,32.7428724953694],[128.94986749708744,32.74321027893126],[128.94955221816042,32.743076386965754],[128.94998165972584,32.7428724953694]]],[[[128.9771174973747,32.74358805444518],[128.97709444864995,32.743464162041505],[128.97732888482028,32.74346027876891],[128.9772788852124,32.74356861290124],[128.9771174973747,32.74358805444518]]],[[[128.97325055826673,32.74360833325801],[128.97309832732606,32.74360610833526],[128.97305165970636,32.7434991618569],[128.97327527883112,32.743520559426315],[128.97325055826673,32.74360833325801]]],[[[128.9766688849611,32.7436386134313],[128.9766383268974,32.74382000039276],[128.97651111509595,32.7437188923131],[128.9766688849611,32.7436386134313]]],[[[128.7739105576262,32.737058333375444],[128.77555027172775,32.74170444060752],[128.772063605551,32.74266833307718],[128.7739105576262,32.737058333375444]]],[[[128.69454571980918,32.744536639554326],[128.69372391662546,32.74460713471154],[128.69371997399764,32.74453486519195],[128.69454571980918,32.744536639554326]]],[[[128.95196972802057,32.74485166667114],[128.9500774968791,32.74477194626837],[128.95063972784124,32.743168613340856],[128.95196972802057,32.74485166667114]]],[[[128.96653944214165,32.74496194603705],[128.96632666704215,32.74481055866039],[128.9666511145574,32.744494721254455],[128.966860000089,32.74471305416415],[128.96653944214165,32.74496194603705]]],[[[128.65176738026048,32.74537464942057],[128.6507023743152,32.74548331540274],[128.6506965503056,32.74543394621969],[128.65176738026048,32.74537464942057]]],[[[128.9679411146908,32.7462091618234],[128.96859861173664,32.7452161079371],[128.96944389082296,32.74571389168278],[128.9679411146908,32.7462091618234]]],[[[128.70161985717073,32.74608628835159],[128.701534928794,32.74628882017299],[128.70140913072692,32.746251045049746],[128.70149417601544,32.746048604059865],[128.70161985717073,32.74608628835159]]],[[[128.85579444865493,32.746867225442145],[128.85597472135635,32.74723027905418],[128.85573306093204,32.747300278684975],[128.85579444865493,32.746867225442145]]],[[[128.72811527859733,32.74898777466615],[128.72786194587218,32.74885249504666],[128.72784861162415,32.748502774783276],[128.7281486119689,32.74853110792435],[128.72811527859733,32.74898777466615]]],[[[128.74265778193114,32.749047225249285],[128.74217250325853,32.74821194572479],[128.74313666732337,32.748362225136646],[128.74265778193114,32.749047225249285]]],[[[128.95010583721466,32.74909416176621],[128.95028306121435,32.74924999988764],[128.95010972768182,32.749429161926344],[128.9500197280281,32.74912916158161],[128.95010583721466,32.74909416176621]]],[[[128.88146627814626,32.749457414128415],[128.88154360635247,32.749333054077226],[128.88163360600618,32.74943000009449],[128.88146627814626,32.749457414128415]]],[[[128.9526238912796,32.74967416243271],[128.95267666709458,32.7499466669052],[128.95234722384532,32.74991027943588],[128.9526238912796,32.74967416243271]]],[[[128.9887730609281,32.750493612989885],[128.98873778232291,32.75070555891449],[128.988544162783,32.75070082937981],[128.98854583732054,32.75055138723678],[128.9887730609281,32.750493612989885]]],[[[128.88159972764538,32.75029194631634],[128.88187138765443,32.75045861317449],[128.88165805407596,32.75075361328868],[128.88128861168013,32.75050277528288],[128.88159972764538,32.75029194631634]]],[[[128.87963277633162,32.75078861310408],[128.873700000055,32.748803332707666],[128.8742533331249,32.74542027922257],[128.86989053212244,32.74579672104187],[128.8687474973991,32.74087666682476],[128.87603333337165,32.738858332745906],[128.8780794421126,32.74020944091302],[128.8782797283269,32.74439472113954],[128.88121916962905,32.74892249467746],[128.87963277633162,32.75078861310408]]],[[[128.95202499405832,32.75064972090797],[128.95070194563834,32.74949582866964],[128.95262306120537,32.748936667093574],[128.95202499405832,32.75064972090797]]],[[[128.81542666720702,32.75220916242296],[128.81539999961035,32.75235582925819],[128.81522000030282,32.75231638679185],[128.81526000034876,32.75216972085599],[128.81542666720702,32.75220916242296]]],[[[128.7458322178826,32.752639161568084],[128.74536027165925,32.752638053603334],[128.7440430607387,32.751791108073235],[128.74470749695354,32.75154472081226],[128.7458322178826,32.752639161568084]]],[[[128.8125472241751,32.75305499998831],[128.81092055833722,32.75241222484436],[128.81208055787147,32.75215833274092],[128.8125472241751,32.75305499998831]]],[[[128.82316151759005,32.7535075766134],[128.82291067418828,32.75364889158311],[128.8227586384005,32.753524703302446],[128.8232426067609,32.75331701836575],[128.82316151759005,32.7535075766134]]],[[[128.72367778170428,32.75379722486207],[128.72382805392158,32.75390694574901],[128.72366972827535,32.75397055929392],[128.72367778170428,32.75379722486207]]],[[[128.84212944172043,32.75415444097473],[128.84150221765333,32.754019162254565],[128.84166389057611,32.752587224820616],[128.842217223646,32.752519441119375],[128.84255639396247,32.753917775385105],[128.84212944172043,32.75415444097473]]],[[[129.00690000023485,32.753322495237],[129.00645306056037,32.753953613368594],[129.00585250319057,32.753739440722654],[129.0064127763286,32.75318722461077],[129.00690000023485,32.753322495237]]],[[[128.83468805361088,32.75522582940857],[128.8347566673864,32.755406108405225],[128.83454333290854,32.7554624949982],[128.83439472083978,32.755299161926814],[128.83468805361088,32.75522582940857]]],[[[128.96889588803492,32.7558339186005],[128.96815105063058,32.7558295407008],[128.96815300935395,32.75577023400916],[128.96889588803492,32.7558339186005]]],[[[128.74109111526286,32.75637889157264],[128.74121333312894,32.75648305375],[128.74105944203973,32.75652055907659],[128.74109111526286,32.75637889157264]]],[[[128.95206111532832,32.75745416237976],[128.9514338912611,32.75457277501363],[128.95440944214215,32.75555389219841],[128.95206111532832,32.75745416237976]]],[[[128.8175030606178,32.75761055898016],[128.81735333338963,32.75719361259519],[128.81787666687478,32.757249721297626],[128.8175030606178,32.75761055898016]]],[[[128.64631351455716,32.75667537826615],[128.6462194292833,32.7567042249201],[128.6456047210811,32.7564590814215],[128.64563501924079,32.75640481992656],[128.64631351455716,32.75667537826615]]],[[[128.74508722399628,32.76051722538972],[128.74533861238706,32.75947361341656],[128.74640888476233,32.759786667420826],[128.74508722399628,32.76051722538972]]],[[[128.82564693885524,32.761416945835435],[128.82567610926515,32.76159302679679],[128.8255455510864,32.761530279298995],[128.82564693885524,32.761416945835435]]],[[[128.69936861217172,32.7621661080795],[128.69920861198796,32.762258613244455],[128.6991688853359,32.76208082896716],[128.69936861217172,32.7621661080795]]],[[[128.74449749716177,32.76230110800975],[128.74281639356172,32.76191666672082],[128.74374389136756,32.76105666663193],[128.74449749716177,32.76230110800975]]],[[[128.76378027214196,32.7631558290783],[128.76385472071888,32.763280000271834],[128.76364416334752,32.76325944087057],[128.76378027214196,32.7631558290783]]],[[[128.76468722403627,32.76433277543731],[128.76477639361576,32.764456387252494],[128.7645272499327,32.76455213537281],[128.76444639368617,32.76445499959863],[128.76468722403627,32.76433277543731]]],[[[128.88559444872487,32.76578138720129],[128.88491138755057,32.76578527856782],[128.8848069393888,32.7654749998714],[128.8853086118031,32.76540999957189],[128.88559444872487,32.76578138720129]]],[[[129.0035533333197,32.76717944087852],[129.00336277597137,32.76723249458399],[129.00327916959804,32.76704610829131],[129.00373972770637,32.76703138728874],[129.0035533333197,32.76717944087852]]],[[[128.7503244493139,32.7686186133584],[128.75042027207792,32.76874361282751],[128.7501897281735,32.76875194594561],[128.7503244493139,32.7686186133584]]],[[[128.6462413880297,32.76919555902788],[128.646295279004,32.76936861287123],[128.64608693936077,32.76937055900413],[128.6462413880297,32.76919555902788]]],[[[128.75471416342793,32.76961110786641],[128.7546480542644,32.76994500006174],[128.75439027169375,32.76981694559561],[128.75471416342793,32.76961110786641]]],[[[128.6884869386214,32.76972055895669],[128.68806055834818,32.76973138679409],[128.68824111523531,32.769384440939234],[128.6884869386214,32.76972055895669]]],[[[128.81077722438943,32.77549499969456],[128.81040360644135,32.77565861335438],[128.8102969387528,32.77491416175923],[128.81085749697593,32.77503833295276],[128.81077722438943,32.77549499969456]]],[[[128.78195639357273,32.77595166733562],[128.78203111464427,32.77607861293768],[128.78219693883773,32.776248892372564],[128.78212000003805,32.77627416242274],[128.78198693904608,32.776167494734125],[128.78192472124897,32.77602389188917],[128.78195639357273,32.77595166733562]]],[[[128.95789221785162,32.777029720645146],[128.95336194599702,32.772564440996234],[128.95545055759726,32.76411277518446],[128.9570649935547,32.76264110840049],[128.96514499384648,32.76154749502092],[128.96782083036715,32.763859440660724],[128.96727360639193,32.76849389177971],[128.96250972844132,32.77105333264524],[128.95789221785162,32.777029720645146]]],[[[128.6806897283484,32.779227224856584],[128.68082555115836,32.77939082862389],[128.68068389084897,32.779404721350886],[128.6806227756207,32.77934638682632],[128.6806897283484,32.779227224856584]]],[[[128.78887333303794,32.780112225199105],[128.7889233326457,32.78024389224191],[128.7888277823763,32.78027389182671],[128.78877221776372,32.78013110826407],[128.78887333303794,32.780112225199105]]],[[[128.78940165955896,32.781602495358925],[128.78952832727055,32.78167582877654],[128.78940250312303,32.78178305404475],[128.78927472115151,32.781596945642605],[128.78940165955896,32.781602495358925]]],[[[128.7884408301802,32.78201972143307],[128.78837389094235,32.78192944119081],[128.78863027236923,32.781736667013604],[128.78868749713035,32.78197472115653],[128.7884408301802,32.78201972143307]]],[[[128.83558277562463,32.782540829096035],[128.83564944236798,32.78266416212142],[128.83544861206383,32.78268055856097],[128.83558277562463,32.782540829096035]]],[[[128.6638422176443,32.78449305401131],[128.6638625027524,32.78464777517473],[128.66377111544466,32.78465916239048],[128.66367749691904,32.78454277482922],[128.6638422176443,32.78449305401131]]],[[[128.83676306116638,32.785718892013335],[128.83641888522345,32.78589472116448],[128.83631888510854,32.785807495019924],[128.83676306116638,32.785718892013335]]],[[[128.79198944165944,32.786554721023606],[128.7920438911127,32.7866772248741],[128.79193722432353,32.78677305393336],[128.79182389085997,32.786649162428944],[128.79198944165944,32.786554721023606]]],[[[128.9015599996943,32.786971946198435],[128.9015325029227,32.78714055918948],[128.9014525028308,32.787123613264214],[128.90147250285384,32.78695444089476],[128.9015599996943,32.786971946198435]]],[[[128.789465058166,32.78926258599961],[128.78916805436234,32.78925972075956],[128.78924916961353,32.78899222461155],[128.78952778228143,32.7891291616815],[128.789465058166,32.78926258599961]]],[[[128.92527778224394,32.789993613414595],[128.92549250257696,32.79030694620866],[128.92485333281513,32.79041027921107],[128.92487666662498,32.790192494887776],[128.92527778224394,32.789993613414595]]],[[[128.92670944178735,32.79048889164909],[128.92644221813396,32.79064166667962],[128.92638000033685,32.79050638706019],[128.92670944178735,32.79048889164909]]],[[[128.83663111533372,32.79094749463121],[128.83667389068762,32.79099582869458],[128.8365497275879,32.791158613179505],[128.83648583705178,32.79110944094799],[128.83653499399486,32.790984721168],[128.83663111533372,32.79094749463121]]],[[[128.83682166009157,32.791001107714976],[128.836880000012,32.79108638682732],[128.83675861222025,32.791234441316476],[128.83674610894582,32.7910216671163],[128.83682166009157,32.791001107714976]]],[[[128.99294805380976,32.79099610838375],[128.98919832694128,32.78879749530819],[128.9890849943771,32.786367224967535],[128.99233217918675,32.78291601815977],[128.98703000033436,32.78174389216696],[128.98536861167213,32.778253892203395],[128.9857558372621,32.77432972113979],[128.9910832555878,32.76873169411243],[128.98771749696493,32.76743416215692],[128.98929221796152,32.76011027856657],[128.9866569390665,32.757748053629825],[128.98253333344667,32.75828333280964],[128.97921693861088,32.76045972093942],[128.97490666700912,32.75867805424883],[128.97316555074963,32.755751946295334],[128.96929709538472,32.75547527886107],[128.96285722378195,32.75086889198582],[128.9637572239168,32.747615559410576],[128.96650333256287,32.745428053861644],[128.97160277634714,32.748269999660806],[128.9728161092761,32.743669161602554],[128.97931972842275,32.74609389211946],[128.98289472061492,32.74272777466712],[128.98636778184766,32.74182555860273],[128.98757416301726,32.744379721347116],[128.98493805404803,32.748730278979224],[128.99021972835783,32.755318053985036],[128.99302693874233,32.75036194594708],[129.0042580537662,32.75049749536316],[129.0057925031216,32.75297861337236],[129.00333722443338,32.75706582882498],[129.00476472101514,32.762241946108986],[129.00239639417828,32.76650416243717],[129.00415778205604,32.76853416162231],[129.00734666741482,32.7700791618239],[128.9988330607972,32.78657610780118],[128.99294805380976,32.79099610838375]]],[[[128.92591333313385,32.79118833307518],[128.92533333336667,32.79198333286456],[128.92472111538723,32.79133222460251],[128.92562583696292,32.790441667349114],[128.92591333313385,32.79118833307518]]],[[[128.80453472070087,32.79359055895719],[128.80421444873787,32.79373138739368],[128.80393416333106,32.79335361277907],[128.80441722427554,32.79318055893572],[128.80453472070087,32.79359055895719]]],[[[128.9047125029797,32.79430916223811],[128.9046258371128,32.79453472120048],[128.90455749673117,32.79450305427258],[128.9046258371128,32.79432305406573],[128.9047125029797,32.79430916223811]]],[[[128.6695433330584,32.79669610773925],[128.66934306123335,32.796836946068254],[128.66927639359074,32.7966566670716],[128.6695433330584,32.79669610773925]]],[[[128.8325861086621,32.797339721051344],[128.8325769391745,32.79749694592738],[128.83240583685995,32.7974863869872],[128.8325861086621,32.797339721051344]]],[[[128.83269555075913,32.797544440923275],[128.83258583706674,32.7977288918749],[128.83249555142856,32.79767305386838],[128.83269555075913,32.797544440923275]]],[[[128.93288639389198,32.797696107989054],[128.93269166009213,32.79720833279839],[128.9332388849666,32.79729389159985],[128.93288639389198,32.797696107989054]]],[[[128.92633888513149,32.79770694571903],[128.92417693921448,32.79659694579249],[128.92364749663477,32.79468777502086],[128.92535916998975,32.79474582895688],[128.92633888513149,32.79770694571903]]],[[[128.80881165983033,32.79810110777993],[128.80498194635982,32.79247944117333],[128.792390829773,32.789090559182],[128.79377221811342,32.785436945558615],[128.79114972757793,32.78238055911555],[128.7925177816703,32.77702416193557],[128.78597805384413,32.774920278947775],[128.7819466674049,32.775725279198355],[128.7793577818362,32.77794138678564],[128.77643555086001,32.776153891588876],[128.77644221843366,32.7723650001447],[128.77371333270423,32.77180666684427],[128.77305944193972,32.76758944090005],[128.76947000034033,32.76583582856068],[128.765273332898,32.760468054057526],[128.76858277597444,32.75704000029583],[128.7756952793137,32.756171945878634],[128.779384994422,32.75803833320259],[128.7816133327891,32.76216555859372],[128.79463424077767,32.76379502671915],[128.78976693899313,32.75938055876583],[128.7809063937152,32.75642610777868],[128.77512360636945,32.75043249506365],[128.77797666688969,32.73913916224262],[128.77640389112673,32.73524277483426],[128.77003902657987,32.73505366719303],[128.7699041633465,32.7405316671028],[128.76794416289283,32.74151805431478],[128.7694038911767,32.74857166734864],[128.7685533069896,32.75315694623612],[128.7623598829024,32.75696232405204],[128.76091316511054,32.76403062211557],[128.758767004094,32.76864235995697],[128.7521422183887,32.76845722462127],[128.75327666728447,32.76623582902033],[128.75091499363214,32.76286389205501],[128.75181996072263,32.75984303602735],[128.74616444903018,32.75736082893917],[128.7445499995829,32.75454194625388],[128.74818556381274,32.751476026997125],[128.74503306142674,32.749873332588265],[128.74510182898632,32.74672925235319],[128.7404935670246,32.74319360370191],[128.7352293260726,32.743621847370434],[128.73644489021956,32.74638622484446],[128.7417733328731,32.74776194565732],[128.7408333326922,32.7508147213224],[128.73534083031518,32.748006946163684],[128.72655555109782,32.74801805369026],[128.72936165981287,32.75164333327325],[128.73464250314908,32.754699440926515],[128.7260622180969,32.755680279321496],[128.72162944174545,32.751784161709736],[128.71900999991158,32.75296277541179],[128.71311055790602,32.74721694570553],[128.70812499437307,32.746659161890875],[128.70521166038986,32.74501277481977],[128.70681805371032,32.738551666626165],[128.7006919456768,32.73895749469267],[128.69792263272336,32.73750569393269],[128.69204619987227,32.74055318877868],[128.6938827755697,32.74528182859359],[128.69841250333445,32.748045820258426],[128.6965522179106,32.75385416184014],[128.6981733331329,32.760326945931865],[128.69731944213856,32.76643277515251],[128.69247555060622,32.76853582896541],[128.6896999999551,32.76775194569581],[128.68492972782474,32.76922944098595],[128.68087306144264,32.77274166679456],[128.68170027224983,32.77888110817668],[128.67846416259113,32.778593612904956],[128.67384722397026,32.780831386958994],[128.6659654729283,32.78094622498833],[128.66359888538034,32.78330055927347],[128.65569917038044,32.77950082919995],[128.65406530457017,32.776708712137406],[128.64706555103442,32.769070278970275],[128.64619194600152,32.76417082912053],[128.64030693901407,32.76119944120131],[128.6439038908519,32.75758851389884],[128.64788140070618,32.7573520182811],[128.64654389118766,32.75142889173003],[128.6489038912017,32.747363613440086],[128.6520863805821,32.74651815269067],[128.65358258087144,32.74229063130764],[128.6530185863387,32.73946006283171],[128.64794416259315,32.736943891947135],[128.6469174713643,32.72809039555534],[128.64512416294986,32.72442722483663],[128.64673722384384,32.7198716667441],[128.65243970173094,32.71493796441558],[128.6561833329945,32.713123054285575],[128.65569666666795,32.70979055888722],[128.66002277623022,32.71078861300413],[128.6619291698953,32.70817805377419],[128.65861639393154,32.706035559293696],[128.6601094420971,32.70368999969378],[128.651257223642,32.702663892124974],[128.64810416277692,32.70039138715282],[128.64887083032465,32.69672666690218],[128.6531302722443,32.69128582877801],[128.653650557927,32.68479055893721],[128.64920444912605,32.68091694596035],[128.65241722407575,32.677793613084816],[128.65885666670192,32.67614166730414],[128.6611038521611,32.67178245010007],[128.67031024612106,32.672500252085],[128.67614805398955,32.67212166718127],[128.6735571080742,32.668912612726956],[128.66891887170857,32.66655176555162],[128.66407749737868,32.66612249485729],[128.66325805401607,32.66342722488656],[128.66642861209084,32.660066387353936],[128.66833333301702,32.6530241624352],[128.6628322178326,32.65775472140331],[128.6586227764201,32.659587224970494],[128.65376805435233,32.654056108402756],[128.65618555072263,32.652493891579866],[128.66315194570575,32.65335110826709],[128.66504999995755,32.647402494929224],[128.66373805366834,32.64453194619239],[128.6580305575642,32.64832110833254],[128.654920272053,32.647328891715006],[128.65272277593544,32.64966889170603],[128.64541693904062,32.651174721036625],[128.6461961089633,32.64747582924616],[128.6501319460325,32.646358891949376],[128.65270277591242,32.643505828731065],[128.650891115033,32.641210829016586],[128.6452038914465,32.64249110837801],[128.6442713880142,32.63977889158264],[128.63992944228994,32.63878694566108],[128.64126778188268,32.63569694615717],[128.6364327756521,32.634546946184685],[128.6358333334416,32.62829944136615],[128.6372449938615,32.62559333276613],[128.64335194633532,32.62282500007376],[128.64989888492562,32.62548610839724],[128.6532822181,32.629500279114666],[128.6648794678133,32.6329753872044],[128.66763102455218,32.63002689242717],[128.66608617363806,32.62717836898656],[128.65740022004422,32.6260439731509],[128.6534924382255,32.621653865133794],[128.6506047214308,32.62010749526473],[128.65581944211362,32.61279499978946],[128.64747459057992,32.606699883293004],[128.6473147207978,32.610877774689584],[128.64451055821576,32.61229277519146],[128.63980221789814,32.60987972057268],[128.63057832672848,32.61975777500135],[128.62534994804173,32.61837805400404],[128.62626306119137,32.622853333214834],[128.6191892997465,32.630741251807365],[128.6167066672789,32.62918500018765],[128.61248444919806,32.62112805401654],[128.61127330701754,32.62569982868422],[128.6151450323174,32.63120410768346],[128.6225199614271,32.634032694053644],[128.61675664080644,32.635080909656324],[128.6192131650556,32.63957430570969],[128.61512250340093,32.64554166721422],[128.61105333284513,32.64603222490729],[128.61119306141075,32.6413016668385],[128.60691722395075,32.636717495016455],[128.60906194605207,32.634941666724615],[128.60883527912495,32.63390972075706],[128.60832250278133,32.63356582899985],[128.608269170286,32.63295694570655],[128.60774306059386,32.632742774859196],[128.6092480535549,32.62869444069594],[128.6045063942547,32.62472527924831],[128.60326082962365,32.620643054133666],[128.60048360623352,32.61935777544102],[128.59824583667603,32.612642775144025],[128.6103197279731,32.61118805428532],[128.61490194556836,32.6084366666189],[128.6183713879293,32.61047194572376],[128.62417194587863,32.60875222523504],[128.63019888477083,32.60500861285726],[128.6323100001065,32.60020472137086],[128.63678583689693,32.59578472078829],[128.63793805369824,32.592858333145614],[128.6407419455844,32.592553891948626],[128.6456500001475,32.594831666947925],[128.65689888487566,32.590902224957745],[128.65671916975396,32.592322775176],[128.65732527863872,32.59304444064844],[128.66079527857926,32.59461166669513],[128.6586353309558,32.59815408993933],[128.65520164743816,32.59964973894432],[128.65848917043888,32.60480166716326],[128.66453778209302,32.60684694582994],[128.66563861163263,32.60840277476831],[128.674028326746,32.60612027922758],[128.67841722427556,32.6073944414004],[128.6884008303341,32.60252333278561],[128.70567693903956,32.60526389171531],[128.71590000038475,32.60407999989212],[128.71819749661722,32.60628472116298],[128.7232588846898,32.605523332635755],[128.72825063555842,32.60747754055609],[128.73677805396403,32.607006386635476],[128.74215916990988,32.5996819463648],[128.74733389144603,32.59563944070766],[128.751569170381,32.59077916172896],[128.75076786004877,32.58829069356074],[128.75290499367054,32.579457774556715],[128.75642472072434,32.57715166731566],[128.75899999955038,32.57764222500873],[128.76345138827105,32.57472166677155],[128.76529472057496,32.575651946180415],[128.77288693938078,32.57446249474839],[128.7822460571099,32.587486649289474],[128.78318416331854,32.59062138736721],[128.788718015624,32.588031766153165],[128.79319171202792,32.59139675675499],[128.79276329389097,32.59868183819634],[128.7902577817713,32.600218350596435],[128.78883805443274,32.60581055901014],[128.78590928718393,32.60914185561222],[128.7790267063175,32.613353585799416],[128.77567586295083,32.61286979280675],[128.77348597869502,32.615755684877],[128.7692920487891,32.6182626853747],[128.7665804408348,32.616540748057105],[128.7629369131081,32.618244694437124],[128.76158569432437,32.62398574784402],[128.76629111544264,32.62567310802757],[128.76758610861214,32.62913638733448],[128.76540805403852,32.63176916161757],[128.76594749707942,32.63856333283161],[128.7701025807695,32.64475041400044],[128.7816047208812,32.64463027896426],[128.78636727592914,32.648879811254346],[128.79098221805498,32.648396386983734],[128.79603055786401,32.65203889218117],[128.79972027207293,32.65217389211148],[128.80640152980686,32.65546145917904],[128.81150011743648,32.65350713524617],[128.80999608315278,32.647911495019514],[128.81571481178923,32.64615749507237],[128.81824832699874,32.63861194568477],[128.82117861230313,32.63612527885857],[128.82592749675666,32.63563722487805],[128.83281483773465,32.63675922535799],[128.83541749731967,32.63823082918947],[128.83885472056897,32.63738861319399],[128.84489389114026,32.64057666667986],[128.85535639428224,32.6423808290121],[128.86386749718736,32.64222333344014],[128.87072124488964,32.64369594631091],[128.87173944202175,32.639156108367786],[128.8825147212774,32.63958500044748],[128.88851499437158,32.64182333298049],[128.89268778211556,32.6407444406035],[128.89333360596117,32.64435889234903],[128.8973922175768,32.65083916239746],[128.8967194419488,32.65410361329117],[128.89177499362108,32.656566386929285],[128.88665678278437,32.65584208104724],[128.88363647174583,32.66173619816709],[128.88587649770227,32.66325997256973],[128.88285647174882,32.66960964037264],[128.88067233506024,32.67039974785013],[128.87597630376342,32.67551435960007],[128.86331175123644,32.68388172116454],[128.86111442329207,32.68648844118866],[128.85762713388522,32.68615400040687],[128.85706341094772,32.69237374765038],[128.85396457830268,32.691750747698904],[128.84725226967657,32.696606261170075],[128.85089319116787,32.70073191904288],[128.8437027238017,32.70551094607333],[128.84082588790443,32.70920433311352],[128.84199083011276,32.71417944112835],[128.83954416333256,32.72475666718651],[128.84280389098683,32.73117305389337],[128.844143890728,32.737989720749056],[128.84249722396783,32.74173333312689],[128.8520627756766,32.74275972128419],[128.85469472078478,32.744247494926014],[128.85173610863455,32.75030916203826],[128.84495527886304,32.75120555858973],[128.84410254169904,32.747615404727185],[128.83602917030998,32.747974720756815],[128.83289610856866,32.75196110781894],[128.82859639410833,32.748955559151796],[128.8312986122412,32.743582494836346],[128.8248376011744,32.74205327863598],[128.82687443610644,32.74940653228566],[128.83214046670923,32.75475291911198],[128.83662499364857,32.757548612778294],[128.83514360609263,32.76048055913054],[128.8302530613298,32.759138613256425],[128.826326912657,32.75659961308173],[128.82878526612717,32.75414108963963],[128.82078600517002,32.751772531677034],[128.81450666704916,32.75068110814669],[128.81018055838615,32.7520569458714],[128.8094725293338,32.75664789228642],[128.81384666718998,32.75637582938106],[128.8163019458782,32.75823666698864],[128.82178885896872,32.75620808063849],[128.82462887212478,32.756637243414104],[128.82619734103457,32.760293910235816],[128.82274055843004,32.76188444131395],[128.81941499410675,32.766598612835764],[128.81300944243185,32.769587224570785],[128.80950610911975,32.77400222492281],[128.8046105578311,32.7744686133359],[128.8040716597793,32.776712775274405],[128.80917250290872,32.778964162366265],[128.80907888528236,32.78542610782864],[128.81065596610006,32.788084135074826],[128.80775778209602,32.790850278817345],[128.81092027235275,32.79549610815894],[128.80881165983033,32.79810110777993]]],[[[128.93292861166617,32.798021107688044],[128.93302666744682,32.79818722506042],[128.93288861162023,32.79834805441925],[128.9327297283943,32.79827944064374],[128.93292861166617,32.798021107688044]]],[[[128.8325105584156,32.798330279318975],[128.83231221833432,32.79847333267821],[128.83225389100437,32.79837416173825],[128.8325105584156,32.798330279318975]]],[[[128.83292832678092,32.798483612828534],[128.83257250281883,32.79847889228711],[128.83280527884062,32.79831861331343],[128.83292832678092,32.798483612828534]]],[[[128.8348730612429,32.798564162406194],[128.83471639394645,32.798740828826226],[128.8346122182793,32.79865277530541],[128.8348730612429,32.798564162406194]]],[[[128.79219693863786,32.79827166690393],[128.79217333323277,32.79879416222087],[128.79153277581702,32.798633332862096],[128.79155472107357,32.79835582905832],[128.79219693863786,32.79827166690393]]],[[[128.79767583697037,32.798973333252775],[128.79788722441594,32.79919833283685],[128.79759722363303,32.79927166715379],[128.79767583697037,32.798973333252775]]],[[[128.79360583723962,32.79966249542787],[128.79278250340985,32.79962194589615],[128.79327666738436,32.799087494991966],[128.79360583723962,32.79966249542787]]],[[[128.7966341630363,32.7995827750251],[128.7959311153288,32.79985389184367],[128.79585916956512,32.79939277525642],[128.79661972801807,32.79901027920107],[128.7966341630363,32.7995827750251]]],[[[128.79533639365968,32.80010305441249],[128.7957766666599,32.80064833315413],[128.79523972823097,32.80055499971354],[128.79533639365968,32.80010305441249]]],[[[128.79495639412232,32.800544440773365],[128.7952486117341,32.80073305378744],[128.79497666663997,32.80115582867859],[128.79470916959258,32.80085889232407],[128.79495639412232,32.800544440773365]]],[[[128.7963963939785,32.80178000044674],[128.79590472112602,32.802255829043304],[128.79565555136264,32.80196722490757],[128.7963963939785,32.80178000044674]]],[[[128.93038527855788,32.80456582944953],[128.9304949940488,32.804709161598566],[128.93038165968596,32.80476000027386],[128.930262218027,32.80466277456742],[128.93038527855788,32.80456582944953]]],[[[128.92928527909237,32.807019721383085],[128.92938888458946,32.80716222525655],[128.9291719456288,32.807175558605195],[128.92928527909237,32.807019721383085]]],[[[128.93427194609353,32.807655559156785],[128.92932083019218,32.80660666726391],[128.93247722394483,32.80379889210525],[128.92904111495557,32.80023000001455],[128.93333138833293,32.798358332770874],[128.93664722379037,32.80061333333873],[128.93613333318683,32.80643194607751],[128.93427194609353,32.807655559156785]]],[[[128.83789165997223,32.80868638726702],[128.83788832708467,32.808771107900384],[128.83769639377363,32.80892722481161],[128.83756306118642,32.808887775150765],[128.8377752787062,32.808703054402486],[128.83789165997223,32.80868638726702]]],[[[128.95105888475973,32.81037889157261],[128.94961805393007,32.809510559264936],[128.95058555088258,32.80889638705867],[128.95105888475973,32.81037889157261]]],[[[128.90750250303813,32.8100647206104],[128.9071916595675,32.810426386568565],[128.90701749686002,32.81019610796409],[128.90750250303813,32.8100647206104]]],[[[128.68051138829003,32.81036249513312],[128.67667499375602,32.809375559334626],[128.67480722417417,32.80574472104212],[128.67750277563266,32.80257638699072],[128.68265360577936,32.804019720633676],[128.68294693855046,32.806618891748485],[128.68051138829003,32.81036249513312]]],[[[128.90751165993527,32.81051555884602],[128.90778444859347,32.8100833329795],[128.90823499365013,32.810005829405554],[128.90813111475916,32.81054277502909],[128.90751165993527,32.81051555884602]]],[[[128.9047774969839,32.81463249509363],[128.90457999956743,32.81471861327344],[128.90454165966992,32.81463916176796],[128.90470917009213,32.814573612881986],[128.9047774969839,32.81463249509363]]],[[[128.90480639399993,32.81481555929071],[128.90478082987147,32.81505972072961],[128.90457917039248,32.81502916176646],[128.9045855510824,32.81487361322672],[128.90480639399993,32.81481555929071]]],[[[128.93776778175777,32.81579722506194],[128.9364000001599,32.815267224902584],[128.93601972812803,32.814646946299604],[128.9366066670641,32.81456222476692],[128.93706722427305,32.8151091618584],[128.93773444928547,32.81542500016366],[128.93776778175777,32.81579722506194]]],[[[128.93775849535837,32.81912569419546],[128.93772335884603,32.819125802114115],[128.9377192606354,32.81848868460514],[128.93775439714773,32.818488567693294],[128.93775849535837,32.81912569419546]]],[[[128.8657072241092,32.81924138658076],[128.86569389076055,32.81831666678079],[128.86662778184677,32.81809110781842],[128.8667477819846,32.81880722537318],[128.8657072241092,32.81924138658076]]],[[[128.9386957202314,32.81940043168464],[128.93869542165646,32.81943045914841],[128.93805670605218,32.81942633305886],[128.93805699113727,32.81939639642661],[128.9386957202314,32.81940043168464]]],[[[128.83644306079873,32.820054441159584],[128.8363772241297,32.81992638669345],[128.8365702717008,32.81987222502323],[128.83661527917184,32.81997277462392],[128.83644306079873,32.820054441159584]]],[[[128.91571722357105,32.82512249500718],[128.91569277640053,32.82531416211896],[128.91558027211192,32.825300279284534],[128.91571722357105,32.82512249500718]]],[[[128.88795678337897,32.829935919307275],[128.88475072636504,32.83026413498192],[128.88474114139058,32.83019458591144],[128.88794883337198,32.82986316235508],[128.88795678337897,32.829935919307275]]],[[[128.89234917027807,32.8301286134448],[128.89316721069827,32.82747169416342],[128.8944644485755,32.82885416169029],[128.89234917027807,32.8301286134448]]],[[[128.94741948132412,32.83146603572902],[128.94738180332763,32.831532233925486],[128.94632053226678,32.83110055934338],[128.94635832717518,32.831034441186546],[128.94741948132412,32.83146603572902]]],[[[128.9459914136729,32.83201764929515],[128.94530312563882,32.83227358555757],[128.94527198391495,32.832214116987984],[128.94596027194905,32.83195808090079],[128.9459914136729,32.83201764929515]]],[[[128.96133832730197,32.8324705586694],[128.9612877818057,32.83227444081285],[128.96155306112496,32.83239749504838],[128.96133832730197,32.8324705586694]]],[[[128.84507693914952,32.83372749522778],[128.8451752791159,32.833808332588546],[128.845093606285,32.833869721210704],[128.84497444881185,32.83382833261152],[128.84507693914952,32.83372749522778]]],[[[128.8436494416685,32.834545828827004],[128.84348055798148,32.834543891687304],[128.8435494415536,32.834434999975315],[128.8436494416685,32.834545828827004]]],[[[128.84811666655094,32.83450416233728],[128.84806778210248,32.834606667064065],[128.84792444905418,32.83462805384164],[128.8478644489852,32.834549161714506],[128.84811666655094,32.83450416233728]]],[[[128.87970360603663,32.835168612941175],[128.87972527879867,32.83532082859341],[128.87957778188922,32.83549000006349],[128.87951832680938,32.83538305358513],[128.87962360594474,32.8351941617812],[128.87970360603663,32.835168612941175]]],[[[128.84189333281108,32.83529694619716],[128.84192749715635,32.83535277521048],[128.8416005576197,32.83564305388387],[128.84139916973595,32.83569610758934],[128.84174610929563,32.83536249508313],[128.84189333281108,32.83529694619716]]],[[[128.8557352786603,32.83593722482311],[128.85580527919035,32.836038054112976],[128.85545194635029,32.836221945686304],[128.85529055761322,32.83613055927793],[128.8557352786603,32.83593722482311]]],[[[128.84873832741198,32.836154161985064],[128.8481866670811,32.83611861268389],[128.84844917019313,32.835714999647564],[128.84873832741198,32.836154161985064]]],[[[128.95533527890007,32.836104441167095],[128.95547472058195,32.83630249526402],[128.9553002718901,32.83637027896526],[128.95516861204192,32.83621694635502],[128.95533527890007,32.836104441167095]]],[[[128.85533832690237,32.836724720669395],[128.85535166025102,32.83657805383416],[128.85549861217123,32.836606386975234],[128.85533832690237,32.836724720669395]]],[[[128.84083666717856,32.8376861076278],[128.84093666729348,32.837811946164436],[128.84083221823232,32.83784472105708],[128.84083666717856,32.8376861076278]]],[[[128.83728666714603,32.838079721102304],[128.83740306100253,32.83819361304484],[128.8372549939229,32.83824305417369],[128.83728666714603,32.838079721102304]]],[[[128.8370136059932,32.838027494773144],[128.8371486122187,32.838489161745485],[128.83690832685784,32.83857389227137],[128.83671444921254,32.83820027881984],[128.8370136059932,32.838027494773144]]],[[[128.84070416286693,32.83843389211046],[128.8409469393498,32.83858861327394],[128.84081778231484,32.83871000016643],[128.84060416275202,32.838653612674136],[128.84070416286693,32.83843389211046]]],[[[128.84025082991195,32.8385366666339],[128.8404391704314,32.83873694565358],[128.840309442327,32.83881638726649],[128.84016221791205,32.83868916197531],[128.84025082991195,32.8385366666339]]],[[[128.8599397279362,32.84387027859054],[128.85961027209646,32.84374055857995],[128.8600341630463,32.843499161657064],[128.86040832688286,32.843604440792376],[128.8599397279362,32.84387027859054]]],[[[128.859337496928,32.84373472108058],[128.85943250310754,32.84387138655529],[128.85933083025373,32.843997225091925],[128.8591655510494,32.84385055915601],[128.859337496928,32.84373472108058]]],[[[128.95693666659395,32.843973054013304],[128.9569963941683,32.84402916181642],[128.95692055793745,32.84419722532175],[128.95683832662758,32.844201945863176],[128.95685778166137,32.84400527942017],[128.95693666659395,32.843973054013304]]],[[[128.86396910529004,32.844761054379205],[128.86178306113948,32.84382805362185],[128.86449444875984,32.83985916197082],[128.8645791702926,32.83649361288997],[128.867795279029,32.83203944076763],[128.86608722364656,32.82649166695694],[128.86995722404674,32.81986722479263],[128.87843082971904,32.817848891613096],[128.87853138831304,32.8108969460373],[128.87318666703118,32.808393612974896],[128.87731027175175,32.80225944072066],[128.8762883271446,32.797668053637835],[128.8692902724282,32.80239444065097],[128.86260516199866,32.801835919392204],[128.86169647171482,32.80411744096716],[128.86562425355658,32.80547013463905],[128.866120830412,32.80816222460703],[128.86331221798457,32.812610829026596],[128.8636455508016,32.815948613337866],[128.86199564198535,32.81885444067996],[128.86509306089613,32.82299027887831],[128.8617902719036,32.82810972088697],[128.8646661086541,32.830365000244626],[128.86104972786268,32.835027494923],[128.8575200003478,32.83649361288997],[128.855031388288,32.83238333342416],[128.85177165973437,32.8295991618719],[128.8490602721139,32.830043613122314],[128.84879306105097,32.83466110842346],[128.8456038906071,32.833668891805985],[128.84402277633012,32.83347722469421],[128.83782444913913,32.8383258286741],[128.83507360556246,32.83557444100768],[128.83301333339864,32.829100612803074],[128.83757583695535,32.83002055900164],[128.83689527859428,32.82588749521176],[128.837124449234,32.817228333321],[128.83934472068233,32.813877775039316],[128.83800360578186,32.804213332978975],[128.8396319461574,32.801044441347926],[128.8363425031041,32.80014777499986],[128.83485444887378,32.79620666700413],[128.83810583711477,32.78993389213548],[128.8361711148052,32.7792780536393],[128.84173163380797,32.78103244119427],[128.84423019506755,32.77858653164316],[128.84977228336425,32.77891519787812],[128.85251055801587,32.77649277502161],[128.85477138798922,32.772158333240554],[128.8593094416775,32.77060666726396],[128.86006333255682,32.76657527902597],[128.86607444877689,32.763435558704145],[128.86983778238778,32.76506416168178],[128.87320722373443,32.763863054136664],[128.8830222177013,32.764743054248584],[128.88529749708187,32.77075333319982],[128.88601138791523,32.77595166733562],[128.89025499367312,32.77849999977525],[128.89364555110137,32.785093613179754],[128.90247861219825,32.78845166731065],[128.90253360574138,32.7932638919151],[128.9042733334477,32.79626638738392],[128.9103852789575,32.79675138726674],[128.91064083031017,32.798428612990165],[128.90569444933942,32.80222582855919],[128.90371944189883,32.802383612813514],[128.90309194623637,32.809318332774865],[128.9058425029292,32.81338749523678],[128.90032306136027,32.81457305440301],[128.89950221775325,32.81652944138068],[128.90064306082866,32.82164889238254],[128.89576000022385,32.82476610806947],[128.8858805059806,32.82501408083522],[128.88333527890006,32.833871946133456],[128.8797452788216,32.83469500027411],[128.877705836755,32.83723222518711],[128.87391194597956,32.837965278774675],[128.87125002556832,32.84135019835304],[128.86396910529004,32.844761054379205]]],[[[128.86518389062417,32.84458610836225],[128.8648300002044,32.844871386805096],[128.86473527910994,32.84480972119172],[128.86510250287824,32.844510828811735],[128.86518389062417,32.84458610836225]]],[[[128.96879000005856,32.85146361255573],[128.96858306065974,32.850561667187264],[128.96945805424582,32.85060138664471],[128.96879000005856,32.85146361255573]]],[[[128.87908416290384,32.85617082872079],[128.87917610869056,32.855962224677],[128.87936583686394,32.85610610811045],[128.87908416290384,32.85617082872079]]],[[[128.89166666668336,32.86001175673721],[128.89209719822713,32.86024318017866],[128.89205849500365,32.86029448560208],[128.89166666668336,32.86001175673721]]],[[[128.872526667172,32.86144582916171],[128.87240306075273,32.861608054268345],[128.87213055807888,32.86161138715585],[128.87201555097693,32.86148138655682],[128.87239888520048,32.861352775410296],[128.872526667172,32.86144582916171]]],[[[128.87583499418974,32.86587527892101],[128.87587888470284,32.86600666717402],[128.8756947206349,32.8659786128228],[128.87583499418974,32.86587527892101]]],[[[128.8772916602819,32.866135279219804],[128.87715360625396,32.866264440751365],[128.87709944188578,32.86609027894326],[128.8772916602819,32.866135279219804]]],[[[128.88239944168095,32.86742277474133],[128.8823449940263,32.867521387202316],[128.88212165998664,32.86753555871911],[128.88217138799916,32.86735944088554],[128.88239944168095,32.86742277474133]]],[[[128.9400727756381,32.871555828638634],[128.94006639404893,32.86978582885297],[128.9415422183987,32.8676661079046],[128.9411280536168,32.87128527929224],[128.9400727756381,32.871555828638634]]],[[[128.8870822178701,32.87421444134344],[128.8870816602905,32.87443749479462],[128.88683610939904,32.87429361315975],[128.8870822178701,32.87421444134344]]],[[[128.9180686116772,32.87662000011295],[128.91776083039804,32.8764574953172],[128.91811778211002,32.87633333311686],[128.9180686116772,32.87662000011295]]],[[[128.8879797277823,32.87727277481878],[128.88781666720547,32.877248612733354],[128.88783221828226,32.877105829170716],[128.88811722423054,32.87715082944726],[128.8879797277823,32.87727277481878]]],[[[128.90678778213055,32.879121108252605],[128.90485111458736,32.87791999980817],[128.90556583729358,32.876284999952816],[128.90728861187995,32.87604833256455],[128.90678778213055,32.879121108252605]]],[[[128.94157527927575,32.88467500015116],[128.94123444881086,32.88069500007424],[128.94665082987194,32.87831027859653],[128.94918194569027,32.8726724952395],[128.94699832701122,32.87120082935485],[128.9464633850772,32.86575094584953],[128.9420433332333,32.85962638734793],[128.94356610938848,32.85727555862019],[128.9427327634064,32.84909979312101],[128.93583917034152,32.85513333303692],[128.93394250284427,32.85919805374721],[128.9352444486724,32.86159972115024],[128.92884666714008,32.86843249486378],[128.92865277600492,32.87104277530386],[128.92571416297835,32.87326972062118],[128.92258888486924,32.87011777491546],[128.92430769074736,32.86607126997319],[128.93176994762507,32.86061308122879],[128.93145805374627,32.85701610780717],[128.9358458370158,32.850549720593165],[128.93274684788878,32.84607114356845],[128.93247649819193,32.83884861267336],[128.9289382882714,32.83903254111891],[128.927404721151,32.842735558998925],[128.92674333273862,32.85311444137841],[128.92389547299774,32.8546813868366],[128.92336042764168,32.85808147707854],[128.9197801042685,32.859675576666575],[128.92055560315862,32.86351625197352],[128.91631138766047,32.870134720840724],[128.91154972833738,32.86968333311938],[128.91090861244254,32.872271108025245],[128.9055188845889,32.872017494711656],[128.90261389091836,32.87004972141756],[128.89951527860728,32.8707991615521],[128.89416555079958,32.878494720554954],[128.8905125028498,32.87659472106958],[128.88739389141506,32.872298612890745],[128.88976472106503,32.86988582896788],[128.88809555056923,32.865589720789046],[128.87950000042474,32.86777138703991],[128.87408416255414,32.86275361338858],[128.87830980525337,32.862167071952854],[128.8806225027264,32.858643892401744],[128.8794669386483,32.855718054244846],[128.8815374972578,32.85302889157015],[128.8898052786907,32.856130000399276],[128.88796626493126,32.859288991393896],[128.8885177166194,32.86289784665837],[128.8919422702196,32.86386121572258],[128.89444373539015,32.85931545934102],[128.9004146168412,32.85592780222635],[128.9032355247997,32.855662315163784],[128.90278805362584,32.850701107969826],[128.9106019463228,32.847510279176106],[128.91368749688058,32.84232389163435],[128.9187161091612,32.84316389170027],[128.92318805368575,32.83599277504658],[128.92316805366283,32.834261667342105],[128.92768555064765,32.83216999984569],[128.92982082986748,32.82752444120007],[128.92832639404787,32.82216222540643],[128.91875166026102,32.82223527913487],[128.923689170319,32.81880777485895],[128.9322963549929,32.81766010772782],[128.93516555114934,32.82168889242848],[128.93845276298464,32.822863333276246],[128.93925583688747,32.8144383332625],[128.93888221804002,32.81085805395605],[128.940134565358,32.80532934217547],[128.94028360640334,32.79966638679434],[128.94518111461684,32.80246861313606],[128.94508749699048,32.808055829413036],[128.94854805404952,32.81374416186361],[128.95202000012296,32.81675000011245],[128.94977778161945,32.819016666685854],[128.94608778232532,32.81771694578049],[128.9411522435812,32.824658216403634],[128.94150389109177,32.82734389240676],[128.9450269393418,32.832615828857456],[128.94917330680278,32.83215324277796],[128.9561627756916,32.828731387143876],[128.9607400002509,32.8309755589749],[128.95423444936046,32.83386194567231],[128.95512000008796,32.838011666705086],[128.95763778165838,32.84238666701111],[128.953769442306,32.84639060434296],[128.95617472138633,32.8506458293416],[128.96300027174516,32.84961999966333],[128.96211165972534,32.86017944072864],[128.95944165980484,32.86314361338708],[128.95837138832894,32.86904777503486],[128.95298861223478,32.874803613296194],[128.95257472084677,32.87723361294093],[128.94850722392925,32.881314999887366],[128.94157527927575,32.88467500015116]]],[[[128.90772749722623,32.88877749508538],[128.9077797280521,32.888918613103556],[128.90757917024257,32.88888110777697],[128.90772749722623,32.88877749508538]]],[[[128.91711194615948,32.89691389186265],[128.91213666727344,32.894399161692036],[128.90918472089822,32.88819777500737],[128.90963916991177,32.885903332872545],[128.91639083017276,32.886534720800796],[128.91900194608297,32.89442222480591],[128.91711194615948,32.89691389186265]]],[[[129.7881610886634,33.06099655894411],[129.78714666688518,33.06249363966981],[129.78525163435552,33.06134941424415],[129.78522758828262,33.060262694168046],[129.7881610886634,33.06099655894411]]],[[[129.77279518764783,33.0719404143187],[129.77252652417985,33.07199413532112],[129.77221383889764,33.071871162024536],[129.77246713385125,33.07169477529368],[129.77279518764783,33.0719404143187]]],[[[129.78083958467914,33.076871918704114],[129.77840131037226,33.07447097255738],[129.78268155630883,33.066758946068546],[129.78635299629377,33.06830663973966],[129.7832027503067,33.07631208083791],[129.78083958467914,33.076871918704114]]],[[[129.76992267209368,33.07736638664949],[129.76828566764948,33.076472775298384],[129.76988505794918,33.07616910841767],[129.76992267209368,33.07736638664949]]],[[[129.76489175125334,33.08040516166892],[129.76494350184123,33.08058866743312],[129.76455878086313,33.080778586262795],[129.76453494163434,33.08054227860333],[129.76489175125334,33.08040516166892]]],[[[129.78903552466977,33.080011666904966],[129.7891692736431,33.08085205367939],[129.7891471080527,33.08085572111469],[129.78901713443327,33.080023081100364],[129.78903552466977,33.080011666904966]]],[[[129.76406705584998,33.09172453166184],[129.76405566773497,33.092031586288726],[129.76379160789645,33.0918606395569],[129.76406705584998,33.09172453166184]]],[[[129.66461705623226,33.102171251701975],[129.66473946835185,33.102376494979296],[129.66463180331516,33.102550413970505],[129.66447846980554,33.10248361322823],[129.66461705623226,33.102171251701975]]],[[[129.74366510965717,33.10251897277243],[129.74335386508892,33.103101225341334],[129.74269150540874,33.10286130600451],[129.7430328916547,33.10252302691623],[129.74366510965717,33.10251897277243]]],[[[129.67499999995005,33.113539891952485],[129.67545238681828,33.11369958636686],[129.6754297796607,33.11374525214171],[129.67499999995005,33.113539891952485]]],[[[129.6760088072607,33.11389655857937],[129.67598608319122,33.11394210834169],[129.67549272410997,33.113767972613914],[129.67551544728008,33.11372238687869],[129.6760088072607,33.11389655857937]]],[[[129.67657005166666,33.11409413513627],[129.6765473024161,33.11413969389179],[129.67605394333486,33.11396555906333],[129.6760766925854,33.113920000307814],[129.67657005166666,33.11409413513627]]],[[[129.67712936432872,33.11429155880842],[129.6771066150783,33.11433710767142],[129.67661325599704,33.11416297284296],[129.67663600524747,33.1141173871078],[129.67712936432872,33.11429155880842]]],[[[129.75752204900346,33.12265500022812],[129.75789992164414,33.122875252291124],[129.75775358036356,33.1231063061112],[129.75719544671256,33.12288516192075],[129.75752204900346,33.12265500022812]]],[[[129.75636082998835,33.12383916184791],[129.7561063937951,33.12424527859679],[129.75569805392206,33.12408722544512],[129.7559458369309,33.12377722463924],[129.75636082998835,33.12383916184791]]],[[[129.65873394321693,33.123993802072334],[129.65827260719516,33.12460477539014],[129.65784722427009,33.123969693946265],[129.65873394321693,33.123993802072334]]],[[[129.7612431909206,33.12828766734202],[129.76111418856897,33.12804149501903],[129.76133403413837,33.1280943328872],[129.7612431909206,33.12828766734202]]],[[[129.67443535700613,33.12972946764086],[129.674266056933,33.13000889239652],[129.6739974447264,33.12998872060302],[129.67421505817845,33.12974864028757],[129.67443535700613,33.12972946764086]]],[[[129.67330311324815,33.13023341444057],[129.67301150537673,33.130731864583936],[129.6727950583453,33.130645413654975],[129.67330311324815,33.13023341444057]]],[[[129.75982902678822,33.131180639774755],[129.7599075879649,33.13143522525547],[129.7597656938318,33.131436054430424],[129.75982902678822,33.131180639774755]]],[[[129.75752511029566,33.13243577499105],[129.75761571968974,33.13263153221948],[129.7575239429757,33.13265825197681],[129.7574604409466,33.13253582906532],[129.75752511029566,33.13243577499105]]],[[[129.66903483818726,33.132478134858104],[129.669297418641,33.13303400041883],[129.66900428012354,33.13298119762425],[129.66888749686052,33.1327155855559],[129.66903483818726,33.132478134858104]]],[[[129.67884308723876,33.133378108013346],[129.67869155597054,33.13339544064712],[129.6785261607538,33.13333230644082],[129.6787816986166,33.13323002744386],[129.67884308723876,33.133378108013346]]],[[[129.68138961114175,33.13327674812348],[129.6815505322313,33.13340089233736],[129.68145408623718,33.133515161995206],[129.68129321730817,33.13340782880829],[129.68138961114175,33.13327674812348]]],[[[129.662965446798,33.13364913489971],[129.6629845780759,33.13373269360898],[129.6628029438009,33.133817612992516],[129.6627705322344,33.13371936026033],[129.662965446798,33.13364913489971]]],[[[129.68102383887913,33.13422574782004],[129.6809653307854,33.1345466672949],[129.68050182919615,33.134200000229896],[129.6807663288031,33.1339355860585],[129.68102383887913,33.13422574782004]]],[[[129.6679952533783,33.13445844110424],[129.66812730173365,33.13457619833292],[129.66802488963697,33.13460925201542],[129.6679952533783,33.13445844110424]]],[[[129.752837755658,33.134750585870904],[129.75131136242953,33.131873053898346],[129.7552809465585,33.132432559015456],[129.752837755658,33.134750585870904]]],[[[129.65798105058514,33.13473927869478],[129.65779894866262,33.13389310838028],[129.65870933866506,33.13384453239928],[129.65798105058514,33.13473927869478]]],[[[129.6758774711684,33.1347196132196],[129.67601131007393,33.133899559217355],[129.67664216560354,33.13385097334378],[129.6758774711684,33.1347196132196]]],[[[129.66789428019695,33.135029197639426],[129.66773377369475,33.13521833315957],[129.66731525259684,33.1350025588211],[129.66783330706153,33.13485705390997],[129.66789428019695,33.135029197639426]]],[[[129.66511949396954,33.135068613126066],[129.6638532170524,33.13474953186545],[129.66251944241844,33.131708333173094],[129.66375697790227,33.1316294410459],[129.66546416274093,33.13341102679749],[129.66511949396954,33.135068613126066]]],[[[129.6586823086417,33.135501802166516],[129.65876968857037,33.135695026904045],[129.658612113858,33.13579658644335],[129.65853182868102,33.13550982861574],[129.6586823086417,33.135501802166516]]],[[[129.66744997373735,33.13680777515873],[129.66766625169623,33.13628464042387],[129.6681818294279,33.136366360019565],[129.66744997373735,33.13680777515873]]],[[[129.67285438392275,33.13675258556344],[129.67271105087434,33.13690238743527],[129.67265613467293,33.136760252283864],[129.67285438392275,33.13675258556344]]],[[[129.66452341072693,33.13693410832252],[129.66363319071922,33.136496224820974],[129.66554238667186,33.1364235587003],[129.6655510246601,33.136864586231695],[129.66452341072693,33.13693410832252]]],[[[129.68103557683048,33.13791180178828],[129.68118817109723,33.13809391899923],[129.6810304668826,33.13813022463023],[129.68103557683048,33.13791180178828]]],[[[129.6829109214019,33.13865677499024],[129.6828116596305,33.138509494817356],[129.68303185503612,33.13847319817961],[129.6829109214019,33.13865677499024]]],[[[129.71908635485147,33.138685440880465],[129.71899844432278,33.138629585786816],[129.71903430568875,33.13852077501383],[129.71919027241324,33.13857325225382],[129.71908635485147,33.138685440880465]]],[[[129.76425165968647,33.139258441224115],[129.76420819725058,33.13941516158047],[129.76408508365978,33.139360134762455],[129.76425165968647,33.139258441224115]]],[[[129.6605164984377,33.14027364001652],[129.66063830081703,33.14041902711648],[129.66054219206853,33.14055089201008],[129.66046980473777,33.140365864593036],[129.6605164984377,33.14027364001652]]],[[[129.66115396938028,33.141590440846244],[129.66107888498266,33.141444640058126],[129.66125263310255,33.141447386587686],[129.6613185597039,33.14161522526251],[129.66115396938028,33.141590440846244]]],[[[129.66343221832233,33.141466468402825],[129.66313319104404,33.14073149476275],[129.6637517771229,33.14009225215574],[129.66389719839708,33.141398774633785],[129.66343221832233,33.141466468402825]]],[[[129.6544566407614,33.141926720741594],[129.65411788593178,33.139522081079235],[129.6557160306703,33.14050022510537],[129.6544566407614,33.141926720741594]]],[[[129.49964360616752,33.14247333317786],[129.49978444899318,33.14310444141688],[129.49921527886204,33.14319472075982],[129.49937610912025,33.14252416196058],[129.49964360616752,33.14247333317786]]],[[[129.7682323612346,33.14344330596384],[129.76473769109168,33.139345775287325],[129.7579948378915,33.13480802736859],[129.75791102467406,33.13136180190571],[129.7611165241084,33.131652252349625],[129.76541508383912,33.13158249463646],[129.77387588766214,33.12635733282468],[129.77124483827868,33.125504612747704],[129.75876166012256,33.128291135127824],[129.75763846983955,33.12548805443021],[129.7617800520079,33.12212086498596],[129.7573148380094,33.12009130556936],[129.7587828265663,33.11432016174609],[129.75461511009928,33.11418455927003],[129.75174321687598,33.12411358637297],[129.7470289113552,33.125389972569224],[129.7437108042103,33.12151880215106],[129.74289399496195,33.115009162043236],[129.74490724966995,33.11208022482259],[129.74815717291528,33.1120153603207],[129.7513669783035,33.108622945792376],[129.75269844437776,33.10197905399019],[129.7473167834429,33.10106936006298],[129.74655758836207,33.09847089221796],[129.73909878128381,33.10226513462834],[129.7356862516193,33.100894666755494],[129.73116177679458,33.1034144142439],[129.7288249424172,33.10007641409527],[129.73395632922131,33.09407105443569],[129.73389333261127,33.09026930628352],[129.73848968934772,33.08346777501788],[129.73944525319598,33.07874258590169],[129.7426090267852,33.07743080238964],[129.7468159141232,33.08060249540887],[129.7483566668268,33.07779661332307],[129.74348778223543,33.07335941410571],[129.73946924800748,33.071273585907306],[129.74385005163867,33.06604313518261],[129.7428668354362,33.0617580266117],[129.75549444920955,33.06429449519487],[129.75812783413232,33.06347497269189],[129.75505788591272,33.058715693874205],[129.7552389751986,33.05507386496697],[129.75870438410016,33.053797747668],[129.76501163358012,33.053399748199865],[129.76460780830382,33.05847289221026],[129.76886141362343,33.06056569375181],[129.78079680932535,33.06121416160431],[129.77848075198517,33.06602749507289],[129.77117486382895,33.06577063970332],[129.772001607888,33.07269105414889],[129.7681217509181,33.07443994594678],[129.76478666727098,33.07418664020133],[129.76326944173138,33.07717872062153],[129.75779050562744,33.08048291885166],[129.75909708206473,33.084361612998066],[129.7582538003727,33.088194973219515],[129.763169831023,33.09009380178759],[129.76210477291704,33.095100135163136],[129.76811924810488,33.10048358574892],[129.7701151881655,33.09924369404132],[129.7668409994127,33.09555330624016],[129.7691763939755,33.09243994594681],[129.76756639437372,33.08879630580492],[129.76271680923344,33.08342766705323],[129.76641169904076,33.07984366725151],[129.7729226980241,33.07778177540865],[129.78370444880136,33.078309774576496],[129.786335135758,33.08326033289808],[129.79326669280374,33.08250694563907],[129.7951386118575,33.09124797281572],[129.79248075188525,33.095662892228745],[129.78778080404095,33.101184666639085],[129.78650474699657,33.104143919106605],[129.79362639374312,33.1108936674089],[129.79477647195665,33.11357158586003],[129.7946829442625,33.118769559367706],[129.79243630379244,33.126766586408905],[129.79584302203784,33.13222291895261],[129.79384769081832,33.13761355871878],[129.7878423608363,33.13802946818544],[129.78627719783447,33.14012108082329],[129.78024719765017,33.14177794589551],[129.77375194579577,33.141123386934794],[129.7682323612346,33.14344330596384]]],[[[129.66390102501236,33.143464108182116],[129.66399313897227,33.142676945984306],[129.664582283046,33.14257013530357],[129.66515810636156,33.141555720719964],[129.66553313894326,33.141884279036276],[129.66524016859898,33.14255682893457],[129.66390102501236,33.143464108182116]]],[[[129.6845832557127,33.14344808136394],[129.68458827482914,33.14364133308112],[129.68439822289974,33.143540775386555],[129.6845832557127,33.14344808136394]]],[[[129.67099369560265,33.143866134814346],[129.67108855968934,33.14391344095259],[129.67099814544815,33.144111945609836],[129.67087461726987,33.14408497314304],[129.67099369560265,33.143866134814346]]],[[[129.66502522703263,33.14391449495804],[129.66469011715526,33.14418908136105],[129.66440868960944,33.14370899987051],[129.66493457806837,33.1435369730529],[129.66502522703263,33.14391449495804]]],[[[129.67495114068265,33.14326505403909],[129.67348379963767,33.14069766676397],[129.6793532564477,33.136436197772355],[129.68053805388809,33.14115997315429],[129.67495114068265,33.14326505403909]]],[[[129.6605023089345,33.14472249534691],[129.65870352814534,33.14395086534023],[129.65910797665185,33.14319558590762],[129.6605023089345,33.14472249534691]]],[[[129.66376277583151,33.14498419806233],[129.6634570297182,33.14500886466743],[129.66352481162085,33.144920107876715],[129.6636843837274,33.144908198154894],[129.66376277583151,33.14498419806233]]],[[[129.67278800316387,33.14465936024135],[129.67273377404445,33.145271440624526],[129.6724009727268,33.14506397332377],[129.67278800316387,33.14465936024135]]],[[[129.68173160802735,33.14560294601921],[129.6814109988186,33.145024306026926],[129.68180058422968,33.14499694595236],[129.68173160802735,33.14560294601921]]],[[[129.6811922441268,33.14581355914851],[129.6808687813692,33.14609519803503],[129.6806859662844,33.14570905432947],[129.6811922441268,33.14581355914851]]],[[[129.71560294422056,33.14642099992926],[129.7153633333512,33.14622691903713],[129.7153921916963,33.14592702661105],[129.71529233457363,33.14564216185636],[129.7153634502631,33.145444640158075],[129.71563099857178,33.14548097276872],[129.71551335915422,33.14581138728573],[129.71560294422056,33.14642099992926]]],[[[129.6498750841679,33.14645772104706],[129.6498036447225,33.1456045863826],[129.65067542233294,33.14572589233609],[129.6498750841679,33.14645772104706]]],[[[129.66461571983962,33.146420161761114],[129.6643845014437,33.14584335998313],[129.66475379994802,33.14557063967334],[129.66461571983962,33.146420161761114]]],[[[129.7161667436004,33.1465834948325],[129.7158326724399,33.14641925164722],[129.71623919568242,33.14639563994689],[129.7161667436004,33.1465834948325]]],[[[129.62166194594215,33.14658361264367],[129.62172221760636,33.14586194627185],[129.62245194640025,33.146273612737104],[129.62166194594215,33.14658361264367]]],[[[129.67499999995005,33.146249305860806],[129.67467766494235,33.146659494739936],[129.67429418862594,33.14641205437289],[129.67499999995005,33.146249305860806]]],[[[129.66295461716197,33.14639864008524],[129.66211483832922,33.1465081352423],[129.6621255771338,33.14617736009717],[129.66271124532773,33.146034027048756],[129.66295461716197,33.14639864008524]]],[[[129.67891311294989,33.14644905428048],[129.6788571976017,33.146726891732726],[129.67868425437496,33.14665769429723],[129.67891311294989,33.14644905428048]]],[[[129.7184969391825,33.14658800043594],[129.71840914376708,33.14679564040654],[129.7179092996745,33.14663610787011],[129.7181961609241,33.14654541393975],[129.7184969391825,33.14658800043594]]],[[[129.67194241201275,33.14698225242904],[129.67171505800354,33.147094468035334],[129.67152593957053,33.146866251576284],[129.6717254469719,33.14671366720205],[129.67194241201275,33.14698225242904]]],[[[129.66652547337196,33.14659266701801],[129.66584658864917,33.14617435995882],[129.66610503222148,33.14584080231123],[129.66731555117178,33.146289531636626],[129.66652547337196,33.14659266701801]]],[[[129.67888202338668,33.147141667154244],[129.67868577243053,33.147141386565806],[129.67877036266214,33.14699294626752],[129.67888202338668,33.147141667154244]]],[[[129.52829795088974,33.147154252267],[129.52828024593668,33.14720294605917],[129.52746807988808,33.14696561317254],[129.52748788565748,33.146919081350575],[129.52829795088974,33.147154252267]]],[[[129.62026221772726,33.14723749531419],[129.62018861181502,33.14717555900489],[129.6203291695556,33.14706277502711],[129.6204094421421,33.14718694622064],[129.62026221772726,33.14723749531419]]],[[[129.62108610913674,33.14711916162008],[129.62052999985963,33.14707416224286],[129.62098555144212,33.146623054210636],[129.62108610913674,33.14711916162008]]],[[[129.7189013876889,33.14792666738185],[129.71816306137623,33.147597198052324],[129.71851408565658,33.14723182868602],[129.7189013876889,33.14792666738185]]],[[[129.71744080414987,33.14812589239608],[129.71758678300364,33.14824205422747],[129.71736658939665,33.14833053222833],[129.7172018291012,33.14824027896577],[129.71744080414987,33.14812589239608]]],[[[129.6765405835812,33.14932919788424],[129.67612280172602,33.14915630591884],[129.67633883327062,33.14885163989135],[129.67656605687807,33.149043027313894],[129.6765405835812,33.14932919788424]]],[[[129.67300955924384,33.14940069398688],[129.67316389100085,33.14949516237192],[129.67303766485645,33.1496380808328],[129.67294046702898,33.1494373062867],[129.67300955924384,33.14940069398688]]],[[[129.6610394937777,33.14987186499462],[129.66077805366433,33.14957733342726],[129.66159016935092,33.14934280192881],[129.66164658921878,33.14982002717255],[129.6610394937777,33.14987186499462]]],[[[129.66855111534176,33.15152049497493],[129.66852153034438,33.151303865381124],[129.66896669295852,33.151400802405135],[129.66893341084824,33.15147977457201],[129.66855111534176,33.15152049497493]]],[[[129.54388703036227,33.15173530613953],[129.54064927404488,33.14874097291761],[129.53550447475175,33.14945491860965],[129.52976069999636,33.14774853236895],[129.5284260826976,33.1450205315723],[129.5235269134364,33.145503694140245],[129.51938564243346,33.14398055915552],[129.51506021995328,33.14049986537651],[129.504256109332,33.14163041391254],[129.50711141366082,33.13833646795371],[129.51276302229576,33.13842386496947],[129.51823085626904,33.135689891775144],[129.52149128359588,33.137371305641295],[129.52500472079134,33.13630208097629],[129.52925583678746,33.132034802364274],[129.53612046718592,33.130979027060505],[129.5397566933168,33.137681801973656],[129.54995247732506,33.13633163989334],[129.55079138831195,33.14416863977095],[129.54947075187374,33.14677766655609],[129.54388703036227,33.15173530613953]]],[[[129.6783011665657,33.15202182924406],[129.67837044134285,33.15214010807955],[129.67816360626546,33.15222274768172],[129.67809522721302,33.15201372095652],[129.6783011665657,33.15202182924406]]],[[[129.66649306090608,33.15246533260904],[129.6636530873202,33.15107877496553],[129.66743722404874,33.15120341380657],[129.66649306090608,33.15246533260904]]],[[[129.6776240598026,33.15285346831297],[129.67734736718728,33.15279869420442],[129.67746846989405,33.15256955863828],[129.67765141358188,33.152549359865134],[129.6776240598026,33.15285346831297]]],[[[129.67687544704427,33.153062666808694],[129.67684566779337,33.15344594617352],[129.67597639389555,33.153135973246606],[129.6765884437018,33.152725558637655],[129.67687544704427,33.153062666808694]]],[[[129.67547199743478,33.15512594630542],[129.67530481166784,33.154984251821816],[129.675573112709,33.15480605385636],[129.6756933331808,33.154879360294274],[129.67547199743478,33.15512594630542]]],[[[129.65299552482372,33.15524405426976],[129.6527434502501,33.15528953208627],[129.65283377365984,33.155135224611],[129.65299552482372,33.15524405426976]]],[[[129.6545786895549,33.155609359784194],[129.65404955904,33.15524310818296],[129.6545449164148,33.15516963986704],[129.6545786895549,33.155609359784194]]],[[[129.65484024568082,33.15644144131949],[129.65449046696153,33.15646008066824],[129.65465141413154,33.15611155920112],[129.65484024568082,33.15644144131949]]],[[[129.65255321665768,33.15717666676983],[129.65222561611938,33.156815107830994],[129.65240705614076,33.15660458643259],[129.6527000516661,33.15691335966386],[129.65255321665768,33.15717666676983]]],[[[129.66536211397045,33.15625855878551],[129.6650575621568,33.15718299979568],[129.6648212446048,33.15687274807891],[129.66507588764216,33.15579905378337],[129.6655404666193,33.15589330633105],[129.66536211397045,33.15625855878551]]],[[[129.668507172668,33.15747116236429],[129.66908182866348,33.1519638922199],[129.6734665236612,33.15157353159327],[129.67101719758568,33.156139467862204],[129.668507172668,33.15747116236429]]],[[[129.65502644581386,33.15752430600196],[129.6547877558503,33.157439559288264],[129.65482119264402,33.15731822455649],[129.65504352843618,33.157253387034245],[129.65502644581386,33.15752430600196]]],[[[129.66520622638632,33.157679748421685],[129.66504152994276,33.15766038691737],[129.66504455256415,33.15750897256106],[129.66516075216703,33.15754789162196],[129.66520622638632,33.157679748421685]]],[[[129.6532911670538,33.15770163971894],[129.6534332167696,33.15788822476179],[129.6532339171116,33.15793853193776],[129.6532911670538,33.15770163971894]]],[[[129.66361455316917,33.157813305839454],[129.66314878079163,33.15777982857628],[129.66275647223347,33.157978747821005],[129.6626421917838,33.1576389461805],[129.66348277640907,33.15745361299389],[129.66361455316917,33.157813305839454]]],[[[129.6654167828583,33.157851613361345],[129.6654679120146,33.15796244131366],[129.66527136158413,33.15810446764709],[129.6652808296467,33.15789749497344],[129.6654167828583,33.157851613361345]]],[[[129.63730666736888,33.15802094581005],[129.63737527934575,33.15808902718692],[129.6373038003302,33.158184694368174],[129.63721177720186,33.15809308133066],[129.63730666736888,33.15802094581005]]],[[[129.67784968891203,33.15900863973701],[129.67768433236608,33.1590958020297],[129.67758486375055,33.15899341421476],[129.6777274188853,33.15892710809959],[129.67784968891203,33.15900863973701]]],[[[129.66727924823874,33.159183054254584],[129.6673616989833,33.15924227910796],[129.6673159135986,33.15935641386744],[129.66713391689677,33.159254865119976],[129.66727924823874,33.159183054254584]]],[[[129.66386072639148,33.159612252103784],[129.66374489011469,33.159692387094026],[129.66353455307717,33.1594756127094],[129.66380061030998,33.159505999902024],[129.66386072639148,33.159612252103784]]],[[[129.67650591381698,33.1596916397574],[129.67644661521922,33.15983905392926],[129.67629360636488,33.15956758637509],[129.67650591381698,33.1596916397574]]],[[[129.66367869011947,33.16018636041224],[129.66371425380987,33.15993849466582],[129.66396007809522,33.1597134681021],[129.66403172528396,33.159953053790446],[129.6638832813884,33.160141972574024],[129.66367869011947,33.16018636041224]]],[[[129.67662374838733,33.16023089214201],[129.67665752332607,33.160447694405605],[129.67657977963313,33.16043149491759],[129.67662374838733,33.16023089214201]]],[[[129.6408923866744,33.16047672092401],[129.64043275037125,33.16039227908044],[129.64035888455498,33.15991713486795],[129.6409890530025,33.15992536006735],[129.6408923866744,33.16047672092401]]],[[[129.6412421141323,33.160614828911264],[129.64125428016098,33.16076964000695],[129.64101732768756,33.16083961265804],[129.6410257462412,33.16066394628416],[129.6412421141323,33.160614828911264]]],[[[129.6698401693884,33.16058613514207],[129.66950538326694,33.16082446807479],[129.669054993793,33.160266918983154],[129.66959503218504,33.16038041432472],[129.6698401693884,33.16058613514207]]],[[[129.5822939426114,33.160857721406785],[129.58241355424218,33.160953667377896],[129.58236669326834,33.16103722518784],[129.58220072608276,33.1609136943116],[129.5822939426114,33.160857721406785]]],[[[129.66922910523908,33.1611636401899],[129.6690613358121,33.16110982925528],[129.6693788072862,33.1609496402138],[129.66940975385717,33.16105066735446],[129.66922910523908,33.1611636401899]]],[[[129.66279938968012,33.160905279355234],[129.6628178077957,33.16123474778544],[129.66246406036817,33.16132161330188],[129.66257141423944,33.16088494568373],[129.66279938968012,33.160905279355234]]],[[[129.65135291760316,33.162472892110316],[129.65023557741006,33.16036353225127],[129.65241038902832,33.16001769436116],[129.65135291760316,33.162472892110316]]],[[[129.66497260680046,33.16258894602311],[129.6644544228334,33.16188277497014],[129.66434335925874,33.16010882895932],[129.6653881970077,33.160836054040715],[129.66497260680046,33.16258894602311]]],[[[129.6713640337232,33.16315853164099],[129.6705845526351,33.16192682915988],[129.67190625207195,33.16075761337322],[129.6713640337232,33.16315853164099]]],[[[129.6380511666281,33.163185468134884],[129.6368739171976,33.16274538669029],[129.63807444917654,33.15793461269226],[129.63909930039245,33.16089541379239],[129.6380511666281,33.163185468134884]]],[[[129.66337150509094,33.163236081080356],[129.66323024587916,33.16344241433603],[129.6631339689576,33.163272278792704],[129.66337150509094,33.163236081080356]]],[[[129.6659918939108,33.16385374805208],[129.6654995591574,33.16390425217952],[129.6655831907118,33.16362316187946],[129.6659918939108,33.16385374805208]]],[[[129.6592932558791,33.16468938730543],[129.65942291833312,33.16482980205376],[129.6592722180385,33.16485794633718],[129.6592932558791,33.16468938730543]]],[[[129.65974269836693,33.165040666993264],[129.65981208825735,33.165178080703924],[129.65967763871208,33.16523427933856],[129.6596098307292,33.16503291933384],[129.65974269836693,33.165040666993264]]],[[[129.66090980524336,33.16548263971208],[129.66041841837534,33.1628840000966],[129.6618269392619,33.16362846787956],[129.66090980524336,33.16548263971208]]],[[[129.65996466903437,33.166423918728924],[129.65986708180048,33.16646589188747],[129.65963136229755,33.16632272071706],[129.65991416310817,33.16624563982447],[129.65996466903437,33.166423918728924]]],[[[129.6711510248,33.16637686530015],[129.6705642279568,33.16398913469084],[129.67257199680023,33.16250146806834],[129.67507233512026,33.16282791927313],[129.6711510248,33.16637686530015]]],[[[129.63877433216976,33.16714549516854],[129.63857544709924,33.167346532316685],[129.6384808303261,33.16731653183251],[129.63867533120163,33.16712502659874],[129.63877433216976,33.16714549516854]]],[[[129.65138367081977,33.16751205433786],[129.65150080391902,33.16760741395103],[129.6512933851816,33.16764705426817],[129.65138367081977,33.16751205433786]]],[[[129.6449591704294,33.16775549541984],[129.6445758371052,33.16799580236443],[129.64427102538752,33.167231305780206],[129.64463780758877,33.16694449489256],[129.6449591704294,33.16775549541984]]],[[[129.64517511024326,33.16781169405448],[129.64532797700463,33.16799377529253],[129.6453333846281,33.168223694168205],[129.64517197070995,33.16818474812766],[129.64517511024326,33.16781169405448]]],[[[129.65069919591122,33.168968829248115],[129.650495162222,33.16897008110442],[129.6503021659123,33.168713053964325],[129.65088058377194,33.168821360217635],[129.65069919591122,33.168968829248115]]],[[[129.5378422183437,33.169131945582876],[129.53471472070783,33.16782999975476],[129.5356725031835,33.16742389199908],[129.53836472085527,33.168630278564535],[129.5378422183437,33.169131945582876]]],[[[129.652015667589,33.168409612813434],[129.65209364510565,33.1692986133404],[129.6515592742412,33.16924669368001],[129.652015667589,33.168409612813434]]],[[[129.6443765887086,33.16927777514928],[129.64347647166187,33.1692946940949],[129.6433379769661,33.168784198432036],[129.64402756182255,33.16841899993693],[129.6443765887086,33.16927777514928]]],[[[129.59464561560276,33.17133333306691],[129.59429944226554,33.171792945987704],[129.59422627792048,33.17175402692686],[129.59457243776785,33.17129441400607],[129.59464561560276,33.17133333306691]]],[[[129.5202716599092,33.17385610767326],[129.51917250310862,33.171685558841546],[129.52332360639934,33.16728305367002],[129.52475610860756,33.17101472125245],[129.5202716599092,33.17385610767326]]],[[[129.60985152992419,33.17372353231519],[129.60968588829314,33.174059440790586],[129.60960600511316,33.17402830626139],[129.60977358028651,33.17369074842935],[129.60985152992419,33.17372353231519]]],[[[129.6426697537063,33.18133494625084],[129.64137136199884,33.18228353225925],[129.64129155616047,33.18221453177529],[129.6425987549287,33.181263774803426],[129.6426697537063,33.18133494625084]]],[[[129.6488646167088,33.18245313540393],[129.64868031144727,33.182530198310076],[129.64859900104318,33.182402775167986],[129.64876795127998,33.18235766697279],[129.6488646167088,33.18245313540393]]],[[[129.61492050557695,33.18270858603245],[129.6149467441969,33.182608558937886],[129.615057833852,33.1825335320969],[129.6151993385787,33.182560278833876],[129.6150369129233,33.18268261271248],[129.61492050557695,33.18270858603245]]],[[[129.64790863827307,33.18293700034235],[129.64787863778895,33.18300358614664],[129.6470775621798,33.182748161598454],[129.64710758784497,33.18268158568668],[129.64790863827307,33.18293700034235]]],[[[129.59387128403262,33.182628225312385],[129.59351836578003,33.18284155889086],[129.59333933863968,33.18260246782967],[129.59387128403262,33.182628225312385]]],[[[129.64879836635157,33.18322844093984],[129.64876608338807,33.18329358603023],[129.64797795082188,33.18301797260142],[129.6480101429538,33.18295282930967],[129.64879836635157,33.18322844093984]]],[[[129.61480152976685,33.183002495268966],[129.61486111524835,33.18331577500305],[129.61465066129904,33.183437440685395],[129.61480152976685,33.183002495268966]]],[[[129.5903008298195,33.18367694633406],[129.59011280226412,33.18345382903101],[129.5904404153929,33.18283816215154],[129.5907861606529,33.182737359841326],[129.5903008298195,33.18367694633406]]],[[[129.61092522691774,33.184056891912064],[129.610785771746,33.183424252127566],[129.61121953275529,33.18340619823749],[129.61133213956668,33.183839828845066],[129.61092522691774,33.184056891912064]]],[[[129.6505578602571,33.18519166726168],[129.64978977987448,33.18505255922827],[129.64917213988247,33.18509208083492],[129.649099611358,33.18463174755715],[129.64949297032433,33.18457146779906],[129.64976535698565,33.1848889185888],[129.65025316455194,33.18487761321131],[129.6505578602571,33.18519166726168]]],[[[129.6168777172329,33.18540369412523],[129.6167884703117,33.18554408099459],[129.61670197081935,33.185499080718046],[129.6167435536721,33.185402640119776],[129.6168777172329,33.18540369412523]]],[[[129.65128802881952,33.184991774950504],[129.65119756241768,33.18544691914008],[129.65081549893614,33.1852872247257],[129.65128802881952,33.184991774950504]]],[[[129.61511169874598,33.18509027859352],[129.6151898570264,33.18549508143292],[129.61497544695942,33.18553810769754],[129.61511169874598,33.18509027859352]]],[[[129.6153614395788,33.18549194639627],[129.61544736710232,33.18557246809496],[129.61535352824285,33.18567030623967],[129.61527364506276,33.18550572131204],[129.6153614395788,33.18549194639627]]],[[[129.61666316507308,33.18552038655662],[129.6166335800757,33.1856781348381],[129.616441192607,33.18560319792931],[129.61666316507308,33.18552038655662]]],[[[129.57790963702018,33.185692891813574],[129.5778187551315,33.18586572082643],[129.57770674367134,33.185822865432954],[129.57781666690573,33.18569402675797],[129.57790963702018,33.185692891813574]]],[[[129.5778574970259,33.1860338652707],[129.57783797724096,33.18616219762737],[129.57764172538543,33.18615763986327],[129.57771992233666,33.18593774842839],[129.5778574970259,33.1860338652707]]],[[[129.6259762779829,33.18542213472381],[129.62656644638446,33.18640733303204],[129.62522800336967,33.18598089160491],[129.6259762779829,33.18542213472381]]],[[[129.58861608306586,33.18697494643669],[129.5885949418032,33.18677064025292],[129.58879930014768,33.1867109729331],[129.58886280217666,33.18684564011426],[129.58861608306586,33.18697494643669]]],[[[129.6279503105585,33.186699413946826],[129.62747527876115,33.18704653157221],[129.62684391691334,33.18694764032142],[129.62699364504078,33.186653775151626],[129.6279503105585,33.186699413946826]]],[[[129.6484014793449,33.186664828718904],[129.6483540859723,33.187114225341304],[129.6482746173798,33.1871082790239],[129.64832211417433,33.18665886531443],[129.6484014793449,33.186664828718904]]],[[[129.61695688725058,33.18719835961667],[129.61704311334904,33.187438748399586],[129.616675278941,33.18743910812839],[129.61674756195043,33.18720044064787],[129.61695688725058,33.18719835961667]]],[[[129.64860713361236,33.187104080988604],[129.6485568606107,33.187548721096675],[129.64847191964338,33.1875399733911],[129.64852219174577,33.18708513497103],[129.64860713361236,33.187104080988604]]],[[[129.6261389491532,33.18779463981082],[129.62593980507802,33.187668413666415],[129.62614756196047,33.1876094136436],[129.6261389491532,33.18779463981082]]],[[[129.6460250577103,33.18792772058788],[129.64592442267406,33.18791297260566],[129.64636756181358,33.185782973305606],[129.6464628269979,33.18607069430715],[129.64609992177407,33.187815279251765],[129.6460250577103,33.18792772058788]]],[[[129.62429863767204,33.187880080801165],[129.62439880685952,33.187958251672],[129.6242050317369,33.18803913489819],[129.62414308733366,33.1879262250153],[129.62429863767204,33.187880080801165]]],[[[129.6244115817292,33.188200252040076],[129.62427005182155,33.188145225222],[129.6242880535509,33.188061694391706],[129.62443980515297,33.18805333339469],[129.6244115817292,33.188200252040076]]],[[[129.57908255531572,33.18824082855144],[129.5791360568836,33.18702874837811],[129.58033710777136,33.18753169423235],[129.57908255531572,33.18824082855144]]],[[[129.64984891119832,33.18842210759425],[129.64916861184201,33.18820408135332],[129.64971496797148,33.18786094592599],[129.64984891119832,33.18842210759425]]],[[[129.61494749692952,33.18844380193997],[129.61507230933967,33.188599694020695],[129.61496513623206,33.18865182861907],[129.6148383659979,33.18855853205065],[129.61494749692952,33.18844380193997]]],[[[129.60530333278268,33.18702582917871],[129.60519610931306,33.18819805409697],[129.604500116787,33.18886422510394],[129.6043311152888,33.186991946321314],[129.60530333278268,33.18702582917871]]],[[[129.6128041633815,33.18890305423264],[129.6101699996458,33.18806889166609],[129.6119197278133,33.18433666740333],[129.61438610863206,33.188113891942635],[129.6128041633815,33.18890305423264]]],[[[129.60114852068773,33.18913795535241],[129.6009525026559,33.18756110835852],[129.60233063634985,33.18783008119334],[129.60114852068773,33.18913795535241]]],[[[129.60320924790858,33.18936153220898],[129.60291525323646,33.189134531633385],[129.60319832744096,33.18866055923746],[129.60355703013295,33.18887230641184],[129.60320924790858,33.18936153220898]]],[[[129.6049340603587,33.18941263978155],[129.6048303892112,33.18971789216704],[129.60485389119424,33.18983335972183],[129.60477033698157,33.189912973105265],[129.60478744478485,33.18951113533069],[129.6049340603587,33.18941263978155]]],[[[129.64656055812327,33.1892406669233],[129.64684669272071,33.18976153176931],[129.64671241224812,33.18995510814176],[129.64640866442835,33.189489973383616],[129.64656055812327,33.1892406669233]]],[[[129.60241204927672,33.189958494988616],[129.6023838906042,33.19018494607843],[129.60226855974634,33.190065919007],[129.60241204927672,33.189958494988616]]],[[[129.5793421662081,33.19021864007823],[129.57922858633026,33.19021246803101],[129.57918577230566,33.19007553186037],[129.579319169644,33.19004794605593],[129.5793421662081,33.19021864007823]]],[[[129.57641199691614,33.19051008067572],[129.5763241628299,33.19075208104374],[129.5760612451304,33.19080346830549],[129.57626977992652,33.19059586520706],[129.57641199691614,33.19051008067572]]],[[[129.60398946823943,33.19081338692831],[129.60401763860318,33.1902438291894],[129.6042853568838,33.19036461263681],[129.60433557682552,33.19064853220402],[129.60398946823943,33.19081338692831]]],[[[129.59501574597994,33.1911060542011],[129.5948092481483,33.19105725159096],[129.59491846991148,33.19091180243777],[129.59515680913944,33.19094280206872],[129.59501574597994,33.1911060542011]]],[[[129.60192905308338,33.190369279218885],[129.60194549898563,33.19058755906866],[129.6016701166826,33.19060374776478],[129.6017553310437,33.190203494595664],[129.60192905308338,33.190369279218885]]],[[[129.62013749704795,33.19072389179422],[129.620097223608,33.19108472138282],[129.61975527888308,33.19116944111687],[129.61991639422627,33.19080277492816],[129.62013749704795,33.19072389179422]]],[[[129.60246341135746,33.19143180213604],[129.60240933872012,33.19168397293703],[129.6021452788816,33.19148363995805],[129.6023670561948,33.19119697296196],[129.60246341135746,33.19143180213604]]],[[[129.64660593971246,33.19183949539644],[129.6460553046087,33.190462558700176],[129.64760752276902,33.190096972597246],[129.64783778158846,33.191374107928766],[129.64660593971246,33.19183949539644]]],[[[129.60312946815054,33.19248916204526],[129.60237619960196,33.19232361304438],[129.60283841785872,33.19202925234816],[129.60312946815054,33.19248916204526]]],[[[129.64564878136628,33.19249599959073],[129.64571791225194,33.192671495093464],[129.64546111533832,33.19284077538151],[129.6453918027895,33.1925672789568],[129.64564878136628,33.19249599959073]]],[[[129.6500000000001,33.19309105400896],[129.64953975395656,33.19304633342159],[129.6497380292867,33.19258908122117],[129.65021466907183,33.192788972633025],[129.6500000000001,33.19309105400896]]],[[[129.63160763928124,33.19262146760667],[129.63140461732928,33.193045694003615],[129.63128199656694,33.19267222534296],[129.63160763928124,33.19262146760667]]],[[[129.60715810626164,33.19312338733454],[129.6070044229158,33.193103414291215],[129.60700571973825,33.19285172103014],[129.607219584816,33.1930414411097],[129.60715810626164,33.19312338733454]]],[[[129.5907782232365,33.193861135383145],[129.58670961115968,33.191861278775036],[129.5812982492149,33.19242697302644],[129.58083949424736,33.18725138724176],[129.57933374765435,33.18243753216643],[129.581065668346,33.1785100542956],[129.58933622598613,33.172833693620134],[129.5903799215962,33.168601973302486],[129.58403005234516,33.16822010767186],[129.58201033690762,33.16186894609501],[129.5832201426955,33.16065386488401],[129.59139569415606,33.16331269432544],[129.5932621660162,33.165718693762756],[129.59181275025833,33.17131894571281],[129.5936999739747,33.17523244092445],[129.5918336963681,33.18009827861272],[129.58561447522789,33.18170772063485],[129.58863625216134,33.1873047745957],[129.5906822826613,33.183594513576],[129.5935997544252,33.18363225182702],[129.59396461657388,33.19160777517874],[129.5907782232365,33.193861135383145]]],[[[129.61534658907385,33.194031332979705],[129.6132926328488,33.19288836030961],[129.6148351877938,33.191299000148774],[129.61534658907385,33.194031332979705]]],[[[129.6452074966287,33.19415825160206],[129.6454810506101,33.19367594608809],[129.64380669282468,33.19244872133146],[129.64458608308132,33.19147819816038],[129.6452625810034,33.19198082925192],[129.64489080396754,33.19254522488228],[129.64604316466034,33.1938095592638],[129.6452074966287,33.19415825160206]]],[[[129.64456019519696,33.194065134898096],[129.64388108924095,33.19420116185421],[129.6438718550022,33.1936731348074],[129.64456019519696,33.194065134898096]]],[[[129.64504133608887,33.194270333209374],[129.6447214139622,33.19453277516749],[129.64463797666133,33.194722414308046],[129.64429836567706,33.19483002718408],[129.6448783006931,33.19425519761933],[129.64504133608887,33.194270333209374]]],[[[129.64368211423823,33.19530241407523],[129.64342678321952,33.19480236044063],[129.64389224443164,33.19472389189417],[129.64368211423823,33.19530241407523]]],[[[129.6083680028811,33.19589238732385],[129.60820953334337,33.19593969436147],[129.60811674399258,33.19584661273103],[129.60826817093937,33.19573558602855],[129.6083680028811,33.19589238732385]]],[[[129.60381997391278,33.19577777502434],[129.60321197105566,33.19468564013022],[129.6046994937867,33.195277305903005],[129.60381997391278,33.19577777502434]]],[[[129.6132447727282,33.19354119796799],[129.61279802910587,33.19408769439161],[129.61297341129398,33.195112161597024],[129.61230469520558,33.19510149473825],[129.61275961096737,33.19355480201256],[129.6132447727282,33.19354119796799]]],[[[129.60792386459468,33.19721572082892],[129.60779286574825,33.197265973146216],[129.60773291783994,33.19709838718086],[129.60793674378579,33.19704925182157],[129.60792386459468,33.19721572082892]]],[[[129.61086364494133,33.19790558627386],[129.60924708208722,33.195505775071524],[129.6085893386271,33.18969058605177],[129.61291379973215,33.18926725178227],[129.61381922187968,33.19138055876584],[129.6113051877843,33.1940671979429],[129.61086364494133,33.19790558627386]]],[[[129.60487664134394,33.19811491876851],[129.6050447471174,33.197153612749105],[129.60561591374346,33.1973698286547],[129.60487664134394,33.19811491876851]]],[[[129.6142233853011,33.19810813518234],[129.61401527858231,33.19816638696926],[129.61381130964423,33.19785486540974],[129.61434250320406,33.197835252095274],[129.6142233853011,33.19810813518234]]],[[[129.5836684700239,33.198299892226316],[129.5836056164061,33.198058891904395],[129.58378233498684,33.19813586487834],[129.5836684700239,33.198299892226316]]],[[[129.6079901428309,33.198001891973774],[129.60823258116875,33.198123494703566],[129.60808442325754,33.198428224582926],[129.6078329701155,33.19813277480779],[129.6079901428309,33.198001891973774]]],[[[129.57984691340437,33.19854810780896],[129.57996438374937,33.19716116165836],[129.5786855253168,33.19635989179562],[129.57852961075298,33.19484325171476],[129.58055408630207,33.19611494614787],[129.57984691340437,33.19854810780896]]],[[[129.61685160811533,33.198123107995116],[129.61544549921052,33.198141919114335],[129.61564308655932,33.19709235992451],[129.61657438400073,33.19726282911631],[129.61685160811533,33.198123107995116]]],[[[129.6137151100644,33.19870474812569],[129.61350418936695,33.19882746781343],[129.6133380800884,33.19869713536457],[129.6133814786724,33.19856808085228],[129.6137151100644,33.19870474812569]]],[[[129.61605832693033,33.199175161904236],[129.6160483273685,33.199231802106056],[129.61569228307246,33.1992585857152],[129.6157448898149,33.19914046785834],[129.61605832693033,33.199175161904236]]],[[[129.60007927443905,33.19981277493969],[129.59623352785513,33.197455972914895],[129.5983830613293,33.19384805384465],[129.60007927443905,33.19981277493969]]],[[[129.59031966342184,33.20006866713533],[129.5900543058616,33.20006355898613],[129.59010160840262,33.19933853184784],[129.5904625027424,33.19951408130987],[129.59031966342184,33.20006866713533]]],[[[129.57995328071934,33.20016622469154],[129.58021766521313,33.19990589164365],[129.5802891442287,33.200065918807184],[129.57995328071934,33.20016622469154]]],[[[129.5802441889183,33.20041472086274],[129.58022191990574,33.20022680212526],[129.58039649809996,33.20031544110475],[129.5802441889183,33.20041472086274]]],[[[129.60858438426203,33.19977464008764],[129.60820941643146,33.19985719785143],[129.60743907875053,33.199689054306475],[129.60812144025238,33.19933238678027],[129.60858438426203,33.19977464008764]]],[[[129.5821945270559,33.20149346844886],[129.5836389488785,33.19851244069662],[129.5859672756693,33.19894289220076],[129.5844821658194,33.20124549478379],[129.5821945270559,33.20149346844886]]],[[[129.58899666716252,33.20160755914162],[129.58861795095777,33.20097605430152],[129.5892915053987,33.20095230590425],[129.58899666716252,33.20160755914162]]],[[[129.58080255459424,33.20178599992403],[129.58079988270845,33.20158102734257],[129.58104613507112,33.20144263966614],[129.58110080395898,33.20162880202764],[129.58080255459424,33.20178599992403]]],[[[129.58058355438754,33.201825721180114],[129.58040114129972,33.201741360275605],[129.58053238656044,33.20158363987315],[129.58069583744305,33.201550972899156],[129.58058355438754,33.201825721180114]]],[[[129.58742574580162,33.202366666988155],[129.58703586271497,33.20228397342669],[129.58733525331934,33.201648748091316],[129.58790555120027,33.2019756129842],[129.58742574580162,33.202366666988155]]],[[[129.6099301171812,33.20428927902708],[129.6099469390001,33.20444922525161],[129.60969102522074,33.20436574838061],[129.6098004151571,33.20418891918331],[129.6099301171812,33.20428927902708]]],[[[129.61075747098062,33.204724333261424],[129.6103382753912,33.204730829064545],[129.61010691310366,33.20457486503807],[129.6105576650043,33.20432053226682],[129.61075747098062,33.204724333261424]]],[[[129.57462077762682,33.205327720797754],[129.5744556423141,33.20537210773665],[129.57432097333435,33.205177414406194],[129.57466464295896,33.20518497320802],[129.57462077762682,33.205327720797754]]],[[[129.57472680859541,33.20563038673299],[129.57477474695702,33.20536541408262],[129.57504455256412,33.20540844124662],[129.57497425435838,33.20559372137319],[129.57472680859541,33.20563038673299]]],[[[129.5829742536589,33.20790410758855],[129.58158693878624,33.20502805410149],[129.59094649808253,33.20175213505303],[129.58600919576782,33.20649335998064],[129.5829742536589,33.20790410758855]]],[[[129.59980574563872,33.206887666832415],[129.59664603068984,33.20653108114453],[129.5984421395931,33.20168041411989],[129.60286014278142,33.202452892187296],[129.59980574563872,33.206887666832415]]],[[[129.64007819715118,33.20891274762528],[129.6398446953765,33.20892077497382],[129.63990444903118,33.20877713525664],[129.64007819715118,33.20891274762528]]],[[[129.59270430575918,33.209294865066],[129.59261686107936,33.20906344072529],[129.59294944206317,33.20912802733665],[129.59270430575918,33.209294865066]]],[[[129.59079147924342,33.210127586019325],[129.59090856018202,33.21017482920507],[129.59091713431837,33.21027319794979],[129.5907012187863,33.21019158627274],[129.59079147924342,33.210127586019325]]],[[[129.5913273933446,33.21116163999773],[129.59151165993524,33.21074077526663],[129.5917824772796,33.21107646790472],[129.5913273933446,33.21116163999773]]],[[[129.56985435819217,33.21087419778604],[129.56981871626078,33.21137819764573],[129.5692395591584,33.211539748260805],[129.56946136165254,33.211063414245245],[129.56985435819217,33.21087419778604]]],[[[129.59279616071433,33.21117046774293],[129.59317564224216,33.21160600041662],[129.5926003890968,33.21197597341251],[129.59250761323585,33.21137927863083],[129.59279616071433,33.21117046774293]]],[[[129.57424654993838,33.212714531750294],[129.57385391672494,33.21218300004546],[129.57454966283672,33.21179161329235],[129.57424654993838,33.212714531750294]]],[[[129.57788466914224,33.21333297303835],[129.5762508950628,33.21126333263675],[129.57673535715105,33.207590612916476],[129.57981143964628,33.20899125214464],[129.57788466914224,33.21333297303835]]],[[[129.5741837736623,33.21613972117126],[129.57350194635785,33.215634613346765],[129.57406172486878,33.215530414297234],[129.5741837736623,33.21613972117126]]],[[[129.565747107643,33.2172950001642],[129.5655225811023,33.213291586237744],[129.56820775618303,33.21477619786327],[129.565747107643,33.2172950001642]]],[[[129.54451319143072,33.225942468170444],[129.54447163375892,33.22613094628622],[129.5443533846011,33.22606182889035],[129.54432832679095,33.22594155895581],[129.54451319143072,33.225942468170444]]],[[[129.5473540859224,33.22807961258411],[129.54668055756179,33.22656325219236],[129.54800082977454,33.22369369360911],[129.55001555127672,33.22571891919284],[129.5473540859224,33.22807961258411]]],[[[129.55543697843382,33.228030828859744],[129.55243119324507,33.228242414156114],[129.55371968881263,33.22616725191722],[129.55543697843382,33.228030828859744]]],[[[129.5463619457472,33.23131991937885],[129.54491664079035,33.23188566669023],[129.54492975380515,33.23047689219487],[129.5463619457472,33.23131991937885]]],[[[129.5666368869828,33.23273122456641],[129.5659701170273,33.23254446775303],[129.5663888332781,33.232060919375954],[129.5666368869828,33.23273122456641]]],[[[129.55696496795895,33.233620449923876],[129.55730588835615,33.22878608131265],[129.56218077772076,33.22758797300662],[129.5613671080057,33.23318308083458],[129.55696496795895,33.233620449923876]]],[[[129.5547830220189,33.23423199970705],[129.55451544673053,33.23444627937232],[129.55445635497688,33.23413510764914],[129.5547830220189,33.23423199970705]]],[[[129.0940502330319,33.23457931518328],[129.09420406026925,33.23473692766714],[129.09398396918493,33.23491194562985],[129.09380233490992,33.234883604394895],[129.0938881194412,33.234606658170776],[129.0940502330319,33.23457931518328]]],[[[129.5559448381838,33.23669155017495],[129.55560171174966,33.235205225340906],[129.55656530474505,33.235040883230226],[129.55707394330796,33.23621379343189],[129.5559448381838,33.23669155017495]]],[[[129.18436666668833,33.24083222492732],[129.18404944162853,33.24079222488132],[129.18405360638894,33.24062944129571],[129.18446527914932,33.24067361329668],[129.18436666668833,33.24083222492732]]],[[[129.18512693915693,33.241077495230286],[129.18524972809257,33.24113305444695],[129.1851244489343,33.24129082880876],[129.18496055828325,33.24119861322549],[129.18512693915693,33.241077495230286]]],[[[129.18632238726843,33.24166666718298],[129.18559333296605,33.241664721050086],[129.18565749689606,33.24111305442398],[129.18623888521643,33.24121222536394],[129.18632238726843,33.24166666718298]]],[[[129.18559972804508,33.24175972093445],[129.18575583686243,33.241960559332426],[129.1855919462114,33.24197055889425],[129.18543111505403,33.241865000069765],[129.18559972804508,33.24175972093445]]],[[[129.5546402195705,33.2421607214402],[129.55467518790965,33.242338774614836],[129.55456705612482,33.24235505414248],[129.5545696110987,33.24218544110528],[129.5546402195705,33.2421607214402]]],[[[129.55414641982145,33.24217890123538],[129.55430396935276,33.24311966673929],[129.5535547729345,33.242162081215156],[129.55414641982145,33.24217890123538]]],[[[129.1853455508566,33.243310278946296],[129.18472277573562,33.243089999903646],[129.185633333012,33.24305833297575],[129.1853455508566,33.243310278946296]]],[[[129.11498444927292,33.2436272252163],[129.1153827760943,33.244120828913196],[129.1148377824378,33.244343054088745],[129.11467693868985,33.24390110834952],[129.11498444927292,33.2436272252163]]],[[[129.11888403377122,33.24471230582833],[129.1185940599679,33.2446929461226],[129.11865252939083,33.244545612889794],[129.11888403377122,33.24471230582833]]],[[[129.12039427967238,33.24492613493322],[129.12052119289876,33.245032108345185],[129.1203728272443,33.24506836001683],[129.12039427967238,33.24492613493322]]],[[[129.0753780797346,33.245099532317624],[129.07537810581505,33.245205946397334],[129.07527603096412,33.24525535964716],[129.0752046949408,33.245114999757504],[129.0753780797346,33.245099532317624]]],[[[129.1097890793027,33.24516969382637],[129.10977941608724,33.245318802320924],[129.10962121904413,33.24537105383109],[129.1095591963998,33.245176468419345],[129.1097890793027,33.24516969382637]]],[[[129.12083066130606,33.245263081226256],[129.12048216591927,33.24539630589487],[129.12031688671505,33.24515330638002],[129.12083066130606,33.245263081226256]]],[[[129.11666666713302,33.24543010781326],[129.11629255455784,33.245252053739364],[129.11637302229724,33.24517927880072],[129.11666666713302,33.24543010781326]]],[[[129.06316024564887,33.24621466737307],[129.06311341075536,33.24631216197673],[129.06294605681512,33.2461940809921],[129.06307927428918,33.24616289160423],[129.06316024564887,33.24621466737307]]],[[[129.06303345023366,33.24631469356831],[129.06288147919702,33.246407107901746],[129.06286447481568,33.24626422541371],[129.06303345023366,33.24631469356831]]],[[[129.06102405991248,33.247545585760236],[129.06100430630374,33.24771880238086],[129.06082861205084,33.2476817745943],[129.06082686107084,33.24753586498821],[129.06102405991248,33.247545585760236]]],[[[129.07664302205785,33.24775708112446],[129.0758845266497,33.24742672056675],[129.07555691262144,33.246423775037215],[129.07673766491132,33.246448440742995],[129.07664302205785,33.24775708112446]]],[[[129.12982153003964,33.24807189240397],[129.1292376910667,33.247569441176836],[129.12951878136676,33.24746153242381],[129.12982153003964,33.24807189240397]]],[[[129.13061691294024,33.24915280196029],[129.13062333320033,33.249261306064454],[129.13045297012854,33.249294359746955],[129.1304725285844,33.24916274756282],[129.13061691294024,33.24915280196029]]],[[[129.05951727640127,33.24991286488688],[129.0593023348349,33.24995519777423],[129.05930780810888,33.24984736006769],[129.05951727640127,33.24991286488688]]],[[[129.54973202291455,33.25063572106171],[129.54988664065604,33.250732586139975],[129.54988136163558,33.25090636034031],[129.5496851358604,33.25065286483789],[129.54973202291455,33.25063572106171]]],[[[129.05965705622827,33.2509955856778],[129.05962450077016,33.25115227905451],[129.05940105071795,33.25106808092727],[129.05965705622827,33.2509955856778]]],[[[129.54935228328134,33.25148972087396],[129.54956138824753,33.25175122483921],[129.54969355441403,33.251854585720594],[129.54958024613154,33.251917945656714],[129.54945169883695,33.25172555908733],[129.54935228328134,33.25148972087396]]],[[[129.55089306116588,33.25160244099993],[129.55147878062132,33.250798027107294],[129.55141350243127,33.24987316161719],[129.5520048381528,33.250208972965765],[129.55211452666413,33.25060300012842],[129.55151795059305,33.251546918655436],[129.55089306116588,33.25160244099993]]],[[[129.5567461997773,33.25166993691812],[129.5570299223931,33.252088413949195],[129.55663719834808,33.25219274789703],[129.5567461997773,33.25166993691812]]],[[[129.14056389141058,33.25243194597755],[129.1387574708806,33.250443640261835],[129.14062525305303,33.25076141390815],[129.14056389141058,33.25243194597755]]],[[[129.56499194602156,33.254133973204375],[129.55987783429464,33.25162025207305],[129.5622719968552,33.2503266402623],[129.56499194602156,33.254133973204375]]],[[[129.55745258127172,33.2542735857574],[129.55521469480243,33.253846162270634],[129.5560878861471,33.252659468160005],[129.55745258127172,33.2542735857574]]],[[[129.07126535681084,33.25502438656622],[129.07138505837383,33.25508791917218],[129.07131367108911,33.25517574786255],[129.071156004646,33.255114000410856],[129.07126535681084,33.25502438656622]]],[[[129.5541574446105,33.2547055319348],[129.5543497538381,33.255039441217264],[129.55363953313804,33.25530055937338],[129.5535121657539,33.254839000319635],[129.5541574446105,33.2547055319348]]],[[[129.13140308678305,33.2551458292167],[129.13127330741725,33.255331468172756],[129.13116452722124,33.25531591889461],[129.13132014321013,33.25514261324105],[129.13140308678305,33.2551458292167]]],[[[129.56191016901914,33.25556189156811],[129.56088097317843,33.25548980191286],[129.5600058878615,33.25321733291361],[129.56135761296355,33.25426438659224],[129.56191016901914,33.25556189156811]]],[[[129.1348744752769,33.256448972941826],[129.13391827470866,33.25539764028895],[129.13400992192044,33.25534713526213],[129.1348744752769,33.256448972941826]]],[[[129.13846464262917,33.257883918608],[129.13523089459022,33.25686219793215],[129.1352801954248,33.25677486476826],[129.13846464262917,33.257883918608]]],[[[129.5565528923022,33.25812555924722],[129.55669477294543,33.25845533344693],[129.55658369588093,33.25843644138871],[129.5565528923022,33.25812555924722]]],[[[129.55666880682008,33.25811466665857],[129.55679608337266,33.258267359850834],[129.55685583702734,33.25852413518072],[129.55677622634187,33.25858802661617],[129.55660603144327,33.25812416170078],[129.55666880682008,33.25811466665857]]],[[[129.5499754217284,33.258712413647004],[129.55009875475378,33.25893302723745],[129.55001391720862,33.25902386505936],[129.54993549902417,33.25872919769438],[129.5499754217284,33.258712413647004]]],[[[129.05904036322227,33.25890941373848],[129.0588311674245,33.25912174817017],[129.0587499739322,33.25904825197529],[129.05892128399012,33.258873748424776],[129.05904036322227,33.25890941373848]]],[[[129.54945975406451,33.25882597284044],[129.54958639389702,33.25918344076325],[129.5495015302714,33.25923938668842],[129.54939321682355,33.25886369400433],[129.54945975406451,33.25882597284044]]],[[[129.060839441687,33.259543585967776],[129.0608022825993,33.259661747891414],[129.06070158191255,33.259619558895565],[129.06071406000592,33.25950561299368],[129.060839441687,33.259543585967776]]],[[[129.56197814517532,33.259561585898496],[129.56206686059716,33.25965025185769],[129.56200241158206,33.25973019799028],[129.56190380002045,33.25962086471117],[129.56197814517532,33.259561585898496]]],[[[129.555850219612,33.25984500004677],[129.55531075228942,33.25928853194023],[129.555263722243,33.25856616229862],[129.55600780781413,33.25884499979696],[129.555850219612,33.25984500004677]]],[[[129.55703147911947,33.25962399974782],[129.55670202327985,33.25972225158068],[129.55632635487746,33.25951133268188],[129.55675841796665,33.25944819757632],[129.55703147911947,33.25962399974782]]],[[[129.0607584703272,33.260026612738045],[129.06078544729064,33.26015033337126],[129.06063241235597,33.26029127871959],[129.06055338533054,33.260067000391814],[129.0607584703272,33.260026612738045]]],[[[129.5539258107276,33.25972322464713],[129.55399985730764,33.26006863985589],[129.55379367064143,33.26024097334232],[129.5534887159315,33.25967869381674],[129.5539258107276,33.25972322464713]]],[[[129.5668049675753,33.26073935963382],[129.5667594160143,33.26051446796839],[129.56696133629669,33.26055397338723],[129.5668049675753,33.26073935963382]]],[[[129.54960224444812,33.2608244139156],[129.54900282741858,33.259969720726076],[129.54953275023627,33.25958527943715],[129.550829363984,33.25948927860736],[129.55087031101607,33.259942802218575],[129.54995406013188,33.26021425178635],[129.54960224444812,33.2608244139156]]],[[[129.13877275036225,33.26070494617636],[129.13862710785486,33.260859080981845],[129.13847189386286,33.260870080589825],[129.1384623871295,33.26069827860272],[129.13877275036225,33.26070494617636]]],[[[129.567262438311,33.26089519775525],[129.56725666736133,33.26091991921896],[129.56673077800303,33.26083289182458],[129.56673654985195,33.26080810830763],[129.567262438311,33.26089519775525]]],[[[129.5517392998289,33.261462332720555],[129.5515213878018,33.26140802715878],[129.55144214044253,33.26098813459481],[129.55183438424945,33.26107825205975],[129.5517392998289,33.261462332720555]]],[[[129.07302627794047,33.26167900008585],[129.0727998313472,33.26180672090351],[129.07282499437804,33.2616407753016],[129.07302627794047,33.26167900008585]]],[[[129.14336936430482,33.262291441097204],[129.143223086876,33.26228849491815],[129.14322980481165,33.26213505438932],[129.14343050561342,33.26221874799688],[129.14336936430482,33.262291441097204]]],[[[129.55347830088294,33.26229955927727],[129.5530200522337,33.261730667036716],[129.55375771664535,33.2616720267427],[129.55347830088294,33.26229955927727]]],[[[129.07339586332853,33.262228054181435],[129.07351968918238,33.2625403059904],[129.0733916598972,33.26256077456014],[129.07329007787484,33.26227846837668],[129.07339586332853,33.262228054181435]]],[[[129.06655141371687,33.26281186527541],[129.06378917033396,33.26207958600412],[129.0583994676614,33.25716474785486],[129.0593072496299,33.252737828787815],[129.06024819679692,33.25221158599595],[129.0597292223258,33.250149305646005],[129.0617831389808,33.24710766718516],[129.06791763858826,33.248474134873504],[129.0689502455574,33.24436280230151],[129.07197600468896,33.24493727933202],[129.07523639424426,33.248015306161506],[129.07265508366527,33.25502880223746],[129.0668829955539,33.25408691887628],[129.06392224391652,33.255407414120896],[129.0624037476349,33.25914366734645],[129.06655141371687,33.26281186527541]]],[[[129.56181510977956,33.26337074806162],[129.5607830873696,33.26060186498415],[129.5642774193675,33.26135630624856],[129.56181510977956,33.26337074806162]]],[[[129.55793713419143,33.264315558716135],[129.55728763931313,33.264007360151595],[129.55597230887497,33.26177916207871],[129.55787852087713,33.26285153167288],[129.55793713419143,33.264315558716135]]],[[[129.14490133602794,33.26460253238099],[129.14486238728944,33.26475705389498],[129.14469569435084,33.264857305820044],[129.14462693938185,33.264796775151126],[129.1447785596829,33.264621278749075],[129.14490133602794,33.26460253238099]]],[[[129.55350258077954,33.265005559059375],[129.55322939012433,33.2647912524144],[129.55353321708435,33.26456469430525],[129.5536989486476,33.26490474775596],[129.55350258077954,33.265005559059375]]],[[[129.55376038943052,33.265465135107945],[129.55384771719844,33.26558582862316],[129.55379325605395,33.26567955866477],[129.55364267177197,33.265510999632966],[129.55376038943052,33.265465135107945]]],[[[129.55586442260505,33.26580244112978],[129.5539121401332,33.263336278846225],[129.55511902672174,33.262339694221566],[129.55586442260505,33.26580244112978]]],[[[129.55276683462182,33.26561119759873],[129.5528271728358,33.26563244138413],[129.55298619995324,33.26592336037481],[129.55295274966977,33.26597605435148],[129.55276547304823,33.265697865264315],[129.55276683462182,33.26561119759873]]],[[[129.55356771687673,33.26690953174955],[129.55306608313333,33.26703219837731],[129.5530848375953,33.2664447207473],[129.55367719764467,33.26669333293103],[129.55356771687673,33.26690953174955]]],[[[129.56735644624302,33.26742230629446],[129.5674366927492,33.267661865003106],[129.56718119265793,33.267774613008044],[129.5670636449713,33.267467197753035],[129.56735644624302,33.26742230629446]]],[[[129.55325085604227,33.26764061312383],[129.5533669126529,33.267839667266855],[129.55331586263696,33.2679128918665],[129.5531643844289,33.26768635983768],[129.55325085604227,33.26764061312383]]],[[[129.15455444932843,33.267823612569714],[129.15442686071117,33.267945441029326],[129.154385383079,33.26782216196324],[129.15455444932843,33.267823612569714]]],[[[129.55307936432132,33.26804663994051],[129.55295267232805,33.267961027179695],[129.55302367110562,33.26772330578598],[129.5532125026549,33.267891306338754],[129.55307936432132,33.26804663994051]]],[[[129.55704549865095,33.26782594631044],[129.55676538321597,33.266738864706895],[129.55738452687444,33.26672622473552],[129.55704549865095,33.26782594631044]]],[[[129.5539781971362,33.26777969417759],[129.5541943060225,33.268004495011496],[129.55417739337202,33.26824364003204],[129.5538177562845,33.26783682900651],[129.5539781971362,33.26777969417759]]],[[[129.56860422770296,33.26830558623385],[129.56862805434127,33.26859177479065],[129.56836308708682,33.26869038725164],[129.56825905261326,33.26839494557032],[129.56860422770296,33.26830558623385]]],[[[129.56798958515128,33.26886110825359],[129.56798505796417,33.26872513525683],[129.56809741926054,33.26868846809839],[129.56811739320324,33.26881433271535],[129.56798958515128,33.26886110825359]]],[[[129.14987108857997,33.26896825168353],[129.14968836612525,33.26903463963697],[129.14943725022897,33.268880531811135],[129.14972031094362,33.268909640167806],[129.14987108857997,33.26896825168353]]],[[[129.5633217251176,33.26940949505223],[129.56093325616496,33.26696069418074],[129.5634153049724,33.2629633326917],[129.5633217251176,33.26940949505223]]],[[[129.07059033737426,33.26940616216473],[129.07055102530967,33.26956186538786],[129.07038341056602,33.26953241438946],[129.07045413684898,33.2694253599924],[129.07059033737426,33.26940616216473]]],[[[129.5691855512722,33.26965191900092],[129.56890972830138,33.269407054292174],[129.56918163382545,33.26917508136495],[129.56943844422892,33.26949541358255],[129.5691855512722,33.26965191900092]]],[[[129.55994710817254,33.27057808131343],[129.55998063579773,33.270784748217636],[129.55983878123482,33.27071494643769],[129.55994710817254,33.27057808131343]]],[[[129.55873555140465,33.27030897268099],[129.55763282699343,33.27068136035655],[129.55679533064006,33.269689748083465],[129.5580004149872,33.26897402712967],[129.55873555140465,33.27030897268099]]],[[[129.5566743061744,33.27064391888183],[129.55691511044404,33.27082513497203],[129.5568762255574,33.270942667370264],[129.5566743061744,33.27064391888183]]],[[[129.55668427965588,33.27127880157548],[129.55658910530303,33.27119166716176],[129.55656549899868,33.271015748078355],[129.5567378342837,33.27107725181378],[129.55668427965588,33.27127880157548]]],[[[129.5731625026474,33.271404586152755],[129.57295377359787,33.27122255887406],[129.573239611419,33.27104636010148],[129.5733548118751,33.27134116236482],[129.5731625026474,33.271404586152755]]],[[[129.07033769083182,33.27141630611766],[129.0700749682852,33.27164589224418],[129.06976119302465,33.27138382890064],[129.06994080382515,33.2712699459513],[129.07033769083182,33.27141630611766]]],[[[129.56906972758588,33.272207829128035],[129.56887855959792,33.271976721348665],[129.56950736737122,33.27153236003045],[129.5696182232025,33.27216305368205],[129.56906972758588,33.272207829128035]]],[[[129.56079144027285,33.27236661342852],[129.5601153308579,33.27185666725143],[129.5605995852028,33.27140799997926],[129.5611613880876,33.27223469367624],[129.56079144027285,33.27236661342852]]],[[[129.570905668362,33.27220364008599],[129.57094143979566,33.272373333162875],[129.5707653570356,33.272458999882986],[129.5706935021035,33.27228464022403],[129.570905668362,33.27220364008599]]],[[[129.5600204406909,33.272473387237085],[129.55987277560814,33.27239944138114],[129.55993461658932,33.27223097318091],[129.56006875496917,33.272326027024576],[129.5600204406909,33.272473387237085]]],[[[129.07083377395952,33.27208819771221],[129.07059769113062,33.272313693722026],[129.07037347575533,33.27215494629377],[129.0705749679605,33.27206061280708],[129.07083377395952,33.27208819771221]]],[[[129.0749921140948,33.27335549535985],[129.07498021966148,33.273482252104316],[129.074886135287,33.273555946150054],[129.0748044228859,33.2733854140057],[129.0749921140948,33.27335549535985]]],[[[129.07456360602566,33.2736334677104],[129.0742192484197,33.27376735967596],[129.07369975414042,33.273511748068756],[129.07390642014525,33.27330480237481],[129.07420866429845,33.273621720765846],[129.07456360602566,33.2736334677104]]],[[[129.06734756194055,33.27357944093848],[129.06802572001106,33.27426630624507],[129.06768058359216,33.27446619765692],[129.0675295847226,33.274129864701536],[129.0671050840325,33.27376805395255],[129.06734756194055,33.27357944093848]]],[[[129.14945693908658,33.27504719836958],[129.1496451878752,33.275247640166526],[129.14955241201426,33.27535755890426],[129.14943630414223,33.27516336020096],[129.14945693908658,33.27504719836958]]],[[[129.0774814788872,33.27643108142934],[129.07732788637293,33.2763382246294],[129.07745108899667,33.27625802668666],[129.0774814788872,33.27643108142934]]],[[[129.56817722419964,33.27662408133631],[129.56621063621196,33.27546982936917],[129.5664703891972,33.27088353244909],[129.57103700355492,33.274247774815024],[129.56817722419964,33.27662408133631]]],[[[129.07784963705114,33.27652989174118],[129.07812674425395,33.276726252414676],[129.0778278860481,33.276724252322424],[129.07784963705114,33.27652989174118]]],[[[129.08341267235699,33.27924894608202],[129.0835455247062,33.279412414051706],[129.083400804004,33.279553864819036],[129.08330749664367,33.27939755905015],[129.08341267235699,33.27924894608202]]],[[[129.5763470038113,33.279636413589685],[129.5763891964043,33.279765531953785],[129.57629369559766,33.27981994633353],[129.5762773279364,33.2796405315853],[129.5763470038113,33.279636413589685]]],[[[129.57342992235306,33.279510027365916],[129.57138289180705,33.27741913508504],[129.57397844405,33.27687333293801],[129.57342992235306,33.279510027365916]]],[[[129.14401358016266,33.28109841356098],[129.1435744753818,33.28107513460981],[129.1436581968684,33.2809472519142],[129.14387411240045,33.2809154950541],[129.14401358016266,33.28109841356098]]],[[[129.5628285863702,33.28166744069989],[129.56257530490643,33.28152097261483],[129.5627351881784,33.28140510755969],[129.56288955860634,33.28151466656868],[129.5628285863702,33.28166744069989]]],[[[129.56654655008333,33.28330630584139],[129.56644963734095,33.283341251697436],[129.56637263289076,33.28315058643045],[129.56655316459694,33.28322802705185],[129.56654655008333,33.28330630584139]]],[[[129.08814688706923,33.284297107825296],[129.0879666926088,33.284515721323544],[129.08787858602795,33.28441355923843],[129.08814688706923,33.284297107825296]]],[[[129.56732108939684,33.284311134551274],[129.56693038882645,33.283464440831324],[129.56775819678342,33.28354080226626],[129.56732108939684,33.284311134551274]]],[[[129.58577572007346,33.28421219833433],[129.58568569433942,33.284706053841376],[129.5856334113529,33.284696000320196],[129.58577572007346,33.28421219833433]]],[[[129.56280438381532,33.28522108118801],[129.56295518843126,33.285324081441274],[129.56287333303794,33.285394278922865],[129.56280438381532,33.28522108118801]]],[[[129.5682001946833,33.28488361328817],[129.56864147942076,33.285071918734104],[129.5687866407909,33.28533325182815],[129.56849824889514,33.285486161757035],[129.5682001946833,33.28488361328817]]],[[[129.5701248643711,33.28622908090739],[129.5700774709985,33.28642180202462],[129.56982066059504,33.28617858577314],[129.5699873670235,33.28613944098248],[129.5701248643711,33.28622908090739]]],[[[129.56418302202894,33.286389278942124],[129.5638933072304,33.28616453206757],[129.56406914357615,33.28583325240271],[129.56444282717484,33.28607102685646],[129.56418302202894,33.286389278942124]]],[[[129.56406296973034,33.28648744084279],[129.56394046677917,33.28664027882587],[129.56360593966247,33.28622049507982],[129.5638945779724,33.28631791863711],[129.56406296973034,33.28648744084279]]],[[[129.56659185522994,33.286686747695285],[129.56646469469,33.2867456937588],[129.56632099921478,33.28657769410535],[129.56655080387657,33.28663402673902],[129.56659185522994,33.286686747695285]]],[[[129.56988761332275,33.28652597319518],[129.56981530513224,33.286846666940164],[129.56962169908218,33.28667697296396],[129.56988761332275,33.28652597319518]]],[[[129.57149050558246,33.28748630614814],[129.57116516234248,33.2869626668936],[129.57168258098636,33.28711755892823],[129.57149050558246,33.28748630614814]]],[[[129.5710470822571,33.28790935982914],[129.57079444920453,33.287894000307915],[129.57068566810915,33.28761580222755],[129.57113577159862,33.28765863963457],[129.5710470822571,33.28790935982914]]],[[[129.5632834113004,33.28832358576494],[129.56290233527466,33.287954973443334],[129.56337946788824,33.28798177503893],[129.5632834113004,33.28832358576494]]],[[[129.09851483818932,33.28821346827698],[129.09815907897837,33.28820113497443],[129.09791571973471,33.288074999661546],[129.0983641891561,33.28774263991096],[129.0983541374336,33.288014666843424],[129.09851483818932,33.28821346827698]]],[[[129.09780613464545,33.28839494606996],[129.09784591435755,33.28861680162413],[129.0977212188592,33.28864777517475],[129.09756866416262,33.28836533319361],[129.09780613464545,33.28839494606996]]],[[[129.1006196106066,33.28880346760599],[129.10068131039418,33.28893036014807],[129.10052297035884,33.28901930579639],[129.1003918033391,33.288939892062444],[129.1006196106066,33.28880346760599]]],[[[129.57534108872028,33.28814922520661],[129.5755503366787,33.288520252207945],[129.5752262264093,33.28929944101645],[129.57476752270304,33.28878510794641],[129.57534108872028,33.28814922520661]]],[[[129.1016741628324,33.28936953237809],[129.10143941639603,33.28954758555267],[129.1012064461206,33.289304828854824],[129.1016741628324,33.28936953237809]]],[[[129.56443885936596,33.28958361329319],[129.56410094720104,33.28924933259066],[129.56443910488088,33.28920055875881],[129.56443885936596,33.28958361329319]]],[[[129.11044775625896,33.28973333332675],[129.1107684949701,33.290209721301665],[129.11023124537576,33.29018297276605],[129.11044775625896,33.28973333332675]]],[[[129.56931208768276,33.29066358575591],[129.56890464263518,33.290129559331774],[129.56910569417255,33.28994574779807],[129.56942914433955,33.290295972581134],[129.56931208768276,33.29066358575591]]],[[[129.1096096366755,33.29084333325329],[129.1093770558066,33.290923918803855],[129.1093378336742,33.29078277470535],[129.1096096366755,33.29084333325329]]],[[[129.57698832744938,33.29099280237597],[129.57491111475622,33.290065387307834],[129.5764426979722,33.28917741380667],[129.57698832744938,33.29099280237597]]],[[[129.56577069955824,33.29106866738516],[129.56556505788114,33.29087102697639],[129.5657758373851,33.29090708079718],[129.56577069955824,33.29106866738516]]],[[[129.56687511019823,33.29105563980596],[129.56370182897626,33.2881847754071],[129.56610725014957,33.28841489213363],[129.56687511019823,33.29105563980596]]],[[[129.56724810581545,33.29148402736604],[129.56698466920716,33.29125819770769],[129.56712202266328,33.291158586099925],[129.5673176386981,33.291291828754936],[129.56724810581545,33.29148402736604]]],[[[129.11568732790795,33.29185433311102],[129.11588830120422,33.292009864563624],[129.11584744500362,33.29206969376139],[129.1155263285773,33.291841306431195],[129.11568732790795,33.29185433311102]]],[[[129.56932722417207,33.29215782912058],[129.56749552459883,33.2909721620357],[129.5682058109495,33.290883333299234],[129.56949727607844,33.29170877513991],[129.56932722417207,33.29215782912058]]],[[[129.11670481187764,33.2920678285675],[129.11621063621192,33.29192925203341],[129.11657649840674,33.291429666945646],[129.11670481187764,33.2920678285675]]],[[[129.56980866363892,33.29267144093433],[129.56941902696656,33.2924401982566],[129.56988525260238,33.29230530624494],[129.56980866363892,33.29267144093433]]],[[[129.5853895853611,33.29275441418491],[129.58554155639774,33.29278966670978],[129.58542505821993,33.29288930619657],[129.5853895853611,33.29275441418491]]],[[[129.1400359138264,33.294953306050274],[129.13998983076613,33.295192225341],[129.13988182938294,33.29513446818123],[129.1400359138264,33.294953306050274]]],[[[129.12418544730065,33.29631377526056],[129.1239636960678,33.29654422473624],[129.12386968903502,33.29640391880588],[129.12418544730065,33.29631377526056]]],[[[129.1381642537774,33.297793494574194],[129.13834358039196,33.29800405374414],[129.13815555103793,33.29794886504811],[129.1381642537774,33.297793494574194]]],[[[129.13229771706608,33.30244474772695],[129.13200350206,33.302316026863195],[129.1324654730032,33.30211133307159],[129.13229771706608,33.30244474772695]]],[[[129.1300977172359,33.30273622519667],[129.12999691312712,33.30285594564543],[129.1299305062879,33.30274133334592],[129.1300977172359,33.30273622519667]]],[[[129.1286478859912,33.302243081053405],[129.12361949404453,33.30101055928992],[129.12517335886344,33.29454255869217],[129.12129108901263,33.289642026958006],[129.11685016929994,33.28949344096958],[129.11400050641828,33.28750046777242],[129.1078024121516,33.289981639740915],[129.1058616077271,33.28714591904895],[129.10188747122993,33.28911638671195],[129.0969054726096,33.286166945847924],[129.0929001692075,33.28765291904705],[129.08837649837676,33.2846927483717],[129.08754102459864,33.28307463958299],[129.08699897532256,33.28347977517154],[129.08546289189906,33.28343336026143],[129.08611530507733,33.28197582902135],[129.08497321734012,33.28109719767758],[129.08346800314587,33.2777935858054],[129.07973099898652,33.277131306164904],[129.0757071083964,33.273208081188045],[129.06978486408025,33.27095649534601],[129.07596844418845,33.26515310812948],[129.0816115299482,33.265236531940445],[129.08692002563873,33.262972108276244],[129.08934499357667,33.25923980217516],[129.0925725030187,33.25910605410115],[129.09229243794573,33.25528074820801],[129.09451856038334,33.25170919772137],[129.10018367143937,33.24881172058451],[129.10764391743294,33.24879689166329],[129.10962666713704,33.24684846818229],[129.11551286572626,33.24725202725932],[129.11810189428707,33.24541516198019],[129.12313652393152,33.246202945609525],[129.1298624384009,33.24897961321864],[129.132905356597,33.25266666723297],[129.12856092065,33.25605063982522],[129.13005747077568,33.26119744100913],[129.13293291811976,33.26302058623111],[129.13798391722412,33.26202089175081],[129.1415699737753,33.26513761281063],[129.1440847210331,33.26475780213093],[129.1460825029053,33.26794389239677],[129.14976152957104,33.2698490000314],[129.15370708201624,33.26871696401673],[129.15635750999115,33.27096400918174],[129.1506938000789,33.274593225097306],[129.14786583693888,33.27345838679514],[129.14283586308466,33.27548489211415],[129.14003219243182,33.278681532326914],[129.14224469463704,33.283329775448806],[129.1400018286215,33.285105198146425],[129.1402609206051,33.28902994567551],[129.1373993003375,33.293019946213576],[129.13945661463117,33.295223054100745],[129.13590503179182,33.30077194576876],[129.1286478859912,33.302243081053405]]],[[[129.17070583710472,33.30320889177699],[129.16960221786815,33.303235829170205],[129.17034055767067,33.30142805426135],[129.17140333329723,33.302961946037044],[129.17070583710472,33.30320889177699]]],[[[129.13265924812583,33.303347441331425],[129.13248725008657,33.30310949510715],[129.13223654967715,33.30294600015782],[129.13258972783376,33.30284822496566],[129.13271900088125,33.30320919844581],[129.13265924812583,33.303347441331425]]],[[[129.1330522437661,33.30281541410011],[129.13344418899817,33.303205387118965],[129.1331865242388,33.30318938728044],[129.13293406025878,33.30303672106788],[129.1330522437661,33.30281541410011]]],[[[129.16764360596767,33.30281500041201],[129.16800693926893,33.30342000043271],[129.16700472129094,33.3030930537015],[129.16764360596767,33.30281500041201]]],[[[129.12803719775854,33.303560559072594],[129.12807747119837,33.30398386456375],[129.12790875478527,33.30399038734657],[129.12789141405756,33.30369602665036],[129.12803719775854,33.303560559072594]]],[[[129.12742674424896,33.303042494715385],[129.12727041509766,33.3047839734017],[129.12641489003522,33.30424894603209],[129.12742674424896,33.303042494715385]]],[[[129.17892360633937,33.30604444069843],[129.17790194591817,33.30576166686751],[129.17816693925295,33.30498027921658],[129.17886722424305,33.30547833275892],[129.17892360633937,33.30604444069843]]],[[[129.82875444885883,33.34818249532594],[129.8284186123292,33.348458892064286],[129.82829111544265,33.348300829020104],[129.82858666684126,33.34799082911354],[129.82875444885883,33.34818249532594]]],[[[129.71668683502946,33.350488404716145],[129.71684025937054,33.350529531612665],[129.71678055787652,33.35063288260153],[129.7165469131096,33.350592378035856],[129.71668683502946,33.350488404716145]]],[[[129.83226666657345,33.35275444086483],[129.8321188845789,33.35285027891729],[129.8320383269073,33.35271500019718],[129.83226666657345,33.35275444086483]]],[[[129.8292511147472,33.35248944123475],[129.82928472061337,33.352709440588285],[129.82921082961616,33.352934999550655],[129.8290563944371,33.35287277455893],[129.82904972776282,33.35261361332766],[129.8292511147472,33.35248944123475]]],[[[129.82397221844315,33.35361110806622],[129.82332749716636,33.353143332898526],[129.82354250258447,33.35226416196156],[129.82450277618227,33.35297416232777],[129.82397221844315,33.35361110806622]]],[[[129.82701472115252,33.35452444065049],[129.82686027158434,33.35283916239746],[129.82780749691847,33.35088861291922],[129.82864666691023,33.35204416170876],[129.8278744487469,33.352540279010725],[129.82701472115252,33.35452444065049]]],[[[129.82604083002036,33.35410722536818],[129.82622221788108,33.35450194590811],[129.82551693895562,33.35447944127327],[129.82563778175825,33.35398889167408],[129.82604083002036,33.35410722536818]]],[[[129.82376416298575,33.35592249522705],[129.82330055797445,33.355696946157195],[129.82379082968316,33.355454720958676],[129.82412666711207,33.35571389208252],[129.82376416298575,33.35592249522705]]],[[[129.82842499391836,33.355668891805976],[129.8285794416879,33.35618749485707],[129.82793472131038,33.35610277512302],[129.82780055774958,33.35572527929827],[129.82842499391836,33.355668891805976]]],[[[129.82765944242942,33.356238332632984],[129.8278341627165,33.35641305381944],[129.82760583743948,33.35657055928391],[129.8274511153768,33.35633972130114],[129.82765944242942,33.356238332632984]]],[[[129.72499999985018,33.356761179584794],[129.7205730088374,33.35516335140761],[129.72060776943306,33.35509863979047],[129.72499999985018,33.356761179584794]]],[[[129.71497666713958,33.358394720739796],[129.7149430612733,33.35871027935593],[129.71461389141803,33.358513054433956],[129.71497666713958,33.358394720739796]]],[[[129.82565778178127,33.35856055932243],[129.82571832683936,33.35876361275058],[129.82548972816846,33.35872972089993],[129.82565778178127,33.35856055932243]]],[[[129.82511389069361,33.35958055869588],[129.8248988852754,33.359513332574295],[129.8249458370808,33.35927666698467],[129.82518082993147,33.35929333322082],[129.82511389069361,33.35958055869588]]],[[[129.82413333288707,33.35971027870647],[129.82421389055867,33.35984555922522],[129.82402583692294,33.359913333033944],[129.82395194592561,33.35978361302335],[129.82413333288707,33.35971027870647]]],[[[129.83491250261,33.36079861306558],[129.83462360619455,33.359738892435985],[129.8351811148167,33.359885278682725],[129.83491250261,33.36079861306558]]],[[[129.83365666682175,33.36199916213167],[129.8337102718117,33.362298053612335],[129.83347527896103,33.36250082915001],[129.83341472131235,33.36210638739993],[129.83365666682175,33.36199916213167]]],[[[129.83351555060221,33.362912494715886],[129.83343472133538,33.36312110775299],[129.83328722442593,33.36298582903282],[129.83351555060221,33.362912494715886]]],[[[129.72499999985018,33.35960101827243],[129.72976431936786,33.363534323750116],[129.72969849528943,33.36359044144575],[129.72499999985018,33.35960101827243]]],[[[129.67429784706803,33.36555127017505],[129.67422059710293,33.36561422541621],[129.67407815798072,33.36623552295106],[129.67402429308675,33.36622523380754],[129.67417057141483,33.36558913523044],[129.67429784706803,33.36555127017505]]],[[[129.84280999988164,33.366210000191415],[129.8426288854148,33.36620444058252],[129.84266916964657,33.36608610778768],[129.84276972824046,33.36608055897068],[129.84280999988164,33.366210000191415]]],[[[129.84272277643504,33.36715166681603],[129.84275639399243,33.36695999970425],[129.8430586120653,33.36695999970425],[129.84293778185327,33.36714027870096],[129.84272277643504,33.36715166681603]]],[[[129.84918333334417,33.36838610773276],[129.84934472118198,33.36848749460222],[129.84910277567258,33.36854972139258],[129.84901555132672,33.36840305365803],[129.84918333334417,33.36838610773276]]],[[[129.84251472097765,33.36920333336718],[129.84259527864924,33.369248332744405],[129.84257472104662,33.369378053654316],[129.84242055836216,33.36931055863545],[129.84251472097765,33.36920333336718]]],[[[129.67920138793374,33.376974162028034],[129.67928194560534,33.37707555879007],[129.6791811154162,33.3772108294163],[129.67906693928785,33.37708110760707],[129.67920138793374,33.376974162028034]]],[[[129.85970583655512,33.38158222523953],[129.85908138779587,33.381187775395574],[129.86001472130238,33.38095110800725],[129.85970583655512,33.38158222523953]]],[[[129.67957853392227,33.3824642614166],[129.68055250329542,33.38239675740448],[129.68055324343754,33.382441657856305],[129.67957853392227,33.3824642614166]]],[[[129.67798635528618,33.38249883765127],[129.67712342430661,33.38251774769594],[129.67712333257577,33.38246950536342],[129.67798433181156,33.3824496941981],[129.67798635528618,33.38249883765127]]],[[[129.8601691699713,33.38263082934935],[129.85842972824946,33.38214027885084],[129.8589066666094,33.38149749471364],[129.8602766668348,33.38196555856371],[129.8601691699713,33.38263082934935]]],[[[129.85934333332818,33.383656667121556],[129.85887306074324,33.383526946211646],[129.8584030606528,33.382760278663966],[129.8593700000256,33.382963332991494],[129.85934333332818,33.383656667121556]]],[[[129.83700722420406,33.38458638715207],[129.83660416335147,33.3845694412268],[129.83671832688935,33.38421416225384],[129.83706083009326,33.38438916223009],[129.83700722420406,33.38458638715207]]],[[[129.85683805413294,33.385325279138385],[129.85694555099644,33.383915829252146],[129.85747610873545,33.38434416195355],[129.85728805420035,33.3852124951606],[129.85683805413294,33.385325279138385]]],[[[129.83662444935896,33.385200559358395],[129.83655722413664,33.38552194558139],[129.83625499437255,33.385493613339634],[129.83625499437255,33.38512722504146],[129.83662444935896,33.385200559358395]]],[[[129.85501832723412,33.38582082896812],[129.8542391699018,33.38500944083307],[129.85493111457936,33.38489666674781],[129.85501832723412,33.38582082896812]]],[[[129.66655634170183,33.38641783761318],[129.66647027208546,33.38643292823713],[129.6663598955928,33.38598934213451],[129.66644596610854,33.38597426140308],[129.66655634170183,33.38641783761318]]],[[[129.85867805444877,33.387517775025344],[129.85779861191645,33.386379162268554],[129.85781861193948,33.38447389185666],[129.8589936058703,33.38546610757487],[129.85826166024754,33.38592277521593],[129.85867805444877,33.387517775025344]]],[[[129.85629416304528,33.38853222468248],[129.8557769386549,33.38871833308468],[129.8556358368245,33.3883349997605],[129.85618000040677,33.38800277490816],[129.85629416304528,33.38853222468248]]],[[[129.85211693894564,33.388622495032166],[129.85208333307946,33.388848053994536],[129.851901946118,33.38879722521182],[129.85188194609498,33.388656386882815],[129.85211693894564,33.388622495032166]]],[[[129.85151250279978,33.38854916161455],[129.85161999966328,33.38883110806921],[129.85129749738167,33.38909610769929],[129.85115666714648,33.38875777465165],[129.85151250279978,33.38854916161455]]],[[[129.85663639375468,33.389411667214745],[129.85640832658305,33.38956389186018],[129.856065836869,33.38917499982642],[129.8564619459621,33.389073612956906],[129.85663639375468,33.389411667214745]]],[[[129.85928916985938,33.38838610823234],[129.85954444871743,33.3891580539011],[129.85882583734258,33.38910722511838],[129.85928916985938,33.38838610823234]]],[[[129.78073639376964,33.39010249493424],[129.78074972801755,33.39028277483027],[129.7804811149116,33.39024889197282],[129.78051472077777,33.390068612976165],[129.78073639376964,33.39010249493424]]],[[[129.8531174967751,33.39100138710438],[129.8525802723617,33.389998053967076],[129.85198250289022,33.38973305433706],[129.852311660155,33.389028332991245],[129.8531983269413,33.38959777471757],[129.8531174967751,33.39100138710438]]],[[[129.8402105580709,33.39117582860166],[129.83955221836027,33.39158166656074],[129.8391425034239,33.39014444111314],[129.84000221842768,33.39031361258321],[129.83959917016568,33.39087694611425],[129.8402105580709,33.39117582860166]]],[[[129.77202751016148,33.391499622309766],[129.7716881842623,33.39226506318215],[129.77115246441474,33.39163553235397],[129.77202751016148,33.391499622309766]]],[[[129.85041778235484,33.39259082910354],[129.85020277603735,33.392269720771026],[129.85062610940747,33.39225277484576],[129.85041778235484,33.39259082910354]]],[[[129.84901444875788,33.392630278764386],[129.84875916989984,33.3925230543955],[129.84889360595525,33.39221861319851],[129.84912861229566,33.392393332586266],[129.84901444875788,33.392630278764386]]],[[[129.77360444888632,33.39219916176194],[129.77367138812417,33.39116194576724],[129.77696221793212,33.39075610780816],[129.77955444897873,33.39089166711682],[129.7775263941279,33.39240777479904],[129.77527666718447,33.39175389212846],[129.77360444888632,33.39219916176194]]],[[[129.84086194602207,33.39305833267599],[129.83998194591015,33.39248916164553],[129.84100944203215,33.3923258285742],[129.84086194602207,33.39305833267599]]],[[[129.85758333310446,33.39257416196807],[129.8578922178516,33.39299694585242],[129.85744221778418,33.39310416212743],[129.85758333310446,33.39257416196807]]],[[[129.85722055828217,33.393340828616374],[129.85725416324908,33.39353777474855],[129.85707277628762,33.3935491619643],[129.85722055828217,33.393340828616374]]],[[[129.77189166037192,33.39369305439101],[129.77149583726316,33.39367027906019],[129.77196555136914,33.393174161758225],[129.77214027165633,33.39333777541805],[129.77189166037192,33.39369305439101]]],[[[129.7636049940753,33.39333222480241],[129.7634705580199,33.393743613377126],[129.76332944180035,33.39356333258178],[129.7636049940753,33.39333222480241]]],[[[129.84084832668896,33.3935544409847],[129.8408080541484,33.393751666806054],[129.84060666716402,33.39367277467886],[129.84084832668896,33.3935544409847]]],[[[129.84205693907654,33.39363333311189],[129.84208389085893,33.39384194614894],[129.8418555511928,33.39376861273132],[129.84205693907654,33.39363333311189]]],[[[129.75517693906454,33.393196667292386],[129.7553044494408,33.39383916184789],[129.75452555111337,33.39363638720954],[129.75517693906454,33.393196667292386]]],[[[129.84038499417215,33.393847494965996],[129.84044555092146,33.39400555890944],[129.8402508297121,33.39410694577896],[129.84024389144247,33.39389277493166],[129.84038499417215,33.393847494965996]]],[[[129.75681555059725,33.39383361303089],[129.75774917008823,33.394340828866234],[129.75662083028715,33.394949721152784],[129.75681555059725,33.39383361303089]]],[[[129.84830250315804,33.39549389192962],[129.84840333334716,33.395595278799135],[129.84829583738303,33.395764441276015],[129.8482083270527,33.39561222472446],[129.84830250315804,33.39549389192962]]],[[[129.84430000024486,33.39640110822461],[129.8437761091801,33.396164440836344],[129.84417250335844,33.395600829414775],[129.84472972779474,33.39573610813494],[129.84430000024486,33.39640110822461]]],[[[129.84791972831283,33.396249162368974],[129.84779888461094,33.39653666663389],[129.84768472107305,33.396401387014464],[129.84791972831283,33.396249162368974]]],[[[129.85165333303496,33.39672833284635],[129.8517002722498,33.3968636133651],[129.85153917039645,33.39685249504669],[129.85165333303496,33.39672833284635]]],[[[129.835489170389,33.39673361276607],[129.83553639378965,33.39706610831428],[129.83532138837143,33.39705472109853],[129.835489170389,33.39673361276607]]],[[[129.8327561091072,33.396958892039265],[129.83278972756398,33.3971055588745],[129.83261527887214,33.397088612949176],[129.8327561091072,33.396958892039265]]],[[[129.83752416261007,33.39730277480328],[129.83716832695677,33.3972972250869],[129.8371347210906,33.39719582922419],[129.83740999997156,33.397122774596426],[129.83752416261007,33.39730277480328]]],[[[129.75444472094716,33.397351107967324],[129.7544580542958,33.397542775079046],[129.75428360560397,33.39758222473995],[129.7541894420891,33.39741861287871],[129.75444472094716,33.397351107967324]]],[[[129.84740916969747,33.39721305393937],[129.8475099998866,33.397218612648885],[129.84750333321233,33.3975624954129],[129.8473016602435,33.39744972132763],[129.84740916969747,33.39721305393937]]],[[[129.84593832669248,33.39763582883046],[129.84577722393976,33.397878054029036],[129.8456094419223,33.39788389242773],[129.84568333291952,33.39760749479012],[129.84593832669248,33.39763582883046]]],[[[129.8334008303841,33.39834027858103],[129.83325972765442,33.39843027913412],[129.8330786122882,33.39837972104732],[129.83319944160098,33.39819361264517],[129.8334008303841,33.39834027858103]]],[[[129.7774991698509,33.401387775225714],[129.77397333280317,33.40055333296999],[129.77793583656967,33.39379472094964],[129.7805616599927,33.39316889173102],[129.78465138815113,33.396483891718276],[129.7823477819246,33.39926833306714],[129.7774991698509,33.401387775225714]]],[[[129.81010033686107,33.40197686534009],[129.8101166667508,33.40289958594718],[129.81003505777176,33.40289410817661],[129.81001219160942,33.40197686534009],[129.81010033686107,33.40197686534009]]],[[[129.67829832740597,33.40551194561982],[129.67889832719607,33.404078332748895],[129.68064416309767,33.4042644411511],[129.6809263937381,33.40540889230658],[129.67829832740597,33.40551194561982]]],[[[129.77389944180584,33.40612277504607],[129.77396666702816,33.40588610765781],[129.77412778237135,33.40608889218868],[129.77389944180584,33.40612277504607]]],[[[129.7388713616241,33.40629077469953],[129.7388459395885,33.406356640146896],[129.7375640864135,33.40607574769763],[129.7375825548911,33.40600989214283],[129.7388713616241,33.40629077469953]]],[[[129.77192499374348,33.407385558996396],[129.77241527894205,33.406444162168384],[129.77311389119313,33.40669222486633],[129.77192499374348,33.407385558996396]]],[[[129.6937538908295,33.40815472126343],[129.69335778173627,33.40812666691221],[129.69349194619645,33.40782777543154],[129.6937808300213,33.40777722543868],[129.6937538908295,33.40815472126343]]],[[[129.72354652365323,33.413047107837826],[129.72335031136788,33.41376855927166],[129.72327499404582,33.41375325191109],[129.72346666655346,33.413031802275896],[129.72354652365323,33.413047107837826]]],[[[129.79696778163793,33.414641107601085],[129.7959858109964,33.41223189218812],[129.80879472089975,33.40351972065861],[129.81290316484922,33.40266533323859],[129.81354277617822,33.39908333262974],[129.8075658368939,33.39341805429984],[129.80857994840596,33.38884869431183],[129.8136094420222,33.382956386627995],[129.8090494421781,33.38208805432032],[129.80910972823142,33.378159161815915],[129.8111847213978,33.376992494707906],[129.8092647209902,33.373168332752414],[129.81091963723156,33.36952382926137],[129.80481099942813,33.36466177502098],[129.8035623087536,33.36220119842659],[129.8100497284123,33.35620972070211],[129.8065586897318,33.35339889234507],[129.8076191702885,33.35056694610773],[129.81198577182602,33.34831200039855],[129.81991780756084,33.35563053212343],[129.82245180300833,33.360917802015024],[129.8286463944156,33.3638255593022],[129.83348308687505,33.36411674808949],[129.83549693873283,33.362540278810854],[129.84247444933646,33.36671749481661],[129.83761194633428,33.36950777456417],[129.84468805411052,33.37128222509466],[129.85079369627215,33.37004730573864],[129.854217223746,33.371500828700334],[129.85869169896284,33.375548161918175],[129.85986693930784,33.37862305371101],[129.85836944219602,33.381390559027125],[129.85117027209049,33.385832225177126],[129.84495165979138,33.38593944055282],[129.83931055793596,33.38491889169353],[129.84005583690737,33.37943999965631],[129.83742219208057,33.37998519835827],[129.8375311152688,33.3833011075601],[129.83390510993297,33.383828360290636],[129.82881416294333,33.39145166686097],[129.8336427758935,33.399901387439115],[129.8334379768812,33.404077224784146],[129.83009555116882,33.40685889172454],[129.81972778171178,33.4107519462454],[129.80928289179212,33.40995702739497],[129.80562444880934,33.411721386632735],[129.80089666694766,33.411196667292415],[129.79696778163793,33.414641107601085]]],[[[129.71848165970084,33.418348333408915],[129.71849527903396,33.418466667103075],[129.71834749703942,33.418466667103075],[129.71834749703942,33.41833722498302],[129.71848165970084,33.418348333408915]]],[[[129.68710360574687,33.42309944098645],[129.68225693890668,33.422687494832076],[129.68263221790255,33.41922610769876],[129.68596333284165,33.41653194569278],[129.68472083040206,33.41336333285159],[129.67954092067703,33.41063019782541],[129.68239055837762,33.406992774696846],[129.68500972771687,33.406017774700615],[129.6892821396591,33.40802530612302],[129.6901801945604,33.41307801843584],[129.68629250269692,33.41768166687547],[129.68710360574687,33.42309944098645]]],[[[129.71026778183273,33.4240983332715],[129.7096025029532,33.42091861290373],[129.71301306130385,33.42091527911691],[129.71026778183273,33.4240983332715]]],[[[129.774690609584,33.427265359708656],[129.7746735539414,33.42732725195117],[129.77381616098705,33.42718202672921],[129.77383036308083,33.42712253207924],[129.774690609584,33.427265359708656]]],[[[129.69410805374378,33.43051861314353],[129.6917216604263,33.42986472058044],[129.6932141627035,33.42902472141384],[129.69410805374378,33.43051861314353]]],[[[129.77245138762146,33.4419283326265],[129.77254527864181,33.44200166694344],[129.7723908299729,33.4421483328793],[129.7722763939405,33.441996108233866],[129.77245138762146,33.4419283326265]]],[[[129.77440055843908,33.442283613398104],[129.77432666744176,33.442379440658726],[129.77420555124525,33.44232861277533],[129.77433999989114,33.44217638723052],[129.77440055843908,33.442283613398104]]],[[[129.77180691275885,33.45133049460668],[129.77176538296612,33.45138941369055],[129.7707173022618,33.45081086542916],[129.77075885903423,33.45075994581492],[129.77180691275885,33.45133049460668]]],[[[129.72784747108403,33.45352866701444],[129.72729306062627,33.45328080216734],[129.72733680904662,33.45322269427197],[129.72784747108403,33.45352866701444]]],[[[129.74389639370372,33.45373889163659],[129.74263972784127,33.45316944091701],[129.74282111480272,33.45252694636156],[129.7442191702786,33.453101667108285],[129.74389639370372,33.45373889163659]]],[[[129.74500555096552,33.454308333362974],[129.74468306127437,33.45431389207249],[129.74472333291556,33.45412222496077],[129.74500555096552,33.454308333362974]]],[[[129.74298250264042,33.454370278665465],[129.74288832743446,33.4544547214083],[129.74258583686697,33.45426861300615],[129.74261944183388,33.45419555927771],[129.74298250264042,33.454370278665465]]],[[[129.74636999967584,33.45455638706767],[129.74630277625215,33.45421222461454],[129.74675333300002,33.45418972087896],[129.74665250281078,33.45453361263617],[129.74636999967584,33.45455638706767]]],[[[129.74628944200424,33.455018613418304],[129.74651805416488,33.455294720574955],[129.7463499996528,33.455548332989224],[129.7460474973941,33.455401667053366],[129.74628944200424,33.455018613418304]]],[[[129.7485277817318,33.455405278730666],[129.74868250289524,33.45563638740941],[129.74838027223188,33.45563638740941],[129.7485277817318,33.455405278730666]]],[[[129.74516027212894,33.45642777462217],[129.7452477815599,33.45660249490925],[129.7450797279472,33.456732224812356],[129.7448711149101,33.45656861295117],[129.74516027212894,33.45642777462217]]],[[[129.72979416337,33.4567316672327],[129.73013027239426,33.456923053755986],[129.73007639401044,33.45697944124828],[129.7298211151524,33.45684972123769],[129.72979416337,33.4567316672327]]],[[[129.73724194565932,33.456867224742666],[129.73736972763083,33.4570191616051],[129.73733610917418,33.45711499965756],[129.73714111457082,33.45696277501213],[129.73724194565932,33.456867224742666]]],[[[129.7438225027064,33.457143613387075],[129.74262610940752,33.45650638706019],[129.743251388241,33.456027495372666],[129.7438225027064,33.457143613387075]]],[[[129.74399055811784,33.457645278606776],[129.7441652793043,33.45775249488179],[129.7440577824408,33.4578369457185],[129.74391000044625,33.45771861292371],[129.74399055811784,33.457645278606776]]],[[[129.77545415018892,33.457627874027196],[129.77460832701274,33.458346423348814],[129.77296926132237,33.45847289231017],[129.77296239859584,33.458333009061164],[129.77452145340237,33.45822187444003],[129.77545415018892,33.457627874027196]]],[[[129.77301547298578,33.46059352337244],[129.7718118293525,33.46059352337244],[129.7718118293525,33.460469936738264],[129.7730120357769,33.460464189171034],[129.77301547298578,33.46059352337244]]],[[[129.77140916959752,33.46108222486481],[129.7715302723043,33.46115555918175],[129.77148333308946,33.46125666726141],[129.77134194617395,33.46117805392407],[129.77140916959752,33.46108222486481]]],[[[129.74651138838988,33.46120249479935],[129.74665917038442,33.46129805406201],[129.74648444919808,33.46136000026388],[129.74651138838988,33.46120249479935]]],[[[129.77132194615092,33.461284720713365],[129.77131527857728,33.46144833257455],[129.77116055831323,33.461324162280334],[129.77132194615092,33.461284720713365]]],[[[129.77127472095162,33.46172444063046],[129.77110666733893,33.461978332733906],[129.77095221777074,33.461786667420824],[129.771066393899,33.46157805438378],[129.77127472095162,33.46172444063046]]],[[[129.7480977816873,33.46238333342416],[129.74803055826374,33.462417225274805],[129.74789610871846,33.462304441296965],[129.74799027223332,33.46224805380467],[129.7480977816873,33.46238333342416]]],[[[129.74383583695442,33.46233527904997],[129.74395027208743,33.462346667165036],[129.74409805408197,33.46251582874254],[129.74388972792872,33.46249889181047],[129.74383583695442,33.46233527904997]]],[[[129.75051083001085,33.46319500034906],[129.75061861195945,33.46340944099296],[129.7503899997987,33.463443054053755],[129.75027555117583,33.46321194627433],[129.75051083001085,33.46319500034906]]],[[[129.718998327411,33.46378333323429],[129.7150863943217,33.46229500021411],[129.71536888486617,33.45921138679614],[129.71952306114042,33.45435249457199],[129.72624499431106,33.45409333334072],[129.72831875540635,33.45652641406281],[129.7254519460505,33.46063777541303],[129.71983194588768,33.46218194643973],[129.718998327411,33.46378333323429]]],[[[129.7502825029352,33.464451945900635],[129.7501949944035,33.46450833339293],[129.75008749664073,33.46439555930766],[129.7502286119609,33.464367495063925],[129.7502825029352,33.464451945900635]]],[[[129.75494722433496,33.47044972067812],[129.7504974966622,33.46736055934241],[129.75419827523024,33.45855080237766],[129.7546808298565,33.454719918889225],[129.74950916961257,33.45040000025983],[129.74999333312587,33.44383305355262],[129.74671306135872,33.442622774721315],[129.7391980538472,33.437740829275924],[129.74419055834767,33.43475861261993],[129.74286055816833,33.428336386615],[129.73341693924044,33.427697829291446],[129.73105671889255,33.42349704475288],[129.72388639364226,33.42272861273534],[129.71877055791492,33.4186752792408],[129.71925552542223,33.414112558947465],[129.72639999966032,33.414350945839544],[129.72675583711225,33.40994305372902],[129.72975778219597,33.40980249508914],[129.7312575878675,33.4063723333166],[129.73686713431084,33.40755925225773],[129.74521083021568,33.40758138727125],[129.75077111539474,33.41299389225435],[129.7467069387743,33.420079720802505],[129.75410111517442,33.42044610820136],[129.75727111477022,33.41973055901815],[129.7640422183738,33.42911610782215],[129.76445061040738,33.43167898229922],[129.76990389065213,33.428958332561024],[129.78172166042634,33.42686166663265],[129.7901916598173,33.42594833314911],[129.79035277605988,33.429933891935605],[129.78380527899049,33.43491666667086],[129.77880389098686,33.434251386892015],[129.77690805356383,33.439110279116164],[129.77368832685488,33.43889027886331],[129.7743802724317,33.44049110807822],[129.77423250302763,33.44204694600978],[129.7729419462139,33.4415452789915],[129.77231693897556,33.44178194637976],[129.77105878113787,33.442910748432325],[129.76893555103493,33.448371386930035],[129.7702011669503,33.451462640088835],[129.77371472105756,33.45475777495142],[129.76793980457842,33.45630102687096],[129.77126138760298,33.46036610820937],[129.76218000030678,33.46609833297174],[129.75801916994885,33.46488638679739],[129.75494722433496,33.47044972067812]]],[[[129.66432306066076,32.90510949460753],[129.6644820877782,32.90495894629839],[129.66557994775644,32.90496180164587],[129.66557994775644,32.90503149460784],[129.66449941591543,32.90502797286268],[129.66432306066076,32.90510949460753]]],[[[129.63811000027636,32.91363333281214],[129.63822360623453,32.91373472058092],[129.63812333272574,32.913999721110315],[129.6379430609236,32.91385305427508],[129.63811000027636,32.91363333281214]]],[[[129.638470829865,32.91439444075087],[129.63837055815475,32.91465361277409],[129.63807169904976,32.91462308079059],[129.6382169386609,32.91437194600854],[129.638470829865,32.91439444075087]]],[[[129.63851411243638,32.914833162420564],[129.63851169865598,32.91525333287507],[129.63815269828842,32.915009360293766],[129.63851411243638,32.914833162420564]]],[[[129.61099832741093,32.91577416174823],[129.61096472064537,32.915875829206186],[129.61083111466428,32.91585333266522],[129.61089138812713,32.91575166700591],[129.61099832741093,32.91577416174823]]],[[[129.63730194592813,32.91576972089598],[129.63746221770725,32.915967224607755],[129.63731527927678,32.9162263867384],[129.63706832724154,32.916085559201235],[129.63730194592813,32.91576972089598]]],[[[129.63889778210705,32.916243332663726],[129.63834360637236,32.916113612653135],[129.63851722409072,32.915493891629865],[129.63889778210705,32.91557833257406],[129.63889778210705,32.916243332663726]]],[[[129.63968583733163,32.91832361294445],[129.63968583733163,32.918475828596684],[129.63955916962004,32.91844222542841],[129.63968583733163,32.91832361294445]]],[[[129.65598917006423,32.91894222510365],[129.65617444929148,32.919181387211324],[129.6559772243695,32.919216387026665],[129.65589749677213,32.91910249508413],[129.65598917006423,32.91894222510365]]],[[[129.63333333306696,32.92440505434985],[129.63303111499397,32.9241974953182],[129.6333386120873,32.9241355590089],[129.63333333306696,32.92440505434985]]],[[[129.62581221825928,32.92441722487507],[129.62606610856415,32.92452999985966],[129.62594583683097,32.92467610821586],[129.62573194567278,32.92456361292045],[129.62581221825928,32.92441722487507]]],[[[129.63379972777523,32.92450749522476],[129.63381972779825,32.924626107708775],[129.63355916991986,32.924710559444804],[129.63355916991986,32.92455277519048],[129.63379972777523,32.92450749522476]]],[[[129.62542444857945,32.924439721416036],[129.62523055834367,32.924715558776086],[129.62500999961185,32.924501387029466],[129.62542444857945,32.924439721416036]]],[[[129.63404722390032,32.92490222475794],[129.63376639440366,32.92513305374746],[129.63372610927263,32.92490194596809],[129.63404722390032,32.92490222475794]]],[[[129.6250966672775,32.93348166714526],[129.62453499389494,32.93361138715585],[129.62446165957795,32.93341416223387],[129.62508999970373,32.93325055936589],[129.6250966672775,32.93348166714526]]],[[[129.62650722422904,32.93447389185667],[129.62635333313983,32.93382555890247],[129.62693472056094,32.93344777529467],[129.62766333329625,32.93348777534061],[129.6277702716808,32.93389889232009],[129.62692805388667,32.933972224838385],[129.62650722422904,32.93447389185667]]],[[[129.5853049942301,32.938261946032014],[129.58485722358205,32.938154720763805],[129.58471027166172,32.93771527873719],[129.5849444488273,32.93722472104412],[129.58535194603553,32.93783361333067],[129.5853049942301,32.938261946032014]]],[[[129.5858330608471,32.93813249491876],[129.58590000008496,32.938245278896545],[129.58579306080117,32.93829027917309],[129.5857061089498,32.93818889230357],[129.5858330608471,32.93813249491876]]],[[[129.63322472104414,32.93784555902539],[129.6327899995589,32.938386666711324],[129.63243583664462,32.9379808287523],[129.63322472104414,32.93784555902539]]],[[[129.6046961087385,32.9392774946607],[129.6046961087385,32.9394183329897],[129.6045625027574,32.93956499982494],[129.6044822175803,32.93945777455673],[129.60454917030802,32.93930000019492],[129.6046961087385,32.9392774946607]]],[[[129.63791693921542,32.9394466670301],[129.63808389115866,32.93957055943383],[129.63795693926136,32.9396327754323],[129.63780306076274,32.93957638704069],[129.63791693921542,32.9394466670301]]],[[[129.60431499404183,32.939920000008044],[129.60433527914984,32.94020194556339],[129.6041613880377,32.94015138657727],[129.60431499404183,32.939920000008044]]],[[[129.60833250304267,32.940658613204505],[129.6084327756521,32.940895559382625],[129.6082255511683,32.94091805412495],[129.60817194617846,32.940754721053565],[129.60833250304267,32.940658613204505]]],[[[129.6078511148371,32.94161166704487],[129.60805166005616,32.941030829109536],[129.60829221791164,32.94125082936233],[129.6078511148371,32.94161166704487]]],[[[129.62821805402007,32.94239444055103],[129.62819111482816,32.94253527888009],[129.6276897283983,32.942670559398834],[129.62779666678284,32.9423774946257],[129.62821805402007,32.94239444055103]]],[[[129.6171222177162,32.942559162175655],[129.6170955510189,32.94272249524698],[129.61690832655813,32.942677494970496],[129.61699527930875,32.942547774959905],[129.6171222177162,32.942559162175655]]],[[[129.60757693942423,32.94195555880202],[129.60725610898226,32.942310828781785],[129.6071625030471,32.942141667204226],[129.60757693942423,32.94195555880202]]],[[[129.62075166026102,32.942807224873604],[129.62049778164737,32.942908612642384],[129.620484449198,32.942773333022956],[129.62073832691237,32.942655000228115],[129.62075166026102,32.942807224873604]]],[[[129.6351756419424,32.94081877526634],[129.63446221785716,32.943251053793176],[129.63438294441744,32.943232748092896],[129.63509289172362,32.94081036030991],[129.6351756419424,32.94081877526634]]],[[[129.63196900126843,32.94356946775679],[129.6317321396266,32.945140559089566],[129.63164836597934,32.94513035987825],[129.63188350182224,32.943558918709186],[129.63196900126843,32.94356946775679]]],[[[129.5929449940163,32.945580000216864],[129.5928647214298,32.94576610771975],[129.59272444877433,32.94561389206751],[129.5929449940163,32.945580000216864]]],[[[129.59325250280085,32.94578305364507],[129.59330610869006,32.945580000216864],[129.59340639389006,32.94560833335794],[129.59338610878194,32.94573805426785],[129.59325250280085,32.94578305364507]]],[[[129.61907389134706,32.94508472108305],[129.61960194627284,32.945552775040596],[129.61939472088977,32.94580082874529],[129.61907389134706,32.94508472108305]]],[[[129.63479527907896,32.94592361318428],[129.6345211153573,32.945974441067676],[129.63438749678562,32.94570389172128],[129.6347819457303,32.94562499959409],[129.63479527907896,32.94592361318428]]],[[[129.6171152794467,32.946877495300214],[129.61715527859326,32.94670277501308],[129.61727555122582,32.946787224950526],[129.6171152794467,32.946877495300214]]],[[[129.63118583655717,32.947631666768075],[129.62968832685488,32.946470278680465],[129.631413061064,32.94623916190784],[129.63118583655717,32.947631666768075]]],[[[129.59852221792607,32.94768916222512],[129.59703583733403,32.944835829210206],[129.59351333317386,32.943505278645716],[129.59309277601085,32.93399472137935],[129.59591999990812,32.931824161755685],[129.59592027240274,32.927962224677],[129.59910861187302,32.922725000258595],[129.6052019459131,32.91818694567104],[129.6124606610307,32.91698589208528],[129.6165138911033,32.91722889160013],[129.62275082978704,32.924803053817925],[129.62576527904446,32.927246946189655],[129.62353277591694,32.93234861309804],[129.62387333298796,32.93729277544128],[129.61781749707984,32.939526107743745],[129.61281749673014,32.94285194636029],[129.60948194633477,32.94222610814842],[129.6083658373136,32.93998777471609],[129.6050638909859,32.93878722475068],[129.59916805436228,32.94356749464424],[129.59852221792607,32.94768916222512]]],[[[129.5914474969045,32.95187166714379],[129.59082583694294,32.95164027877587],[129.59126055842808,32.95120610767577],[129.59208917037893,32.951521945981085],[129.5914474969045,32.95187166714379]]],[[[129.59799166018706,32.953365558873486],[129.59787111506,32.953568613201014],[129.5977374973877,32.953416386756885],[129.59799166018706,32.953365558873486]]],[[[129.58878027229184,32.95357972072759],[129.5887669389432,32.95374305379897],[129.5885263936782,32.953765829129736],[129.58859999959043,32.95354582887694],[129.58878027229184,32.95357972072759]]],[[[129.58829250339636,32.95388972063415],[129.58815861233018,32.95403082875981],[129.58808527891256,32.9539011078499],[129.58829250339636,32.95388972063415]]],[[[129.58894083005532,32.9545213873522],[129.5887402722458,32.95475249513157],[129.58863999963637,32.95465082857294],[129.5887669389432,32.95450444142688],[129.58894083005532,32.9545213873522]]],[[[129.62587805402904,32.95678638658251],[129.62538360586882,32.956741387205284],[129.62579138816204,32.95627916175397],[129.6260986118615,32.95642000008297],[129.62587805402904,32.95678638658251]]],[[[129.34883472114552,32.9622777746996],[129.34892055783757,32.96235500038301],[129.34880805444823,32.96244722495953],[129.34869082961814,32.96240222468299],[129.34883472114552,32.9622777746996]]],[[[129.815889170349,32.9625338917258],[129.81578966306256,32.962745720738496],[129.81564861159416,32.962612774859736],[129.815889170349,32.9625338917258]]],[[[129.81003802913176,32.962021494896135],[129.8091586900216,32.96211069415324],[129.8094013882635,32.96045130558332],[129.81092635516723,32.961352305764365],[129.81003802913176,32.962021494896135]]],[[[129.812453332955,32.96376277483222],[129.8107019707195,32.96294000038074],[129.8132984177878,32.95885974837876],[129.8151605576137,32.96239305429606],[129.812453332955,32.96376277483222]]],[[[129.8172872761869,32.96376799989332],[129.8172545525556,32.963979972797574],[129.81715338512072,32.963951108157175],[129.81717916958303,32.963790829183495],[129.8172872761869,32.96376799989332]]],[[[129.8165305578391,32.964089720664106],[129.8160160565958,32.96401833337944],[129.81615561608885,32.96366463991126],[129.81683496755977,32.963728613185026],[129.8165305578391,32.964089720664106]]],[[[129.62726805427735,32.963601666683644],[129.627542217999,32.96421638657705],[129.62700082972458,32.964188054335295],[129.62726805427735,32.963601666683644]]],[[[129.80976661463762,32.96441719799532],[129.8090833592097,32.96431958558048],[129.80914416327255,32.963204197815514],[129.80980175114996,32.963502585675826],[129.80976661463762,32.96441719799532]]],[[[129.8140262777905,32.96539263955873],[129.8140709210362,32.965638414381374],[129.81387055837968,32.96566805423737],[129.81387722415468,32.965448053984574],[129.8140262777905,32.96539263955873]]],[[[129.81190527890556,32.965611666745076],[129.810762503187,32.96462499984392],[129.81214147864637,32.963926197835804],[129.81190527890556,32.965611666745076]]],[[[129.6269605580834,32.966431666788026],[129.62662639429277,32.9662455592852],[129.62680027191504,32.96598082855246],[129.62710778159885,32.965941108195636],[129.6269605580834,32.966431666788026]]],[[[129.3425797276724,32.96725472092868],[129.3425297280645,32.967063891985106],[129.34269583734306,32.96708361321822],[129.3425797276724,32.96725472092868]]],[[[129.34293138777343,32.96713944133222],[129.34294250339383,32.967251108352],[129.3427302723842,32.967309162288075],[129.34271693903554,32.96724166726921],[129.34293138777343,32.96713944133222]]],[[[129.3432327757721,32.96713222517212],[129.343214163403,32.967291108398],[129.34307360566243,32.96725555909683],[129.3432327757721,32.96713222517212]]],[[[129.62692722381234,32.9672944412855],[129.62655944156506,32.96709694566755],[129.6268336061861,32.96666277456745],[129.62718778169085,32.967113891592874],[129.62692722381234,32.9672944412855]]],[[[129.34007165967944,32.977146107806675],[129.3396202719581,32.976588332985216],[129.34064221836377,32.976545829226666],[129.34080778175382,32.97698749527672],[129.34007165967944,32.977146107806675]]],[[[129.34298666730092,32.977793332796125],[129.3428052794402,32.978059161601095],[129.34270138795875,32.977963891920126],[129.34298666730092,32.977793332796125]]],[[[129.22616805381267,32.978126946201655],[129.22620389089695,32.97828194615494],[129.22608555090756,32.978317775145285],[129.22608000029186,32.97815694578645],[129.22616805381267,32.978126946201655]]],[[[129.3418986117316,32.978543612897454],[129.3415861090118,32.978148054189376],[129.34220639391003,32.978022224646],[129.3418986117316,32.978543612897454]]],[[[129.22630082971955,32.97863444082685],[129.22644749655478,32.97904389226187],[129.22629221781165,32.97921361321772],[129.22619221769673,32.978671667363585],[129.22630082971955,32.97863444082685]]],[[[129.2266125032645,32.97939944103143],[129.22668000008196,32.97969638727852],[129.22649221804147,32.97969527931372],[129.2266125032645,32.97939944103143]]],[[[129.22663027206943,32.982074162392735],[129.22616138803767,32.981149721382565],[129.22697639414537,32.98137472096664],[129.22663027206943,32.982074162392735]]],[[[129.34752805387666,32.98298333291456],[129.347542503284,32.98312805361684],[129.34740333319735,32.98309722485709],[129.34752805387666,32.98298333291456]]],[[[129.23296555071965,32.988333333216815],[129.2333858371867,32.988593053826435],[129.23323055844355,32.9886449995671],[129.2328191698689,32.98851416169924],[129.23296555071965,32.988333333216815]]],[[[129.23504194592908,32.98880333330726],[129.2345411152803,32.988798612765834],[129.23445306086012,32.988575559314654],[129.23504194592908,32.98880333330726]]],[[[129.23620138788385,32.98922972077503],[129.23644583710575,32.989382494906295],[129.23643416300627,32.98947694620415],[129.23608360637343,32.98936194629681],[129.23620138788385,32.98922972077503]]],[[[129.23945277612484,32.98958833263549],[129.2396558367475,32.98964138724028],[129.23961333298894,32.989735279159845],[129.23945277612484,32.98958833263549]]],[[[129.24069277575109,32.9909680536328],[129.2402716601091,32.99081861328841],[129.2406158369514,32.99055555889197],[129.24069277575109,32.9909680536328]]],[[[129.74273250280282,32.99248361272862],[129.74200389096688,32.99288389197807],[129.74223778214798,32.992460829303866],[129.74273250280282,32.99248361272862]]],[[[129.55475555132773,32.99314361258769],[129.55484916985336,32.993865278959504],[129.55442138843637,32.99401722481514],[129.55420082970454,32.99342555904235],[129.55475555132773,32.99314361258769]]],[[[129.31151639416635,32.995533613085854],[129.3115474972193,32.99572138703246],[129.31136306065673,32.99567027856057],[129.31151639416635,32.995533613085854]]],[[[129.5563063944246,32.995139162342525],[129.556139441582,32.99581582933712],[129.55549082983794,32.9959286133149],[129.55547082981502,32.99494749523075],[129.5563063944246,32.995139162342525]]],[[[129.25015610871753,32.995962224577056],[129.2500274966717,32.996152495041656],[129.24945277592496,32.995877774639666],[129.24952832707072,32.99558555882652],[129.2498691701262,32.995864161601844],[129.25015610871753,32.995962224577056]]],[[[129.5545816602155,32.9960074946502],[129.55475555132773,32.996114720817786],[129.5545816602155,32.99618249462645],[129.5545816602155,32.9960074946502]]],[[[129.81761632913037,32.99640266664977],[129.81670652368723,32.99416036001264],[129.81909518779275,32.991803027387846],[129.82036469507466,32.995626558918616],[129.81761632913037,32.99640266664977]]],[[[129.250717223621,32.99619194560188],[129.25108444918806,32.99642082935782],[129.25106306061184,32.99672527864874],[129.2506944491895,32.99647805411894],[129.250717223621,32.99619194560188]]],[[[129.3124508302417,32.9968263867284],[129.31163055770412,32.99681666685575],[129.31103444928044,32.99605500043799],[129.31294250309406,32.99628777466114],[129.3124508302417,32.9968263867284]]],[[[129.31167722442444,32.99702166731612],[129.31158778235033,32.99709555921277],[129.3113233331054,32.99704638698125],[129.31136472080527,32.99692194599106],[129.31167722442444,32.99702166731612]]],[[[129.23203722373898,32.996289441104864],[129.23145555123278,32.997439441077404],[129.2308002719151,32.996379721347125],[129.23203722373898,32.996289441104864]]],[[[129.5549494415635,32.99790166742804],[129.55460861199788,32.997388613194005],[129.55543749734272,32.997247774864945],[129.5553638914305,32.99781722468521],[129.5549494415635,32.99790166742804]]],[[[129.23491988274645,32.99759709043343],[129.23398424068023,32.99821235981261],[129.23385407280728,32.99808150485762],[129.23478169921611,32.99746432441907],[129.23491988274645,32.99759709043343]]],[[[129.81610243827697,32.99863141420843],[129.81623199730893,32.99881044134884],[129.81595313912612,32.998776667309414],[129.81610243827697,32.99863141420843]]],[[[129.74742875533286,32.9993570268054],[129.74509832682634,32.99848694621562],[129.74574000030088,32.996502774683336],[129.74834027218583,32.99806444112113],[129.74742875533286,32.9993570268054]]],[[[129.26130221802305,32.999484440954234],[129.26093055789897,32.999471107605586],[129.2608611149485,32.99938305408472],[129.2612091696675,32.99941638655707],[129.26130221802305,32.999484440954234]]],[[[129.81771944179889,32.99986972131063],[129.81770130966777,32.9995123873868],[129.81843839221813,32.99969408101708],[129.81771944179889,32.99986972131063]]],[[[129.74940306130225,32.999981107741974],[129.74918917014418,32.99976666709807],[129.74940306130225,32.99972166682153],[129.74940306130225,32.999981107741974]]],[[[129.7439591699798,33.00009444120553],[129.73991805377523,32.99556722524727],[129.7429727755732,32.99418027909667],[129.7462147209327,32.99591666672086],[129.74446360601064,32.997506386610496],[129.7439591699798,33.00009444120553]]],[[[129.26085972819396,32.999915828652604],[129.2608325030177,33.00014777460018],[129.26054165956998,32.9999774951653],[129.26085972819396,32.999915828652604]]],[[[129.81678389056412,33.000298054012035],[129.81624916986334,33.00001610755737],[129.81715138772643,32.9999824953959],[129.81678389056412,33.000298054012035]]],[[[129.74188333324935,32.99973861274685],[129.7398111153907,32.99933833259803],[129.74035277615974,32.99750055900364],[129.74188333324935,32.99973861274685]]],[[[129.2613508299769,33.00118582876303],[129.26134194557437,33.00133777461866],[129.2612027763871,33.00137916231853],[129.26116861204184,33.00123582927017],[129.2613508299769,33.00118582876303]]],[[[129.25984221814394,33.001711387170815],[129.25805583720717,33.00068305377994],[129.259683605614,33.00014972073308],[129.25984221814394,33.001711387170815]]],[[[129.3611322180775,33.00218416166979],[129.3610997282699,33.00245833258606],[129.3608913877274,33.00250777461417],[129.36094277588847,33.00221861289873],[129.3611322180775,33.00218416166979]]],[[[129.2610752786013,33.00175222538496],[129.26124832704875,33.00228249534092],[129.26094527890154,33.002476945854426],[129.26072444857448,33.00197972058771],[129.2610752786013,33.00175222538496]]],[[[129.36057583720515,33.00251082871182],[129.3606569389666,33.00258277537483],[129.36057221833323,33.002672495339425],[129.36047027208542,33.00260082926491],[129.36057583720515,33.00251082871182]]],[[[129.3611349942846,33.002587774706114],[129.36102778160694,33.00275166715579],[129.3609119462294,33.00265944078063],[129.3611349942846,33.002587774706114]]],[[[129.45139555126377,33.00256416210647],[129.45154944235298,33.0026430542336],[129.45140221793804,33.002851667270704],[129.4512816602205,33.00277833295377],[129.45139555126377,33.00256416210647]]],[[[129.26400917018714,33.00264055861493],[129.2642125033044,33.002735559398616],[129.26411499431163,33.0028961081689],[129.26386944162152,33.00280361289646],[129.26400917018714,33.00264055861493]]],[[[129.3585247210391,33.00255389184866],[129.35872917021504,33.00269749469368],[129.35857666677975,33.00303389240025],[129.35840499429514,33.00276777491291],[129.3585247210391,33.00255389184866]]],[[[129.26320360606167,33.00323555907386],[129.2625780538342,33.00297249478484],[129.26301083008582,33.002409440942984],[129.26371639409638,33.00254527904144],[129.26320360606167,33.00323555907386]]],[[[129.26428306141418,33.00336110802874],[129.2643883270597,33.003477494690685],[129.26425555115281,33.00367222489331],[129.2641597283888,33.00349472120445],[129.26428306141418,33.00336110802874]]],[[[129.36253333304694,33.00373666671385],[129.36239917038552,33.00264916242895],[129.3631311151089,33.00271749471665],[129.36253333304694,33.00373666671385]]],[[[129.74692888515995,33.004299162076734],[129.74487778158436,33.002714999997295],[129.74691639357673,33.00029666725743],[129.74873472113052,33.00073082936433],[129.74692888515995,33.004299162076734]]],[[[129.7392851361002,33.00462322468212],[129.73887557674652,33.00474941395436],[129.73884805389469,33.00468502699243],[129.73926374842335,33.00455625216938],[129.7392851361002,33.00462322468212]]],[[[129.4514891697894,33.004695279263785],[129.45023805364337,33.004497774652634],[129.4503783271981,33.00362389172926],[129.45134861204883,33.003703053653055],[129.4514891697894,33.004695279263785]]],[[[129.8038169392005,33.005884162324264],[129.80302749722125,33.00570944113787],[129.80379693917746,33.00529777467261],[129.8038169392005,33.005884162324264]]],[[[129.3620622177972,33.00621805362033],[129.36208111525139,33.006450279257024],[129.3618861089568,33.00643666711852],[129.3620622177972,33.00621805362033]]],[[[129.813745836801,33.007378332843814],[129.81325055766717,33.00536582906983],[129.81549194609647,33.00421582909729],[129.81568583723163,33.006115558786064],[129.813745836801,33.007378332843814]]],[[[129.33927778224393,33.007609721211736],[129.3389897275939,33.00828749527176],[129.338075278951,33.00780166711331],[129.33863082974904,33.00734027893077],[129.33927778224393,33.007609721211736]]],[[[129.54494555129622,33.008393054096246],[129.54312444933396,33.00292472099915],[129.54936778219746,33.00512916168151],[129.54940111466976,33.0015605591725],[129.55439363176072,33.004778080743904],[129.55322165955204,33.00704582920173],[129.54798749732515,33.00713638733447],[129.54494555129622,33.008393054096246]]],[[[129.36133082975402,33.00919944110137],[129.36137055820473,33.00927027890032],[129.36128166022047,33.0093891620802],[129.3612022177083,33.00924555923524],[129.36133082975402,33.00919944110137]]],[[[129.782956109437,33.009440829031064],[129.78279555077415,33.00921527906195],[129.78310333295246,33.00910805379368],[129.78308999960382,33.00941249499073],[129.782956109437,33.009440829031064]]],[[[129.33902917006026,33.00880416208247],[129.33919555093394,33.008861946221884],[129.3392477817598,33.00940472125092],[129.33911333311391,33.00947027913014],[129.33890165968387,33.00886999965081],[129.33902917006026,33.00880416208247]]],[[[129.65022805368176,33.009595278599306],[129.64829444922952,33.00437500010622],[129.64718277566465,32.98737889172253],[129.65159610867352,32.987016667285445],[129.6528227758505,32.990676387305484],[129.65117778182923,32.99694472132188],[129.64883221773277,33.00067666679479],[129.65159250329145,33.00453833317761],[129.65022805368176,33.009595278599306]]],[[[129.5363886117451,33.01033777506831],[129.5356994423754,33.00857916159907],[129.53915861178052,33.00763194615746],[129.53913165999813,33.01031527942666],[129.5363886117451,33.01033777506831]]],[[[129.79557416341697,33.01055166712581],[129.7953599997643,33.01034889158814],[129.7960625033819,33.00976249494323],[129.79610944169747,33.01043333343165],[129.79557416341697,33.01055166712581]]],[[[129.7973136060382,33.01187638738543],[129.79729360601516,33.011014162373726],[129.79803639386455,33.01144249507513],[129.7973136060382,33.01187638738543]]],[[[129.81147082991492,33.01188833308015],[129.81116306122635,33.01181499966253],[129.81140389067707,33.011155278593264],[129.81179861211626,33.01134138699547],[129.81147082991492,33.01188833308015]]],[[[129.34247138814408,33.01239749504839],[129.34226693896812,33.01199222456154],[129.34274916983838,33.011810279121164],[129.34269165999217,33.01221110785639],[129.34247138814408,33.01239749504839]]],[[[129.63117610859058,33.013079162273584],[129.6312427762332,33.01322582910876],[129.63108250265543,33.01322027939244],[129.63117610859058,33.013079162273584]]],[[[129.73541472111253,33.01308749539163],[129.7354549936531,33.013245278746695],[129.73522749665176,33.013273333097914],[129.73519389078547,33.013115558736104],[129.73541472111253,33.01308749539163]]],[[[129.63061416271353,33.01282027893279],[129.63073477259172,33.013463919224534],[129.63016092059013,33.01323516227296],[129.63061416271353,33.01282027893279]]],[[[129.7381041625771,33.014226386938276],[129.73740165985873,33.013899162316534],[129.73765583704733,33.01354416213343],[129.7381041625771,33.014226386938276]]],[[[129.73891360637788,33.014519440919514],[129.7386927760508,33.01481222510415],[129.7383049937805,33.014446108401216],[129.73891360637788,33.014519440919514]]],[[[129.6493255507337,33.01595416175519],[129.64916499386948,33.015801946102954],[129.64975389062965,33.01530027908467],[129.6498208298675,33.01549749501345],[129.6493255507337,33.01595416175519]]],[[[129.75935250301563,33.016503892140975],[129.75882389140952,33.01643638722953],[129.75889749732175,33.015866946402525],[129.75955306082517,33.01597389198156],[129.75935250301563,33.016503892140975]]],[[[129.43566610920368,33.01681027857154],[129.4352649935846,33.01681582918724],[129.43464944181835,33.016494441165605],[129.43474306124335,33.01625749498743],[129.4351913876725,33.016505829280675],[129.435639441607,33.01658472140781],[129.43566610920368,33.01681027857154]]],[[[129.43852972776483,33.01678722535024],[129.43855639356275,33.016916946260096],[129.43836944159648,33.016916946260096],[129.43842944166545,33.01674777479002],[129.43852972776483,33.01678722535024]]],[[[129.25319610861357,33.01703138678914],[129.2525341626216,33.01630416170775],[129.2538183270542,33.01622527857381],[129.25319610861357,33.01703138678914]]],[[[129.34496360558603,33.01774972117272],[129.34508221806993,33.01784694597984],[129.34484778189972,33.01810277522293],[129.3447038912716,33.01780444132197],[129.34496360558603,33.01774972117272]]],[[[129.4378341633161,33.01938082876228],[129.4377536056445,33.01945972088947],[129.43765999970924,33.01935805433078],[129.4377738907525,33.01930166683849],[129.4378341633161,33.01938082876228]]],[[[129.7419777818492,33.0196155590109],[129.74199111519783,33.01972222490082],[129.74179027230332,33.01971110838099],[129.74178360562894,33.0196155590109],[129.7419777818492,33.0196155590109]]],[[[129.77678722425105,33.01976833314211],[129.77467306111294,33.01936222538643],[129.77583055783407,33.018302494864315],[129.77678722425105,33.01976833314211]]],[[[129.43741250268488,33.02037833339341],[129.43717832731807,33.020553053680544],[129.43707138803416,33.02026555930814],[129.43741250268488,33.02037833339341]]],[[[129.61638472057848,33.020633332562284],[129.61619055784809,33.020695559352646],[129.61615055780203,33.020605279110384],[129.61636472055545,33.02056027883384],[129.61638472057848,33.020633332562284]]],[[[129.7440180539901,33.01964361336212],[129.74467389088738,33.02088361298843],[129.7433491697285,33.02028610791757],[129.7440180539901,33.01964361336212]]],[[[129.35313055772917,33.02103333302193],[129.35097722371995,33.01894722513441],[129.34527944209265,33.017661946441706],[129.34275166006114,33.0158747210416],[129.34420972819646,33.010552495401384],[129.34102639435264,33.00732777475707],[129.34572236089832,33.00305111711543],[129.34346083035314,33.00085000032732],[129.34523333295203,32.99789027931297],[129.34972027187314,32.997619720973375],[129.35132470826875,33.00295663074394],[129.35723693863383,33.00419916196182],[129.3621722183732,33.00355082900762],[129.35610666708908,33.00974666687523],[129.35400666737382,33.013794440760876],[129.3549225027714,33.02041861312853],[129.35313055772917,33.02103333302193]]],[[[129.78128306106453,33.02164000038579],[129.77976444877038,33.0215272254012],[129.77962389102981,33.02072666690219],[129.78096888470634,33.0204841620145],[129.78128306106453,33.02164000038579]]],[[[129.62919583741802,33.02160305443749],[129.62916916982135,33.021732775347346],[129.62904861210382,33.02170472099613],[129.62912221801605,33.02158055879579],[129.62919583741802,33.02160305443749]]],[[[129.43345165996618,33.02184972138758],[129.43097639384553,33.02059249524751],[129.43281610907627,33.017339721151245],[129.43818832712964,33.01881138703595],[129.43345165996618,33.02184972138758]]],[[[129.7452691701361,33.0217802793365],[129.7451419457443,33.02206777460816],[129.74491444874286,33.02186472118001],[129.7452691701361,33.0217802793365]]],[[[129.60253610895438,33.022623332600745],[129.60245583726714,33.022516108231855],[129.60260972835636,33.02242027917259],[129.60265666667192,33.022510559414854],[129.60253610895438,33.022623332600745]]],[[[129.35334444888724,33.02310777490396],[129.35263555108986,33.022481945685286],[129.35343138814812,33.022318892303076],[129.35334444888724,33.02310777490396]]],[[[129.24732416337952,33.023198892414996],[129.24544416301774,33.020346386776396],[129.24146306127136,33.01907194581372],[129.232972775873,33.011026946236655],[129.2308049942551,33.006601108154655],[129.2227252790484,33.0020400003458],[129.2221705583247,32.9983302789193],[129.22757165990424,33.000393613274696],[129.2326447733377,33.00075229708091],[129.24020583692993,32.99618222482985],[129.23743861220225,32.99210582912076],[129.24002555073866,32.99110805379371],[129.24598165992575,32.99352138720229],[129.2468641628509,32.9972200002029],[129.25075555092803,32.9970794406637],[129.25456749739215,32.999870278890285],[129.25309610939803,33.007706667228945],[129.25587138755452,33.009409162103225],[129.25720888538183,33.01498500015771],[129.26106055759874,33.019805279090406],[129.25810472075636,33.021006107845665],[129.25419944175087,33.01765138660227],[129.25450133606785,33.01404330565407],[129.24940472065146,33.01332722497153],[129.24647472133142,33.016946667055095],[129.24862194624586,33.02128222489483],[129.24732416337952,33.023198892414996]]],[[[129.6041152788971,33.02321500017217],[129.60349306135572,33.02346861258644],[129.60329221756183,33.02316999989563],[129.6041152788971,33.02321500017217]]],[[[129.7463863943167,33.02285110839199],[129.74615888472476,33.02357833257406],[129.74540972787668,33.022974999896405],[129.7463863943167,33.02285110839199]]],[[[129.63015277632962,33.02424138743015],[129.63033333321687,33.02441610771723],[129.63027972822692,33.024483892317846],[129.63005888530938,33.024297774922445],[129.63015277632962,33.02424138743015]]],[[[129.63093680888664,33.024999999750264],[129.63101583681146,33.02516610812944],[129.63096221833177,33.02525610778321],[129.6308486123736,33.02507027907018],[129.63093680888664,33.024999999750264]]],[[[129.63120306127234,33.02560582894591],[129.63129693880273,33.02572972134959],[129.63120306127234,33.025819999793214],[129.63110277607234,33.02567333295798],[129.63120306127234,33.02560582894591]]],[[[129.61734805366984,33.024692494563],[129.6175086123327,33.024911946229395],[129.6175955506942,33.025802775078034],[129.6173747212664,33.025814162293784],[129.6171136058083,33.02483861281178],[129.61734805366984,33.024692494563]]],[[[129.62116111529326,33.025701387309255],[129.6211744486419,33.02589861313055],[129.6209472241352,33.02584222473894],[129.6209672241581,33.025701387309255],[129.62116111529326,33.025701387309255]]],[[[129.63118306124932,33.026366945877896],[129.63126999961082,33.02647389235631],[129.63124333291353,33.026631946407235],[129.63113639362973,33.02661499958259],[129.63107610937504,33.02648527867274],[129.63118306124932,33.026366945877896]]],[[[129.62092693902707,33.026580828942144],[129.6211813878109,33.02705444070995],[129.62083333309192,33.027189721228694],[129.62092693902707,33.026580828942144]]],[[[129.62261972841782,33.027916946310086],[129.6225997283948,33.028159441305206],[129.62242583728266,33.02819889186543],[129.62239221792663,33.02797333290306],[129.62261972841782,33.027916946310086]]],[[[129.6233822177153,33.02922472064438],[129.62293389128615,33.02882444139493],[129.6228938912401,33.02839055897715],[129.62338888528893,33.0284019461929],[129.6233822177153,33.02922472064438]]],[[[129.75318360613858,33.02948055888072],[129.75318360613858,33.029638612931706],[129.75303639431422,33.02962166700638],[129.75298277583454,33.029508892021795],[129.75318360613858,33.02948055888072]]],[[[129.62366999987069,33.0295122249093],[129.62417194567877,33.03026777503783],[129.62393778200305,33.03038610783267],[129.62357639393554,33.03001416172424],[129.62366999987069,33.0295122249093]]],[[[129.5618741628624,33.030453333054936],[129.56000111515937,33.02643361262119],[129.5640080544282,33.02132610821337],[129.5640613878229,33.01776333331122],[129.56961416276351,33.01908805357084],[129.56749333295102,33.01466277486719],[129.56028722367648,33.01000582900588],[129.5570958373031,33.00880500025062],[129.55486779481294,33.00334175731632],[129.55639972786526,33.000793891624824],[129.56248972811852,33.00082805417139],[129.56197861192345,33.003331108443945],[129.56523138781836,33.004549161914326],[129.57147360642182,33.009448332974216],[129.57726083012324,33.00970194628786],[129.58003083015876,33.01322527872367],[129.58359666725244,33.012876107946056],[129.5867811153563,33.01872194586116],[129.59033360561148,33.02185055865641],[129.58349639374364,33.027578053884156],[129.57430416320665,33.0276233329505],[129.56781499436659,33.03019944095149],[129.5618741628624,33.030453333054936]]],[[[129.61213610919413,33.030504161837655],[129.61224333266375,33.030622775220934],[129.61208944157454,33.03063389174076],[129.61213610919413,33.030504161837655]]],[[[129.62524221805393,33.03076389233979],[129.62500138770395,33.030464999959804],[129.6252555514027,33.03043110810921],[129.62524221805393,33.03076389233979]]],[[[129.7529161090912,33.030912775104525],[129.7529627758115,33.03108194567528],[129.75256138769794,33.03124527874667],[129.7524408299804,33.03108194567528],[129.7529161090912,33.030912775104525]]],[[[129.61356138804763,33.03175027865251],[129.61373527915987,33.03197000011545],[129.61358138807066,33.0320038919661],[129.61338083026112,33.031902495204065],[129.61356138804763,33.03175027865251]]],[[[129.31623666668884,33.03240416222235],[129.31428277622922,33.03237110764053],[129.3146111151109,33.03203638716957],[129.31623666668884,33.03240416222235]]],[[[129.61734805366984,33.03230833316309],[129.61743499383,33.032438054073],[129.6172541626496,33.03252833341588],[129.61716722428798,33.03231972127816],[129.61734805366984,33.03230833316309]]],[[[129.7556322181524,33.03218110787191],[129.75353832663257,33.02924416218838],[129.7549966672625,33.02895666691671],[129.7556322181524,33.03218110787191]]],[[[129.3171763943751,33.032438332862796],[129.31744306134829,33.032569721115806],[129.31741306086417,33.03271444091877],[129.31699610908322,33.032558333000736],[129.3171763943751,33.032438332862796]]],[[[129.61392277611526,33.03290027862499],[129.61342083030718,33.032550829057584],[129.6138155508471,33.032381666580704],[129.61392277611526,33.03290027862499]]],[[[129.62736238686477,33.03237744066638],[129.62722455317066,33.0327876942967],[129.62738535734843,33.03319405386253],[129.62731185485825,33.033221162127006],[129.62712808019683,33.03277222505818],[129.62736238686477,33.03237744066638]]],[[[129.63690999979667,33.032990828663856],[129.63703055841358,33.03308666671637],[129.63694999984273,33.03322749515286],[129.63682972810955,33.0330752786013],[129.63690999979667,33.032990828663856]]],[[[129.41995722384684,33.032769440757136],[129.4197230610705,33.03322027899276],[129.41929472117454,33.03271889166359],[129.41995722384684,33.032769440757136]]],[[[129.4215561087275,33.03283166664812],[129.42138221761536,33.03337249464494],[129.42104082957064,33.03296694626761],[129.4215561087275,33.03283166664812]]],[[[129.4189402722758,33.03328222519457],[129.4183786123831,33.03301749536115],[129.41876639375414,33.03269638702869],[129.41916111519333,33.03273000008949],[129.4189402722758,33.03328222519457]]],[[[129.75903082990897,33.03360749469016],[129.75778639392695,33.034317774745546],[129.7575655510094,33.032778891732505],[129.75870306119737,33.03226582940454],[129.75903082990897,33.03360749469016]]],[[[129.32549645879465,33.03715188295308],[129.3253022825744,33.03712965800736],[129.32530617394082,33.037031324336226],[129.32550228280422,33.03703104464705],[129.32549645879465,33.03715188295308]]],[[[129.3335021274213,33.03761297256068],[129.33380185527142,33.037945198312286],[129.33356796409032,33.03790019803574],[129.3335021274213,33.03761297256068]]],[[[129.7474630608716,33.03781833274991],[129.7476238911297,33.03806638735392],[129.74732944229993,33.03834249540989],[129.74722888460542,33.037880278951775],[129.7474630608716,33.03781833274991]]],[[[129.32634779481498,33.03863136934228],[129.32610613528993,33.038633035786006],[129.32565085620206,33.03839303640956],[129.32577195800957,33.03831330611422],[129.32612696538718,33.03842025169331],[129.32634779481498,33.03863136934228]]],[[[129.3332585208641,33.03866991878175],[129.33347713436228,33.03881186507556],[129.33341907862768,33.038946305627576],[129.3331054598492,33.038887143726754],[129.3332585208641,33.03866991878175]]],[[[129.33513657599224,33.04037714408997],[129.33420907908578,33.03983658588976],[129.33465852067422,33.03956547716507],[129.33513657599224,33.04037714408997]]],[[[129.3357679639205,33.04064103575524],[129.33592351515813,33.04076047741415],[129.33575629072027,33.0408263059893],[129.3357679639205,33.04064103575524]]],[[[129.33242379981857,33.041496585998686],[129.33242601844609,33.04175270302488],[129.33226102522622,33.04175158606688],[129.33242379981857,33.041496585998686]]],[[[129.6404897278187,33.04433889242597],[129.64043610933902,33.044496945577635],[129.64034250340387,33.044463053726986],[129.64040277596735,33.044355829358096],[129.6404897278187,33.04433889242597]]],[[[129.6407036063864,33.04469416240573],[129.64064360631744,33.04482944112584],[129.64053639363976,33.04472249464749],[129.6407036063864,33.04469416240573]]],[[[129.63781360621306,33.04485194576074],[129.63762610925755,33.04482944112584],[129.63770639443464,33.044728054256325],[129.63781360621306,33.04485194576074]]],[[[129.63738732756315,33.04486474761006],[129.63005917039447,33.03814889205779],[129.62822011706487,33.03419369438353],[129.62939027174366,33.027533612985906],[129.6383352786503,33.03530805422338],[129.63735861221028,33.03755722538568],[129.63738732756315,33.04486474761006]]],[[[129.63810111497457,33.04782861270036],[129.63798082975154,33.04795249521152],[129.63776000032385,33.04796389231984],[129.63778000034677,33.04782305399078],[129.63810111497457,33.04782861270036]]],[[[129.645988885179,33.050168054212406],[129.6460158369614,33.050275278581296],[129.6458552791978,33.050263892264866],[129.6458686116472,33.050168054212406],[129.645988885179,33.050168054212406]]],[[[129.59756499392938,33.05135110786739],[129.5976922183213,33.051559720904436],[129.59751832720906,33.051571108120186],[129.59741778210503,33.05142999999458],[129.59756499392938,33.05135110786739]]],[[[129.73238944221907,33.05625249485678],[129.73228888542383,33.055215000072224],[129.73298472056842,33.05512472072934],[129.73327917029758,33.05602110828755],[129.73238944221907,33.05625249485678]]],[[[129.60260277569762,33.05704499992686],[129.60243555125976,33.05705638714261],[129.60224138763,33.05685916222063],[129.60242888458538,33.056785828803015],[129.60260277569762,33.05704499992686]]],[[[129.63435444939842,33.05729333332073],[129.63440166020848,33.0575169461502],[129.63415416318412,33.05764666706011],[129.633993891405,33.05742666680726],[129.63435444939842,33.05729333332073]]],[[[129.64133333326674,33.05937194625835],[129.6413736058073,33.059558053761236],[129.64117277640253,33.05951861309359],[129.64133333326674,33.05937194625835]]],[[[129.7518783274229,33.060424440835334],[129.75123610895935,33.06029472082474],[129.75139000004856,33.06000722465376],[129.7518783274229,33.0600861077877],[129.7518783274229,33.060424440835334]]],[[[129.64695221827037,33.06061416181416],[129.64588165991074,33.06038305403479],[129.647052502571,33.059559999894134],[129.6478619463718,33.06046749497898],[129.64695221827037,33.06061416181416]]],[[[129.6427438911178,33.0633708294003],[129.64078389066412,33.06285222455057],[129.64081055826068,33.060557775221184],[129.64436944179636,33.06232777500685],[129.6427438911178,33.0633708294003]]],[[[129.60486360567097,33.06307694624411],[129.6047433330384,33.06335889179945],[129.60456972791064,33.06324610782167],[129.60486360567097,33.06307694624411]]],[[[129.56711111478614,33.06529777527214],[129.5664219463158,33.063865828844996],[129.57004138839943,33.06339249496773],[129.57034916967848,33.06485805355641],[129.56711111478614,33.06529777527214]]],[[[129.60877778166935,33.065298054062],[129.6055327759169,33.062998054116974],[129.6046433329235,33.05681389214743],[129.60183333284215,33.05560749479008],[129.60209185465544,33.05107735963247],[129.59845499360313,33.052371666619194],[129.5970099998117,33.04868472142283],[129.59179832693133,33.04661027864148],[129.58971805384522,33.04105722491107],[129.59051099868373,33.039078198400205],[129.58714221833873,33.03569055927193],[129.5875038905922,33.027843054413495],[129.59356499382943,33.02748833302019],[129.59965277635456,33.02355333321981],[129.60839221802655,33.023680000032016],[129.6101291704249,33.03043666681879],[129.61304442266203,33.03110206261016],[129.6130377820681,33.034179162238615],[129.6180595460113,33.034010765984135],[129.6183583268753,33.0298955591328],[129.6248341632661,33.03302444082533],[129.6291091697525,33.03977249480482],[129.63034027238575,33.04445722522081],[129.63464888473834,33.050827775281675],[129.6302733331479,33.053302224817855],[129.63280221774824,33.05697222498827],[129.63838194626987,33.060360559292405],[129.63680972808652,33.06223194594759],[129.62949722361805,33.06395110795734],[129.62314805403958,33.059790828883706],[129.6213419455744,33.060760558852735],[129.61160083001437,33.06145916211068],[129.60877778166935,33.065298054062]]],[[[129.6082288849551,33.06549555867315],[129.60818888490917,33.065647775224704],[129.60810861232267,33.06567027896028],[129.60810861232267,33.065478612747825],[129.6082288849551,33.06549555867315]]],[[[129.66680221814795,33.07302805440122],[129.66682250325596,33.07316361281056],[129.66671527888707,33.07324805375475],[129.66661499368706,33.07310138691952],[129.66680221814795,33.07302805440122]]],[[[129.59746416284088,33.07581749508137],[129.5974774970889,33.07589638720856],[129.59722333339016,33.075879441283234],[129.5973236059997,33.07578361312329],[129.59746416284088,33.07581749508137]]],[[[129.59963861203244,33.076009162193145],[129.599411115031,33.07607110839501],[129.5993777816593,33.075879441283234],[129.59979250312153,33.075873891566914],[129.59963861203244,33.076009162193145]]],[[[129.59878888489914,33.075839999716266],[129.59892277596543,33.075998053767194],[129.59871527898702,33.076234721155515],[129.59854138787477,33.07612194617093],[129.59878888489914,33.075839999716266]]],[[[129.6008361087994,33.077029441255775],[129.60075583711227,33.07727749496047],[129.6005216599467,33.07746916207225],[129.6003141629683,33.0774352792148],[129.6006822177102,33.077029441255775],[129.6008361087994,33.077029441255775]]],[[[129.60224083005028,33.07736777520273],[129.60222749670163,33.077480559180515],[129.601886667136,33.07756500012471],[129.60189999958538,33.077384721128055],[129.60224083005028,33.07736777520273]]],[[[129.60159221830634,33.078264161861625],[129.60177277609284,33.07842194611595],[129.60147832726307,33.0784613867836],[129.60159221830634,33.078264161861625]]],[[[129.60030749719328,33.07811194620939],[129.60042111484267,33.078596667302406],[129.5996449936216,33.07808944067517],[129.60030749719328,33.07811194620939]]],[[[129.60394027172617,33.08050777521373],[129.60414778219445,33.08058110773197],[129.60426165974786,33.08078389226284],[129.60407416279247,33.08083472104562],[129.60394027172617,33.08050777521373]]],[[[129.60438832656007,33.08102638725802],[129.60426805392763,33.08115610816793],[129.60416111464383,33.08108833256057],[129.60428138817554,33.08101500004227],[129.60438832656007,33.08102638725802]]],[[[129.60426805392763,33.08151694585041],[129.60416778221747,33.08131389242226],[129.6046827762891,33.08115610816793],[129.60456917033105,33.08137027901523],[129.60426805392763,33.08151694585041]]],[[[129.70448972761892,33.0897308291145],[129.70483306089716,33.09012166728115],[129.70444416256817,33.09028361269861],[129.70407082970507,33.08984777515474],[129.70448972761892,33.0897308291145]]],[[[129.6236113883549,33.09208194562535],[129.6233569386718,33.09208194562535],[129.62329000033333,33.09195222471544],[129.62355778156643,33.091974721256406],[129.6236113883549,33.09208194562535]]],[[[129.62752805367677,33.09214389182722],[129.62731360583825,33.09208749534167],[129.62742749688152,33.09194666690519],[129.62755472127344,33.09200305439748],[129.62752805367677,33.09214389182722]]],[[[129.62706583721865,33.09288805384068],[129.62677805416388,33.0926963867289],[129.62726027244366,33.092533053657576],[129.6274141626336,33.09226249531798],[129.62765499388297,33.092391946431235],[129.6274877820356,33.092634441426355],[129.62706583721865,33.09288805384068]]],[[[129.96415424112536,32.88381541375037],[129.96405194594058,32.883950829167475],[129.96390793840067,32.88394968522982],[129.9639316472278,32.8837439005606],[129.96436583721368,32.883668891706066],[129.96437031134087,32.88383535981404],[129.96415424112536,32.88381541375037]]],[[[129.96647297035133,32.89044255927672],[129.96529661484692,32.89048427882648],[129.9652956678608,32.890465431734356],[129.96647200987547,32.890423721177854],[129.96647297035133,32.89044255927672]]],[[[129.9530451362241,32.89543255017213],[129.95258578500602,32.89517180163739],[129.95298206227244,32.895010476752134],[129.9530451362241,32.89543255017213]]],[[[129.94213664129302,32.90419875656744],[129.9398430867891,32.902700522910834],[129.9410682359104,32.89987429726108],[129.94330629055298,32.903439108228326],[129.94213664129302,32.90419875656744]]],[[[129.9469644232696,32.90728268474817],[129.94603961083942,32.90841382863533],[129.94601487678517,32.90838388300983],[129.94693097298602,32.907263234210916],[129.9469644232696,32.90728268474817]]],[[[129.90185651136892,32.92902670272019],[129.9006509467838,32.92678814355804],[129.90715308744507,32.92070057687016],[129.90640182888137,32.91603717117857],[129.9130185080977,32.90822942264981],[129.91832709461983,32.90362148624263],[129.9211563419916,32.90684393699814],[129.92374190726332,32.9051404141988],[129.92677147862094,32.90786039574073],[129.92361212699814,32.91082001782962],[129.92585476008912,32.91305961301077],[129.917385785026,32.92099200038058],[129.91457985707484,32.91917327892372],[129.90399365758128,32.92908564878371],[129.90185651136892,32.92902670272019]]],[[[129.92765494202206,32.934692649246415],[129.92726042832612,32.93546681084467],[129.927226043647,32.9354545773669],[129.92765494202206,32.934692649246415]]],[[[129.94316573281242,32.97721766686186],[129.9440848120645,32.97864080173167],[129.94401810575107,32.97867143174125],[129.94316573281242,32.97721766686186]]],[[[129.77578306103953,32.5483275593694],[129.7757124120982,32.548178828590096],[129.77586610893388,32.54815386520875],[129.7758991437306,32.54830161302908],[129.77578306103953,32.5483275593694]]],[[[129.77550678301168,32.54830094573214],[129.77557294433598,32.548459972849514],[129.77546345007818,32.548513054433954],[129.7754184947678,32.548369748365246],[129.77550678301168,32.54830094573214]]],[[[129.77512736713436,32.54916680220623],[129.77481311343445,32.54908280192984],[129.77516758841352,32.54887513497954],[129.77512736713436,32.54916680220623]]],[[[129.77388046701003,32.54971333280412],[129.773689754079,32.54966674792212],[129.77391910458311,32.54942438692598],[129.77395538323447,32.54955913504608],[129.77388046701003,32.54971333280412]]],[[[129.77389652440513,32.55114358580789],[129.77399586261902,32.551347359593024],[129.77386800330578,32.5513246400202],[129.77389652440513,32.55114358580789]]],[[[129.78107147936532,32.552209946132166],[129.780983890794,32.552228892149685],[129.78086296975027,32.552037720564385],[129.78109936374472,32.55210661312975],[129.78107147936532,32.552209946132166]]],[[[129.78739797703508,32.555125585977066],[129.78718163432507,32.555376693779465],[129.78692063577876,32.55473374776432],[129.7872215300497,32.55472694619169],[129.78739797703508,32.555125585977066]]],[[[129.78769442325904,32.55539005410776],[129.7876771077124,32.55521216191181],[129.78786963727396,32.55521413502436],[129.78793992198985,32.555308667261215],[129.78769442325904,32.55539005410776]]],[[[129.78715022010658,32.55557913476929],[129.78734671927577,32.555283161588704],[129.7875738385619,32.555380864835115],[129.78715022010658,32.55557913476929]]],[[[129.78795160778054,32.5556719187241],[129.7878778076148,32.5554987479689],[129.7879959137805,32.5555072249785],[129.78795160778054,32.5556719187241]]],[[[129.7855493000602,32.55577308076312],[129.78538241196884,32.55589853169192],[129.78538474660888,32.55576225202634],[129.7855493000602,32.55577308076312]]],[[[129.7740006614015,32.55783789180532],[129.77399080393252,32.55795316240858],[129.77383338480297,32.55794738696238],[129.77380108924888,32.55782641375805],[129.7740006614015,32.55783789180532]]],[[[129.7911020489205,32.55803455914764],[129.79101513573994,32.558064162131416],[129.790897081735,32.558014667043324],[129.79104483764922,32.55792682935976],[129.7911020489205,32.55803455914764]]],[[[129.77444999956788,32.5599229187078],[129.77422252864687,32.55987977463195],[129.7743756939832,32.55979077502428],[129.77444999956788,32.5599229187078]]],[[[129.79078869004604,32.56013102722517],[129.7905706359262,32.56000627866689],[129.79067571990856,32.559903693900424],[129.79076652355627,32.55998780209546],[129.79078869004604,32.56013102722517]]],[[[129.77447538293268,32.56213955869373],[129.77443891092707,32.561979829205825],[129.77462211361967,32.562027864694244],[129.77447538293268,32.56213955869373]]],[[[129.74040941636156,32.56704808090427],[129.7400840335514,32.56688041399997],[129.74037277618277,32.56673305378746],[129.74040941636156,32.56704808090427]]],[[[129.7761652792043,32.56740846802643],[129.7759706362359,32.56734758572253],[129.77615330742924,32.56725580181387],[129.7761652792043,32.56740846802643]]],[[[129.77645894922114,32.56718030642605],[129.7765146945975,32.567299586207014],[129.77633063575036,32.567541135115334],[129.7762388590362,32.56747838671822],[129.77645894922114,32.56718030642605]]],[[[129.74035736719884,32.56829072094007],[129.74024914368306,32.568210026571535],[129.74034919595874,32.56810405405889],[129.74048683539922,32.56816527900446],[129.74035736719884,32.56829072094007]]],[[[129.73953914421622,32.56913989229224],[129.73939710799016,32.56924405357029],[129.73933165982828,32.569143198200095],[129.73953914421622,32.56913989229224]]],[[[129.73902097283974,32.56908641410678],[129.73890094662147,32.56925077510323],[129.73868552481713,32.56930033314393],[129.7389153834382,32.56907046822755],[129.73902097283974,32.56908641410678]]],[[[129.78660180273107,32.57077866660222],[129.78647230934962,32.56695658567793],[129.7795955246138,32.56899891906494],[129.77536805359284,32.56550277493318],[129.77497321704038,32.56091333308393],[129.77404066144743,32.55792789235841],[129.77508763868366,32.55652533307773],[129.77300133564324,32.55367082914552],[129.77533713400157,32.549207359831826],[129.77868603123545,32.550709558599294],[129.78176924805246,32.554865802414895],[129.78460147937483,32.55620800009916],[129.7895547473538,32.5559364138345],[129.79113827541119,32.55709053180266],[129.79011066057853,32.55860905416455],[129.79069664083738,32.56410702711764],[129.7890233073798,32.56899680206084],[129.78660180273107,32.57077866660222]]],[[[129.78483063562544,32.57198591921485],[129.78330092120063,32.57150877491006],[129.78349053156285,32.569863531776605],[129.78513080414336,32.5707862523837],[129.78483063562544,32.57198591921485]]],[[[129.78541455283937,32.572203198119155],[129.7851786903443,32.57218100015308],[129.78510172456504,32.57188997324374],[129.78542983142165,32.572083667427364],[129.78541455283937,32.572203198119155]]],[[[129.78034481186364,32.57246882907327],[129.78012603109153,32.5724611983257],[129.78011616103208,32.57237482923506],[129.7803045267326,32.572389386560985],[129.78034481186364,32.57246882907327]]],[[[129.73745355433812,32.57372538701702],[129.73748286594162,32.573806414134765],[129.73732769062053,32.57385189195128],[129.7372695332624,32.573765333103665],[129.73745355433812,32.57372538701702]]],[[[129.77850172507465,32.57394316234712],[129.7783843581517,32.57397897335102],[129.77850208840073,32.57364646791024],[129.77855408630205,32.57386289155926],[129.77850172507465,32.57394316234712]]],[[[129.73700166029846,32.574172027217344],[129.73721508380913,32.57396699977727],[129.73728907912778,32.57407994563306],[129.73700166029846,32.574172027217344]]],[[[129.77742097289968,32.57511530632638],[129.77734131005343,32.57531633268263],[129.77721510998936,32.57528774773141],[129.77728194580527,32.57513158585408],[129.77742097289968,32.57511530632638]]],[[[129.75288128374427,32.57627561342889],[129.752698637732,32.576212224714425],[129.752879001265,32.57611049520324],[129.75288128374427,32.57627561342889]]],[[[129.73666119315965,32.5764604142168],[129.73640780827384,32.57633338677641],[129.73660725002458,32.5761988023329],[129.73680566834696,32.576272197803746],[129.73666119315965,32.5764604142168]]],[[[129.78610955880913,32.57644549536337],[129.7862058627104,32.57672153237286],[129.78613230895894,32.5768349458761],[129.78604569435333,32.576530612597765],[129.78610955880913,32.57644549536337]]],[[[129.78644949444868,32.57693866738566],[129.78623800268178,32.576913359563946],[129.7861900517296,32.57657410830848],[129.78629992190395,32.57658746773751],[129.78631644604718,32.57679413464166],[129.78644949444868,32.57693866738566]]],[[[129.73540894926361,32.57897625235222],[129.73521513636956,32.578910775412],[129.73536350202403,32.57879372055379],[129.73540894926361,32.57897625235222]]],[[[129.78666102488648,32.578174666827465],[129.78623814477464,32.577393387095185],[129.78414338540892,32.57432110783293],[129.78407169865,32.57363527944466],[129.78630766506672,32.577114748347014],[129.78666102488648,32.578174666827465]]],[[[129.76065513592584,32.58100764009055],[129.76061658918434,32.58105227883965],[129.7603907262511,32.58103280222207],[129.7604015298068,32.5809735593823],[129.76065513592584,32.58100764009055]]],[[[129.73575438425746,32.580741359825936],[129.7357448901147,32.5810550541475],[129.73559955877272,32.580997135109726],[129.73558661483048,32.58077413471858],[129.73575438425746,32.580741359825936]]],[[[129.73645461708702,32.58138882943098],[129.73634263260647,32.58120946774278],[129.73660771677282,32.58120419771558],[129.73645461708702,32.58138882943098]]],[[[129.73692450116482,32.581366467788314],[129.73680024633438,32.581501531570495],[129.7367280541564,32.581436999817754],[129.73692450116482,32.581366467788314]]],[[[129.737193449718,32.5818442254307],[129.73730574626325,32.58170077457112],[129.73743175117443,32.58181561260051],[129.737193449718,32.5818442254307]]],[[[129.73763744501218,32.58194174791339],[129.73740031087573,32.581924891920266],[129.73743130960736,32.581854585620704],[129.73760155576724,32.58185841403463],[129.73763744501218,32.58194174791339]]],[[[129.76221944187375,32.58182930567796],[129.7624373673907,32.58192525164907],[129.76228819684286,32.58202269409213],[129.76221944187375,32.58182930567796]]],[[[129.76558036304334,32.58284030643506],[129.7653979769351,32.58290797322445],[129.765329143725,32.58278889219366],[129.76561644564254,32.58275736016407],[129.76558036304334,32.58284030643506]]],[[[129.73939800281562,32.583323972623305],[129.73929208785967,32.58346938670286],[129.7391343063033,32.58337905429994],[129.73920172487976,32.5832931348703],[129.73939800281562,32.583323972623305]]],[[[129.73821574596002,32.58364853165449],[129.7383305057483,32.58341916226459],[129.73870922195306,32.583517468056755],[129.73835994775345,32.583673054368035],[129.73821574596002,32.58364853165449]]],[[[129.7925601170558,32.585345162049634],[129.7923708304495,32.58534616209573],[129.7924698565987,32.58523653204037],[129.7925601170558,32.585345162049634]]],[[[129.7908433589339,32.5854803598308],[129.79083282697343,32.58535594582031],[129.7909654472976,32.585227386834504],[129.79103150519984,32.58542836013078],[129.7908433589339,32.5854803598308]]],[[[129.74307961143495,32.58562982895347],[129.7426670564396,32.585626387248],[129.74275680877975,32.585450360246],[129.74299050570733,32.58540535996946],[129.74307961143495,32.58562982895347]]],[[[129.74396483840667,32.58583444090675],[129.7438496370512,32.585781279282685],[129.74394516213954,32.58569966670632],[129.74407147911552,32.58576569403158],[129.74396483840667,32.58583444090675]]],[[[129.794462283008,32.58574358599776],[129.79444070017826,32.585849946118174],[129.7942903632097,32.58578077476301],[129.79438450064424,32.58570316237109],[129.794462283008,32.58574358599776]]],[[[129.79673924771816,32.587260946435606],[129.7968179509877,32.58738105359282],[129.7967240860478,32.58753982890005],[129.79667700384073,32.58731033270573],[129.79673924771816,32.587260946435606]]],[[[129.74543425418756,32.587890972790206],[129.74516014262656,32.5878865589176],[129.74523658859778,32.587792972767545],[129.74536569437134,32.58779805393709],[129.74543425418756,32.587890972790206]]],[[[129.7994105840313,32.58827736021203],[129.79946036330523,32.58838282910432],[129.79937221805346,32.588432198287364],[129.79928805410043,32.58829874788893],[129.7994105840313,32.58827736021203]]],[[[129.74982099874012,32.59239405364269],[129.74983347593422,32.59224541369491],[129.75018374838135,32.592175747712645],[129.75025014263008,32.59225974798903],[129.74982099874012,32.59239405364269]]],[[[129.7504295330965,32.592938108407054],[129.75065192015006,32.592584946438194],[129.7508744753768,32.59278227927882],[129.7504295330965,32.592938108407054]]],[[[129.75561108858096,32.59319838659633],[129.75463963730942,32.59293686464463],[129.75555038883942,32.59264661295089],[129.75561108858096,32.59319838659633]]],[[[129.75833333281707,32.593621306278294],[129.7583540855727,32.593784107850354],[129.75822999981472,32.593757026565584],[129.75833333281707,32.593621306278294]]],[[[129.76126744473686,32.59641880218601],[129.76094221840867,32.59598082875232],[129.76132518840677,32.59539249496771],[129.76162194579626,32.59533669383342],[129.76152405998744,32.59625919770389],[129.76126744473686,32.59641880218601]]],[[[129.76025199683227,32.59635027924202],[129.76020444877634,32.596487828750355],[129.76005461722684,32.59636097308049],[129.7601273022333,32.59629599976063],[129.76025199683227,32.59635027924202]]],[[[129.76945111527687,32.59705749530724],[129.76937491571982,32.597156053808874],[129.76912713361037,32.597052414137636],[129.7692610894278,32.59691846821278],[129.76945111527687,32.59705749530724]]],[[[129.76085616138278,32.59834782908911],[129.75998350243674,32.59811146836961],[129.76002153026946,32.59770413483801],[129.76079530515926,32.59774535976061],[129.76085616138278,32.59834782908911]]],[[[129.82201858608892,32.60525077510323],[129.82208461701157,32.60533258642977],[129.82196360603564,32.60540144122359],[129.82189250293675,32.6052975587354],[129.82201858608892,32.60525077510323]]],[[[129.70710224377365,32.609789613000316],[129.70543581081404,32.60894519816242],[129.70596321732864,32.60830033299402],[129.70710224377365,32.609789613000316]]],[[[129.82630488985887,32.61050055855401],[129.82618949424977,32.610470468137635],[129.8262030866032,32.61036402707822],[129.82633549918398,32.610391360173196],[129.82630488985887,32.61050055855401]]],[[[129.82739488976245,32.61061858557929],[129.82742552516788,32.610805613088644],[129.8271943319529,32.61086900000441],[129.82726228292813,32.61065886531446],[129.82739488976245,32.61061858557929]]],[[[129.8315444749976,32.61099827934714],[129.83155641979295,32.61114686533563],[129.83142177689354,32.611153252320776],[129.83139111540777,32.61106261324903],[129.8315444749976,32.61099827934714]]],[[[129.7028028656598,32.611491532308435],[129.70285247676043,32.611558162179506],[129.7027350315965,32.61164177484807],[129.70268630363012,32.61153894636533],[129.7028028656598,32.611491532308435]]],[[[129.70306805414748,32.61167469363227],[129.70293916960702,32.611634946295794],[129.70287941595234,32.61151519796806],[129.70295116656314,32.61138944126975],[129.7031534501716,32.61140736026152],[129.70303861214234,32.61151682933826],[129.70306805414748,32.61167469363227]]],[[[129.7829615818116,32.612726386913266],[129.78280530482107,32.61273855923719],[129.78253466913975,32.61267163978442],[129.7828168871897,32.61258819798701],[129.7829615818116,32.612726386913266]]],[[[129.705557081694,32.614460162006935],[129.70533875507954,32.614456197795334],[129.70503610892933,32.61421905376636],[129.70527000011043,32.61417582875157],[129.705557081694,32.614460162006935]]],[[[129.7869255253927,32.614323197957276],[129.78680014281235,32.61449813498098],[129.78607247706327,32.61412672127125],[129.78627094664694,32.614049161939306],[129.7869255253927,32.614323197957276]]],[[[129.7904214401974,32.61481105408694],[129.79026027179418,32.614760468121176],[129.7904209212885,32.61467605415663],[129.7904214401974,32.61481105408694]]],[[[129.70660522714957,32.61551716218736],[129.70643124520586,32.61556797298363],[129.70641024603606,32.61547655869629],[129.70660522714957,32.61551716218736]]],[[[129.7065541627445,32.615689612585584],[129.70730241217666,32.61542333322029],[129.70747360622204,32.61563453180827],[129.7065541627445,32.615689612585584]]],[[[129.70505396856584,32.61578972061915],[129.70488377366723,32.61573022506991],[129.70498114056727,32.61562616181794],[129.70505396856584,32.61578972061915]]],[[[129.7060628658087,32.61575144097628],[129.70535941610422,32.61562572115014],[129.7054422832349,32.61541980158262],[129.7060628658087,32.61575144097628]]],[[[129.7045802201011,32.61616682883613],[129.70419527878914,32.61590097305151],[129.7041791053815,32.61548994600423],[129.70481297004255,32.61576180206555],[129.7045802201011,32.61616682883613]]],[[[129.7037648119965,32.616432467884124],[129.70351002596703,32.61637633310136],[129.70344839182985,32.61621682934327],[129.7036900000935,32.61628453210551],[129.7037648119965,32.616432467884124]]],[[[129.70355224374111,32.61667919778682],[129.70375175114248,32.61682613531792],[129.70350924805336,32.61683869435029],[129.70355224374111,32.61667919778682]]],[[[129.7038767829872,32.61721713536258],[129.7037619458572,32.61728108075732],[129.70348175128186,32.61701938703516],[129.70389783431767,32.61696253189541],[129.7038767829872,32.61721713536258]]],[[[129.79056319133826,32.62029666675784],[129.79055666675686,32.62045008120634],[129.79042824896453,32.62045146796095],[129.79042655014518,32.620351720555504],[129.79056319133826,32.62029666675784]]],[[[129.83868328080882,32.620995225049626],[129.83868391662952,32.62110749461522],[129.83853861226726,32.62123055874332],[129.83849719758769,32.621015585700775],[129.83868328080882,32.620995225049626]]],[[[129.790037561884,32.62526382926234],[129.79003391693175,32.62545169404052],[129.78992555132322,32.6254298288236],[129.790037561884,32.62526382926234]]],[[[129.79037430582957,32.62566030617825],[129.79043603079822,32.62576116244776],[129.7903342284419,32.62591838732379],[129.79021055817077,32.6259044406375],[129.79037430582957,32.62566030617825]]],[[[129.73878208772328,32.62660236041063],[129.73888919607964,32.62673122516594],[129.73878555101248,32.62678469435821],[129.73870252919846,32.626667892209525],[129.73878208772328,32.62660236041063]]],[[[129.79111133621927,32.627008612957184],[129.79120839195377,32.62712705367062],[129.79103494240871,32.62731369357215],[129.7909235541788,32.627143054408464],[129.79111133621927,32.627008612957184]]],[[[129.73910124542624,32.629610865149345],[129.7363495852652,32.62625435965106],[129.73814024607555,32.62609397275867],[129.73910124542624,32.629610865149345]]],[[[129.74721272378827,32.63217227912742],[129.74667481229278,32.63172880184277],[129.7472492218742,32.63137300036374],[129.7476511154067,32.63153074774584],[129.74721272378827,32.63217227912742]]],[[[129.7966613880127,32.63570544115322],[129.79654444916707,32.635792829175784],[129.79632869011698,32.63585025178776],[129.79635980486114,32.635720494904945],[129.7965829176676,32.63566208124013],[129.7966613880127,32.63570544115322]]],[[[129.79681766500335,32.63578316236311],[129.79660732796583,32.63601902665681],[129.79645775632048,32.63600982929023],[129.7966563293262,32.63575505405254],[129.79681766500335,32.63578316236311]]],[[[129.79633841808356,32.6359251617169],[129.79642608309734,32.635969865217135],[129.79633050584823,32.6361104139645],[129.79624978000345,32.63606027855906],[129.79633841808356,32.6359251617169]]],[[[129.74579250272188,32.63619255893951],[129.74566516231744,32.636355224713895],[129.74551761324733,32.63622346773889],[129.7455898566866,32.63605597260511],[129.74579250272188,32.63619255893951]]],[[[129.74635639383257,32.63633474805022],[129.74581885915313,32.63475833273094],[129.74725713410953,32.634445748172766],[129.74708518823093,32.636298694229424],[129.74635639383257,32.63633474805022]]],[[[129.84949177742362,32.63860555869962],[129.84935985677203,32.63874938727446],[129.8493124768894,32.63867908097484],[129.84949177742362,32.63860555869962]]],[[[129.79786263315407,32.63920922502575],[129.797597393405,32.63921689174623],[129.79757263327042,32.63866827921777],[129.79780302159224,32.63881705406385],[129.79786263315407,32.63920922502575]]],[[[129.79712832681093,32.63948382941527],[129.79659197114256,32.63944146774958],[129.79646338517716,32.639041720898774],[129.79716016910663,32.639053494822974],[129.79712832681093,32.63948382941527]]],[[[129.7962319968093,32.63913686467464],[129.79653282722825,32.639416080787555],[129.796104162677,32.63948274843017],[129.7962319968093,32.63913686467464]]],[[[129.8559004668332,32.64061166739458],[129.85594635474058,32.64054661313571],[129.85613522675942,32.64054958629441],[129.85605347568742,32.64065172139988],[129.8559004668332,32.64061166739458]]],[[[129.80139741935545,32.640740161629196],[129.80131372215067,32.64086644083363],[129.80094228325981,32.64099213457939],[129.8009079768217,32.64090358643142],[129.80124094721202,32.640739197556],[129.80139741935545,32.640740161629196]]],[[[129.8012921402202,32.64138846760375],[129.8010640595587,32.64132777505682],[129.801321634386,32.641253134924284],[129.8012921402202,32.64138846760375]]],[[[129.8605642538373,32.64211249469594],[129.86036119321454,32.64221625217834],[129.8603146685872,32.64214899997643],[129.8605642538373,32.64211249469594]]],[[[129.8022422182039,32.64211313501323],[129.80222844418745,32.64235738728365],[129.80215469528298,32.64248102697786],[129.80208085644642,32.64246208096034],[129.80215978004992,32.64231236002746],[129.8021752268054,32.642124828897806],[129.8022422182039,32.64211313501323]]],[[[129.80221031115695,32.64333291877921],[129.80225849503358,32.64361930608618],[129.8021482750229,32.6438406130539],[129.8019970036588,32.64379986477201],[129.80221031115695,32.64333291877921]]],[[[129.80189055810285,32.64393916166301],[129.80174333278865,32.64367897340594],[129.80195238739282,32.643622225285526],[129.80189055810285,32.64393916166301]]],[[[129.8717366674133,32.64398525191791],[129.87166124487067,32.64409991907604],[129.87156014308619,32.644005612569],[129.87161977982908,32.64394061316881],[129.8717366674133,32.64398525191791]]],[[[129.8030174445995,32.64445094605435],[129.80287046659885,32.644429278688335],[129.8030606363394,32.64430222516762],[129.8031153313076,32.644434919236176],[129.8030174445995,32.64445094605435]]],[[[129.80357700367585,32.6451011352093],[129.80362252915643,32.64529572062105],[129.80343213998128,32.64525722514088],[129.80357700367585,32.6451011352093]]],[[[129.87385155630432,32.64548589216025],[129.87394138778484,32.64570972082703],[129.87373547271397,32.64561197261452],[129.87385155630432,32.64548589216025]]],[[[129.87375027195753,32.64563499975549],[129.87387243766295,32.645792801996265],[129.8736500775891,32.646118747782054],[129.87353577195836,32.645932694238525],[129.87375027195753,32.64563499975549]]],[[[129.80402888512504,32.646602108200796],[129.80395780810647,32.64675974766425],[129.80381700395162,32.646729134741804],[129.80386741904624,32.64660266667977],[129.80402888512504,32.646602108200796]]],[[[129.7982321142208,32.64761189217512],[129.79836330732087,32.64770122543126],[129.79826949364224,32.64778927895213],[129.79817688685387,32.64766855935659],[129.7982321142208,32.64761189217512]]],[[[129.79766124527032,32.64804530604607],[129.79770033700106,32.648228441289575],[129.79732666689222,32.648271197757595],[129.7973769776654,32.64801486489415],[129.79766124527032,32.64804530604607]]],[[[129.79752021988236,32.64830255891599],[129.79720632860926,32.64847291928987],[129.79713863843745,32.648372640385105],[129.79752021988236,32.64830255891599]]],[[[129.80029700440332,32.65094458632365],[129.79960130955283,32.6508124678212],[129.80001289238112,32.650585972664544],[129.80029700440332,32.65094458632365]]],[[[129.79770822315606,32.651056972801086],[129.79778211415328,32.64939205429994],[129.7994858878635,32.64966225201135],[129.79770822315606,32.651056972801086]]],[[[129.75374678318758,32.65101655906699],[129.75357230931468,32.65117464009762],[129.7534253052337,32.6509426132111],[129.7536511151069,32.65091599957378],[129.75374678318758,32.65101655906699]]],[[[129.8832358631446,32.65221397309642],[129.8832551616964,32.65209433268734],[129.8834472496909,32.652041531691395],[129.8833801170988,32.6522237208481],[129.8832358631446,32.65221397309642]]],[[[129.88401367059453,32.65225341376407],[129.884053384656,32.65212363979418],[129.88418885942838,32.65224369389142],[129.88401367059453,32.65225341376407]]],[[[129.88306306111144,32.65201580208765],[129.8830016598987,32.65224019822659],[129.88289158198097,32.652225918791146],[129.88306306111144,32.65201580208765]]],[[[129.8003923873988,32.65221733296357],[129.80024988262608,32.652415801647976],[129.80010802896243,32.65235086520033],[129.80024160796393,32.65223338676145],[129.8003923873988,32.65221733296357]]],[[[129.8832758371102,32.652313946231686],[129.8832680291963,32.6524379726344],[129.88316147931891,32.65241989176462],[129.88314658924378,32.65232958634141],[129.8832758371102,32.652313946231686]]],[[[129.80074561591755,32.65251436014967],[129.80033756202897,32.65248594606959],[129.80060313902368,32.65224802682502],[129.80074561591755,32.65251436014967]]],[[[129.79604566807313,32.656347775229676],[129.79579814496844,32.65615455858608],[129.79601219170934,32.655953414418605],[129.79632639414785,32.65616358598078],[129.79604566807313,32.656347775229676]]],[[[129.74932549927246,32.657767802042486],[129.7491091961325,32.65761566732925],[129.74919477292053,32.65756182941493],[129.74932549927246,32.657767802042486]]],[[[129.74941713389364,32.65782355911],[129.74958452740407,32.65795135996734],[129.74954705625169,32.658003640255856],[129.74936713428588,32.65794402689539],[129.74941713389364,32.65782355911]]],[[[129.8158049155645,32.65827116158488],[129.81594596613354,32.658368559061785],[129.81579752313723,32.658413026939684],[129.8158049155645,32.65827116158488]]],[[[129.795257638929,32.65833333261725],[129.79512185478984,32.65846433326243],[129.79502089509833,32.65832336003507],[129.79518405999647,32.65824486540828],[129.795257638929,32.65833333261725]]],[[[129.79607046687863,32.65843963967768],[129.7956757463387,32.657539135023114],[129.7971687549342,32.656733972894585],[129.79724442299175,32.6580825593627],[129.79607046687863,32.65843963967768]]],[[[129.79430944232695,32.65931819817638],[129.79379596631088,32.6592920809648],[129.79400910473646,32.65898810831459],[129.79430944232695,32.65931819817638]]],[[[129.79368165978087,32.659161946366794],[129.79356780830778,32.65938908094137],[129.79329386491997,32.65934194567433],[129.79333438387482,32.6591448916235],[129.79368165978087,32.659161946366794]]],[[[129.79166666668334,32.659561134738624],[129.79155021976692,32.65925094597441],[129.7924114402358,32.65913433268338],[129.79227124492206,32.65956102681997],[129.79166666668334,32.659561134738624]]],[[[129.75762527858376,32.659982306138545],[129.7574738003757,32.66021294627052],[129.75748763914328,32.66076258582473],[129.75737922227336,32.66076549513156],[129.75736616141933,32.660192081099694],[129.75762527858376,32.659982306138545]]],[[[129.74536250267738,32.66166694587292],[129.7451961092131,32.661881387416145],[129.74500306074276,32.6616499999476],[129.74536250267738,32.66166694587292]]],[[[129.81713771713203,32.66286910832275],[129.81721211444756,32.66295125239844],[129.81712972755497,32.6630767213137],[129.81702797735932,32.66297164002924],[129.81713771713203,32.66286910832275]]],[[[129.81682128437478,32.663884531945655],[129.81682077805658,32.664045945863734],[129.8167038913715,32.66401064027889],[129.81682128437478,32.663884531945655]]],[[[129.81761756210085,32.666145891619635],[129.81776788557954,32.666236224921875],[129.81740041539695,32.6664268020553],[129.81740591385187,32.66622955914687],[129.81761756210085,32.666145891619635]]],[[[129.7513038908619,32.6670955586132],[129.74640722441393,32.660900612873036],[129.74965627801487,32.65798800014613],[129.75458885888884,32.65016966659687],[129.75724758760612,32.6509076133957],[129.75857988285543,32.654884386705135],[129.75541138782535,32.65870051411747],[129.7596828662713,32.663868945795286],[129.7569249684126,32.66557922520116],[129.75192518839674,32.66506713504032],[129.7513038908619,32.6670955586132]]],[[[129.75693002619983,32.66857594612304],[129.75700291805026,32.668669586232454],[129.756824254236,32.66886122456589],[129.75672955922187,32.66849005367311],[129.75693002619983,32.66857594612304]]],[[[129.75557616071126,32.66871433290021],[129.75549930015268,32.668869865252134],[129.75303924786306,32.667992251940916],[129.75418408572705,32.668239999876164],[129.75557616071126,32.66871433290021]]],[[[129.7580476910482,32.66990246772474],[129.7569756416126,32.669083829255385],[129.7577376650613,32.66805097317393],[129.75839413687993,32.66902589223122],[129.7580476910482,32.66990246772474]]],[[[129.75768204918734,32.670001694422695],[129.7577535542831,32.67005880227197],[129.75762297002416,32.6701755864342],[129.75753481218192,32.67010516232341],[129.75768204918734,32.670001694422695]]],[[[129.759288418226,32.67005358620412],[129.75924319132025,32.670113440582895],[129.7586864983832,32.66980058622812],[129.75873228286866,32.6697446672826],[129.759288418226,32.67005358620412]]],[[[129.90583252924785,32.67037089220298],[129.9058620881649,32.67028241420212],[129.90599422825107,32.6702192251372],[129.90600022043384,32.67034399977581],[129.90583252924785,32.67037089220298]]],[[[129.7578476386576,32.67052133259347],[129.75771552465176,32.670550919389484],[129.75764655024818,32.67033066732648],[129.75777866425403,32.67030097261187],[129.7578476386576,32.67052133259347]]],[[[129.905391997243,32.67085225163015],[129.90540306070272,32.67058725200013],[129.90564505837278,32.670742585601886],[129.905391997243,32.67085225163015]]],[[[129.90010489012866,32.671235891623155],[129.89990885860698,32.67122227858533],[129.90008775624506,32.671005441248155],[129.90025708239853,32.67100499968103],[129.90022422836546,32.671195279138885],[129.90010489012866,32.671235891623155]]],[[[129.81675450071964,32.6712830538699],[129.81661977957924,32.671417864942555],[129.81656477344563,32.67135791883294],[129.81675450071964,32.6712830538699]]],[[[129.81622185475487,32.67223516162346],[129.81601444860803,32.672279532374546],[129.81601105096934,32.67210413489795],[129.81622185475487,32.67223516162346]]],[[[129.79466427973284,32.67450105388059],[129.79432075220097,32.67447146798389],[129.79456814490402,32.67428430557629],[129.79466427973284,32.67450105388059]]],[[[129.78904564204277,32.674404802139975],[129.7890057202378,32.674526748410756],[129.7887839168443,32.67458164033047],[129.7888110511891,32.674463973033994],[129.78904564204277,32.674404802139975]]],[[[129.816182218035,32.67496513463328],[129.81613875469986,32.67500033319885],[129.81588516207069,32.674961720806834],[129.81601641992188,32.674873667285965],[129.816182218035,32.67496513463328]]],[[[129.81617797683225,32.6752697745805],[129.8156666412026,32.67522110776798],[129.815710699889,32.67513802659869],[129.81615055830173,32.675145946028636],[129.81617797683225,32.6752697745805]]],[[[129.79675444895872,32.67555908108676],[129.79636549936833,32.67518474817763],[129.79644855985316,32.674858829371544],[129.79735427967637,32.675412747900054],[129.79675444895872,32.67555908108676]]],[[[129.8172668345968,32.675688613139016],[129.81731658868966,32.67588913497565],[129.81722063642326,32.67592672124124],[129.817196834966,32.675735892297666],[129.8172668345968,32.675688613139016]]],[[[129.9023186900556,32.67619269393771],[129.90236503212054,32.676274441412374],[129.9022686643674,32.676354197788044],[129.9021957203563,32.6762771348819],[129.9023186900556,32.67619269393771]]],[[[129.90822610904775,32.67953013470799],[129.90793591401132,32.679381829308],[129.9081385213757,32.67907691866492],[129.90844238700663,32.679278107798496],[129.90822610904775,32.67953013470799]]],[[[129.78512165983682,32.69042249490229],[129.7851949941537,32.690586107662796],[129.7849883272496,32.69057500013622],[129.78512165983682,32.69042249490229]]],[[[129.78372616113347,32.691629413866394],[129.78399958471311,32.69151830622491],[129.78414247709372,32.691380198237596],[129.78437311272899,32.69146713480046],[129.78400007844095,32.691612720650596],[129.78372616113347,32.691629413866394]]],[[[129.8319729695769,32.692298279242266],[129.8301016602635,32.69216055886278],[129.82989827498545,32.690737774728575],[129.83236172491377,32.691127693788076],[129.8319729695769,32.692298279242266]]],[[[129.80105691264646,32.693664531992624],[129.80089364522564,32.69353891918581],[129.80114488972492,32.69346861288625],[129.80105691264646,32.693664531992624]]],[[[129.79260194632286,32.694032693753854],[129.79256988279394,32.694394829158114],[129.7924872755674,32.69438849523294],[129.79251933909632,32.69402580224903],[129.79260194632286,32.694032693753854]]],[[[129.81020114096998,32.69492344076423],[129.80996144016842,32.69460127932564],[129.81048671888698,32.694548107809],[129.81057330741226,32.69485108131238],[129.81020114096998,32.69492344076423]]],[[[129.75476639405395,32.69525666656199],[129.75497389103236,32.69549305426108],[129.75486138764302,32.69552222467098],[129.75455583668258,32.69526638733396],[129.75476639405395,32.69525666656199]]],[[[129.79124280181395,32.6955769726992],[129.7912766154235,32.6951487209368],[129.7915970042984,32.695079892223305],[129.79124280181395,32.6955769726992]]],[[[129.80995907944805,32.69573594585728],[129.8091012188462,32.69565661306228],[129.80917642015572,32.69531202702848],[129.8099180541749,32.69525122476426],[129.80995907944805,32.69573594585728]]],[[[129.7556661091037,32.695638053753214],[129.7556313880782,32.6959719459486],[129.7554352792148,32.69590361276158],[129.7554266673069,32.69570389222088],[129.7556661091037,32.695638053753214]]],[[[129.84604814470617,32.69980194630284],[129.84426221792705,32.69789502743362],[129.84561080439516,32.69788158616632],[129.84604814470617,32.69980194630284]]],[[[129.92081791181727,32.700255693845236],[129.92077180267665,32.70033358592627],[129.9179390272643,32.699125891746576],[129.918002606635,32.699058494753785],[129.92081791181727,32.700255693845236]]],[[[129.77135830124462,32.70065408092114],[129.77123044103212,32.700628387290294],[129.77134736728726,32.700453918813366],[129.77147269770694,32.70056141387818],[129.77135830124462,32.70065408092114]]],[[[129.77088530461322,32.70076938659798],[129.77087377440523,32.700653532334684],[129.7710948115764,32.7005655588535],[129.77115775602567,32.70067041440814],[129.77088530461322,32.70076938659798]]],[[[129.78083858643163,32.702521694021016],[129.771699389815,32.700583558784274],[129.77663992159512,32.69555864001927],[129.77714053191005,32.69147910837421],[129.77979296986973,32.69027191871413],[129.7857128022041,32.692807532042025],[129.78489788602872,32.696871467644144],[129.78039141383272,32.69901855855966],[129.78083858643163,32.702521694021016]]],[[[129.78177596598812,32.7026750536109],[129.78172655004028,32.70269925166917],[129.78125972815394,32.701985639625605],[129.78130891117735,32.701962413734464],[129.78177596598812,32.7026750536109]]],[[[129.7664594683299,32.70295527876317],[129.76619574573715,32.70290589159367],[129.76623408563455,32.702770612873564],[129.76643474686614,32.70274827910987],[129.7664594683299,32.70295527876317]]],[[[129.81468747104998,32.70309641386848],[129.81274105125863,32.70266966667185],[129.81305466913773,32.70210174839701],[129.81470021983932,32.702384667018805],[129.81468747104998,32.70309641386848]]],[[[129.81304202287117,32.70404038725411],[129.81255192023502,32.7039197746779],[129.81297224357422,32.70345241409768],[129.81318180269807,32.70359986514171],[129.81304202287117,32.70404038725411]]],[[[129.9208794155527,32.7053786935719],[129.92070272395165,32.705389305572055],[129.91932175109798,32.70380927857542],[129.9189924769213,32.70319327894674],[129.9208794155527,32.7053786935719]]],[[[129.92194141416496,32.7060762787973],[129.92206418871137,32.70614313529751],[129.9220267832095,32.7062375856961],[129.92185980518593,32.70616382869781],[129.92194141416496,32.7060762787973]]],[[[129.9268505317267,32.710102693784336],[129.92649686074162,32.70999919800465],[129.9264843062058,32.7098223058548],[129.92693147880482,32.709941721433324],[129.9268505317267,32.710102693784336]]],[[[129.78233591357161,32.711777801604285],[129.78221763923273,32.71182161297713],[129.78203632871362,32.71176766714416],[129.78216902727888,32.71169682934527],[129.78233591357161,32.711777801604285]]],[[[129.76039172539788,32.7118499191385],[129.76026610899385,32.711830224885034],[129.760361946147,32.71169538683267],[129.76049111487316,32.711730919046715],[129.76039172539788,32.7118499191385]]],[[[129.76129649823486,32.71525694585142],[129.76147894909434,32.70930194642773],[129.76482005190394,32.706510494863494],[129.76849557660967,32.70569522525449],[129.7730637737742,32.701819224577605],[129.77943785996933,32.70304336016301],[129.78014491595513,32.70532830635631],[129.77518488957105,32.70966769440861],[129.77252233513775,32.70798144129054],[129.76129649823486,32.71525694585142]]],[[[129.92687172515002,32.71651955893054],[129.9266290008278,32.716445252446476],[129.926784721138,32.716308720970744],[129.92687172515002,32.71651955893054]]],[[[129.83183080384856,32.71633380216326],[129.83012620006411,32.7162658017254],[129.8294364461351,32.714842306227524],[129.83104464259623,32.71452208102926],[129.83183080384856,32.71633380216326]]],[[[129.81737955921938,32.71553525185044],[129.8178621660062,32.71704300033423],[129.81773007808067,32.71707138743466],[129.81737955921938,32.71553525185044]]],[[[129.80946208800503,32.71467891919684],[129.81016272373074,32.71714786488212],[129.81002788567844,32.717179494937795],[129.80946208800503,32.71467891919684]]],[[[129.92903252892813,32.717854865109985],[129.92908422825462,32.7179819186307],[129.92892533063957,32.71805874771309],[129.92889747144125,32.71790177464726],[129.92903252892813,32.717854865109985]]],[[[129.92881800284863,32.718078414087586],[129.92855330718942,32.71809727916616],[129.92867194575376,32.717985693984645],[129.92881800284863,32.718078414087586]]],[[[129.8123623611341,32.718942586131504],[129.81211856032337,32.71886816183627],[129.8120035541208,32.71890225243703],[129.8119864975789,32.71868846829824],[129.8122285600001,32.71878427937105],[129.8123623611341,32.718942586131504]]],[[[129.82961625208839,32.71910445870384],[129.82956508426128,32.71912905426251],[129.82859173811823,32.71772499131532],[129.8286444096119,32.717700829229955],[129.82961625208839,32.71910445870384]]],[[[129.81235549930693,32.720705359864496],[129.8120733585987,32.72050422469027],[129.8122871975961,32.719475640388566],[129.81278988264705,32.71984638680135],[129.81235549930693,32.720705359864496]]],[[[129.94281474720287,32.72436082878926],[129.9428558875892,32.72443877482965],[129.9427233850762,32.724590946415105],[129.9426440603752,32.724490135111694],[129.94281474720287,32.72436082878926]]],[[[129.80773199743385,32.72453591869777],[129.8074936060451,32.723840946002895],[129.80817422825805,32.72398580160353],[129.80773199743385,32.72453591869777]]],[[[129.94825847035224,32.73607438692346],[129.94796588761574,32.735879108134384],[129.94799571992655,32.7357446397034],[129.94824591401778,32.73591191899993],[129.94825847035224,32.73607438692346]]],[[[129.9571972242726,32.74226361297542],[129.95718389092394,32.742105558924436],[129.95738389115377,32.74218472084823],[129.9571972242726,32.74226361297542]]],[[[129.97853345005876,32.74578116187115],[129.9781639429117,32.7443683062524],[129.97948771708457,32.74368555894142],[129.97853345005876,32.74578116187115]]],[[[129.96666666723297,32.756072161601026],[129.96592333259582,32.755319359800694],[129.96598744526443,32.755266774641996],[129.96666666723297,32.756072161601026]]],[[[129.96602538316495,32.756688946337874],[129.9660166408554,32.75682882868756],[129.96584063633634,32.756767440964666],[129.9658576128386,32.75668602713847],[129.96602538316495,32.756688946337874]]],[[[129.96544883319712,32.762139053774376],[129.9642388070754,32.76097880242986],[129.96578697828647,32.75713944103245],[129.96825330694458,32.7550106935887],[129.9673275232467,32.753892053875234],[129.97288664110567,32.75027486459339],[129.9867565243942,32.74757564030364],[129.9892579122229,32.750359828942976],[129.98487871568022,32.75273410839242],[129.9814791704274,32.750223387399444],[129.97792282657724,32.75263233301581],[129.98069308741617,32.76001641362666],[129.96703513566308,32.76009061309139],[129.96544883319712,32.762139053774376]]],[[[129.79212941643948,32.7662712524164],[129.79180405970965,32.76622972082498],[129.7917870562277,32.7661156670045],[129.79201216642844,32.766124973188994],[129.79212941643948,32.7662712524164]]],[[[129.7974947214043,32.76782694555715],[129.79751516209512,32.767459135430784],[129.7978475883956,32.767634468156245],[129.7974947214043,32.76782694555715]]],[[[129.7982862003479,32.76863377502872],[129.7981027242614,32.76860186528393],[129.79810194634786,32.76836935995806],[129.79833577187844,32.768492801801415],[129.7982862003479,32.76863377502872]]],[[[129.79969119319412,32.77083280179244],[129.7994861999282,32.77088261344193],[129.79945581093693,32.77079658609364],[129.79966092111465,32.77074694621467],[129.79969119319412,32.77083280179244]]],[[[129.79991697788626,32.773991414172485],[129.79989430597755,32.774199973250234],[129.7997795326993,32.774290440551454],[129.7997903632347,32.7740480813539],[129.79991697788626,32.773991414172485]]],[[[129.79607291843047,32.776641108300566],[129.795856082892,32.77663313491132],[129.79582236101317,32.77653458630215],[129.79598910521315,32.77650605441096],[129.79607291843047,32.776641108300566]]],[[[129.79702131018541,32.77694602703758],[129.79661072560452,32.776870892277884],[129.79674147893616,32.77654655897658],[129.79700499378555,32.77656280163205],[129.79702131018541,32.77694602703758]]],[[[129.80064933899587,32.77752558613696],[129.8005790273004,32.77755880169741],[129.80043092065057,32.777305720782465],[129.80050204893053,32.77727391895627],[129.80064933899587,32.77752558613696]]],[[[129.7977068606831,32.77845210817833],[129.79756189356658,32.778483468437344],[129.79777610938004,32.77822505364338],[129.79777836577898,32.77838286487736],[129.7977068606831,32.77845210817833]]],[[[129.79746335934658,32.77845125202373],[129.79719632904744,32.77840822485973],[129.7974908561182,32.77821444074391],[129.79746335934658,32.77845125202373]]],[[[129.79666625244568,32.77870941410822],[129.79666878133924,32.778795721145684],[129.79692608277253,32.77889916206675],[129.79674958542512,32.77898419836214],[129.79662583691288,32.77891405394047],[129.79666625244568,32.77870941410822]]],[[[129.79039525283872,32.78071953198088],[129.79075933887248,32.780870802445634],[129.7906415052014,32.78107397278569],[129.7903324118114,32.780897225426656],[129.79039525283872,32.78071953198088]]],[[[129.78382372228702,32.78190969387731],[129.78390788624006,32.782153278850785],[129.78375299600407,32.78222413463618],[129.78361544739505,32.78197644066029],[129.78382372228702,32.78190969387731]]],[[[129.79044625159327,32.78359810806626],[129.79045992218767,32.78369672142662],[129.79033649833082,32.78370261288535],[129.79031785988138,32.78361527882214],[129.79044625159327,32.78359810806626]]],[[[129.75331503216307,32.784446586041156],[129.75288814467217,32.78426508126853],[129.7532600521098,32.78410597321215],[129.75331503216307,32.784446586041156]]],[[[129.7889694676669,32.78445119776461],[129.78863386496096,32.784358892249145],[129.78859481190113,32.78413353203695],[129.7889734498649,32.784129864601596],[129.7889694676669,32.78445119776461]]],[[[129.75352894940158,32.78466472110006],[129.75334827470317,32.7845751081548],[129.7534876912041,32.784492224836356],[129.75352894940158,32.78466472110006]]],[[[129.7871801432491,32.78535672063617],[129.78676308714682,32.785666108104465],[129.7866352269342,32.78554310782823],[129.78704866416456,32.785234586407114],[129.7871801432491,32.78535672063617]]],[[[129.78247622579727,32.78739266703798],[129.78240457770914,32.78759338672546],[129.78206163383743,32.7874569191016],[129.78225002561828,32.78723346815008],[129.78247622579727,32.78739266703798]]],[[[129.78246466860958,32.78806335983626],[129.7825195848111,32.788141613444736],[129.78243294412516,32.78823072097106],[129.7823219462009,32.78813338734602],[129.78246466860958,32.78806335983626]]],[[[129.78164250299915,32.78805944059076],[129.78156513612225,32.78834864007774],[129.78145891090003,32.78834772097059],[129.78148224381061,32.788060161847056],[129.78164250299915,32.78805944059076]]],[[[129.76144635496541,32.789908721010704],[129.76152191960102,32.790009559293765],[129.76137180296644,32.79008689199651],[129.76134230880052,32.78999558562782],[129.76144635496541,32.789908721010704]]],[[[129.75757328068244,32.791235251605656],[129.75760280182794,32.79140319819908],[129.757386420447,32.79134241392131],[129.75757328068244,32.791235251605656]]],[[[129.75763975407142,32.791518720612544],[129.75777466856619,32.79157897339098],[129.7577708302597,32.79169844113022],[129.75762791179875,32.79170361313129],[129.75763975407142,32.791518720612544]]],[[[129.7657954988632,32.7914620003711],[129.76578510989498,32.79170433258895],[129.76555827479456,32.79179410831148],[129.76545727643224,32.79164489189827],[129.7657954988632,32.7914620003711]]],[[[129.76467330682772,32.79204441391863],[129.76471374844084,32.79185955917137],[129.764842671652,32.79191636035182],[129.76467330682772,32.79204441391863]]],[[[129.76502708213422,32.79196249467344],[129.7648866673859,32.7918487214414],[129.76525435790234,32.79173686466464],[129.765164694595,32.79202886464043],[129.76502708213422,32.79196249467344]]],[[[129.7629884179812,32.792225972650556],[129.7629551097906,32.792300360073625],[129.76273817082995,32.792257694437126],[129.76290688724316,32.79212794564825],[129.7629884179812,32.792225972650556]]],[[[129.76143808030326,32.79284849506206],[129.75790406032422,32.79191119824327],[129.76029963661904,32.790065387407765],[129.76143808030326,32.79284849506206]]],[[[129.76104080389007,32.793142026583325],[129.76075513604076,32.79315463957499],[129.7607482229522,32.79301766743146],[129.76101927412026,32.79301186500561],[129.76104080389007,32.793142026583325]]],[[[129.76572630412568,32.800045495103575],[129.76561072595428,32.80010013521314],[129.76538910512318,32.800037467754976],[129.76538518767632,32.799908333203064],[129.76555277633963,32.799890945710615],[129.7655841365987,32.80002858605047],[129.76572630412568,32.800045495103575]]],[[[129.76468277578954,32.79994166657468],[129.76478944167945,32.80000361277655],[129.76485610932207,32.800144441213035],[129.76454250313407,32.800020558701874],[129.76468277578954,32.79994166657468]]],[[[129.76582108907212,32.800245775022574],[129.7654926071981,32.80037813544266],[129.76560002582062,32.80020177479213],[129.76582108907212,32.800245775022574]]],[[[129.76589050594214,32.800282414302046],[129.76578046669522,32.8004778918413],[129.76566430576315,32.800480107770795],[129.76575902685772,32.800304332578946],[129.76589050594214,32.800282414302046]]],[[[129.7660855248272,32.80033819834921],[129.76615377437724,32.80049197342589],[129.76602491591723,32.80052525193889],[129.7660855248272,32.80033819834921]]],[[[129.73050910461154,32.803737134761036],[129.7302280287006,32.80351753200853],[129.7306259400351,32.80344980226664],[129.73050910461154,32.803737134761036]]],[[[129.73051308680954,32.80382713531412],[129.73023922166283,32.80388110812669],[129.7301631390177,32.80373813480713],[129.73051308680954,32.80382713531412]]],[[[129.7310505315569,32.8046165862865],[129.7307909206645,32.8046047745907],[129.7308651875784,32.80447163985434],[129.7310505315569,32.8046165862865]]],[[[129.7681998048772,32.8046096938823],[129.76834277639807,32.80467397292557],[129.76828204877756,32.804764720815285],[129.7679647472753,32.80459453221192],[129.7681998048772,32.8046096938823]]],[[[129.73730639377516,32.805856639872104],[129.73727094699666,32.80602119782009],[129.73713308722222,32.80597961316869],[129.7371626065691,32.805842775024075],[129.73730639377516,32.805856639872104]]],[[[129.73219980487715,32.805852333018834],[129.73220852110637,32.80603736043588],[129.7321149943116,32.806042694314954],[129.73205077822092,32.805829000108304],[129.73219980487715,32.805852333018834]]],[[[129.73843367057748,32.805846946079726],[129.73846269799515,32.80600858572768],[129.73825377379274,32.80602682937473],[129.73830591378692,32.80587863998727],[129.73843367057748,32.805846946079726]]],[[[129.7319911153977,32.80615889211924],[129.73184841817,32.80614625214787],[129.73199221796654,32.80597772099509],[129.7320842797658,32.80606141370333],[129.7319911153977,32.80615889211924]]],[[[129.73735883324366,32.806068919445124],[129.7374186120793,32.8062632521474],[129.73729749678216,32.80625038734553],[129.73724321730072,32.806116945940346],[129.73735883324366,32.806068919445124]]],[[[129.7331907255716,32.80710308134218],[129.7333019204474,32.80720477488052],[129.73316192028642,32.807283495237186],[129.7331907255716,32.80710308134218]]],[[[129.74105138841094,32.80837055885428],[129.74089805400206,32.808471945723795],[129.74083138815809,32.808359161745955],[129.74105138841094,32.80837055885428]]],[[[129.75693577196841,32.81302610806847],[129.7610086639188,32.811776559440716],[129.76742603088667,32.80887177531224],[129.76760574600848,32.80894669423458],[129.76221189386388,32.81142433276682],[129.76104795080232,32.81188377481641],[129.75693577196841,32.81302610806847]]],[[[129.74291944217862,32.81323055904312],[129.74305306075019,32.81334889183796],[129.7429727755732,32.813450559295916],[129.74283277631162,32.813292495352414],[129.74291944217862,32.81323055904312]]],[[[129.74329306102607,32.81414389162734],[129.74340000030986,32.81427916225357],[129.74335333269016,32.81435249477187],[129.74319306091104,32.81425110790235],[129.74329306102607,32.81414389162734]]],[[[129.7467100000665,32.81464716213685],[129.7463985207752,32.814815775127954],[129.74615418936446,32.81470561267395],[129.74628416298378,32.81447477469118],[129.7467100000665,32.81464716213685]]],[[[129.74603527920488,32.81518722481064],[129.7458749939359,32.81500110831456],[129.74619527938864,32.814916386781874],[129.74635555116777,32.81509694636702],[129.74603527920488,32.81518722481064]]],[[[129.74500111460986,32.81637694603927],[129.74468083005638,32.816252774845736],[129.74470749675368,32.81598777521572],[129.74510778229842,32.81619082864387],[129.74500111460986,32.81637694603927]]],[[[129.75647250330348,32.81800361277658],[129.75635250316554,32.818133053997315],[129.75629778211703,32.81806110823362],[129.75647250330348,32.81800361277658]]],[[[129.7479344234349,32.81719446755068],[129.74958544741048,32.81806213525937],[129.7495004668731,32.81818486483968],[129.74788141379622,32.81733977461096],[129.7479344234349,32.81719446755068]]],[[[129.7249386121273,32.81884610756185],[129.72525888498956,32.818964441256014],[129.72505194559085,32.8191052786857],[129.72467166006913,32.818975829371084],[129.7249386121273,32.81884610756185]]],[[[129.72102494244723,32.82160386512635],[129.72085771711,32.821583134853825],[129.72084316517999,32.82148244136164],[129.72103291763506,32.82155525227313],[129.72102494244723,32.82160386512635]]],[[[129.7238109207375,32.82116316225017],[129.72382603114647,32.821568585621776],[129.72343347617402,32.82129208096484],[129.7238109207375,32.82116316225017]]],[[[129.72142481160586,32.82195105379816],[129.72111658875963,32.82195269416155],[129.72116185523555,32.82182680166562],[129.72142481160586,32.82195105379816]]],[[[129.71795108937135,32.827416332797554],[129.71792185510958,32.82757310801259],[129.71775185536387,32.827458693563926],[129.71795108937135,32.827416332797554]]],[[[129.70405608262217,32.83218999986866],[129.70404914435255,32.832384161699736],[129.70393005163066,32.832338387106915],[129.70405608262217,32.83218999986866]]],[[[129.70829824856537,32.832485224813354],[129.70834922213896,32.832684694443174],[129.70823302163672,32.83269182876495],[129.70816138793782,32.832517999706],[129.70829824856537,32.832485224813354]]],[[[129.7071606097744,32.83254869356739],[129.70653408627913,32.83271358606322],[129.70635061019254,32.832268775083946],[129.7071606097744,32.83254869356739]]],[[[129.70746372177337,32.83253502657027],[129.7075374445975,32.83268722513537],[129.70738683513434,32.83281886519853],[129.70738630363508,32.832554198317666],[129.70746372177337,32.83253502657027]]],[[[129.69904158160375,32.84090061287304],[129.6990364977363,32.84106527873968],[129.69890924816332,32.841015360070855],[129.69904158160375,32.84090061287304]]],[[[129.6883955511139,32.84126472138985],[129.68831338455516,32.8410973872347],[129.68847133608335,32.841070198031275],[129.6885194677992,32.8412597751186],[129.6883955511139,32.84126472138985]]],[[[129.68487725038483,32.849492748291766],[129.68453827522126,32.84938891886355],[129.6845082486568,32.849133387296035],[129.68489713439533,32.84934869398711],[129.68487725038483,32.849492748291766]]],[[[129.65686788594428,32.85998261330701],[129.65740430636367,32.86019033331729],[129.6571499996728,32.86041791935156],[129.65686788594428,32.85998261330701]]],[[[129.55255883312373,32.86655294596176],[129.55236691330242,32.86640397326482],[129.5527766408294,32.866284667403534],[129.55286491558343,32.866484108255065],[129.55255883312373,32.86655294596176]]],[[[129.62788730225725,32.866828053971574],[129.62711810581595,32.86693605355606],[129.62744391670344,32.86641133331642],[129.62788730225725,32.866828053971574]]],[[[129.55321447486813,32.8674345315784],[129.5533215049835,32.86751825216567],[129.55323710810615,32.86759441395111],[129.55311625181366,32.86757569366341],[129.55321447486813,32.8674345315784]]],[[[129.57703941613624,32.868037494634734],[129.57711671916127,32.868093999938196],[129.57702046742065,32.868245918814125],[129.5769563286717,32.868207360381405],[129.57703941613624,32.868037494634734]]],[[[129.5826714402349,32.86862369432811],[129.5826089490438,32.868787999566564],[129.5824196111762,32.86874427902529],[129.58244997408713,32.868634999705534],[129.5826714402349,32.86862369432811]]],[[[129.6317198306058,32.86843844118118],[129.6306475617356,32.86993002704918],[129.62910133575815,32.86816882892839],[129.63100861165822,32.86743605413062],[129.6317198306058,32.86843844118118]]],[[[129.56735416286438,32.86998338742342],[129.56634136166463,32.86871482892627],[129.5682994420656,32.868979440948465],[129.56735416286438,32.86998338742342]]],[[[129.55568425422507,32.87015377477695],[129.55517822279683,32.86817441371829],[129.55963094701065,32.86637077479145],[129.56305041494477,32.867148495007086],[129.56313280183736,32.86894833339892],[129.55773002572016,32.86890549509258],[129.55568425422507,32.87015377477695]]],[[[129.67772033672418,32.87314874831611],[129.6777296887742,32.8733433328286],[129.6775385603563,32.87341322544006],[129.67761693897057,32.87322833292126],[129.67772033672418,32.87314874831611]]],[[[129.80348102532912,32.87358038692537],[129.80251839191033,32.8734470003788],[129.80229936382466,32.872770387343564],[129.80330713421688,32.87301386529771],[129.80348102532912,32.87358038692537]]],[[[129.54679313919212,32.87695825222164],[129.54653005242005,32.877043278624456],[129.5462616335676,32.876873667385894],[129.54635505783972,32.87673655944474],[129.5465828021546,32.87694082875629],[129.54679313919212,32.87695825222164]]],[[[129.54573442310516,32.87744786472723],[129.54578438404212,32.87775353170019],[129.54548099864928,32.877584639919235],[129.54573442310516,32.87744786472723]]],[[[129.5448338393103,32.87785119807438],[129.54507499431554,32.877977532137436],[129.54494542179384,32.87808974774373],[129.5447003889119,32.87793113521377],[129.5448338393103,32.87785119807438]]],[[[129.5436296111177,32.87758694578099],[129.54454654998335,32.87806772064886],[129.54400072625253,32.87816546796205],[129.5436296111177,32.87758694578099]]],[[[129.81358810560664,32.878334440681954],[129.8134836448544,32.87852291879773],[129.81340221843766,32.8784996668262],[129.81345866438596,32.878325468145874],[129.81358810560664,32.878334440681954]]],[[[129.79653627792698,32.88060666686425],[129.80082204929818,32.877031440848384],[129.80240844439425,32.878747108092625],[129.79653627792698,32.88060666686425]]],[[[129.81114438410611,32.881434467626605],[129.81120430593398,32.88160664013441],[129.81103396894252,32.88155394615774],[129.81114438410611,32.881434467626605]]],[[[129.67737630377349,32.881660720865625],[129.6775350583963,32.88173633316529],[129.67742758761312,32.88180989231273],[129.6772926722191,32.88174136037554],[129.67737630377349,32.881660720865625]]],[[[129.81002394305062,32.88186694620265],[129.81002992174353,32.88140441408251],[129.81082055802244,32.88131244131614],[129.8108107778952,32.881880305631626],[129.81002394305062,32.88186694620265]]],[[[129.79682274977017,32.881776864710616],[129.79666192041134,32.88200000000006],[129.7964607780425,32.88184382912948],[129.7967136449189,32.881650892175],[129.79682274977017,32.881776864710616]]],[[[129.67842418932491,32.88193219831237],[129.67816625207092,32.882058640294076],[129.67825442340302,32.88173169356287],[129.67842418932491,32.88193219831237]]],[[[129.7955726327708,32.882223774707484],[129.79539213973555,32.881961865148014],[129.79586732801488,32.88190933304935],[129.79587053229932,32.88222955914688],[129.7955726327708,32.882223774707484]]],[[[129.6782324376769,32.88245305416518],[129.67834980459986,32.88261286459209],[129.6781851621156,32.88270146759868],[129.67809800342013,32.88256066704122],[129.6782324376769,32.88245305416518]]],[[[129.67579097257544,32.88383930603919],[129.67589333341073,32.88404072090259],[129.67574338494933,32.88410253220616],[129.67568997421301,32.88389897335901],[129.67579097257544,32.88383930603919]]],[[[129.67462046716093,32.8842222247759],[129.67460197080436,32.88433453211303],[129.67445286590714,32.88431805383516],[129.67446418927102,32.88421044095912],[129.67462046716093,32.8842222247759]]],[[[129.67409444919952,32.884677198094266],[129.67399788629348,32.88464927864135],[129.67406639394903,32.88453258620996],[129.67419228284768,32.884589495309],[129.67409444919952,32.884677198094266]]],[[[129.6062001430222,32.88513297270856],[129.6059940336978,32.88544074769243],[129.60592596581068,32.88540313534645],[129.60613208772577,32.88509536036264],[129.6062001430222,32.88513297270856]]],[[[129.6726777822539,32.88632119836467],[129.67261338539947,32.88651877492157],[129.67237058373553,32.886529585671894],[129.67245616142282,32.88629869372977],[129.6726777822539,32.88632119836467]]],[[[129.6021188585985,32.89117555890499],[129.5965219197509,32.88672772070777],[129.59248936419283,32.88509249512259],[129.59100605658432,32.880541386875564],[129.5994653567409,32.88020480210997],[129.60208311324516,32.881252360308224],[129.60542933859313,32.885078305619345],[129.60280756211932,32.88705230581928],[129.6021188585985,32.89117555890499]]],[[[129.80816083015827,32.893820467740454],[129.80863136174798,32.89403825206375],[129.80849114125328,32.89434808109911],[129.80801669311597,32.89392722536121],[129.80816083015827,32.893820467740454]]],[[[129.81000785957508,32.895480865349725],[129.8097014137893,32.89548610839722],[129.80970236077542,32.89532035974685],[129.8099843836725,32.895311639920294],[129.81000785957508,32.895480865349725]]],[[[129.7858307258074,32.905934054213276],[129.78628878110248,32.90649786528428],[129.78581358023257,32.906490586171685],[129.7858307258074,32.905934054213276]]],[[[129.79282418858554,32.91022969384534],[129.79216299622533,32.9093285857457],[129.7943076391863,32.909459532431526],[129.7937376911416,32.91035280204022],[129.79282418858554,32.91022969384534]]],[[[129.80136038887088,32.91447986465408],[129.80133046662775,32.91458344137277],[129.80121686066968,32.914588865184044],[129.80124658865918,32.91446299966776],[129.80136038887088,32.91447986465408]]],[[[129.80268396879023,32.91633874803483],[129.8035415559981,32.91274010816949],[129.80708341087075,32.91293058637751],[129.80838447536325,32.91655044124991],[129.80268396879023,32.91633874803483]]],[[[129.79824863836404,32.92182353243015],[129.79829208820934,32.92202919838883],[129.79796005221465,32.92217222476842],[129.7978222437016,32.921892891743596],[129.79824863836404,32.92182353243015]]],[[[129.81526855989614,32.92194100007714],[129.81504972786274,32.92219325181719],[129.81453211406586,32.92188694632557],[129.81508544713574,32.9218269462566],[129.81526855989614,32.92194100007714]]],[[[129.7887747473568,32.9242116938147],[129.7888684441234,32.924263748373335],[129.78894452676855,32.92450938739836],[129.78867499365606,32.92436202718585],[129.7887747473568,32.9242116938147]]],[[[129.81795243815452,32.92635280243991],[129.81743655015669,32.92615102694839],[129.8177133066239,32.925913613122816],[129.81795243815452,32.92635280243991]]],[[[129.79940255488407,32.93135900001789],[129.79919031128395,32.93132658575337],[129.79924752255522,32.93123764010505],[129.79938372218112,32.93125516159648],[129.79940255488407,32.93135900001789]]],[[[129.81836919568195,32.95071894582276],[129.81842713360538,32.950947666801426],[129.8182023093891,32.9509470543631],[129.81836919568195,32.95071894582276]]],[[[129.81787713432232,32.950852108438085],[129.81802883286446,32.95124616168107],[129.81758516222555,32.951215278962025],[129.81787713432232,32.950852108438085]]],[[[129.81736066086592,32.952383640392725],[129.81731700417652,32.95252802744653],[129.81715341120105,32.95242166732612],[129.81736066086592,32.952383640392725]]],[[[129.8167403633771,32.95197572140245],[129.8170196892073,32.95244655876172],[129.8164337736997,32.952389494979286],[129.8167403633771,32.95197572140245]]],[[[129.81323138771847,32.958162495003194],[129.81323780797857,32.958314494818126],[129.81311727634125,32.95831716220732],[129.8131229960295,32.95818177466924],[129.81323138771847,32.958162495003194]]],[[[130.37629788573895,32.75526926126747],[130.37610455308277,32.75544954116344],[130.37586428031238,32.755303153118064],[130.37629788573895,32.75526926126747]]],[[[130.37507014297273,32.75521737757998],[130.37523751040283,32.755276431562095],[130.37523116658508,32.75544817958985],[130.3748528919475,32.755352351429906],[130.37507014297273,32.75521737757998]]],[[[130.37471793788256,32.75761651429076],[130.37484927397486,32.75768007207773],[130.37474469541144,32.7577764856963],[130.37460702989063,32.757733874019095],[130.37471793788256,32.75761651429076]]],[[[130.3770584441919,32.75788454103878],[130.376864824652,32.757985927908294],[130.3768381579547,32.75787343171356],[130.3770584441919,32.75788454103878]]],[[[130.3734616083666,32.75956126134321],[130.37358983100592,32.759674261158295],[130.37352202302304,32.75985590082922],[130.37332080421186,32.75969887380404],[130.3734616083666,32.75956126134321]]],[[[130.37539066135002,32.7598009279705],[130.37531066125803,32.75994759480568],[130.37513705613026,32.75994759480568],[130.37513705613026,32.75978954075475],[130.37539066135002,32.7598009279705]]],[[[130.37274593957352,32.759604927925125],[130.37282277585052,32.759899008932166],[130.37241732819723,32.75988948601105],[130.37274593957352,32.759604927925125]]],[[[130.37602426700641,32.76070287423829],[130.37597760118535,32.76078731518248],[130.37578426673053,32.76077620675659],[130.37576426670762,32.7606973146294],[130.37602426700641,32.76070287423829]]],[[[130.3734199607626,32.76142809922743],[130.37406540869176,32.76076884670499],[130.3744822435608,32.76109462161952],[130.3734199607626,32.76142809922743]]],[[[130.37472679620475,32.763575702756555],[130.37465521376714,32.76360108971858],[130.3738983794068,32.76190559516715],[130.3739713746793,32.761883622031576],[130.37472679620475,32.763575702756555]]],[[[130.37216871601345,32.76346481994551],[130.37218871603648,32.76356620681503],[130.37196176402426,32.76363398242239],[130.3719284306526,32.763509820222055],[130.37216871601345,32.76346481994551]]],[[[130.3712170947931,32.76453195458606],[130.37117498134035,32.76453792788311],[130.37108870308123,32.76418206255221],[130.37113195777374,32.76417598223583],[130.3712170947931,32.76453195458606]]],[[[130.3883780803842,32.76554481064454],[130.3882847604334,32.765640639703804],[130.3881781062347,32.76553925193497],[130.38823809281382,32.76546035980783],[130.3883780803842,32.76554481064454]]],[[[130.37399940295018,32.76661953196589],[130.37387717339288,32.76667134190893],[130.3738166283348,32.766569314722176],[130.37393884620087,32.766517504779074],[130.37399940295018,32.76661953196589]]],[[[130.3768723987423,32.76912553241743],[130.37716213962108,32.769764477348815],[130.37670162108304,32.76977917137174],[130.3768723987423,32.76912553241743]]],[[[130.37593505785674,32.770105288028674],[130.37469472098462,32.77008906335965],[130.37437197138945,32.76952255881906],[130.37568680899915,32.76918217082056],[130.37593505785674,32.770105288028674]]],[[[130.3864700913217,32.77031898223527],[130.38642342370213,32.77044870314518],[130.3863234235872,32.77041481129453],[130.38638342365618,32.770273703168925],[130.3864700913217,32.77031898223527]]],[[[130.38333333336675,32.77068728788805],[130.3835044230907,32.77088831514368],[130.38316342355324,32.77097767627879],[130.38318133624978,32.77073900879827],[130.38333333336675,32.77068728788805]]],[[[130.38041980512992,32.771198422968894],[130.3804131393549,32.771294252028156],[130.3802464715975,32.77126036917076],[130.3802998049921,32.77117008982782],[130.38041980512992,32.771198422968894]]],[[[130.37627481183313,32.770881676348324],[130.3764824509044,32.77110419830018],[130.37635856029942,32.77149842331363],[130.37604597933853,32.77149094635013],[130.3759575876726,32.77106719839253],[130.37627481183313,32.770881676348324]]],[[[130.38648420168465,32.77106403637623],[130.38714038931755,32.77160125179637],[130.38688992183245,32.77189431477086],[130.38592055788752,32.77155153187772],[130.38648420168465,32.77106403637623]]],[[[130.3902123870921,32.77172256764243],[130.39033237374008,32.771891739112505],[130.390065446863,32.77190868503783],[130.38998546026085,32.77177896412792],[130.3902123870921,32.77172256764243]]],[[[130.38039180293947,32.772472170554295],[130.37976893608754,32.77354234220536],[130.3789524119244,32.772806730046625],[130.38039180293947,32.772472170554295]]],[[[130.381537977196,32.77382936893031],[130.38172880703883,32.77389239611722],[130.38178533122812,32.774006009269954],[130.381628223264,32.77406211707307],[130.381537977196,32.77382936893031]]],[[[130.38622347563296,32.774104702669945],[130.38599566836547,32.77406042275038],[130.3860234763024,32.77374027939044],[130.38623858604194,32.773884559424914],[130.38622347563296,32.774104702669945]]],[[[130.38268786025662,32.77414619828846],[130.38272786030257,32.7742870357182],[130.382614526839,32.77428147700863],[130.38253452674712,32.77418009013911],[130.38268786025662,32.77414619828846]]],[[[130.38012630418564,32.77376886524098],[130.38052761315885,32.774004730434],[130.38025466891793,32.77455745016624],[130.37947647206158,32.7739988650556],[130.38012630418564,32.77376886524098]]],[[[130.37966968870523,32.77522625169024],[130.37991919571436,32.77532747668175],[130.37997457776464,32.775490117275126],[130.37982888489523,32.77555678401842],[130.37966968870523,32.77522625169024]]],[[[130.3842353569762,32.775403143840094],[130.38430869039382,32.77558897255307],[130.38408841764647,32.775622865303035],[130.38410175099511,32.77541981097556],[130.3842353569762,32.775403143840094]]],[[[130.3789929704493,32.775314504860546],[130.37687421537282,32.77385047691803],[130.377749494044,32.77375417121806],[130.37859771661135,32.77434825167052],[130.3789929704493,32.775314504860546]]],[[[130.3816264983643,32.77671200005881],[130.38103538297662,32.77620714404452],[130.38110290497514,32.776159306406896],[130.3816264983643,32.77671200005881]]],[[[130.38537618656187,32.77732536917051],[130.3853695198875,32.77748314443164],[130.38524258058067,32.777421198229774],[130.38537618656187,32.77732536917051]]],[[[130.38008127063415,32.7767654503653],[130.37985691316612,32.7764074770235],[130.38034769119304,32.776339838113074],[130.38008127063415,32.7767654503653]]],[[[130.38516924806243,32.77817091895281],[130.38506258127313,32.77830619767292],[130.38486896173322,32.77821036861366],[130.38500924787854,32.77813147738584],[130.38516924806243,32.77817091895281]]],[[[130.36722507078048,32.813837703047625],[130.36719265921397,32.81373250485126],[130.36756341102262,32.81232547683936],[130.3676207392058,32.81233617067778],[130.36722507078048,32.813837703047625]]],[[[130.36579661462213,32.81704917128229],[130.3659203496445,32.816515476707934],[130.36685498087274,32.814778449665766],[130.366910519405,32.81479962240468],[130.3659774583931,32.81653356836955],[130.36579661462213,32.81704917128229]]],[[[130.34359965040358,32.851006423307865],[130.3434920357289,32.85104853226403],[130.34319648522967,32.850511117194344],[130.34330398209318,32.8504690091375],[130.34359965040358,32.851006423307865]]],[[[130.33001325590715,32.863615892359576],[130.32997634233436,32.86383925158026],[130.32972042765573,32.86372236039864],[130.33001325590715,32.863615892359576]]],[[[130.20401897469594,32.60403794579463],[130.20255128381473,32.60348544100037],[130.20258147855247,32.603429693825376],[130.20401897469594,32.60403794579463]]],[[[130.2178741369819,32.60434227007977],[130.21775442282842,32.60429727879642],[130.2177966019317,32.60414117987159],[130.21790080367919,32.60417894600158],[130.2178741369819,32.60434227007977]]],[[[130.23727823590195,32.611266630750436],[130.23729517463266,32.61139663134952],[130.2370768480182,32.611402467949574],[130.23710405970462,32.61126357665279],[130.23727823590195,32.611266630750436]]],[[[130.23296852098053,32.61131164901343],[130.2330006609518,32.611469008787765],[130.23276268504992,32.61143970258024],[130.2327685207507,32.61131164901343],[130.23296852098053,32.61131164901343]]],[[[130.16878979171554,32.61567403632779],[130.16859420176104,32.6157730993491],[130.16854215259832,32.61568134242009],[130.16878979171554,32.61567403632779]]],[[[130.24830465623495,32.62401477526174],[130.24828998739304,32.624078404994464],[130.24725368421025,32.62392318920388],[130.24726285279849,32.62385644062226],[130.24830465623495,32.62401477526174]]],[[[130.24103926095324,32.62658627873384],[130.24094592661334,32.626794891770885],[130.24073287901922,32.6269021080459],[130.24052648460963,32.6268682251885],[130.24087954585445,32.62659766684891],[130.24103926095324,32.62658627873384]]],[[[130.2440043581147,32.62866044991989],[130.24353508377715,32.62877112588683],[130.2434879772884,32.62869876643498],[130.24373433217374,32.628628900803164],[130.2440043581147,32.62866044991989]]],[[[130.25938852076365,32.63724242299946],[130.25933621259617,32.63727108079581],[130.25905058431704,32.636886305858354],[130.25910465605511,32.63685994582988],[130.25938852076365,32.63724242299946]]],[[[130.28701390436822,32.649271630581325],[130.28404735390234,32.649321532163015],[130.28404451384336,32.649252612618056],[130.2870135149618,32.649201882760735],[130.28701390436822,32.649271630581325]]],[[[130.12746450118584,32.649966730080564],[130.1275111670068,32.65004006259886],[130.12741783356626,32.650124505341694],[130.12732478611008,32.64998923381614],[130.12746450118584,32.649966730080564]]],[[[130.12746442294485,32.653011955037755],[130.1274441504272,32.65310667613227],[130.12721359303293,32.653098072318244],[130.12730858572274,32.65296612558626],[130.12746442294485,32.653011955037755]]],[[[130.31613738043586,32.65636343242653],[130.31664793815185,32.656550270178855],[130.31662024622744,32.65660099104298],[130.31613738043586,32.65636343242653]]],[[[130.35464697817554,32.68122958627646],[130.3545242018305,32.680778864952686],[130.3546174192586,32.680774532019086],[130.35464697817554,32.68122958627646]]],[[[130.35168634165143,32.70147265823664],[130.35162664105667,32.70154640534241],[130.3513800262673,32.70140365775268],[130.35143966301007,32.70132996370694],[130.35168634165143,32.70147265823664]]],[[[130.3488392868037,32.70346687429685],[130.34829578512245,32.70429507166028],[130.3480892872908,32.70506107191102],[130.34794865130925,32.70502201795182],[130.34817070021768,32.704273514011504],[130.34872350178819,32.70341193741103],[130.3488392868037,32.70346687429685]]],[[[130.3517528150404,32.711665729889546],[130.3511888978494,32.71139442331406],[130.35177435830008,32.71052483825076],[130.35233826200124,32.71079547662998],[130.3517528150404,32.711665729889546]]],[[[129.4162305582937,33.12388638704715],[129.41629082995792,33.12337333281312],[129.41688693928086,33.123424161595835],[129.41667250313355,33.12378500017769],[129.4162305582937,33.12388638704715]]],[[[129.39346055775854,33.17297610756134],[129.39346722443292,33.17304389216196],[129.393340000041,33.173257775226205],[129.39329972839982,33.17310027875493],[129.39346055775854,33.17297610756134]]],[[[129.35754583687094,33.17802666689721],[129.35753917019656,33.178212775299414],[129.35717722365007,33.1781563869078],[129.35728444891822,33.177975829121294],[129.35754583687094,33.17802666689721]]],[[[129.33320027177524,33.17964389165235],[129.33215472086374,33.17945222543989],[129.33142389129955,33.17844305390389],[129.33285861213528,33.178375558884966],[129.33320027177524,33.17964389165235]]],[[[129.33774527902142,33.18284610766182],[129.33781221825927,33.18267694608426],[129.33814749720932,33.18267138737468],[129.3379127759539,33.18284055884476],[129.33774527902142,33.18284610766182]]],[[[129.34525944206962,33.18294777511977],[129.34444805393457,33.185473333127845],[129.34228306111447,33.18494889167806],[129.3423836062185,33.181995000069264],[129.34525944206962,33.18294777511977]]],[[[129.39833360621105,33.18678222531952],[129.39841389138803,33.18698527874767],[129.3981525034353,33.18708110780693],[129.39812555075366,33.18690055901362],[129.39833360621105,33.18678222531952]]],[[[129.3388174966302,33.190045559255225],[129.33649166006217,33.188652774705815],[129.3377116596654,33.1858116670748],[129.34180722442397,33.18834305358911],[129.3388174966302,33.190045559255225]]],[[[129.33995055787204,33.19017499957664],[129.3400241628849,33.190316107702245],[129.33993027186466,33.19037249519454],[129.3398030609626,33.190231387068934],[129.33995055787204,33.19017499957664]]],[[[129.3443141628684,33.19586889163611],[129.34049306130578,33.19462305361111],[129.34252444904416,33.192486386737414],[129.3443141628684,33.19586889163611]]],[[[129.35603778171833,33.19808472133286],[129.3560980542818,33.19815805385116],[129.35595722404673,33.19821444134345],[129.3559305582487,33.198101667258186],[129.35603778171833,33.19808472133286]]],[[[129.3650663940989,33.20068361275855],[129.3650797283468,33.20079638684382],[129.3649861089218,33.20083582931011],[129.36494583728063,33.200706108400254],[129.3650663940989,33.20068361275855]]],[[[129.44976341125243,33.20435680192492],[129.44966898783355,33.20441573899524],[129.44953005157072,33.20427203632545],[129.449759598127,33.20426879337015],[129.44976341125243,33.20435680192492]]],[[[129.50563778185824,33.20819861307558],[129.5038344487009,33.20655805361133],[129.50319138757254,33.20349694572752],[129.50422333264078,33.20375055904111],[129.50563778185824,33.20819861307558]]],[[[129.3479802716722,33.209528613254975],[129.34732360559997,33.20924666680031],[129.3475849935527,33.20854805364979],[129.34825499387296,33.20899861309556],[129.3479802716722,33.209528613254975]]],[[[129.4555271851316,33.20999385593177],[129.45443259418892,33.209977053897944],[129.45443265894016,33.20986938706261],[129.45552819686884,33.209883036073336],[129.4555271851316,33.20999385593177]]],[[[129.35478389116372,33.212189720679135],[129.35430111530434,33.21207694569455],[129.35469666681774,33.21184582892192],[129.35478389116372,33.212189720679135]]],[[[129.35275277591995,33.2126408287113],[129.34819472130937,33.21110138721929],[129.3485100002364,33.20932000021787],[129.35319527923878,33.211529999609866],[129.35275277591995,33.2126408287113]]],[[[129.45445889756013,33.21283051371728],[129.4543347857218,33.21282965756268],[129.4542759655634,33.2116544046271],[129.45439911782512,33.21164958605959],[129.45445889756013,33.21283051371728]]],[[[129.45991527866727,33.212473613266695],[129.46004944222807,33.212620279202554],[129.46002250303616,33.21282305384091],[129.45982138764703,33.212513053934344],[129.45991527866727,33.212473613266695]]],[[[129.4619799997772,33.213116386612],[129.4619799997772,33.21326277465738],[129.4618525028908,33.21322333309041],[129.4619799997772,33.213116386612]]],[[[129.46336082963865,33.21334194557437],[129.4634144490177,33.213505278645755],[129.46318666693116,33.213471386795106],[129.46336082963865,33.21334194557437]]],[[[129.51244805363478,33.215391666891946],[129.51169722404768,33.21397110768055],[129.51274306094354,33.21406694573301],[129.51244805363478,33.215391666891946]]],[[[129.38290666730893,33.22922497295417],[129.38271581138565,33.22922444055553],[129.3826666931135,33.22867955931429],[129.382847859741,33.228671585924985],[129.38290666730893,33.22922497295417]]],[[[129.37520082995445,33.22941249509063],[129.3754488845584,33.22964389155243],[129.37517389076254,33.22976222524653],[129.37503306142673,33.2296269456271],[129.37520082995445,33.22941249509063]]],[[[129.37926277625616,33.23054582882702],[129.37905499419264,33.230500828550475],[129.379141946044,33.23021889198833],[129.37943027228926,33.23031472104759],[129.37926277625616,33.23054582882702]]],[[[129.37668194591515,33.231114999857425],[129.37652778233132,33.23137444077787],[129.37644055798546,33.231188333274986],[129.37668194591515,33.231114999857425]]],[[[129.37601832718417,33.231475829446026],[129.37586416270096,33.23192138686255],[129.37558916980436,33.23187055897915],[129.37554916975841,33.2315322250322],[129.37601832718417,33.231475829446026]]],[[[129.48120444922597,33.236337774868446],[129.48131194608948,33.23661972132311],[129.48119111497806,33.23664222505869],[129.4809699995659,33.236360278604025],[129.48120444922597,33.236337774868446]]],[[[129.3390244486195,33.239001946282826],[129.3389841625891,33.23925555869715],[129.33856861195193,33.23948666737584],[129.3385016601236,33.238979440748665],[129.3390244486195,33.239001946282826]]],[[[129.4840530608002,33.239776667259434],[129.4838455512313,33.239731387293716],[129.4839261089029,33.239646946349524],[129.4840530608002,33.239776667259434]]],[[[129.34080749666873,33.23973472108054],[129.34173250335243,33.237209162173144],[129.343314448603,33.23842110834755],[129.34080749666873,33.23973472108054]]],[[[129.41641778185522,33.24044055938435],[129.41560666711405,33.23972999963985],[129.41665221802555,33.23843361342057],[129.41720888488214,33.239808891766984],[129.41641778185522,33.24044055938435]]],[[[129.40607472127147,33.248146946224665],[129.40594055771066,33.24691194592964],[129.40731472089772,33.246404721101044],[129.40607472127147,33.248146946224665]]],[[[129.40737499436057,33.25172666705208],[129.4074419461889,33.251760279213556],[129.4074822178302,33.2519916666821],[129.40731472089772,33.25191249486579],[129.40737499436057,33.25172666705208]]],[[[129.49345082959212,33.25201610755738],[129.4934308295692,33.25211749532622],[129.4932630610415,33.25212305403579],[129.49316917002125,33.25205555901687],[129.49338389125364,33.25198222469999],[129.49345082959212,33.25201610755738]]],[[[129.40712027218285,33.25190138733922],[129.4072947208747,33.252008612607426],[129.4072074974281,33.25214944104391],[129.40706666719302,33.25203110824907],[129.40712027218285,33.25190138733922]]],[[[129.40708666721594,33.25212110790284],[129.40716722398827,33.25223972128617],[129.40701972797808,33.25229610787915],[129.40691917028357,33.25211555908584],[129.40708666721594,33.25212110790284]]],[[[129.34120277568763,33.252560279233535],[129.33582027208797,33.24895222526504],[129.3382536064189,33.24829833270195],[129.3407069389741,33.249786666621446],[129.34120277568763,33.252560279233535]]],[[[129.4068319459376,33.25230166658872],[129.4069930612808,33.25256666711806],[129.4068052792403,33.25267389238627],[129.4068319459376,33.25230166658872]]],[[[129.41003861179252,33.2578938920895],[129.4102533330249,33.25717222481836],[129.41074306064377,33.257662775316874],[129.41003861179252,33.2578938920895]]],[[[129.41015510997045,33.25905902675271],[129.41003861179252,33.258564440996224],[129.41036722406818,33.25823194634728],[129.4107094421871,33.25859277503662],[129.41015510997045,33.25905902675271]]],[[[129.49235221778065,33.282642775243914],[129.49219138842193,33.28182555860269],[129.49331861216433,33.281605829045816],[129.4934861090967,33.28241194625434],[129.49235221778065,33.282642775243914]]],[[[129.51233306092206,33.28406389203502],[129.51362138831644,33.28105916175099],[129.51505693922638,33.28202889172002],[129.51233306092206,33.28406389203502]]],[[[129.51408389075903,33.287863053737],[129.51379555102392,33.28750805355389],[129.51417805427388,33.2873558289084],[129.51408389075903,33.287863053737]]],[[[129.51773360582126,33.292508332693444],[129.51378194608003,33.29089055935191],[129.5143855512523,33.2901461077567],[129.51769333328082,33.29067610791611],[129.51773360582126,33.292508332693444]]],[[[129.41459333261628,33.29247305408825],[129.41454639430071,33.292619720923426],[129.4143516596015,33.2926027749981],[129.41439861230617,33.292456108162924],[129.41459333261628,33.29247305408825]]],[[[129.41292917044495,33.29396110831857],[129.4127680542024,33.29399500016916],[129.41274111501048,33.2939272245618],[129.4128755510659,33.29386527925931],[129.41292917044495,33.29396110831857]]],[[[129.41255999964437,33.29386777487798],[129.41172888488018,33.29215333340966],[129.41417805357435,33.29254722477464],[129.41255999964437,33.29386777487798]]],[[[129.5133925027618,33.29775666733639],[129.51282221837073,33.29696166664763],[129.51405693897664,33.29676416203648],[129.51402333311034,33.29757055893418],[129.5133925027618,33.29775666733639]]],[[[129.50797832683838,33.300546667394826],[129.50711250273991,33.29996055943235],[129.507468326702,33.29789722507695],[129.50894416274298,33.29858499959812],[129.50797832683838,33.300546667394826]]],[[[129.4396872235866,33.30075472105358],[129.43978111460683,33.300861946321845],[129.43960666681426,33.300889999773744],[129.43956000009405,33.30079416172123],[129.4396872235866,33.30075472105358]]],[[[129.58023815806462,33.301498170803995],[129.57965112829697,33.30129746820364],[129.57997212691214,33.301214846587925],[129.58023815806462,33.301498170803995]]],[[[129.58032439675355,33.302210747727884],[129.57977566821262,33.30186231529365],[129.58009237436363,33.301662558780095],[129.5801358367995,33.301988775261805],[129.58032439675355,33.302210747727884]]],[[[129.43570861206285,33.302366945578115],[129.43562111522238,33.30258666704111],[129.43531250296974,33.30259805425686],[129.4354333331819,33.302366945578115],[129.43570861206285,33.302366945578115]]],[[[129.56890610942946,33.302678612827776],[129.5686244489592,33.30243610794008],[129.5688658368889,33.30241944080461],[129.56890610942946,33.302678612827776]]],[[[129.56946306137127,33.30232916236099],[129.56977832680843,33.30264472097713],[129.5695972240327,33.302813892447205],[129.56920805410846,33.30248138700648],[129.56946306137127,33.30232916236099]]],[[[129.58034979180945,33.30321444059399],[129.58014834007395,33.30344207159436],[129.57980482513267,33.3031048743905],[129.58003665416834,33.30284430572016],[129.58059627799594,33.30289354090422],[129.58034979180945,33.30321444059399]]],[[[129.57755045409021,33.30487241363102],[129.57736999972576,33.30483005376402],[129.57738522704665,33.30468351373321],[129.57763010434587,33.304833224773574],[129.57755045409021,33.30487241363102]]],[[[129.5799191964138,33.3064005047795],[129.5801930741511,33.30421473042554],[129.58252430575214,33.30499454965877],[129.5799191964138,33.3064005047795]]],[[[129.43589929981295,33.30652041408587],[129.43560111519935,33.307199413921865],[129.43552955884218,33.307171386550294],[129.43582296985426,33.30649035964245],[129.43589929981295,33.30652041408587]]],[[[129.5814487552559,33.30678021563449],[129.5816979124288,33.307253368748036],[129.58082051855217,33.30676745875127],[129.581281427396,33.30641242259526],[129.5814487552559,33.30678021563449]]],[[[129.43327916999772,33.31040000035978],[129.43304416275794,33.31051833315462],[129.43305111541667,33.310140829235934],[129.43342666690717,33.31017444139741],[129.43327916999772,33.31040000035978]]],[[[129.59932722357257,33.310833801838555],[129.59930072594784,33.31086096406227],[129.5984675616287,33.31028758600337],[129.5984939558315,33.310260422880276],[129.59932722357257,33.310833801838555]]],[[[129.43055499401783,33.31511277523447],[129.42985693934634,33.316505279195326],[129.42905194629031,33.31596972122571],[129.43055499401783,33.31511277523447]]],[[[129.45982083006732,33.351838892351054],[129.45980055844905,33.35192916180142],[129.45967306066325,33.35191805427485],[129.4596863940119,33.351816386816836],[129.45982083006732,33.351838892351054]]],[[[129.48870555142014,33.356529999859674],[129.48869861225126,33.35671610826182],[129.48848389101886,33.35667082919548],[129.48870555142014,33.356529999859674]]],[[[129.4874561089124,33.35696972067615],[129.4875099998867,33.35704861280328],[129.48732194625086,33.357150279361974],[129.4873419462739,33.35698110789184],[129.4874561089124,33.35696972067615]]],[[[129.40244722396028,33.357559162425446],[129.40234666716503,33.35773389170578],[129.4022055509455,33.35767194640323],[129.40232639374813,33.357542224594056],[129.40244722396028,33.357559162425446]]],[[[129.39810194624783,33.35879916205175],[129.3979072241391,33.358793613234695],[129.3979205583871,33.35868666675634],[129.39807527865128,33.35869222456654],[129.39810194624783,33.35879916205175]]],[[[129.39772583717775,33.361691108358],[129.3978602723338,33.361792774916694],[129.39767221779869,33.36180972084202],[129.39772583717775,33.361691108358]]],[[[129.46525972835389,33.374010000161434],[129.46528666664642,33.374190279158086],[129.46511194635934,33.37411138703095],[129.46525972835389,33.374010000161434]]],[[[129.46489693914248,33.37422416201554],[129.464836666579,33.37438777477604],[129.46474250306414,33.37432582857417],[129.46489693914248,33.37422416201554]]],[[[129.56316223125202,33.37440480164031],[129.5610884953378,33.373385730367204],[129.56243945511687,33.37286377464352],[129.56316223125202,33.37440480164031]]],[[[129.46366778174274,33.37436500034454],[129.46452083007227,33.37305166730067],[129.4660925032665,33.37204277455447],[129.46683805383316,33.372448613412814],[129.46456111520342,33.37418472134789],[129.46366778174274,33.37436500034454]]],[[[129.50139082972305,33.37448222517463],[129.5015588851345,33.37428472056348],[129.5017736063669,33.37430722519832],[129.50171999957843,33.374504720816276],[129.50139082972305,33.37448222517463]]],[[[129.5044330608372,33.37469082921842],[129.5039230607008,33.37447638677588],[129.50441306081416,33.374155279342745],[129.5044330608372,33.37469082921842]]],[[[129.50133055805884,33.37568833295023],[129.50130360627645,33.37586305413669],[129.50112221841573,33.375784162009495],[129.50133055805884,33.37568833295023]]],[[[129.50162583696283,33.376703054202665],[129.50178722390137,33.37670861291218],[129.5018341631162,33.37697361344158],[129.50157888515753,33.376883333199316],[129.50162583696283,33.376703054202665]]],[[[129.4642119462244,33.37782055897168],[129.46417832686836,33.37810805424334],[129.46394333311844,33.37828305421965],[129.46371499435156,33.37820972080203],[129.4642119462244,33.37782055897168]]],[[[129.53194111529035,33.37950472116603],[129.53165221797553,33.37877749518532],[129.53250527889554,33.37872694609172],[129.53248499378753,33.37943166743753],[129.53194111529035,33.37950472116603]]],[[[129.52361999956338,33.38020916192335],[129.5237747207268,33.38037277468385],[129.52354610856617,33.380457224621296],[129.52340527923036,33.380350279042204],[129.52361999956338,33.38020916192335]]],[[[129.5224916597623,33.38033333311688],[129.52271333275417,33.38048555866163],[129.52245805389612,33.38062082928792],[129.52226360608063,33.38051361301291],[129.5224916597623,33.38033333311688]]],[[[129.56972717337044,33.3817989276784],[129.56920704327047,33.38163791036135],[129.56902024598764,33.381227458880176],[129.56966616066484,33.38145135139882],[129.56972717337044,33.3817989276784]]],[[[129.516850557907,33.38177055856448],[129.51649444885982,33.38168027922154],[129.5166625033719,33.38147749469067],[129.516850557907,33.38177055856448]]],[[[129.54120364493235,33.382922856304845],[129.54170924828327,33.3822746312693],[129.54201203562695,33.38249887362417],[129.54120364493235,33.382922856304845]]],[[[129.59631918288403,33.38466273869449],[129.59730391714209,33.38289570307427],[129.59918893572092,33.38410502682558],[129.59631918288403,33.38466273869449]]],[[[129.561788858569,33.386421342271206],[129.56137171163527,33.38612722529126],[129.56140403416896,33.386100612553264],[129.561788858569,33.386421342271206]]],[[[129.43333333256726,33.38332658625302],[129.43533538262193,33.38777558637429],[129.435269027044,33.38782674790616],[129.4345227759054,33.386141829381984],[129.43333333256726,33.38332658625302]]],[[[129.56038133592995,33.388628613120034],[129.56067092122612,33.387406197937764],[129.56155927424118,33.386903874414315],[129.56112411208812,33.387748270366444],[129.56060403414892,33.38782427027388],[129.56038133592995,33.388628613120034]]],[[[129.51638000023684,33.391009161743455],[129.51496277571164,33.39093610801501],[129.5140766674043,33.38988166730513],[129.51631972767336,33.390101666658666],[129.51638000023684,33.391009161743455]]],[[[129.43587282736917,33.39133858610694],[129.43578199674187,33.39133858610694],[129.4359031390187,33.38860413537259],[129.4359805841367,33.38860302740784],[129.43587282736917,33.39133858610694]]],[[[129.51412277564566,33.404796945922385],[129.51418333329423,33.4036472247397],[129.51558666689118,33.40383305435205],[129.51556666686827,33.404464441380924],[129.51412277564566,33.404796945922385]]],[[[129.5545455506367,33.40954416213344],[129.5511608298085,33.407994161701254],[129.54277944241744,33.408704162067465],[129.53842749713135,33.406483054249634],[129.53485075216054,33.40172489238995],[129.5323902717937,33.40121222486431],[129.52933416324106,33.404696107639325],[129.52429722413763,33.4067419456843],[129.52371306140867,33.40439138675316],[129.51984499365165,33.401054161820184],[129.52318972792364,33.397051945790736],[129.52656778207756,33.396550278772395],[129.5264808302262,33.392277775099274],[129.51812610863306,33.391494161626326],[129.52210221824282,33.386809999581885],[129.5266419455694,33.38772305427557],[129.5369440078597,33.387781621724514],[129.54477613521055,33.38980879344109],[129.54515322993768,33.38692643210919],[129.54999068682082,33.388003116650566],[129.55187858592808,33.38070000919811],[129.546938922893,33.37652235971916],[129.54156736674065,33.37592761286908],[129.53000953341325,33.37618369392237],[129.52937555094104,33.37830416220737],[129.52394917031802,33.378056107603356],[129.52944306124834,33.373124161650765],[129.53181360581334,33.369020558751856],[129.52518527857785,33.362554999813426],[129.5225639949325,33.353799080763],[129.51653647238038,33.353951198389154],[129.51393732824522,33.35796453183775],[129.5168191050177,33.35990477508534],[129.51840555137517,33.364595198209884],[129.51769983088252,33.37358238691769],[129.52116250314702,33.374504999606074],[129.51826082977357,33.37896916229704],[129.51091389116323,33.381375829031356],[129.5076299996249,33.37922277471131],[129.50487666672484,33.37115055895117],[129.5064467831926,33.366503973279805],[129.50418527872773,33.36205277521543],[129.50162639364316,33.36049166725667],[129.501915422259,33.357229945805386],[129.49777416294728,33.35519222504121],[129.49451472127748,33.3560508293823],[129.4839638912207,33.35585333286508],[129.47931666703062,33.35448916204524],[129.4778745780494,33.351445251896905],[129.46930360637634,33.35421249461098],[129.4608686121968,33.35196305365207],[129.45366888541082,33.3487441624132],[129.4476649943441,33.34925694595137],[129.44129832665647,33.35098138698146],[129.43724221785408,33.34714833342889],[129.43701389077853,33.344566387029204],[129.44241360560352,33.34233444058202],[129.43974083037506,33.338771946268366],[129.44349082973804,33.331347774780056],[129.44293416288133,33.325023332960484],[129.43684165981483,33.32395777483151],[129.43678805392562,33.3177569457265],[129.43252749684655,33.314385828942875],[129.44090165998364,33.30397361319177],[129.44260610908475,33.30005555931666],[129.4469143841916,33.29698755902865],[129.44439778163235,33.29382638717806],[129.44716455310174,33.29179799957808],[129.44307999964235,33.28909846772018],[129.43705722371192,33.29237194600853],[129.43188444920804,33.29026333258679],[129.42312832691084,33.28896082917896],[129.4216143056558,33.283794197943905],[129.4256167833879,33.284504693836595],[129.42098861223474,33.2784077750988],[129.4170297282394,33.27820472077127],[129.41392306070077,33.27615833324052],[129.4093472237954,33.27660389155642],[129.40429499441848,33.2715244406005],[129.40788472110307,33.26791110761155],[129.40387250281378,33.26543638737945],[129.40766999987068,33.26231916179995],[129.4120188586835,33.26054180196263],[129.41002277563064,33.252549721192736],[129.41047861229822,33.24895305443994],[129.41537194585862,33.24978194608002],[129.42257778173928,33.24853610805502],[129.42617749719375,33.24395833311064],[129.42301333329874,33.24150610762081],[129.42674055823022,33.239775559294685],[129.42713610884437,33.23708638672741],[129.43185527879814,33.23893555922871],[129.4331688852359,33.237407774749045],[129.42983111531373,33.23427333344762],[129.42555416269454,33.23525416195008],[129.42296666657842,33.23924555913527],[129.4200977815874,33.237413053769444],[129.42137165957445,33.23355694609626],[129.4263133325943,33.22830388281801],[129.42412000033778,33.22626777543752],[129.41189972818995,33.23805555911679],[129.40836722356858,33.240113054174174],[129.40417778217898,33.23931805438474],[129.3994052788306,33.24001138671616],[129.39465944217955,33.23784666728994],[129.3940027761073,33.2344808286274],[129.39137527904597,33.23386638662447],[129.39024416303778,33.23035833277089],[129.3854094418923,33.22969444064597],[129.38617389081253,33.22714055938934],[129.38026166044733,33.22388194599506],[129.3800874968406,33.21666610785462],[129.38150861183306,33.20966444056154],[129.38041610911625,33.207990000038535],[129.38829888538532,33.201394441400396],[129.3925149943716,33.200120558916694],[129.39309166035196,33.196957774581676],[129.40018658913982,33.19935608121824],[129.40588124472367,33.19775227884463],[129.40634172459102,33.19333369379501],[129.40230832726752,33.190159161616066],[129.4040739428582,33.18732586459703],[129.40279114089844,33.1848231979323],[129.3960813881456,33.18148305379992],[129.3904164200818,33.18657346839092],[129.38713944163203,33.18440889195688],[129.3840022178282,33.187210558920185],[129.38213221792762,33.184983612703604],[129.37299610868354,33.18459472066985],[129.37103108911356,33.18741630581792],[129.37349761292455,33.18972222510064],[129.36870308697792,33.19139077506429],[129.3638400003158,33.19867666679477],[129.36295749739065,33.202897495423144],[129.3595391697969,33.20401944104441],[129.35708555125723,33.20717082917048],[129.35158917010415,33.201989720649124],[129.35622749730123,33.198269162391966],[129.3564317513243,33.19398830581571],[129.3589581061318,33.19207369414573],[129.35383250286782,33.18673638687483],[129.35130527931528,33.182806945783966],[129.35478444874343,33.17904694595984],[129.36093111527885,33.177626386748386],[129.36891389076357,33.17214110772602],[129.37018749715537,33.16929444138543],[129.37513888465185,33.1686855589914],[129.37905583685745,33.17065305439502],[129.3838416600646,33.17116638741891],[129.39750250313807,33.1750113866662],[129.40501666708553,33.18080694618368],[129.41527250332342,33.18252055937637],[129.41967639435018,33.18431889230311],[129.42288722406624,33.1877861079426],[129.42912082986243,33.18879527857928],[129.43399416340003,33.1909263867434],[129.4435261092426,33.1988077753586],[129.44419653674083,33.20347857707475],[129.45067634183977,33.20989364897275],[129.45196219160198,33.21323626084484],[129.4568839302492,33.2148322427139],[129.46352165989674,33.21380944105289],[129.4669402716762,33.21832555937709],[129.46927944159302,33.22429555859321],[129.47238972800358,33.22720472062139],[129.47246527914933,33.23007361280702],[129.47657917029255,33.232176946309096],[129.48489111473327,33.241383333074396],[129.48691555071218,33.24589361299991],[129.48782027228776,33.25116472117497],[129.49402749737112,33.252416386806885],[129.498666667233,33.25841999998306],[129.50123639364472,33.25922610819839],[129.5016319460575,33.26612055921646],[129.5046244491591,33.26927722456429],[129.49735805383114,33.27809944073664],[129.49283555121974,33.27911972069859],[129.49009367118606,33.27775725229543],[129.48547272428686,33.28435153209756],[129.48857966342075,33.288424828742905],[129.49259360571045,33.28905249527651],[129.49227861186853,33.28524722537918],[129.4955127762937,33.28263166681802],[129.500725836828,33.286284721063055],[129.50412722389228,33.285490000063476],[129.51001138821505,33.28765472128839],[129.51228583662214,33.28981916192481],[129.50593194560292,33.293206945843906],[129.50426111495858,33.300214161954045],[129.50834027158635,33.30322999976471],[129.51175119326297,33.30139197256153],[129.51795555130775,33.3043128293736],[129.52388097292862,33.30252663999249],[129.52892444920406,33.30617305364359],[129.5316524769803,33.31034797278079],[129.53036027170924,33.313090000303305],[129.52573185504116,33.31414149483419],[129.5223486117991,33.32054805374975],[129.51570639363524,33.324257224791154],[129.51384632944462,33.330446108201386],[129.52044507078347,33.32967215344718],[129.53665501881414,33.3330734946461],[129.54172817091842,33.331154756886576],[129.54480994792084,33.33164313462299],[129.54138055776662,33.33616310834083],[129.54662854706987,33.3416753418436],[129.54523710790625,33.346504369381194],[129.54597944159798,33.348844324406116],[129.5504129571923,33.35121492832633],[129.5525955245639,33.350602386590936],[129.56068237409238,33.35560809044108],[129.56629503219006,33.35496618044493],[129.5668759141921,33.35863845859802],[129.56325837867132,33.363497170957714],[129.56058442263304,33.36418966691963],[129.55736929955356,33.37397506329859],[129.55839600517152,33.37691155032786],[129.56158608303133,33.378574928290334],[129.56292255473215,33.38200049542655],[129.5584464724268,33.387920882642675],[129.56184383862228,33.39197215309247],[129.5559285343744,33.396800820001886],[129.558756666587,33.4015286126554],[129.55527749715884,33.405801108234584],[129.5545455506367,33.40954416213344]]],[[[129.5331883265801,33.42599805396708],[129.53421693876078,33.42388999992363],[129.5337533328501,33.42142110819765],[129.5351249941233,33.42112222481086],[129.5344255508985,33.424814440933744],[129.5331883265801,33.42599805396708]]],[[[129.51425849503357,33.42683016158276],[129.51374566832794,33.42663255894547],[129.51378719812078,33.426572135295885],[129.51425849503357,33.42683016158276]]],[[[129.53207250264393,33.42726082892415],[129.53205221843518,33.4275088916221],[129.53191778237976,33.4274863869872],[129.5319447206724,33.427334162341765],[129.53207250264393,33.42726082892415]]],[[[129.41902778170686,33.428143332748675],[129.41879250287172,33.42845333265524],[129.4186647209002,33.428289720794055],[129.41902778170686,33.428143332748675]]],[[[129.51440031092568,33.427432720843456],[129.5143886638059,33.429139892192325],[129.51430510959324,33.429164000318394],[129.51431730170214,33.427431414128534],[129.51440031092568,33.427432720843456]]],[[[129.51524369603976,33.429569721365624],[129.51516644607466,33.429595972576124],[129.5149714397802,33.429122666577825],[129.51504191964898,33.429095080773436],[129.51524369603976,33.429569721365624]]],[[[129.51666666723293,33.43032377502226],[129.51703630388238,33.43041589168013],[129.5169764719867,33.43047116221442],[129.51666666723293,33.43032377502226]]],[[[129.53765166009612,33.43241305391933],[129.53766499434403,33.43277944131819],[129.5374633330664,33.43277944131819],[129.53750389069205,33.43245249458698],[129.53765166009612,33.43241305391933]]],[[[129.52155700425237,33.43333333286705],[129.52168571972027,33.433709891598255],[129.52160739326666,33.433727162178855],[129.52155700425237,33.43333333286705]]],[[[129.52884557686195,33.4356058917985],[129.52878128432883,33.435645225446876],[129.52826863838698,33.43503763987525],[129.5283277166509,33.43499246782818],[129.52884557686195,33.4356058917985]]],[[[129.4250236058548,33.43581582863766],[129.4248286121508,33.43612582944354],[129.4241563941024,33.43550582873104],[129.424646939205,33.43538166743008],[129.4250236058548,33.43581582863766]]],[[[129.54595360587427,33.44042916187635],[129.5465586121902,33.4393805586659],[129.54721722439547,33.440057224761176],[129.54595360587427,33.44042916187635]]],[[[129.43458778160095,33.440688892378546],[129.42984749736422,33.439951945625864],[129.4283211149276,33.43680555862966],[129.42057832712817,33.431881945795226],[129.42350055810437,33.420943053778956],[129.42159138823206,33.415639441407166],[129.4216388850266,33.40849138696797],[129.4195841625791,33.40536249538292],[129.41480250323298,33.401968891950844],[129.41246583702878,33.39803972065664],[129.4132986119414,33.3913030538929],[129.41088805384072,33.384848613272936],[129.40851111509596,33.374944161943574],[129.40416639406385,33.36478055927546],[129.39812888543975,33.36186610833431],[129.4009025034478,33.3587600001739],[129.41249416297535,33.353619162394466],[129.4150730606733,33.3510036128265],[129.42001891104394,33.35125810837508],[129.43138852076368,33.354568252023284],[129.43507408640005,33.354821054148374],[129.43165194568076,33.36116638721904],[129.43638411173742,33.363281892145665],[129.43727299625186,33.36581177499346],[129.4307408299254,33.37470005356465],[129.43000325634523,33.37857874771112],[129.43126213993582,33.38527058596884],[129.4333905060671,33.388466252215835],[129.43675275013936,33.396381162160935],[129.43519910475493,33.39874419828618],[129.43532508358578,33.4038314949276],[129.42836535707568,33.409318333374415],[129.43331055813576,33.418802494639465],[129.4296099999017,33.419625558672635],[129.42793425356297,33.422117026979265],[129.42874000025085,33.42662110787785],[129.4342276390944,33.42901966722394],[129.43703360571635,33.43215972119424],[129.43344610935048,33.43387138735471],[129.43458778160095,33.440688892378546]]],[[[129.44042972814952,33.4435844413689],[129.44028194615498,33.44377610758136],[129.43998610877202,33.44350555913428],[129.4403827763441,33.443404162372246],[129.44042972814952,33.4435844413689]]],[[[129.4412833331594,33.444266667073066],[129.4411755512108,33.44470638699022],[129.44104805432426,33.44453722541266],[129.4412833331594,33.444266667073066]]],[[[129.44069832686637,33.44536027865399],[129.43995250290573,33.44480194625288],[129.44043639392453,33.444266667073066],[129.44106805434728,33.444841666609705],[129.44069832686637,33.44536027865399]]],[[[129.54642360596472,33.44679889175552],[129.54671944244842,33.44727805413896],[129.54623555142962,33.44767249498972],[129.54612111539723,33.44717638668095],[129.54642360596472,33.44679889175552]]],[[[129.53057832672846,33.45436889191086],[129.52708250275532,33.45288055889074],[129.52659221755687,33.44771722457028],[129.5242530611299,33.44259305392637],[129.52142306102553,33.440394721439304],[129.51211277558423,33.4379083334029],[129.50685610872256,33.43523055884327],[129.50485999958937,33.427795558618186],[129.5074013883634,33.42415416228482],[129.51367306066334,33.42609889225014],[129.5134043837054,33.43106525166007],[129.5165822181949,33.43171849491267],[129.53233786020417,33.43818422472225],[129.5372344493104,33.43695082881777],[129.5396677818427,33.44572777491692],[129.53264250284928,33.44842749473315],[129.53057832672846,33.45436889191086]]],[[[129.54094333256876,33.4725144408888],[129.53970000005506,33.472384441189035],[129.53883944238646,33.471330558958186],[129.5404125032345,33.471922495426895],[129.54094333256876,33.4725144408888]]],[[[129.4977349677946,33.47394989197397],[129.49789306141577,33.47418666728095],[129.49767944185282,33.474279053735415],[129.49748192015454,33.474122414318],[129.4977349677946,33.47394989197397]]],[[[129.49960722409423,33.475714440968716],[129.4994727763476,33.47625555944654],[129.49904250290922,33.47639638698371],[129.4986930614357,33.47596249467347],[129.49960722409423,33.475714440968716]]],[[[129.50267250303364,33.47858361284352],[129.50241027241623,33.47864555904539],[129.50241027241623,33.4785666669182],[129.50267250303364,33.47858361284352]]],[[[129.5270720229555,33.48059105433373],[129.5262800260025,33.4808175593829],[129.52625294381835,33.48075325156134],[129.52704741930302,33.48052249541689],[129.5270720229555,33.48059105433373]]],[[[129.57605527902797,33.481703612831495],[129.5762636060806,33.481833332842086],[129.57606194570235,33.482019161555115],[129.57593416283146,33.48190666715902],[129.57605527902797,33.481703612831495]]],[[[129.52670669315944,33.481782441106816],[129.52590907904084,33.48234913540432],[129.52586172523854,33.48229582898938],[129.52665785997237,33.481729107712226],[129.52670669315944,33.481782441106816]]],[[[129.5096566668218,33.48371333320381],[129.5097172235711,33.4837697206961],[129.50931389112327,33.48390500031559],[129.50948194563534,33.483735828845454],[129.5096566668218,33.48371333320381]]],[[[129.55714444925695,33.49148333268971],[129.55736610875897,33.49178777478602],[129.557063605601,33.491877775339105],[129.55689555108893,33.491697495443134],[129.55714444925695,33.49148333268971]]],[[[129.5576156940091,33.4929897753579],[129.55732185491968,33.49320197309265],[129.55727544720423,33.49315174775501],[129.55756736714034,33.49293794562976],[129.5576156940091,33.4929897753579]]],[[[129.55722325594854,33.493279721282136],[129.5570396107895,33.493412532262596],[129.55699128392064,33.49335908105678],[129.5571710512031,33.493226252089926],[129.55722325594854,33.493279721282136]]],[[[129.55697386495194,33.49347082901562],[129.55679988300824,33.49359880164343],[129.55674961090585,33.49354536033019],[129.55692552459334,33.493414134854504],[129.55697386495194,33.49347082901562]]],[[[129.52256360642536,33.494818892078285],[129.52255027217734,33.4949541618052],[129.5223349942646,33.494965558913464],[129.52248306134425,33.49481333336871],[129.52256360642536,33.494818892078285]]],[[[129.52542749658176,33.49581110779644],[129.52526610874395,33.49572666685225],[129.52542055831213,33.49566472065038],[129.52542749658176,33.49581110779644]]],[[[129.51912165993667,33.50502722522634],[129.51893360630095,33.50525277519546],[129.5188058369199,33.50506694558311],[129.51912165993667,33.50502722522634]]],[[[129.52066778159292,33.50629582868959],[129.52014333294846,33.50633527924981],[129.5203449942262,33.50582222501572],[129.52066778159292,33.50629582868959]]],[[[129.52007610862563,33.50675805414096],[129.52010306130728,33.5070399996963],[129.51994165997974,33.50692166690146],[129.52007610862563,33.50675805414096]]],[[[129.54754416303274,33.50782444144488],[129.5474905580429,33.50801027915111],[129.54723499409977,33.507954162354736],[129.5474366670686,33.50778499987791],[129.54754416303274,33.50782444144488]]],[[[129.55644499434106,33.510761387128355],[129.55212888523988,33.5097974946587],[129.54289888497567,33.50476916206725],[129.5393361091742,33.504109162208124],[129.52769944217562,33.49941889196833],[129.52685360640885,33.49621694575552],[129.5206208297875,33.49230500007576],[129.5175152792068,33.488646108331295],[129.50947527896096,33.48281722533471],[129.50940138796375,33.4811091618584],[129.50355306072527,33.480049162438945],[129.5018994422055,33.47686999965083],[129.49963416328603,33.47552833256657],[129.49845082994193,33.472704161867625],[129.50310306065774,33.47138527910738],[129.5073983270712,33.47409666672786],[129.5184972237679,33.471639441007426],[129.51834082986545,33.47533705396194],[129.51333389124613,33.47897833338345],[129.5177690274187,33.48007664032474],[129.51845897470196,33.48359433311202],[129.52424724971092,33.48233497288072],[129.52744258141,33.484729945730464],[129.5296920880195,33.48175386514879],[129.53493333330675,33.47779610800404],[129.5347383270123,33.47470694576896],[129.54137360600714,33.474058891604614],[129.54268472132287,33.47235666742631],[129.5537926067435,33.46939941415167],[129.5542438910428,33.47482516165195],[129.5580193394211,33.47498122460388],[129.56219360565046,33.4731294413707],[129.56519552465386,33.477605386979064],[129.5670805576217,33.477854278851964],[129.57493250333243,33.48372166722123],[129.57550389119172,33.48837194640828],[129.57862306110542,33.48874416231331],[129.58031693867588,33.49713777508828],[129.57491766541796,33.496326865392575],[129.57050194560838,33.49778555855676],[129.56756247732653,33.49480458566313],[129.56507072573345,33.49464416189858],[129.56489817101385,33.49040980207076],[129.56135442306822,33.48771694588038],[129.55385383888358,33.48927322537912],[129.55410080440868,33.494519107570795],[129.55630693941373,33.49688861341883],[129.55392306060082,33.499368892360565],[129.5560347209257,33.50399694570251],[129.55644499434106,33.510761387128355]]],[[[129.5524719460235,33.511110828601886],[129.5517458370008,33.51069916213669],[129.55254583702083,33.51050749502491],[129.5524719460235,33.511110828601886]]],[[[129.55502610876795,33.61060222491278],[129.55454111518043,33.60692666693217],[129.5582386121223,33.60591222536897],[129.5584608301033,33.60947500027112],[129.55502610876795,33.61060222491278]]],[[[129.55505277636462,33.61095166728569],[129.55488472095317,33.61076000017391],[129.5554097280766,33.61066416212145],[129.5555174974346,33.61075444056502],[129.55505277636462,33.61095166728569]]],[[[129.5549852786478,33.611413891837685],[129.5547969390276,33.611425279053435],[129.5547633331613,33.61134055931939],[129.55497221779365,33.61129000033333],[129.5549852786478,33.611413891837685]]],[[[129.518824449289,33.61588277507008],[129.517504721166,33.6156855591413],[129.51755166038083,33.61515027906216],[129.51871027226127,33.61529110839797],[129.518824449289,33.61588277507008]]],[[[129.52946666665343,33.62012194627084],[129.52958778195068,33.620166945648066],[129.52946666665343,33.620336108124945],[129.52931166040491,33.62018389157339],[129.52946666665343,33.62012194627084]]],[[[129.99168328125847,32.7533614142979],[129.99139372204274,32.7533544139751],[129.991549143778,32.75322694586691],[129.99168328125847,32.7533614142979]]],[[[129.99802609622748,32.75472116225188],[129.99746280226657,32.75364379332643],[129.99975197077686,32.75305813502496],[129.99890269780133,32.75462522527397],[129.99802609622748,32.75472116225188]]],[[[130.0036567056925,32.7558355859436],[130.0020852267519,32.75506855866712],[130.0045243967835,32.75368318902798],[130.00598588773858,32.75177008102446],[130.00718664095075,32.751992828706136],[130.0063286904168,32.75418942280368],[130.0036567056925,32.7558355859436]]],[[[130.02023778234786,32.758858612934716],[130.02029888498566,32.7589891621202],[130.0202144494374,32.75904472133686],[130.0200941633151,32.758961667147275],[130.02023778234786,32.758858612934716]]],[[[130.04548749705043,32.75955666670683],[130.0450536056394,32.76037972084748],[130.0439197278132,32.75966361318524],[130.04411972804303,32.75871666664091],[130.04548749705043,32.75955666670683]]],[[[130.0292166667159,32.76031472144729],[130.02930389106177,32.760527224951545],[130.02905944183988,32.760483053849896],[130.0292166667159,32.76031472144729]]],[[[130.04587444924653,32.76101110787636],[130.04657499414077,32.76110722471867],[130.0465349940947,32.76132694618167],[130.0459611151134,32.76131555896592],[130.04587444924653,32.76101110787636]]],[[[130.03234985706035,32.76331141359094],[130.03232333335518,32.76337944100845],[130.03157763889703,32.7631576403129],[130.03160243770242,32.763091306318756],[130.03234985706035,32.76331141359094]]],[[[130.04116944181635,32.75935249542135],[130.04000360568193,32.763655279267766],[130.03781555064722,32.763355829308125],[130.03902277628015,32.75969166663714],[130.04116944181635,32.75935249542135]]],[[[130.03521699107137,32.76506206266413],[130.0342172372358,32.765353990694166],[130.03231552544116,32.76396874785945],[130.03495469480333,32.76412269380734],[130.03521699107137,32.76506206266413]]],[[[130.03975220470056,32.764357414163385],[130.03957167299438,32.76550030589448],[130.03949307404616,32.76548999966383],[130.03966928720786,32.76434730578359],[130.03975220470056,32.764357414163385]]],[[[130.04045228284667,32.765514495397724],[130.04035797723895,32.76613802684852],[130.04030061038497,32.76613153194472],[130.04045228284667,32.765514495397724]]],[[[130.06703880739508,32.78553953212378],[130.06715661498583,32.785629198129016],[130.0671173281023,32.78571719769059],[130.06689763901488,32.785634945696245],[130.06703880739508,32.78553953212378]]],[[[130.08841880678256,32.79142666690723],[130.08812938965968,32.79147580226652],[130.0872582226889,32.79117166683898],[130.08738849488316,32.79097969395775],[130.08841880678256,32.79142666690723]]],[[[130.08717907875155,32.792972080796915],[130.08720330738674,32.792726494831925],[130.08814469522156,32.79253938728294],[130.08823549886927,32.792725639576645],[130.08717907875155,32.792972080796915]]],[[[130.00118347563694,32.840987197800985],[130.0013762776931,32.841286332997925],[130.001332996021,32.84130555870462],[130.00118347563694,32.840987197800985]]],[[[129.92930622590166,32.86030130606048],[129.92929503204016,32.86097541358453],[129.92926150531423,32.860977694265216],[129.92927221803848,32.86029997326523],[129.92930622590166,32.86030130606048]]],[[[129.92859055800795,32.867970279304984],[129.92862389137952,32.86821277519948],[129.92835027174772,32.86816194641676],[129.92832360594969,32.86798722523031],[129.92859055800795,32.867970279304984]]],[[[129.93885819694833,32.87045316178404],[129.9367337221836,32.87001341398792],[129.93726408566909,32.869798198128365],[129.93885819694833,32.87045316178404]]],[[[129.92755321700747,32.87369272124215],[129.92520461679965,32.87161238700213],[129.92922219235038,32.869877000323356],[129.92755321700747,32.87369272124215]]],[[[129.85215944180482,32.84325733305951],[129.8521396369348,32.84329941413671],[129.85143963702967,32.84306519830034],[129.85145933937713,32.843023108229886],[129.85215944180482,32.84325733305951]]],[[[129.84293719819323,32.84372527909841],[129.84292780837177,32.84381491902337],[129.8424993902347,32.84378300028527],[129.84250878095554,32.843693333380656],[129.84293719819323,32.84372527909841]]],[[[129.85033230898898,32.847585054206945],[129.85007072588337,32.84748922514768],[129.85016450089108,32.84740155923464],[129.85032992218817,32.84744077507179],[129.85033230898898,32.847585054206945]]],[[[129.8507200004277,32.84829097255039],[129.8506816335506,32.84788419839708],[129.85112719816175,32.848039053559546],[129.8507200004277,32.84829097255039]]],[[[129.8255680537228,32.869184161719716],[129.8221258374375,32.86738889188388],[129.82357172515503,32.865535134638776],[129.8255680537228,32.869184161719716]]],[[[129.80324444877238,32.86884049479306],[129.8033473932677,32.86942538687214],[129.80307433211476,32.86947105444568],[129.80301294439198,32.86914133330595],[129.80324444877238,32.86884049479306]]],[[[129.80520389074707,32.87342877471821],[129.8048977561266,32.868721134972475],[129.80783152990125,32.865592972737545],[129.8131017900157,32.868795999935514],[129.80721094732746,32.87102386525925],[129.80520389074707,32.87342877471821]]],[[[129.83829666675786,32.89165833296573],[129.83684250257954,32.89066110802378],[129.8374033332973,32.88937916221863],[129.83943639377458,32.89013972067164],[129.83829666675786,32.89165833296573]]],[[[129.8673876134477,32.85093461334179],[129.8657968350559,32.85117146778907],[129.86578486418023,32.85111533300625],[129.86737571991364,32.850879000165776],[129.8673876134477,32.85093461334179]]],[[[129.85895070011475,32.85149880212805],[129.85870396931284,32.85010644115937],[129.86024233521562,32.850544802200886],[129.85895070011475,32.85149880212805]]],[[[129.85929143974818,32.89567630601675],[129.85799678292528,32.8946894952241],[129.85569472083478,32.89436710805563],[129.8557442536944,32.89325327881579],[129.8594516341857,32.895134693811144],[129.85929143974818,32.89567630601675]]],[[[129.81451660165988,33.046836747717805],[129.81534396894904,33.04720347685901],[129.81509640717354,33.04738156780519],[129.81451660165988,33.046836747717805]]],[[[129.84284369568013,33.04758938674087],[129.84281534365323,33.0477043506753],[129.8427129180668,33.04768731481778],[129.84274275037774,33.047568739205985],[129.84284369568013,33.04758938674087]]],[[[129.81875673243735,33.0527134503655],[129.8170473280718,33.05229993669275],[129.8183823608573,33.0504170090378],[129.8198967436399,33.051692720742494],[129.81875673243735,33.0527134503655]]],[[[129.8666666674328,33.058462089553814],[129.86938840535072,33.0589437664417],[129.8693653440355,33.058985675748374],[129.86776363168633,33.05869752307228],[129.8666666674328,33.058462089553814]]],[[[129.81842870292235,33.05978205419848],[129.8186925424269,33.06010014440619],[129.8181870173171,33.0600806039368],[129.81842870292235,33.05978205419848]]],[[[129.83087588841158,33.06131608986573],[129.8305985078149,33.06125216155806],[129.8306422571345,33.06103815258871],[129.83087171195996,33.06105675686388],[129.83087588841158,33.06131608986573]]],[[[129.82955473396385,33.06226642325686],[129.82953066091136,33.06230093743835],[129.82888167325063,33.06197964024824],[129.82890478582726,33.0619444138037],[129.82955473396385,33.06226642325686]]],[[[129.93319691340685,33.02498425172189],[129.93297136163915,33.02460177455231],[129.9330529697188,33.024576667279405],[129.93319691340685,33.02498425172189]]],[[[129.91778778198056,33.03210166715826],[129.9176363937047,33.03226389226489],[129.917574163317,33.03221944057475],[129.91772832690083,33.032045278766645],[129.91778778198056,33.03210166715826]]],[[[129.91088625239865,33.03582986515619],[129.90901822291266,33.035877945610764],[129.90901822291266,33.035806667144016],[129.91088625239865,33.03582986515619]]],[[[129.90815189429452,33.036284279096265],[129.90756885931546,33.036827775381596],[129.90746983136773,33.03776969381636],[129.90626583699884,33.03843413542705],[129.9062212189342,33.03837222519809],[129.907392387149,33.03772989162127],[129.90748963713713,33.03680219776328],[129.90815189429452,33.036284279096265]]],[[[129.89438472077825,33.05114889170801],[129.89456499437904,33.05127861261792],[129.89431111486613,33.05135749485254],[129.89438472077825,33.05114889170801]]],[[[129.05548861220973,32.81290722488859],[129.05547888514252,32.81310500019566],[129.0552261090977,32.813047225049445],[129.05548861220973,32.81290722488859]]],[[[129.05500749739815,32.81291138695099],[129.05454194625383,32.813031666778045],[129.0548158365816,32.812716946330056],[129.05500749739815,32.81291138695099]]],[[[129.05517055797498,32.813198892115224],[129.05510166001363,32.81336055874283],[129.05490221826278,32.813308053623814],[129.05503610932908,32.81317444134743],[129.05517055797498,32.813198892115224]]],[[[129.0554408303301,32.81355249475189],[129.05510055834418,32.813777774924404],[129.05505166040587,32.81364805401455],[129.0554408303301,32.81355249475189]]],[[[129.0639627763611,32.81587444085284],[129.06269389141005,32.81525694565158],[129.0633230607108,32.81349194609646],[129.0639594416749,32.813102224887814],[129.0639627763611,32.81587444085284]]],[[[129.05444333289358,32.81870389237076],[129.05405416296935,32.81865555920672],[129.0540216596719,32.81825555874707],[129.0544183272441,32.818392774606934],[129.05444333289358,32.81870389237076]]],[[[129.05107527920086,32.81868027887185],[129.0513205575977,32.818769441256734],[129.05134055762073,32.81884749521578],[129.05101000011143,32.818750559091086],[129.05107527920086,32.81868027887185]]],[[[129.05029333307095,32.819082495261],[129.0503805583162,32.81919138697299],[129.050166667158,32.8192477753646],[129.05012749718628,32.819141387365164],[129.05029333307095,32.819082495261]]],[[[129.04711936386764,32.82038910767125],[129.04709194623638,32.820165000214615],[129.0472249937385,32.82017082872085],[129.04711936386764,32.82038910767125]]],[[[129.0468041631816,32.819554999963316],[129.0471377819831,32.819886386647454],[129.0463122178346,32.82064805396459],[129.0459977815724,32.82024916236901],[129.0468041631816,32.819554999963316]]],[[[129.04685389119413,32.82860972056221],[129.04687778168432,32.82873861319649],[129.0467586116207,32.8287399999511],[129.04673610878444,32.82865194643023],[129.04685389119413,32.82860972056221]]],[[[129.00370888455745,32.832482224675005],[129.00176055820327,32.83226777503785],[129.0034019459431,32.831078053809165],[129.00370888455745,32.832482224675005]]],[[[129.04731221808447,32.83838833335494],[129.04734832676388,32.838633612651165],[129.04719027181363,32.83869110810821],[129.04722250261648,32.83842249500219],[129.04731221808447,32.83838833335494]]],[[[129.04535194603557,32.8406188921482],[129.04526944223107,32.84075916210571],[129.04510555068066,32.840641108100726],[129.04535194603557,32.8406188921482]]],[[[129.0389391701067,32.84304000019591],[129.0390291697604,32.84321527896202],[129.03867639360078,32.8433636131403],[129.0386880542104,32.842934441371426],[129.0389391701067,32.84304000019591]]],[[[129.02030194557835,32.84489194620642],[129.02012744472586,32.845507026727944],[129.01934916962853,32.84495916243543],[129.01963749677316,32.84463027856458],[129.02030194557835,32.84489194620642]]],[[[129.04140639359025,32.84634416155387],[129.04149472140432,32.846524440550525],[129.041342776448,32.846689720654126],[129.04125639386757,32.8464774950404],[129.04140639359025,32.84634416155387]]],[[[129.03650778190865,32.84807138688507],[129.03601389132814,32.84751805381518],[129.03659888503057,32.846573054303065],[129.03744444920198,32.84747861314753],[129.03650778190865,32.84807138688507]]],[[[129.04493360570143,32.84867500015116],[129.04454722367552,32.84854972099288],[129.04482499367862,32.848381108001774],[129.04493360570143,32.84867500015116]]],[[[129.03627693942929,32.848991666732104],[129.03575583716224,32.848543054318554],[129.03606306086158,32.848265000129686],[129.0365747211465,32.848719720738586],[129.03627693942929,32.848991666732104]]],[[[129.0449244488043,32.84947582934609],[129.04498778176082,32.84960416170276],[129.04477499407074,32.849560828769256],[129.0449244488043,32.84947582934609]]],[[[129.03792583740756,32.85021749484156],[129.03780444871643,32.850479999752224],[129.03771749686507,32.85039777473759],[129.03792583740756,32.85021749484156]]],[[[129.063314993792,32.85190194571828],[129.06319555123378,32.852076108425706],[129.06300472139083,32.85194222455408],[129.06313917003672,32.85186916183238],[129.063314993792,32.85190194571828]]],[[[129.06348416256412,32.85251889233308],[129.0635288849502,32.8525763868908],[129.06341610906622,32.85273527910988],[129.06332805374677,32.852686945945834],[129.06348416256412,32.85251889233308]]],[[[129.03566972797557,32.85277444098773],[129.0357866668213,32.85292082903311],[129.0356061090348,32.85293582882548],[129.03566972797557,32.85277444098773]]],[[[129.03792360618957,32.853799440591786],[129.03895888504462,32.84348249542086],[129.04070888480726,32.84348249542086],[129.04170360603666,32.849655828653624],[129.03792360618957,32.853799440591786]]],[[[129.03615306141467,32.85411638686179],[129.03619499410377,32.854329440751144],[129.03598610857216,32.854231107979274],[129.03615306141467,32.85411638686179]]],[[[129.0153408301153,32.85391555925571],[129.01548944218405,32.854068053697745],[129.0152522181154,32.854440559184525],[129.01505360643887,32.8540733327182],[129.0153408301153,32.85391555925571]]],[[[128.9995313879632,32.85441082939633],[128.9996036062215,32.85458500019763],[128.9993458371407,32.85458861277431],[128.99934972760786,32.85444805413442],[128.9995313879632,32.85441082939633]]],[[[129.0934897278687,32.854478891887425],[129.09317444894168,32.8546366671485],[129.09283722385885,32.85454082909604],[129.0933274973662,32.85438194587016],[129.0934897278687,32.854478891887425]]],[[[129.03600221812792,32.854739161982764],[129.03566333289655,32.854889721083794],[129.03550583732465,32.85475638669794],[129.03576861203192,32.85467582902635],[129.03600221812792,32.854739161982764]]],[[[129.00494194591408,32.85480389158636],[129.0046819456154,32.854897494823604],[129.0047322177178,32.85461361302788],[129.00497722362002,32.85450889237154],[129.0050849938774,32.85474055862994],[129.00494194591408,32.85480389158636]]],[[[129.09149277607082,32.85481027857156],[129.0913211152773,32.855007224703684],[129.09116166008266,32.85482582874903],[129.09149277607082,32.85481027857156]]],[[[129.09265221802548,32.85497805429384],[129.09267583692042,32.85476249489329],[129.09295972770929,32.854799162051734],[129.0929280535869,32.85496805383269],[129.09265221802548,32.85497805429384]]],[[[129.03028302184407,32.85474600042761],[129.03032778200156,32.85487319783988],[129.0302186375801,32.85505519813893],[129.03006666744284,32.854866945752974],[129.03028302184407,32.85474600042761]]],[[[129.0452813879258,32.85490416239725],[129.04534832716365,32.854964441256016],[129.04531861176463,32.855235279284784],[129.04514055769062,32.85509582860965],[129.0452813879258,32.85490416239725]]],[[[129.03110610925955,32.85529389169977],[129.03056527856484,32.855275279330726],[129.0306252786338,32.85438472117801],[129.03121639402138,32.854776386720914],[129.03110610925955,32.85529389169977]]],[[[128.9993411148007,32.856098053782205],[128.99889333336068,32.85571277522445],[128.9992069386493,32.85535055888124],[128.99984092112163,32.85554308124824],[128.9993411148007,32.856098053782205]]],[[[129.06581693920043,32.8561102791661],[129.06553306100204,32.85620889162709],[129.06564944226795,32.855970558694366],[129.06581693920043,32.8561102791661]]],[[[129.03637333326276,32.85607666700463],[129.03647416255262,32.85611333326375],[129.0364138908884,32.85625944072069],[129.03629055786303,32.856211107556646],[129.03637333326276,32.85607666700463]]],[[[129.0424938906806,32.856171945678796],[129.04320250339288,32.855536946073244],[129.04381722418566,32.85615416158532],[129.0424938906806,32.856171945678796]]],[[[129.0856158369014,32.857037224788144],[129.0856022175683,32.857150278562585],[129.0854433334431,32.85707222460354],[129.0854072238643,32.8569977751273],[129.08557027185066,32.8569538918087],[129.0856158369014,32.857037224788144]]],[[[129.08458055804635,32.85727249462997],[129.08467805444877,32.85745138687207],[129.08448972831832,32.85744722480962],[129.08458055804635,32.85727249462997]]],[[[129.0956811148916,32.857569720566175],[129.09579416327006,32.857672225293015],[129.09569916968098,32.85780389233582],[129.09562861157121,32.85765861315451],[129.0956811148916,32.857569720566175]]],[[[129.07938888518902,32.85892333334522],[129.07932722407224,32.8592366670386],[129.0792055511953,32.85923333325178],[129.07931277556418,32.85894666715501],[129.07938888518902,32.85892333334522]]],[[[129.08154027216585,32.85887444080288],[129.08169444923954,32.85917944137816],[129.08147111519986,32.85932389228384],[129.08133472132045,32.85907249489975],[129.08154027216585,32.85887444080288]]],[[[129.02688416277397,32.86099389195459],[129.02677963727047,32.861294558696954],[129.02656083041802,32.861089333406085],[129.02688416277397,32.86099389195459]]],[[[129.0358661093336,32.86189666739733],[129.0357066667293,32.861780829321845],[129.03578832696974,32.86167916186389],[129.03595166004118,32.86172389234383],[129.0358661093336,32.86189666739733]]],[[[129.00346333276661,32.86283610819987],[129.0007319460226,32.85943082886973],[129.0013597276694,32.855833892320334],[129.00518639423672,32.856076387315454],[129.00346333276661,32.86283610819987]]],[[[129.04189693869284,32.86414472070237],[129.04444138785982,32.86168110799679],[129.04611082995086,32.86286499981992],[129.04189693869284,32.86414472070237]]],[[[129.0129588848447,32.86500494562182],[129.01140199740428,32.864754666994315],[129.01141922211946,32.864684829241526],[129.0129588848447,32.86500494562182]]],[[[128.99232944165044,32.865352774610926],[128.99243749699292,32.86547472088171],[128.99208306068476,32.86550194605803],[128.99210250312808,32.86539805367727],[128.99232944165044,32.865352774610926]]],[[[129.03664055781553,32.865549162264074],[129.03627138791433,32.86512277479625],[129.03674221807898,32.86470082908005],[129.03706499375448,32.86504944137869],[129.03664055781553,32.865549162264074]]],[[[128.99097000036534,32.86568694559611],[128.99087306064325,32.86589805425183],[128.99078666727098,32.86583666742831],[128.99097000036534,32.86568694559611]]],[[[129.03665194593066,32.86685638711265],[129.0366566673714,32.867349721012886],[129.0362258372527,32.867828892389525],[129.03591639402646,32.86736444111614],[129.03665194593066,32.86685638711265]]],[[[129.03168555144714,32.86902666704708],[129.03144499359166,32.866974441117634],[129.0336894424139,32.85988805409045],[129.0355525031456,32.86265055917602],[129.03465722355213,32.867375000056256],[129.03168555144714,32.86902666704708]]],[[[129.04122861201085,32.870070000230385],[129.04255138793621,32.86557110841994],[129.04571693858588,32.86359249469791],[129.04731277566418,32.864285828827974],[129.04262444885933,32.86973166718275],[129.04122861201085,32.870070000230385]]],[[[129.0896969387628,32.88020972140157],[129.089634163386,32.88039333328578],[129.08945749696602,32.880314720847764],[129.0896969387628,32.88020972140157]]],[[[129.09300610934451,32.88181416229378],[129.09319055759818,32.88192194604102],[129.09296610929857,32.88200805432831],[129.09300610934451,32.88181416229378]]],[[[129.03461027174671,32.882822494762365],[129.03121111500104,32.87981722488507],[129.02968194556536,32.872894161936074],[129.0354186120793,32.86798361265363],[129.0345102716318,32.87387527912091],[129.03615306141467,32.87735361307881],[129.03461027174671,32.882822494762365]]],[[[129.0558019459031,32.88327055858946],[129.05583722360905,32.883532225331976],[129.0555288847503,32.883447775394586],[129.0558019459031,32.88327055858946]]],[[[129.10367972833683,32.883848613123064],[129.10349444910958,32.88297055914404],[129.1043808299114,32.883125828893924],[129.10367972833683,32.883848613123064]]],[[[129.10535277581005,32.88251555884602],[129.10562083043703,32.88284055944433],[129.1047761089303,32.8842252788736],[129.10435194638524,32.883767774862974],[129.10535277581005,32.88251555884602]]],[[[129.05740333269773,32.88433749537916],[129.05578666732094,32.88422889234954],[129.0560897280585,32.88350777456418],[129.05735805363133,32.88327805443873],[129.05740333269773,32.88433749537916]]],[[[129.0512016600286,32.88678527911736],[129.05370555067066,32.88551582939209],[129.05426527881957,32.88655694574652],[129.0512016600286,32.88678527911736]]],[[[129.05427527928077,32.88673249520855],[129.05432221759634,32.8870605588977],[129.05406165971783,32.887166667207964],[129.0540302715798,32.88691610799202],[129.05427527928077,32.88673249520855]]],[[[129.04710944164742,32.88674610824637],[129.04744499399135,32.8871041616278],[129.0470183268344,32.887204999910864],[129.04710944164742,32.88674610824637]]],[[[129.04971610861162,32.892666107854666],[129.04801999982317,32.892418054149914],[129.04774610859613,32.89055194561587],[129.0489549943776,32.89038277504511],[129.04971610861162,32.892666107854666]]],[[[129.03931805358536,32.89273361276605],[129.03818944218904,32.89210777455418],[129.03829639406342,32.88834749504093],[129.04044666678033,32.888990279178074],[129.03931805358536,32.89273361276605]]],[[[129.09084338461457,32.89423282938162],[129.08927863799886,32.89555513496157],[129.08922961055816,32.89550072058182],[129.09079180309925,32.89417866681208],[129.09084338461457,32.89423282938162]]],[[[128.94987472134142,32.897451386971966],[128.94975666733637,32.897612225323996],[128.94956221772225,32.89746777531764],[128.9498388851565,32.8973594411853],[128.94987472134142,32.897451386971966]]],[[[128.9432508295622,32.900545278741674],[128.9444197278882,32.89628889181893],[128.94735805403104,32.89787333268822],[128.9432508295622,32.900545278741674]]],[[[129.0855966669527,32.90052110766305],[129.08555583683244,32.90028222524455],[129.08573666711357,32.90030361292145],[129.0858230613852,32.900506107870626],[129.0855966669527,32.90052110766305]]],[[[129.03784460434508,32.900707567700124],[129.03825072559061,32.90103036855669],[129.03754312641422,32.90137106322402],[129.03714194604402,32.90117972076757],[129.03784460434508,32.900707567700124]]],[[[129.0396716598193,32.90339916214168],[129.039457223672,32.90361638708663],[129.0390627756267,32.90380805419841],[129.03888221784018,32.90374110776594],[129.03927444905662,32.90340194644273],[129.0396716598193,32.90339916214168]]],[[[129.04045639384753,32.90517833321354],[129.04060861219773,32.90528527879263],[129.04052861210585,32.905335828785496],[129.0404149935572,32.90529416229583],[129.04045639384753,32.90517833321354]]],[[[128.94699389065556,32.90542555864266],[128.9468169391505,32.905627225316266],[128.9467299998896,32.905565828600174],[128.94699389065556,32.90542555864266]]],[[[128.96683832732697,32.90603138693899],[128.9664441625681,32.90563082889969],[128.9669852792473,32.90554638705618],[128.96683832732697,32.90603138693899]]],[[[129.09481693925045,32.90630333293251],[129.09450778200858,32.905671945903634],[129.09543472133544,32.90522166704636],[129.095442503169,32.906044999976814],[129.09481693925045,32.90630333293251]]],[[[129.03830713376726,32.90674310770828],[129.0382561476032,32.90692841391524],[129.03816557687992,32.90693213530983],[129.03819920882654,32.90675605434848],[129.03830713376726,32.90674310770828]]],[[[129.03480005208075,32.90833333301697],[129.0349522182703,32.90846944091203],[129.03471333315383,32.90863416163728],[129.03463722442848,32.90837722532876],[129.03480005208075,32.90833333301697]]],[[[129.03353138836292,32.91018416206947],[129.0334219462659,32.909397775087314],[129.0343544487988,32.90873389195559],[129.03463499410975,32.909578054083966],[129.03353138836292,32.91018416206947]]],[[[129.0407577818462,32.91053082913453],[129.04072277573562,32.9107580536413],[129.04048583675205,32.91075638719758],[129.04053861166767,32.910586945930845],[129.0407577818462,32.91053082913453]]],[[[129.0420844491381,32.91063722522779],[129.0419430613233,32.90970472089623],[129.04306610861408,32.909984161839645],[129.0420844491381,32.91063722522779]]],[[[129.09966610890388,32.911533054307085],[129.09988917044893,32.91175389182871],[129.0995986120863,32.91182166743607],[129.09966610890388,32.911533054307085]]],[[[129.10023111517387,32.91232305386592],[129.10027444900663,32.91251110840096],[129.09992472064937,32.912725279248264],[129.1000880537208,32.912357495202286],[129.10023111517387,32.91232305386592]]],[[[128.93375610935698,32.91251972120824],[128.93299888469085,32.912956108237836],[128.9329402722758,32.91260805441823],[128.93375610935698,32.91251972120824]]],[[[129.0997063940349,32.91273361326569],[129.09976639410388,32.91298194576024],[129.09955194626536,32.912968332722414],[129.0997063940349,32.91273361326569]]],[[[129.04777778181926,32.91441249464094],[129.04779583660866,32.914704721245926],[129.04750610921963,32.914743892116974],[129.0474138909384,32.91443861275184],[129.04777778181926,32.91441249464094]]],[[[129.18452360558,32.917366387149116],[129.18448360643333,32.91781749518128],[129.18410917010215,32.91758082869234],[129.18452360558,32.917366387149116]]],[[[129.04581055801088,32.91860416185261],[129.04455749663123,32.916392225320976],[129.0471908302926,32.91614805398956],[129.04581055801088,32.91860416185261]]],[[[128.95199693880772,32.919154440824855],[128.95203555119974,32.91927777474956],[128.9516983270163,32.91922805393159],[128.9516816598807,32.91914777504985],[128.95199693880772,32.919154440824855]]],[[[129.19388888456444,32.91908055882078],[129.19395583729215,32.91921582944701],[129.19383527867524,32.919317495106384],[129.19368166008064,32.919108891961855],[129.19388888456444,32.91908055882078]]],[[[128.93047444903664,32.91993305406726],[128.93053749690807,32.919995000269125],[128.9303594419348,32.9201697205562],[128.93027250267392,32.92008527871269],[128.93028749707037,32.91988222528454],[128.93047444903664,32.91993305406726]]],[[[129.10739666682275,32.92024082905107],[129.10694888538285,32.920178891842454],[129.10721610903624,32.919913892212435],[129.10739666682275,32.92024082905107]]],[[[128.9321205582172,32.92032249468741],[128.93197778184924,32.92048500038254],[128.9319183267694,32.9203650002446],[128.9321205582172,32.92032249468741]]],[[[129.19613111475917,32.92034500022163],[129.19623499365014,32.92054444107316],[129.19614277626818,32.92055389204853],[129.19607277573812,32.92042166742607],[129.19613111475917,32.92034500022163]]],[[[129.10171610901125,32.92264638692126],[129.10208444883835,32.92297555857522],[129.10161194593456,32.92304444124801],[129.10171610901125,32.92264638692126]]],[[[128.93510472100616,32.92306499975001],[128.93499277609578,32.923200828855215],[128.9349280536868,32.92302444122504],[128.93510472100616,32.92306499975001]]],[[[129.1142886123297,32.92378138710137],[129.1115480542993,32.92265361297393],[129.1134400003558,32.92099638727353],[129.11553888491164,32.92240582906584],[129.1142886123297,32.92378138710137]]],[[[129.09462111457287,32.923754721303396],[129.0945974965773,32.923917774685606],[129.09440472060146,32.92397555882502],[129.09439861240605,32.923857774616636],[129.09462111457287,32.923754721303396]]],[[[129.18971749706486,32.924656666671865],[129.18588722421612,32.92252555940712],[129.18437666714954,32.918494162175875],[129.18691666737038,32.91690444138692],[129.1910547205989,32.9174794409235],[129.1928994423555,32.91944138661074],[129.19653583665956,32.92093582872559],[129.19530610908976,32.92349527858431],[129.18971749706486,32.924656666671865]]],[[[129.1147341625516,32.92533582928513],[129.1149538912092,32.92449833293176],[129.11536693903304,32.924884161874616],[129.1147341625516,32.92533582928513]]],[[[129.19175778179624,32.92529305393134],[129.1911911153777,32.925033053632546],[129.1914841630637,32.9247841617597],[129.19175778179624,32.92529305393134]]],[[[128.936004721141,32.925769441006935],[128.93566277641605,32.92575638734746],[128.93576444926998,32.92541527899198],[128.93601083023566,32.92554833278939],[128.936004721141,32.925769441006935]]],[[[129.11509250281676,32.925704721295915],[129.1151580544008,32.92577582889146],[129.1149613879578,32.925860559417345],[129.11500333323727,32.92570610805052],[129.11509250281676,32.925704721295915]]],[[[129.11477416259754,32.92559110814318],[129.11460610898484,32.925842224938776],[129.11422306074576,32.92587444135245],[129.1143630609066,32.92552555925721],[129.11477416259754,32.92559110814318]]],[[[128.93711111478615,32.92587944068367],[128.93686027228375,32.92588416212442],[128.9369449938165,32.925741386655716],[128.93711111478615,32.92587944068367]]],[[[129.01091166004517,32.92605166715077],[129.01102221820088,32.92615194605554],[129.01087693901957,32.92618610770273],[129.01091166004517,32.92605166715077]]],[[[129.11374917018816,32.92691805422487],[129.11376333271164,32.92706249523803],[129.11349027155882,32.927076108275855],[129.11348805383068,32.926929721129795],[129.11374917018816,32.92691805422487]]],[[[128.9991277821215,32.92727166675405],[128.99924027202098,32.927398613255434],[128.99910389073204,32.927496107859156],[128.99905416271952,32.927313053554656],[128.9991277821215,32.92727166675405]]],[[[129.11459832715116,32.927885829067804],[129.11471749721477,32.92806805419741],[129.11443722439844,32.9281736130219],[129.11432306086067,32.928029440906016],[129.11459832715116,32.927885829067804]]],[[[128.97018499424212,32.92889249509261],[128.97028666709605,32.92908861294916],[128.97012472077927,32.92906666679329],[128.97018499424212,32.92889249509261]]],[[[129.11439221782666,32.92929389219944],[129.113967224308,32.92881944136417],[129.1149336061011,32.928510278726435],[129.1148441631277,32.92915889226913],[129.11439221782666,32.92929389219944]]],[[[128.97151250329944,32.92818722516034],[128.97149389093033,32.92888749486207],[128.9704141630832,32.92909527872416],[128.97036944159652,32.92841082899662],[128.97151250329944,32.92818722516034]]],[[[128.96932861212576,32.92970472139581],[128.96947778177423,32.92985138733172],[128.9694563940974,32.92999749478861],[128.96931527877712,32.93010499974599],[128.96919360590027,32.93001110782643],[128.969310829831,32.929881666605695],[128.96932861212576,32.92970472139581]]],[[[129.11494499421622,32.930357774891434],[129.11477749728374,32.93118472129788],[129.11423749666324,32.93090582894092],[129.11494499421622,32.930357774891434]]],[[[128.96002138797678,32.931254161550385],[128.95987749734866,32.93124333281361],[128.9600586118155,32.93104166703938],[128.9601016596639,32.93115333315984],[128.96002138797678,32.931254161550385]]],[[[129.11396389142055,32.931228612710356],[129.1139858366771,32.93136194619689],[129.1137788846878,32.931579162148694],[129.11365972811404,32.93152610844322],[129.11386389130564,32.931210828616884],[129.11396389142055,32.931228612710356]]],[[[128.9876625034218,32.931439721366075],[128.98757221778374,32.93162777500186],[128.9874616596279,32.93159110784342],[128.98754888487315,32.931428333251006],[128.9876625034218,32.931439721366075]]],[[[128.9885027759824,32.93210582942055],[128.9884772244444,32.9323136132827],[128.98836472105506,32.932274440613014],[128.9885027759824,32.93210582942055]]],[[[128.96308027183716,32.93248305365006],[128.96018610870203,32.930977774704616],[128.95725166043587,32.92623666668885],[128.95830138779888,32.92216610757987],[128.95725444923346,32.9193752792458],[128.95708749729022,32.91702444062548],[128.95634958466565,32.916045739019694],[128.95414108894022,32.91612757732588],[128.9523991695861,32.91874389221692],[128.94829221761177,32.919330278969255],[128.9472916597823,32.92487222517309],[128.9417899996089,32.923806387354944],[128.93860805431837,32.924945000111734],[128.93484693933488,32.921063332806625],[128.93018055778657,32.919521386702684],[128.93404111530526,32.916082495211015],[128.9330258373726,32.914160000083996],[128.93860888529184,32.90944166739911],[128.94196805368279,32.91005055878634],[128.9473647207053,32.90566444106116],[128.95427639374066,32.90976333331122],[128.95659389089542,32.907356108097986],[128.96205666708158,32.904452494886755],[128.96419999973023,32.91185499990837],[128.9569036057169,32.907882000154245],[128.95501632894047,32.909575595337515],[128.9541695848585,32.91603608120022],[128.9559656029303,32.91596952327495],[128.95697696521484,32.91461000015141],[128.95723727577968,32.91636452260468],[128.95981448814814,32.91617612632723],[128.9649486115892,32.91837190114239],[128.96565444899375,32.922279162253574],[128.9683083267679,32.925475558750065],[128.96910333285257,32.92971499974749],[128.96308027183716,32.93248305365006]]],[[[128.96324165967496,32.93300999971177],[128.96316610942847,32.93287499978146],[128.9633566667768,32.93282916223609],[128.96345693938633,32.9329724952845],[128.96324165967496,32.93300999971177]]],[[[128.98997306140768,32.932996667262444],[128.98554805429933,32.929174440647955],[128.98910416342642,32.927291387087905],[128.9868449936016,32.920182224729956],[128.9822394421966,32.920824721084045],[128.977903605567,32.91873889198632],[128.987463645331,32.90971316193293],[128.98673203605472,32.90678448641495],[128.98058194580017,32.90695610763834],[128.98663944185682,32.89918749490704],[128.9926860309356,32.89690658577035],[128.996928560205,32.89987869404655],[128.99683749665326,32.89523000036428],[128.99928165972085,32.8894236130094],[128.99925499392293,32.884129440821084],[128.99415944240445,32.88833499986043],[128.9939122178746,32.89371361299288],[128.99058000036678,32.894322224690995],[128.98578499418215,32.88923110772947],[128.9832805576517,32.89484082864141],[128.97388888536386,32.89576777516277],[128.97057019455895,32.89785165812759],[128.9715263942278,32.903415278892055],[128.96164944236796,32.903629721334596],[128.96103527915488,32.89924333291356],[128.96448111521136,32.89688110797681],[128.9644344493904,32.89426527871967],[128.9696105576811,32.8831138921924],[128.97496722375843,32.878299440866556],[128.973918327369,32.87574000000103],[128.96653221788756,32.87196249487329],[128.96868944236394,32.870056945671536],[128.97240888456247,32.87196833327204],[128.9805523608029,32.8718348469007],[128.98201565489865,32.87018986457065],[128.98096700402402,32.866057999577095],[128.97810583701482,32.86471277477477],[128.9765433333082,32.859858333295506],[128.98057182932655,32.85848880161694],[128.98363527904496,32.86157805378423],[128.98580521363976,32.8664037205553],[128.99023333330172,32.86685527914784],[128.9927244490741,32.865508054253326],[128.99780666724394,32.867734999570644],[129.00161333288906,32.86779722456231],[129.001726667252,32.864859721299126],[129.0093562259092,32.86461099130423],[129.0150433325838,32.86638777467613],[129.01846277623622,32.86541277467984],[129.01778138780082,32.862514999867415],[129.01179778184223,32.85956082856944],[129.02331805408494,32.8554847206434],[129.01594527885163,32.853770828660856],[129.01846999959082,32.85139166679204],[129.02009944163603,32.8465038919411],[129.02394610912575,32.848116108371755],[129.02763944220658,32.84667861312755],[129.02866083013328,32.851752494582],[129.03026360638034,32.85338777502585],[129.02661055843055,32.85701249523055],[129.02407917011772,32.86399222536096],[129.02835999971433,32.86250944115784],[129.02765194638027,32.86710972073706],[129.0291211148476,32.869861108403484],[129.02576847013881,32.87443885636816],[129.02904082967063,32.87751722494005],[129.02710966328038,32.88535808111061],[129.03147138779434,32.886379720847515],[129.03137111518492,32.8900894413747],[129.02590250329797,32.88709886462095],[129.02233817077,32.889051225333844],[129.03302722392732,32.89501110807623],[129.03009527937365,32.90001166690496],[129.02343352793503,32.90371297337509],[129.0244249936186,32.90764500001677],[129.023797223663,32.912216945555656],[129.02131916964402,32.91713861315651],[129.01662647213402,32.91948386518828],[129.015609442322,32.923881108426485],[129.0109699999656,32.92591638663197],[129.00572616103352,32.92171780183514],[129.0006193392112,32.92019579280162],[128.9981686119919,32.92757333264325],[128.98997306140768,32.932996667262444]]],[[[128.96316944231603,32.93329138678814],[128.96315389123913,32.93311472126743],[128.96330749724325,32.93317194602855],[128.96316944231603,32.93329138678814]]],[[[128.98937360570744,32.93304277460442],[128.9895874968655,32.933366667237976],[128.98919972808505,32.933453054315066],[128.98902583697281,32.93317416195805],[128.98937360570744,32.93304277460442]]],[[[128.98878499403236,32.93344749470617],[128.98849555082904,32.933514441138584],[128.98854666739487,32.933324441369905],[128.98878499403236,32.93344749470617]]],[[[129.0371802715523,32.934697494793625],[129.03670610939946,32.934191946301326],[129.03771194624937,32.934255828743574],[129.0371802715523,32.934697494793625]]],[[[129.11934917032806,32.93692582866413],[129.11941916995875,32.937010559190014],[129.11922360608457,32.937230278854315],[129.11918917014418,32.93712777502685],[129.11934917032806,32.93692582866413]]],[[[129.13665527861826,32.936880558590985],[129.13672000012798,32.937200828755294],[129.1365438912876,32.93724694598984],[129.13665527861826,32.936880558590985]]],[[[129.11498333321435,32.93699055916704],[129.11355972799913,32.935530278699446],[129.11490999979674,32.93437472091671],[129.11600610879498,32.93545166716075],[129.11498333321435,32.93699055916704]]],[[[129.11876610926856,32.9371672246877],[129.11892389082493,32.93744555856574],[129.1187058367051,32.93774055867988],[129.11845083034166,32.93742666740684],[129.11876610926856,32.9371672246877]]],[[[129.1198252786138,32.93763444137642],[129.11991221787457,32.93786638732399],[129.11965832667045,32.9377808294218],[129.1198252786138,32.93763444137642]]],[[[129.13610805374378,32.93778666692117],[129.1361213879917,32.937976946379024],[129.1359791701027,32.93797389228138],[129.13610805374378,32.93778666692117]]],[[[129.12586111539827,32.938110278966235],[129.12600389086697,32.938217225444646],[129.12575917004972,32.938414441373425],[129.12560555055575,32.93825582884347],[129.12586111539827,32.938110278966235]]],[[[129.14269055782302,32.9394252793532],[129.14280082999437,32.93951444083882],[129.14270111496455,32.939588613323906],[129.1426233326008,32.93946916177242],[129.14269055782302,32.9394252793532]]],[[[129.13050194630785,32.9409152788171],[129.13059555134373,32.94108249516108],[129.13045165981634,32.94107027877038],[129.13050194630785,32.9409152788171]]],[[[128.982348611799,32.944869721060854],[128.98232472130894,32.945024721014136],[128.98219250298166,32.94503194616743],[128.9822036060117,32.94484499959708],[128.982348611799,32.944869721060854]]],[[[128.9770533334447,32.94832889226461],[128.9771522184002,32.94871444061897],[128.97633888503162,32.94906805404753],[128.97618888530883,32.94840749481011],[128.9770533334447,32.94832889226461]]],[[[128.97679555087404,32.949125278808594],[128.97671583676652,32.9492569458514],[128.97656055802338,32.94930305409275],[128.9765583268054,32.94915972104434],[128.97679555087404,32.949125278808594]]],[[[128.98872221775616,32.95029305388141],[128.9883344489757,32.950253613213704],[128.988528326621,32.94980805399854],[128.98895639402247,32.95002249464244],[128.98872221775616,32.95029305388141]]],[[[129.00495027183763,32.95086194612196],[129.00469499387896,32.95085499975846],[129.00470416336645,32.95059527914884],[129.00492082983249,32.95059055860747],[129.00495027183763,32.95086194612196]]],[[[129.00454610931558,32.95140499994085],[129.00440666673433,32.95163194565782],[129.0039388852714,32.951528054176435],[129.0043427761982,32.95131361263316],[129.00454610931558,32.95140499994085]]],[[[129.00235888525447,32.95218027939643],[129.00246944161154,32.95253082883471],[129.0020849940273,32.95275916220561],[129.00189861223123,32.952190278958255],[129.00235888525447,32.95218027939643]]],[[[128.9789613881576,32.95436889201079],[128.97899138774244,32.95456805407247],[128.97879499379394,32.95457805363429],[128.97868610927662,32.95440555916929],[128.9789613881576,32.95436889201079]]],[[[129.1033080286427,32.95528210768316],[129.10249321678862,32.953885694369376],[129.10418050592568,32.95383333314186],[129.1033080286427,32.95528210768316]]],[[[129.00032555138318,32.958563892109964],[128.9999183401593,32.95857399959044],[129.0000966667278,32.95836138726827],[129.00032555138318,32.958563892109964]]],[[[129.16040138801372,32.95966805363781],[129.16057444905164,32.96020305402777],[129.16017138819905,32.96042999974475],[129.16016861199193,32.960024999953816],[129.16040138801372,32.95966805363781]]],[[[129.15985360555953,32.96018055928545],[129.15995555090797,32.96054833343891],[129.15956527931428,32.96067694638401],[129.1595908299529,32.96033138728376],[129.15985360555953,32.96018055928545]]],[[[129.16226360608061,32.96143722514785],[129.16230444879136,32.96159110814318],[129.16216778241733,32.96164277509405],[129.16226360608061,32.96143722514785]]],[[[128.99773917042648,32.96348527912238],[128.99759221760678,32.9635813869715],[128.99752555086354,32.963479721312126],[128.99767250278387,32.96334444079338],[128.99773917042648,32.96348527912238]]],[[[129.17031165975538,32.965026387058174],[129.17026027159432,32.96513527877016],[129.16999639431822,32.965176946159204],[129.17006277597636,32.96502749502292],[129.17031165975538,32.965026387058174]]],[[[128.99005861211538,32.96569527941364],[128.98721778237484,32.961269441331694],[128.9839425027444,32.959386386872325],[128.9802791701477,32.96069999960537],[128.97771221814446,32.958636387359434],[128.9804400004058,32.95214194579421],[128.97890250324804,32.94679194639127],[128.98267944180282,32.944965559113314],[128.98211778191012,32.95064249535494],[128.98572083025215,32.95230555855471],[128.9947652787946,32.95241305361958],[128.99354861207883,32.9559536125692],[128.99636944179633,32.95797166695894],[128.9969641625661,32.961647494736155],[128.9917566670366,32.96276944125674],[128.99005861211538,32.96569527941364]]],[[[129.03178972801356,32.969788333265],[129.03194693939975,32.969952775200454],[129.03171194564982,32.97019610836378],[129.03153472075087,32.97001944104443],[129.03178972801356,32.969788333265]]],[[[129.02369027178872,32.97653805368827],[129.02359861198647,32.976782775404786],[129.0235227757555,32.97677055901414],[129.02355999959434,32.97656500007474],[129.02369027178872,32.97653805368827]]],[[[129.013182217985,32.978226386938275],[129.01316250304717,32.97856194557738],[129.0127502718077,32.978497494763644],[129.012881946045,32.978256945901364],[129.013182217985,32.978226386938275]]],[[[129.18369832741598,32.97937694628911],[129.18328277587943,32.97935138665724],[129.18353778224287,32.97919916201175],[129.18369832741598,32.97937694628911]]],[[[129.05550496817978,32.98058205401861],[129.05394147881623,32.981550053692104],[129.05389377427832,32.98150205417653],[129.0554610893579,32.98053513458882],[129.05550496817978,32.98058205401861]]],[[[129.01734416260308,32.98316027902371],[129.0172766666849,32.98272944081111],[129.01771861242412,32.9823330538274],[129.01796277566166,32.98281082855692],[129.01748861171018,32.98282389210897],[129.01734416260308,32.98316027902371]]],[[[129.01700250296324,32.98319666739235],[129.01705277596488,32.98355555894193],[129.01690805436328,32.983564161856634],[129.0168622177173,32.98331222487934],[129.01700250296324,32.98319666739235]]],[[[129.0325019973693,32.986265468076965],[129.02718625224384,32.9856927753014],[129.0271975881982,32.985620747699386],[129.0325019973693,32.986265468076965]]],[[[129.09676936381516,32.98810861332191],[129.09670861191296,32.98877030570509],[129.09641075195475,32.988379829065934],[129.09676936381516,32.98810861332191]]],[[[129.01932166026643,32.98694222500376],[129.017862776446,32.98691444134846],[129.01819778200206,32.98605444125951],[129.01932166026643,32.98694222500376]]],[[[129.1013146426567,32.98905194639025],[129.10105907871355,32.98881210799243],[129.1013142280692,32.98874313538744],[129.1013146426567,32.98905194639025]]],[[[129.09155972789915,32.98978277505506],[129.09159639415827,32.98993527938967],[129.09142583683297,32.98984916210918],[129.09155972789915,32.98978277505506]]],[[[129.1251027755727,32.989471386595255],[129.12520972834636,32.98956722464777],[129.12490221776318,32.9899394405528],[129.12479527937876,32.989877495250255],[129.12491555111183,32.98956166683752],[129.1251027755727,32.989471386595255]]],[[[129.12192144002245,32.990493919358926],[129.12141352811193,32.989276945974325],[129.12275141444627,32.989321386872575],[129.12192144002245,32.990493919358926]]],[[[129.12594840539464,32.991379017727525],[129.12598840544058,32.99162708132479],[129.1256542407507,32.99193735102796],[129.1254870172121,32.99189791036031],[129.12566090832433,32.99147485578004],[129.12594840539464,32.991379017727525]]],[[[129.1270769646303,32.99251966744873],[129.1270705713498,32.99215327915056],[129.12729750987228,32.992220775068745],[129.1270769646303,32.99251966744873]]],[[[129.02483778243777,32.99352944063122],[129.02199027163374,32.99129110809821],[129.0213686116722,32.98532055939637],[129.0270772238349,32.99038916183042],[129.02483778243777,32.99352944063122]]],[[[129.0286027761972,32.99529694569753],[129.0287919458916,32.99549499979446],[129.0285733332928,32.99556361267065],[129.0286027761972,32.99529694569753]]],[[[129.04657705558668,32.99444635071859],[129.04649738015007,32.995797793433496],[129.04634469505174,32.9957933597758],[129.04642588764466,32.994439216396756],[129.04657705558668,32.99444635071859]]],[[[129.1022244489992,32.996626387397896],[129.10045166041584,32.994906387220055],[129.10139138810212,32.99434666716502],[129.10283610939894,32.995251666631134],[129.1022244489992,32.996626387397896]]],[[[129.18413360558145,32.99811833299475],[129.18413472074087,32.99854361339709],[129.18375944174488,32.998285278642754],[129.18413360558145,32.99811833299475]]],[[[129.18165027164275,32.99896861321099],[129.18176306101657,32.99904861330293],[129.18158221814497,32.99922416186564],[129.18150527934517,32.99910305376295],[129.18165027164275,32.99896861321099]]],[[[129.18418416276893,32.998939162212594],[129.1842363935948,32.99915166661617],[129.18406027216395,32.999288054200406],[129.18398888487923,32.99907000008051],[129.18418416276893,32.998939162212594]]],[[[129.10751055786602,33.00123610805997],[129.10752917023513,33.0013919461814],[129.1073736064069,33.001338333097635],[129.10751055786602,33.00123610805997]]],[[[129.00605749735564,33.00210194564835],[129.00610027181017,33.002215828597684],[129.0059899996388,33.00224444142788],[129.0059416601796,33.00212833265647],[129.00605749735564,33.00210194564835]]],[[[129.00473306128185,33.00260555879953],[129.00458639444662,33.00297166740859],[129.00430055842412,33.002769721045865],[129.00473306128185,33.00260555879953]]],[[[129.09708468231236,33.003329189290696],[129.096635330656,33.004780287680205],[129.0964711153498,33.004744143927155],[129.09692035009414,33.003293044638326],[129.09708468231236,33.003329189290696]]],[[[129.15930083006936,33.00471249498571],[129.159433060987,33.00489361304983],[129.159216109436,33.004929162351004],[129.15930083006936,33.00471249498571]]],[[[129.0189977820221,33.007302225017725],[129.0190544492035,33.007410278561565],[129.0189602721989,33.00745527883811],[129.01886610868405,33.00730805442322],[129.0189977820221,33.007302225017725]]],[[[129.14851527875715,33.008111667019875],[129.14798778231034,33.00778138740117],[129.14853306105204,33.00716249465347],[129.14890221836276,33.00779222513114],[129.14851527875715,33.008111667019875]]],[[[129.017734448586,33.01426527901947],[129.0176813876859,33.01446805365782],[129.01757861226326,33.01432527908844],[129.017734448586,33.01426527901947]]],[[[129.03190166033346,33.01489972104537],[129.0222588847398,33.012466386714436],[129.0157986120164,33.01394805395955],[129.01527360579234,33.01107694584442],[129.0104074974081,33.009968332672486],[129.00770333314233,33.00777249490477],[129.00482708180448,33.0028536673629],[129.00783832677746,33.001393332936004],[129.01177111514494,33.00338305418467],[129.0165688849462,33.00870333279261],[129.02539111460828,33.00794082910602],[129.02931165960547,33.009888332580545],[129.03190166033346,33.01489972104537]]],[[[129.0290500000575,33.015149999672815],[129.0287622179021,33.01508222496477],[129.02901000001157,33.01484527878665],[129.02929749708187,33.0150258293786],[129.0290500000575,33.015149999672815]]],[[[129.18132166026646,33.01511889212321],[129.18117138804917,33.01522166664665],[129.1811213884414,33.01513889214618],[129.18132166026646,33.01511889212321]]],[[[129.18136111532328,33.01536166680751],[129.18125082966208,33.015543891937114],[129.18116861184205,33.01544305365405],[129.18136111532328,33.01536166680751]]],[[[129.09144992157667,33.01632601793142],[129.09139922229633,33.016364089830915],[129.09072496818283,33.01572686530267],[129.0907756548727,33.01568879340317],[129.09144992157667,33.01632601793142]]],[[[129.1964577818012,33.01697416202802],[129.19667666689475,33.01707610827583],[129.19661166029994,33.017216666915715],[129.196374993811,33.01715638715757],[129.1964577818012,33.01697416202802]]],[[[129.02203138773837,33.01742194616594],[129.02199138769242,33.017263892114954],[129.02215194635528,33.01729222525603],[129.02203138773837,33.01742194616594]]],[[[129.18893360570144,33.01995082896764],[129.18812444878438,33.01617944102844],[129.18180300890185,33.01407127007309],[129.17420055760977,33.01476361315025],[129.17620165977883,33.00918805388562],[129.1794799998022,33.00729944071668],[129.18540165955903,33.00894610837628],[129.19056666661845,33.00651055901511],[129.19612693920692,33.00797638740039],[129.1965280539266,33.01449916210669],[129.19259360630997,33.018276386645994],[129.18893360570144,33.01995082896764]]],[[[129.18323972803114,33.02300082932487],[129.17976055770362,33.02180555927919],[129.17802778175678,33.01970805428334],[129.1848858372117,33.01997889231211],[129.18323972803114,33.02300082932487]]],[[[129.04212944222002,33.022608332808375],[129.04214389072808,33.02280444077235],[129.04203555119977,33.02282222486582],[129.04204083022023,33.02268722493551],[129.04212944222002,33.022608332808375]]],[[[129.1625572239368,33.02493110808422],[129.16276444931998,33.02530833321305],[129.1624499995679,33.02523722471818],[129.1625572239368,33.02493110808422]]],[[[129.0422086122377,33.02709861271086],[129.04217832666848,33.02731916244943],[129.0420583274299,33.02727138686504],[129.0422086122377,33.02709861271086]]],[[[129.16002666659745,33.028170829420276],[129.15804944232798,33.02772277458644],[129.15888000041173,33.02642499981397],[129.1605149939719,33.02739555895795],[129.16002666659745,33.028170829420276]]],[[[129.04610722366954,33.031159999634326],[129.04619306126085,33.03133138703396],[129.0459688845565,33.031393612924944],[129.0459366672435,33.031226386688445],[129.04610722366954,33.031159999634326]]],[[[129.15979416307027,33.03433777476852],[129.16239194563184,33.03227527858127],[129.16318917034403,33.03356166703736],[129.15979416307027,33.03433777476852]]],[[[129.16204250325893,33.03424889207275],[129.162002503213,33.03456361342006],[129.16182832701577,33.034441386560786],[129.16204250325893,33.03424889207275]]],[[[129.1598544491236,33.034637495424136],[129.15920472132086,33.034621667356134],[129.15911389069356,33.03432389193409],[129.1598544491236,33.034637495424136]]],[[[129.05028165987073,33.04179889220518],[129.04945832694034,33.041636387409426],[129.0499411153902,33.041269721220715],[129.05028165987073,33.04179889220518]]],[[[129.08158343692617,33.04189687424139],[129.0814701304422,33.04205591934527],[129.08135557659864,33.041941909591515],[129.08158343692617,33.04189687424139]]],[[[129.08142312557686,33.04217234198006],[129.08141997435234,33.04228500005274],[129.0812578859427,33.0422717476431],[129.08127046655886,33.04218294588628],[129.08142312557686,33.04217234198006]]],[[[129.10167134885376,33.046109540622865],[129.10165277605483,33.04616727889686],[129.10092405989747,33.04600128832885],[129.1009426201059,33.045943541061604],[129.10167134885376,33.046109540622865]]],[[[129.10818666728096,33.05330777543355],[129.10670972777177,33.05262082918796],[129.10734832736352,33.05150222544739],[129.10870306069774,33.05249610760933],[129.10818666728096,33.05330777543355]]],[[[129.1046071982637,33.053487774741086],[129.10424011658813,33.05435441362533],[129.10414177662176,33.05432682872021],[129.1045023094341,33.05343255906541],[129.1046071982637,33.053487774741086]]],[[[129.10426632912788,33.056468639716],[129.10367639365074,33.05427164002424],[129.10378124470878,33.054266108294314],[129.10426632912788,33.056468639716]]],[[[129.0843033330325,33.07053000035927],[129.0841769387148,33.07074444100323],[129.08404888514804,33.07051444118855],[129.0843033330325,33.07053000035927]]],[[[129.0634116601201,33.0740247208642],[129.06315888497465,33.0740247208642],[129.06316000013396,33.073864720680376],[129.06344221818392,33.07379472104958],[129.0634116601201,33.0740247208642]]],[[[129.13294416324266,33.078838891601606],[129.1325597282489,33.07830916213817],[129.13313333293706,33.07825666691173],[129.13294416324266,33.078838891601606]]],[[[129.09891861220422,33.10321944122427],[129.09792722386237,33.10316138728825],[129.09788360584378,33.102549720593174],[129.098906394015,33.102833613180735],[129.09891861220422,33.10321944122427]]],[[[129.09390250319802,33.114361667257185],[129.09382083036712,33.11395582929816],[129.09434166013955,33.11409610824887],[129.09390250319802,33.114361667257185]]],[[[129.09463610896933,33.11529916192683],[129.0935513880861,33.11504805412443],[129.09439972756547,33.114258891834425],[129.09510166011364,33.114621386967485],[129.09463610896933,33.11529916192683]]],[[[129.09522778193661,33.116484999882914],[129.09523749731272,33.116073053728485],[129.095593891445,33.116406667134015],[129.09522778193661,33.116484999882914]]],[[[129.09432055844707,33.120915829202204],[129.09437194570876,33.12083527872517],[129.09455111494208,33.12079472109957],[129.09456610933853,33.12086889178596],[129.09432055844707,33.120915829202204]]],[[[129.0941049936506,33.12121194627434],[129.09417221797355,33.12133305437703],[129.09412499367363,33.121501946157935],[129.0939700000156,33.12143916178792],[129.0941049936506,33.12121194627434]]],[[[129.09316389090088,33.12285555893692],[129.09322888490522,33.122986666601435],[129.09306832714162,33.122961386658744],[129.09316389090088,33.12285555893692]]],[[[129.09500416281196,33.12903138688904],[129.0950383271571,33.12917555900492],[129.09476250328692,33.12907999974226],[129.09494555129618,33.1289811075921],[129.09500416281196,33.12903138688904]]],[[[129.13534389080803,33.13737472126644],[129.13302666704715,33.13375000016242],[129.1353116600052,33.13259833284684],[129.13534389080803,33.13737472126644]]],[[[129.13927416287243,33.14351972135813],[129.13922499423813,33.143713613392606],[129.13907861158873,33.14373277524743],[129.13920832710266,33.14352972091996],[129.13927416287243,33.14351972135813]]],[[[129.1396033327277,33.1442194406747],[129.1391677820676,33.14405582881352],[129.13946917006626,33.143762774832226],[129.1397505580419,33.14383610824984],[129.1396033327277,33.1442194406747]]],[[[129.11300194598311,33.164249440759136],[129.1103563941324,33.163426107828684],[129.10718194559036,33.1582791618539],[129.10817999970732,33.15461972062366],[129.10679360574034,33.149128891884914],[129.10206527888954,33.142640278825866],[129.1000830606847,33.13530027938441],[129.10073944167198,33.13314082908602],[129.09571666689078,33.12989916161706],[129.09909221823136,33.12494389174725],[129.09428360620348,33.121414720912696],[129.10037138782934,33.11499361276509],[129.10369333328072,33.11490889213172],[129.10438972780378,33.1119605592325],[129.10180472101115,33.107563054291575],[129.09828221775024,33.10671222458956],[129.09919306101096,33.10339694581245],[129.10531315168066,33.10221433282527],[129.10799333282614,33.102743054148675],[129.10992221763627,33.09865638728252],[129.10552888465043,33.09341361314779],[129.10775944164493,33.088351108117195],[129.10159583727818,33.080046666720364],[129.09675194574572,33.07866527927928],[129.08936861157224,33.07863389204056],[129.0855855513322,33.075432495313464],[129.08401472080277,33.07120861258744],[129.08463277628164,33.070249721247706],[129.08470306099753,33.06849110777847],[129.08242988333257,33.05893344132534],[129.0771911147782,33.0592269458669],[129.07516389090085,33.057223054000815],[129.0760909597301,33.05290802678405],[129.0805336061411,33.05032749501794],[129.08227250287382,33.04277416199801],[129.0800313878383,33.03988110772701],[129.08165199674227,33.03771101844882],[129.07927444915651,33.03417110791037],[129.08340751024843,33.03110208958981],[129.08079916964607,33.029651108112205],[129.08482651093482,33.026487856129734],[129.08850160756322,33.02557536890822],[129.08602129714518,33.02256279293857],[129.07600289182005,33.02170072081168],[129.07324319082068,33.01922438719578],[129.07023427958836,33.01928774803122],[129.06715277597993,33.03234916238398],[129.0674502717127,33.03666859537941],[129.06596277596145,33.039861107703985],[129.0668636061705,33.04384610801151],[129.0581999998302,33.040693054341034],[129.04997389118216,33.03626472064042],[129.04763583732415,33.032811946314325],[129.04625610913217,33.030405559269184],[129.044573606187,33.03038166698042],[129.04229944196572,33.027717775255155],[129.04435165980135,33.02501638719656],[129.0415638909609,33.02154055874985],[129.04237138772942,33.01677972140709],[129.04533771696208,33.014850099152795],[129.04181111459138,33.01081861288873],[129.04306082959363,33.00675582931814],[129.04120832690285,33.00339861335539],[129.04469778187718,32.99840638674539],[129.04986204879458,32.99558548598145],[129.04815416338397,32.99294361325718],[129.04286000018897,32.99078416205947],[129.04363555123973,32.98677582884147],[129.04699805431687,32.98369777503234],[129.05144503186284,32.984174162107934],[129.05618411190733,32.98120069405684],[129.0567146165863,32.97710494583663],[129.0523570559335,32.97890755863699],[129.05120566830703,32.97279991908107],[129.0462697275659,32.975816387316456],[129.04018639398691,32.97658277517496],[129.03783360563648,32.975111387180846],[129.03636469527453,32.97128417112765],[129.03263972764137,32.972179721417035],[129.0329274972063,32.96723527938468],[129.0309025027484,32.96119749466868],[129.02303416329607,32.968024440775366],[129.02376917021115,32.97340833292827],[129.01912972785476,32.976638891971334],[129.0167033326927,32.9740002792895],[129.0113825028003,32.97594500026162],[129.01026610869405,32.9716772252238],[129.00620194556336,32.9691347212904],[129.00169639427327,32.96937138688003],[128.9976591703345,32.966586108262334],[128.9983677821475,32.96248777539057],[129.00325409919742,32.95998598196752],[129.0003199998681,32.95827055933887],[128.9978291700802,32.95328527909243],[129.00370250296817,32.95377749513534],[129.00513972841577,32.95087444130246],[129.00479250287174,32.94899666676281],[129.00181083030566,32.95069361282003],[128.99765333283506,32.950039440567764],[129.00336221839177,32.94576638740892],[128.99951832710917,32.94441889181843],[128.99319444916455,32.945890000123484],[128.99618277581453,32.94126722490256],[129.0032752791309,32.93973389160584],[129.00682472068434,32.94036582901987],[129.01510027225982,32.94784138687055],[129.01775416262456,32.94275638709763],[129.01700583675006,32.93937916211871],[129.02093666729343,32.935055279277776],[129.02586306083163,32.9342433326637],[129.03239389076555,32.93710777500388],[129.03578306143925,32.941426386918295],[129.03832977959576,32.939920919115195],[129.03905559004352,32.93406371197079],[129.04078894875101,32.93159474829906],[129.03582389066014,32.92970555866464],[129.03206914377608,32.93164819770624],[129.0300813884454,32.92847055926893],[129.03076360605564,32.925217775280146],[129.0265122175648,32.922342495210046],[129.02684194589915,32.91904444114812],[129.03358722367147,32.91844694596983],[129.03601138761553,32.92192000000807],[129.0408908302477,32.9225119463693],[129.05090296999617,32.92135166714576],[129.048954163404,32.918886945576105],[129.05237652355777,32.91049249463299],[129.05416089540904,32.909221414436786],[129.06136582387376,32.90861974820285],[129.06341944195378,32.90454500005177],[129.06315250338537,32.9017316670828],[129.06514360599272,32.89854889171801],[129.06095910457907,32.896390224729146],[129.0596063938201,32.900976386750926],[129.06145610861256,32.903676666844774],[129.05717527901595,32.90533972105135],[129.05257416306722,32.90120749542962],[129.0491680536628,32.9049169461602],[129.04711805355544,32.902520829372804],[129.0418352793747,32.90590333337218],[129.0394513879712,32.90269527896402],[129.04027306075318,32.89614416212345],[129.04325166033595,32.89273361276605],[129.04804666741984,32.895146667384836],[129.05670832672797,32.89080000021988],[129.0563894424189,32.8869369461832],[129.05891250300965,32.88170666722897],[129.0538902723183,32.882416946385035],[129.051713332904,32.88479582856468],[129.04639055777807,32.88390499971604],[129.0523877821705,32.87883666707859],[129.0424238910498,32.87564555859569],[129.04219722412267,32.872212494710936],[129.0455982622501,32.87229062241437],[129.04724319062086,32.86839322506734],[129.0476419707004,32.86441449483311],[129.04728712070414,32.86206066686634],[129.0442877818557,32.85904833281438],[129.0473599999641,32.852982224849825],[129.0453433332283,32.847451387071885],[129.0462519461704,32.840257774776546],[129.05030583724465,32.83933916227255],[129.04967778220396,32.835223333090426],[129.04661583705126,32.82911166726967],[129.04953138786334,32.8272061081754],[129.04804360612764,32.82462916200626],[129.04324666729997,32.822379721047355],[129.04923805419287,32.819521108112724],[129.05659055780802,32.81957749470564],[129.05932583681795,32.81634722524433],[129.06343583659464,32.816956107638305],[129.06631082978106,32.82422944123579],[129.06442306107544,32.82708222476492],[129.06908639392202,32.83165500037802],[129.06792306060083,32.837484720643374],[129.06487111500996,32.837845278636735],[129.0645502719775,32.840816386866834],[129.06122413658466,32.84485944111037],[129.05692313879183,32.84740594612754],[129.05813844393413,32.84940613458548],[129.06227944244233,32.84860194642272],[129.0626000003898,32.85146582938455],[129.06318749690547,32.85241305381942],[129.06322749695153,32.85291472083776],[129.06376832674698,32.853083892307836],[129.06431610920117,32.85424527859681],[129.06568499426714,32.85580138722429],[129.06471666724042,32.85832110773299],[129.06607608334468,32.86251780215491],[129.0684223354225,32.86289995466922],[129.07146832660203,32.859826946056785],[129.07767919573837,32.861575828861476],[129.08574610909568,32.85734666711505],[129.0875158372861,32.855536667283445],[129.0943944494444,32.854877225003975],[129.09578878082766,32.85818927881223],[129.10021749674013,32.86016555879354],[129.0958830612543,32.87257972117726],[129.09749944244538,32.874851666771065],[129.09432693913698,32.876892494692925],[129.09519527863927,32.87978472068835],[129.087261387603,32.880280828997115],[129.08500789879554,32.88176117963479],[129.09034666656544,32.884751386767164],[129.09231666658093,32.88884444061847],[129.09147499377605,32.891460278868806],[129.08805255538118,32.89379664020282],[129.08282666691719,32.89420027931948],[129.0846297275799,32.90395333337966],[129.0904061090547,32.90269055932191],[129.09366527912937,32.90384638690131],[129.09424583737552,32.90773638732446],[129.09291055817573,32.9105663874289],[129.09595555110786,32.9178558287835],[129.09163416298634,32.92198833319509],[129.08880666659445,32.92118222497976],[129.08616133597695,32.924193891734774],[129.0972427759334,32.92408555940108],[129.10323194599755,32.92786861334588],[129.10668138833546,32.92484110773097],[129.1093352787002,32.92663389184071],[129.10936832698678,32.93159500010921],[129.10626000019886,32.93454916241399],[129.11050472111606,32.93675389177872],[129.11144055833518,32.94120749463025],[129.10694561634716,32.95040336022697],[129.10155364468505,32.952269829389195],[129.10325693905656,32.955540332720204],[129.1085779119411,32.95416874788947],[129.1182591704245,32.938479161983764],[129.12069888544522,32.93806749461925],[129.1284263937631,32.93954055894966],[129.13087972811707,32.944986667101034],[129.13650166002367,32.937668612916184],[129.14197639359577,32.93833416159231],[129.14300555076557,32.9468194413642],[129.14792133590095,32.95274474787186],[129.14843347642386,32.95604086479415],[129.15466333294648,32.95770110771997],[129.15594666730487,32.96013110826408],[129.1622969385529,32.961873053698525],[129.17038499407226,32.966051107872374],[129.17085972819393,32.96911833294479],[129.18230360572693,32.97146916167253],[129.18247055767017,32.977626108358265],[129.17985027227235,32.98620166657372],[129.17489197078794,32.988762576931435],[129.17759722413268,32.99149027915314],[129.17829350174372,32.99971959478353],[129.1832791695981,33.00188138691652],[129.17603416284635,33.00735582910829],[129.17191277585403,33.00637999993711],[129.1625591700697,33.00707333316785],[129.16051636813597,33.00215173031813],[129.15822524000293,33.000150063374804],[129.1533922176768,32.999839720826515],[129.1475897279836,33.00288999997355],[129.1443811150964,33.00281110784641],[129.14135306089509,32.99921972101339],[129.1367205577077,32.99909000010348],[129.13167807967966,32.99067736037193],[129.12639243756098,32.989295278654254],[129.12299756158825,32.985391468241744],[129.11821583659162,32.98616633310985],[129.1182145271788,32.989608640226606],[129.1147119456998,32.98923719773853],[129.1138437743707,32.98546689168376],[129.1109310887988,32.981913000284806],[129.10613204915478,32.98513016212735],[129.10174652408284,32.984953585639516],[129.10219141420248,32.98145735966949],[129.09769189376595,32.9802637749533],[129.0947026722905,32.986224414025514],[129.0921237224319,32.983642586336316],[129.08850744506265,32.98259482938789],[129.0883347473508,32.98691055897518],[129.091158974707,32.988959612995814],[129.09243333293205,32.99461925167719],[129.0960705582097,32.999265278869586],[129.09596360633543,33.002580000066985],[129.09278993480768,33.00297123393534],[129.09357111471525,33.00774638668645],[129.0894929050736,33.01775573044267],[129.09170749730322,33.01885972109932],[129.09763861163265,33.0246919459766],[129.0969091697225,33.0304966668877],[129.09327499404583,33.03205361278407],[129.09128083014627,33.038553613058866],[129.09799832696126,33.04146861258647],[129.10010417586705,33.046436730171024],[129.1021577300952,33.048190505287664],[129.09837158158325,33.052449946308],[129.0999388849716,33.055973568325555],[129.10377165973432,33.05826305429656],[129.1043481188707,33.060712622289714],[129.10895693931138,33.06373749468969],[129.10864333312338,33.06801722531475],[129.1124152786423,33.07741416223388],[129.11336499419917,33.084799440741676],[129.11713749729768,33.08529916162706],[129.11834082976554,33.0906177746906],[129.11793917005673,33.09513889234603],[129.12083165955346,33.10673499992038],[129.11635778238576,33.115213613017886],[129.11181693900062,33.115145829316646],[129.1072561090822,33.12078361267362],[129.10381389099837,33.12237333256331],[129.1031974965673,33.1247691615676],[129.10698805355594,33.12688889240849],[129.1091847213978,33.13062666728689],[129.1140133334486,33.14221194612446],[129.11126055812827,33.14426389236479],[129.11146832670192,33.15013833321757],[129.11770333274262,33.15653722541265],[129.11809166000216,33.161351666845974],[129.11300194598311,33.164249440759136]]],[[[128.8888474971144,33.14896749505391],[128.88864666681025,33.148933613095835],[128.8884722181184,33.148550278872335],[128.88894805390964,33.14869694570751],[128.8888474971144,33.14896749505391]]],[[[128.89911138768048,33.1492136134176],[128.89918917004422,33.14941500040197],[128.89896360568594,33.149494999594594],[128.8988997277403,33.149371108090236],[128.89911138768048,33.1492136134176]]],[[[128.88914917019815,33.14939055862743],[128.88915583687242,33.14953694577349],[128.8889547205839,33.14950889232159],[128.88892805388662,33.149413054269075],[128.88914917019815,33.14939055862743]]],[[[128.89483832732697,33.1531988916156],[128.89452861160623,33.153176386980704],[128.89460221841773,33.15297333265323],[128.89482861195097,33.15289333256129],[128.89483832732697,33.1531988916156]]],[[[128.89567027216538,33.15322166694642],[128.8956125033144,33.15333444103169],[128.89544333274364,33.15327027890032],[128.8954966670376,33.15316444128598],[128.89567027216538,33.15322166694642]]],[[[128.89510416332655,33.15396582895988],[128.8949838906941,33.154018612868754],[128.89475416337405,33.15391277525441],[128.89514138806464,33.15381527885211],[128.89510416332655,33.15396582895988]]],[[[129.00659583692834,33.15471277527439],[129.00646194586216,33.154429162376005],[129.00716610872905,33.154255559046874],[129.00728610886688,33.154549999782716],[129.00659583692834,33.15471277527439]]],[[[128.9021419455944,33.15558582902287],[128.89657333269327,33.15302000027282],[128.9005272236525,33.152918892193156],[128.90387749684908,33.153961945687286],[128.9021419455944,33.15558582902287]]],[[[129.13301639409133,33.15850694573902],[129.13261805378022,33.158418613428296],[129.13308693871136,33.15812166718126],[129.13327693937936,33.15826249471843],[129.13301639409133,33.15850694573902]]],[[[128.99241999978324,33.16521861314851],[128.99249999987512,33.16536500029457],[128.99241138787534,33.16543389196062],[128.99235221788058,33.16522222482587],[128.99241999978324,33.16521861314851]]],[[[128.99375888526436,33.16706082939379],[128.9926788849226,33.16535805393107],[128.99484583736557,33.16550472076631],[128.99375888526436,33.16706082939379]]],[[[128.90286805371773,33.17095861344933],[128.9029808296017,33.17109582930914],[128.90283610889935,33.17113277525743],[128.9027263943077,33.171081387096365],[128.90286805371773,33.17095861344933]]],[[[128.89933027187465,33.1712197208135],[128.89938306117938,33.17133305427711],[128.89918722391133,33.17141472081278],[128.89913221777772,33.17134638672644],[128.89933027187465,33.1712197208135]]],[[[128.9024297277498,33.174106387200084],[128.89952138770195,33.169781945880175],[128.90275832743498,33.16796666702811],[128.9024297277498,33.174106387200084]]],[[[128.90167277557816,33.17399444139039],[128.901755550978,33.17413555940857],[128.90159166032697,33.174224162415214],[128.9015294416305,33.17402610831829],[128.90167277557816,33.17399444139039]]],[[[128.90280749696842,33.174215278912015],[128.90287527887108,33.17415472126345],[128.90308555115735,33.17408444104416],[128.90310527868576,33.17414972103285],[128.9029741629273,33.17422777499189],[128.90280749696842,33.174215278912015]]],[[[129.03421277589894,33.17444138736022],[129.0380538909743,33.17155499976349],[129.03804055762566,33.17444138736022],[129.03421277589894,33.17444138736022]]],[[[129.02429810557317,33.17549695492056],[129.01822527877368,33.171351386956985],[129.01702999973475,33.16626610839421],[129.02246138778287,33.16616472062543],[129.02655333277016,33.16864555894546],[129.02675888541432,33.17165610784315],[129.02429810557317,33.17549695492056]]],[[[129.05221583719117,33.177863332926506],[129.05238916982444,33.17805777534613],[129.05215917000976,33.17808389165833],[129.05221583719117,33.177863332926506]]],[[[129.05281722373593,33.17852222482088],[129.05258055814636,33.17849527933373],[129.0527522180405,33.17829694644695],[129.05281722373593,33.17852222482088]]],[[[129.13295499377796,33.17917610839072],[129.13296778213748,33.17926722500249],[129.13286527920934,33.17939027923802],[129.13277111479522,33.1793680542923],[129.13295499377796,33.17917610839072]]],[[[129.0112949942686,33.18010389218091],[129.01153055818872,33.17969055927193],[129.0123683270367,33.17921138699597],[129.01228027171726,33.17790472062643],[129.01283416326612,33.1783638919801],[129.01240722361456,33.17939138720283],[129.0112949942686,33.18010389218091]]],[[[129.05199116675897,33.17946119797597],[129.05045961142196,33.18071644111092],[129.04846747099702,33.18113174803182],[129.04842863827105,33.1810430811733],[129.05042630413072,33.1806464405808],[129.05191902674176,33.17938189216062],[129.05199116675897,33.17946119797597]]],[[[128.8030472501306,33.18262008105194],[128.80301891069428,33.18227113510483],[128.80343444874086,33.18230841380233],[128.80355992215277,33.18254919828695],[128.8030472501306,33.18262008105194]]],[[[128.90303111519393,33.18273527881013],[128.9028325026179,33.18244777544453],[128.90342888533485,33.18219416213094],[128.90356944217604,33.18253222538192],[128.90303111519393,33.18273527881013]]],[[[129.04682194637576,33.1827574947626],[129.04604778207954,33.182589441149844],[129.04633083020371,33.18192944129072],[129.04722722405722,33.18233444108165],[129.04682194637576,33.1827574947626]]],[[[128.80276875527386,33.18351858561431],[128.80274241233258,33.18313522531048],[128.80376775637694,33.18264655889163],[128.80394747059938,33.1831737477703],[128.80337549908006,33.183195306318396],[128.80276875527386,33.18351858561431]]],[[[128.9028791702376,33.18364889198284],[128.90271832738892,33.183191945551926],[128.90363666739836,33.1825774945558],[128.9039583270153,33.18310194589816],[128.9028791702376,33.18364889198284]]],[[[129.0583333333168,33.1843674413044],[129.05610862461344,33.182733053887375],[129.0558713879542,33.178957774581704],[129.05975277557025,33.17962305436055],[129.0583333333168,33.1843674413044]]],[[[129.02164389055315,33.18492722521131],[129.0177558371622,33.18431249542539],[129.0144577822009,33.18029249530247],[129.02331972772333,33.179520558626905],[129.02529693940232,33.181291107898346],[129.02164389055315,33.18492722521131]]],[[[129.07500000024993,33.185266197676924],[129.0733130609491,33.184933891885635],[129.07250194620792,33.18329916182688],[129.07566583670905,33.18406582937456],[129.07500000024993,33.185266197676924]]],[[[129.02095832656562,33.18517722504896],[129.02108055792144,33.18525582939304],[129.0210849942771,33.18538666726096],[129.02083693877375,33.18527277531837],[129.02095832656562,33.18517722504896]]],[[[129.02142165998168,33.18566527902948],[129.0216036063215,33.18574555881054],[129.02150749667373,33.18582555890248],[129.02139416321018,33.18579361318473],[129.02142165998168,33.18566527902948]]],[[[129.06598530487793,33.18584529722273],[129.06548180324273,33.18565273888282],[129.06460134897316,33.1850691256397],[129.0637550059888,33.18344782875437],[129.06383354108516,33.18341880223596],[129.06467521389004,33.1850310627334],[129.06598530487793,33.18584529722273]]],[[[128.98488639429172,33.186790829133486],[128.9849880536558,33.186900279324504],[128.98484722432,33.18694361315727],[128.98488639429172,33.186790829133486]]],[[[129.04246444867545,33.188846108261316],[129.04004472108704,33.18794389219693],[129.04150583702483,33.18720555868964],[129.04246444867545,33.188846108261316]]],[[[128.9781452785818,33.18953138716381],[128.97832888507003,33.18966082928392],[128.97814389092787,33.18970333304242],[128.9781452785818,33.18953138716381]]],[[[129.0817602724187,33.189724441030194],[129.08189639380362,33.18980194640278],[129.0817997283748,33.18986777497787],[129.0817061089498,33.18979082898363],[129.0817602724187,33.189724441030194]]],[[[129.03116250304709,33.19008610788762],[129.02776447495057,33.18831682935826],[129.02851472087775,33.18626333268668],[129.03149749691204,33.18820305432757],[129.03116250304709,33.19008610788762]]],[[[128.98188555087756,33.1898180541599],[128.98170749680355,33.190133054297064],[128.98133055765913,33.18999666671283],[128.98150277603236,33.18979861261596],[128.98188555087756,33.1898180541599]]],[[[128.98024610927064,33.19002444137493],[128.98034306068382,33.190199999830156],[128.98017499358116,33.190268054227374],[128.98011527859728,33.190078891727524],[128.98024610927064,33.19002444137493]]],[[[128.98130749724328,33.19012194587117],[128.9813799996873,33.190282775229946],[128.9812013880337,33.19037249519454],[128.98121138759552,33.19017777488443],[128.98130749724328,33.19012194587117]]],[[[128.92661277635864,33.190347494940966],[128.92636916980143,33.190471107655526],[128.92637944185776,33.19031972117824],[128.92661277635864,33.190347494940966]]],[[[128.90357610885042,33.19061777539008],[128.9034755511558,33.190606666964186],[128.9035225029612,33.19043749459473],[128.90364306067875,33.19055582918821],[128.90357610885042,33.19061777539008]]],[[[128.90427972762734,33.19064027912566],[128.904212775799,33.190876945614605],[128.90397805364432,33.19069694630707],[128.90427972762734,33.19064027912566]]],[[[128.9807363935697,33.19059861263594],[128.9806008297645,33.19087638713563],[128.98025749738565,33.19079805438673],[128.9807363935697,33.19059861263594]]],[[[128.92583333304196,33.19094861258844],[128.92610999957685,33.19103389170078],[128.92586221836677,33.19121416170424],[128.92583333304196,33.19094861258844]]],[[[128.92507083025464,33.191610558580464],[128.92510693893416,33.191716945680525],[128.92496027209893,33.19179610760432],[128.92484610856116,33.1917472249545],[128.92507083025464,33.191610558580464]]],[[[128.98699722364302,33.19362027895278],[128.98337861163373,33.19287610794606],[128.98244083008035,33.18962305416068],[128.97957917024257,33.18938027857706],[128.9798405581953,33.18558638690229],[128.9825813878208,33.18561999996308],[128.98663555138967,33.18900833336795],[128.9916277815969,33.1866688918559],[128.9928002718151,33.19112833310612],[128.99037416263752,33.193411666814995],[128.98699722364302,33.19362027895278]]],[[[128.98377832700828,33.194334999860416],[128.98347306113294,33.194282775329896],[128.98367916955806,33.19419722462226],[128.98377832700828,33.194334999860416]]],[[[128.92660027218483,33.19471249478585],[128.92627888506252,33.19073805431782],[128.9290527755652,33.1902924951026],[128.92993083044348,33.19419972114025],[128.92660027218483,33.19471249478585]]],[[[129.0910338907015,33.19554694603477],[129.09115027196754,33.19606249498821],[129.09071166001513,33.196153613398565],[129.0910338907015,33.19554694603477]]],[[[129.08427390361783,33.19870587407689],[129.0842521526148,33.19872573020831],[129.08385931255725,33.19842117120015],[129.0838811795728,33.19840131506868],[129.08427390361783,33.19870587407689]]],[[[128.92482527936318,33.199035559243725],[128.9248358374041,33.19912333307542],[128.92473888509153,33.19920000027986],[128.92468055776158,33.199093891969596],[128.92482527936318,33.199035559243725]]],[[[128.92488221813994,33.19934472098214],[128.92492861236565,33.19954444062347],[128.92434472123193,33.199753613038865],[128.92421805441973,33.199652774755805],[128.92467194585367,33.19935444085479],[128.92488221813994,33.19934472098214]]],[[[128.92344972762294,33.19986527915938],[128.92315583727213,33.19952666732189],[128.92352306104044,33.199289999933626],[128.9238380539831,33.19975555917176],[128.92344972762294,33.19986527915938]]],[[[129.14244138805964,33.20318305355511],[129.1410747207218,33.203083891608344],[129.1413266666924,33.20249444086579],[129.1419658373536,33.202553892348305],[129.14244138805964,33.20318305355511]]],[[[129.01020583702984,33.20398722463074],[129.0089838912936,33.20382999975476],[129.00889055785308,33.202935829025364],[129.01000610929452,33.20301805404],[129.01020583702984,33.20398722463074]]],[[[129.0101616596329,33.20410527863578],[129.010038054113,33.204270558739324],[129.00993610876446,33.20419361274509],[129.0101616596329,33.20410527863578]]],[[[129.01033277633667,33.204342775198995],[129.01040861166814,33.20442277529088],[129.01036555122926,33.204553053780444],[129.01022527857378,33.20460110815469],[129.01025778187125,33.204402494679414],[129.01033277633667,33.204342775198995]]],[[[129.02743944197675,33.20797416207796],[129.02752972761493,33.20803444093673],[129.02753166025798,33.20825138709188],[129.02740666708405,33.208221107817906],[129.0273666670381,33.20806833278738],[129.02743944197675,33.20797416207796]]],[[[128.92969389056066,33.2086869458459],[128.92983610934903,33.208855558837],[128.92970666722897,33.209092225326],[128.9294827756097,33.20902722502649],[128.92946221800707,33.20879999962034],[128.92969389056066,33.2086869458459]]],[[[129.07858250268043,33.21158166656073],[129.0782600003988,33.211805279390205],[129.07817583734504,33.21166999977072],[129.07858250268043,33.21158166656073]]],[[[129.07551888478872,33.211828053821705],[129.0756152786223,33.21190444133697],[129.07539166039692,33.211960559032605],[129.07534805406954,33.21190277489319],[129.07551888478872,33.211828053821705]]],[[[129.09959888458093,33.212993053586615],[129.0995877815509,33.21313833276787],[129.0994502716128,33.21312889168507],[129.09952082972256,33.21300777458919],[129.09959888458093,33.212993053586615]]],[[[129.023586667191,33.21311027931597],[129.01990666655945,33.211193612695126],[129.01632027186315,33.212292774891694],[129.01200444874632,33.206525278718686],[129.0125541629443,33.200763612850494],[129.01795639407237,33.20101722526476],[129.02000778183378,33.19942749458323],[129.02398916956463,33.20056055942234],[129.02690527885557,33.20824500010673],[129.0255372238638,33.21266499978998],[129.023586667191,33.21311027931597]]],[[[129.12276416323562,33.2137158288225],[129.11860138764393,33.21202444057553],[129.11492111541725,33.20797055939386],[129.11699944237046,33.200714721207476],[129.12228165987074,33.194124440690416],[129.12146416264102,33.1925908286039],[129.12446588829016,33.187757774801526],[129.1209280542863,33.1843652793342],[129.11960749698846,33.179251946420266],[129.1234349936301,33.17285305422513],[129.1247891702841,33.16746889227562],[129.12429360606518,33.16277833335346],[129.13273194572275,33.15875333299999],[129.1329663935843,33.16242916167653],[129.13514306140326,33.166330559208006],[129.13402444866938,33.16802166686648],[129.13456944232598,33.17399194577172],[129.1333694418463,33.17835000015242],[129.13118416301882,33.18088138666673],[129.13135832662556,33.1853013872493],[129.13806166001768,33.18940582921567],[129.14159444882478,33.18737082890067],[129.14352472128894,33.19245610836276],[129.14097749681412,33.19451944091952],[129.13489749702194,33.19673499992035],[129.13406639394896,33.200202224553095],[129.1361374966482,33.20193861307661],[129.1304933326013,33.20440222488281],[129.12572027167323,33.21212027862799],[129.12276416323562,33.2137158288225]]],[[[129.0701049939504,33.2172983330517],[129.07002416288492,33.21757749520532],[129.07004832676898,33.21796333314137],[129.06989972818997,33.217932495388425],[129.0698822183897,33.21766110787388],[129.0701049939504,33.2172983330517]]],[[[129.05691583719624,33.22000610809545],[129.05330250330792,33.2195830544145],[129.0479416598797,33.21349138681808],[129.04243666681873,33.209705559364124],[129.04326138830254,33.205217775080314],[129.03654444906715,33.20814944084407],[129.02837333306297,33.20097805439377],[129.0298886115702,33.19646222475194],[129.03238888513897,33.19514305420864],[129.03909221763183,33.19593805399802],[129.04686166043734,33.19580305406777],[129.04806166001765,33.194365558823506],[129.04350999958683,33.19118000005699],[129.0461580542509,33.18978194637975],[129.0460777816644,33.18455027887234],[129.05470150487065,33.18465627926395],[129.0578808556171,33.18650381140185],[129.06202134870637,33.18505601802087],[129.0600624643114,33.19248774831101],[129.06405555132267,33.19491277470485],[129.06827021959498,33.19385663067902],[129.0709736059472,33.189246945989794],[129.0733597276694,33.18785999983919],[129.07937472086678,33.190863891955075],[129.08385083015173,33.18974305429856],[129.08897888496767,33.1860730541282],[129.09021250300464,33.193143053709036],[129.0874572239718,33.195939161962826],[129.08288260744644,33.19560261317014],[129.0823961092931,33.2007649996051],[129.08000944168248,33.20827444121255],[129.09129778236684,33.21078889169405],[129.0934463679556,33.20763353216182],[129.09765277595488,33.20778999980871],[129.09792778234134,33.21536694632755],[129.08795306068532,33.21498916182043],[129.08700778238335,33.2135572252858],[129.0801500003223,33.209943332918556],[129.07678499443205,33.211668333327],[129.06998749662569,33.21169055917204],[129.06618693917596,33.20800916189336],[129.0535977822119,33.21396222507667],[129.0580219457563,33.21736194569729],[129.05691583719624,33.22000610809545]]],[[[129.07317499433054,33.220051387161845],[129.07261499368713,33.21996972062618],[129.07286306088167,33.219657774586665],[129.07317499433054,33.220051387161845]]],[[[129.07314111507048,33.2208536130039],[129.0733130609491,33.220976107861134],[129.07303944221655,33.221168332552566],[129.07291250290973,33.221027495122826],[129.07314111507048,33.2208536130039]]],[[[129.0752483273485,33.22388249458152],[129.07536778159795,33.22398472141782],[129.0752572243415,33.224110559055134],[129.07520832730256,33.22390555859471],[129.0752483273485,33.22388249458152]]],[[[129.07393583696933,33.225669441191826],[129.07411778240976,33.22575972143403],[129.07404527906647,33.2260669460328],[129.0738247212339,33.226052775415326],[129.07359416294037,33.22557777509428],[129.07393583696933,33.225669441191826]]],[[[129.12975555127775,33.22622889234958],[129.12961111476125,33.226027775161754],[129.12972221790608,33.22596444130596],[129.1298605579185,33.22620333271766],[129.12975555127775,33.22622889234958]]],[[[129.07235194558586,33.22640055943833],[129.0721480539895,33.22653972143104],[129.0713511152618,33.22610305381295],[129.07168666670634,33.22590861319202],[129.07235194558586,33.22640055943833]]],[[[129.07109250261692,33.226661666802556],[129.07143360557654,33.22679472059991],[129.071235278985,33.22684194579921],[129.07109250261692,33.226661666802556]]],[[[129.07183917014163,33.22688555932115],[129.0719066669592,33.22709777504235],[129.07168888533386,33.22701694577546],[129.07183917014163,33.22688555932115]]],[[[129.13439416266056,33.22790582939058],[129.13027165960943,33.22633305362757],[129.1299230608007,33.22267972059268],[129.13431360588822,33.21979333299595],[129.1408430607587,33.22303499956564],[129.13783972802105,33.22681805440976],[129.13439416266056,33.22790582939058]]],[[[129.06689027196853,33.22809082892866],[129.06179555142364,33.22600472104108],[129.0662602716942,33.219763891890125],[129.0695249941832,33.21817389231131],[129.0722127763986,33.2212524947069],[129.0709591700297,33.22578499957814],[129.06689027196853,33.22809082892866]]],[[[129.0680255509385,33.228775559244696],[129.06739444899472,33.22857889190237],[129.06777416344698,33.22827944104341],[129.0680255509385,33.228775559244696]]]]}},{"type":"Feature","id":"JP-42-capital","properties":{"Kind":"capital","PrefectureCode":"42","PrefectureName":"Nagasaki","CapitalName":"Nagasaki","CapitalNameJapanese":"長崎市","PointKind":"prefecture-representative-point"},"geometry":{"type":"Point","coordinates":[129.867249,32.750038]}}]}
