{"type":"FeatureCollection","bbox":[137.6349847466488,36.736576278872235,139.89990466936501,38.552947729853884],"displayBbox":[137.6349847466488,36.736576278872235,139.89990466936501,38.552947729853884],"DataVersion":"2019-boundaries-v1","Attribution":{"BoundarySource":"MLIT National Land Numerical Information, via Fabio Crisci / piuccio","BoundarySourceURL":"https://github.com/piuccio/open-data-jp-prefectures-geojson/tree/513fb852832c99470e16b95a30ddd68bf3469dc0","BoundaryDate":"2019-01-01","CapitalSource":"Geospatial Information Authority of Japan (GSI), prefecture representative points","CapitalSourceURL":"https://maps.gsi.go.jp/","CapitalSourceRetrieved":"2026-10-04","Notice":"Simplified and enriched by Ashiato Kai. Modern geographic context, not historical immigration-era boundaries. See GEOLOCATION.md and THIRD_PARTY_NOTICES.md."},"features":[{"type":"Feature","id":"JP-15","bbox":[137.6349847466488,36.736576278872235,139.89990466936501,38.552947729853884],"properties":{"Kind":"prefecture","PrefectureCode":"15","PrefectureName":"Niigata","PrefectureNameJapanese":"新潟県"},"geometry":{"type":"MultiPolygon","coordinates":[[[[139.2323228266372,37.966921747740514],[139.2322918027246,37.96698141416101],[139.23166413709032,37.96677717092973],[139.2316950836613,37.96671761332726],[139.2323228266372,37.966921747740514]]],[[[139.54781080372572,38.552947729853884],[139.55022377380817,38.55110683830998],[139.54978038915374,38.54361430575568],[139.54822535701464,38.53993155859462],[139.54399671867372,38.53501377516562],[139.54131033670274,38.52958853218507],[139.5299805579565,38.51412800000725],[139.52418525294718,38.50869691862795],[139.52372994777897,38.506585252007824],[139.51783824893607,38.504848027114804],[139.52021438368695,38.5021452523016],[139.52041910535752,38.50005274843562],[139.51324294440644,38.48939391879435],[139.51081958535565,38.4881294684003],[139.51171680928337,38.4847714142694],[139.50796347613357,38.48447697263424],[139.50827277636756,38.48231808081482],[139.50774510994893,38.48036308059176],[139.50697900088028,38.47897477466614],[139.50717121927642,38.477155054062564],[139.50393289188946,38.47506866738513],[139.50467732819618,38.47346922492483],[139.5042492742847,38.47156783778553],[139.5013417508212,38.46911866729272],[139.4972578340819,38.45875008125131],[139.49419252906205,38.453567891744854],[139.4878335802556,38.44780983755402],[139.48188077787563,38.43993097333578],[139.4825718942776,38.43361519828284],[139.47944325630135,38.42945017078881],[139.4757821135538,38.42735822540186],[139.47407513555913,38.424359053827345],[139.4720937483279,38.42317405403941],[139.4667959141002,38.412614080575395],[139.46505508382518,38.407227440993665],[139.46250561644115,38.40591827900545],[139.46314588787254,38.403951333087605],[139.4625058880364,38.401123000326265],[139.4589475234095,38.397565775140436],[139.4572894415545,38.39753577465632],[139.45647722424462,38.391791359583635],[139.4550371983081,38.389820532191834],[139.45727194614346,38.38706525225962],[139.45703839220812,38.38387664029477],[139.46011527869723,38.380707747764404],[139.45712914369506,38.373587225170354],[139.45411522683628,38.37007138678513],[139.4545910509363,38.36783417121006],[139.4509204671059,38.36147836013828],[139.44991596574926,38.35607863991737],[139.45090505812198,38.35474353158878],[139.4509761090602,38.353463774733484],[139.45074092105676,38.35296489201619],[139.4517069386244,38.35233213531984],[139.45242260741747,38.34520310783722],[139.45129182865503,38.342413640177426],[139.45251027243114,38.33699369420367],[139.4510889110245,38.33177258563637],[139.45119927402732,38.32494213487166],[139.44887416321217,38.31931869390263],[139.44881946824398,38.31294163994477],[139.4511911153777,38.30927997289251],[139.4498790791563,38.30150386521126],[139.4466209468992,38.294405586448704],[139.4488533070346,38.29278458633962],[139.44791379968217,38.28428091902924],[139.44926136182244,38.27975327859099],[139.4487360309431,38.27316391897972],[139.44556011740553,38.2677634136507],[139.44668688699028,38.262014108064704],[139.44414975380812,38.2568113330766],[139.44405224391596,38.25305633258375],[139.44132557681394,38.24702663996749],[139.4446400264161,38.243776440630256],[139.45015321679762,38.24174541441937],[139.44933355400042,38.23407972100239],[139.44327600488373,38.223719558910545],[139.43677182905674,38.21548830614046],[139.43249238711405,38.20807174831259],[139.4280411153053,38.19736763960492],[139.43000641996036,38.18129280212116],[139.41420847024472,38.159661918862525],[139.41206005192987,38.153162693803324],[139.4065456159874,38.14794505392115],[139.38662136178652,38.122548559068775],[139.36430814490507,38.09712777532661],[139.34983195757889,38.081571207245474],[139.33517203606073,38.06780916166355],[139.31822085600777,38.05318917094354],[139.3032089227537,38.04094021581835],[139.28097504496247,38.025172585846235],[139.27690169885443,38.02252886501515],[139.26892282732672,38.017926622215896],[139.26686579811815,38.01643378359228],[139.2617689111064,38.01362185626368],[139.25766190697152,38.01098739575178],[139.25524818415647,38.01009400923118],[139.25289447490013,38.008105648656795],[139.24596038896084,38.00449766663405],[139.24131552459187,38.006856946291066],[139.22744024627036,37.999026333398604],[139.2306518026386,37.994494892425394],[139.22553647233042,37.991975027125875],[139.23061569395918,37.9819197477982],[139.23327778164435,37.980141639724934],[139.2362563038854,37.97472780194653],[139.24215433215682,37.97397469437669],[139.2454809729686,37.97211489188879],[139.23976527864477,37.9695478022893],[139.23849108859292,37.972044467778005],[139.23395632912138,37.97171877470174],[139.23452038930463,37.966228946009096],[139.23188080355635,37.96538566701497],[139.23035167279158,37.97018799997625],[139.22784919588378,37.971094585846515],[139.22402639370318,37.96894377533499],[139.2217658883851,37.97102136034755],[139.2283594676154,37.97560819776015],[139.22125169920662,37.98940505429988],[139.21765905332268,37.98966250502065],[139.21474788580633,37.993032225157094],[139.20478919636435,37.98862283837332],[139.204046782633,37.98471172096919],[139.20008089471753,37.982067775307655],[139.19238311259062,37.97935430575666],[139.183379468088,37.97727110807523],[139.17249228259288,37.973562197837225],[139.16940321658524,37.9739083334029],[139.1633137217509,37.97133217144261],[139.1453793641664,37.96628217058577],[139.1342817508022,37.96259517143005],[139.12409927406236,37.96022202692507],[139.12328722402629,37.9621640544276],[139.10925763912883,37.95850302679332],[139.09440792468604,37.958529748349235],[139.09322594032494,37.95531363061963],[139.08990254156913,37.95403924271693],[139.08337242479763,37.953568071709185],[139.07622717264599,37.951426134808344],[139.07495596564536,37.94871605390284],[139.06917953290917,37.948460278618995],[139.06823263312958,37.9437972524413],[139.05802837930628,37.94648826142418],[139.05184940282777,37.9431048563041],[139.05341116729164,37.941308089996426],[139.0473194421386,37.93778517124872],[139.0420565627602,37.93328178372741],[139.03063332017166,37.92682751397865],[139.02315657611518,37.9216221255607],[139.00361372169596,37.91078322466615],[138.99879511010636,37.907256559342784],[138.98875399510086,37.90284353210336],[138.98644810639507,37.90073964012237],[138.97923258121875,37.89753113515383],[138.9717496111557,37.892795387097465],[138.968458444102,37.891733413666145],[138.95561224381004,37.883944468162724],[138.94511897486086,37.87916680180649],[138.94067233456065,37.878459198133555],[138.9382963041312,37.8759165593018],[138.92206260680393,37.86904062172738],[138.91764374836032,37.86520336024694],[138.8922936450358,37.853017667031736],[138.87901330691864,37.8456043332734],[138.86522269796922,37.83613074803566],[138.84184316483027,37.81664935958031],[138.83960258129412,37.813456892221836],[138.83534814500092,37.81050105358082],[138.8340292217713,37.807331053985024],[138.82135697824197,37.794279694052705],[138.81618749705535,37.78807472087175],[138.8155355506252,37.7817969457725],[138.8136563551567,37.77972502738817],[138.80991941574848,37.76981533301125],[138.8035091048614,37.75832897330355],[138.80119769072087,37.7553900805878],[138.79976491601815,37.74881372067671],[138.79691693936536,37.745023838179634],[138.79570241213662,37.736687505024406],[138.79347208806644,37.73101469397301],[138.7860870820533,37.720914586139315],[138.78482680901004,37.715166000010925],[138.7872354218773,37.71029572057108],[138.78255092078848,37.692298306121984],[138.7741686637529,37.666185774653854],[138.77188199715647,37.65763236044512],[138.76851610903122,37.65025480171778],[138.76455316459692,37.64642727899576],[138.76690180257617,37.64415391876838],[138.7599287553079,37.635055134986544],[138.75956092089984,37.62966917079564],[138.75674077826432,37.62622438694598],[138.75437802902286,37.61857866657226],[138.7501787814257,37.612147306153304],[138.74837002625577,37.60597144132902],[138.74465727591257,37.60109636040875],[138.74065649789907,37.598688802446304],[138.73277939005686,37.59128450507592],[138.73170289167513,37.58809535981305],[138.7319238002433,37.58736089159191],[138.72244635511527,37.57066774771846],[138.71463114131416,37.5602197209634],[138.70911150459233,37.55540944069321],[138.69952172514752,37.55097808077386],[138.69486919585677,37.54685919839335],[138.68716914384095,37.54401891903791],[138.68408771667487,37.541400891837725],[138.67649016938583,37.53812338728454],[138.6652750838781,37.52984702721858],[138.66274228273028,37.5256836940473],[138.65477138818903,37.51995538673174],[138.65487357995187,37.516314837559776],[138.64766182923006,37.508447919036314],[138.6476107261542,37.50627541417907],[138.64187152984732,37.50147544103885],[138.63852844403254,37.49722655895857],[138.63371674373275,37.495152666562376],[138.6316053046412,37.48873658562496],[138.62525669264232,37.484884360325],[138.61738693855648,37.484130748235486],[138.61809466903378,37.47512189216167],[138.61539099939512,37.46897941376898],[138.606397250133,37.45139200024067],[138.59589372171797,37.43492091876544],[138.59154849526692,37.42882299998149],[138.58784444856246,37.42083327903265],[138.58273372188387,37.41525127882352],[138.57801683530874,37.40741508114115],[138.5694431647703,37.396150171393344],[138.55901658864468,37.38338958566089],[138.55680230937912,37.38095474766351],[138.5544782228917,37.378575891564196],[138.551593139312,37.375631279160245],[138.5485919973229,37.37507610787611],[138.54392380004344,37.368689387105576],[138.5414500780587,37.3697267209115],[138.53471252906002,37.36685883776522],[138.5338010886494,37.36464902723088],[138.52679481233076,37.365657532369255],[138.5264615046948,37.363932504981165],[138.52112652397,37.36140638669542],[138.5151777559488,37.35679610755437],[138.50797725034988,37.35551244134615],[138.50750489043844,37.354064531952645],[138.50034700371134,37.351933666605476],[138.4957176652381,37.351515026797074],[138.48867111458037,37.35146435989236],[138.48901666738539,37.348739360133436],[138.48576302184608,37.346214359705016],[138.48098552456236,37.34544574782308],[138.47897581138466,37.34315991939479],[138.46460185539138,37.33564602704257],[138.46120158168776,37.336484080975595],[138.45689111493311,37.33219933303286],[138.44628822312302,37.32416377543791],[138.43670961056011,37.32461183836568],[138.4370465496586,37.32221766681192],[138.41194788598625,37.30098433336036],[138.40276338512217,37.29394827869015],[138.3934050578972,37.28592869395413],[138.3882555767335,37.28237161265986],[138.38191577179555,37.27571546759481],[138.37676844360885,37.27230577529133],[138.35534191959403,37.25470525234556],[138.3156250062891,37.224701305820645],[138.29383233499436,37.21009069413026],[138.28925839206124,37.20781297309031],[138.28535595311484,37.20410712594315],[138.2775766276593,37.21179923424734],[138.27165635465713,37.208069892311755],[138.27007635464008,37.20416830592262],[138.27579574607694,37.19832745025167],[138.2674095329237,37.19493633344507],[138.26493785959462,37.197782468286334],[138.25489430562777,37.1917993326731],[138.24961221762976,37.187665305709345],[138.2528150838491,37.18471835956467],[138.2493965242303,37.18251246827583],[138.2469157722452,37.18401472999585],[138.23511841798063,37.17586317064888],[138.22540464271015,37.17196727876694],[138.21625741874493,37.16927050512976],[138.20723267165056,37.16804577509248],[138.20535655006483,37.169677999640044],[138.19671946832887,37.17013297295841],[138.186722633243,37.16740989235268],[138.17721885866342,37.164145332641056],[138.16622591379496,37.161987135098286],[138.15163294410513,37.161130973315835],[138.14974756220033,37.16143805402305],[138.14780328099664,37.16323080215983],[138.1390562517447,37.164296505079676],[138.1365960312819,37.1635803866256],[138.13169019534632,37.164180107625896],[138.12754477307283,37.16796344125987],[138.12279946792114,37.17025866670417],[138.10636839188783,37.172534694320746],[138.1017889109296,37.17405735985932],[138.09563797711098,37.17265472143828],[138.09151472132737,37.170166639978504],[138.08293717291224,37.158008558648135],[138.0800835539129,37.15563633325024],[138.071547664793,37.15085994572996],[138.063219299631,37.14440077467606],[138.0599612186354,37.14336189223758],[138.0579378861246,37.13786910837268],[138.0529692478326,37.13451022506689],[138.0487161614218,37.12790910771918],[138.03826444924505,37.12202827898193],[138.03264192018855,37.12063050499387],[138.02750717261802,37.116669387082595],[138.01717852097204,37.11409661286842],[138.01361686122925,37.115721332573514],[138.00959379981407,37.11449438660674],[138.00508160792992,37.11523241434452],[138.00471158187406,37.11501872103719],[138.00081622598805,37.1128360268612],[138.00028630406973,37.11252913501164],[137.99829693895265,37.10985694614118],[137.99531367098916,37.11012036026648],[137.98862983130175,37.104326135342944],[137.9759613883075,37.09885138738167],[137.97340561577664,37.094600360418326],[137.96143841824846,37.08851597283393],[137.94924852070278,37.085884468393544],[137.94285866399616,37.08087033339922],[137.94034797717745,37.0753746672072],[137.92891503180329,37.070499053888284],[137.9190259399952,37.06429664017787],[137.91247910482684,37.0609085316035],[137.90376727593912,37.05784338666302],[137.88501019516445,37.05224910800996],[137.84607442309618,37.044470386898865],[137.840601607778,37.040400306229174],[137.83833252922295,37.042039891727654],[137.82924538266832,37.03967946813299],[137.8186235799144,37.03381672116478],[137.81390647210605,37.03006722542216],[137.8021835799084,37.027532720958334],[137.79030355366615,37.02342838691055],[137.78357299599702,37.0221756672733],[137.76729891101604,37.01754655902653],[137.75335966301805,37.012784225211874],[137.74165133624024,37.008304774945486],[137.72876632930274,37.0041919728813],[137.72654827468318,37.002277252393355],[137.7111627243803,36.99861669420511],[137.70043021957906,36.994450585725986],[137.68618655016917,36.99145419755325],[137.68004791188173,36.990608108177696],[137.67415041510958,36.98763727873745],[137.66804927405485,36.985882278744214],[137.65838727635173,36.98488341433813],[137.65218919557503,36.982598135395676],[137.65115613534738,36.98063813494201],[137.6349847466488,36.97979794601844],[137.63767386525672,36.976548720646974],[137.6515363938895,36.9690203869813],[137.65773888494164,36.95982900000837],[137.66620642019018,36.95369317120293],[137.6666233333002,36.95018680177952],[137.6722261348283,36.95098094631368],[137.67984282688496,36.94835566698049],[137.6874642277919,36.94320069365716],[137.698643385384,36.94226819831874],[137.70676313930744,36.94436927901904],[137.7111550837402,36.94423483756776],[137.71139839172247,36.940663198048185],[137.71380727618487,36.93788597285942],[137.71337364467797,36.935052360178304],[137.7204566673414,36.9266896400149],[137.7179313620428,36.92264046768349],[137.71712827465024,36.91184997279805],[137.71784046666426,36.90780386535613],[137.71257185500713,36.90408055877083],[137.71418099935374,36.899924171063674],[137.71298347560696,36.89375808097071],[137.71602483797597,36.88780033321888],[137.7187956680857,36.886175612614466],[137.724910921302,36.87790261331503],[137.7320658879305,36.87368733260439],[137.7340661609246,36.86903153157999],[137.73283199699915,36.86706180226042],[137.73406530477007,36.86106017118999],[137.73244224431414,36.858012946140605],[137.73516111519336,36.855190747654945],[137.73510972793167,36.85099327891675],[137.73287055812978,36.84503580186083],[137.73415666689675,36.84219635977422],[137.73264944181835,36.836137774638644],[137.73443858637177,36.831399468011114],[137.7300686123766,36.826764505177835],[137.73199080443214,36.82363977475586],[137.74487185525197,36.815218026690616],[137.7456271337852,36.812166639578834],[137.74925433162218,36.809693027311425],[137.75097374814004,36.800556891987014],[137.7542937483579,36.79658908132109],[137.75085652420933,36.791313278684925],[137.7496720487261,36.77971269428548],[137.75218927361618,36.77704797338532],[137.75784452720325,36.77449517131515],[137.76338674410306,36.768233468000176],[137.7624448121784,36.76615513475173],[137.76741839224508,36.7705245862407],[137.77573394296712,36.77364041427376],[137.78193557696534,36.77298150529231],[137.7914963550728,36.779197026621546],[137.79327552524535,36.78665674831035],[137.7994296633484,36.788385053727325],[137.81998263269236,36.79822166739609],[137.82288985668163,36.80242080167869],[137.8227812446588,36.805983865263215],[137.83097510991342,36.80801300019988],[137.83257258105982,36.81150689242918],[137.83104868974533,36.817812972790534],[137.84017975379265,36.827688224931705],[137.84374252869486,36.829680413920016],[137.8452225034158,36.83461872077737],[137.85136610865902,36.837837612915564],[137.85686444943485,36.843826198420345],[137.85592219195564,36.84950286486537],[137.86817763928673,36.86273038669805],[137.8733979510547,36.86357653183154],[137.87634464269115,36.86606791919917],[137.87524632855525,36.86896653217974],[137.87785053227628,36.873189333021344],[137.8735102458013,36.87459541404718],[137.86829664117715,36.87778541366595],[137.86625693920644,36.88326210776012],[137.86626114083901,36.88722017067437],[137.86166533089033,36.89077877542019],[137.8650153828537,36.89624241405619],[137.86860428036334,36.897422972991876],[137.87143406013388,36.90269577459037],[137.8626154727259,36.90695269391176],[137.86347021987478,36.9128941081766],[137.8681355249346,36.91589717111759],[137.87465027229234,36.91585274820579],[137.8786083010324,36.9127066399995],[137.88520917016717,36.910992197631856],[137.89326000004905,36.90995969408465],[137.900720051789,36.91158750475961],[137.90275783370714,36.91426610759487],[137.91097927397436,36.917863332826585],[137.91589596562642,36.91798944115982],[137.91974211420722,36.919869721210716],[137.92511795113262,36.91859305442597],[137.9321207263905,36.91427166720371],[137.93579185521003,36.91338638717207],[137.94737216619262,36.91302917105946],[137.95129771681627,36.90948969399426],[137.95321355426222,36.90500553217964],[137.95769494166825,36.902862468428225],[137.9623533066598,36.90211108126147],[137.9659730221373,36.904567747603494],[137.96957503176236,36.9108127478101],[137.97644561567267,36.90829163964753],[137.9808114401959,36.90848300009043],[137.99157094714155,36.91068800015114],[137.99461788620658,36.908071332725854],[138.0028559657303,36.90500908090439],[138.01363795123052,36.90406905374391],[138.0156990525693,36.9013998919915],[138.01557736710186,36.89321377529552],[138.0217423870016,36.89052210800895],[138.02570769125703,36.89225322470662],[138.0310621396061,36.89136125192027],[138.03284936410694,36.88619125182487],[138.0316234757429,36.878139054074154],[138.02641233526117,36.873534053953506],[138.02524147911106,36.87000294597925],[138.02232367100066,36.867751306177865],[138.02095975378973,36.86348769410188],[138.01659111528784,36.86040325240822],[138.01583386544064,36.85239466728012],[138.0188758105703,36.850437720924106],[138.02006518825795,36.84222105425829],[138.01420350159037,36.83870913511856],[138.00346147926393,36.82641361309783],[138.01104036292247,36.82342999979471],[138.01704007843693,36.81882638732799],[138.02190119288582,36.81944999971779],[138.02427063578125,36.816826108038526],[138.0288786899996,36.81711389199256],[138.03379727562378,36.80883333299198],[138.0387567192472,36.807706387140115],[138.04495783433663,36.809784170902844],[138.05184561598242,36.80745999987914],[138.05222444909907,36.79995972056469],[138.05691610879148,36.80080805374871],[138.06481671861673,36.80442774764248],[138.06816810607324,36.80383746772503],[138.0712733850587,36.80585469383908],[138.07523455333205,36.81049858604098],[138.07301680897865,36.81684689227029],[138.07752352758882,36.82232019771902],[138.0814477822894,36.829921559032755],[138.08594335919872,36.834137945909504],[138.09060894934362,36.83639489171094],[138.09333897541342,36.84019986483196],[138.09928732794788,36.84350846794149],[138.10634622629732,36.843784027411004],[138.1150526718434,36.85039233303979],[138.1185909986757,36.84855097294911],[138.12532625170525,36.848062080800446],[138.13183791169035,36.85067072087713],[138.1415078602996,36.84717158560022],[138.1477445273881,36.8492216126873],[138.15026949364233,36.84646772130833],[138.16281834029428,36.84429722463727],[138.16901775566498,36.84507253197182],[138.17219247670153,36.8474139456971],[138.17664632866524,36.848422279065005],[138.1778252526334,36.85180533344942],[138.18430383915097,36.852784532380326],[138.18908379967763,36.85248455901524],[138.1955943579933,36.8536723601913],[138.20338544658114,36.85713877543418],[138.20573933929916,36.8591179458366],[138.2064076911621,36.86298822502664],[138.21303435824905,36.8682960003602],[138.21690072628758,36.86651710807814],[138.22937041461296,36.86417600012237],[138.24237345037454,36.86402653189896],[138.24931399524473,36.86533430623331],[138.25487761331124,36.86994319772043],[138.25712980529636,36.86862402717719],[138.25802396883114,36.86398041376515],[138.26229866415213,36.861901801726844],[138.2683566926073,36.86045708132929],[138.27172444862447,36.85504513482516],[138.27053108873884,36.8442437752301],[138.27490163380344,36.84085433296116],[138.287612437564,36.8457065324306],[138.28874941625259,36.85102263998289],[138.29192581092752,36.8540865321678],[138.29561022003566,36.855089305926754],[138.29623525335433,36.85825291943672],[138.29239885882032,36.86201069433815],[138.2885669393129,36.86844235962724],[138.28928697791173,36.87136319755359],[138.29333194591266,36.87330705427718],[138.29299752311726,36.87812427911223],[138.2993680803727,36.88672122500458],[138.29528450087912,36.888487613112886],[138.29455535664442,36.89303983831792],[138.2902892741307,36.896811225357794],[138.2940387159141,36.90092508142743],[138.29484596626844,36.90760425183481],[138.29632569367584,36.910820080882104],[138.3090315295815,36.92032397327279],[138.31539289216835,36.92251119823328],[138.31756983068317,36.925185054446786],[138.32932147870338,36.92688172081483],[138.33759724971333,36.924885359871496],[138.34320444892626,36.92079674777176],[138.34896722365852,36.92900810843753],[138.35176666659845,36.92926005440802],[138.3577116727556,36.93384727942845],[138.35971364456907,36.93998005413624],[138.36452169901725,36.94427672079411],[138.36350644626555,36.946225306152996],[138.36484727608104,36.950500026654936],[138.3637839689551,36.95337308090302],[138.36819761312938,36.9572788923071],[138.36732542183086,36.959739441022464],[138.36951683493407,36.964010279151125],[138.3744457195943,36.96842553221262],[138.37604632937462,36.97229608119926],[138.3796146432013,36.97357191880906],[138.38227438365595,36.97642105378867],[138.37869555135865,36.98043717063899],[138.38419586344844,36.98308158574662],[138.3906625546333,36.98845405381161],[138.39040674427588,36.991391279184256],[138.39382985716225,36.99511902662181],[138.40042905265875,36.99785569418498],[138.41104099884308,36.998655107847014],[138.4118954986784,37.00203177524628],[138.4196883013741,37.00333008061875],[138.42255749663127,37.005302305556995],[138.43137891060826,37.00607727924307],[138.4393556678299,37.01006308084658],[138.44264992225612,37.01302361304937],[138.45094360596272,37.01499583798761],[138.4551320491048,37.01961466698333],[138.46800572008794,37.01782886520999],[138.4732635542697,37.018509413678544],[138.4814125550455,37.02155386521878],[138.482673644673,37.01982333308041],[138.4917231393115,37.020459865130704],[138.49743827515636,37.026445440604675],[138.50143464289454,37.02506669357308],[138.51279386544456,37.02779869365486],[138.51408749704046,37.02968622493938],[138.51985914358465,37.02782586487183],[138.52341141440536,37.030422332624596],[138.52590724981974,37.02983602681127],[138.52875632904147,37.02477141376977],[138.53651097260342,37.02092666723195],[138.54101072596427,37.02193153191473],[138.54850658870816,37.02118980166807],[138.55253747062784,37.023624081186426],[138.55850053157428,37.02321119793851],[138.56588885878386,37.02126055942733],[138.56980011738153,37.01546094576611],[138.5709876649488,37.005403748184506],[138.57323708162608,37.00453905363446],[138.57566411170944,36.99662438740563],[138.58123622567132,36.99289838735075],[138.58630191969792,36.98688736016362],[138.58816505777122,36.97693758570108],[138.58579697824803,36.972583892132945],[138.58702389093992,36.97048246789166],[138.58551350204652,36.95741033272071],[138.58655736672915,36.95403391893029],[138.58451752266558,36.93189055880231],[138.5831183664195,36.92955469389403],[138.58715863816064,36.92612550518794],[138.59200669265476,36.925412198014556],[138.58929111509292,36.915452333158726],[138.59618863819514,36.90711366716204],[138.6128670556701,36.90854897255707],[138.62101486394488,36.9040819734044],[138.6177373279154,36.89720913489373],[138.6178123349713,36.89188435967549],[138.62120069985247,36.88941655882718],[138.62342152977988,36.884664306412674],[138.62811182879796,36.883156225179675],[138.63554655023313,36.88342566656132],[138.63488822311308,36.88066733343072],[138.64091075172985,36.87857897274142],[138.64180630381793,36.8756453329658],[138.65097214015225,36.8744206128211],[138.6526168346992,36.87128141410602],[138.65735627806987,36.868046135420855],[138.66670544659917,36.86661472139235],[138.67649822281476,36.86725083795585],[138.68165766486936,36.86534830597958],[138.68845044123498,36.860627467783445],[138.6887884703117,36.85824386506238],[138.6932026333949,36.85481689228578],[138.69264236115612,36.84965994584985],[138.69013678338592,36.84613494607095],[138.69164900060093,36.84147325178918],[138.69001175064182,36.83235044082022],[138.68067199711504,36.82416097325034],[138.6802805842816,36.820146774654006],[138.68717975404252,36.81805150537275],[138.68997724995018,36.81289286461407],[138.69578807995595,36.80905617060586],[138.69545863760607,36.80700672088352],[138.68914968930676,36.79843922509019],[138.6894518938899,36.793571414289374],[138.68421102541856,36.78792417096378],[138.67171430617032,36.78358972108879],[138.66900260738453,36.77907525212123],[138.66954369618475,36.773660801904555],[138.67337980473428,36.77002161340681],[138.68001092076747,36.76643633297044],[138.68800011741155,36.76584772129536],[138.69152897528204,36.758575224966705],[138.6910900521642,36.75368546801002],[138.69194833994402,36.74611853184484],[138.69485861173564,36.74383797344376],[138.69593163423758,36.73851266672625],[138.705284721113,36.736576278872235],[138.7130741891226,36.73921822534089],[138.71577620041137,36.74575019831303],[138.71821674370779,36.74611353161424],[138.72187374777525,36.74969019834401],[138.72083097307097,36.75454797271084],[138.7213898828369,36.75923605400072],[138.72702744496064,36.76416883812141],[138.72946272362583,36.7623921707621],[138.73491302171863,36.762812441041376],[138.74057885942693,36.75934853220906],[138.74601444910763,36.75859435984188],[138.75332527903845,36.75498269419603],[138.76127805403905,36.74905686518224],[138.7703441888333,36.746164640086135],[138.77795727640728,36.74770186474933],[138.7823911930991,36.747251306202884],[138.78374508376862,36.745371027051306],[138.78941953338483,36.74487380178459],[138.792707613066,36.747937134591155],[138.79266267214462,36.752640468382936],[138.79534464294102,36.75813713462111],[138.80628669337625,36.76453269392874],[138.81036060965448,36.765085748208776],[138.81777033713138,36.76158574778407],[138.82110924829328,36.76385935982165],[138.82692350201808,36.77229133317854],[138.82505491585175,36.775774667367045],[138.82869605677763,36.78106686464412],[138.82970442342048,36.78589017069487],[138.82910167260422,36.795369838047634],[138.82678919636442,36.79974594631841],[138.82615197093673,36.80537146831864],[138.8230400261764,36.809100892092545],[138.82159228315743,36.813088108329566],[138.82174425419407,36.817626135038154],[138.82954369568506,36.81778944112983],[138.83636678280084,36.81543694595837],[138.83957011666757,36.817175559404575],[138.85094705586198,36.81203194631735],[138.8573117774166,36.812088054120466],[138.86457988325503,36.816302747573786],[138.87558350217694,36.81858883770474],[138.87953022014358,36.82497713498685],[138.8848963291024,36.826185467685264],[138.90259747089658,36.82711627859345],[138.91141610866657,36.82829961283693],[138.91253527898004,36.82930238659594],[138.92906724995373,36.832643775389954],[138.92979561627476,36.83750377467953],[138.92781313906517,36.83937572071301],[138.92404844388068,36.84723319815362],[138.91705038916416,36.848937640060115],[138.91604427981974,36.85070791863558],[138.91793988341897,36.856842892185796],[138.92211491587068,36.86103733290662],[138.9214882493833,36.865610945788546],[138.9171682749959,36.87037286501578],[138.91778941604878,36.87337730571812],[138.9220205581023,36.87875925173813],[138.92300613502516,36.883384802266846],[138.93053005212028,36.88696702680687],[138.93118591419864,36.89168341425824],[138.940398170839,36.895122586338346],[138.94685372212166,36.8944665048254],[138.94965761310846,36.89305844079445],[138.953717081778,36.895195107668144],[138.96704875499609,36.891048467712665],[138.97155403379168,36.887267639589936],[138.97499654955118,36.889927080570374],[138.97916849463036,36.891176252382195],[138.98011824885816,36.897589027411755],[138.97973469520014,36.904459305552564],[138.97765416310915,36.90907400036485],[138.97439639417826,36.91314844094785],[138.97669089476904,36.92079066655606],[138.97383228273372,36.92439066709568],[138.96680147920495,36.93079261338846],[138.96569988344288,36.94330094558222],[138.96380160795786,36.95276955936771],[138.96609664094728,36.957608170980336],[138.96533693864887,36.960935667047465],[138.96575891134478,36.967867054121314],[138.96774758758113,36.97341233321265],[138.96647955878473,36.97884038657463],[138.96984652429774,36.98141399985627],[138.98358377377224,36.97986372063423],[138.9904090534351,36.98026955859331],[139.00064516214456,36.979212892061355],[139.0069610514115,36.98349094635017],[139.01187383910644,36.98505177461976],[139.01549885878535,36.9882862250293],[139.0216585861749,36.98711594624399],[139.03032691305668,36.9837025856059],[139.03455525282277,36.98373619776737],[139.03871914357364,36.985964531637876],[139.04773111489908,36.98767036029892],[139.05053085641396,36.99311564017472],[139.05011727619137,36.99486730638114],[139.05463005173556,36.99851227931828],[139.0624334106734,37.001523386695],[139.06556066099574,37.004909225380516],[139.07178233458717,37.00643197275741],[139.0735409732374,37.00852974844918],[139.08050430602896,37.00864030570557],[139.08141795067797,37.011477252173506],[139.08631627817374,37.01449083808177],[139.09119491591275,37.019969441436615],[139.08883581072416,37.02892889235454],[139.091487224356,37.03986246757887],[139.09040557735557,37.044917197970335],[139.09127616066633,37.04783191870814],[139.097016199638,37.058626332839026],[139.10530036312127,37.056038531852835],[139.11130535675693,37.055213802275205],[139.1153894938301,37.0475190814405],[139.1229492480095,37.04714408123442],[139.12501533069303,37.044829639975944],[139.12445561603397,37.04095963957576],[139.12905364461005,37.03401464036341],[139.1319061088799,37.02572772135733],[139.13940389077698,37.02318964028973],[139.14533360576138,37.01893825179894],[139.14957827541718,37.01022161333685],[139.16206577211778,37.00408910842566],[139.1709955247237,37.001979108249316],[139.17407883327155,36.995763279351934],[139.17944661496938,36.99075799998178],[139.17718849465336,36.9853593868263],[139.17523289188455,36.97360386542613],[139.17646177678967,36.969559134846236],[139.18310647168641,36.961484694163346],[139.18648674356848,36.95991608136211],[139.19351927379546,36.961047198269625],[139.19842900109757,36.95767274769918],[139.2019073278609,36.958403026878216],[139.2054481709963,36.955940532029956],[139.21453739318622,36.95782135976799],[139.2186610248865,36.96070913501865],[139.2240821399788,36.96189580214963],[139.22871466924664,36.96119774837746],[139.2314529699786,36.95539250496017],[139.23537797741176,36.951522224870814],[139.23779075234143,36.94634527931123],[139.231895966126,36.940527225051426],[139.23591155597364,36.94234027898074],[139.24041710816311,36.941251414021565],[139.2433954730227,36.94461502686204],[139.24181717272438,36.949074720821784],[139.2462419199287,36.95553417066549],[139.2499191704335,36.955901387239294],[139.2511625290275,36.962031667227734],[139.248066719004,36.97141497312259],[139.25269313917704,36.97354719824466],[139.2521484440955,36.9765688645615],[139.24717900091025,36.98020302674831],[139.2484464982074,36.98237497312658],[139.25319736656525,36.98368997261417],[139.25566544710273,36.98874858627829],[139.25378683529425,36.99033189220313],[139.25102966318843,37.00461880191625],[139.24662021974746,37.009274639812816],[139.24336664075793,37.01513464025152],[139.24851197065095,37.02394905390577],[139.2485406095616,37.03090072069176],[139.253201479165,37.03430877532975],[139.2546215050785,37.040251251693974],[139.25955542234487,37.04329764037385],[139.25988128359438,37.0481570811844],[139.25778406008635,37.04858986463063],[139.25661933911124,37.052999279293374],[139.25734269800716,37.0559353868087],[139.25494992220126,37.05760955933374],[139.2545490790768,37.062311775268256],[139.25279824923985,37.06316425162896],[139.2470227239196,37.07079369427362],[139.24659243789074,37.073948134698696],[139.24873333337666,37.08137283768639],[139.242565836744,37.08490227921686],[139.23864610923067,37.09050669412869],[139.24087586313067,37.09373780175821],[139.2357394940824,37.10245972103934],[139.23537316513955,37.11394361300739],[139.2374648641122,37.11952830578673],[139.24330075192825,37.127163026552466],[139.2456716993895,37.14486077520468],[139.2498392476832,37.15158213460785],[139.24988538290415,37.15642102680897],[139.25253038886638,37.1580707476669],[139.25298566795425,37.1612540806114],[139.2511598310614,37.16591794585656],[139.24641927433015,37.16627710810212],[139.24734817058163,37.16967155869554],[139.24321620036744,37.170379612928855],[139.24300732832558,37.17348377495631],[139.24458121924795,37.181140413998946],[139.2408676127502,37.18417846776214],[139.24040844409444,37.18753955890355],[139.2356486904348,37.18849289243309],[139.22843868979373,37.19708983832544],[139.22603561585106,37.19787510834965],[139.22624092118167,37.203531468102824],[139.2217775615852,37.204478413747836],[139.2205831126206,37.20920397338472],[139.21784839208965,37.20949453174728],[139.21431975365374,37.20355925175812],[139.2130930612958,37.199640080925064],[139.20526632897793,37.19421674810451],[139.19672130994059,37.19401425225601],[139.19669379967922,37.19945202728928],[139.19479466893893,37.203962559024944],[139.18963658935718,37.20882199983549],[139.18712907894394,37.209713945642136],[139.18306019527188,37.21739172055152],[139.17831658893954,37.22001336032838],[139.17254464292103,37.22494753210299],[139.17075464311233,37.2286078016088],[139.16590408580498,37.232165586172925],[139.16475691330095,37.23942780235126],[139.16976114136367,37.24738589234511],[139.1702336451666,37.250180333255855],[139.1732358879259,37.25260617083819],[139.1746897796097,37.25634894594714],[139.1779117510265,37.256795333437935],[139.17908230860178,37.25977561295423],[139.18356510974206,37.26379727862155],[139.19177489029903,37.269336721112836],[139.19296377425883,37.27330394632014],[139.19757824873727,37.27539146794197],[139.2054105055904,37.28361313483833],[139.21228997390324,37.2862089730657],[139.214675279041,37.292121748420016],[139.21525418882982,37.30026591893704],[139.21770697819454,37.305245919263825],[139.215691166714,37.30864258578674],[139.2221131391101,37.315010080850584],[139.22422092065904,37.3214342790688],[139.22109286634281,37.323675666598774],[139.21786985710833,37.334029838306435],[139.22186819705973,37.335716774909315],[139.22496933916375,37.34052955889206],[139.22814905323628,37.34327566663876],[139.23362182898427,37.34360650473644],[139.2348449681208,37.35076563972257],[139.23355367116505,37.35701397281662],[139.23758686074507,37.36812810762609],[139.23803191993727,37.3729483595792],[139.2349744749921,37.3787683599719],[139.2314614137133,37.3802322521168],[139.23166511015677,37.38737527934569],[139.22731983064568,37.38865500022814],[139.22616233482393,37.39108527866273],[139.2219370824305,37.39333389224538],[139.2153006612965,37.391264440701434],[139.21252814495801,37.39186250515053],[139.2077120883423,37.39621833280984],[139.20760405997942,37.40060277509804],[139.2019541123924,37.40866191921225],[139.1972463287551,37.410766640368195],[139.19868858590962,37.41302746764359],[139.20837138762954,37.41707497263195],[139.20673477259174,37.42412605407418],[139.20753175088964,37.42890883757286],[139.2136229175636,37.43660910812389],[139.21303294431505,37.438653278825825],[139.2187146694465,37.44528269424097],[139.22178163371552,37.44578991906957],[139.22299885891027,37.44861630569801],[139.2374694677418,37.445147667331014],[139.2512196107965,37.45244013490435],[139.2563315821369,37.45092177531973],[139.25891603134983,37.44706427909324],[139.26991697838594,37.45021925191702],[139.27339172494817,37.450379252100845],[139.27722007774446,37.4528256131116],[139.28202871585268,37.449831171071764],[139.28651155566388,37.45224474819662],[139.29850944165742,37.45564830622442],[139.30042975412994,37.457481918655674],[139.30712455295577,37.458600775105765],[139.31048233459217,37.45564966689864],[139.3152209991498,37.45921574770864],[139.32647111505003,37.462386251824114],[139.3275358368095,37.45996458619675],[139.33514255538466,37.457788720573035],[139.34152875544783,37.4599359194072],[139.34582961114768,37.46027119835719],[139.3512535537086,37.46555586471146],[139.36255031114797,37.46996802680303],[139.36625756213687,37.4685238648845],[139.36853588842052,37.46540666718397],[139.37961014279392,37.4631088921617],[139.38552267173395,37.46361358629804],[139.39223379955024,37.46055083805078],[139.39751269765293,37.45983917124079],[139.40636219206158,37.46620605386636],[139.40469581126274,37.46803633341011],[139.4045985855563,37.473400468357],[139.40578691283588,37.47757183787007],[139.40801914436804,37.479156559327805],[139.40985082955217,37.48388597255962],[139.40696693937286,37.48667510836958],[139.40863583737405,37.48914646783527],[139.40789082999788,37.492461440842874],[139.41403224359328,37.49680089184773],[139.41065503210416,37.50202027911263],[139.41155114087246,37.50555000033228],[139.4142164202517,37.508297467853936],[139.42343228317338,37.51144413543852],[139.42799338468706,37.511431386649235],[139.42842922223087,37.51424969376842],[139.43382286573274,37.514563026562485],[139.43895119304318,37.51318944074018],[139.45064678272286,37.51735835960068],[139.4571987548187,37.51786755934046],[139.457948196752,37.515794225423235],[139.46360486407332,37.51290122511148],[139.46609795115955,37.50832958624147],[139.471777665407,37.50638322490596],[139.4757976646306,37.50258269443583],[139.48375800292956,37.50692410776139],[139.4859863287062,37.510309639778086],[139.49673722374393,37.512570252115495],[139.50235836604577,37.511773027403365],[139.50570447538132,37.509558053861156],[139.50836422842644,37.51074583795014],[139.51378783374162,37.50862446764512],[139.51657425359895,37.50985977460897],[139.52009538269579,37.51383725208757],[139.52326569435638,37.514529224644036],[139.5279587812728,37.51241810840901],[139.53164433162067,37.51285758640853],[139.53915717266545,37.511157865043515],[139.5428463553751,37.51202508129251],[139.54501358031257,37.50936761342467],[139.548814695342,37.50901705409382],[139.5552347207058,37.506070413718646],[139.55593972803604,37.504290414371155],[139.56177752331416,37.503870413888535],[139.56703199672938,37.50234572127806],[139.57841377427633,37.50968736018359],[139.5851057717141,37.51289705405583],[139.58695917012972,37.520226505349],[139.59058450097405,37.52794063984868],[139.58551530498744,37.52776674783718],[139.57853247669254,37.53015810811024],[139.57656277615126,37.53457033315442],[139.5701991436756,37.53906391896476],[139.57062778214652,37.54399864022514],[139.56573722389385,37.54611002715609],[139.57022474737425,37.55053110782444],[139.56871756186604,37.553552505244],[139.56759063579932,37.562749720723104],[139.57183208768072,37.568269693791365],[139.57039182881988,37.57290441380769],[139.5716451617949,37.574494693975],[139.57040296962145,37.57951246762633],[139.56826185470095,37.579852468017066],[139.56723574623277,37.58413691918355],[139.5641535537436,37.58883108078982],[139.56570552459038,37.59280997290199],[139.56235000025242,37.60010972138656],[139.55768719800585,37.60250805410345],[139.55436664110766,37.60239555880804],[139.5485077819087,37.609865000369496],[139.5481038909818,37.61364725211905],[139.55137671906039,37.61591808075485],[139.55214953257496,37.61875391925804],[139.54788756176163,37.62176030609328],[139.54603953319793,37.62889086512138],[139.54772814523778,37.63399835963662],[139.55169094667986,37.636822532134204],[139.55500486388348,37.641472531632076],[139.55259705590947,37.6424916937367],[139.54932121869933,37.64909335967087],[139.55884347614563,37.651463918624984],[139.5630576650792,37.6538136402873],[139.5684932556593,37.65313391919506],[139.57999328056553,37.66087086499846],[139.5848049421944,37.66231972137808],[139.58865968919338,37.66724777506482],[139.59383108863392,37.66507583767981],[139.60092330686518,37.668830559382855],[139.60085472096864,37.67078694636052],[139.60531500578293,37.67477138728975],[139.60683944208665,37.6809063869203],[139.60941167311034,37.68427110772552],[139.61783364510666,37.688826135217994],[139.62416808019282,37.689218054369746],[139.62727756171012,37.68836472095518],[139.62831783360116,37.691946135206024],[139.62424197119003,37.69519002669841],[139.62171919568436,37.69982113503738],[139.6233789107082,37.702438081252524],[139.62448756165168,37.70834946805354],[139.6266450577233,37.7114019730227],[139.6327647733757,37.71653863974649],[139.63527481178323,37.71985838725482],[139.640337588409,37.72295727925507],[139.64294761344172,37.72760810792789],[139.64961260693633,37.729061999611645],[139.65007933889046,37.73309002708311],[139.6523605322128,37.73794308090851],[139.6572319708788,37.74085030579704],[139.65910097343124,37.75041472076282],[139.65788766478397,37.7550074676206],[139.6665010889542,37.756999135002104],[139.6687064460457,37.76326494642018],[139.67769046734122,37.77008797328142],[139.68018972827338,37.77504436010918],[139.68921680910853,37.781140170882225],[139.6965596890784,37.7851220811192],[139.70052144011242,37.790313720701704],[139.70315814533217,37.79202455858655],[139.70494846979614,37.79583899977007],[139.71353997389076,37.79899230615007],[139.72162124492456,37.809422838393346],[139.72903827489654,37.81343697313787],[139.73883866387325,37.815638332742935],[139.74150538306708,37.81771277462491],[139.73804844398057,37.823170838363524],[139.73597817135555,37.82791941434954],[139.73253233529908,37.83050358567198],[139.73054119312167,37.83028138657676],[139.72893647164096,37.83128027886181],[139.7275475883506,37.83324525166711],[139.7271609212396,37.83487997273261],[139.72377924821376,37.83684191931917],[139.72055561574916,37.839568027042844],[139.71948564194884,37.841403585607054],[139.718846472187,37.84194997321276],[139.71905425425052,37.84238525227761],[139.71856481171676,37.844926918942235],[139.71619175084868,37.84640691884431],[139.71491591413815,37.84988886537889],[139.71496983119278,37.85259689223284],[139.7106898046908,37.854393838404974],[139.69775130967525,37.8476925051051],[139.6925487550211,37.84839583789767],[139.68935622560934,37.846706386790345],[139.68082919571088,37.84695086479064],[139.67900335881802,37.851529720720066],[139.66905247729005,37.85666197267193],[139.65713102467714,37.86353777534811],[139.6567021919526,37.87174027859106],[139.65148741910912,37.87398444142889],[139.65044518759544,37.87587944068372],[139.63845763930863,37.880022774731344],[139.6379534757724,37.88377525172655],[139.6318398566242,37.88927358620708],[139.6293170820178,37.89365746821761],[139.63197405975507,37.89896717079836],[139.626344357706,37.90917046774297],[139.62861328067845,37.91244408092962],[139.62510992218517,37.917537694409134],[139.62704552493108,37.9243379459395],[139.63030221827285,37.92606794567922],[139.63178613472235,37.930304864977586],[139.63938564163414,37.93471653244205],[139.64299625237516,37.94683425219904],[139.64010097318146,37.95233897276546],[139.64204489015958,37.95518227923884],[139.6422960051566,37.95931310821345],[139.6452468606542,37.9626270002359],[139.64291547257108,37.967112531718044],[139.63860654995233,37.96865419813281],[139.64077213992243,37.97488641357717],[139.64425577178645,37.97977583778476],[139.6393401952938,37.98436694607773],[139.64007435774545,37.98711774828553],[139.64496997378535,37.99188774792128],[139.6435130217086,37.994548865238016],[139.6503519710667,37.99641272097034],[139.6542939433109,37.996507441165534],[139.65526814470923,38.000833837611594],[139.65262644555412,38.00296189167801],[139.65301258116574,38.00934464014307],[139.65440817070055,38.01474405369515],[139.65239066130005,38.020564612566886],[139.65341678325797,38.02514097287764],[139.6567648899877,38.0285176402769],[139.65635572004055,38.03308594625946],[139.65755936367373,38.037398720674446],[139.66267383872673,38.04001483771464],[139.67483228338324,38.04058453215049],[139.6801490006759,38.04326508111865],[139.68205263342236,38.04952644089258],[139.69027438395574,38.052431171061755],[139.69272552486314,38.0570286402596],[139.68655046673075,38.065980305746564],[139.69156552532877,38.071192225041216],[139.69097357986686,38.07374389216693],[139.6864657721777,38.07688610810743],[139.68180905294548,38.07538222490979],[139.67922488971692,38.07665583759689],[139.67234396899903,38.07693277482775],[139.67326260668403,38.08691746816669],[139.67478708165856,38.09157689166028],[139.6826705063388,38.108074081353834],[139.686353061045,38.111042107607204],[139.6921466933153,38.11300100009612],[139.69389282689247,38.115885440660634],[139.69055308655572,38.11927208064208],[139.68836863780245,38.134655108346635],[139.69156671872918,38.1452350809343],[139.69052116691842,38.15528422508697],[139.68472697796767,38.159420891560956],[139.68552946821046,38.16649391915911],[139.68245555128271,38.169609468402314],[139.68750977985258,38.17806389243475],[139.6878983921971,38.182385838135986],[139.69234510983904,38.18249358591032],[139.6963720878017,38.186586081282655],[139.6983643316487,38.19131077487242],[139.6983673929409,38.19505910779162],[139.70260549934437,38.19947769374062],[139.6986362776422,38.202945748447576],[139.70887610864554,38.204312135196915],[139.7132239170502,38.206644359649545],[139.71839119309914,38.204502134965594],[139.72364958486048,38.204934892331494],[139.72478902679222,38.20281989192455],[139.7313765886587,38.20083322477353],[139.7386519457308,38.20210017078631],[139.74308335871012,38.20010433324842],[139.74690394316247,38.19636794602394],[139.7535298314366,38.19354266736025],[139.75824488969,38.19303600011136],[139.7637413355942,38.19895791887291],[139.77007666730447,38.19722541362199],[139.77605894856174,38.198151504888074],[139.78117119329602,38.19424094596292],[139.78648041473946,38.19417233308678],[139.79049741922063,38.19800341442607],[139.7941110507844,38.19873786466076],[139.8001941631302,38.20238089236432],[139.80229642014376,38.2065664405888],[139.80688616056796,38.20704780181467],[139.8109537222366,38.211515837885656],[139.81928102529912,38.212792775366324],[139.83113530485048,38.21996661336857],[139.8366136959654,38.22130186468934],[139.83862483816586,38.223548251550596],[139.8469751881545,38.22455794559278],[139.8601853305886,38.231066225026325],[139.8638545528454,38.23489369378899],[139.8639184442809,38.238862026961044],[139.86857655026768,38.247985586165896],[139.87569494236777,38.25212777537661],[139.87514771659391,38.25416361296044],[139.87659830057123,38.26178941425013],[139.88416394261196,38.265017440802296],[139.88868538312397,38.269419359615824],[139.89535961085744,38.27226710784083],[139.89990466936501,38.27580569367785],[139.8980249163169,38.278035134613845],[139.89982438418804,38.28744425195072],[139.89888800287906,38.293152305634464],[139.88852345029704,38.300958973178126],[139.8793255774135,38.30342927863836],[139.87503360611606,38.316649251561785],[139.86687963658608,38.32162591900101],[139.8653201689907,38.325772585936136],[139.8568934108023,38.33227897319608],[139.85209228293263,38.333705666683215],[139.8477299999396,38.336579837889246],[139.8483783400884,38.342798693904626],[139.83872352796845,38.3427856672248],[139.83688099875917,38.34393066696674],[139.82723561603098,38.345002639959944],[139.82545116683798,38.350340386999335],[139.81997360579737,38.351902612815366],[139.8164913364061,38.35601233290288],[139.80357233509528,38.35506683786434],[139.79815700444226,38.351573801789584],[139.78964330699307,38.3487105321654],[139.78856442271,38.351132467589366],[139.78393963660506,38.35296941380744],[139.77501622601812,38.35396861276132],[139.77072172492774,38.35290558622387],[139.76162858619034,38.361061413753305],[139.75228321729674,38.35896953221817],[139.74621788634647,38.36192650490432],[139.74380647209102,38.36464455919912],[139.73287833956374,38.37141708103354],[139.72894494235527,38.37683846772114],[139.73111885914807,38.381447333127994],[139.72623547298872,38.38735344090861],[139.72580547294433,38.39163650532049],[139.72206321674412,38.394024558786384],[139.71232674438386,38.38693741363079],[139.70952810633707,38.387487694401614],[139.70480138837343,38.39356133328897],[139.70338917037395,38.40021825177098],[139.70588527918233,38.40757846797197],[139.71204338509426,38.41270091911218],[139.7136700518315,38.416873107907634],[139.71704092130153,38.42098864031357],[139.7185551098305,38.42921886515853],[139.71650868992413,38.43213191855324],[139.71845452695493,38.44527183832474],[139.71782758797292,38.447710720573355],[139.72013286603897,38.45069208107475],[139.71514725034535,38.45943844123116],[139.71596530515478,38.46720702698275],[139.7120374972328,38.47172869412401],[139.7122702462749,38.47920700030289],[139.71604639432576,38.479025865151584],[139.72575758764265,38.48656386473061],[139.7246800523426,38.49016550473431],[139.72083224361324,38.49215802737109],[139.7207219714419,38.4963455046414],[139.7174391698818,38.498138559447],[139.71024355389693,38.49945941442047],[139.7025281972186,38.49916277484226],[139.70162263297823,38.50159999964035],[139.69590591432654,38.50387944108337],[139.6929114399111,38.50682972101487],[139.68288219235933,38.504958918919044],[139.67480713384225,38.50645200035956],[139.6671143060804,38.50649810770159],[139.66202703012345,38.5084561979952],[139.65306364467153,38.506967864975024],[139.647357755656,38.510589531981395],[139.64052050601663,38.510832053956165],[139.63601905293706,38.51307761344117],[139.6368873933386,38.515730386847906],[139.63268208790805,38.518504531858696],[139.63139208777466,38.52178036007558],[139.62685121920845,38.52213174768207],[139.6216761613258,38.52539674806155],[139.61389277633066,38.52625177489955],[139.6115752791759,38.52409261328353],[139.60797302223727,38.524923441163935],[139.59944603100962,38.52221902688666],[139.59547374801514,38.526820972909604],[139.5828294940859,38.5325337480341],[139.57713944213162,38.539620386871434],[139.57176108890314,38.53851374771136],[139.56508658867517,38.54256041363226],[139.5607265503901,38.54286708065132],[139.55659625201554,38.54524374780078],[139.55134177680168,38.55197125227153],[139.54781080372572,38.552947729853884]]],[[[139.06928632920085,37.95112819840767],[139.06943151755058,37.95207128775979],[139.0693937999839,37.952058368998564],[139.06929189420566,37.951395216116396],[139.06928632920085,37.95112819840767]]],[[[139.06994795143692,37.95364786495708],[139.06990749723332,37.95365697329072],[139.0697265887112,37.95312725192122],[139.06976977955173,37.95311919759297],[139.06994795143692,37.95364786495708]]],[[[139.0704558372671,37.9552707662329],[139.07046077814243,37.955400855864866],[139.07061395606934,37.955882099279506],[139.07005045436506,37.95452799097404],[139.06975398206066,37.953677009286594],[139.06981098558856,37.95366368493114],[139.0699802200112,37.95419774822756],[139.0703940727284,37.955230658268306],[139.0704558372671,37.9552707662329]]],[[[139.06880224392853,37.959420838001336],[139.06865239888918,37.960616847289714],[139.06856300897573,37.9605994678912],[139.06871840463077,37.95941622537856],[139.06880224392853,37.959420838001336]]],[[[139.07581085578647,37.97400426138762],[139.0754393125743,37.97426644074369],[139.0733813363796,37.97232009919327],[139.06839249032123,37.961188279215776],[139.06856077775774,37.961138197769685],[139.07114451380835,37.96663357707797],[139.07361911802798,37.97218911743386],[139.07581085578647,37.97400426138762]]],[[[138.78584014260855,37.70767766729057],[138.78588263287725,37.70782377474745],[138.78567735362708,37.707784333180484],[138.78584014260855,37.70767766729057]]],[[[138.7871576386142,37.71026766711918],[138.7870723613005,37.71040794606989],[138.78692374833236,37.71041933328564],[138.78688846972716,37.71026766711918],[138.7871576386142,37.71026766711918]]],[[[138.78450791211048,37.716049892388696],[138.7845009729416,37.71619072082518],[138.78437347605518,37.71618489231895],[138.78440875466038,37.71603877496955],[138.78450791211048,37.716049892388696]]],[[[138.7857965236907,37.720576801678135],[138.78560569384774,37.720661251615525],[138.78564097335232,37.72052069387496],[138.7857965236907,37.720576801678135]]],[[[138.78543569410203,37.720650135095696],[138.7853859660895,37.72080208095133],[138.78527985687992,37.72072874843303],[138.78543569410203,37.720650135095696]]],[[[138.7879996108934,37.724534864592385],[138.7878084950661,37.724878467667224],[138.78757461737473,37.724732081420484],[138.7879996108934,37.724534864592385]]],[[[138.78827571984868,37.72604958641932],[138.78837488988927,37.7262468023481],[138.78827571984868,37.72633125228549],[138.7880990534286,37.726134027363514],[138.78827571984868,37.72604958641932]]],[[[138.7877660047974,37.726522639708094],[138.78753238701006,37.7267418017928],[138.78744016872884,37.72665735994923],[138.7877660047974,37.726522639708094]]],[[[138.8155991695661,37.78598027896675],[138.81543610898927,37.78592417116363],[138.8156277823963,37.785558053561374],[138.81592555062377,37.78581722468522],[138.8155991695661,37.78598027896675]]],[[[138.72713143986414,37.58040799992932],[138.72725144000196,37.58052605393431],[138.72707477268273,37.58054299985963],[138.72713143986414,37.58040799992932]]],[[[138.72752005220866,37.581010505230665],[138.72759783367314,37.58109494617486],[138.7274847727042,37.58114577495758],[138.7274070038302,37.58105550460789],[138.72752005220866,37.581010505230665]]],[[[138.7279017253844,37.58152855879598],[138.72798644601778,37.581680504651615],[138.72783116727464,37.581658000016716],[138.7279017253844,37.58152855879598]]],[[[138.72832561633425,37.582142441420615],[138.72846005238955,37.58232244072809],[138.72838228261628,37.582474386583726],[138.72821977961917,37.582193000406676],[138.72832561633425,37.582142441420615]]],[[[138.72893313895327,37.583561053599794],[138.72900396865828,37.58367355878778],[138.72890508370267,37.58371300035475],[138.72881341130994,37.58359494634976],[138.72893313895327,37.583561053599794]]],[[[138.729095914445,37.58415244058273],[138.72921591368356,37.58430438733768],[138.72903953324794,37.58429855883145],[138.729095914445,37.58415244058273]]],[[[138.7307395846642,37.58874953206532],[138.73072408574808,37.58875505390267],[138.73035396886064,37.588103585911824],[138.73036944169644,37.5880980541819],[138.7307395846642,37.58874953206532]]],[[[138.73093530502035,37.59077658597073],[138.73091830063913,37.590777505077824],[138.73079425355206,37.589292693802804],[138.7308112453428,37.58929174771606],[138.73093530502035,37.59077658597073]]],[[[138.75984972828235,37.64086272113775],[138.75932747128581,37.64262636001854],[138.75671983125528,37.64808994559456],[138.75659491632234,37.648052441167295],[138.7592120882673,37.642614080675344],[138.75984972828235,37.64086272113775]]],[[[138.75664105064402,37.65105102728313],[138.75650586275538,37.65108900025723],[138.7551474188184,37.64802099996922],[138.75524705560724,37.647992666828145],[138.75664105064402,37.65105102728313]]],[[[138.4357893001362,37.32188377461654],[138.4357234113064,37.32192372070318],[138.43508686126972,37.32122572089037],[138.43515311342549,37.3211853332366],[138.4357893001362,37.32188377461654]]],[[[138.4474879511081,37.32799683798373],[138.44731600522948,37.32831099995275],[138.44710155559233,37.32815017059397],[138.4471473931377,37.32797544131364],[138.4474879511081,37.32799683798373]]],[[[138.45000000039977,37.3284953330932],[138.4506185603983,37.32879419759422],[138.4505828923866,37.328855026838085],[138.45000000039977,37.3284953330932]]],[[[138.45247666676482,37.32963097269129],[138.45244477320773,37.32969325164231],[138.45108505762937,37.32911880159145],[138.45111693859587,37.32905653163368],[138.45247666676482,37.32963097269129]]],[[[138.46007741923756,37.33690738736607],[138.46005658914032,37.3366815586071],[138.46035213963955,37.33676127900986],[138.46007741923756,37.33690738736607]]],[[[138.4659875227061,37.33700938667391],[138.4653300778209,37.33685433276128],[138.4653569783419,37.3367905051777],[138.4659875227061,37.33700938667391]]],[[[138.4586160568856,37.33741572105873],[138.45838299577872,37.33740572059759],[138.45859522678836,37.33713322511829],[138.4586160568856,37.33741572105873]]],[[[138.4666666673329,37.337876441044955],[138.46518075169035,37.337290504852945],[138.4652141372227,37.3372287753877],[138.4666666673329,37.337876441044955]]],[[[138.46800810598938,37.338913360263405],[138.46771319131085,37.338809359964046],[138.46792216587528,37.338686467606465],[138.46800810598938,37.338913360263405]]],[[[138.46901966342682,37.338987973416295],[138.46883661541756,37.339145747778105],[138.46882243760547,37.33894297313975],[138.46901966342682,37.338987973416295]]],[[[138.46904800286313,37.33957908071005],[138.46899883332958,37.33978741405798],[138.46887883319164,37.33970853182336],[138.46889272412,37.3395904679258],[138.46904800286313,37.33957908071005]]],[[[138.46996438414908,37.33995630583888],[138.46994355405184,37.34010825169452],[138.46966133600188,37.34006853223701],[138.46977411188584,37.33989991924591],[138.46996438414908,37.33995630583888]]],[[[138.47121966325687,37.340794919150255],[138.4710152266714,37.340513532073885],[138.47148050622047,37.34026574816579],[138.47153021984388,37.34048546783015],[138.47121966325687,37.340794919150255]]],[[[138.47179800287563,37.340840198216654],[138.4721432813874,37.34094158598543],[138.47194605736468,37.341026026929626],[138.47179105111616,37.3410035321873],[138.47179800287563,37.340840198216654]]],[[[138.479109688961,37.34479797334785],[138.47879247739104,37.34497269363493],[138.47867274974772,37.3444154682993],[138.47913802929668,37.344454640069614],[138.479109688961,37.34479797334785]]],[[[138.4874655508945,37.35177963971864],[138.48738778202062,37.35145297267661],[138.4877544491086,37.35154880173587],[138.4874655508945,37.35177963971864]]],[[[138.49525763862914,37.35188536042108],[138.49474444859754,37.351848972951814],[138.4951493899324,37.351602171103366],[138.49525763862914,37.35188536042108]]],[[[138.49369167343207,37.35166130602448],[138.49379693907758,37.351824639995186],[138.49367027226526,37.351892135014054],[138.49363500625066,37.35168936037576],[138.49369167343207,37.35166130602448]]],[[[138.4866616729979,37.35205853207566],[138.48633693859892,37.351729080732525],[138.4867674971224,37.351683801666184],[138.4866616729979,37.35205853207566]]],[[[138.48833250274288,37.352415748188264],[138.48843693921344,37.35254991894368],[138.4882727760678,37.35264935968024],[138.4882497282424,37.35245046831449],[138.48833250274288,37.352415748188264]]],[[[138.49015916970995,37.35268602683874],[138.49024693904505,37.35283269367392],[138.49003916957213,37.35282686516774],[138.49015916970995,37.35268602683874]]],[[[138.49696350236377,37.35269322501239],[138.49710325611045,37.35281710842287],[138.49704114083602,37.3529710543707],[138.49687477255281,37.35288080200746],[138.49696350236377,37.35269322501239]]],[[[138.48896722355857,37.352866027045536],[138.48863583687444,37.352792973317094],[138.48876277618126,37.35257880157047],[138.48896722355857,37.352866027045536]]],[[[138.4977386379279,37.35299574795545],[138.49765418888978,37.35313102667561],[138.49748547337595,37.35308077525764],[138.49745669327183,37.35297880203012],[138.4977386379279,37.35299574795545]]],[[[138.48790250269838,37.35338408061091],[138.48755693910152,37.35338408061091],[138.48757083002988,37.35326574781607],[138.4878669390081,37.35325464028949],[138.48790250269838,37.35338408061091]]],[[[138.4956673931357,37.353351892076205],[138.49530144010942,37.35297494573723],[138.49561197061598,37.352886504608534],[138.4956673931357,37.353351892076205]]],[[[138.49602669297758,37.353250197638545],[138.49611224368516,37.35341519805303],[138.4960014139342,37.35345519809897],[138.49589058418314,37.35324019807672],[138.49602669297758,37.353250197638545]]],[[[138.5021161221614,37.353656324279996],[138.5020434236651,37.35388974781364],[138.50182210140895,37.3538136669672],[138.5021161221614,37.353656324279996]]],[[[138.49530613457057,37.353947414141885],[138.49541919643877,37.35408853216006],[138.49526391679638,37.35410463991724],[138.4951580800814,37.353997973128],[138.49530613457057,37.353947414141885]]],[[[138.5020611933694,37.35459156794656],[138.50234714720318,37.354813386628564],[138.50220498057547,37.35487013474898],[138.50190125793677,37.35471280195429],[138.5020611933694,37.35459156794656]]],[[[138.50201153010812,37.35492363991409],[138.50214141379524,37.355289919394295],[138.50185805360638,37.35524635983171],[138.50176949376714,37.35498608074306],[138.50201153010812,37.35492363991409]]],[[[138.50773863772804,37.35570410755855],[138.50780005243053,37.356057441297935],[138.50760338508826,37.355935225230496],[138.50773863772804,37.35570410755855]]],[[[138.51093197113357,37.356529026893156],[138.5108447467877,37.35611605371298],[138.51088574598043,37.356112891696625],[138.51093197113357,37.356529026893156]]],[[[138.5129732172403,37.35684538680522],[138.51293077823289,37.35693441429186],[138.51136046661236,37.35645680233961],[138.51140291821014,37.35636777485297],[138.5129732172403,37.35684538680522]]],[[[138.5138554728519,37.35709499993436],[138.51379430636223,37.35720402744397],[138.51319968901453,37.357039640367134],[138.51324630357408,37.35693346820506],[138.5138554728519,37.35709499993436]]],[[[138.51416403384314,37.35787530570087],[138.51411277608383,37.35797894627143],[138.5130283402857,37.35769072075021],[138.51308600481536,37.35757536021475],[138.51416403384314,37.35787530570087]]],[[[138.51568605726584,37.358332171192785],[138.5146481451958,37.358159558916554],[138.51469316525743,37.35805638689277],[138.51568605726584,37.358332171192785]]],[[[138.52375046691054,37.363791504774156],[138.52468894903586,37.36477650523159],[138.5245686377325,37.36484446789791],[138.52375046691054,37.363791504774156]]],[[[138.51960355356118,37.365346413706106],[138.51842328061002,37.364405134689264],[138.51851852061327,37.36433941403277],[138.51960355356118,37.365346413706106]]],[[[138.52500000024986,37.36509777544205],[138.52536204931914,37.36547363989661],[138.5261327764066,37.36599622514575],[138.5260299479238,37.366083026810315],[138.52540693897913,37.36566486544126],[138.52500000024986,37.36509777544205]]],[[[138.52870116732504,37.36681827924025],[138.52846033697506,37.366768278733105],[138.52849089503889,37.36665272124617],[138.5286878339764,37.36673272133805],[138.52870116732504,37.36681827924025]]],[[[138.5268820231869,37.366947721360305],[138.5261486899102,37.366840774881894],[138.52621978041861,37.36593383827608],[138.52737616108107,37.36629466696536],[138.5268820231869,37.366947721360305]]],[[[138.52820783432412,37.36660994589232],[138.5284081448201,37.36711910786062],[138.52764452687347,37.366953558859734],[138.52820783432412,37.36660994589232]]],[[[138.5280423087056,37.367797999777906],[138.52811258083102,37.36793105357532],[138.52797481188816,37.367949666843685],[138.52793953328285,37.36781077464758],[138.5280423087056,37.367797999777906]]],[[[138.5570203625997,37.38126866681557],[138.55603630373253,37.381816306277585],[138.5559465891638,37.38172353221529],[138.55692846987301,37.38116374830838],[138.5570203625997,37.38126866681557]]],[[[138.5662419200287,37.3937716129696],[138.5668176911836,37.394519667248915],[138.56668321735663,37.394578134873086],[138.5662419200287,37.3937716129696]]],[[[138.61692116707832,37.47694683782635],[138.6168986903224,37.477515170688605],[138.61681680884874,37.477512505098105],[138.61683927391346,37.47694417133647],[138.61692116707832,37.47694683782635]]],[[[138.61688369592594,37.47772430623178],[138.61686868983827,37.478388468153355],[138.61678680926389,37.47838697258078],[138.61680180276107,37.477722801666005],[138.61688369592594,37.47772430623178]]],[[[138.61724830086848,37.47962835986095],[138.61724830086848,37.47969597269105],[138.61670024591967,37.47969597269105],[138.61670024591967,37.47962835986095],[138.61724830086848,37.47962835986095]]],[[[138.61657593982784,37.479075360439595],[138.61657593982784,37.479776053721935],[138.61649399540158,37.479776053721935],[138.61649399540158,37.47910008100399],[138.61657593982784,37.479075360439595]]],[[[138.64658325611242,37.51044486543822],[138.6468996367089,37.510589586140554],[138.64709158171115,37.510930413907545],[138.64661019530433,37.51069958581729],[138.64658325611242,37.51044486543822]]],[[[138.64888408613172,37.51156125234996],[138.6486651884478,37.51156125234996],[138.64869963697868,37.51141097293811],[138.648926588991,37.51140930559501],[138.64888408613172,37.51156125234996]]],[[[138.65021686071964,37.51203264009433],[138.64903658866774,37.511689305916775],[138.6500896372271,37.51163846814086],[138.65021686071964,37.51203264009433]]],[[[138.6505352270192,37.51246486506153],[138.6506429963772,37.51258625195402],[138.6505710506135,37.51284736021756],[138.65038688744494,37.51283680217671],[138.6505352270192,37.51246486506153]]],[[[138.6532680292962,37.51853277526743],[138.6532124772741,37.51858244122673],[138.6528174707497,37.51821772117097],[138.65287302187255,37.5181680543123],[138.6532680292962,37.51853277526743]]],[[[138.65389102475103,37.51893444127148],[138.65396243811608,37.51969746836352],[138.65388089478756,37.51970374832939],[138.65381058399134,37.51895299968123],[138.65389102475103,37.51893444127148]]],[[[138.65401861156977,37.5206906670407],[138.65398167281603,37.5211259461056],[138.6537733331728,37.520902333276126],[138.65401861156977,37.5206906670407]]],[[[138.65506999998058,37.521431224571415],[138.65499583738801,37.521662333250106],[138.65477805396404,37.52150510837413],[138.65506999998058,37.521431224571415]]],[[[138.6543030608376,37.52216872080987],[138.65422527937324,37.521988440913844],[138.654506393955,37.52169289221325],[138.65464221766433,37.52169010791221],[138.65441610921619,37.522089837675935],[138.6543030608376,37.52216872080987]]],[[[138.65486916967654,37.521712054068075],[138.6550105583906,37.52196538679323],[138.6547883404096,37.52238594575482],[138.65453000025934,37.52225789218801],[138.65486916967654,37.521712054068075]]],[[[138.65443027173967,37.522312332648085],[138.65438055811637,37.52276844091085],[138.65416167302283,37.52276289209385],[138.65422527937324,37.52229538672276],[138.65443027173967,37.522312332648085]]],[[[139.41755033657887,38.18317777483452],[139.41935469496332,38.18532184672591],[139.4192060963843,38.185395153163824],[139.41755033657887,38.18317777483452]]],[[[139.4196145783502,38.186997081350285],[139.41941503227793,38.187062468358306],[139.41856780795808,38.185425188721524],[139.41873763863123,38.18536654123295],[139.4196145783502,38.186997081350285]]],[[[139.43982403365226,38.246463837935835],[139.43983041524154,38.246633000412714],[139.43964069965864,38.246635505024585],[139.43971847033117,38.24646133332391],[139.43982403365226,38.246463837935835]]],[[[139.44054069979347,38.24899577483518],[139.4404973668601,38.24913438734217],[139.44038708209825,38.24907910781462],[139.44054069979347,38.24899577483518]]],[[[139.4415332167846,38.25106633344461],[139.4415876653386,38.251201333374865],[139.44138878116735,38.251199945721],[139.4414182231725,38.25107744097119],[139.4415332167846,38.25106633344461]]],[[[139.44286571977716,38.25138355940379],[139.44292099930476,38.251510505005854],[139.44278044066482,38.251525225109106],[139.44274155577818,38.25137855917325],[139.44286571977716,38.25138355940379]]],[[[139.44047294397126,38.25256077466008],[139.4405412843529,38.25264189170997],[139.4404404406739,38.252737441080114],[139.44031933886652,38.252667721138494],[139.44047294397126,38.25256077466008]]],[[[139.44358143983163,38.25456469440519],[139.44325949423035,38.254471666734105],[139.44339763908988,38.25440446759217],[139.44358258107127,38.25444517090796],[139.44358143983163,38.25456469440519]]],[[[139.44374158210837,38.2567955050086],[139.443880752195,38.25691661311129],[139.4436663043565,38.25700689155485],[139.44374158210837,38.2567955050086]]],[[[139.44613635530857,38.2693710273511],[139.44602914442953,38.269520467695486],[139.4458899743429,38.269472414220616],[139.44613635530857,38.2693710273511]]],[[[139.4473527504291,38.272299639916525],[139.44707496783553,38.27231936025032],[139.4471430222328,38.27219241374894],[139.4473527504291,38.272299639916525]]],[[[139.4469238907251,38.28218599958427],[139.44696693857338,38.28184519789761],[139.44731333314382,38.28191544124468],[139.4469238907251,38.28218599958427]]],[[[139.44739861225617,38.284832666594355],[139.44718444860348,38.28493683776492],[139.44722722395727,38.28470322537362],[139.44739861225617,38.284832666594355]]],[[[139.44766591415066,38.28817617059383],[139.4477120493716,38.28830600032171],[139.44753394313705,38.28832777470711],[139.4474945006707,38.288164134966905],[139.44766591415066,38.28817617059383]]],[[[139.4474489491098,38.28894686530566],[139.44737810591494,38.28881808058998],[139.44758666679127,38.28881463978388],[139.44758046686513,38.28893108130438],[139.4474489491098,38.28894686530566]]],[[[139.44705571964585,38.289238892261096],[139.44678902659234,38.289142135101486],[139.44684871639527,38.28885025203755],[139.4472103113069,38.28898300006546],[139.44705571964585,38.289238892261096]]],[[[139.44699780780263,38.29313961260311],[139.4470641885615,38.2932351709664],[139.44685697756756,38.2933985049371],[139.44676586275443,38.29316766695433],[139.44699780780263,38.29313961260311]]],[[[139.45036747128188,38.307198667384625],[139.4503342278424,38.30738453207056],[139.4501638386903,38.30717289191546],[139.45036747128188,38.307198667384625]]],[[[139.45038516184582,38.30781446826313],[139.45022741896025,38.30778094603386],[139.45021394261937,38.30766961266255],[139.4504014143938,38.30766844084593],[139.45038516184582,38.30781446826313]]],[[[139.45178319124136,38.34741680164416],[139.45191985671613,38.34731410805966],[139.4519826329922,38.34739230591026],[139.45178319124136,38.34741680164416]]],[[[139.45126622585565,38.35066638674442],[139.45089561613986,38.350659387320945],[139.45113005231008,38.35053089218695],[139.45126622585565,38.35066638674442]]],[[[139.45070561637112,38.35321622464909],[139.4505869778069,38.353196721051916],[139.45057916989288,38.353049504730905],[139.45076169899323,38.3530596131107],[139.45070561637112,38.35321622464909]]],[[[139.45057719767965,38.35505217082107],[139.45029128431543,38.35504138705045],[139.45039747086662,38.354886414076816],[139.45057719767965,38.35505217082107]]],[[[139.44973316505354,38.3603776942752],[139.44962535702462,38.360300973111464],[139.44984022034998,38.36018119780408],[139.44989005178456,38.360280251832194],[139.44973316505354,38.3603776942752]]],[[[139.44868516169095,38.36123641372956],[139.44869016911605,38.361377802443656],[139.4485207260508,38.36141641393641],[139.44855267176843,38.36127863959757],[139.44868516169095,38.36123641372956]]],[[[139.45006880732967,38.36131808116454],[139.45014880742156,38.36142669408673],[139.45011518806552,38.36156891917034],[139.44995075242537,38.36145891859428],[139.45006880732967,38.36131808116454]]],[[[139.45595664088637,38.38464886475333],[139.45584525265633,38.38445886498471],[139.4561455245963,38.38441636032684],[139.45616691317252,38.384622198056036],[139.45595664088637,38.38464886475333]]],[[[139.456416641415,38.3845030270931],[139.45637802902286,38.38471246840572],[139.45629581120284,38.384703864591756],[139.45628496807683,38.38452358559505],[139.456416641415,38.3845030270931]]],[[[139.4550196894072,38.38479969365102],[139.4549552529826,38.38464191928921],[139.4552805323707,38.38457441437777],[139.45529496828817,38.38472358582487],[139.4550196894072,38.38479969365102]]],[[[139.45574247723357,38.38792830644621],[139.45571302173857,38.388119693868816],[139.45514802895843,38.38831941440952],[139.45546968857536,38.387998585766184],[139.45574247723357,38.38792830644621]]],[[[139.45564858621333,38.38875886542934],[139.45532691310666,38.38902080196851],[139.45506219226638,38.3886716401841],[139.45564858621333,38.38875886542934]]],[[[139.45503108921343,38.38899135996337],[139.45504802884352,38.389096639998],[139.45489053237225,38.389113585923326],[139.45492274968524,38.388967197877946],[139.45503108921343,38.38899135996337]]],[[[139.454114695337,38.3918816398259],[139.45378968934278,38.39173219768281],[139.45432219231543,38.391619694293524],[139.4544185861489,38.39184219825887],[139.454114695337,38.3918816398259]]],[[[139.45560583693987,38.391639413728],[139.45548416316365,38.39195469355434],[139.45505858598506,38.391850532276294],[139.45517968869171,38.39152858577569],[139.45560583693987,38.391639413728]]],[[[139.45448302167415,38.39199135981346],[139.45444719807983,38.39211246791609],[139.45430413662666,38.39214635976674],[139.45428775637492,38.39204330555418],[139.45448302167415,38.39199135981346]]],[[[139.45360219238728,38.39209830629187],[139.45358219236437,38.392216639985975],[139.45345358031852,38.392191360043284],[139.45349275029025,38.39207858595802],[139.45360219238728,38.39209830629187]]],[[[139.45242386466964,38.392520531697244],[139.4524021919077,38.39273164035296],[139.4520446952066,38.39277969382783],[139.45209469481438,38.39261358634798],[139.45242386466964,38.392520531697244]]],[[[139.45671527928675,38.396875774797195],[139.45646360581077,38.39714717130494],[139.4562955512987,38.396992171351656],[139.45671527928675,38.396875774797195]]],[[[139.4570033330375,38.396899107707725],[139.45704999975771,38.39712744107857],[139.45676749662277,38.39730466687695],[139.45648861235964,38.39720327910811],[139.4570033330375,38.396899107707725]]],[[[139.45945280210515,38.398833838111216],[139.4591594684348,38.398986053763394],[139.45905946831988,38.39886217125223],[139.45945280210515,38.398833838111216]]],[[[139.45925252938082,38.399256053624015],[139.45897002624577,38.39921105424679],[139.45899141392272,38.39908717083631],[139.4592953047346,38.399081613026055],[139.45925252938082,38.399256053624015]]],[[[139.45972780759234,38.399140505130276],[139.4596061347154,38.39930661261013],[139.4595275231767,38.3991546667545],[139.45972780759234,38.399140505130276]]],[[[139.46264533061753,38.40263772125388],[139.4623845011439,38.40261800002071],[139.46257839227906,38.40246355944578],[139.46264533061753,38.40263772125388]]],[[[139.46234143980564,38.402964387396594],[139.462218105881,38.40273605402575],[139.46253810624864,38.40278717059152],[139.46234143980564,38.402964387396594]]],[[[139.46231450061373,38.40490855888294],[139.46238783403135,38.405031053740174],[139.4621661610396,38.40500022498043],[139.46215199671735,38.40491022532672],[139.46231450061373,38.40490855888294]]],[[[139.46288783370665,38.406173837552615],[139.46297061000575,38.40634327881929],[139.46275949415542,38.406351612836716],[139.4626808952072,38.40623910764873],[139.46288783370665,38.406173837552615]]],[[[139.46298477342862,38.40702189194678],[139.462920337004,38.40664189240948],[139.46343533107574,38.40665022462821],[139.46298477342862,38.40702189194678]]],[[[139.46685313886132,38.417676865295164],[139.4666209213185,38.41767408099412],[139.46662396912097,38.41755046827956],[139.46688175079225,38.41751908104084],[139.46685313886132,38.417676865295164]]],[[[139.46787204915586,38.41801186455598],[139.46775399515082,38.41814713518221],[139.467645383128,38.418069081223166],[139.46787204915586,38.41801186455598]]],[[[139.4670392481628,38.41830186533889],[139.4671392482777,38.41838325218538],[139.46713202312446,38.4185832524152],[139.4669139690045,38.41843686526914],[139.4670392481628,38.41830186533889]]],[[[139.46854788607618,38.41999713505976],[139.46844761256727,38.42018853237494],[139.46834011660314,38.42009853182185],[139.46854788607618,38.41999713505976]]],[[[139.47044844404047,38.42319600019533],[139.4704415048716,38.42331155858159],[139.47029455295137,38.423300171365895],[139.47029094666993,38.42318766707723],[139.47044844404047,38.42319600019533]]],[[[139.47073649779122,38.42342461325535],[139.47074204930618,38.42353072066629],[139.47058817080745,38.423527946257764],[139.4705737222995,38.423429332897456],[139.47073649779122,38.42342461325535]]],[[[139.47081345008075,38.423649054360396],[139.4708851359403,38.42374489241291],[139.4707345525576,38.42378710838841],[139.47070260683995,38.42368850492062],[139.47081345008075,38.423649054360396]]],[[[139.47185902707247,38.42389489213559],[139.47184791235134,38.42407989167373],[139.47166180304987,38.42399544083696],[139.47185902707247,38.42389489213559]]],[[[139.47281152962842,38.42409266744272],[139.4728465240479,38.424192666658314],[139.47274652393298,38.42427989190355],[139.4726318028155,38.42417294632446],[139.47281152962842,38.42409266744272]]],[[[139.4732571077294,38.424264892111125],[139.47324596602857,38.42433753215141],[139.4730651879081,38.42436019776494],[139.47315557696834,38.42422210776414],[139.4732571077294,38.424264892111125]]],[[[139.47389180336415,38.42534183835522],[139.47388486419516,38.425561279229726],[139.47372708173953,38.42555294611162],[139.47373069971206,38.425417667391514],[139.47389180336415,38.42534183835522]]],[[[139.4747437743058,38.4255640536382],[139.47477461655535,38.425674054214255],[139.4745112446982,38.425634612647286],[139.474557638924,38.42551350544397],[139.4747437743058,38.4255640536382]]],[[[139.47447542200314,38.42571905359148],[139.47445124462934,38.42593572095683],[139.4741209731045,38.42605683805266],[139.47417097271227,38.42579517131014],[139.47447542200314,38.42571905359148]]],[[[139.4754129436525,38.42716627860091],[139.47548461692156,38.42728461319439],[139.4752446166458,38.427371838439626],[139.4752196109963,38.427200171350876],[139.4754129436525,38.42716627860091]]],[[[139.47535433213682,38.42768322510079],[139.4752804411395,38.427833775208626],[139.47511933928615,38.42777738681701],[139.4751301689222,38.427675999947496],[139.47535433213682,38.42768322510079]]],[[[139.47621488980542,38.42783099990078],[139.47618267159305,38.42799433297216],[139.47607516213907,38.42796044112151],[139.47608961064702,38.42784517141757],[139.47621488980542,38.42783099990078]]],[[[139.4755073931517,38.42785766659807],[139.47543795110062,38.428047946055926],[139.4753698832136,38.42801961291485],[139.4754093391697,38.427853505434996],[139.4755073931517,38.42785766659807]]],[[[139.4757557202504,38.427833505412025],[139.47585683462523,38.42814350531859],[139.47550238662586,38.42822517095493],[139.4756098825901,38.42785627894415],[139.4757557202504,38.427833505412025]]],[[[139.47535627826971,38.42821433322496],[139.47543099934126,38.428290171254446],[139.47531627822377,38.428357386584196],[139.47525905256327,38.428233774768955],[139.47535627826971,38.42821433322496]]],[[[139.47967963680583,38.432497108055145],[139.4797226981441,38.43260961324313],[139.47950769092722,38.432727946037915],[139.47944325630135,38.43259544082696],[139.47967963680583,38.432497108055145]]],[[[139.48189910515964,38.43447097335678],[139.4815768609834,38.434625693620944],[139.48149102519073,38.434493468099106],[139.48172466905828,38.43440458630266],[139.48189910515964,38.43447097335678]]],[[[139.48149435807818,38.435242640235685],[139.48146574614736,38.43538874769263],[139.48129769073591,38.435428198252794],[139.4813690789199,38.43525958616101],[139.48149435807818,38.435242640235685]]],[[[139.48083574587304,38.4356195856754],[139.48071769096873,38.43545625170469],[139.4809074191421,38.435298468349686],[139.48111491612053,38.43553513483863],[139.48083574587304,38.4356195856754]]],[[[139.4811551104201,38.436226414017824],[139.48080680928683,38.43565274817581],[139.4808813621852,38.43562474778395],[139.4811551104201,38.436226414017824]]],[[[139.48161243816355,38.43759513540721],[139.48144797734233,38.43767819769073],[139.48140852138624,38.43757125211164],[139.48161243816355,38.43759513540721]]],[[[139.48148744498963,38.4379090266803],[139.48154771665384,38.43802541424151],[139.4812010253071,38.43836235963522],[139.48104352793655,38.43814263997092],[139.48148744498963,38.4379090266803]]],[[[139.48154133596393,38.43933708084165],[139.4814049420845,38.439373468310976],[139.48122603095658,38.43929180177531],[139.48144243841784,38.43917374777027],[139.48154133596393,38.43933708084165]]],[[[139.48182744538042,38.43921013523959],[139.481906056919,38.43931708081868],[139.48177021971992,38.43938180232834],[139.48166994800977,38.43932264042758],[139.4816807776458,38.439190414006475],[139.48182744538042,38.43921013523959]]],[[[139.48144077826942,38.43951986534955],[139.48150522728452,38.43963264033414],[139.48135856044928,38.43972819779816],[139.48122603095658,38.439612919100966],[139.48144077826942,38.43951986534955]]],[[[139.4819166149599,38.44025458628016],[139.48150522728452,38.44025458628016],[139.48158050593565,38.439945134960055],[139.48198105138442,38.44010013491334],[139.4819166149599,38.44025458628016]]],[[[139.482045498601,38.440781251753435],[139.48209549910803,38.440927639798815],[139.4819238392139,38.440927639798815],[139.4819166149599,38.44081513461083],[139.482045498601,38.440781251753435]]],[[[139.4823246688485,38.44123180220595],[139.4823713355687,38.44131069433314],[139.48226910513517,38.441438198414176],[139.4821838386133,38.44129125188982],[139.4823246688485,38.44123180220595]]],[[[139.48168050605057,38.44152763958897],[139.48143717288724,38.44130791902529],[139.48171605715038,38.441150134770965],[139.4820024381621,38.44138402685144],[139.48168050605057,38.44152763958897]]],[[[139.48279717265143,38.44156430584809],[139.48280438431493,38.441812080762986],[139.48262189388538,38.44167402673497],[139.48279717265143,38.44156430584809]]],[[[139.48310494223938,38.44225708059986],[139.48305133635017,38.44245125232351],[139.48292243831997,38.44231902680167],[139.48310494223938,38.44225708059986]]],[[[139.48330910543098,38.44292708092013],[139.48329466861412,38.44323402672899],[139.48318021999125,38.443262081080206],[139.4830799482811,38.44286791901931],[139.48330910543098,38.44292708092013]]],[[[139.4823354993839,38.44367902656586],[139.48229605691756,38.44355235975365],[139.48242494235728,38.44347069411731],[139.4825324383214,38.44351013478496],[139.4824535542882,38.44363097309099],[139.4823354993839,38.44367902656586]]],[[[139.4823174445944,38.4454162523582],[139.48253577210824,38.44454346840638],[139.48320522743938,38.44472097299456],[139.4823174445944,38.4454162523582]]],[[[139.48662719818674,38.44820705371262],[139.4867202456429,38.44835622515973],[139.48652691298673,38.448364559177094],[139.48641941612323,38.44823233275599],[139.48662719818674,38.44820705371262]]],[[[139.4864085855878,38.44829705426571],[139.48647691337897,38.44840677515259],[139.48635858598004,38.448488440788935],[139.48627635467005,38.44840983824349],[139.4864085855878,38.44829705426571]]],[[[139.4868419203184,38.44941510762118],[139.48668442294786,38.44942372132772],[139.48670219175278,38.44931372075166],[139.48687442271648,38.449289000187264],[139.4868419203184,38.44941510762118]]],[[[139.48673802883707,38.44969955868771],[139.4864983010558,38.449679838353916],[139.48666664065297,38.449488441038795],[139.48688858613946,38.44957566718335],[139.48673802883707,38.44969955868771]]],[[[139.49792727592308,38.46188146755571],[139.49789143973817,38.46203369399984],[139.4977339432669,38.46202535998242],[139.4977875617467,38.46190119778208],[139.49792727592308,38.46188146755571]]],[[[139.4997883923205,38.46713341387601],[139.4996486637549,38.46733897281541],[139.49950922207302,38.467265640297114],[139.4997883923205,38.46713341387601]]],[[[139.4998633849873,38.46753897304524],[139.49986005209973,38.46764035991475],[139.49961282667073,38.467702306116564],[139.49950922207302,38.467606468064105],[139.4998633849873,38.46753897304524]]],[[[139.50164953299964,38.47009005381301],[139.50159924830677,38.47017477534564],[139.50146341110758,38.47023089214201],[139.50138452707438,38.470177558747366],[139.50152286618743,38.47009172115605],[139.50164953299964,38.47009005381301]]],[[[139.50323535702614,38.470898386951035],[139.50333535714105,38.47109283836386],[139.50306341114754,38.471028107860946],[139.50323535702614,38.470898386951035]]],[[[139.504202606665,38.47233033337824],[139.50413732757568,38.47245561343584],[139.50402983071217,38.472404774760605],[139.50410150488062,38.47231199979899],[139.504202606665,38.47233033337824]]],[[[139.50449511026125,38.472753946437535],[139.5044637221231,38.472868946344875],[139.50423011692646,38.47301589196991],[139.50411927368555,38.47295672107589],[139.50432678325456,38.472765332753966],[139.50449511026125,38.472753946437535]]],[[[139.50449511026125,38.47313977538039],[139.504545109869,38.47323561343285],[139.5043553825949,38.473376440970014],[139.50424455284394,38.47323838694206],[139.50449511026125,38.47313977538039]]],[[[139.50401177682215,38.475874225215364],[139.50390425387832,38.47566005436806],[139.50417649844667,38.475595332858404],[139.5042228917731,38.475809504605024],[139.50401177682215,38.475874225215364]]],[[[139.50349258111783,38.47629950471844],[139.50323841831846,38.47620089225745],[139.50342481180564,38.47608255856329],[139.50349258111783,38.47629950471844]]],[[[139.50490345013418,38.47650866724126],[139.5047348380424,38.4767978379499],[139.504545109869,38.47674450455531],[139.5047239949165,38.476417838412544],[139.50490345013418,38.47650866724126]]],[[[139.50651761269773,38.47691338734302],[139.506542606656,38.477034505338224],[139.5063315051949,38.47719783840955],[139.50620817127015,38.47709477520374],[139.50651761269773,38.47691338734302]]],[[[139.50490678302174,38.477282279353744],[139.50466678274586,38.47726533342842],[139.50457372179983,38.477147279423434],[139.5048242801165,38.47715283813301],[139.50490678302174,38.477282279353744]]],[[[139.50707566810763,38.47770755885682],[139.5070220487287,38.47778617129484],[139.50683594032648,38.477805891628634],[139.50682344964252,38.477724774578746],[139.50707566810763,38.47770755885682]]],[[[139.5060878860471,38.47889005403283],[139.5061595593163,38.478966170852175],[139.50593038867657,38.479126721421096],[139.5059876134377,38.47890977526595],[139.5060878860471,38.47889005403283]]],[[[139.50641678340787,38.47919589187694],[139.50651372223058,38.47931810794438],[139.5063812188182,38.4793408922684],[139.506302334785,38.47924783761766],[139.50641678340787,38.47919589187694]]],[[[139.5072617774092,38.4806136398077],[139.50640983074913,38.48032363992411],[139.5071328919695,38.48001113540562],[139.5072617774092,38.4806136398077]]],[[[139.50761983079065,38.48055725231541],[139.50745150468322,38.48071474788736],[139.50735121858395,38.48056864043048],[139.50761983079065,38.48055725231541]]],[[[139.50742289185303,38.48159336034536],[139.50759455264654,38.481666693762975],[139.50762678344938,38.481813080909035],[139.5073048378481,38.4816611350534],[139.50742289185303,38.48159336034536]]],[[[139.50668089540704,38.484267891949685],[139.5065123093956,38.48516886515108],[139.50627596576328,38.485141505076456],[139.506444552674,38.484240531875116],[139.50668089540704,38.484267891949685]]],[[[139.50682566827004,38.487119197892696],[139.5065859395895,38.48721808104966],[139.50537483787855,38.48552253163956],[139.50563066082645,38.48541391871743],[139.50682566827004,38.487119197892696]]],[[[139.51705824893907,38.49685055940586],[139.51716547330795,38.49693777475858],[139.51707603123396,38.49701944129424],[139.5169721397525,38.49688444136393],[139.51705824893907,38.49685055940586]]],[[[139.51963518791365,38.50177886490275],[139.51958852119333,38.50192525204881],[139.5194360312479,38.50186497319004],[139.51963518791365,38.50177886490275]]],[[[139.52295133633515,38.50861053155086],[139.52292717335047,38.50874997323274],[139.52264160802383,38.5089191348103],[139.52252050621644,38.508792198201434],[139.52267939034164,38.508608305728785],[139.52295133633515,38.50861053155086]]],[[[139.52249355443405,38.50918580178336],[139.52229411178394,38.50911164009017],[139.52237522703513,38.50884941396936],[139.52261189442345,38.50904830623438],[139.52249355443405,38.50918580178336]]],[[[139.54173922158782,38.531746837646494],[139.54147311309373,38.53165405369168],[139.54164505807307,38.53153794581959],[139.54173922158782,38.531746837646494]]],[[[139.54835219200015,38.551965171055826],[139.54800744498766,38.552189107641254],[139.54795897512668,38.552131107664536],[139.54835219200015,38.551965171055826]]],[[[137.66335230926177,36.98721425203615],[137.66313564189647,36.987122585938664],[137.6632981448936,36.98694674779421],[137.6634170298721,36.98710897290084],[137.66335230926177,36.98721425203615]]],[[[137.67594930022005,36.98902144058707],[137.67573070021172,36.9891053329448],[137.675728469893,36.98895894579874],[137.67594930022005,36.98902144058707]]],[[[137.67795486392595,36.9907345051933],[137.6778881971826,36.99088477471264],[137.67778430570127,36.99076366660995],[137.67795486392595,36.9907345051933]]],[[[137.67900708241098,36.99124783821719],[137.67890513616317,36.99138838696456],[137.67878014298924,36.99133366681531],[137.67880291832012,36.99121672077507],[137.67900708241098,36.99124783821719]]],[[[137.68623128424645,36.99199225204086],[137.68631654986893,36.9921094678777],[137.686147951267,36.99219946843078],[137.68603321665967,36.99199419817376],[137.68623128424645,36.99199225204086]]],[[[137.70148744458993,36.99590697302841],[137.7015041117254,36.996049467908676],[137.7013593901238,36.99605946836982],[137.70130216626205,36.995976414180234],[137.70148744458993,36.99590697302841]]],[[[137.7077305058582,36.99827446799236],[137.70787632912936,36.9983564142172],[137.70777856023244,36.99853419759518],[137.70759105068646,36.998364197849526],[137.7077305058582,36.99827446799236]]],[[[137.71601496791652,36.99985280156557],[137.71606513569748,36.99995610758833],[137.71591885916803,37.000014774861995],[137.7158527500045,36.99989391856951],[137.71601496791652,36.99985280156557]]],[[[137.7349810511347,37.00675725214552],[137.7349977173708,37.006951135186796],[137.73478438379232,37.0069103059659],[137.7349810511347,37.00675725214552]]],[[[137.73408771677475,37.006963359671374],[137.73396105086192,37.007122531579626],[137.7338343840496,37.00706335978629],[137.7338710512081,37.00692253224912],[137.73408771677475,37.006963359671374]]],[[[137.84878238699764,37.051839197920685],[137.844986303675,37.050883838218624],[137.8451194420087,37.05062566714088],[137.84878238699764,37.051839197920685]]],[[[137.93037834028826,37.07432844090488],[137.92926978017624,37.072968225303384],[137.9293354990341,37.072927837649615],[137.93037834028826,37.07432844090488]]],[[[137.99361386508792,37.11041755922304],[137.99290627760274,37.10994641429562],[137.9933984702633,37.109724000262474],[137.99361386508792,37.11041755922304]]],[[[137.99301958498597,37.110790775174166],[137.99287625193756,37.11085633305339],[137.9928329181048,37.110753278840775],[137.99294958535518,37.11072217129123],[137.99301958498597,37.110790775174166]]],[[[137.99404596594866,37.11224050479552],[137.9938009726368,37.1122216127373],[137.99374263271636,37.11203744057548],[137.99393763901094,37.11195466697433],[137.99404596594866,37.11224050479552]]],[[[138.00170817089543,37.11362122493961],[138.00157450106246,37.1137257747248],[138.00149858569125,37.11362863984988],[138.00162394309052,37.11355874813779],[138.00170817089543,37.11362122493961]]],[[[138.0021021917628,37.113759225008266],[138.00178391719408,37.113627225216305],[138.00197274964273,37.11352027873795],[138.0021021917628,37.113759225008266]]],[[[138.00132450122487,37.11375213475327],[138.00112152963493,37.113826333318684],[138.00098997410805,37.113766053560596],[138.0012173928684,37.113651666990904],[138.00132450122487,37.11375213475327]]],[[[138.00430880700594,37.11493383762655],[138.00396457800298,37.11485035985629],[138.00416635529314,37.11471477536662],[138.00430880700594,37.11493383762655]]],[[[138.01568655019423,37.11491286543645],[138.01589824880523,37.115212720990314],[138.01561574567017,37.11521827880057],[138.01568655019423,37.11491286543645]]],[[[138.00560464284,37.11543725202762],[138.00521632907044,37.11540322527867],[138.00527977983802,37.11522135987792],[138.0056138905686,37.11529619786131],[138.00560464284,37.11543725202762]]],[[[138.00680525306007,37.11550227930678],[138.00650128400707,37.11548766712218],[138.0065815053323,37.115360865411674],[138.00680525306007,37.11550227930678]]],[[[138.05090452672255,37.13516744062491],[138.05075452699987,37.135192440878484],[138.05049814467372,37.134429946185094],[138.05063980498312,37.13439577464533],[138.05090452672255,37.13516744062491]]],[[[138.04842897461754,37.1371443870039],[138.04808533107325,37.13555077484841],[138.04832508403547,37.135540504590665],[138.04842897461754,37.1371443870039]]],[[[138.15014535662294,37.16160530633988],[138.1501301427919,37.16155863961956],[138.1511378601242,37.16132402718216],[138.15213172519907,37.161376440570336],[138.15212795074444,37.1614237476079],[138.1511442803843,37.16137080182108],[138.15014535662294,37.16160530633988]]],[[[138.167543670604,37.16228708058435],[138.16634038939753,37.162409999921636],[138.16632116728806,37.16228519830332],[138.167543670604,37.16228708058435]]],[[[138.17075824869426,37.163439891837584],[138.1707089109875,37.163538721035195],[138.16967153041685,37.16324097259286],[138.16972072603073,37.163144945682745],[138.17075824869426,37.163439891837584]]],[[[138.13574603075483,37.16381277503962],[138.13571858614387,37.16388222518458],[138.13512725042233,37.16391002682633],[138.13511983101546,37.16383010767339],[138.13574603075483,37.16381277503962]]],[[[138.13468255455632,37.16388813462976],[138.13466552499403,37.16396797284375],[138.1340354473781,37.164038837622286],[138.1340391957524,37.16394055880977],[138.13468255455632,37.16388813462976]]],[[[138.13659652411036,37.16392610760386],[138.1361308038936,37.163969721125795],[138.13616900079876,37.163848972751964],[138.13659652411036,37.16392610760386]]],[[[138.13585230903686,37.164124837990926],[138.13584703001652,37.164214108294516],[138.13567727578572,37.16418574817379],[138.13572321675315,37.16410074785131],[138.13585230903686,37.164124837990926]]],[[[138.13787880716131,37.164259864900885],[138.13782150505847,37.16435564000085],[138.13713997363095,37.164178505034045],[138.1371923609388,37.164071919183755],[138.13787880716131,37.164259864900885]]],[[[138.13546333336626,37.164287775360606],[138.1354845528699,37.16438697328027],[138.1353183401693,37.164420973049516],[138.13526000024888,37.16433169375273],[138.13546333336626,37.164287775360606]]],[[[138.13863616132983,37.16442961283644],[138.13862525255342,37.1645667747369],[138.13809474697507,37.16441299966027],[138.13814522682082,37.16430294602418],[138.13863616132983,37.16442961283644]]],[[[138.17500000004998,37.16453161304355],[138.17570871618432,37.16473408101308],[138.17565630369552,37.16483272135304],[138.17500000004998,37.16453161304355]]],[[[138.08844274963326,37.16666553158905],[138.08832655003027,37.16649469367525],[138.08765574571612,37.16651683768197],[138.08765564229407,37.16646397283415],[138.0883379768162,37.16644213459688],[138.08844274963326,37.16666553158905]]],[[[138.18677866370444,37.1683191977728],[138.18672177708845,37.16842472062439],[138.1865679768307,37.16836225191645],[138.18665963663295,37.16827530636033],[138.18677866370444,37.1683191977728]]],[[[138.20833333301698,37.16948958627546],[138.2090288587949,37.169553413859035],[138.2089483011233,37.16963766684489],[138.20833333301698,37.16948958627546]]],[[[138.19088686123973,37.169372080856874],[138.19164503199272,37.169801251726426],[138.1915505582117,37.16987238720094],[138.19088686123973,37.169372080856874]]],[[[138.21063644641492,37.169787135068304],[138.210110077718,37.169821999985345],[138.20989841777782,37.16966069398592],[138.21063644641492,37.169787135068304]]],[[[138.1916666669831,37.16995530559291],[138.19227719783453,37.17030574801191],[138.19220408565013,37.17038419767266],[138.1916666669831,37.16995530559291]]],[[[138.19215102475005,37.17052033344669],[138.19262683536022,37.1708734684359],[138.19254491611503,37.17093383812619],[138.1920816987115,37.17058586524553],[138.19215102475005,37.17052033344669]]],[[[138.19280744530738,37.171002198292854],[138.19307688668903,37.17119494638973],[138.1930076649718,37.1712493598701],[138.1927419971455,37.171058973392974],[138.19280744530738,37.171002198292854]]],[[[138.19364116720612,37.17173110780442],[138.1936583919213,37.17180777500886],[138.19351616144172,37.17184000041573],[138.1935142278994,37.171713053914345],[138.19364116720612,37.17173110780442]]],[[[138.09259263344336,37.17252838737522],[138.0925092743836,37.17260644133427],[138.09184622582268,37.172121999930425],[138.09192958488245,37.17206589212725],[138.09259263344336,37.17252838737522]]],[[[138.23814564210772,37.17955302695066],[138.2374546686981,37.179330108397835],[138.237540116883,37.1792422518285],[138.23814564210772,37.17955302695066]]],[[[138.23985224418584,37.18042361295943],[138.239163216909,37.18019997315031],[138.23924717311866,37.18011705385902],[138.23985224418584,37.18042361295943]]],[[[138.24372596598062,37.18740958618349],[138.2428740597901,37.18496610839924],[138.2429829182272,37.18494677477389],[138.24372596598062,37.18740958618349]]],[[[138.258333332917,37.19809730564617],[138.25347169866006,37.19550835982301],[138.25356408601385,37.19540366704564],[138.258333332917,37.19809730564617]]],[[[138.26318228313596,37.20059064004607],[138.26645878134775,37.19993344067581],[138.26650236069543,37.2001181713166],[138.26318228313596,37.20059064004607]]],[[[138.255159663188,37.208332252431546],[138.2697195594102,37.22218233264857],[138.2695225026614,37.22229289170366],[138.255159663188,37.208332252431546]]],[[[138.25272997380932,37.80314803555348],[138.25263325621984,37.803208297325114],[138.25237565531233,37.8029477115677],[138.25247238729094,37.80288754962078],[138.25272997380932,37.80314803555348]]],[[[138.251062438281,37.803216523423885],[138.25091321737114,37.80311673015302],[138.2516785341371,37.80239552333478],[138.2517247727801,37.802592413708965],[138.251062438281,37.803216523423885]]],[[[138.26144380009134,37.803676774863334],[138.26126603110254,37.803905666713206],[138.26095185474435,37.80382622510024],[138.2610749161745,37.80361955909541],[138.26144380009134,37.803676774863334]]],[[[138.26208075212503,37.80377205443682],[138.26201963689675,37.803912613076704],[138.2618826980281,37.80389066692078],[138.26186102526617,37.8037792786908],[138.26208075212503,37.80377205443682]]],[[[138.24079299619984,37.80479761341917],[138.24099299642967,37.804904279309085],[138.24091299633778,37.80503761279567],[138.2407180026338,37.80489427884794],[138.24079299619984,37.80479761341917]]],[[[138.2369385603663,37.80581705431365],[138.23679050587725,37.80582733266533],[138.2367938387647,37.80573233278096],[138.23696383940978,37.805725945795814],[138.2369385603663,37.80581705431365]]],[[[138.23864272438232,37.80569566742116],[138.23832160795587,37.80596261318408],[138.23786438363447,37.80574372089603],[138.23807355425117,37.80533761314041],[138.23864272438232,37.80569566742116]]],[[[138.23871494174125,37.80609066675095],[138.23868577223072,37.80631789215704],[138.2384221656505,37.80621066688883],[138.23871494174125,37.80609066675095]]],[[[138.2277451876903,37.807166225341064],[138.22758464341666,37.80747510828968],[138.2273710247531,37.807332613409415],[138.2277451876903,37.807166225341064]]],[[[138.26643379997995,37.807148720936766],[138.26527352795097,37.806794000442835],[138.26558852089363,37.80627510781005],[138.26670408582493,37.80659844106526],[138.26643379997995,37.807148720936766]]],[[[138.22556630394183,37.80790541410363],[138.22553907876556,37.80805372130226],[138.22542158234023,37.808040135244084],[138.225412140358,37.80792874791342],[138.22556630394183,37.80790541410363]]],[[[138.2234499221762,37.80815319801172],[138.22354269803714,37.808249586449335],[138.22341936411237,37.80831458584953],[138.22334603069487,37.808226251740166],[138.2234499221762,37.80815319801172]]],[[[138.27575627842953,37.80868066657956],[138.27571822271784,37.80881066717859],[138.2755271077899,37.80888289173214],[138.2755243315827,37.808768441310576],[138.27562795056951,37.80868066657956],[138.27575627842953,37.80868066657956]]],[[[138.2758601690117,37.80901817135157],[138.27599905311388,37.8091320543009],[138.27583961140897,37.80921650513767],[138.2757782227868,37.80908427871657],[138.2758601690117,37.80901817135157]]],[[[138.27521516175034,37.80938066738395],[138.27500155567736,37.809482054253465],[138.27496128403607,37.809411774933494],[138.27508211424822,37.809329279222936],[138.27521516175034,37.80938066738395]]],[[[138.27637739340207,37.80959817111875],[138.2764043316946,37.80968150499751],[138.2762443324101,37.80969566662179],[138.27625795084384,37.809571505320775],[138.27637739340207,37.80959817111875]]],[[[138.2753660050372,37.80945094580454],[138.27576267171003,37.809595386817705],[138.2755815563438,37.80980205372185],[138.2753660050372,37.80945094580454]]],[[[138.21974603105457,37.80979708137028],[138.219854915572,37.80984041430372],[138.21984269828192,37.80992569431538],[138.21966518829788,37.80990874839006],[138.21974603105457,37.80979708137028]]],[[[138.27638294401777,37.80981289235115],[138.27642766460508,37.80990510793441],[138.27622211375956,37.809927332880136],[138.2762354471082,37.80984289193594],[138.27638294401777,37.80981289235115]]],[[[138.28696019525682,37.809931774631764],[138.28707713410256,37.810107612776164],[138.28691269756303,37.81013538743821],[138.28684518815498,37.810011774723705],[138.28696019525682,37.809931774631764]]],[[[138.2701060313683,37.81029761344416],[138.27004185484782,37.810392613328474],[138.26982713361542,37.810392613328474],[138.26987518798956,37.81027122463735],[138.2701060313683,37.81029761344416]]],[[[138.28749357956508,37.81057500033603],[138.287468066698,37.81059855897638],[138.28703619966097,37.81030467582019],[138.28706159471687,37.810281198118844],[138.28749357956508,37.81057500033603]]],[[[138.27925603064136,37.81054038722914],[138.27945185531894,37.81062927891816],[138.2792757455793,37.810727054110316],[138.27925603064136,37.81054038722914]]],[[[138.27917491628943,37.81080955881413],[138.2789304409871,37.81089817081397],[138.27892710809965,37.81079817069906],[138.27917491628943,37.81080955881413]]],[[[138.28827281513838,37.81168442289783],[138.2882085603768,37.81171107160873],[138.28754352791157,37.81070168513469],[138.2876076522714,37.81067504541704],[138.28827281513838,37.81168442289783]]],[[[138.21367238677135,37.81170736010665],[138.21375294444294,37.81201374833586],[138.21340267199582,37.811957081154446],[138.2133643320983,37.81165180178925],[138.21367238677135,37.81170736010665]]],[[[138.28798352841716,37.81195955878667],[138.2881310253266,37.812169838267494],[138.28795713421448,37.812202332571644],[138.28798352841716,37.81195955878667]]],[[[138.21392182902923,37.8123045863876],[138.21388710800375,37.812459026962586],[138.21369238679426,37.81237513460485],[138.21392182902923,37.8123045863876]]],[[[138.29094077809452,37.813053171266915],[138.29106744490673,37.81322622511027],[138.29088077802555,37.81324733309799],[138.29075325595807,37.81313483780258],[138.29094077809452,37.813053171266915]]],[[[138.2745670563246,37.81356505368433],[138.27411783417074,37.81402736007465],[138.27350652360724,37.814356531728606],[138.27346769088126,37.814297027186115],[138.27406250338186,37.81397674802855],[138.2745670563246,37.81356505368433]]],[[[138.29510429292884,37.81420769392997],[138.29407852080715,37.814684982126266],[138.2918035409008,37.81490082930986],[138.29179695156813,37.81481578402128],[138.29405941560958,37.81457798168856],[138.29510429292884,37.81420769392997]]],[[[138.28985948093032,37.81411801803216],[138.29175299630379,37.81528510782152],[138.29169605662776,37.81533038688792],[138.28980334614755,37.81416657692603],[138.28985948093032,37.81411801803216]]],[[[138.2892185601885,37.819421775194826],[138.28904605673017,37.819534278584115],[138.28885966324287,37.81948566663027],[138.2891027239117,37.81939205439983],[138.2892185601885,37.819421775194826]]],[[[138.29029216635047,37.82077372063077],[138.28988800292905,37.82078510784652],[138.29000160798785,37.820565666972016],[138.29029216635047,37.82077372063077]]],[[[138.20399014263103,37.82093736037092],[138.2038704149877,37.82108208107326],[138.2038090272648,37.82098013482539],[138.20399014263103,37.82093736037092]]],[[[138.29123411176488,37.82092510800737],[138.29128771675482,37.82115650536849],[138.29111577177548,37.82123538670379],[138.29108632887107,37.82100455861354],[138.29123411176488,37.82092510800737]]],[[[138.20258569387477,37.82142319842194],[138.20271569357442,37.8215418019127],[138.202778197356,37.82196986481745],[138.20252319099257,37.82187346828596],[138.2023487548912,37.82162541368194],[138.20258569387477,37.82142319842194]]],[[[138.20354403393003,37.82181319842044],[138.20301902680671,37.822044306199814],[138.20330958516934,37.82142125228904],[138.20354403393003,37.82181319842044]]],[[[138.3223947474197,37.82312591902598],[138.32228891070474,37.82326286508919],[138.32218280239442,37.82320730587253],[138.32228863821013,37.82310146825819],[138.3223947474197,37.82312591902598]]],[[[138.20433097309603,37.8235787483606],[138.20445097323386,37.82377791941548],[138.20430736679157,37.82377986464911],[138.20420014332205,37.82367930605517],[138.20433097309603,37.8235787483606]]],[[[138.32174530470206,37.82438536019629],[138.32191252913992,37.82449508108317],[138.32195252918598,37.824784532380306],[138.32173613521456,37.82473674780272],[138.32174530470206,37.82438536019629]]],[[[138.30346442304472,37.82476953168862],[138.30356691338238,37.82486646781331],[138.30399664093227,37.825032864874856],[138.3041671982577,37.825142585761796],[138.3040899743729,37.82525230574936],[138.3037927502353,37.82503480201456],[138.30344997363738,37.824905081104646],[138.30346442304472,37.82476953168862]]],[[[138.2040601431611,37.82798319786633],[138.20448736699848,37.82824486460885],[138.2043079117808,37.82833735988129],[138.2040601431611,37.82798319786633]]],[[[138.20514014260357,37.82857319809466],[138.20505652363977,37.828681802023596],[138.2048479124013,37.82866986532207],[138.204828469958,37.82855958595616],[138.20514014260357,37.82857319809466]]],[[[138.20377430623932,37.82817208067701],[138.2041862523937,37.8284648648617],[138.20375180340307,37.82853069433611],[138.20377430623932,37.82817208067701]]],[[[138.35289652355573,37.82941894572781],[138.3531012452263,37.828944774581714],[138.35346875497908,37.8292942250485],[138.35289652355573,37.82941894572781]]],[[[138.20885155565486,37.82898289234663],[138.2090276653945,37.829437333266355],[138.20841878120189,37.829403170719786],[138.20885155565486,37.82898289234663]]],[[[138.35664413701738,37.82953658604464],[138.3568270816046,37.82958310797409],[138.35677819715613,37.82965394577303],[138.35659097269524,37.82962255943363],[138.35664413701738,37.82953658604464]]],[[[138.21068961073706,37.829992332779966],[138.2107276646501,37.83035010827092],[138.21022155588014,37.83025150480313],[138.2102901687564,37.82990899980058],[138.21068961073706,37.829992332779966]]],[[[138.35964988263606,37.83029363983968],[138.35947016931289,37.83041002740089],[138.35934710788274,37.83027836035808],[138.35964988263606,37.83029363983968]]],[[[138.21106488973294,37.8301162251837],[138.21122822280427,37.83042038669157],[138.21087572003853,37.83044066730298],[138.21106488973294,37.8301162251837]]],[[[138.21033238742984,37.83043261297479],[138.2105087813552,37.83047955938423],[138.2105432172957,37.83062289243259],[138.21024988272598,37.83054927932585],[138.21033238742984,37.83043261297479]]],[[[138.2107501692849,37.83090677512763],[138.2109076648569,37.83064705361869],[138.21109321657877,37.83086455915213],[138.2107501692849,37.83090677512763]]],[[[138.36115516158145,37.830998080597],[138.36104044136334,37.83111558601553],[138.36089961112816,37.83097058562407],[138.36115516158145,37.830998080597]]],[[[138.21142489014665,37.83155205398418],[138.21147267202628,37.83164372098099],[138.21133016905208,37.83173205419098],[138.21123627803183,37.831558720658506],[138.21142489014665,37.83155205398418]]],[[[138.21280099856733,37.83298483768016],[138.21287988260053,37.83305455942042],[138.21274238705155,37.833154838325186],[138.2126746168401,37.83308761310292],[138.21280099856733,37.83298483768016]]],[[[138.21231822270784,37.83310677495774],[138.21219350202853,37.83335594562044],[138.21207211423678,37.833189838140584],[138.21231822270784,37.83310677495774]]],[[[138.212779883385,37.83365677514013],[138.21232655043002,37.83355538737129],[138.2124490533812,37.83327483756375],[138.21302377412792,37.83342455939595],[138.212779883385,37.83365677514013]]],[[[138.21374963673645,37.83396010837237],[138.21357686078352,37.83418455936999],[138.21267406015977,37.83399427901281],[138.2131490532862,37.833634278599106],[138.21374963673645,37.83396010837237]]],[[[138.21395658872564,37.834624837766114],[138.2139013100974,37.83490594605263],[138.21375102528964,37.834752892232245],[138.21395658872564,37.834624837766114]]],[[[138.2133615558912,37.83473177525127],[138.21352741875546,37.834828721268536],[138.21358130972976,37.83504122477274],[138.21345238741776,37.835055387296336],[138.2133615558912,37.83473177525127]]],[[[138.21315627843956,37.83507510763019],[138.21342405967266,37.835271505175854],[138.21317267218114,37.83547927914549],[138.21290822293622,37.8351490004261],[138.21315627843956,37.83507510763019]]],[[[138.36859163399674,37.835556946396025],[138.36882640741283,37.83569424319484],[138.36872878060876,37.83575302738035],[138.36859163399674,37.835556946396025]]],[[[138.21485046717544,37.83546372087409],[138.21485936416843,37.83589510767314],[138.2146426977024,37.83585899989299],[138.21485046717544,37.83546372087409]]],[[[138.21424379981158,37.83593899998493],[138.21429741919064,37.83614761302198],[138.21402992214325,37.83606233301032],[138.21424379981158,37.83593899998493]]],[[[138.2148304671524,37.83610566684308],[138.21467241220216,37.836240387084274],[138.21448185485383,37.836167333355775],[138.2144343580593,37.8360028923197],[138.2148304671524,37.83610566684308]]],[[[138.21531824863837,37.83587483785351],[138.21539075198166,37.83596789160498],[138.21525241196935,37.836310107925215],[138.21511185512804,37.83615372121733],[138.21531824863837,37.83587483785351]]],[[[138.21554185517255,37.8362470537586],[138.21549658869662,37.8366392786798],[138.21540880677105,37.83656010776281],[138.2154057463781,37.836310107925215],[138.21554185517255,37.8362470537586]]],[[[138.2148835280525,37.83634622469856],[138.21499547296276,37.836540107739836],[138.21483574617287,37.83677927884071],[138.21471547264105,37.83654205387273],[138.2148835280525,37.83634622469856]]],[[[138.21460019484323,37.83648261318211],[138.21466603061288,37.83681927888665],[138.2144782485724,37.836770945722606],[138.2144618548308,37.83654150528628],[138.21460019484323,37.83648261318211]]],[[[138.3716866670061,37.83685371212914],[138.37085466910776,37.83677927884071],[138.37091783389099,37.83651877492156],[138.3716866670061,37.83685371212914]]],[[[138.2204638393348,37.836659278702825],[138.22053022009368,37.83688094629866],[138.22038771711948,37.836900666632516],[138.2204638393348,37.836659278702825]]],[[[138.21525574575617,37.83654483817378],[138.21537936386665,37.83680594643732],[138.21512408590786,37.83690650503121],[138.215142139798,37.836647892386395],[138.21525574575617,37.83654483817378]]],[[[138.21976241220557,37.83693789226999],[138.21977907934115,37.83698844136353],[138.21964603093966,37.837121225364285],[138.2195963038264,37.83703010785325],[138.21976241220557,37.83693789226999]]],[[[138.21454574628922,37.83705817119767],[138.21450297003605,37.837175946412856],[138.2142657459675,37.83707150544569],[138.21424936391702,37.83695372123731],[138.2141207518713,37.836784000281455],[138.2141849158013,37.83673177485156],[138.21432491596215,37.83685066702469],[138.21440574612836,37.83704399968087],[138.21454574628922,37.83705817119767]]],[[[138.2203007778587,37.83686566681712],[138.2204446693861,37.837000387058254],[138.2204085598072,37.83715510822174],[138.22016630403175,37.83710566709294],[138.2203007778587,37.83686566681712]]],[[[138.21351044135383,37.83715510822174],[138.21331461667626,37.8372942792077],[138.21324182914714,37.83717844113221],[138.21351044135383,37.83715510822174]]],[[[138.21940963694522,37.83736927906904],[138.2194079767968,37.837570666952786],[138.21924963676145,37.83755289185251],[138.21920269844588,37.837414837824554],[138.21940963694522,37.83736927906904]]],[[[138.22419119286928,37.83737474784641],[138.22496736715038,37.83750927922989],[138.22400108877923,37.837473864827075],[138.22419119286928,37.83737474784641]]],[[[138.37267466940057,37.8376822521343],[138.37288534368372,37.83779477530868],[138.372666952318,37.8378820805936],[138.37267466940057,37.8376822521343]]],[[[138.2195682485759,37.837637054006905],[138.21959075231143,37.8378867750547],[138.2194532558632,37.837889559355744],[138.21947603119395,37.83767844080745],[138.2195682485759,37.837637054006905]]],[[[138.21500797713645,37.83750677461802],[138.2152526979537,37.837991775400155],[138.2149560313958,37.838044559309026],[138.21484241194787,37.83776872104971],[138.21500797713645,37.83750677461802]]],[[[138.21902936401398,37.83767483812335],[138.21911464312632,37.83801844119813],[138.2186901945969,37.83791094613332],[138.21902936401398,37.83767483812335]]],[[[138.21726491574339,37.83815733339429],[138.21708408636152,37.83823066681185],[138.21706241180095,37.838110108194996],[138.21726491574339,37.83815733339429]]],[[[138.21748241228352,37.838158999838015],[138.21740241219163,37.83831427858115],[138.21730491578933,37.83825789198818],[138.21748241228352,37.838158999838015]]],[[[138.2185488067821,37.83807177459278],[138.2185663039918,37.83834844112772],[138.21837185527693,37.83837900009081],[138.21840269842585,37.83810789226544],[138.2185488067821,37.83807177459278]]],[[[138.21671491556094,37.83815427929659],[138.2168635276298,37.83835677514509],[138.21657297016645,37.83838510828616],[138.2165160313898,37.83821066678888],[138.21671491556094,37.83815427929659]]],[[[138.21795408601236,37.83826927920393],[138.21810518830387,37.83848150481765],[138.21770797664192,37.83855066717962],[138.21770435777,37.838354278627094],[138.21795408601236,37.83826927920393]]],[[[138.24372997425894,37.838615639600164],[138.2437685857517,37.83872063994562],[138.24363941612626,37.83879453184221],[138.2435858111363,37.83863230583631],[138.24372997425894,37.838615639600164]]],[[[138.21765880710836,37.83861677544388],[138.21782824927436,37.838803721114914],[138.21771131042874,37.83883983788826],[138.21758547279137,37.83870122538127],[138.21765880710836,37.83861677544388]]],[[[138.24103330674177,37.8389159187347],[138.2408483009084,37.83889758605483],[138.2409024769678,37.83871480244625],[138.24117219174332,37.83878925192249],[138.24103330674177,37.8389159187347]]],[[[138.2447899736784,37.83876091878142],[138.24461163362002,37.838952027414166],[138.24433163419758,37.8389353602787],[138.24460885921155,37.83872258607852],[138.2447899736784,37.83876091878142]]],[[[138.21428099936873,37.8388920543249],[138.214321556095,37.83902677456604],[138.21419211397495,37.83901177477367],[138.21428099936873,37.8388920543249]]],[[[138.2439058106047,37.83884897320161],[138.24405219235484,37.83893286466002],[138.24389747119142,37.83907591891858],[138.24378247668005,37.838934801799724],[138.2439058106047,37.83884897320161]]],[[[138.2184240861028,37.8388798379342],[138.21849379974913,37.839125108237226],[138.2182057459985,37.83902955886708],[138.2184240861028,37.8388798379342]]],[[[138.2152390786207,37.83880261315011],[138.21498741863456,37.83852205434937],[138.21523824944575,37.838260667296026],[138.21545936395853,37.838795666786666],[138.2152390786207,37.83880261315011]]],[[[138.2314233069401,37.83878008063624],[138.23156302201596,37.83911730571913],[138.2311319203019,37.83913619777735],[138.2314233069401,37.83878008063624]]],[[[138.24710885938646,37.83906646794321],[138.2472744227764,37.83919036034689],[138.2471371979234,37.839314251851306],[138.2468599738088,37.839162585684846],[138.24710885938646,37.83906646794321]]],[[[138.24359442304421,37.83922758598436],[138.2436019197928,37.83938786495804],[138.2434377557479,37.83933341370613],[138.24359442304421,37.83922758598436]]],[[[138.23926386543508,37.839062027090904],[138.2394069133984,37.839235359724114],[138.23913191960253,37.839345080611054],[138.2391196888226,37.8391336940648],[138.23926386543508,37.839062027090904]]],[[[138.37500910528604,37.83875591855087],[138.3752902198678,37.83888891928825],[138.37527771659336,37.83944169387911],[138.37490966275084,37.83923863955164],[138.37500910528604,37.83875591855087]]],[[[138.24186747110696,37.83922536016229],[138.2419980292857,37.839628135030466],[138.24171802896387,37.83975591880068],[138.24186747110696,37.83922536016229]]],[[[138.24261239934287,37.83973627041263],[138.24254632885004,37.839883892327805],[138.24207058389038,37.839663449608565],[138.24214408638056,37.83956629674725],[138.24261239934287,37.83973627041263]]],[[[138.24810357971649,37.84017174822765],[138.24820247726257,37.84025702733999],[138.24801581128077,37.84031980181743],[138.24795552522733,37.84022980216372],[138.24810357971649,37.84017174822765]]],[[[138.24846608294342,37.840433135281046],[138.24819941597036,37.84056008088305],[138.24808080438572,37.8403973062907],[138.24846608294342,37.840433135281046]]],[[[138.23694552471625,37.840582305828775],[138.2370335800357,37.840690360271935],[138.23694053168026,37.84073258614001],[138.23684080405997,37.84064425203064],[138.23694552471625,37.840582305828775]]],[[[138.24920302160228,37.84066146775257],[138.24943858642166,37.84080758600135],[138.24926719812277,37.8410364679587],[138.24903442300024,37.840950640259905],[138.24920302160228,37.84066146775257]]],[[[138.23637552541027,37.84044674831881],[138.2362808043157,37.840831197701675],[138.23589024583828,37.84099453167238],[138.2361363552087,37.84052702720061],[138.23637552541027,37.84044674831881]]],[[[138.2284471732985,37.842849252091355],[138.22869744473132,37.84313869439529],[138.22829605661775,37.8431453601703],[138.2284471732985,37.842849252091355]]],[[[138.2618058113892,37.84342674814599],[138.26186108911804,37.843524802127945],[138.26177885870743,37.84357202732724],[138.2616855252669,37.84346369409428],[138.2618058113892,37.84342674814599]]],[[[138.2616358107441,37.84352925197345],[138.261658586075,37.843604532423285],[138.26149581058326,37.84363563997283],[138.26148858632928,37.8435286943938],[138.2616358107441,37.84352925197345]]],[[[138.24968830117427,37.84379313464552],[138.2499435800322,37.8439273063002],[138.2498380293017,37.84406536032816],[138.24947885896222,37.84384286535601],[138.24968830117427,37.84379313464552]]],[[[138.2560160830758,37.84430786521585],[138.25568358033308,37.84454897255711],[138.255316913245,37.84443786491556],[138.25583469521507,37.84428508089184],[138.2560160830758,37.84430786521585]]],[[[138.25302413665463,37.84443286468502],[138.25315024588724,37.84464619826349],[138.25285997440835,37.84460897262602],[138.25302413665463,37.84443286468502]]],[[[138.25394191998373,37.84468702658506],[138.25377858601303,37.844549252246225],[138.25406496792402,37.844517865007504],[138.25394191998373,37.84468702658506]]],[[[138.28639555141365,37.882106198142594],[138.28642472092417,37.88223564026265],[138.28626861210682,37.882241467869505],[138.28626306059186,37.88209702685634],[138.28639555141365,37.882106198142594]]],[[[138.28679333324578,37.88236563996236],[138.2867669390431,37.88258508083686],[138.28656500617012,37.8824964679377],[138.28679333324578,37.88236563996236]]],[[[138.44244600457955,37.88285208055913],[138.44245016933996,37.882999027083486],[138.4423329436105,37.88299013458709],[138.4423515559796,37.88284486529835],[138.44244600457955,37.88285208055913]]],[[[138.28879861186647,37.88890646765941],[138.28886277579647,37.889127027290556],[138.2886947212844,37.8891425855619],[138.28855333257036,37.88897425225997],[138.28879861186647,37.88890646765941]]],[[[138.28948749705046,37.889376467749855],[138.28955111509197,37.88952564009628],[138.28932861202588,37.88959425207315],[138.28922639418283,37.88949202703549],[138.28948749705046,37.889376467749855]]],[[[138.28970888495712,37.89010702661801],[138.28981138788527,37.890287026824865],[138.28957416291735,37.89032897300376],[138.28943277600183,37.890250359666425],[138.28970888495712,37.89010702661801]]],[[[138.28533386486606,37.899235360323644],[138.2851413622841,37.89936008100301],[138.28509691329202,37.89923091857207],[138.28533386486606,37.899235360323644]]],[[[138.28520053227885,37.89964925171165],[138.28533941638102,37.89971674762984],[138.28519885864046,37.89979897264453],[138.28507830092292,37.89970925178062],[138.28520053227885,37.89964925171165]]],[[[138.2771863290859,37.90770091886236],[138.27733688728756,37.9078106397493],[138.27716438382936,37.90786563958767],[138.2771863290859,37.90770091886236]]],[[[138.28220192008257,37.911612585752266],[138.28231747127438,37.91170035958396],[138.28226386538518,37.91176786539472],[138.28206800293606,37.911652585798265],[138.28220192008257,37.911612585752266]]],[[[138.28301661502485,37.914533973164396],[138.28273189416166,37.914615081221086],[138.28263855982175,37.91451313497328],[138.28295077835583,37.91444425230043],[138.28301661502485,37.914533973164396]]],[[[138.32958769061952,37.951247387357114],[138.32951858581418,37.951288721097626],[138.32931077767034,37.951070891808286],[138.32937988337494,37.95102953198739],[138.32958769061952,37.951247387357114]]],[[[138.33052425359153,37.95261297281047],[138.33044875460644,37.95263658630944],[138.33000083017419,37.95173935968376],[138.3300763552396,37.95171572100378],[138.33052425359153,37.95261297281047]]],[[[138.3303625545883,37.95341661328615],[138.33027610905526,37.9534241711886],[138.33021464309138,37.952982360347676],[138.33030108862442,37.95297483841813],[138.3303625545883,37.95341661328615]]],[[[138.246383890704,37.96102208090434],[138.24646472087022,37.961140413699184],[138.2462774973087,37.961121532432855],[138.246383890704,37.96102208090434]]],[[[138.24822610874799,37.961067081180886],[138.24830333263276,37.9611943055728],[138.24818610870204,37.96127597300779],[138.2481219456713,37.96116430598801],[138.24822610874799,37.961067081180886]]],[[[138.244537782193,37.96143708115642],[138.24457778223893,37.96121180188322],[138.2448874970604,37.96126902664429],[138.2447433330384,37.961423198321995],[138.244537782193,37.96143708115642]]],[[[138.24953861171764,37.961288468188286],[138.24960500596637,37.961393748222974],[138.2493738909924,37.961579306240026],[138.24923972833085,37.96148236022282],[138.24953861171764,37.961288468188286]]],[[[138.2428622184167,37.96219513499756],[138.24276749732223,37.962288748127264],[138.2425577817163,37.96217819806543],[138.24267693918944,37.96208319818112],[138.2428622184167,37.96219513499756]]],[[[138.34198481174974,37.962094413626346],[138.3422268094198,37.96277897307118],[138.34214644600172,37.96279805398706],[138.3419024383469,37.96210763995566],[138.34198481174974,37.962094413626346]]],[[[138.34248133644462,37.9638687211646],[138.3422280028201,37.96302566700098],[138.34231383861288,37.963015054101504],[138.34248133644462,37.9638687211646]]],[[[138.25245169928655,37.96399402730259],[138.25250697791478,37.96414819808092],[138.25237221810346,37.96414041444859],[138.25245169928655,37.96399402730259]]],[[[138.25007027202548,37.96436346789977],[138.25014000006104,37.96445264017723],[138.2500441629079,37.964576531681644],[138.24992527882864,37.96455958575632],[138.25007027202548,37.96436346789977]]],[[[138.24887583655072,37.96470874821023],[138.24891500562308,37.96482625183012],[138.24866999972073,37.96486541370791],[138.24877888513754,37.9647251347572],[138.24887583655072,37.96470874821023]]],[[[138.24712221791606,37.96524541414459],[138.24718221798503,37.96543235981562],[138.24695306083515,37.965380972553874],[138.24712221791606,37.96524541414459]]],[[[138.2476272241172,37.96526791877949],[138.24764194601903,37.96539430590252],[138.24748972766884,37.96543235981562],[138.2475202722428,37.9652998653965],[138.2476272241172,37.96526791877949]]],[[[138.3427846426972,37.965579080610155],[138.3426784948167,37.96558966742924],[138.34257383891156,37.964907171029154],[138.34267771690315,37.96489477477411],[138.3427846426972,37.965579080610155]]],[[[138.2477955511239,37.966035973081716],[138.24781722388582,37.966200693807025],[138.24763055790402,37.966108468331186],[138.2477955511239,37.966035973081716]]],[[[138.34267038922712,37.96734500017169],[138.34257555122076,37.967348440977844],[138.34254311267455,37.96667855936806],[138.34263797676124,37.96667153206562],[138.34267038922712,37.96734500017169]]],[[[138.2427394159913,37.967483198091145],[138.2425235795996,37.96716764037433],[138.24303330724138,37.96709986476702],[138.243131633718,37.967343748315386],[138.2427394159913,37.967483198091145]]],[[[138.24147247717315,37.967493748038066],[138.2408541366092,37.96741930575638],[138.24092357955965,37.96673625177664],[138.2418316340228,37.96717708055786],[138.24147247717315,37.967493748038066]]],[[[138.24838066083885,37.9674880814099],[138.24819705614925,37.967861972751905],[138.2481235023978,37.96783219799761],[138.24838066083885,37.9674880814099]]],[[[138.2568178079955,37.96781625211838],[138.25689224398195,37.96787653187647],[138.25682031080873,37.96805263981753],[138.2566880798911,37.967889305846825],[138.2568178079955,37.96781625211838]]],[[[138.34267136229357,37.96762061270118],[138.34267033706647,37.96810208094632],[138.3425646172633,37.96810194604802],[138.34256564159114,37.96762046791031],[138.34267136229357,37.96762061270118]]],[[[138.2478112838637,37.96790589204335],[138.247700116867,37.96814530596117],[138.24764221761427,37.96812963977112],[138.24775055804184,37.96788874826717],[138.2478112838637,37.96790589204335]]],[[[138.2447696885704,37.96806319785833],[138.2450149678665,37.968230135412455],[138.24486775604214,37.96831374808107],[138.24468691317054,37.968230135412455],[138.2447696885704,37.96806319785833]]],[[[138.24702771715545,37.96777586536393],[138.24693313905323,37.968086332918006],[138.24559577162768,37.96871363972275],[138.24552691323652,37.96861733312346],[138.24684747143374,37.967979640048384],[138.24702771715545,37.96777586536393]]],[[[138.34271319066124,37.968401252116166],[138.34258544736053,37.969001197946966],[138.342477081752,37.96898853189526],[138.3426116077395,37.968384999568116],[138.34271319066124,37.968401252116166]]],[[[138.2453100003563,37.96861689155634],[138.24400622620647,37.96925905426201],[138.24395230915184,37.96916869398012],[138.24524297028688,37.96853091906672],[138.2453100003563,37.96861689155634]]],[[[138.24356022002814,37.96952730584053],[138.24251099898345,37.970099000368634],[138.24242350214297,37.96999083800682],[138.24356022002814,37.96952730584053]]],[[[138.24197483756882,37.97047950532499],[138.24144280224357,37.97074461287366],[138.2413646430639,37.97063794608442],[138.24197483756882,37.97047950532499]]],[[[138.34119749666718,37.96981699995462],[138.3409896894227,37.97079902725335],[138.34073730188504,37.97074986491441],[138.34095822304357,37.96978119794397],[138.34119749666718,37.96981699995462]]],[[[138.242219533205,37.97029586466249],[138.24212880689902,37.970834892216544],[138.2420539949959,37.97083472134534],[138.24214846967618,37.97028980233256],[138.242219533205,37.97029586466249]]],[[[138.23487438424547,37.97130930617959],[138.23497994756656,37.971452080748975],[138.23482577229163,37.97151264019624],[138.23476800344065,37.97133735963149],[138.23487438424547,37.97130930617959]]],[[[138.24121992236155,37.970843252314296],[138.23968019488518,37.97155586521109],[138.23960572022781,37.971458054046025],[138.24114924823925,37.970727693927984],[138.24121992236155,37.970843252314296]]],[[[138.2407405315504,37.9716418017278],[138.24047275031728,37.97163846794098],[138.24047192024295,37.97133735963149],[138.24075330731932,37.97137653230118],[138.2407405315504,37.9716418017278]]],[[[138.23293189359208,37.973051801999134],[138.23289411217365,37.97325264039711],[138.2325096627908,37.973091532248475],[138.23270383901104,37.972978197885595],[138.23293189359208,37.973051801999134]]],[[[138.23195243835437,37.97332374799265],[138.23209272360043,37.97339736020007],[138.2321454994153,37.973575972753],[138.23194438402618,37.97347874794593],[138.23195243835437,37.97332374799265]]],[[[138.25824999993756,37.97332113456275],[138.25808814535173,37.97298222504969],[138.25819105117614,37.97296763984474],[138.25824999993756,37.97332113456275]]],[[[138.25883844433883,37.97332236033873],[138.2590064718712,37.973577107697395],[138.25888347609157,37.97363655917991],[138.25854260695576,37.9731188923231],[138.2586793003095,37.97306294639793],[138.25883844433883,37.97332236033873]]],[[[138.23220077804353,37.97411458571963],[138.23207050584926,37.97410291881471],[138.23214632859026,37.973975973212646],[138.23227910539651,37.97403402714866],[138.23220077804353,37.97411458571963]]],[[[138.23169466927368,37.97392013520613],[138.23179994840893,37.97395235971368],[138.23200466918024,37.97426486513149],[138.23171189398875,37.974176531921444],[138.23169466927368,37.97392013520613]]],[[[138.25864430589002,37.97401041364975],[138.25886072594176,37.97432955876218],[138.2587634112025,37.9743607211704],[138.258333332917,37.97376941422715],[138.25842778241633,37.973722639588175],[138.25864430589002,37.97401041364975]]],[[[138.2315432809977,37.97410958638835],[138.2317502203964,37.974380973003576],[138.2314921662305,37.97440458560317],[138.2315432809977,37.97410958638835]]],[[[138.23129549888824,37.97502846778963],[138.23102522743238,37.974828197763145],[138.23123717335693,37.9746037476649],[138.23150717321755,37.97495486457541],[138.23129549888824,37.97502846778963]]],[[[138.34039442276446,37.97354838694855],[138.33965341107614,37.975072918580395],[138.33939260678346,37.974993504846395],[138.3401336058813,37.97346897321461],[138.34039442276446,37.97354838694855]]],[[[138.25923108924349,37.974997918719],[138.25881430563572,37.97444177526779],[138.25890396894306,37.97440958583377],[138.25923108924349,37.974997918719]]],[[[138.2294941118638,37.976564586286656],[138.2291541123725,37.97682653181903],[138.229080505561,37.97662763955395],[138.2294941118638,37.976564586286656]]],[[[138.22865880715824,37.977674026834904],[138.22811686130422,37.97756013489237],[138.22821130990405,37.97745402658211],[138.2287607516074,37.97749569397115],[138.22865880715824,37.977674026834904]]],[[[138.22845075170085,37.97797153156097],[138.22820769103214,37.9779637479287],[138.22822185535438,37.977824585935934],[138.22845075170085,37.97797153156097]]],[[[138.22871936390754,37.97835041414038],[138.22848769135396,37.97818153225194],[138.22873797717602,37.97808069396888],[138.22871936390754,37.97835041414038]]],[[[138.22975713388473,37.978304585588205],[138.22989216619055,37.97841625170872],[138.22977658891853,37.9785370810215],[138.22968574570064,37.97841236034219],[138.22975713388473,37.978304585588205]]],[[[138.22839936443916,37.978825694150544],[138.22776158233125,37.978528747903454],[138.22843241182636,37.978287919352056],[138.22839936443916,37.978825694150544]]],[[[138.22926596555192,37.978841999758515],[138.2290266928277,37.979206279146524],[138.22898389139357,37.979185801583526],[138.22926596555192,37.978841999758515]]],[[[138.22733046712744,37.978965134933105],[138.22745297007862,37.97927791914071],[138.22723574603287,37.9793890267822],[138.22713518833837,37.97912125184433],[138.22733046712744,37.978965134933105]]],[[[138.22696630375196,37.97910708122686],[138.22703713435635,37.979324027382006],[138.22693797690613,37.97936791879448],[138.22690102466265,37.97912791941798],[138.22696630375196,37.97910708122686]]],[[[138.26467185542185,37.978081864886235],[138.2644138003567,37.98037000007548],[138.26430632867414,37.98036269398318],[138.26467185542185,37.978081864886235]]],[[[138.2281279769246,37.98306291921841],[138.22821019474475,37.983212080772944],[138.22808603074577,37.983276251897564],[138.22801213974856,37.98311374800113],[138.2281279769246,37.98306291921841]]],[[[138.22866464285903,37.98337097299208],[138.22866658899193,37.98351097315293],[138.22848325589757,37.98354764031143],[138.22849852099,37.983411251827874],[138.22866464285903,37.98337097299208]]],[[[138.2267557463806,37.983691801635416],[138.22665797658442,37.98378986461063],[138.22654713424288,37.98375764010308],[138.22658131027936,37.98363513535327],[138.2267557463806,37.983691801635416]]],[[[138.22709269806967,37.98381125228752],[138.22716907928964,37.983954865025055],[138.2270304667827,37.98397125157203],[138.22709269806967,37.98381125228752]]],[[[138.23325158189505,37.98391389191261],[138.23355561569917,37.98405633283352],[138.23382383939872,37.98437646809958],[138.23373080363376,37.984433666780376],[138.23325158189505,37.98391389191261]]],[[[138.22860464279006,37.98424819779615],[138.2285910252557,37.98443902673972],[138.2284301949976,37.98449513544222],[138.2285182494178,37.98426930578387],[138.22860464279006,37.98424819779615]]],[[[138.2288043579348,37.98439597259613],[138.2290196367469,37.98466486539127],[138.22864185493768,37.98501013490983],[138.22837880683653,37.984855973124695],[138.2288043579348,37.98439597259613]]],[[[138.23291630384438,37.98617402670999],[138.23284046671426,37.986363198203094],[138.23269741875094,37.98631097277325],[138.2327624118559,37.98618097307349],[138.23291630384438,37.98617402670999]]],[[[138.23280435803474,37.98691041408438],[138.2323882489186,37.98699625167575],[138.23243102517176,37.98680153226496],[138.23267325576626,37.98668486501458],[138.23280435803474,37.98691041408438]]],[[[138.23129880659474,37.989188775441676],[138.2313024119768,37.989279892053446],[138.23118380039216,37.98931294573589],[138.23112269775436,37.9892040540239],[138.23129880659474,37.989188775441676]]],[[[138.22702713389515,37.98973627910607],[138.22718019491015,37.98975905443689],[138.2271921397055,37.98985294635645],[138.22707269804664,37.98989405436714],[138.22702713389515,37.98973627910607]]],[[[138.2320815818996,37.99005989205045],[138.23217880670666,37.99015210763372],[138.2320735275713,37.99023544061316],[138.23199325588416,37.990106000291746],[138.2320815818996,37.99005989205045]]],[[[138.23116880689497,37.99064933290043],[138.23106297018,37.99042377483738],[138.23133130989208,37.99043377529853],[138.23116880689497,37.99064933290043]]],[[[138.22841518801056,37.99082877462831],[138.2277115818241,37.9905304407273],[138.22788630390983,37.99017627871234],[138.22841518801056,37.99082877462831]]],[[[138.23142574590156,37.990819613234635],[138.2312435279665,37.99093377497377],[138.23110518795409,37.99081072073824],[138.23133464277964,37.99077294561499],[138.23142574590156,37.990819613234635]]],[[[138.22875603106604,37.991919054221],[138.22754574593944,37.99147100028648],[138.22780130988258,37.991206559135435],[138.2286610248865,37.991416558927085],[138.22875603106604,37.991919054221]]],[[[138.22781408565163,37.99290099968147],[138.22732769092022,37.9923493330553],[138.2283929702594,37.992044613068515],[138.2283126976729,37.99273155931405],[138.22781408565163,37.99290099968147]]],[[[138.23420883287145,37.99438266692658],[138.23415630437,37.99460766740998],[138.23394907898683,37.994579333369586],[138.23399379957425,37.99445461269028],[138.23420883287145,37.99438266692658]]],[[[138.23298364507923,37.99489708093557],[138.2328522829066,37.9948891713982],[138.23281192043385,37.993647359637976],[138.23294972804763,37.99364513471522],[138.23298364507923,37.99489708093557]]],[[[138.22987131001298,37.99459017109956],[138.23000713372232,37.99482489235493],[138.2297085210315,37.994925171259695],[138.22962574563167,37.99473350504729],[138.22987131001298,37.99459017109956]]],[[[138.23172297003907,37.99726350480694],[138.2317613099366,37.99735933296688],[138.23162325590863,37.99738572087438],[138.23157185515709,37.99728322514079],[138.23172297003907,37.99726350480694]]],[[[138.31840180340055,37.99776638680936],[138.31788691275085,37.99812466681999],[138.31780219211748,37.99806558585817],[138.31833082980404,37.99770658638988],[138.31840180340055,37.99776638680936]]],[[[138.3174574451051,37.998453919412896],[138.31705752288644,37.998723585625044],[138.31695491563687,37.99862827907185],[138.31735483785553,37.99835861285976],[138.3174574451051,37.998453919412896]]],[[[138.2292032558256,37.99872961288139],[138.22884880692698,37.9986973865752],[138.2288399216252,37.99858961272048],[138.22915686070064,37.99856710808564],[138.2292032558256,37.99872961288139]]],[[[138.22990491587927,37.99913433298315],[138.22948852077866,37.999064891831324],[138.2296865892647,37.99872100007417],[138.23021296965294,37.9988298917861],[138.22990491587927,37.99913433298315]]],[[[138.23018963674235,37.999390720705264],[138.2301213098507,37.99927877489557],[138.23041408594133,37.999279891853575],[138.23042547315708,37.99937710766744],[138.23018963674235,37.999390720705264]]],[[[138.23011269794267,37.99946933314328],[138.23033325577524,37.99959655933378],[138.230255745906,37.9996857208194],[138.23006658880206,37.999572667045015],[138.23011269794267,37.99946933314328]]],[[[138.31602433225714,37.99938397309194],[138.31537786000035,37.99984274784458],[138.31527383901653,37.99975097292912],[138.31592031127343,37.99929219817648],[138.31602433225714,37.99938397309194]]],[[[138.31496555141916,38.000112000368574],[138.31435647207354,38.000490505232676],[138.31428461714142,38.00043183795901],[138.31488413669365,38.000034225199386],[138.31496555141916,38.000112000368574]]],[[[138.22471296962794,38.000202667319286],[138.2246674189663,38.000474613312804],[138.22449019496662,38.00038877482217],[138.22471296962794,38.000202667319286]]],[[[138.23015574579108,38.00129044140078],[138.23016352762477,38.00139294612762],[138.22999936357985,38.001466838024214],[138.2298826981281,38.00139294612762],[138.23015574579108,38.00129044140078]]],[[[138.27499999985014,38.00237555888498],[138.27534239873273,38.002655062781],[138.27528378721706,38.0026971528514],[138.27493219186726,38.00242243244935],[138.27499999985014,38.00237555888498]]],[[[138.27583692603332,38.003008901040005],[138.2757846817177,38.003057873622026],[138.275424552701,38.00279859457953],[138.2754762906983,38.00275284696636],[138.27583692603332,38.003008901040005]]],[[[138.23271464256675,38.003424612655806],[138.23254297008202,38.0035090536],[138.23248130986462,38.00342266742223],[138.23271464256675,38.003424612655806]]],[[[138.23318102468465,38.00334738697239],[138.23335686103042,38.003582387017616],[138.23322741891036,38.00373600021629],[138.2330576907599,38.003552107743644],[138.23318102468465,38.00334738697239]]],[[[138.27849897504768,38.004271080645935],[138.27845923490588,38.0043258196809],[138.27822181568433,38.00421290080476],[138.2782596501628,38.00415985609254],[138.27849897504768,38.004271080645935]]],[[[138.27940221813788,38.00460366702566],[138.27935630415016,38.004686305728455],[138.27881836567508,38.00449901831507],[138.2788629963303,38.00441555043733],[138.27940221813788,38.00460366702566]]],[[[138.23029852125978,38.0049132253651],[138.22991046739423,38.00484905424054],[138.23010046716286,38.00465044076526],[138.23029852125978,38.0049132253651]]],[[[138.28033255510343,38.00488510806133],[138.28028933908183,38.0049728018534],[138.27972717287082,38.004799387381865],[138.27977038889242,38.004711693589854],[138.28033255510343,38.00488510806133]]],[[[138.2815814661118,38.005273143940485],[138.28154844390565,38.00535673862265],[138.28073077760337,38.005128532056176],[138.2807672756893,38.00504577464284],[138.2815814661118,38.005273143940485]]],[[[138.2820673931957,38.005417774710565],[138.28203236100467,38.00549381958416],[138.2816549290318,38.00538657722882],[138.28168922198006,38.00530875709353],[138.2820673931957,38.005417774710565]]],[[[138.30236741922113,38.00536897299975],[138.30128247710468,38.00555583773178],[138.30125111504697,38.00544177491804],[138.3023360310831,38.00525489219956],[138.30236741922113,38.00536897299975]]],[[[138.29993883331053,38.00581527865222],[138.2988715053158,38.006016135036646],[138.29885099897444,38.00594791876148],[138.29991830088898,38.00574705428318],[138.29993883331053,38.00581527865222]]],[[[138.29387883264212,38.006216801664095],[138.29386678262597,38.00631110817113],[138.29290961078993,38.00620461315242],[138.29294666735484,38.00612083770653],[138.29387883264212,38.006216801664095]]],[[[138.29559953339185,38.00633719840306],[138.29448394327937,38.00631974795806],[138.29449158212083,38.00624289189602],[138.2955997537257,38.006261468292166],[138.29559953339185,38.00633719840306]]],[[[138.29687500587693,38.006251865331365],[138.2958780543288,38.00634153223598],[138.29587085615515,38.00625730622977],[138.29686128402113,38.00616813485158],[138.29687500587693,38.006251865331365]]],[[[138.28975644560353,38.006482721300586],[138.2897548124347,38.006561802285376],[138.28913613462498,38.00655372097748],[138.28913780826326,38.00647463999269],[138.28975644560353,38.006482721300586]]],[[[138.29218827536863,38.00656089217148],[138.29158286615643,38.006563305951886],[138.29158241199877,38.00649338726009],[138.29218783380156,38.00649094560072],[138.29218827536863,38.00656089217148]]],[[[138.29109133629618,38.00648733302404],[138.29109082997786,38.006567666764454],[138.29047066109217,38.00656541396273],[138.2904711674105,38.00648505414199],[138.29109133629618,38.00648733302404]]],[[[138.2883006869272,38.006491918667166],[138.28830204940016,38.006567864615306],[138.28784466859668,38.00656516215258],[138.28784665429976,38.00648827911084],[138.2883006869272,38.006491918667166]]],[[[138.22092099890506,38.01166544140705],[138.2208868345598,38.01115266686213],[138.22164572027384,38.011240170897224],[138.2217223865789,38.01153405405341],[138.22092099890506,38.01166544140705]]],[[[138.22075933857263,38.013579613308536],[138.22054988287084,38.01354600024774],[138.22067099906747,38.01341572085886],[138.22075933857263,38.013579613308536]]],[[[138.21998099872417,38.01477100008162],[138.22019571995656,38.01514850489963],[138.21990238718547,38.01509544130164],[138.21998099872417,38.01477100008162]]],[[[138.22139600462197,38.01632710780984],[138.22149321683855,38.01637155860061],[138.22138433232112,38.01652600007492],[138.22127211401687,38.016475999567774],[138.22139600462197,38.01632710780984]]],[[[138.22065099904444,38.016613505009275],[138.2202087808106,38.016495999590745],[138.2203865497995,38.016166559039505],[138.22065099904444,38.016613505009275]]],[[[138.21935600497568,38.01713433298312],[138.21884128429792,38.016551558807464],[138.2203871082785,38.01672266741724],[138.21935600497568,38.01713433298312]]],[[[138.22287238655144,38.01761517080354],[138.22210988286486,38.01746461260183],[138.22084211397248,38.017582386917695],[138.2210223866739,38.01709238680428],[138.22234795139696,38.01718377501123],[138.22287238655144,38.01761517080354]]],[[[138.22033128376177,38.02148600037867],[138.22039238729894,38.02153933287394],[138.2203415558182,38.021655748314174],[138.22022099899993,38.02156738722522],[138.22033128376177,38.02148600037867]]],[[[138.21976294370495,38.02296350466207],[138.21966433214322,38.02284377522011],[138.21990878136523,38.02277238703607],[138.21995044066034,38.022947108222525],[138.21976294370495,38.02296350466207]]],[[[138.22615603077622,38.02290377528902],[138.2262257462213,38.02297877515042],[138.22616464268413,38.0231335053071],[138.22605936444813,38.02309322467261],[138.22615603077622,38.02290377528902]]],[[[138.22567822277188,38.023042108106836],[138.22574630414863,38.023170999841795],[138.22565683509492,38.02320517138162],[138.22556099884105,38.02308155866706],[138.22567822277188,38.023042108106836]]],[[[138.23644061024606,38.02589661293837],[138.23637625206243,38.02596617100204],[138.23571358031757,38.02569605422957],[138.23566919607663,38.02556102731961],[138.23644061024606,38.02589661293837]]],[[[138.23773808014835,38.029347612902086],[138.2376090786961,38.02939427872303],[138.23740805413843,38.0290465585519],[138.237537081671,38.028999891831575],[138.23773808014835,38.029347612902086]]],[[[138.23860396899806,38.03143680186696],[138.23841077843474,38.03145761307843],[138.2383424380531,38.03106058577748],[138.23853564210629,38.03103977456601],[138.23860396899806,38.03143680186696]]],[[[138.2304604666773,38.03973961279297],[138.2303529698138,38.039855440975884],[138.23025769113963,38.03969350455162],[138.2304604666773,38.03973961279297]]],[[[138.23039603115194,38.0402701714313],[138.23063880673556,38.04042017115404],[138.23063880673556,38.04098238682775],[138.23013379963515,38.0403298918111],[138.23039603115194,38.0402701714313]]],[[[138.23570075238786,38.04672433326141],[138.23575852123884,38.04683350466257],[138.23559352801897,38.04686766720914],[138.23559352801897,38.04671461338876],[138.23570075238786,38.04672433326141]]],[[[138.23399603079224,38.047107386896414],[138.23410491620893,38.04726072130529],[138.2339688074146,38.04730794560527],[138.23390713370736,38.0472215594275],[138.23399603079224,38.047107386896414]]],[[[138.2349137997321,38.054396838143646],[138.23513741885688,38.05449850470228],[138.2349263039058,38.05461961280491],[138.2349137997321,38.054396838143646]]],[[[138.23316992165462,38.05639210820925],[138.23328518776123,38.056734053833566],[138.23306352825932,38.05666738709027],[138.23301269767796,38.05640600003693],[138.23316992165462,38.05639210820925]]],[[[138.23319797690522,38.05733822467937],[138.2330701949336,38.05722766742298],[138.23334464284108,38.05713350480744],[138.23340686063818,38.05730517099687],[138.23319797690522,38.05733822467937]]],[[[138.23282936368423,38.05801738729264],[138.23266297021996,38.057775440883916],[138.23291852067325,38.05759850466728],[138.23314630365905,38.05792850459687],[138.23282936368423,38.05801738729264]]],[[[138.23247075182383,38.05844766702626],[138.23217102487297,38.05842294556254],[138.23228352826231,38.058313505264096],[138.23247075182383,38.05844766702626]]],[[[138.23256713396609,38.059157108014176],[138.2324343580592,38.05894544087943],[138.23280880698087,38.05889544127166],[138.23297464286554,38.05906100016506],[138.23256713396609,38.059157108014176]]],[[[138.23273296985076,38.0603973873296],[138.23286046673718,38.06061517075358],[138.23242325592855,38.06076266676371],[138.23247046673873,38.06053683800474],[138.23273296985076,38.0603973873296]]],[[[138.235146860839,38.064250720594316],[138.23520547325404,38.064368225113526],[138.2351738000309,38.06451322460566],[138.23503547260907,38.06447517069262],[138.23505130967033,38.06430322481401],[138.235146860839,38.064250720594316]]],[[[138.23606769107118,38.06422294593227],[138.23626852137522,38.06448183826626],[138.23599352757935,38.06448266744121],[138.23606769107118,38.06422294593227]]],[[[138.47010652379709,38.06531561322504],[138.47012306143017,38.065365135292836],[138.46944450136266,38.065546279437285],[138.46943224360325,38.06549289208334],[138.47010652379709,38.06531561322504]]],[[[138.47260885861203,38.06520517108186],[138.47128552510696,38.06569413517627],[138.47123481233677,38.065616585736905],[138.47260885861203,38.06520517108186]]],[[[138.46915810596192,38.065557440923214],[138.469168106423,38.06560541435846],[138.4682535021974,38.06579486464136],[138.4678326329697,38.06591286468699],[138.46782063601358,38.06586272118767],[138.46842328070989,38.06570330556315],[138.46915810596192,38.065557440923214]]],[[[138.46747335920827,38.065967135175185],[138.46702111533227,38.06613872132499],[138.46619016874138,38.066397440989135],[138.46616941598586,38.066350467600046],[138.46672141356248,38.06617213473629],[138.46747335920827,38.065967135175185]]],[[[138.46589275035024,38.06641319801071],[138.46591924797497,38.06646422464428],[138.46463464287456,38.06694130599652],[138.46461527867223,38.066887837703575],[138.46589275035024,38.06641319801071]]],[[[138.57321544663557,38.06707086502843],[138.57316182905527,38.067222532094206],[138.5730218288943,38.067091134848056],[138.57321544663557,38.06707086502843]]],[[[138.2373621401507,38.067414333204965],[138.23684464326573,38.06736072102052],[138.2370010245777,38.06704599967321],[138.23744797684276,38.06700322521874],[138.2373621401507,38.067414333204965]]],[[[138.5724146174407,38.06797502722577],[138.57263572026238,38.06807697257426],[138.5725090525508,38.06833835962766],[138.57221933865162,38.06810502692548],[138.5724146174407,38.06797502722577]]],[[[138.24134216630796,38.06928600044864],[138.24148411170245,38.06934627930741],[138.24131910499273,38.06943794630422],[138.24119883325966,38.06931822495619],[138.24134216630796,38.06928600044864]]],[[[138.5010151748105,38.0717298829278],[138.50098474714844,38.071676721303675],[138.50179249033124,38.07138811716794],[138.5019558108121,38.071393792789365],[138.5010151748105,38.0717298829278]]],[[[138.24353160809733,38.072324892379925],[138.24326632877808,38.07231294578588],[138.24294328060796,38.07211905375141],[138.24322105061106,38.07210710805663],[138.2434605058977,38.07219989201144],[138.24353160809733,38.072324892379925]]],[[[138.5006549162914,38.07250231512978],[138.4998748506439,38.07226679257849],[138.49990653735688,38.07220579336274],[138.5006549162914,38.07250231512978]]],[[[138.57192907886395,38.07223089164239],[138.57208630373998,38.07258450507089],[138.57182408571305,38.072587837958395],[138.57192907886395,38.07223089164239]]],[[[138.45018396931482,38.072659000412614],[138.4501004672628,38.07256263985397],[138.4507434762305,38.07224383828259],[138.4507259403499,38.07248055873083],[138.45018396931482,38.072659000412614]]],[[[138.5731572371169,38.07281490058722],[138.57302785974798,38.07291968509543],[138.57241978044863,38.07245036039586],[138.57254904000627,38.072345585780226],[138.5731572371169,38.07281490058722]]],[[[138.52538819710765,38.07321550539132],[138.52518486399038,38.07331661257166],[138.52472236064852,38.073113837933306],[138.52497070033758,38.072944946152404],[138.52538819710765,38.07321550539132]]],[[[138.44911291812673,38.0731958920768],[138.44830282681403,38.0735973872097],[138.44823036304092,38.07350664021931],[138.44904175117597,38.073102000157235],[138.44911291812673,38.0731958920768]]],[[[138.24423938983603,38.07356794610388],[138.244139663115,38.07369405443711],[138.2440152266215,38.073605721227125],[138.24423938983603,38.07356794610388]]],[[[138.24450466915528,38.07350877520986],[138.24468189405422,38.07366461333129],[138.24457466878596,38.073722667267305],[138.2444343844394,38.073589332881454],[138.24450466915528,38.07350877520986]]],[[[138.5739081836158,38.07321619786927],[138.57325241236902,38.073966603875704],[138.57310337222293,38.07389659525171],[138.57373142726362,38.07312206313276],[138.5739081836158,38.07321619786927]]],[[[138.44805902690268,38.073699532207684],[138.44685457837613,38.07432441444024],[138.4467864718183,38.07424764021647],[138.44799661485195,38.0736158017279],[138.44805902690268,38.073699532207684]]],[[[138.24147549889517,38.07432155909271],[138.24126688675744,38.074234892326444],[138.24141939019273,38.074070441397794],[138.24149021989774,38.07416961323713],[138.24147549889517,38.07432155909271]]],[[[138.24193272411594,38.074274054204295],[138.2418388330957,38.074392666688254],[138.2417524379248,38.07425905441187],[138.24193272411594,38.074274054204295]]],[[[138.2421777174278,38.07445044093515],[138.24223800258187,38.074531000405386],[138.24212411243786,38.07458738699836],[138.24205243826952,38.07446710807062],[138.2421777174278,38.07445044093515]]],[[[138.24248771733437,38.07470155863007],[138.24268383878814,38.07485377518162],[138.24258661488045,38.07491905427099],[138.2424268871912,38.07482489165545],[138.24248771733437,38.07470155863007]]],[[[138.44663046732228,38.07443361282105],[138.44545197143145,38.07505891863423],[138.44540155633683,38.07499966680126],[138.4465771339277,38.074372892395104],[138.44663046732228,38.07443361282105]]],[[[138.44519858564627,38.07515966698509],[138.44457866407413,38.07549558625237],[138.4444687813093,38.0754796943325],[138.44514852128725,38.07509913541679],[138.44519858564627,38.07515966698509]]],[[[138.2460034756799,38.0757344677715],[138.24593961122412,38.075761837738696],[138.24564830102838,38.07536261339396],[138.2457092741637,38.07533297263865],[138.2460034756799,38.0757344677715]]],[[[138.53429933914322,38.07746574814581],[138.53435267163854,38.0775954681564],[138.53422571974124,38.07763880198917],[138.53421905306686,38.077496027419784],[138.53429933914322,38.07746574814581]]],[[[138.24081050600012,38.07796017112503],[138.24093966303508,38.07811489228851],[138.24071328119305,38.078099054327936],[138.24081050600012,38.07796017112503]]],[[[138.24457494217995,38.07898905400168],[138.2446435541567,38.07909266669327],[138.2445332810861,38.07921572092886],[138.24441632875062,38.079097666923815],[138.24457494217995,38.07898905400168]]],[[[138.53425648464906,38.07899728819433],[138.53489953318694,38.07911530622647],[138.53489238717395,38.07917783788696],[138.53425648464906,38.07899728819433]]],[[[138.54446797711546,38.08185683822256],[138.54465131020982,38.08221738722267],[138.54434547326503,38.08208238729242],[138.54446797711546,38.08185683822256]]],[[[138.53687488956461,38.082206026986626],[138.53703099928123,38.08234658562645],[138.53693350197955,38.08239074773485],[138.53676822277532,38.08230158624929],[138.53687488956461,38.082206026986626]]],[[[138.54900158185762,38.08184930640044],[138.54933963701467,38.08247153203564],[138.54898214031357,38.082612359572806],[138.5485721402921,38.08214597295836],[138.54900158185762,38.08184930640044]]],[[[138.2380965885868,38.082858504916146],[138.23790352842514,38.08238044060488],[138.23870992172556,38.08279766667903],[138.2380965885868,38.082858504916146]]],[[[138.5481760959501,38.08286671212909],[138.54770176382544,38.08302444062548],[138.54763961077947,38.08290290984149],[138.5481204926666,38.08274259489491],[138.5481760959501,38.08286671212909]]],[[[138.54951769108868,38.083150973438705],[138.5490826980082,38.08295208117369],[138.54933713420144,38.08271986542951],[138.54951769108868,38.083150973438705]]],[[[138.56588966277775,38.084036224692056],[138.56599050555747,38.08415872134799],[138.56587133639312,38.084199278973585],[138.56588966277775,38.084036224692056]]],[[[138.23904992211624,38.08428100036792],[138.23897992158618,38.084437108285954],[138.23882518783216,38.08432210837867],[138.23904992211624,38.08428100036792]]],[[[138.44338022032093,38.0828782792093],[138.44140335937755,38.08466017073033],[138.44132289163815,38.08460497304111],[138.44338022032093,38.0828782792093]]],[[[138.5643985598457,38.08479761321934],[138.56414661477447,38.084785108146264],[138.56430272359194,38.084618441288114],[138.5643985598457,38.08479761321934]]],[[[138.2392477172084,38.08477683798071],[138.23931856040326,38.084968225403316],[138.23910852104143,38.085154054116344],[138.23900936359132,38.085077946290255],[138.2390832563873,38.084881838326226],[138.2392477172084,38.08477683798071]]],[[[138.44221119339193,38.08485025233733],[138.44103824901606,38.08542510798242],[138.4409661998303,38.08533325212795],[138.44213914420618,38.084758386590295],[138.44221119339193,38.08485025233733]]],[[[138.23968189370453,38.08559155900332],[138.2396421661531,38.08532850460688],[138.23994910476745,38.085212386842215],[138.2398874454493,38.08550238672581],[138.23968189370453,38.08559155900332]]],[[[138.56363938994593,38.08543205434586],[138.5637735544061,38.08552427892238],[138.5636982748556,38.085646225193216],[138.56354411217114,38.08550233276651],[138.56363938994593,38.08543205434586]]],[[[138.5632166411351,38.086602693759346],[138.56339721061283,38.08647527871119],[138.56386446237514,38.08630482930448],[138.56389403388266,38.08635554117535],[138.5632166411351,38.086602693759346]]],[[[138.23940522716953,38.08586738737006],[138.23940269827597,38.08652489161051],[138.23911185482825,38.08602210763422],[138.23940522716953,38.08586738737006]]],[[[138.5720216083106,38.08643036027297],[138.5721480026283,38.086914252191036],[138.57182216566048,38.08692091886536],[138.57173328116608,38.08659535978808],[138.5720216083106,38.08643036027297]]],[[[138.2402699477999,38.08672183774269],[138.2398093896917,38.08596377490835],[138.24106655018124,38.085412414051746],[138.24111800309345,38.086847667286065],[138.2402699477999,38.08672183774269]]],[[[138.2412077167628,38.087003505407495],[138.24108800260933,38.08722155862807],[138.24099827455075,38.08716544093238],[138.2412077167628,38.087003505407495]]],[[[138.2420352270442,38.0870082250496],[138.242070778144,38.08715905394723],[138.24185022031145,38.087244892437866],[138.2418357718035,38.087043775250095],[138.2420352270442,38.0870082250496]]],[[[138.4386958631236,38.0890770542627],[138.4380951618623,38.08829335985075],[138.4385680029111,38.08707274780909],[138.44087999981218,38.08500413533261],[138.4409711146253,38.08506391866496],[138.4386954467376,38.08711033317536],[138.4382226983189,38.088281585926495],[138.4386958631236,38.0890770542627]]],[[[138.2447505060311,38.08909489231547],[138.24489243793573,38.08927044087818],[138.24452022023206,38.08942544083146],[138.24446577167805,38.08926099979533],[138.2447505060311,38.08909489231547]]],[[[138.245814111732,38.09004489205819],[138.2459505056114,38.09023210842514],[138.24576383873023,38.090367666834425],[138.24556605712792,38.0900996131067],[138.245814111732,38.09004489205819]]],[[[138.24539466882902,38.09025210844811],[138.24535299604395,38.09040044082775],[138.24496688741203,38.09049017068486],[138.24493938974115,38.09039238739882],[138.24539466882902,38.09025210844811]]],[[[138.4407997542054,38.090630973041016],[138.44066683530627,38.09060289171015],[138.44145444896367,38.08838910797101],[138.441756134638,38.087929639841036],[138.4407997542054,38.090630973041016]]],[[[138.2475352270692,38.091274053954464],[138.24754328139738,38.09153238691016],[138.2473424376035,38.0914240536772],[138.2475352270692,38.091274053954464]]],[[[138.2472463288551,38.09127600008736],[138.24691216596375,38.09161155872653],[138.24665661461108,38.091263225217745],[138.2472463288551,38.09127600008736]]],[[[138.2472954219462,38.09428941422516],[138.24623360589624,38.093655865226026],[138.24765046709547,38.09318099980334],[138.2472954219462,38.09428941422516]]],[[[138.25443525298465,38.09493405366368],[138.25429330669078,38.095238225064065],[138.2541444230268,38.09508489155456],[138.25443525298465,38.09493405366368]]],[[[138.25300080374416,38.09557017112655],[138.25278775615004,38.09571238721696],[138.2522908042772,38.095342945720404],[138.25250108915395,38.09517322476455],[138.25300080374416,38.09557017112655]]],[[[138.25497775641838,38.096216279158],[138.25506442318465,38.09628766734204],[138.25500775600324,38.09650072123134],[138.25484525300612,38.096499053888294],[138.2548524772601,38.09631017107756],[138.25497775641838,38.096216279158]]],[[[138.2577599998242,38.09676933343803],[138.25785500600375,38.096880720768695],[138.2577630611164,38.097063505276594],[138.25756610868905,38.09698072088361],[138.2577599998242,38.09676933343803]]],[[[138.24710050558394,38.09775822526194],[138.24716661474758,38.098023504581136],[138.24642133577606,38.09827989230325],[138.24631189367904,38.0981071082565],[138.24710050558394,38.09775822526194]]],[[[138.26051389120323,38.0989973867201],[138.26009972821998,38.098995170790545],[138.260367224368,38.09871822456648],[138.26051389120323,38.0989973867201]]],[[[138.25946583657912,38.10025461286017],[138.2595694420761,38.10004461306846],[138.25976333321137,38.10023850510299],[138.25946583657912,38.10025461286017]]],[[[138.25986138809265,38.10229627895018],[138.25994888493312,38.102504053819075],[138.2597580541909,38.102572666695266],[138.25968527925227,38.102346278557945],[138.25986138809265,38.10229627895018]]],[[[138.260214163353,38.10251794564675],[138.26033639380955,38.102664332792756],[138.2602569387068,38.102712945645976],[138.2601100002763,38.10263238707506],[138.260214163353,38.10251794564675]]],[[[138.2604922184412,38.104618775436165],[138.26056027193908,38.104727667148154],[138.26041834003445,38.10475155943698],[138.26036834042668,38.10463210788555],[138.2604922184412,38.104618775436165]]],[[[138.2623286115762,38.105197107860306],[138.26203778161835,38.105078775065465],[138.26231778194017,38.1049848921391],[138.2623286115762,38.105197107860306]]],[[[138.26105916994482,38.10543572138147],[138.26122167294193,38.10560210765118],[138.26107944156308,38.105654612770195],[138.260957223697,38.105545721058206],[138.26105916994482,38.10543572138147]]],[[[138.26086722404318,38.10566738674055],[138.26093555093496,38.105805170971905],[138.2604927760209,38.10590655874074],[138.26045666734137,38.10577961313868],[138.26086722404318,38.10566738674055]]],[[[138.26704697843536,38.11273766690988],[138.26686391693625,38.113018775196394],[138.26669364469603,38.11294933314525],[138.26704697843536,38.11273766690988]]],[[[138.26820613530492,38.11295350510022],[138.26820391667752,38.11313127858568],[138.2680436448984,38.11305489196974],[138.26820613530492,38.11295350510022]]],[[[138.2672694680116,38.1134154409699],[138.26716364478648,38.11313600002643],[138.26752780816184,38.113065720706516],[138.2672694680116,38.1134154409699]]],[[[138.26942557732855,38.11352183796248],[138.26945085637203,38.11364294606517],[138.26931169887587,38.113697387424565],[138.26928474709348,38.11352517084998],[138.26942557732855,38.11352183796248]]],[[[138.27273958536364,38.11730799996428],[138.2726214144468,38.117331108044255],[138.27256389111074,38.11684119786304],[138.27266725019354,38.11683555911384],[138.27273958536364,38.11730799996428]]],[[[138.27267224412878,38.11745599959477],[138.2727533593801,38.117561559318574],[138.27265280168547,38.11766044067684],[138.27253141389372,38.117626279029594],[138.27267224412878,38.11745599959477]]],[[[138.27241280230908,38.11734397284613],[138.27242128381522,38.11760477534017],[138.2725538645692,38.11769250510508],[138.2726408038301,38.1182105047111],[138.27255958515684,38.118221999845446],[138.27246510957718,38.117749505035704],[138.27228099856927,38.117615026712144],[138.27241280230908,38.11734397284613]]],[[[138.45188207459807,38.14166666728295],[138.4517615303704,38.14023479280149],[138.45185382599334,38.140233657857095],[138.45188207459807,38.14166666728295]]],[[[138.29312786006278,38.143482081033255],[138.2930034109787,38.1437379192696],[138.2927648118466,38.1435723603762],[138.29312786006278,38.143482081033255]]],[[[138.29404678283288,38.14349902695858],[138.29407538307248,38.14367346755654],[138.2938309212601,38.14379958578229],[138.29378313938048,38.14353846762623],[138.29404678283288,38.14349902695858]]],[[[138.29496955919785,38.14510763980576],[138.29496345010318,38.1452431982151],[138.2948112191625,38.14521235956278],[138.29487983113938,38.14508653181804],[138.29496955919785,38.14510763980576]]],[[[138.2958701169124,38.14557708141723],[138.29604566817306,38.14595764033288],[138.29556483844658,38.145808467986456],[138.2958701169124,38.14557708141723]]],[[[138.2973295592119,38.147238197584784],[138.29723927357372,38.14738846800344],[138.29706233465913,38.14737958629894],[138.29702788612815,38.14722625189006],[138.2973295592119,38.147238197584784]]],[[[138.29885372212163,38.147512640096295],[138.29883732838005,38.147713748290926],[138.29859094741437,38.14761874840656],[138.29860483834273,38.14747653231615],[138.29885372212163,38.147512640096295]]],[[[138.30081204893702,38.15113180159142],[138.3009762255724,38.15131430641014],[138.3008476126273,38.151390693925464],[138.30071732784245,38.15123430631826],[138.30081204893702,38.15113180159142]]],[[[138.29992455297577,38.151230973430756],[138.29985761283865,38.15143013459311],[138.2997012189362,38.151294864866145],[138.29992455297577,38.151230973430756]]],[[[138.29759455344595,38.15325264039711],[138.2977509473484,38.15334264005082],[138.29763538266684,38.153501532269956],[138.29749455333103,38.153487081063986],[138.29759455344595,38.15325264039711]]],[[[138.29815538326443,38.15356346767993],[138.29832538301014,38.153690135391514],[138.29821566841838,38.153807081431694],[138.2980628915892,38.153685693639886],[138.29815538326443,38.15356346767993]]],[[[138.29850427974873,38.15394069370808],[138.29864177709635,38.15400430635373],[138.29863399526278,38.154141252416935],[138.29849094729946,38.15410625170222],[138.29850427974873,38.15394069370808]]],[[[138.2991667833204,38.15440235978116],[138.2991381713896,38.15464430618982],[138.29885066082943,38.15461264016125],[138.2989567826295,38.15440153240485],[138.2991667833204,38.15440235978116]]],[[[138.29684980507454,38.15551069416324],[138.29690702983567,38.155601801781756],[138.29676980498255,38.15573013503774],[138.29664452672364,38.15562986512623],[138.29684980507454,38.15551069416324]]],[[[138.29675230867213,38.15580930595473],[138.29662833982604,38.1561169460403],[138.29643396935228,38.1559184683627],[138.29675230867213,38.15580930595473]]],[[[138.29613435841395,38.15713702725208],[138.29632756156775,38.15727570271156],[138.2962078078441,38.15744842290644],[138.2959571209244,38.15730470314958],[138.29613435841395,38.15713702725208]]],[[[138.29536155569133,38.15748373028998],[138.2953885857147,38.15764390134501],[138.2951407127738,38.1576141166982],[138.2950760443241,38.15748435082219],[138.29536155569133,38.15748373028998]]],[[[138.2956741762223,38.15780983795372],[138.29566609581377,38.15802682907497],[138.2953481710813,38.1581459550718],[138.29522962424778,38.15806724280907],[138.29548019515494,38.157824729827496],[138.2956741762223,38.15780983795372]]],[[[138.29654479910323,38.15850106317356],[138.2963780540041,38.158744873876856],[138.29616796428024,38.15849350527111],[138.29654479910323,38.15850106317356]]],[[[138.29528891115444,38.158637269994074],[138.2951931126721,38.15879421608025],[138.29509491569786,38.15867319790982],[138.29528891115444,38.158637269994074]]],[[[138.29710046681316,38.15853384705946],[138.297068533686,38.158712874199864],[138.29689289159376,38.15881373856325],[138.29679708231959,38.15865488321634],[138.29710046681316,38.15853384705946]]],[[[138.2965605965943,38.158822577100295],[138.29660130980267,38.158930359948215],[138.29640014315214,38.159013567921875],[138.2963929566697,38.1588320361696],[138.2965605965943,38.158822577100295]]],[[[138.29658405990654,38.159419225117176],[138.2966780156779,38.15912967579396],[138.29690835273834,38.15928761293304],[138.29658405990654,38.159419225117176]]],[[[138.3019784435504,38.161818198151366],[138.3021501169344,38.16186041412686],[138.30213983138822,38.16204458628869],[138.3018964982249,38.16193458571263],[138.3019784435504,38.161818198151366]]],[[[138.30215983141113,38.16225930572244],[138.30224121915705,38.1623468016636],[138.3021134497759,38.162414305675725],[138.30199900115304,38.162283748396305],[138.30215983141113,38.16225930572244]]],[[[138.3073406611427,38.17012344084418],[138.3071315049151,38.168909838118566],[138.30787705638113,38.16891510814577],[138.30818732788293,38.16976066692132],[138.3073406611427,38.17012344084418]]],[[[138.31006319136327,38.17283122488118],[138.30991306123883,38.17275850480121],[138.31006516177786,38.17256691862843],[138.31024691296477,38.17261510790098],[138.31006319136327,38.17283122488118]]],[[[138.31268680874928,38.17454261315112],[138.31256763868566,38.174400666857366],[138.3128334755845,38.17435594626994],[138.3128609732554,38.17452927890315],[138.31268680874928,38.17454261315112]]],[[[138.3127326328048,38.17477525157665],[138.31270430595907,38.174698999859004],[138.31294319107542,38.17463289159474],[138.3129290267533,38.174765946291416],[138.3127326328048,38.17477525157665]]],[[[138.31381208815742,38.174729279132976],[138.31388847027677,38.17486677468196],[138.31367596587324,38.17484510821521],[138.31381208815742,38.174729279132976]]],[[[138.31357977978303,38.17499789223899],[138.31358403357638,38.1751556666008],[138.31342875483324,38.17508622544898],[138.31357977978303,38.17499789223899]]],[[[138.31323819658553,38.17532344142376],[138.3131798566651,38.17547899985601],[138.3130934758833,38.175431774656715],[138.31323819658553,38.17532344142376]]],[[[138.31333847009444,38.1755495588651],[138.31337985689493,38.175814000016146],[138.31322208792903,38.17582899980857],[138.313165421647,38.175650387255644],[138.31333847009444,38.1755495588651]]],[[[138.4740995325675,38.17652183841216],[138.4741173022718,38.17682961339597],[138.4738600781801,38.17673766670998],[138.4740995325675,38.17652183841216]]],[[[138.31323985673407,38.178221774715155],[138.31337319111992,38.1782801083404],[138.3132918033741,38.17840372105496],[138.31314291791136,38.1782801083404],[138.31323985673407,38.178221774715155]]],[[[138.31293070039158,38.17888789176283],[138.31275542162552,38.17889983835693],[138.31264403429486,38.17869955933725],[138.31285263294274,38.17872705431017],[138.31293070039158,38.17888789176283]]],[[[138.31504929988535,38.186249558570296],[138.31517486412872,38.186504000159516],[138.31502263318805,38.18652538693709],[138.31504929988535,38.186249558570296]]],[[[138.31801596636387,38.18713010816799],[138.31809291775403,38.1873020540466],[138.31792542172093,38.187330945666645],[138.31789041471097,38.18722983758698],[138.31801596636387,38.18713010816799]]],[[[138.32360739326668,38.19142230609458],[138.32370933861512,38.19154174775349],[138.32357294383633,38.19162646838686],[138.32347238704108,38.19149064018097],[138.32360739326668,38.19142230609458]]],[[[138.32360430589404,38.19595730568517],[138.3235459659736,38.196165918722215],[138.32341763901286,38.19613258624992],[138.3234668094458,38.195966198181566],[138.32360430589404,38.19595730568517]]],[[[138.3246148641847,38.19791702734898],[138.32435041493977,38.19766869395511],[138.3247465240329,38.19750646794921],[138.32480736676666,38.19787869374676],[138.3246148641847,38.19791702734898]]],[[[138.32438625202394,38.198155918760676],[138.3243434757709,38.198395640246645],[138.32407958500494,38.198257026840395],[138.32438625202394,38.198155918760676]]],[[[138.3347891049333,38.198336197757385],[138.3350046688305,38.19851730592899],[138.33483910544044,38.198595081098176],[138.33467688662904,38.19849036044184],[138.3347891049333,38.198336197757385]]],[[[138.32628985689144,38.19954591900898],[138.32641208824737,38.19970674836782],[138.32626014329105,38.199900919192146],[138.32616902667928,38.19971646824047],[138.32628985689144,38.19954591900898]]],[[[138.34181197104567,38.19995755939391],[138.3420766927852,38.200030891912206],[138.34200280178788,38.20014922470699],[138.3417978076228,38.20013199999187],[138.34181197104567,38.19995755939391]]],[[[138.3298763037485,38.20017091905271],[138.32967296973186,38.20014230622252],[138.32984574568468,38.199885360021426],[138.33009741916067,38.199979802326084],[138.3298763037485,38.20017091905271]]],[[[138.3250893635833,38.20102472101411],[138.32466430621287,38.201363973168895],[138.32441403388066,38.20037119807239],[138.3253004146825,38.2005014675687],[138.3250893635833,38.20102472101411]]],[[[138.3258479120516,38.201229252028384],[138.32593891085207,38.20142502724326],[138.3256797801978,38.20152691863245],[138.3255981972991,38.201364251958694],[138.3258479120516,38.201229252028384]]],[[[138.33790695194432,38.20099680156119],[138.33953830055225,38.20177929717687],[138.3393663942437,38.201966739273644],[138.33557459079475,38.20011779340149],[138.3357676392652,38.199970667012735],[138.33790695194432,38.20099680156119]]],[[[138.34484033731178,38.20203783787599],[138.34506338536698,38.20211922472248],[138.34506367135145,38.202271441274036],[138.34485116694782,38.202271441274036],[138.34484033731178,38.20203783787599]]],[[[138.34503143964923,38.20289505366384],[138.34473533067103,38.20286755869091],[138.34457863819364,38.20263672070814],[138.34495228312142,38.20265255866872],[138.34503143964923,38.20289505366384]]],[[[138.34713367058248,38.20271450487053],[138.3472167193762,38.20301422462683],[138.34699561565515,38.20292977468938],[138.34713367058248,38.20271450487053]]],[[[138.3476503625742,38.20330422540974],[138.34771175119647,38.203453666653445],[138.34747588780203,38.20362672139612],[138.34743756229375,38.20339144076246],[138.3476503625742,38.20330422540974]]],[[[138.35116260726852,38.20503977486578],[138.35130817063566,38.205174225310316],[138.351169559028,38.20525977511858],[138.35103817077504,38.20518644080164],[138.35116260726852,38.20503977486578]]],[[[138.31850902687017,38.2053192517821],[138.3186395850489,38.20540646803414],[138.31852014338995,38.20545702702026],[138.3184048637935,38.20537119842214],[138.31850902687017,38.2053192517821]]],[[[138.31836291761465,38.20584064003356],[138.31824430603,38.20568369394738],[138.31853708212066,38.205718972552575],[138.31836291761465,38.20584064003356]]],[[[138.35143066099624,38.20570477495545],[138.3516109471875,38.205920332557355],[138.35134511028866,38.20604255941663],[138.35121510968963,38.20578366708264],[138.35143066099624,38.20570477495545]]],[[[138.3176329181248,38.205670919077704],[138.31782263280832,38.205745080770896],[138.31792680937485,38.20610953192943],[138.3175912453397,38.20596841391125],[138.3176329181248,38.205670919077704]]],[[[138.31945875501765,38.205960918961296],[138.31947347602022,38.206163413910474],[138.31936569407162,38.20615564017072],[138.31933929986883,38.20601897289731],[138.31945875501765,38.205960918961296]]],[[[138.31866542167188,38.20628258577278],[138.31843263305962,38.20614286530105],[138.31879680902557,38.205828134960484],[138.31907985714975,38.206087306084385],[138.31866542167188,38.20628258577278]]],[[[138.35432347604763,38.209685891990375],[138.35421847030625,38.209555332912316],[138.35444652398792,38.20947644078518],[138.3544740342494,38.209665332589054],[138.35432347604763,38.209685891990375]]],[[[138.35419708173004,38.209724224693275],[138.3543998572677,38.20987644124483],[138.35417291784597,38.210157278835425],[138.3539101431387,38.209812279113464],[138.35419708173004,38.209724224693275]]],[[[138.35428930001126,38.21034422540572],[138.35428958509635,38.21043894560091],[138.35407680909748,38.21055117109972],[138.35409708161512,38.21032644131225],[138.35428930001126,38.21034422540572]]],[[[138.49343933895443,38.21143733336629],[138.49335044097018,38.211699278898664],[138.49318988320658,38.211600667336995],[138.49343933895443,38.21143733336629]]],[[[138.3581682225855,38.212803080697654],[138.3582765504225,38.21292586513664],[138.35802627809028,38.21293225212179],[138.35797683516284,38.21282864032952],[138.3581682225855,38.212803080697654]]],[[[138.49339182867004,38.212979837949206],[138.493460725732,38.2130642788934],[138.4933712836579,38.21314094609784],[138.49329321710832,38.21302317088271],[138.49339182867004,38.212979837949206]]],[[[138.35795155611947,38.21336336013104],[138.35781878111197,38.21328169359532],[138.35807544672457,38.21321974829283],[138.3581523873229,38.21332002719754],[138.35795155611947,38.21336336013104]]],[[[138.35700849464638,38.213578918632265],[138.35697488967946,38.21378197295974],[138.35674961130553,38.21370391900069],[138.35700849464638,38.213578918632265]]],[[[138.4937587808431,38.21704400018052],[138.49373238664043,38.21690066713211],[138.4938840600014,38.21688622491939],[138.49390988313462,38.21698761268823],[138.4937587808431,38.21704400018052]]],[[[138.49369710803512,38.21743538693363],[138.49371321669162,38.21755650492884],[138.49360933870014,38.217569278899134],[138.4935887810974,38.21744344126188],[138.49369710803512,38.21743538693363]]],[[[138.36096325614938,38.21860086513789],[138.36104936443667,38.2186641980943],[138.3608765893831,38.21876280156209],[138.3608026983859,38.21863919784079],[138.36096325614938,38.21860086513789]]],[[[138.49521486417473,38.21956566682212],[138.4950593390173,38.21947066693781],[138.49517933915524,38.21931233319765],[138.49538294386787,38.21936789241437],[138.49521486417473,38.21956566682212]]],[[[138.37465440997312,38.2256232968777],[138.37418438380234,38.22624024259318],[138.37412459057748,38.22620926994193],[138.37458961112168,38.22557917074221],[138.37465440997312,38.2256232968777]]],[[[138.37415671885753,38.22780972144153],[138.37417561631173,38.22795944057577],[138.3739869781166,38.2278905588023],[138.37415671885753,38.22780972144153]]],[[[138.372286420382,38.22884305416369],[138.3722216988724,38.22851361271313],[138.37252141413205,38.228361666857495],[138.37278919626442,38.228568332862324],[138.372286420382,38.22884305416369]]],[[[138.3726853047831,38.229414999602625],[138.3730633590868,38.22850222459806],[138.37364252877978,38.22902444112509],[138.3726853047831,38.229414999602625]]],[[[138.3739328020572,38.22956110795883],[138.37386335910685,38.22973250525098],[138.37355280162058,38.22966472065036],[138.37355530533318,38.229543892236904],[138.3739328020572,38.22956110795883]]],[[[138.38540958488454,38.23158664021133],[138.38518763939805,38.23160608085601],[138.38520542169294,38.23148830564082],[138.38540430586409,38.23150580195124],[138.38557486408877,38.23143858572223],[138.3855929179789,38.23161774776088],[138.38540958488454,38.23158664021133]]],[[[138.3815298313367,38.233552505144075],[138.3812245528709,38.23390250509658],[138.3811528921923,38.233557224786125],[138.3815298313367,38.233552505144075]]],[[[138.38839182941945,38.234532467599365],[138.38810878129527,38.234532467599365],[138.38804544743948,38.234306081260684],[138.38839405973818,38.23431191876011],[138.38839182941945,38.234532467599365]]],[[[138.3855495850454,38.23672080232325],[138.3856495851603,38.236872748178826],[138.38532014281043,38.23703080222981],[138.38543958536866,38.23673691907362],[138.3855495850454,38.23672080232325]]],[[[138.39000238660094,38.24016941368757],[138.39007766525208,38.24035136002732],[138.38992072636051,38.24035136002732],[138.39000238660094,38.24016941368757]]],[[[138.39166666658343,38.24059538656786],[138.39168603078576,38.24078497264844],[138.3914818550037,38.240690801939024],[138.39166666658343,38.24059538656786]]],[[[138.39078214018366,38.241180251667345],[138.39076406021331,38.24133830571827],[138.39066795056556,38.24131553218609],[138.39064128386826,38.24120386516631],[138.39078214018366,38.241180251667345]]],[[[138.3880104413289,38.244654973048625],[138.38709680927036,38.243993027056604],[138.3885048903884,38.24370997263719],[138.3880104413289,38.244654973048625]]],[[[138.38829488969748,38.24457858643268],[138.38843739267156,38.244714413739246],[138.38832627783552,38.244829413646585],[138.38814128369336,38.24479246769829],[138.38829488969748,38.24457858643268]]],[[[138.50514316462545,38.24502008071221],[138.5050756678079,38.24518786542768],[138.50492844429232,38.24507730637265],[138.50514316462545,38.24502008071221]]],[[[138.5052215045688,38.245544532054566],[138.5051273275642,38.24540425220454],[138.5052806610737,38.24537064004306],[138.50534594016312,38.245488972837904],[138.5052215045688,38.245544532054566]]],[[[138.39889136214674,38.24599133323352],[138.39893053211847,38.24623910814836],[138.39867496817533,38.2461432790891],[138.39889136214674,38.24599133323352]]],[[[138.39327213989736,38.2465371983331],[138.39263408619422,38.24613413478255],[138.39329936417437,38.24578635975274],[138.39327213989736,38.2465371983331]]],[[[138.39233769123155,38.24657663990007],[138.39179885883038,38.246259135151035],[138.3919946430384,38.24604358564301],[138.39239491599267,38.24622191940608],[138.39233769123155,38.24657663990007]]],[[[138.3991016344329,38.24638799990635],[138.3988402455809,38.24661327917954],[138.39858830140906,38.246471054095935],[138.39880581143916,38.24635133274785],[138.3991016344329,38.24638799990635]]],[[[138.39061211435762,38.247094694364705],[138.39084683471367,38.24713774760903],[138.3906343321088,38.247325532347475],[138.39049627808083,38.24720469404144],[138.39061211435762,38.247094694364705]]],[[[138.3923163035546,38.24827969415264],[138.3912609985963,38.24779830594713],[138.39148211400845,38.24649774777288],[138.39309741871102,38.24739025205855],[138.3923163035546,38.24827969415264]]],[[[138.3981571727154,38.24738827894595],[138.39804272409253,38.247668837746744],[138.3983349417042,38.24820910816385],[138.397903839091,38.24825661305232],[138.3978060567042,38.24762327899117],[138.3981571727154,38.24738827894595]]],[[[138.3965854986219,38.24974717099519],[138.39681355410232,38.24996105405944],[138.3966946691237,38.25012217120127],[138.39651688664503,38.24995189176644],[138.3965854986219,38.24974717099519]]],[[[138.39724577187496,38.25083410780786],[138.3966857721307,38.250753279440346],[138.39689466935363,38.25029327891173],[138.39724577187496,38.25083410780786]]],[[[138.41580063559093,38.25216380221775],[138.41584953262986,38.252293252431684],[138.41567508393803,38.252289081376034],[138.41580063559093,38.25216380221775]]],[[[138.42834961084588,38.25436686513876],[138.4283037741999,38.25456880160897],[138.42813155582667,38.25447130610593],[138.42834961084588,38.25436686513876]]],[[[138.42733902737427,38.254439918867206],[138.4274926333784,38.25467130633575],[138.42711124528785,38.25458158637116],[138.42733902737427,38.254439918867206]]],[[[138.41968177679257,38.25479325170727],[138.4195670556751,38.25468602733832],[138.41980510981807,38.254574918797516],[138.41990761274621,38.25478353183456],[138.41968177679257,38.25479325170727]]],[[[138.42050844440928,38.25454325186962],[138.42063705555574,38.254642135026586],[138.42057011721715,38.25486964012185],[138.4203542799262,38.25472546800597],[138.42050844440928,38.25454325186962]]],[[[138.41800258065462,38.254630747810836],[138.41811202275176,38.254867134610606],[138.4178531394109,38.25497853183384],[138.41778730184262,38.25468546796003],[138.41800258065462,38.254630747810836]]],[[[138.4205964979301,38.25499546786659],[138.4207428922707,38.25513574771662],[138.42061150491713,38.25528991939433],[138.42045260730208,38.25518963959024],[138.4205964979301,38.25499546786659]]],[[[138.430223502113,38.25659155855362],[138.43023516182336,38.256926000234785],[138.43001182868306,38.25682072109947],[138.430223502113,38.25659155855362]]],[[[138.43070211411134,38.25685072068427],[138.4308343324385,38.257002667439224],[138.43075016938485,38.257060440786745],[138.4306109992982,38.25691238719696],[138.43070211411134,38.25685072068427]]],[[[138.43103350169486,38.257329332682616],[138.43110933882497,38.25749961301676],[138.43095766456463,38.257500999771366],[138.43103350169486,38.257329332682616]]],[[[138.50777367081832,38.25756619792173],[138.50769116701383,38.25778758582845],[138.50744533103727,38.2576281351304],[138.50777367081832,38.25756619792173]]],[[[138.50785588773908,38.25962897289884],[138.5076914404077,38.259568414350895],[138.50775616101805,38.25944730624826],[138.5079933850867,38.25954925159675],[138.50785588773908,38.25962897289884]]],[[[138.50760949418293,38.26077619756353],[138.50785199727193,38.26086477538911],[138.5076433851342,38.2610214678665],[138.50750228330378,38.26086786456034],[138.50760949418293,38.26077619756353]]],[[[138.50947477264276,38.26374491899287],[138.50952555106335,38.26390569439235],[138.50930775594827,38.26393405361375],[138.50929144044767,38.26374422471628],[138.50947477264276,38.26374491899287]]],[[[138.438947107623,38.266302107955994],[138.43878350205705,38.266565999621264],[138.43843710838587,38.26612294591729],[138.43883461682412,38.26615100026851],[138.438947107623,38.266302107955994]]],[[[138.44233208835522,38.27622180189468],[138.44246819714965,38.27637625236218],[138.44235902664786,38.276386251924066],[138.44226070017123,38.276278198380226],[138.44233208835522,38.27622180189468]]],[[[138.44126652393095,38.276844026630556],[138.44133291817968,38.27692819777815],[138.44119596582118,38.27700791908023],[138.44118374763195,38.2768509999737],[138.44126652393095,38.276844026630556]]],[[[138.44101819683237,38.276810721137906],[138.4409940338477,38.27708989228478],[138.44081930007076,38.27715877495757],[138.44066236117908,38.27677155926011],[138.44101819683237,38.276810721137906]]],[[[138.44280347609958,38.28020819795],[138.4429365236017,38.28030930602972],[138.44278180333765,38.28041319841043],[138.44271403402547,38.280230693591704],[138.44280347609958,38.28020819795]]],[[[138.44237569378333,38.28029291858337],[138.44265291789793,38.28049153205859],[138.4423045529129,38.2806265319889],[138.44237569378333,38.28029291858337]]],[[[138.44113455291733,38.280764026638565],[138.44100761271125,38.28090791906527],[138.4407731648497,38.280786801969384],[138.44094788603616,38.28070680187744],[138.44113455291733,38.280764026638565]]],[[[138.44099428026186,38.28112653166414],[138.4408717773107,38.28136902665932],[138.4407259396504,38.281335694186964],[138.44079344995782,38.28114708117289],[138.44099428026186,38.28112653166414]]],[[[138.50931581117584,38.28445950460252],[138.50937053222435,38.284513667172064],[138.50924053162532,38.28460144100376],[138.5091858105768,38.28451005369607],[138.50931581117584,38.28445950460252]]],[[[138.51001413744257,38.286175332825394],[138.50979997378977,38.28650005373453],[138.50951108906554,38.286350892179996],[138.51001413744257,38.286175332825394]]],[[[138.4341486642295,38.28667350507823],[138.43414671899598,38.28681183789604],[138.4339878339714,38.28675099965898],[138.4341486642295,38.28667350507823]]],[[[138.4342025552038,38.287441838170366],[138.43380199716455,38.28745294569694],[138.43386671867415,38.286844612788684],[138.43436005167507,38.28717710833695],[138.4342025552038,38.287441838170366]]],[[[138.43465255527133,38.28728294595123],[138.43459199672338,38.28749489187584],[138.43446394315652,38.28745461304004],[138.43453367119207,38.28727738724166],[138.43465255527133,38.28728294595123]]],[[[138.43418894936053,38.287670721026984],[138.43412616139335,38.287760171194975],[138.4339275623072,38.28776266681365],[138.43397588827668,38.28763517082655],[138.43418894936053,38.287670721026984]]],[[[138.4334128272402,38.287783774801426],[138.43339005190944,38.28788961331503],[138.43320450108695,38.28791738707781],[138.43326089487448,38.2877843332804],[138.4334128272402,38.287783774801426]]],[[[138.43505644619813,38.288237667134695],[138.43488671894704,38.28845350532504],[138.43471839194035,38.28830100009111],[138.43505644619813,38.288237667134695]]],[[[138.4342136708243,38.28830933320921],[138.43453228263877,38.28838072139325],[138.4344264459238,38.28858044103458],[138.43406922171732,38.28842433311655],[138.4342136708243,38.28830933320921]]],[[[138.43528033691803,38.2886276671332],[138.43534644608167,38.2888296125966],[138.43510949360825,38.28877877482063],[138.43528033691803,38.2886276671332]]],[[[138.4358050580571,38.28879766687885],[138.43617978037264,38.28921517084353],[138.436102283094,38.28929155925812],[138.4357614400385,38.2890229461521],[138.4358050580571,38.28879766687885]]],[[[138.43687175113052,38.289575972553166],[138.43647839216408,38.28959541409711],[138.43627949360382,38.289359054276986],[138.43650455344243,38.289140919218084],[138.4368659136311,38.28933041356777],[138.43687175113052,38.289575972553166]]],[[[138.4344892221999,38.290096838298496],[138.43456977987148,38.290221558977805],[138.4345175616362,38.29029544098188],[138.4343631129674,38.29018238720744],[138.4344892221999,38.290096838298496]]],[[[138.4352775616103,38.28960517084204],[138.43558588787846,38.28993350522711],[138.4351631129873,38.29043405438813],[138.43482533122415,38.29009933301785],[138.4352775616103,38.28960517084204]]],[[[138.43735591374445,38.29034430564525],[138.43754924819928,38.290525694405346],[138.43745396862585,38.290583197956266],[138.43725647210852,38.290434306198335],[138.43735591374445,38.29034430564525]]],[[[138.43482756244214,38.29022794596301],[138.43491338474496,38.290381837951486],[138.43471810595588,38.29044738683746],[138.43472978005536,38.29020738656169],[138.43482756244214,38.29022794596301]]],[[[138.43431616116197,38.29035905362747],[138.43442228296203,38.29042600005988],[138.43444005176707,38.29081294596074],[138.43412671897295,38.290632945753885],[138.43431616116197,38.29035905362747]]],[[[138.4366042280028,38.28998263968714],[138.4373478342352,38.29068041377013],[138.43613422791236,38.29073458623225],[138.4366042280028,38.28998263968714]]],[[[138.43616505757143,38.29131846837265],[138.4362292224008,38.29146902657436],[138.436101724615,38.291509585998654],[138.43607978025773,38.29135319839145],[138.43616505757143,38.29131846837265]]],[[[138.44183568057224,38.29148282936916],[138.44167666694466,38.29161853166994],[138.4416214917385,38.29156444104615],[138.44183568057224,38.29148282936916]]],[[[138.50925661510075,38.291370612863545],[138.50927994801123,38.29159117069605],[138.5090057716991,38.291583387063724],[138.50925661510075,38.291370612863545]]],[[[138.50986717293176,38.291700891582934],[138.50980050618853,38.29184589197439],[138.5097085604018,38.29178866721327],[138.509730219674,38.291700891582934],[138.50986717293176,38.291700891582934]]],[[[138.43720616133533,38.29188513479119],[138.43663616112997,38.29185013497579],[138.43650255514888,38.291495694170976],[138.43698311328012,38.29146208111018],[138.43720616133533,38.29188513479119]]],[[[138.50967391671793,38.292292468322785],[138.50967258122466,38.29246953224316],[138.50957105136297,38.29242783787447],[138.50967391671793,38.292292468322785]]],[[[138.44250474739624,38.29282570334357],[138.44240181639077,38.29289286471396],[138.44154129739297,38.29207128815949],[138.4412084816861,38.29181984670862],[138.44097970225152,38.29143663119561],[138.44113032430505,38.291356161657575],[138.44159252907207,38.29203960414446],[138.44250474739624,38.29282570334357]]],[[[138.43175335863066,38.29272489204021],[138.43180697800972,38.29287710769239],[138.4316408561407,38.292878224650394],[138.43164613516103,38.29274961260461],[138.43175335863066,38.29272489204021]]],[[[138.43944396866425,38.292728467744666],[138.43960620006612,38.292927360009685],[138.43939172524802,38.293047360147625],[138.43932561608437,38.29277513536425],[138.43944396866425,38.292728467744666]]],[[[138.43161085565657,38.29304100014207],[138.43160141367434,38.29336183777866],[138.43117530499637,38.29315710801416],[138.43125308736012,38.29287933261514],[138.43161085565657,38.29304100014207]]],[[[138.43909894915726,38.292752919411726],[138.4392539428153,38.293323747892714],[138.43889255474767,38.29321569434887],[138.43909894915726,38.292752919411726]]],[[[138.43095058420215,38.29341794558178],[138.43119002599894,38.2936218380774],[138.43100530525066,38.29373544133762],[138.4307286378164,38.29360627890668],[138.43095058420215,38.29341794558178]]],[[[138.4403900779398,38.29337013492386],[138.44074092055712,38.29354708103301],[138.44042452737006,38.29372791940801],[138.4403900779398,38.29337013492386]]],[[[138.42564360566791,38.293649333050325],[138.42570221808296,38.293730171310415],[138.42557693892468,38.293882108172795],[138.42548916958958,38.29383877523935],[138.42564360566791,38.293649333050325]]],[[[138.44160119314063,38.29401180210306],[138.44084313929955,38.29346791910922],[138.44098508379466,38.293369865127204],[138.44159396888665,38.293787081308835],[138.44160119314063,38.29401180210306]]],[[[138.4415464720921,38.29422819787311],[138.44139591389035,38.29438264024668],[138.44117841824948,38.29425402730158],[138.44133730237468,38.29407346771643],[138.4415464720921,38.29422819787311]]],[[[138.4413339434068,38.29487486528285],[138.4414414402703,38.294977918596146],[138.44131783385103,38.29508402690635],[138.44117588755728,38.29497708132732],[138.4413339434068,38.29487486528285]]],[[[138.4456967192283,38.29514264022072],[138.44576036335013,38.29531653223222],[138.44562007810418,38.29543486502706],[138.44549202273868,38.29519291861834],[138.4456967192283,38.29514264022072]]],[[[138.44666980456793,38.29550125208118],[138.44685535718907,38.29557402701977],[138.44676564172107,38.29566541432746],[138.4466220226883,38.29561930608617],[138.44666980456793,38.29550125208118]]],[[[138.44596786032855,38.29601208139252],[138.44606092127458,38.29609291875323],[138.44592341133648,38.296177080907626],[138.44581258068615,38.29608846800846],[138.44596786032855,38.29601208139252]]],[[[138.44633007757113,38.29595291859238],[138.44639535666045,38.29606541388779],[138.4462848119946,38.29611069385351],[138.4462486898252,38.295975972712995],[138.44633007757113,38.29595291859238]]],[[[138.44674369556515,38.296034864817216],[138.4468303632308,38.29633346761551],[138.4465903629549,38.29627680223268],[138.44674369556515,38.296034864817216]]],[[[138.44827980506898,38.29625346842289],[138.4483792476043,38.29646125228504],[138.448256199664,38.29652346828351],[138.44814535732246,38.29629902717841],[138.44827980506898,38.29625346842289]]],[[[138.44331255533018,38.29699791911872],[138.44364783428023,38.29733458572258],[138.4433756157921,38.2974356938023],[138.4432150580286,38.2972262515903],[138.44331255533018,38.29699791911872]]],[[[138.44951564173357,38.298738747595166],[138.44956007813516,38.298988748332135],[138.4493739688337,38.298983468412416],[138.44935703010287,38.2988315324493],[138.44951564173357,38.298738747595166]]],[[[138.5109976908908,38.29942172063596],[138.51100797733636,38.299525891806525],[138.5107840857171,38.29968227941373],[138.51070269797117,38.29962033321186],[138.51088102543906,38.29938617133479],[138.5109976908908,38.29942172063596]]],[[[138.51279686108637,38.30210755941641],[138.5124863036001,38.30217977497671],[138.51244016927842,38.30206510781852],[138.51279686108637,38.30210755941641]]],[[[138.51185888527937,38.303117999895846],[138.51182680915997,38.30322466668508],[138.5117046425553,38.30319394584399],[138.51174741880834,38.303081440656],[138.51185888527937,38.303117999895846]]],[[[138.44041891110396,38.3041131977659],[138.44048364520415,38.30419180211004],[138.4404119710357,38.304278467976985],[138.4403064203051,38.30421180213301],[138.44041891110396,38.3041131977659]]],[[[138.44049836620673,38.3053731983145],[138.4398336449068,38.30524097279272],[138.44012447486466,38.304889864875406],[138.44053002594,38.30490680180753],[138.44049836620673,38.3053731983145]]],[[[138.4444175226506,38.30674597294836],[138.44478141443085,38.30704819821585],[138.44476586335395,38.30743235981561],[138.44431946776933,38.307319865419515],[138.4444175226506,38.30674597294836]]],[[[138.44543949423735,38.30709625169072],[138.4451261353629,38.30760513486911],[138.4448461350412,38.3074679190093],[138.4449419973754,38.30694819810094],[138.44543949423735,38.30709625169072]]],[[[138.44845143978216,38.307526532323664],[138.44857671894044,38.30775874806784],[138.4484919974078,38.30790153163042],[138.44823922226237,38.3076523600684],[138.44845143978216,38.307526532323664]]],[[[138.4480847726942,38.307681802073546],[138.44816505787117,38.3078998651867],[138.4480270038432,38.3078845857051],[138.4480847726942,38.307681802073546]]],[[[138.4487156156332,38.30754597296834],[138.44895255461677,38.307769585797814],[138.44865922184567,38.30780458561321],[138.4487156156332,38.30754597296834]]],[[[138.44640367089278,38.307462918778754],[138.44649783440764,38.30783208058608],[138.44606228284817,38.3076718016124],[138.44640367089278,38.307462918778754]]],[[[138.44573727595457,38.30727430576468],[138.44595033703854,38.30804041393401],[138.4457594676254,38.308107640055596],[138.44560533102128,38.307365414282515],[138.44573727595457,38.30727430576468]]],[[[138.44944182897734,38.307578999671136],[138.4497419965959,38.30774569440831],[138.44990144009944,38.308180135305065],[138.44963367055755,38.3084804144396],[138.44933922172777,38.30798180241828],[138.44944182897734,38.307578999671136]]],[[[138.45162228294203,38.3084751354192],[138.45174756210042,38.308529306082676],[138.45165033729324,38.30867013541848],[138.45150477302695,38.30856625203097],[138.45162228294203,38.3084751354192]]],[[[138.45335533138348,38.31037983835893],[138.45290422784785,38.309460107997666],[138.45365338469605,38.30942066732996],[138.45335533138348,38.31037983835893]]],[[[138.5128184951775,38.311476720774124],[138.51284739309278,38.31161727941395],[138.51237572026332,38.311791999701086],[138.51243211405085,38.31145922536302],[138.5128184951775,38.311476720774124]]],[[[138.45945230857728,38.31190677477787],[138.45943786006922,38.31201038657014],[138.45927143962535,38.31201789231193],[138.45931202333122,38.311882333003325],[138.45945230857728,38.31190677477787]]],[[[138.45968422844442,38.31261622475904],[138.45986338508726,38.3128887211376],[138.4594458883172,38.31288761317285],[138.45968422844442,38.31261622475904]]],[[[138.51362489027656,38.313002279431714],[138.51370294423555,38.31312477518827],[138.5135529436135,38.31314727892385],[138.51351775583987,38.31304858642318],[138.51362489027656,38.313002279431714]]],[[[138.45906644635943,38.31364427936006],[138.4590250577603,38.3133137209515],[138.4593942276615,38.3133131705664],[138.4595117249862,38.31356650509019],[138.45906644635943,38.31364427936006]]],[[[138.46324922197402,38.317347891691895],[138.463322826987,38.31747594615803],[138.46320061002018,38.31764538742476],[138.46311394325392,38.317388999702644],[138.46324922197402,38.317347891691895]]],[[[138.4594591955855,38.32280955901399],[138.45957169897474,38.32288733328386],[138.45944447458294,38.3229776126268],[138.45932891080065,38.32287122462736],[138.4594591955855,38.32280955901399]]],[[[138.4720970040736,38.322834802084515],[138.47210922226282,38.32299980159962],[138.4719625554277,38.322999252113846],[138.47194958540513,38.32287735980236],[138.4720970040736,38.322834802084515]]],[[[138.4604611410689,38.3234203866416],[138.46045085642197,38.32331761301748],[138.46062642027312,38.32328205382379],[138.46062642027312,38.32339566697652],[138.4604611410689,38.3234203866416]]],[[[138.46351561555332,38.323514837939456],[138.46353144002398,38.32374538723985],[138.46329505772076,38.32370844129156],[138.46351561555332,38.323514837939456]]],[[[138.4688736710831,38.32373594615706],[138.46884727598103,38.32351817082696],[138.46908839231548,38.32352455871148],[138.469129494031,38.32370705363769],[138.4688736710831,38.32373594615706]]],[[[138.4628167191164,38.323744279275104],[138.46273311274297,38.323911224923165],[138.46259978015576,38.32381955882562],[138.4628167191164,38.323744279275104]]],[[[138.4609205840178,38.323605387079],[138.46152477285,38.32382233323415],[138.4613555770983,38.32400483805287],[138.4609205840178,38.323605387079]]],[[[138.46550756172462,38.323761774686204],[138.46533124514087,38.32401066655905],[138.46519894857272,38.32379150537372],[138.46550756172462,38.323761774686204]]],[[[138.46114669336532,38.32416650468048],[138.4603625286079,38.3240212245999],[138.46045557696334,38.323825107642676],[138.4609986379768,38.32393289228918],[138.46114669336532,38.32416650468048]]],[[[138.46791727626135,38.3240340003689],[138.46801505774874,38.32423344122037],[138.46781422834408,38.32418622501433],[138.46791727626135,38.3240340003689]]],[[[138.46710422797776,38.32414538680024],[138.4670906104434,38.324316775099135],[138.46695005180356,38.32431872123203],[138.4669550583293,38.324197891919255],[138.46710422797776,38.32414538680024]]],[[[138.4607516994314,38.32451817107676],[138.46043641960512,38.324440386914375],[138.460438365738,38.324178441382],[138.46120197109417,38.32434761285208],[138.4607516994314,38.32451817107676]]],[[[138.4654501687903,38.324199107802656],[138.46529505822048,38.3245917751903],[138.46496422821667,38.32430622515221],[138.4654501687903,38.324199107802656]]],[[[138.46565922159584,38.32461427892588],[138.46576061026406,38.324664837911996],[138.4657717249852,38.324856774820375],[138.4655592223803,38.32480150518535],[138.46543671942914,38.32465677459055],[138.46565922159584,38.32461427892588]]],[[[138.522209610785,38.325128360185715],[138.52191461696611,38.32556364014994],[138.52165739287443,38.325161413868216],[138.522209610785,38.325128360185715]]],[[[138.5181640339431,38.327811721333944],[138.51818625169426,38.32796283801463],[138.51803486431754,38.327952000284654],[138.51802347620253,38.327857000400286],[138.5181640339431,38.327811721333944]]],[[[138.51873319058438,38.328204504734174],[138.51896513563258,38.328433107901674],[138.51865236131744,38.328448667072394],[138.51873319058438,38.328204504734174]]],[[[138.48491702959734,38.330021198219754],[138.48514258136515,38.330139531913915],[138.4849592482708,38.3302784142175],[138.48478007813821,38.33011897341197],[138.48491702959734,38.330021198219754]]],[[[138.51586486407223,38.33088005437105],[138.51602433185747,38.33105555886698],[138.51593736741563,38.33110783825617],[138.51576596562688,38.33096922484992],[138.51586486407223,38.33088005437105]]],[[[138.50678066099874,38.33187450490453],[138.50690121871628,38.33197089244277],[138.50673372178392,38.33200810818772],[138.50678066099874,38.33187450490453]]],[[[138.50296090841925,38.33222329706757],[138.49399230869813,38.33211310763386],[138.48468341091075,38.32907813494802],[138.47859508429576,38.3261609185916],[138.47333369599335,38.32220369384544],[138.46349533134457,38.32339038705675],[138.46263172497424,38.31955289175261],[138.46345978024476,38.318286225429006],[138.46384564156313,38.31492010797666],[138.4592553570492,38.31036594563193],[138.45307949402354,38.30845150483316],[138.45154564181803,38.30056541366298],[138.4464917513933,38.29303930581938],[138.44203181641524,38.291376613140244],[138.43997924784412,38.28676153161945],[138.44223011692645,38.283537359561535],[138.4438571343993,38.277579054230046],[138.43701763915283,38.270000720956546],[138.43925377374273,38.26693710756149],[138.43726723699342,38.262040063398274],[138.42866099930575,38.25432297282697],[138.41657535656748,38.2540551978891],[138.41603341071345,38.25125602744379],[138.41180783366462,38.25231908096089],[138.40870782110915,38.24855257723971],[138.40504834030867,38.24953038671805],[138.404879728217,38.25300800031903],[138.40238330734383,38.2543524409125],[138.39772856032482,38.25138383819365],[138.3971271728808,38.24983022518478],[138.39839910473495,38.248653559414265],[138.39930469505566,38.24632327929595],[138.39933968857588,38.245331333374395],[138.39034321706583,38.23914025202106],[138.39136130987663,38.23678830633531],[138.38753933866963,38.232482468391254],[138.38183326799094,38.22903034157707],[138.37631477340813,38.22744277466438],[138.3725786379938,38.22044194643871],[138.36389216639043,38.21294780229931],[138.35495958541662,38.20944810764411],[138.3510953829457,38.20439922464453],[138.3464681057186,38.20151117060408],[138.33974440987663,38.19896119780111],[138.33566881996012,38.19862562207487],[138.33550435823963,38.197889368699464],[138.33139871567823,38.19814501807815],[138.3261335016598,38.19729453191718],[138.32624544657017,38.19398480195707],[138.31534849533682,38.17860976562821],[138.31170763859666,38.168776504632035],[138.305507055906,38.16760761260127],[138.30349566819064,38.16555705401487],[138.3028215049086,38.158529306382434],[138.29933399516779,38.157244864958614],[138.3021062650921,38.15195908074702],[138.30103983102345,38.14909430565774],[138.29523011707636,38.143892359844585],[138.2932100778828,38.14302736042441],[138.2912942539267,38.14271319755608],[138.29171119311718,38.137042918995576],[138.29004561631223,38.13386935988308],[138.28425731522293,38.130748504639826],[138.28180425426297,38.131142531802425],[138.2798265893257,38.12706166736211],[138.27721325568723,38.12626822519849],[138.27097730176115,38.12157935969975],[138.27321360632288,38.118886224719574],[138.27226386468567,38.11482544124118],[138.26807994783144,38.112704332638884],[138.2678394160563,38.109274440662944],[138.26013856004658,38.101860775054774],[138.2612305582437,38.098051720810304],[138.25801394318898,38.0951804679043],[138.2524782229916,38.09371855876452],[138.2480104153484,38.09454958629442],[138.2483513357456,38.09109266699306],[138.2461574450101,38.08955602688917],[138.24541871580118,38.08916646755847],[138.24408408591194,38.088949468343344],[138.24081413656324,38.084550440850194],[138.2396658875707,38.0806857752284],[138.2469642537974,38.07939166699191],[138.24811858580415,38.07705989220034],[138.2406942803168,38.06687066694775],[138.23823255528828,38.066530748395394],[138.2357454217139,38.062859332692085],[138.23319022025248,38.06219366710411],[138.23327136158412,38.057956504988795],[138.2361687164132,38.05521246838077],[138.23485469538798,38.051446026712824],[138.23796141418802,38.04692264006786],[138.23505216582487,38.03886117120612],[138.23892269772443,38.031473387187134],[138.23842241206478,38.027953134929305],[138.23619658910138,38.025390837816985],[138.23219364462102,38.02514041439866],[138.228009415702,38.023049053571015],[138.2212549162814,38.02215664011692],[138.22379408642803,38.01945530601762],[138.2214008043037,38.01447119758774],[138.22732136239108,38.01023400039884],[138.23313358005078,38.00892869380425],[138.2344429443864,38.00413050491892],[138.23410997399617,37.99871946762937],[138.23535185500418,37.99539677484131],[138.23342372202717,37.9911353867887],[138.23462875511302,37.98386991866187],[138.22670664069892,37.982781026723046],[138.22718258081147,37.97971891879314],[138.2299503109582,37.97966261313911],[138.2305285858256,37.97715046762005],[138.23318367138938,37.974161306399196],[138.2356528661869,37.97451574810333],[138.2482617767597,37.96829464018555],[138.2492054470738,37.965496467987634],[138.25310503157198,37.96424500020663],[138.25779678299523,37.9697865048434],[138.257342776448,37.97299644063327],[138.26033097269635,37.98017041443313],[138.26321652392346,37.98262546829079],[138.2619840597166,37.98464983771987],[138.26584192016855,37.988515053726815],[138.27281491617555,37.99242397318784],[138.27420151788579,38.00220365797247],[138.27885671906245,38.004830621735834],[138.2863050580321,38.00660035082558],[138.2987313621627,38.00704891917235],[138.3064996628292,38.00531613513158],[138.318627197787,37.999165838033036],[138.32822277606033,37.991437999664015],[138.34130766541648,37.977841720718914],[138.3436910253206,37.96545405416134],[138.34274717334347,37.96252883833529],[138.34075603116594,37.95988225226421],[138.3373027757026,37.959816081047336],[138.33645255484157,37.957093414129815],[138.33260267227558,37.95613538703856],[138.32932000021788,37.94979217097199],[138.3228610512965,37.94640538709899],[138.30542752256213,37.939698693839716],[138.3007869389661,37.931469252304225],[138.2925916338969,37.92398480195709],[138.28518163392528,37.92022535971262],[138.2848005318192,37.915412305933216],[138.28262688662153,37.91361202687358],[138.28237802892295,37.9115309192166],[138.28044050612448,37.91133619800718],[138.2814505320165,37.9091975858999],[138.2784605056479,37.90746508064899],[138.2821394163011,37.90194174771352],[138.28614858588855,37.900318973242065],[138.28944451395319,37.8969013057507],[138.29051216570394,37.89224309903983],[138.28985555089298,37.88545925204289],[138.28346360596072,37.877307305987415],[138.2854424642984,37.874578531773864],[138.2801677822174,37.862857585709094],[138.26920941628157,37.847838413811814],[138.26467469458157,37.84398008121582],[138.25962418920506,37.841634215846454],[138.25758858634424,37.843140919318046],[138.2496733067777,37.84328953228612],[138.2495369128983,37.83993202674168],[138.24535024591717,37.83811925160222],[138.2320060829145,37.83876230643534],[138.22510896180916,37.83547839601124],[138.21673269785583,37.8372439999107],[138.21281739320818,37.832824000227504],[138.21103822303564,37.8295451080204],[138.20749321693847,37.82837235969669],[138.20449236093373,37.820241251832385],[138.20829403444225,37.81658430622082],[138.21267516182934,37.814141531706355],[138.21500488976392,37.81219235998947],[138.21513182907074,37.810515413955216],[138.21618211401346,37.80981763987222],[138.2176096105951,37.81023513484365],[138.22125630393532,37.80973069431616],[138.22364158209336,37.80843541426299],[138.22694019463438,37.80782705437514],[138.23055019473577,37.80624899959173],[138.23629549923794,37.80766010782776],[138.2412210510107,37.8054415046218],[138.24135856004955,37.803758441399],[138.24673910492584,37.80420761319084],[138.24966713383128,37.80308538698108],[138.26408075172537,37.80614372135568],[138.26788435787682,37.81004983762995],[138.2707451876404,37.81108510839107],[138.27330391714213,37.815549090318314],[138.27568442259803,37.815594819945034],[138.2767293385882,37.81119789236891],[138.2803168610344,37.811316225163694],[138.2815408949964,37.816123838044746],[138.29181422844397,37.822058892304085],[138.29776042800142,37.820946278947645],[138.30440111461985,37.826617305744094],[138.30879590091013,37.82716119773113],[138.32082902683817,37.82679797324789],[138.3247286643964,37.82445035959648],[138.3311703373413,37.82479563990688],[138.3393392482078,37.82665783818874],[138.34443732772058,37.82499172089126],[138.3495662521808,37.82899561325701],[138.35956099904092,37.83048363960836],[138.37515160826013,37.839631413958614],[138.37737083019977,37.842494712361145],[138.38148802904936,37.84329638691878],[138.3858499217365,37.8487444681827],[138.3938581714175,37.85413589215773],[138.40032319076272,37.86067850500905],[138.41065623919417,37.8632221438869],[138.4109563807325,37.8689935323257],[138.41684708222715,37.87150426141261],[138.42579875490867,37.87758019806773],[138.4272498568954,37.87976822522347],[138.43844481197857,37.88294846809737],[138.44169321716834,37.88328319756158],[138.4462551883263,37.88635235977364],[138.44866325620433,37.89033653180553],[138.45711019517944,37.89396233299533],[138.4616266147765,37.89349705434563],[138.47066466913918,37.897027306165285],[138.4730029963912,37.90281813524882],[138.47903632856378,37.90726561281781],[138.47983536990648,37.909336864804516],[138.4899379247954,37.919633882797484],[138.50013525293969,37.92086163995276],[138.499033864921,37.924723026646404],[138.50372330688515,37.93689910790755],[138.5028644750156,37.94391110841099],[138.510674747042,37.954196604289905],[138.5121532810491,37.96026627896566],[138.51713608276407,37.96662319800225],[138.51856108912307,37.9714701076594],[138.52066525269936,37.97347122511701],[138.5208725032635,37.97770436906143],[138.52684688667455,37.9827570004353],[138.53103216600175,37.99151197339893],[138.53813466887993,37.99857413538808],[138.5391904666668,38.00323802671363],[138.5464093903811,38.00802710816458],[138.55132800298497,38.01944653223171],[138.55069308701638,38.02417277535335],[138.55246719760316,38.02613961335254],[138.55354195759537,38.03119027880837],[138.55781863772006,38.03472630607422],[138.55804280183395,38.03723133256],[138.56358033686308,38.04217550479575],[138.5630350581215,38.045926918792304],[138.56732750965693,38.05588030583152],[138.57256542205664,38.06230234207948],[138.57266666683324,38.067504847270925],[138.57196377380922,38.06843308072217],[138.57239683514592,38.06957366659151],[138.5711110636247,38.07300059530127],[138.56953522656954,38.074340891818736],[138.57259574629677,38.07864730622828],[138.56870438429996,38.08395564004081],[138.5651607784472,38.083605945857755],[138.56091771677927,38.08630372133973],[138.5531596108275,38.08120520655507],[138.54501405985104,38.0811549011778],[138.5357357201275,38.07860031485268],[138.53294933894085,38.07472213511852],[138.53055933934206,38.07518105376266],[138.5211478855665,38.071372054376866],[138.50934319103555,38.07032199966062],[138.50579319100302,38.072320359796834],[138.50264863772452,38.07075694597631],[138.49902124473476,38.07147094562771],[138.49201763940255,38.069867108180574],[138.48368804216943,38.062960036076845],[138.48018372230104,38.062328864885274],[138.46711044139386,38.065686559287315],[138.45940302213182,38.06932594563591],[138.44894647160243,38.072689467644864],[138.44406719804283,38.07555255920329],[138.4442244489992,38.077764332957656],[138.4365345530273,38.082124945909584],[138.43433005209033,38.08815672135563],[138.43434961144544,38.093861559063726],[138.43777581080508,38.10174653237664],[138.43766180285002,38.109003667385366],[138.43516233507376,38.11484617061433],[138.43613591414123,38.11799033268778],[138.4415109084017,38.12780094605688],[138.44697182928655,38.13376055900267],[138.4487751624439,38.137820278583035],[138.45007481230277,38.14611941397982],[138.45916555074962,38.157428278991915],[138.4600699998307,38.16154883770872],[138.46682503164993,38.16904591903398],[138.47012622614443,38.16991185644707],[138.47089931305288,38.174480541044204],[138.47669361891542,38.179969595420516],[138.47760260687483,38.18449819813338],[138.48124014331802,38.188202081161194],[138.48175985703188,38.192620414400665],[138.48857326834172,38.20186009856474],[138.49114281488903,38.20220549488772],[138.49227514857932,38.20629380211733],[138.49353905308487,38.21703261296477],[138.49240544685392,38.220224000237465],[138.49378124500856,38.22501983829494],[138.496497860388,38.22699705357121],[138.49944402142455,38.2360811981888],[138.5032501168995,38.24074258580174],[138.50445016864046,38.24796619768193],[138.50650007791637,38.249949252256215],[138.50581786030602,38.25425035976633],[138.50806727608403,38.263462837639906],[138.5098458877776,38.265542000063306],[138.50767308704337,38.271115613195036],[138.50766069978158,38.2771544681043],[138.509219416443,38.28489866693997],[138.5079507779061,38.295506720858555],[138.51057464260577,38.300425891941416],[138.5122398569839,38.314646170884146],[138.5164124252933,38.31917812626955],[138.52101321658677,38.32233394625467],[138.51709618703944,38.324971261214785],[138.5168445783147,38.329467278791924],[138.514972360686,38.332052279289314],[138.51065399518575,38.3310828380026],[138.50296090841925,38.33222329706757]]],[[[138.50729121871484,38.331969504788844],[138.50745933887742,38.33221286493182],[138.50735455257063,38.33230422525986],[138.50719510996646,38.332011171278566],[138.50729121871484,38.331969504788844]]],[[[138.5154601430712,38.332392278780674],[138.51557625184262,38.33258255913785],[138.51545263283276,38.33260755939142],[138.51537403388465,38.33249700033633],[138.5154601430712,38.332392278780674]]],[[[138.48578786022165,38.33236869406005],[138.4860009213055,38.33248119834866],[138.48574286624034,38.33260425168493],[138.48578786022165,38.33236869406005]]],[[[138.5152412453872,38.332632558745615],[138.51501124467325,38.3327886666637],[138.51492902685322,38.33264727884887],[138.5152412453872,38.332632558745615]]],[[[138.48585841833142,38.33292786462931],[138.48545564166454,38.33289091868102],[138.48558258097137,38.332730639707336],[138.48598535673887,38.332704532388334],[138.48585841833142,38.33292786462931]]],[[[138.502244189218,38.33276738690546],[138.50230428011855,38.332855613096115],[138.50220094711608,38.333006441094426],[138.5020578856629,38.33291727870949],[138.502244189218,38.33276738690546]]],[[[138.4936120231764,38.332714225281336],[138.49376814458424,38.332997000011574],[138.4935248123203,38.33305450536119],[138.49346452716622,38.33282950487779],[138.4936120231764,38.332714225281336]]],[[[138.51482430619683,38.332835891863],[138.5149831912214,38.3330242251879],[138.5147290266234,38.33308922458809],[138.51482430619683,38.332835891863]]],[[[138.502927886213,38.33327950494527],[138.50296732777997,38.3334492250018],[138.5027553827548,38.333353946327634],[138.502927886213,38.33327950494527]]],[[[138.48640591390188,38.3327595322267],[138.48707063610107,38.33313480222938],[138.4874223087926,38.3338073062622],[138.48699564163564,38.33387869444624],[138.48640591390188,38.3327595322267]]],[[[138.50163732760063,38.33396783794541],[138.50156844402852,38.333815892089774],[138.50182011660513,38.33372338692482],[138.50183038866157,38.33389450542711],[138.50163732760063,38.33396783794541]]],[[[138.51512763942912,38.333787837738555],[138.515143475591,38.333962837714864],[138.51493542193225,38.3338761709486],[138.51512763942912,38.333787837738555]]],[[[138.5018687159685,38.33403922523013],[138.50180871589953,38.33418810799486],[138.5016917770539,38.33414310771832],[138.5018687159685,38.33403922523013]]],[[[138.50438844367181,38.335568107782024],[138.50431622631288,38.335710054075776],[138.50421316490565,38.335639225270086],[138.50438844367181,38.335568107782024]]],[[[138.48423005187544,38.336368413571506],[138.48045199726198,38.33452369361362],[138.48464036306234,38.332016197589496],[138.48423005187544,38.336368413571506]]],[[[138.48850508444218,38.337125080657984],[138.48860202326478,38.33727591944819],[138.48848868980122,38.33731258570731],[138.48850508444218,38.337125080657984]]],[[[138.48918286569676,38.33804786511695],[138.48843727555993,38.33801341388801],[138.48855841783677,38.337508413982164],[138.48928868982125,38.3376500805868],[138.48918286569676,38.33804786511695]]],[[[138.4933448121135,38.338953666778366],[138.49350119342535,38.339219775272454],[138.49332092072393,38.3392992249793],[138.4932023091393,38.339003386697016],[138.4933448121135,38.338953666778366]]],[[[138.49388702956287,38.34152005400733],[138.49409730184902,38.341600054099274],[138.49404230920527,38.34174617144873],[138.49380980477872,38.34166505439879],[138.49388702956287,38.34152005400733]]],[[[138.4935770296563,38.3417475591026],[138.4938475879959,38.34190977521598],[138.4938195327453,38.34206838684662],[138.4935042538183,38.34196838673171],[138.4935770296563,38.3417475591026]]],[[[138.49327814537014,38.342025332702974],[138.49350591396683,38.34220338677693],[138.4934120229466,38.34229561315209],[138.49311647244735,38.34221366692725],[138.49327814537014,38.342025332702974]]],[[[139.22821286643068,37.99367019792135],[139.2283887162663,37.99375561283131],[139.22828949406494,37.9938883060006],[139.22805732778352,37.99378369416223],[139.22821286643068,37.99367019792135]]],[[[139.24464168606505,38.006314441058635],[139.24576809322298,38.008136766098914],[139.2457177042088,38.00815694598634],[139.24464168606505,38.006314441058635]]],[[[139.2664119579456,38.01698103634578],[139.26638534430822,38.01712662219592],[139.26619763871008,38.01700549520751],[139.26639028518355,38.016966577045935],[139.26685014271993,38.016505604350186],[139.26687250256396,38.016519604096516],[139.2664119579456,38.01698103634578]]],[[[138.68333333296698,37.54526474806971],[138.68154094725696,37.54520399976485],[138.68154678295775,37.54513661266458],[138.68333333296698,37.54526474806971]]],[[[138.67893664101325,37.54533550492965],[138.67896961105873,37.545523467733915],[138.67875736655924,37.54549238716396],[138.67877177729576,37.545356720836025],[138.67893664101325,37.54533550492965]]],[[[138.68909620032946,37.54573025244923],[138.6890265892058,37.545765918662255],[138.68856544743755,37.54502341409932],[138.68863505766183,37.544987747886296],[138.68909620032946,37.54573025244923]]],[[[138.69039938992,37.54624491916775],[138.6894608295537,37.546106359720795],[138.68947861184847,37.546040360274446],[138.69039938992,37.54624491916775]]],[[[139.22080367135243,38.43546019792984],[139.22080727583523,38.43572491877006],[139.2205745007127,38.43571658565196],[139.22059949377172,38.43545464011959],[139.22080367135243,38.43546019792984]]],[[[139.2225786902544,38.43557297291443],[139.2227217508082,38.435750197813434],[139.22261758773152,38.4358007478063],[139.22246785960408,38.43566019815967],[139.2225786902544,38.43557297291443]]],[[[139.2135522443407,38.436918532264485],[139.21343418943638,38.43662574807985],[139.21381364488388,38.43663408119795],[139.2135522443407,38.436918532264485]]],[[[139.21474752337951,38.43707074791672],[139.2148225286369,38.43726491874105],[139.21464169925503,38.437304639997194],[139.21462252930633,38.43715519785417],[139.21474752337951,38.43707074791672]]],[[[139.21420280221764,38.43750908107927],[139.2142716992796,38.43730964022774],[139.21450085642948,38.43735186519649],[139.2145111410764,38.43747297329912],[139.21420280221764,38.43750908107927]]],[[[139.2160661606249,38.43990408090866],[139.21558144043115,38.43965546782562],[139.21593588843052,38.4395540809561],[139.2160661606249,38.43990408090866]]],[[[139.21415697816212,38.44001825164105],[139.21405308668068,38.440254919029314],[139.21385252887114,38.44010269438388],[139.21415697816212,38.44001825164105]]],[[[139.2317543058166,38.440391559323075],[139.23181958490602,38.44053710830099],[139.2316840336913,38.44057072136178],[139.2315765242373,38.44038489174943],[139.2317543058166,38.440391559323075]]],[[[139.21494422759406,38.44258602742326],[139.21430002612533,38.44257213469632],[139.2143430865642,38.44244546788411],[139.2148833848604,38.44246213501958],[139.21494422759406,38.44258602742326]]],[[[139.21835505843922,38.443242108036884],[139.2183872757522,38.44337738675705],[139.21819394309603,38.44339989229127],[139.21820810561962,38.44323377491884],[139.21835505843922,38.443242108036884]]],[[[139.2172242284155,38.44361683844642],[139.21702727598802,38.44377433311905],[139.21691644623706,38.44364766720611],[139.2172242284155,38.44361683844642]]],[[[139.21780005173105,38.44366738664064],[139.21791839172045,38.44383905372939],[139.21764978041313,38.44394350458913],[139.21766783430314,38.44371517121823],[139.21780005173105,38.44366738664064]]],[[[139.2174031125636,38.44403072084117],[139.21741367060451,38.44414044082873],[139.2172419972204,38.44411794608641],[139.21725644572848,38.444033505142215],[139.2174031125636,38.44403072084117]]],[[[139.21808644623252,38.44574517130269],[139.2180650576563,38.445826837838354],[139.21786005180002,38.445886279428294],[139.2179039432125,38.44575933292691],[139.21808644623252,38.44574517130269]]],[[[139.21691255487053,38.44582405443663],[139.21685172472735,38.44599017090974],[139.21675005187342,38.44595127882849],[139.21680783421425,38.44585072113392],[139.21691255487053,38.44582405443663]]],[[[139.21730978002245,38.44586072069575],[139.2172345013712,38.44598461309948],[139.2170636706519,38.44601127889746],[139.2171631131872,38.44585238667838],[139.21730978002245,38.44586072069575]]],[[[139.21760527926028,38.44598410768049],[139.21754866423953,38.446111838390664],[139.21739561581512,38.446094333087046],[139.21752810573753,38.445973224984414],[139.21760527926028,38.44598410768049]]],[[[139.21759616103407,38.44802294630199],[139.21721311279498,38.44841155864657],[139.21688756181163,38.44802017099414],[139.21759616103407,38.44802294630199]]],[[[139.2132475225552,38.44838905401167],[139.21335839187634,38.44847627925691],[139.21325418922947,38.448567946253775],[139.2131222442962,38.44852155922263],[139.2132475225552,38.44838905401167]]],[[[139.2180364457255,38.44887627881724],[139.21769644623407,38.448794613180894],[139.2179833848254,38.44844489201819],[139.21837258082996,38.448732666979026],[139.2180364457255,38.44887627881724]]],[[[139.2204729438713,38.448881946344784],[139.22048036327817,38.4491776668159],[139.22037063609605,38.44914210762221],[139.22032702976867,38.44895794625228],[139.2204729438713,38.448881946344784]]],[[[139.21781089485694,38.44900572093735],[139.2179111665671,38.44914655926635],[139.21772172527744,38.44921017101262],[139.2175817251166,38.44903099998072],[139.21781089485694,38.44900572093735]]],[[[139.22303260686942,38.45182710823451],[139.22303260686942,38.45201850465031],[139.2227892737061,38.45193683811465],[139.22303260686942,38.45182710823451]]],[[[139.2226315047402,38.45314210772216],[139.22265678288431,38.45324350538351],[139.22248121903306,38.45340961286337],[139.22237316458995,38.453327946327704],[139.2226315047402,38.45314210772216]]],[[[139.22121063616203,38.45894766680141],[139.22124399471465,38.459018224911176],[139.22113897458405,38.45913905422401],[139.22104230915534,38.45898127896288],[139.22121063616203,38.45894766680141]]],[[[139.22193345006872,38.45996405359824],[139.22208732766808,38.46017238694617],[139.22192260694283,38.460332945609025],[139.22168983092104,38.46019489158101],[139.22193345006872,38.45996405359824]]],[[[139.22209428032681,38.46051294581582],[139.2222090014443,38.46060572077744],[139.22206344976848,38.46071850475522],[139.2219656682811,38.460557946092365],[139.22209428032681,38.46051294581582]]],[[[139.2213501174141,38.46029627934985],[139.2217864981484,38.46057489201769],[139.22156455266202,38.46081433291516],[139.2213501174141,38.46029627934985]]],[[[139.2241631652979,38.46129291883318],[139.22415622612903,38.46141958564539],[139.22393066087136,38.461397081010546],[139.22398788563248,38.461284585715134],[139.2241631652979,38.46129291883318]]],[[[139.2244028921798,38.46126486538128],[139.224556783269,38.46147874844553],[139.22444260714065,38.46153069418625],[139.2244028921798,38.46126486538128]]],[[[139.22451372193075,38.461774306139375],[139.22449955940715,38.46195458603535],[139.22437428024887,38.46186735989079],[139.22451372193075,38.461774306139375]]],[[[139.22429177734375,38.461943467716935],[139.2242776130215,38.46220819755035],[139.22390538272725,38.46221930597625],[139.22389732839906,38.46184430577017],[139.22429177734375,38.461943467716935]]],[[[139.2292562517747,38.46382708065528],[139.2293526330177,38.46400735965199],[139.22927041519756,38.464289027316795],[139.22908791217742,38.46426930608368],[139.2290379116704,38.46403569369238],[139.2292562517747,38.46382708065528]]],[[[139.2328996113281,38.46648235957326],[139.23276128390614,38.4667854140157],[139.23258072611964,38.466729306212585],[139.2326309991214,38.466561251700455],[139.2328996113281,38.46648235957326]]],[[[139.23211211368312,38.467144026775486],[139.23215849531834,38.46725097325384],[139.23185795088375,38.46751013538449],[139.23174350226088,38.467389027281854],[139.23211211368312,38.467144026775486]]],[[[139.23334572002898,38.46793255864071],[139.23337933938512,38.46752708130981],[139.2337582228638,38.46755513476171],[139.23334572002898,38.46793255864071]]],[[[139.2325129442171,38.467853467763405],[139.23248433228616,38.46801680173405],[139.2322360051876,38.46817346813111],[139.2321084948112,38.468061802010595],[139.2325129442171,38.467853467763405]]],[[[139.23396238695466,38.46790430643864],[139.23368099897903,38.46816458642655],[139.2333109990035,38.46816874758969],[139.23381572011942,38.46781986459513],[139.23396238695466,38.46790430643864]]],[[[139.23410905289052,38.46800013459858],[139.2340196108164,38.46839680217073],[139.23375878134277,38.46827374793514],[139.23410905289052,38.46800013459858]]],[[[139.2329712836978,38.46782513462233],[139.23279961121318,38.46823291871431],[139.2322446170955,38.46847013468903],[139.2326668353063,38.46792374798264],[139.2329712836978,38.46782513462233]]],[[[139.23438464293702,38.46863625206146],[139.23440630400773,38.4688418020076],[139.23424518776528,38.468839026699754],[139.23419852104496,38.468726251715225],[139.23438464293702,38.46863625206146]]],[[[139.23386961109372,38.4686187476571],[139.23390099923176,38.46874764029144],[139.23372571956634,38.4688890272069],[139.23361627836857,38.468740414238766],[139.23386961109372,38.4686187476571]]],[[[139.23360072639252,38.46840819837968],[139.23334849533683,38.46873930627402],[139.23318933871712,38.46856291864384],[139.23360072639252,38.46840819837968]]],[[[139.2595935284187,38.46753050502883],[139.25851350199662,38.468753332999995],[139.25851350199662,38.469008279108834],[139.2562948376367,38.46990617123288],[139.25626411229905,38.46984350467403],[139.25843155577172,38.468966332929995],[139.25843155577172,38.46873183830377],[139.2595935284187,38.46753050502883]]],[[[139.23564797727238,38.470624278987316],[139.23559797676523,38.47093650471595],[139.23538046673525,38.47083510795392],[139.23564797727238,38.470624278987316]]],[[[139.23838241181886,38.4722428922957],[139.2384146426217,38.47236677480686],[139.23817824862738,38.47223455917759],[139.23822130996552,38.47216122486071],[139.23838241181886,38.4722428922957]]],[[[139.23788852123835,38.472476775382916],[139.23811046672472,38.47256955933773],[139.23805907856365,38.47267150468622],[139.23783824913596,38.47263733314645],[139.23788852123835,38.472476775382916]]],[[[139.25887975359785,38.47340925183556],[139.2589622439125,38.473502305586976],[139.25895141427645,38.47364313492278],[139.2588316992236,38.47361758608281],[139.25877613461103,38.473502305586976],[139.25887975359785,38.47340925183556]]],[[[139.2380746431303,38.47360038744796],[139.23815686095043,38.47375761322331],[139.23799741924552,38.473761504589845],[139.2380746431303,38.47360038744796]]],[[[139.23928411167253,38.478994558851866],[139.2393163289854,38.4791973325909],[139.23914522667098,38.47920483833269],[139.23910522662493,38.479039837918265],[139.23928411167253,38.478994558851866]]],[[[139.23891549935092,38.479042613226056],[139.23902299621432,38.479152333213676],[139.23886549884378,38.47926455871249],[139.23876883341495,38.47909594572138],[139.23891549935092,38.479042613226056]]],[[[139.24234938971267,38.480227613013994],[139.24181105103924,38.48000844103677],[139.2423085595924,38.47984510796539],[139.24234938971267,38.480227613013994]]],[[[139.24260910492626,38.48030122522141],[139.24261994805227,38.48057427917968],[139.24232383907395,38.480433440850675],[139.24260910492626,38.48030122522141]]],[[[139.24315661488595,38.48101927901655],[139.24314577176006,38.4812220536549],[139.24301827487352,38.481172332836934],[139.24315661488595,38.48101927901655]]],[[[139.24348219194962,38.48107010779927],[139.24354664096472,38.481194000203004],[139.2434107776853,38.48127566673867],[139.24330966331036,38.481187613217855],[139.24348219194962,38.48107010779927]]],[[[139.24101272375822,38.48132066701521],[139.24107717277332,38.481647054368125],[139.24082299558484,38.48164122496263],[139.24071216583388,38.48134594605864],[139.24101272375822,38.48132066701521]]],[[[139.24288800267925,38.48157399974036],[139.2431780025628,38.4818217746552],[139.24297272421188,38.4818442792901],[139.24288800267925,38.48157399974036]]],[[[139.24303133572766,38.48237344128137],[139.24318522681688,38.48248899966768],[139.24305883339855,38.482606225397035],[139.24303133572766,38.48237344128137]]],[[[139.2447705319346,38.483218134909066],[139.2451821921045,38.48332230607963],[139.2450641372002,38.48356174787642],[139.2447705319346,38.483218134909066]]],[[[139.24562247679592,38.48366036033741],[139.24549858619082,38.48380841392719],[139.24540581122926,38.48377813465322],[139.2455258113672,38.483632027196336],[139.24562247679592,38.48366036033741]]],[[[139.2445988585505,38.484319252231785],[139.2445666412376,38.484555639930875],[139.24441635463108,38.48455286462308],[139.24444496836065,38.48434174787343],[139.2445988585505,38.484319252231785]]],[[[139.24747997432144,38.484530359988185],[139.247172192143,38.484713414292685],[139.24709330721043,38.4845445324043],[139.24747997432144,38.484530359988185]]],[[[139.24399386482503,38.48447119808736],[139.2439616340223,38.484707864576364],[139.24375469462348,38.484706467929186],[139.24387219194818,38.48448258620243],[139.24399386482503,38.48447119808736]]],[[[139.2476802461465,38.48468258643226],[139.24771247694935,38.4847556401607],[139.24758053201606,38.48488480169232],[139.24749413684503,38.48473313462654],[139.2476802461465,38.48468258643226]]],[[[139.24731885897825,38.48496119820078],[139.24741191992428,38.485090640320834],[139.24713274967667,38.48515258562338],[139.24719357981996,38.484955640390524],[139.24731885897825,38.48496119820078]]],[[[139.24803469504525,38.48595786466376],[139.24771968861285,38.485760639741784],[139.24818858613446,38.485603135176575],[139.24803469504525,38.48595786466376]]],[[[139.24805968900353,38.48653230572137],[139.24797024603015,38.48667591935822],[139.24787357970206,38.48654063973879],[139.24805968900353,38.48653230572137]]],[[[139.24731885897825,38.487306468219],[139.24741914417825,38.487517864657775],[139.24727941561264,38.48754313470795],[139.24719357981996,38.48740786498104],[139.24731885897825,38.487306468219]]],[[[139.24714358021208,38.487557306224744],[139.24714358021208,38.4877578649336],[139.2469644226701,38.487728973313494],[139.24697163433348,38.487593693694066],[139.24714358021208,38.487557306224744]]],[[[139.26376810581348,38.48910061300296],[139.26367144038477,38.48924144143945],[139.2633600519249,38.48923283762542],[139.26342089465868,38.48907810836806],[139.26376810581348,38.48910061300296]]],[[[139.26079756235765,38.48928617102001],[139.2607439429787,38.48939589190695],[139.26055922223043,38.48945922486337],[139.2603967192333,38.48942117095032],[139.26066866432745,38.489257837878995],[139.26079756235765,38.48928617102001]]],[[[139.26147422755366,38.48923255883557],[139.26145255479162,38.489480332851144],[139.26113700426936,38.48941755927302],[139.26130949423782,38.4891931082754],[139.26147422755366,38.48923255883557]]],[[[139.25216472092518,38.489381748269125],[139.2521577817563,38.48953925193496],[139.25200389066708,38.48951119758374],[139.25216472092518,38.489381748269125]]],[[[139.26243338509266,38.489607279352526],[139.2623653306955,38.489440892183495],[139.26288450121876,38.489308666661714],[139.26282005220366,38.48959310783573],[139.26243338509266,38.489607279352526]]],[[[139.26455922233026,38.489328666684685],[139.2645414400355,38.48959894623442],[139.26433005169065,38.489362559434596],[139.26455922233026,38.489328666684685]]],[[[139.2516566669217,38.48953369412476],[139.2515052786457,38.48971758569809],[139.25140610860512,38.489601198136825],[139.2516566669217,38.48953369412476]]],[[[139.25244416276792,38.48942091914017],[139.2525336057414,38.48968008127076],[139.25235111531174,38.48999841429543],[139.25213610899425,38.489891198020416],[139.25227944204266,38.489494251658414],[139.25244416276792,38.48942091914017]]],[[[139.25197389108223,38.48981035976033],[139.251961672893,38.49030453182871],[139.2514427757635,38.490124531621916],[139.25197389108223,38.48981035976033]]],[[[139.25861807966066,38.48997313525206],[139.2588111407216,38.49038146793043],[139.2585775229344,38.490426198410375],[139.25861807966066,38.48997313525206]]],[[[139.25296306079667,38.490082865132194],[139.25297749671415,38.4904348022244],[139.25281639396144,38.49038702664001],[139.25296306079667,38.490082865132194]]],[[[139.2539308302437,38.490515359895994],[139.25332527893852,38.490175360404635],[139.2541547209637,38.49016174826613],[139.2539308302437,38.490515359895994]]],[[[139.2522758366606,38.490400919367005],[139.25230444859153,38.49058953238108],[139.25207167256974,38.49049674842627],[139.2522758366606,38.490400919367005]]],[[[139.251513332974,38.49045453155145],[139.25149194619644,38.49061508122105],[139.25129861174162,38.49064036026448],[139.25138082956175,38.49047980160162],[139.251513332974,38.49045453155145]]],[[[139.25220888483227,38.49082035957201],[139.25225167277654,38.49090425192975],[139.2521233332253,38.49102425206763],[139.2520686121768,38.49085869407355],[139.25220888483227,38.49082035957201]]],[[[139.25606613464447,38.49097536042461],[139.25473114142915,38.48988008060127],[139.25266944204122,38.48976730561674],[139.25267027211544,38.48921646816552],[139.25150610872004,38.48815425191725],[139.250026393903,38.48675869385869],[139.24903693910358,38.48446841378632],[139.24385053177673,38.48116372092903],[139.2424432807329,38.47859038733657],[139.23734435765607,38.474661504724736],[139.23833741873693,38.47412233327913],[139.23882632887205,38.4728456673937],[139.2385221403846,38.47112122456491],[139.23175433189692,38.46381874843655],[139.22657208843123,38.46240513468928],[139.2233078857504,38.45858989220983],[139.22501511015923,38.454279332825024],[139.2228292476717,38.4475129461656],[139.2175639428218,38.446882945891275],[139.2186664459997,38.44599017090974],[139.21804866391483,38.445012386612404],[139.21907810616972,38.44262017108406],[139.2149514140766,38.4374788018053],[139.22043644578537,38.43769686491845],[139.22280785999476,38.4359726936849],[139.22645844380224,38.43734683798624],[139.23256430629772,38.44167989211337],[139.23708099928876,38.44602180186473],[139.24082824942423,38.447559306217045],[139.2479860830913,38.453286251959014],[139.24954275019786,38.45749289198341],[139.254254448584,38.46208344089814],[139.25377863797382,38.46518261258757],[139.2559844753033,38.4712053597396],[139.25912364524015,38.4724181350889],[139.2570550318643,38.4757686942699],[139.25869335921118,38.48248091925905],[139.26395756239162,38.4864750539806],[139.26424060961654,38.48892310841478],[139.26186783383355,38.489320053877464],[139.2610372757497,38.4887486669175],[139.2596453050868,38.48979008094756],[139.25819557726413,38.489595919116425],[139.25606613464447,38.49097536042461]]],[[[139.2565991960961,38.491555360191796],[139.25615530512334,38.49148230556398],[139.25644530500688,38.49128786494305],[139.2565991960961,38.491555360191796]]],[[[139.25200138785385,38.49116563988241],[139.2519769388847,38.49154674828384],[139.2517205583572,38.49165008128625],[139.25187944158301,38.49119453240178],[139.25200138785385,38.49116563988241]]],[[[139.2548150319882,38.491998413895715],[139.2548150319882,38.49207369434555],[139.25458224427518,38.49217869379174],[139.254575862686,38.492031197781614],[139.2548150319882,38.491998413895715]]],[[[139.2499633334412,38.4946117484335],[139.24986389090589,38.49493202669174],[139.24961693887064,38.49485119832417],[139.24962972812955,38.494669802369515],[139.2499633334412,38.4946117484335]]],[[[139.24971972778326,38.49503786520535],[139.24959444862498,38.49521174822365],[139.24944389132258,38.494992586139006],[139.24971972778326,38.49503786520535]]],[[[139.24999999970032,38.49555380176662],[139.2501783397587,38.49570869380125],[139.24994082970557,38.495791747990836],[139.24979666658294,38.49571369403179],[139.24999999970032,38.49555380176662]]]]}},{"type":"Feature","id":"JP-15-capital","properties":{"Kind":"capital","PrefectureCode":"15","PrefectureName":"Niigata","CapitalName":"Niigata","CapitalNameJapanese":"新潟市","PointKind":"prefecture-representative-point"},"geometry":{"type":"Point","coordinates":[139.023239,37.902451]}}]}
