{"type":"FeatureCollection","bbox":[122.93374861200891,24.045871946033515,131.33211333276415,27.885685829237673],"displayBbox":[127.63650481244724,26.074563828957594,128.32694778221446,26.875514721027628],"DataVersion":"2019-boundaries-v1","Attribution":{"BoundarySource":"MLIT National Land Numerical Information, via Fabio Crisci / piuccio","BoundarySourceURL":"https://github.com/piuccio/open-data-jp-prefectures-geojson/tree/513fb852832c99470e16b95a30ddd68bf3469dc0","BoundaryDate":"2019-01-01","CapitalSource":"Geospatial Information Authority of Japan (GSI), prefecture representative points","CapitalSourceURL":"https://maps.gsi.go.jp/","CapitalSourceRetrieved":"2026-10-04","Notice":"Simplified and enriched by Ashiato Kai. Modern geographic context, not historical immigration-era boundaries. See GEOLOCATION.md and THIRD_PARTY_NOTICES.md."},"features":[{"type":"Feature","id":"JP-47","bbox":[122.93374861200891,24.045871946033515,131.33211333276415,27.885685829237673],"properties":{"Kind":"prefecture","PrefectureCode":"47","PrefectureName":"Okinawa","PrefectureNameJapanese":"沖縄県"},"geometry":{"type":"MultiPolygon","coordinates":[[[[127.67065941619921,26.221435613362928],[127.670624422679,26.221526360353323],[127.67036807992304,26.221445774802703],[127.67040308693299,26.22135502691299],[127.67065941619921,26.221435613362928]]],[[[127.66587155602758,26.221498440900405],[127.66613136207275,26.221567828992193],[127.66609130986615,26.221709865218145],[127.66585486371105,26.221664197644657],[127.66587155602758,26.221498440900405]]],[[[127.66913150491507,26.22213961255312],[127.66898683457487,26.222031918738082],[127.66955953274635,26.221777135406512],[127.66956428026742,26.221965135082996],[127.66913150491507,26.22213961255312]]],[[[127.6429260959626,26.223418999787043],[127.6427203373737,26.224555395715015],[127.64298331982445,26.216409189132833],[127.64314714662362,26.21676021611114],[127.6429260959626,26.223418999787043]]],[[[127.67781330723835,26.226278494956603],[127.67771302203835,26.226414387014415],[127.67660124505153,26.225257694287222],[127.67664756193551,26.22510066726204],[127.67781330723835,26.226278494956603]]],[[[127.67988761332276,26.244306224652576],[127.67480364507219,26.246398748303648],[127.6749407260337,26.250377332847677],[127.66905486379096,26.250747973140506],[127.66928861197994,26.242445108255197],[127.67225739276455,26.238617107993207],[127.66708766516365,26.237707162255788],[127.66707849477677,26.23227644060529],[127.67366700362936,26.232276224767986],[127.6750897535893,26.240198413825794],[127.67939739287544,26.240198162015588],[127.68104949423878,26.22656261327404],[127.67674464285108,26.224250135235593],[127.67233114076964,26.224286558677818],[127.67092369637157,26.220947224834617],[127.66511472076786,26.221552829199766],[127.66171955881066,26.217334387372148],[127.66315955866673,26.21323972103636],[127.65759294405916,26.21351716188758],[127.65205997398868,26.217768829168165],[127.64888703001247,26.216676559375742],[127.64425313917116,26.211524495359242],[127.64176619985028,26.20752608076407],[127.6406856940896,26.201309802205685],[127.63650481244724,26.19870713542599],[127.6395892478456,26.192963413730638],[127.64366033665533,26.18871649487039],[127.64421433162613,26.178080197742986],[127.64074788580638,26.177383135023717],[127.64283299634576,26.173361667207246],[127.64825741914467,26.173826559148438],[127.64854914392788,26.169016919195542],[127.6540967189884,26.161995251879432],[127.6592206099433,26.161457558919267],[127.66036936435478,26.16199227872073],[127.6618858632421,26.16000025161037],[127.66417457759474,26.158912973055294],[127.66591844398101,26.157271134755092],[127.66906197113315,26.152139468261907],[127.65940997389123,26.14924822522545],[127.65728827533371,26.147471252096636],[127.6479648382068,26.145303829308318],[127.65077136240848,26.135327135439013],[127.65023252910794,26.132195613336933],[127.65286953290263,26.1260574678779],[127.65577664087937,26.12728086511987],[127.65359511042607,26.132847054348133],[127.65347678302714,26.135268666915522],[127.66017569355347,26.13683882924863],[127.66091914420315,26.134204026994325],[127.6675436709038,26.133963541084597],[127.66713863783798,26.131973333302767],[127.66263066107626,26.130028775107917],[127.66469922229135,26.12397880188024],[127.66241063564235,26.1211979191487],[127.66150197143884,26.116377999944802],[127.66444527892656,26.114589225012764],[127.66198111493657,26.11029002676338],[127.65894571956937,26.102565559053346],[127.65849128404557,26.09194561339939],[127.65654591376301,26.08438869388317],[127.65885780814142,26.080645559045365],[127.66190422829754,26.08152825172749],[127.66725219163538,26.078812693950738],[127.67345625200448,26.078412494740917],[127.6773967187836,26.074563828957594],[127.68035593977481,26.074926666732324],[127.68663383898058,26.081522387248413],[127.69468766540353,26.085368278623207],[127.70693144043366,26.090046468269918],[127.70879422777148,26.09014838663876],[127.7134181451313,26.087546360176418],[127.72559189355115,26.0909092787403],[127.7281111670967,26.09733594559748],[127.73431447473331,26.099294613255836],[127.73773800310641,26.10456213493461],[127.73844007774744,26.1079619733664],[127.73941360555352,26.10952744123847],[127.74717647161697,26.11825749488753],[127.74815525326244,26.119042333237132],[127.75014705644162,26.11995097315895],[127.75584102494338,26.11978661306182],[127.75837258142951,26.123792946187564],[127.7618874449497,26.125840721372242],[127.76732144013238,26.12614277486921],[127.76733708204074,26.130424224998023],[127.77534730213631,26.1349966939423],[127.781164305988,26.13485233296882],[127.78491464259673,26.132620999859284],[127.79289916996083,26.134946748293828],[127.80280277592738,26.146815252422016],[127.80665708225865,26.14940277461841],[127.81189007806472,26.155292494952732],[127.81501686073955,26.15660677498272],[127.81824306076874,26.157386999810228],[127.82463143988912,26.165041162119962],[127.82976766504578,26.16540041429772],[127.83114158181866,26.17629444093575],[127.82801955925527,26.179397000371296],[127.82296805383271,26.17993730586204],[127.8213005839549,26.182195026879015],[127.82246642008931,26.188626134588503],[127.82096236062455,26.191657161948513],[127.80803830062712,26.189715864695472],[127.80475771679528,26.188188000176126],[127.79830202341975,26.187063972624287],[127.79501972817798,26.185591658328406],[127.7911451097591,26.180989305811863],[127.79068586286235,26.178428694029037],[127.7908002458347,26.17614410756454],[127.79155674384867,26.17493091942646],[127.79092489007166,26.174404027324044],[127.79051425422949,26.17123219760788],[127.78532321719274,26.172297720663323],[127.77781333311884,26.172495468091427],[127.77949586304373,26.175803359837232],[127.77605277621467,26.180018054189873],[127.77875872923198,26.18307963961371],[127.77810843125917,26.187283017797085],[127.77055128421443,26.192799972740602],[127.76909878108393,26.200322027339723],[127.77097075229847,26.202357414363235],[127.76567596587324,26.20474733302308],[127.76872955902195,26.210062945948266],[127.77762763930423,26.216733305697574],[127.78278968939276,26.22490005369457],[127.78734788609609,26.226067693869027],[127.78995447481918,26.23000355881726],[127.78783199744873,26.231161918887494],[127.78928795127797,26.235972486041476],[127.78857221773376,26.24080138677465],[127.7895183270092,26.248536945823446],[127.796094046603,26.25885307171194],[127.797989300366,26.265461738868225],[127.80083778243772,26.26885417138294],[127.80324321710088,26.269389089934577],[127.80943701710476,26.275198089820037],[127.81133504527622,26.27365435136727],[127.8162019711441,26.277374729760027],[127.81494080417485,26.278799153358307],[127.81692165990671,26.28342944061626],[127.81597000001557,26.288529720770043],[127.81048693872128,26.293791946341287],[127.81321321731616,26.294819649307442],[127.81124983091502,26.298506098977327],[127.81623180255576,26.305150927873058],[127.82017118025578,26.304825009066974],[127.82269108872288,26.30304674810901],[127.82732603087175,26.30320173906904],[127.83109669305804,26.309378441162153],[127.83357538289772,26.304469414431992],[127.83732994811862,26.30040141389418],[127.84314784679577,26.30161333308888],[127.84670879427551,26.30396669430752],[127.84160971471658,26.307563234255895],[127.83608614795742,26.307334945851096],[127.8334466413495,26.305392612579055],[127.82926596565187,26.31317538693463],[127.83370985672457,26.312916161851433],[127.83905605739119,26.31418036043533],[127.8474980033302,26.314389801748007],[127.84649111517285,26.319742775208965],[127.84209438364894,26.320040829420805],[127.8346963941234,26.325948919307223],[127.83602007836396,26.32860333307741],[127.8398289113752,26.332753748386835],[127.84514477341258,26.33638582864313],[127.84921791177726,26.337250918894824],[127.85637739300239,26.34282877502801],[127.86263080366871,26.34445830610599],[127.86891839217014,26.33604525178697],[127.87140330711702,26.331209946082197],[127.87658236068751,26.32736264007383],[127.88073680855689,26.32166010822749],[127.88466710760099,26.319147081372762],[127.88978175082718,26.312083666627984],[127.8992208560577,26.30452180173978],[127.90752927425672,26.302376198302966],[127.91292238715846,26.29944435986937],[127.91578141378125,26.29432216233795],[127.91815438381786,26.295778585613277],[127.92133364463211,26.294866774681964],[127.92358535727851,26.302062054320402],[127.9155214395629,26.321953946417523],[127.91194228261031,26.326013495126745],[127.9057314395543,26.33079853232647],[127.90020169894933,26.332225748319672],[127.8968603632153,26.334128559085798],[127.8936097277068,26.337969747905618],[127.88802308699599,26.34084786533674],[127.88547949398355,26.344966693757954],[127.88199019459182,26.348340612829077],[127.87959622628489,26.352773972840623],[127.8750188848137,26.35682661295789],[127.87293464301945,26.36201186465587],[127.87326961080396,26.365979694207567],[127.8756687547093,26.368413667057155],[127.8749033848834,26.371337134601106],[127.87547988269046,26.37428297278103],[127.8812408560807,26.37640741427083],[127.87125741909472,26.388113278704907],[127.86666883340001,26.389197999588077],[127.86227092106617,26.392735161798328],[127.8567661348493,26.39875589177103],[127.84971352815683,26.402718613173533],[127.84768313866596,26.402248495271863],[127.84415486355613,26.406131864993597],[127.84066708222008,26.40648105375766],[127.83653386464619,26.414090359682405],[127.8395184177408,26.416332278711764],[127.83808061043192,26.418338468345667],[127.83022036307932,26.41865346758351],[127.82670841785921,26.422810305850987],[127.83113620027552,26.431939666582423],[127.84038844437123,26.427010027390907],[127.84622944213515,26.435184720898178],[127.84294583658118,26.43723916185786],[127.84841639370165,26.44266166730216],[127.85016933874408,26.448351134697134],[127.85559111483815,26.452389441419655],[127.85867416258259,26.452445828911948],[127.86355555134764,26.455893612899956],[127.86931472069784,26.45751305358459],[127.87445944174988,26.454931108084224],[127.88517138804923,26.45727777474957],[127.88703055831365,26.45528694643548],[127.89085944170995,26.45552582885398],[127.89652499433305,26.450567225197346],[127.90294194581418,26.448747494701195],[127.9055049938604,26.449379441108363],[127.91157610925006,26.44752555885748],[127.91644705598685,26.446994162051],[127.91706165986773,26.442635279394665],[127.92406861157724,26.438981666670657],[127.9385247206394,26.441638612931683],[127.94444693887522,26.442242495095115],[127.942986394007,26.446948332599504],[127.94408888459441,26.454441946138957],[127.94778639412687,26.454374162437716],[127.95049360619498,26.456293053981312],[127.94883277601184,26.457539721181263],[127.94833138778336,26.457585000247605],[127.94765444919358,26.458544162283317],[127.9465835535882,26.46216686530863],[127.9512822181,26.466476386875797],[127.95009165960244,26.470179440728657],[127.95379194624138,26.473858053706238],[127.96206444911513,26.473154999703524],[127.96540165965894,26.468316108401723],[127.96755693890168,26.46817666671984],[127.98044555122124,26.47137527914589],[127.98601166040987,26.473994720979647],[127.98834917017814,26.474350278742406],[127.98936000006404,26.474975559374627],[127.99106138787283,26.47508000034179],[127.99445778190113,26.480153333209785],[128.0006708300948,26.48311500035703],[128.00261138810515,26.489353054200137],[128.00115693884175,26.4934686126864],[127.99399472097969,26.499189999718737],[127.99156972786068,26.504231946247387],[127.99722749685156,26.509493613339657],[128.00001221788966,26.509848612623443],[128.00211306116887,26.50609110841799],[128.00664111529534,26.50640138711435],[128.00517360607716,26.5110338921005],[128.01082583704283,26.51488166665564],[128.01211610877147,26.51305277476581],[128.02568527855283,26.51047472063192],[128.03096250301712,26.512157774861464],[128.03275610910725,26.51418916170053],[128.0311002719601,26.518313332993955],[128.03926583734858,26.520779721007386],[128.05301944189375,26.520373613251707],[128.05112083006236,26.525123891654346],[128.04944444880232,26.525417774810535],[128.04611389144304,26.529931667312667],[128.0441113881301,26.537309162188137],[128.0357316599882,26.548188332925292],[128.03521972810802,26.551784162409206],[128.04147389060768,26.55150916231804],[128.04457055768512,26.54791389221242],[128.04927946817293,26.549031414068565],[128.05109778223698,26.547342224663964],[128.0560142796354,26.551067441409373],[128.06421778202514,26.551672775078544],[128.06867722417462,26.548891386928005],[128.07085389109432,26.549319162049756],[128.07676805410244,26.546413332909026],[128.0813399996414,26.540770829010626],[128.09081639436113,26.536307494595235],[128.0929547213833,26.540059720679608],[128.09582666676727,26.54155527885308],[128.10173277634658,26.539002494769363],[128.10024194590915,26.543095559412563],[128.10331499409176,26.5462272254062],[128.1108155512967,26.5510402791856],[128.11639455316617,26.551550026612517],[128.12602444866945,26.555213612818022],[128.13446666710308,26.555546945635058],[128.13778444869342,26.55427194619341],[128.13974000020096,26.555856666751822],[128.13799805386714,26.56638944111984],[128.14198639425672,26.56826055887774],[128.14781917041842,26.568712225388936],[128.1445702724002,26.572142774769304],[128.1397722184132,26.579963891720297],[128.13666503196566,26.587011802152972],[128.12864166018448,26.59268722483563],[128.12364258074058,26.602686667056105],[128.126583890834,26.6029399997812],[128.1300141632231,26.601125279408166],[128.1391997279851,26.60089222459652],[128.14206832699176,26.598906107830658],[128.1515586117406,26.597759721334114],[128.15145138827097,26.60168805356085],[128.15283944238638,26.60404527916637],[128.15490082970962,26.605397224602257],[128.15513000034935,26.608763333061404],[128.15325610908224,26.613178613102548],[128.14900333293758,26.615365278684692],[128.14557182937654,26.623219441224308],[128.1487702718307,26.629437225247784],[128.1594336061761,26.63083110786937],[128.1630530608502,26.62860916188339],[128.17431583740608,26.627304440747366],[128.1820341627465,26.623959441175316],[128.19833639380954,26.62566610800451],[128.20933250339237,26.626376108370778],[128.21292250257147,26.62625222496024],[128.2168089488739,26.629165252274618],[128.22104894924962,26.629523532285248],[128.22318111501647,26.628611108016287],[128.23167730176613,26.63172080177361],[128.2346041633515,26.6303749996066],[128.23854583702087,26.631940829006112],[128.23898944200926,26.634591945861644],[128.24055111474217,26.634869721260657],[128.24462444915912,26.637665558818526],[128.24761861240904,26.643748892397525],[128.25019277607578,26.6433350001102],[128.2525666670182,26.646015279281755],[128.25087639393053,26.65075582881849],[128.25238111529632,26.65329749458374],[128.25569416285543,26.654863612665622],[128.2562936059652,26.658610828626877],[128.26058389103378,26.657642774994144],[128.26370888495717,26.65913555875909],[128.26531000015643,26.66456138719832],[128.26495194587562,26.668005829305628],[128.27066749720734,26.670703333192307],[128.2740402723408,26.67072944141063],[128.2794074973582,26.67775527888307],[128.27792499374357,26.681070278870322],[128.27939138780232,26.68369999995508],[128.27870610889988,26.68550972099689],[128.28007583663066,26.687644440838312],[128.2799000002849,26.691876666574956],[128.2836622178371,26.694038332802847],[128.28772306067083,26.69841694568555],[128.29401666743536,26.70194138698548],[128.29061610864653,26.70590102731063],[128.2911083273874,26.708546386706416],[128.29937583722517,26.712809162412952],[128.29726055802837,26.715966945618106],[128.29540138776395,26.715244999557115],[128.29367250318353,26.716911107861392],[128.29365749709586,26.71742444088528],[128.29887472059193,26.720995279108877],[128.30323693883372,26.7208033332073],[128.30641499365709,26.72626000029885],[128.30612610893286,26.72988305405977],[128.31169194562688,26.732818053610345],[128.3170897278087,26.734563892209906],[128.31888832693483,26.740518333154625],[128.31797722376996,26.742310558785334],[128.3199447209721,26.74607805355936],[128.32362527918337,26.74881472112253],[128.32694778221446,26.749322775126018],[128.32656972791062,26.75263610777023],[128.3211830613493,26.756957225195833],[128.32445722402178,26.76532527923831],[128.32456360572587,26.768650559375885],[128.32232027206294,26.770381107702008],[128.32647138794425,26.77849499984444],[128.32594944211314,26.77944582876205],[128.3257789486396,26.780701107869902],[128.3261000003148,26.78247055906911],[128.32447555130568,26.78383916174795],[128.32330639397492,26.78567305386838],[128.3225769385749,26.788980000426704],[128.32055944176489,26.78863527859528],[128.31698944170944,26.79316055921248],[128.3214672237334,26.796649161629546],[128.31925194622045,26.799898054251855],[128.31782499372855,26.805986945641052],[128.31849483756673,26.810262224622022],[128.32069360622506,26.812181666550714],[128.31725369580147,26.81534605437696],[128.31455610917715,26.8213349996106],[128.30933277568715,26.824150559300904],[128.30465639367765,26.83096110806872],[128.30663194610747,26.835504161987558],[128.3054674967276,26.841429161826397],[128.30650221800306,26.843460278868804],[128.30366194584224,26.84588110812666],[128.30166499404436,26.84561861310857],[128.2978783266235,26.846312774614887],[128.29674610894585,26.8457850002776],[128.29525861229513,26.844216386577045],[128.29546166032742,26.84267889211725],[128.29255527900295,26.84134610763681],[128.29019238676926,26.841619891844573],[128.28975472090372,26.846340559169505],[128.2854955505793,26.84732389228384],[128.28029999984517,26.851622774871203],[128.28113999991115,26.854175279265803],[128.27048138790576,26.858861945922115],[128.2675880539456,26.86219055894719],[128.26195221762077,26.86645582937308],[128.26221000019143,26.870230559192976],[128.26521306133372,26.872908054063487],[128.26364360586774,26.874160828559468],[128.2574480539846,26.875514721027628],[128.2466702719156,26.867964720895202],[128.24414165980977,26.858987494877056],[128.24649111527276,26.854515829142258],[128.2499077818187,26.853636386609992],[128.25311832734894,26.851077774919418],[128.25347763888203,26.84358308129424],[128.25250330708207,26.839833667389883],[128.24874639373115,26.83706694628262],[128.2462530611299,26.831473054338062],[128.2444005584391,26.830979721337144],[128.2441100000765,26.825346413905947],[128.239586393997,26.820548332939268],[128.23752055772763,26.816281945555374],[128.23388861236958,26.8116772251239],[128.23345027201253,26.80785777471658],[128.2307083272276,26.805026666647393],[128.2322495592698,26.800131413933684],[128.23120693924886,26.79727777514927],[128.22727027210544,26.79757222487831],[128.22512428016148,26.795430252004564],[128.22397016938783,26.789701747737524],[128.2188062783871,26.784431892318025],[128.21402963725802,26.781575828961365],[128.2096486123936,26.77717777543404],[128.20437221800353,26.774420559261443],[128.20521399512984,26.769296161988336],[128.20245888516945,26.76603305378245],[128.19916832695674,26.766158892319083],[128.19237749672413,26.76295749469267],[128.18941749692,26.760466946392512],[128.18787202277565,26.754155197604348],[128.1819388849716,26.748810559060075],[128.17675610910726,26.748492774621923],[128.1717261091727,26.74701110827607],[128.16346082965367,26.743066386804344],[128.15732527873865,26.742733332777163],[128.1564841626141,26.745447775394553],[128.15292861196588,26.7453008288702],[128.1504766670646,26.741147774949923],[128.15543389116124,26.740271107725505],[128.159542503284,26.73373333322678],[128.16069221817145,26.72611027936597],[128.15984588777758,26.72312744127845],[128.15623165996317,26.71870619783283],[128.14689658920634,26.71363538666384],[128.14403693935333,26.70876972074609],[128.1347145526346,26.705137558651472],[128.12635147903757,26.703099999765243],[128.1180980543818,26.703265278969525],[128.11464610923065,26.699521386902518],[128.11279119275935,26.695254855627127],[128.1073344492255,26.690400558938677],[128.09828661473557,26.67972649478196],[128.09977391713267,26.676602694258975],[128.10412778157195,26.674255559046856],[128.10491610929103,26.67005999956939],[128.1081988847708,26.672223891619353],[128.11933910531548,26.668913801930444],[128.12315527859334,26.66581082880674],[128.12196063627437,26.663826224700585],[128.1232869393408,26.660229252178283],[128.1173369392484,26.659102495184072],[128.1132247208443,26.662189161800427],[128.11098527944716,26.667007775188722],[128.10744477265814,26.66239922544395],[128.10280111517943,26.663937774808517],[128.10013999966134,26.660924440710403],[128.09686389085596,26.661804721410817],[128.09093916980692,26.65368833275039],[128.08395360577435,26.6475422516736],[128.07964296994714,26.644521134842535],[128.07187036332664,26.644406748272843],[128.06338208791306,26.64082841420003],[128.05940394313757,26.63781955872571],[128.04896477290606,26.634371558900398],[128.0394974190707,26.636606559445227],[128.03440063638038,26.634169892226794],[128.03112516159695,26.631094333137014],[128.02455775623548,26.627388387064457],[128.013574188598,26.631662612939294],[128.009460920685,26.630021666766538],[128.00518158216437,26.631018414168523],[128.00230260677995,26.63442741399399],[128.00371883305775,26.637835829260155],[127.99904625158331,26.643176467619924],[127.99004080394002,26.64701402677599],[127.98516749738212,26.647284162434175],[127.98453888476183,26.650771666779065],[127.99092778189163,26.65175944074565],[127.98879583735811,26.655356387187567],[127.99325138814106,26.663492774971644],[127.99427416282242,26.66768833265047],[127.99322888530492,26.67207527865122],[127.99635997393375,26.676936440764166],[128.00003883332556,26.678302919244402],[128.00821416265353,26.68314082938582],[128.00839610899334,26.685482494921246],[128.00575527858325,26.687914440698933],[127.9969037481095,26.691317360208075],[127.98850360625647,26.692484720693358],[127.97893221794754,26.6956386134313],[127.97851250344934,26.697553892398275],[127.97195527931274,26.697392775256446],[127.96987666727443,26.6948197213531],[127.9657761085806,26.697610000201394],[127.96937389139202,26.700498892409996],[127.96627083013482,26.703290000433242],[127.95891944167897,26.707238332682948],[127.94849083038753,26.708005000230628],[127.94754917005821,26.706018891558642],[127.94588472100315,26.70588333314936],[127.94429749673213,26.706151108087226],[127.94349832678643,26.70605249472692],[127.94316527905448,26.706408054288318],[127.93468083025618,26.70280222524258],[127.93142333292053,26.704472494709933],[127.92561083017574,26.70395333317981],[127.92492185505967,26.702462694297935],[127.91697280235303,26.701958000161653],[127.91119180285943,26.70232813503543],[127.90878002617728,26.699434640096626],[127.9038015555974,26.699001279285653],[127.90265583729706,26.700512359757624],[127.89991002632667,26.701891278559685],[127.89663124473623,26.701605134969043],[127.89242228266232,26.703998107726534],[127.88949367099622,26.70409022528372],[127.88562557715875,26.707775387124457],[127.88021442295735,26.709897252056578],[127.8801868614346,26.703569532208178],[127.87703241201632,26.69531469381809],[127.87400306099255,26.691135000180168],[127.87425797742378,26.684632414354496],[127.88390856003207,26.678854468059285],[127.88903671916933,26.67245205411905],[127.89095797682921,26.660772775443263],[127.88967827483259,26.658923108314866],[127.88572658901091,26.659526639742694],[127.87897347634487,26.65409444140539],[127.88059710787024,26.650702197748274],[127.87880399460869,26.646661801900677],[127.87893924814784,26.64089297293242],[127.88027752298933,26.63627020670475],[127.88269213973058,26.636794080682307],[127.8868182229827,26.629735999816603],[127.88698236094729,26.625358801567472],[127.89011535703821,26.619453774771955],[127.89449160830111,26.614679279425275],[127.89387277580806,26.611943333118404],[127.89491666657102,26.60654733339277],[127.9118061612254,26.601153946197712],[127.91713321712439,26.603879802111237],[127.92073452707677,26.609315198437685],[127.92909635511273,26.608113919122104],[127.93371016858953,26.604040829320866],[127.94021364474395,26.601558134800143],[127.94358291791741,26.60280846763675],[127.94730438359045,26.60098119812386],[127.95231219185428,26.596618053580357],[127.95887900096523,26.59438869358337],[127.96501802865919,26.59086063970682],[127.97017044071333,26.591204494591807],[127.97814830140305,26.58816469434521],[127.98300313858408,26.584963413630703],[127.98341325641672,26.574778197555815],[127.98123483761776,26.57227997264266],[127.98027197127453,26.566458224867233],[127.97596557665008,26.55896725173733],[127.97067433175505,26.553373197914823],[127.96771658924922,26.55184449522733],[127.96486697762896,26.544984278701577],[127.96429830122565,26.54155938695618],[127.95987691298922,26.54141966738382],[127.96026596600154,26.544359694144646],[127.9585223352376,26.545610494628647],[127.95813141433337,26.546616639946023],[127.95248691304062,26.544652945976736],[127.94836557730957,26.53922419833816],[127.94169983108236,26.535788387024468],[127.93434747135882,26.538588999982437],[127.92931968915241,26.532118802340904],[127.9269713884189,26.52793722462326],[127.92475778184621,26.527231945697793],[127.9211449938465,26.52847527911092],[127.92144027185111,26.524145279081438],[127.91906389068606,26.517786108142445],[127.91626693886815,26.515901387239296],[127.90605472064885,26.517519441169327],[127.9032009469662,26.51494602663786],[127.89861416261363,26.512944440633476],[127.89215527934277,26.512308892441467],[127.88940861221772,26.504367224967496],[127.88380111532922,26.502595279048933],[127.87967031063636,26.504773467621476],[127.87969944237545,26.506704161867617],[127.87307752280947,26.509566441338222],[127.8667041632666,26.510430559422844],[127.86259917001576,26.50449444126548],[127.85908610873696,26.50428055910055],[127.85558622612348,26.500135054089526],[127.85024805370483,26.505391666991898],[127.8438522183053,26.50379638659399],[127.84338499442197,26.50025055941586],[127.84021330679877,26.495598360176245],[127.84333277618668,26.491666667182983],[127.84534961109568,26.4867366313905],[127.84484945493841,26.480608161737337],[127.83994306142324,26.478168891880898],[127.83554250328393,26.47944166729917],[127.83116389130066,26.471279441093372],[127.82682111460281,26.468186945970842],[127.82132639359827,26.467599441361187],[127.81447000009052,26.462279440643727],[127.81193416283145,26.4630797212522],[127.80991472078779,26.4572350002951],[127.80585416303927,26.454255558946954],[127.80381749717981,26.454910000096504],[127.80092138791179,26.450003612876458],[127.80219778220192,26.449099135017093],[127.80259571961687,26.44507241426055],[127.80170639443463,26.440268054227374],[127.7995883273395,26.437830558733367],[127.79562428033637,26.43609438694648],[127.7925449935567,26.437401386964495],[127.78705219170536,26.434808108207676],[127.78253111541869,26.435353054200164],[127.78115693874179,26.438924720699333],[127.77368389089895,26.442369440697178],[127.77152666732195,26.446073332718186],[127.76549472100464,26.437995559147794],[127.7567472241052,26.43151377464102],[127.75281583688138,26.43045500009822],[127.74783610904922,26.427558891729518],[127.74392583700785,26.424068891766012],[127.74027483771363,26.422461000175076],[127.73626525263933,26.422376775068187],[127.73335380003789,26.425020225203298],[127.73172574564671,26.429930775385003],[127.72886007842999,26.433162946013226],[127.72497070033762,26.440027946032956],[127.72094119258202,26.439545892329136],[127.71446255480316,26.4408952252345],[127.71392723695249,26.438216513581267],[127.71680968911596,26.433620585821416],[127.71527953312398,26.430410972888126],[127.71353124477116,26.41711194595956],[127.71496800257137,26.41282622495038],[127.71348394312952,26.41129382874726],[127.71621345029052,26.406165864762897],[127.71651319073123,26.401886440806663],[127.71964243844786,26.397371972738426],[127.72595177705296,26.38494569378878],[127.73012902723292,26.380261332994166],[127.73135338495081,26.374741829372],[127.73796297031492,26.362858341639196],[127.74014280194876,26.357055720645064],[127.7413735277662,26.350300559323387],[127.74516014302628,26.351461252235026],[127.74577747095361,26.342169494626546],[127.74723216573193,26.339719693708957],[127.74528080416587,26.334863801623214],[127.74277739286242,26.334344333424326],[127.74275961056765,26.33095963957578],[127.74519094660502,26.326833828818224],[127.74611325622186,26.32272700005109],[127.75271649776823,26.318395972995802],[127.75546280156709,26.310784639999213],[127.76007868977979,26.309865558948445],[127.75724158233322,26.301708359952897],[127.75709102503083,26.295383972992],[127.75301072626405,26.29576763996465],[127.75048627801937,26.289978721041166],[127.74410194584823,26.287420801828603],[127.74072713375028,26.283530829284416],[127.73282455261108,26.28216186507808],[127.73162674377932,26.27856908069856],[127.7234583662107,26.271479027135456],[127.71991878122685,26.27077941393884],[127.71958688732502,26.27467697316382],[127.71253464305937,26.274523919343437],[127.71101177697199,26.272005531630043],[127.70660583728966,26.273128918864586],[127.70413094708556,26.267286081087832],[127.70021411179187,26.26568916212517],[127.69088891109448,26.255174919187198],[127.68663403413348,26.2568923329149],[127.68365927375658,26.255785162255506],[127.68371060975687,26.248385278757667],[127.68533452726672,26.246127305930486],[127.67988761332276,26.244306224652576]]],[[[127.6524628270979,26.224999999850183],[127.65507274960783,26.227761720726903],[127.65639250291179,26.23928636007753],[127.65788994786283,26.25336361264067],[127.65780849536588,26.253370999671972],[127.65631089483202,26.2392921975769],[127.6549933592562,26.227787161648223],[127.6524628270979,26.224999999850183]]],[[[124.14362481233525,24.282695721030734],[124.14376472076526,24.282880198062742],[124.14361708176295,24.283069559312764],[124.14345444926346,24.2828353326845],[124.14362481233525,24.282695721030734]]],[[[124.16402821003396,24.32989283808405],[124.16182237360374,24.33089825225261],[124.16181367086426,24.330882008697813],[124.16402821003396,24.32989283808405]]],[[[124.13392223092626,24.330755955223196],[124.13844098606273,24.32552536870088],[124.13850233511471,24.325570729605545],[124.13392223092626,24.330755955223196]]],[[[124.16250658860827,24.331942829198283],[124.16100981814861,24.33262828796518],[124.16100111540925,24.332612045309702],[124.16250658860827,24.331942829198283]]],[[[124.18937682228261,24.332542179677887],[124.1892885466292,24.332618864868778],[124.18889932634295,24.33237275729698],[124.18897162104349,24.33228345911442],[124.18937682228261,24.332542179677887]]],[[[124.19080865089859,24.33287365809292],[124.1904248769066,24.332974089882384],[124.19033167296834,24.332853667063148],[124.19080865089859,24.33287365809292]]],[[[124.15654560329699,24.33309335977077],[124.15328780828577,24.334524828657948],[124.14067228319936,24.332325261401763],[124.14160369575404,24.3274342876623],[124.14742871616238,24.32836218027046],[124.15444212680279,24.328478991412396],[124.15654560329699,24.33309335977077]]],[[[124.13892670630253,24.337660576674352],[124.13895059679271,24.33779464041038],[124.1363433065984,24.33508780156086],[124.13645036279411,24.335116784012428],[124.13879878133878,24.33755496389051],[124.13892670630253,24.337660576674352]]],[[[124.13043536959674,24.338188467923487],[124.13140071267276,24.339220838371034],[124.13135207463858,24.33925898221628],[124.12942149190837,24.337194324058885],[124.12947012994266,24.337156081288185],[124.13043536959674,24.338188467923487]]],[[[124.1403903502345,24.33562613483832],[124.1403427626085,24.335637828722895],[124.14200277620716,24.34130803623691],[124.14195518768179,24.341319730121484],[124.14026926101769,24.335560873735403],[124.1403903502345,24.33562613483832]]],[[[124.14511586310664,24.341666666983144],[124.14489855992065,24.34113672977628],[124.14492664125157,24.341128395758915],[124.14511586310664,24.341666666983144]]],[[[124.14213268507547,24.341666666983144],[124.14348726282697,24.3445734772842],[124.14344194598903,24.344591125580052],[124.14213268507547,24.341666666983144]]],[[[124.1390779506869,24.35171305381442],[124.13908505802908,24.351818955280635],[124.1383116599552,24.3521694498603],[124.13825568075515,24.35207740514818],[124.1390779506869,24.35171305381442]]],[[[124.1371686639028,24.35269761270473],[124.13709239869536,24.352618404915518],[124.13790558997107,24.352243323770438],[124.13793398156804,24.35234758577252],[124.1371686639028,24.35269761270473]]],[[[124.11608137495557,24.374406090368836],[124.11598984375632,24.374455458652562],[124.11581249025426,24.3743253960003],[124.11585233471749,24.374244919267653],[124.11608137495557,24.374406090368836]]],[[[124.11773459057895,24.3810179186421],[124.11773211384605,24.380793820178724],[124.11794442309667,24.380862099406386],[124.11773459057895,24.3810179186421]]],[[[124.2538260829075,24.380797991234374],[124.25386081742283,24.380963342384405],[124.25372507105521,24.381061810953838],[124.25378461696653,24.380814494693254],[124.2538260829075,24.380797991234374]]],[[[124.25322936384418,24.38311476623352],[124.25303018199736,24.383039883284027],[124.25317329381255,24.382924973308945],[124.25322936384418,24.38311476623352]]],[[[124.25281640685171,24.387972910221663],[124.25276381269987,24.387847224569782],[124.25288828786427,24.387776314825146],[124.2529361866558,24.387873296815258],[124.25281640685171,24.387972910221663]]],[[[124.25447848169665,24.388428981612265],[124.25433037594621,24.38846001811538],[124.25430081702916,24.388225586441706],[124.25449447523988,24.388188513688988],[124.25447848169665,24.388428981612265]]],[[[124.25448335872011,24.388696054179604],[124.25440971503633,24.38869861275083],[124.25437765240679,24.38848477465268],[124.25457127104744,24.388635685388635],[124.25448335872011,24.388696054179604]]],[[[124.25463153012106,24.388839819801888],[124.25453088159497,24.388942829048347],[124.25445556427292,24.388849865229133],[124.25463153012106,24.388839819801888]]],[[[124.25852378694333,24.411456395995913],[124.25825675664407,24.411447820060914],[124.25832002574862,24.411240404920818],[124.25852378694333,24.411456395995913]]],[[[124.1435490660366,24.412773909988005],[124.14349818419396,24.413037873599023],[124.14335557689844,24.41310428763279],[124.1434378990399,24.412740332900114],[124.1435490660366,24.412773909988005]]],[[[124.07406817140907,24.440049108379696],[124.07383232240386,24.439984937255076],[124.0740408949714,24.43977309924918],[124.07427210077685,24.43982526082715],[124.07406817140907,24.440049108379696]]],[[[124.07802538266537,24.443604287607855],[124.07786252893266,24.443583604100127],[124.07787281537821,24.443460351114368],[124.07802538266537,24.443604287607855]]],[[[124.25883295677556,24.445596901076158],[124.258663216934,24.44502042305413],[124.25910979238313,24.44500565798478],[124.25937889831755,24.445416738991355],[124.25883295677556,24.445596901076158]]],[[[124.25891234802646,24.44602726984266],[124.25881009061322,24.446137595073992],[124.25864492922017,24.446154765829817],[124.25866456501774,24.44601468472996],[124.25891234802646,24.44602726984266]]],[[[124.25767003894123,24.447068531887282],[124.25710319085965,24.44701000041124],[124.25733958485398,24.44680834183157],[124.25767003894123,24.447068531887282]]],[[[124.07693909156592,24.45125858571521],[124.07664962408091,24.45146477507933],[124.07661391739839,24.451304981739554],[124.076855472602,24.451137910186446],[124.07693909156592,24.45125858571521]]],[[[124.07700437065523,24.452211567609822],[124.07692572044573,24.45229764891741],[124.07671706873782,24.452071946063484],[124.07697561573218,24.45211803631838],[124.07700437065523,24.452211567609822]]],[[[124.15082172514258,24.453109153064986],[124.15061712128318,24.453086242835866],[124.15036573289228,24.452785550013175],[124.15063942896654,24.452766684934602],[124.15082172514258,24.453109153064986]]],[[[124.0782300126051,24.454419801632582],[124.07728761303292,24.454080161870024],[124.07742723727722,24.453834955418927],[124.07803481205701,24.45396230571589],[124.0782300126051,24.454419801632582]]],[[[124.0929376260707,24.45437165822551],[124.09285221835523,24.454520505017342],[124.09271163363508,24.454363486086038],[124.09274981794977,24.454233631177203],[124.09293121930034,24.45425337759133],[124.0929376260707,24.45437165822551]]],[[[124.09249107670189,24.454622125710557],[124.09234090790665,24.454553323976768],[124.09240839213362,24.454441324207778],[124.09249107670189,24.454622125710557]]],[[[124.2169449289654,24.455701504620777],[124.216970959842,24.45586380167316],[124.21677824861729,24.455998883441794],[124.21664786041049,24.4559428197054],[124.21684504486302,24.455835359714115],[124.2169449289654,24.455701504620777]]],[[[124.25325524003733,24.45641539635352],[124.25272927423669,24.45699060363353],[124.25268594040392,24.456928649337726],[124.2531906363389,24.456367018223375],[124.25325524003733,24.45641539635352]]],[[[124.20693110208879,24.45782273013492],[124.20683180344508,24.45778791917718],[124.20681833969468,24.457633630587623],[124.20694368360421,24.457679324241496],[124.20693110208879,24.45782273013492]]],[[[124.20637156909265,24.458160540676488],[124.20639093419436,24.458301099316316],[124.20627739298732,24.45829610807897],[124.20628945469468,24.458193703176903],[124.20637156909265,24.458160540676488]]],[[[124.15199503194526,24.458398261170885],[124.15206229583839,24.458469341786724],[124.15210138756902,24.458656288357076],[124.1519261348833,24.45852508986104],[124.15199503194526,24.458398261170885]]],[[[124.25153907906531,24.460859162420434],[124.2516777167533,24.460929171044484],[124.25151747105451,24.46100826102247],[124.25153907906531,24.460859162420434]]],[[[124.14491581071616,24.46134271169683],[124.1442334887845,24.460985811246246],[124.14478003916759,24.46079017092967],[124.14491581071616,24.46134271169683]]],[[[124.14717464329522,24.461688233924917],[124.14667713384267,24.461468134746667],[124.14647784677527,24.46085418017634],[124.14668652366424,24.46072630557461],[124.14717464329522,24.461688233924917]]],[[[124.14642281456133,24.461120676278256],[124.14651035007262,24.46158044118448],[124.14616843142801,24.46181624342495],[124.14624438367139,24.461303684717336],[124.14642281456133,24.461120676278256]]],[[[124.14843612232926,24.46212897277394],[124.14614827492301,24.457686486442242],[124.15042609628733,24.45369507216992],[124.15268608269662,24.455427018042485],[124.15202843096733,24.45812076636031],[124.14843612232926,24.46212897277394]]],[[[124.14777489039898,24.46279189183241],[124.14750813169496,24.462771477221963],[124.1472488202769,24.462198657641977],[124.14755566805968,24.462087216352018],[124.1479642543469,24.462592711784282],[124.14777489039898,24.46279189183241]]],[[[124.14442188056535,24.463826342411835],[124.1443213750315,24.46374608061717],[124.14443200962955,24.463623540793833],[124.14450005233562,24.46377904526679],[124.14442188056535,24.463826342411835]]],[[[124.14574385159756,24.46427760422813],[124.14585756187705,24.46434232393915],[124.14588716036417,24.464434476569863],[124.1458159007833,24.464489441334706],[124.14574385159756,24.46427760422813]]],[[[124.14653652394145,24.465184612779694],[124.1460150709388,24.4637269367488],[124.1469120619422,24.462968712036457],[124.14711289224624,24.46449189198728],[124.14653652394145,24.465184612779694]]],[[[124.11254504461817,24.47785706315301],[124.1124519459006,24.477775514428515],[124.11263963710962,24.477720657582324],[124.11269714695584,24.477823810720338],[124.11254504461817,24.47785706315301]]],[[[124.1130943190476,24.4785751799007],[124.11300245060272,24.478673485692866],[124.11289010369535,24.47858770296017],[124.1130427762032,24.47852330610573],[124.1130943190476,24.4785751799007]]],[[[124.11183808036321,24.478860080628294],[124.1117680420615,24.478538341871058],[124.11205145261249,24.47828098198181],[124.11231648461808,24.478658198117387],[124.11183808036321,24.478860080628294]]],[[[124.11647932586027,24.48223359500446],[124.11619655023071,24.4823261802091],[124.1162413616496,24.482128234030824],[124.11647932586027,24.48223359500446]]],[[[124.11712142741203,24.482477332862686],[124.11701409872171,24.48228022485256],[124.11718377381214,24.482261045011285],[124.11727527893106,24.482410315383788],[124.11712142741203,24.482477332862686]]],[[[124.11664295660728,24.48250470282983],[124.11672882027892,24.4823282972132],[124.11689512291161,24.48239498194289],[124.11685329364468,24.4825083333929],[124.11664295660728,24.48250470282983]]],[[[124.11704210091227,24.482787901140796],[124.11689597906627,24.48278133339187],[124.11676149174946,24.482548405384648],[124.11720084294461,24.48257505409555],[124.11704210091227,24.482787901140796]]],[[[124.11687374782525,24.4833911708659],[124.11669418918552,24.483287477235365],[124.11691478568889,24.4831655948164],[124.11687374782525,24.4833911708659]]],[[[124.11742967633859,24.483475072216834],[124.11702198397745,24.483339054253975],[124.11735640677284,24.483088234234685],[124.11742967633859,24.483475072216834]]],[[[124.11679077817189,24.483708513736985],[124.11649757490318,24.483617729874368],[124.11670992192546,24.483551558657553],[124.11679077817189,24.483708513736985]]],[[[124.11526686077707,24.48413828805161],[124.11537635503487,24.483792936694726],[124.11600857303733,24.483787036242802],[124.11598896242072,24.48392899063049],[124.11555601799591,24.48389626969714],[124.11526686077707,24.48413828805161]]],[[[124.27142303464541,24.48432441444021],[124.27129534440473,24.484262532090213],[124.27150250323803,24.484069658088288],[124.27155360631389,24.484253847337243],[124.27142303464541,24.48432441444021]]],[[[124.11540958498438,24.48495395516096],[124.11547431908457,24.484430675635224],[124.11645269783378,24.48384863080969],[124.11717501891201,24.48398685570885],[124.11611665356077,24.485022026645254],[124.11540958498438,24.48495395516096]]],[[[124.11684820977712,24.48512141432184],[124.11676459081332,24.484743072235062],[124.1173635536851,24.48451336919669],[124.11733092088537,24.484858657601023],[124.11684820977712,24.48512141432184]]],[[[124.28112062301841,24.48720235110767],[124.2808549291118,24.48689279276823],[124.281159326242,24.48667878379888],[124.28139164720676,24.486889440994958],[124.28112062301841,24.48720235110767]]],[[[124.28385492896189,24.48727948595956],[124.28338194582022,24.487590252088523],[124.28340090802556,24.487374332959178],[124.28385492896189,24.48727948595956]]],[[[124.2825909084437,24.48795848579556],[124.28247324294591,24.48811075720573],[124.28241224373016,24.48805217986427],[124.2825909084437,24.48795848579556]]],[[[124.28231160779455,24.487788000415946],[124.28209680922043,24.488051775169367],[124.28199534410987,24.487899919245933],[124.28231160779455,24.487788000415946]]],[[[124.28171782142033,24.48821581960442],[124.28170897478947,24.488407522689045],[124.28154815802111,24.488363757181673],[124.28171782142033,24.48821581960442]]],[[[124.28218385190326,24.489875459085226],[124.2825378601342,24.489473188736724],[124.28264540915836,24.489562738729433],[124.28218385190326,24.489875459085226]]],[[[124.28257089493093,24.49074692822819],[124.28241697776139,24.49083552314096],[124.28243670618906,24.49065698163446],[124.28257089493093,24.49074692822819]]],[[[124.29437924790398,24.51375782926044],[124.29428059677218,24.513987170771372],[124.2941361476652,24.513743045305375],[124.29437924790398,24.51375782926044]]],[[[124.29577813165554,24.514332495148608],[124.29575034979882,24.514434215666597],[124.29564941618764,24.514444702660967],[124.29563760089468,24.514284549592332],[124.29577813165554,24.514332495148608]]],[[[124.2951506234026,24.514509514102826],[124.29491442276242,24.51427585584611],[124.29508546032582,24.51415697266623],[124.29522344960253,24.51437944065873],[124.2951506234026,24.514509514102826]]],[[[124.29588983105089,24.51470498174956],[124.2956788069315,24.51464860414984],[124.29587652378257,24.51445807198246],[124.29588983105089,24.51470498174956]]],[[[124.29611185477836,24.515372775133528],[124.2960045395779,24.515521514006707],[124.29592422832059,24.51540447713495],[124.29611185477836,24.515372775133528]]],[[[124.2995572240867,24.520006666874224],[124.29939055812781,24.520063054366517],[124.29929194566682,24.51996166659768],[124.2995138911532,24.51984305411372],[124.2995572240867,24.520006666874224]]],[[[124.3064678727942,24.526676927698134],[124.30658932623646,24.526578900695768],[124.3066440077148,24.52666230562096],[124.3064678727942,24.526676927698134]]],[[[124.30838574630525,24.529975514158707],[124.30798101181426,24.529944197966415],[124.3080805316913,24.529714387009392],[124.30838574630525,24.529975514158707]]],[[[124.30938914419369,24.531529666760775],[124.30938722414112,24.531431351076037],[124.30961265899703,24.53143702669746],[124.3095629309845,24.531522000040297],[124.30938914419369,24.531529666760775]]],[[[124.30915906613802,24.532166676351096],[124.30898463003666,24.53207295530268],[124.30913568106689,24.531766387209075],[124.30939635495793,24.53193333285708],[124.30915906613802,24.532166676351096]]],[[[124.3075144489327,24.53361980181245],[124.30737141355996,24.53376925204941],[124.3073374713473,24.533612126098774],[124.3075144489327,24.53361980181245]]],[[[124.30649037563035,24.53456422485914],[124.30636448763107,24.534705422917],[124.30630981784384,24.534585901218406],[124.30649037563035,24.53456422485914]]],[[[124.30670489001875,24.534577243445085],[124.306654008176,24.53468154142007],[124.3065613753073,24.534655369349878],[124.30662478560544,24.534512126233665],[124.30670489001875,24.534577243445085]]],[[[124.30678940290863,24.534672333261597],[124.30673658932221,24.5348706220816],[124.30661509720903,24.53478978382151],[124.30678940290863,24.534672333261597]]],[[[124.32100168597913,24.55902349483847],[124.32106456477788,24.559136586384398],[124.32100303496213,24.55924452301639],[124.32089826214519,24.559073918926288],[124.32100168597913,24.55902349483847]]],[[[124.28243315206839,24.56002110828757],[124.28226282676815,24.56000463090902],[124.28231935095732,24.559899703408632],[124.28243315206839,24.56002110828757]]],[[[124.32364213957317,24.560458667133844],[124.32346041536596,24.560659494739923],[124.32331645908732,24.560495486277716],[124.32364213957317,24.560458667133844]]],[[[124.29179062313881,24.56738859460802],[124.29187387787726,24.56752512608375],[124.29172153002469,24.567604784433286],[124.29166448782587,24.567487252035107],[124.29179062313881,24.56738859460802]]],[[[124.29791330655394,24.570916359802197],[124.29779905308385,24.570865306188978],[124.29785530477852,24.57076858590159],[124.29795175077277,24.57084901766808],[124.29791330655394,24.570916359802197]]],[[[124.3367598703718,24.575901324386678],[124.33686181572023,24.57603372977286],[124.33671767777867,24.576112324224425],[124.33662524006286,24.575917873710978],[124.3367598703718,24.575901324386678]]],[[[124.33712413716921,24.57658462208269],[124.3369093385952,24.576602252392092],[124.33691262022126,24.576422666772714],[124.33712413716921,24.57658462208269]]],[[[124.33741697801122,24.57872135100962],[124.33755215330928,24.578873000088947],[124.33747848174664,24.578942234396663],[124.33728986963183,24.578820494969932],[124.33741697801122,24.57872135100962]]],[[[124.33985784686217,24.583652621571275],[124.33989894857768,24.583772063230185],[124.33965427992109,24.583738306277837],[124.33961427987515,24.583624999793983],[124.33985784686217,24.583652621571275]]],[[[124.33897338521365,24.58410397331977],[124.33873002597,24.5842991801631],[124.33862394284074,24.58413626977307],[124.3391600646853,24.583833414080857],[124.33917016856844,24.584103982312968],[124.33897338521365,24.58410397331977]]],[[[124.33948537015374,24.585325044914953],[124.33940787287509,24.585477360391906],[124.33929726255872,24.58539228812367],[124.33948537015374,24.585325044914953]]],[[[124.34033482479242,24.586678892417012],[124.34036984439285,24.586846386651473],[124.34025985730659,24.58685259467154],[124.34033482479242,24.586678892417012]]],[[[124.33986872865898,24.58958783770862],[124.33965590139883,24.589463991170305],[124.33996946801665,24.589341395588974],[124.34010783410929,24.589498188790458],[124.33986872865898,24.58958783770862]]],[[[124.3391974063353,24.593004577099578],[124.33924996091707,24.593121927834773],[124.33910782126895,24.593141837925543],[124.33910473389642,24.593023297387333],[124.3391974063353,24.593004577099578]]],[[[124.31122940261491,24.598201009169316],[124.31110771714748,24.59819349533359],[124.31112194622085,24.598076450367955],[124.31125025879248,24.598049099286527],[124.31122940261491,24.598201009169316]]],[[[124.33823522707416,24.59854905399567],[124.3381063937951,24.59841553165154],[124.3383160833207,24.598357368897496],[124.33852005225867,24.598414152990813],[124.33823522707416,24.59854905399567]]],[[[124.33902172467288,24.599303981793355],[124.33905365780015,24.599392395942346],[124.3389127367335,24.599429278938146],[124.33888867717076,24.599330829254427],[124.33902172467288,24.599303981793355]]],[[[124.33894482544338,24.601003368610634],[124.33882460407233,24.601132297217816],[124.33876601773761,24.601048648576295],[124.33894482544338,24.601003368610634]]],[[[124.33865268517332,24.601537811420883],[124.33879727637327,24.60173024295642],[124.33865769079989,24.601747982083737],[124.33865268517332,24.601537811420883]]],[[[124.34001657630404,24.60396165790422],[124.33998605691102,24.604146820219626],[124.33989621284002,24.604150910336273],[124.33991189431856,24.604001261349197],[124.34001657630404,24.60396165790422]]],[[[124.34083771668736,24.60429459501961],[124.34085523997737,24.604417613282294],[124.340749013856,24.60450723432143],[124.34069555095903,24.60438285628385],[124.34083771668736,24.60429459501961]]],[[[124.3409463161197,24.604464360042243],[124.34091068677878,24.60461918912432],[124.3407670560548,24.60456922459008],[124.3409463161197,24.604464360042243]]],[[[124.34056656299651,24.604633874154047],[124.34050763941605,24.60446327006389],[124.34064433187052,24.60446648603954],[124.34056656299651,24.604633874154047]]],[[[124.34070084256985,24.60487870288989],[124.34055284024146,24.60525508085732],[124.3403232298333,24.605032054385845],[124.34070084256985,24.60487870288989]]],[[[124.34019403412742,24.6052073151655],[124.34003005174554,24.605001838064425],[124.34016537003583,24.604867721268363],[124.34019403412742,24.6052073151655]]],[[[124.33613994790039,24.605717071585616],[124.336185253047,24.605856017741075],[124.33604230940512,24.6058388200056],[124.33613994790039,24.605717071585616]]],[[[124.33290114117483,24.606296333009425],[124.33271565510347,24.60628744141235],[124.33268149165758,24.606174658333885],[124.33282929973245,24.60612783782949],[124.33290114117483,24.606296333009425]]],[[[124.33786095981554,24.60634261302124],[124.33782399498148,24.606519026731746],[124.33762407299264,24.606428919159328],[124.33776194625693,24.606250377652884],[124.33786095981554,24.60634261302124]]],[[[124.33218481227937,24.606534378159097],[124.33202952004638,24.60647982888105],[124.3321936058503,24.606311350788246],[124.33231141434032,24.606461505194375],[124.33218481227937,24.606534378159097]]],[[[124.33786944222106,24.606633234336357],[124.33800706907107,24.606659107831604],[124.3379656031301,24.606771783890792],[124.33781708189292,24.60673772116894],[124.33786944222106,24.606633234336357]]],[[[124.33797653708757,24.6069078288333],[124.33762832678588,24.606873215726353],[124.3376224641055,24.606749171337242],[124.33794549878576,24.606789351247585],[124.33797653708757,24.6069078288333]]],[[[124.31503957201869,24.611390162326188],[124.3149237744127,24.61156520726854],[124.31484041535293,24.611364757377714],[124.31503957201869,24.611390162326188]]],[[[124.31552307363097,24.61188944074513],[124.31512599237067,24.611787071815968],[124.31523320414908,24.611571873942864],[124.31552307363097,24.61188944074513]]],[[[124.31646878090953,24.612119856046547],[124.31461154328815,24.611111171043774],[124.31216227027267,24.610533189355237],[124.31115228305146,24.599602071978097],[124.31158283977629,24.59466090977321],[124.3083636058958,24.58732017108906],[124.30182909233883,24.58062230557499],[124.29898587489822,24.572620054372067],[124.29754229574041,24.570044549816146],[124.29245382638305,24.567927143722727],[124.29206616102454,24.567341649097898],[124.29071749721481,24.56675016229019],[124.28670976744183,24.563839449830823],[124.28457045386347,24.56195656804124],[124.28258359335825,24.558785314790498],[124.28429182860509,24.555769450000184],[124.28728199706654,24.554976918849775],[124.28912670623254,24.551581792865477],[124.29208324274748,24.55093865799273],[124.29385124513897,24.548254467669608],[124.29474199664594,24.541238756563416],[124.29292975390513,24.53935561307111],[124.28875490311634,24.539393909801163],[124.28557841760994,24.53493808112762],[124.28614016923348,24.53130063101935],[124.2827440081295,24.526452386768312],[124.27993339830778,24.520742350978765],[124.27722957218703,24.509204162442188],[124.27891023332063,24.507306171142943],[124.2749946948494,24.504721694051],[124.27119479930059,24.508135631154516],[124.26743917018166,24.51442871181564],[124.25848852092861,24.519713207298707],[124.25625224424573,24.518445036409332],[124.24641855966888,24.508314260794577],[124.24492976709519,24.504027045112082],[124.23887326838667,24.498762865314006],[124.22928799004876,24.497885666590264],[124.23044304780842,24.4951374769131],[124.22939068723053,24.490315550422338],[124.22437212667239,24.48199261266899],[124.22081987024092,24.46856626062447],[124.22476924840214,24.467949359875092],[124.22638194597005,24.46442347696194],[124.22607285258016,24.45920365802243],[124.22289054486282,24.455362486289744],[124.21876046682212,24.45421650538748],[124.21722772977603,24.454325162376392],[124.21683516221299,24.45582608140859],[124.2108086253179,24.455033008866337],[124.20563203588983,24.45790106288382],[124.20076192012652,24.45679857679295],[124.19269006499462,24.45763325197305],[124.18797505800262,24.455890900944382],[124.18404207538151,24.45142456818934],[124.17872700384817,24.448748963693788],[124.16971234804646,24.449486369100725],[124.16241897485588,24.452169856154],[124.15259212692513,24.454486107747698],[124.14960552517493,24.450506927852473],[124.14640354119058,24.44904374797062],[124.1397522830415,24.442499386837255],[124.13440125841146,24.447754711910477],[124.13770156887233,24.45018136877519],[124.13932009134919,24.456485756612437],[124.14286060982931,24.459954287960045],[124.14420404677935,24.463627909700335],[124.1403603371599,24.470636323707424],[124.13363092073052,24.475878152654673],[124.12588361923372,24.47827244112034],[124.12050325602047,24.481633350598713],[124.11761146619631,24.482372486301244],[124.11264923467445,24.47941087401267],[124.11562290507311,24.47644558619487],[124.11777592701753,24.477276486021083],[124.12326748420708,24.474444404885446],[124.12549250317659,24.468765134903094],[124.12445893573135,24.466333216105113],[124.11669485108655,24.462597604096175],[124.11793079117308,24.46135713502383],[124.11834094677738,24.455138261022],[124.11662547288734,24.454957386674096],[124.11844640667641,24.446075018447402],[124.11370358005627,24.445788008809586],[124.11062105122062,24.44418574787403],[124.10591942883866,24.44507350463857],[124.10591312638974,24.448393937430296],[124.10238080433066,24.450972450218444],[124.09465841765189,24.454052495126575],[124.08825374821197,24.45186384743863],[124.08207136240355,24.452145514204176],[124.07939661496187,24.45397487374146],[124.0766486770948,24.453334233588066],[124.07781761319234,24.449786945910887],[124.08058420209932,24.44916483808686],[124.07699630373645,24.44055679276181],[124.07223339795303,24.438448774691267],[124.07195588785396,24.433606000116868],[124.06992569441536,24.428822179699864],[124.07244548597043,24.426938973255062],[124.07704527901649,24.426187378344878],[124.07929003900415,24.423950892120047],[124.08427023268518,24.416370279065177],[124.08776894887797,24.423215395973784],[124.09347072619312,24.427698982222296],[124.10296376106874,24.433404784003642],[124.1078391828321,24.433490775379028],[124.11457647192674,24.43150963096474],[124.11628206226737,24.43447826066324],[124.12054513564954,24.43452286523808],[124.1248274059601,24.4310106133492],[124.12417787331026,24.428370514087987],[124.13267217867815,24.4215915953759],[124.13420610912465,24.415458333235563],[124.14308930023105,24.413764649019413],[124.14345581083705,24.413232765679652],[124.1435578730974,24.412888116693296],[124.14376797721047,24.41165147693414],[124.14425893600117,24.410700882739604],[124.14329534390504,24.405952775300364],[124.13973710788127,24.40087127928615],[124.14109356701454,24.392328594888795],[124.13723426674812,24.385461621756463],[124.13183009128579,24.380516667110555],[124.12701840537522,24.377851585582277],[124.12328386535819,24.37885880199218],[124.12023215269176,24.377815045228203],[124.11631179025699,24.374341991189965],[124.11147465623048,24.367099927919412],[124.11804272439224,24.360487523180723],[124.12560782144385,24.356162991029237],[124.13188081664646,24.355563910346234],[124.1398082100809,24.352296568132147],[124.14416272383073,24.349440901376568],[124.14947888534232,24.343266774941753],[124.14732808022677,24.338986261007165],[124.1574788981327,24.337794784301877],[124.1595970947302,24.333247197800006],[124.16278752332562,24.334089748343274],[124.16977953279923,24.329891296646053],[124.17260665417382,24.3307548202788],[124.1811797275625,24.33052144081188],[124.19237600464896,24.335108198184855],[124.19733268465575,24.341207431777605],[124.20085195755189,24.343187864828167],[124.20091966301209,24.34669189241697],[124.19837630382347,24.3483430539888],[124.19919469497927,24.352810413769646],[124.20282258079749,24.354692774851742],[124.20864974069309,24.355546522853786],[124.21511225722497,24.355312036321493],[124.2209749286501,24.349412918971097],[124.22897725000018,24.34558200940228],[124.23606169898824,24.345099107637736],[124.2425595849569,24.34941009869715],[124.24974996059223,24.359436981931196],[124.24991971482302,24.367731368907585],[124.25405090802303,24.380237000437262],[124.25199653721052,24.38263331507551],[124.25186465612899,24.39115389233831],[124.25307828763289,24.39868155870704],[124.25809029842856,24.412362837974626],[124.2551538653587,24.42241991864438],[124.25159108865785,24.426338882633388],[124.24999412472914,24.430293522727936],[124.25065101203461,24.43512837787239],[124.25242088231789,24.439194711966422],[124.25514234774118,24.439146000187804],[124.25791993535677,24.44380557656615],[124.25749839163757,24.446472278672786],[124.2515550708099,24.451031541072837],[124.2510178077257,24.462678820071517],[124.2524423221555,24.466836099006798],[124.25632086881308,24.47080808972163],[124.26028329433859,24.47707291908],[124.26530457804392,24.481575954966388],[124.26999504523519,24.482761089652627],[124.27218206155294,24.48598916207021],[124.27844151836143,24.488264694160364],[124.28145404666702,24.49036871204646],[124.28093090833477,24.495021297095263],[124.28164299602747,24.503307612656272],[124.2837885212233,24.508333964041242],[124.28914855975825,24.510360161792107],[124.29097647228639,24.51295092784312],[124.29555134871589,24.514662855706263],[124.29589776936666,24.515438117175393],[124.29662276322995,24.51643221607395],[124.29797282728418,24.518670071966312],[124.303407612971,24.524671215604144],[124.30607002621082,24.526059260726356],[124.30729072638599,24.529410909885655],[124.30892951958174,24.53185357738073],[124.30766676980568,24.532658009259762],[124.30718079056112,24.533673117220644],[124.30634145329554,24.53432545035929],[124.30609700407354,24.535108116846175],[124.30411918265418,24.53581627899814],[124.3032149943765,24.53803242255833],[124.30448985712133,24.546515532266028],[124.30908272358886,24.550442576663613],[124.31216843062862,24.55554175694658],[124.31869514886205,24.558754909611423],[124.32032990859841,24.559181666700624],[124.32102273730959,24.55930587386706],[124.3215094288172,24.559229721074814],[124.32410339825333,24.56354625195803],[124.32996522701364,24.56634899091324],[124.33222216562046,24.570134595335333],[124.33442584997306,24.5710991353169],[124.33715389123915,24.578735748256236],[124.33701308708442,24.582347485847833],[124.34051640690677,24.58733514390184],[124.33694416304274,24.59396903614214],[124.33688246415443,24.598033378237858],[124.33845062279806,24.598781784152095],[124.33810320389978,24.604981793075353],[124.32928701678247,24.606042449899178],[124.32201053196059,24.607620171034114],[124.31646878090953,24.612119856046547]]],[[[124.31721343665083,24.61611684701495],[124.31724268530172,24.61592782031272],[124.31739006529938,24.61601418041016],[124.31721343665083,24.61611684701495]]],[[[124.31804129676846,24.6179995858123],[124.31688924814034,24.61735049472958],[124.31745988326702,24.616165261117942],[124.31855605701651,24.61776627019725],[124.31804129676846,24.6179995858123]]],[[[123.55566082988344,25.7209080540635],[123.55575416332408,25.72101527933171],[123.55567333315787,25.721187495006916],[123.55557972812198,25.72110833308318],[123.55566082988344,25.7209080540635]]],[[[123.55636444866047,25.721387774925915],[123.55618082958165,25.72115638655805],[123.5562741630223,25.720885559321175],[123.55655138803616,25.72129749468371],[123.55636444866047,25.721387774925915]]],[[[123.55647666696473,25.721559999594376],[123.55651416329806,25.721684161794656],[123.55639333308591,25.721720828953153],[123.55637693934432,25.721568613300917],[123.55647666696473,25.721559999594376]]],[[[123.55633027172473,25.721890279213085],[123.55626472104007,25.722068053597866],[123.5561152788971,25.721941107995804],[123.55633027172473,25.721890279213085]]],[[[123.5431169393953,25.72311777466564],[123.54320722413411,25.72277610783118],[123.5433752786463,25.72290610843021],[123.5431169393953,25.72311777466564]]],[[[123.54478583739649,25.723858054305822],[123.54473666696367,25.723696386778897],[123.5449422178092,25.72378082862241],[123.54478583739649,25.723858054305822]]],[[[123.5444325027579,25.724245829381573],[123.54399832716115,25.72411694574049],[123.54416027167929,25.72389666669784],[123.5444325027579,25.724245829381573]]],[[[123.55364832700877,25.724155559031885],[123.55365639392755,25.724271108424944],[123.55352083012224,25.72424944105893],[123.5535433329585,25.72416055926243],[123.55364832700877,25.724155559031885]]],[[[123.55037389094241,25.725576945619594],[123.5461708302197,25.725056667131526],[123.54507430573472,25.722892721122207],[123.55245861207538,25.720473332578308],[123.55458610856215,25.72329277464189],[123.55037389094241,25.725576945619594]]],[[[123.54540639389006,25.727881387316245],[123.54523194609749,25.72797444106766],[123.54522583700282,25.727827775131743],[123.54540639389006,25.727881387316245]]],[[[123.54224749732418,25.734149161954292],[123.54229111534278,25.734281945955104],[123.54216027207895,25.73430166718822],[123.5421480538896,25.73414361313729],[123.54224749732418,25.734149161954292]]],[[[123.54145000011749,25.7345019462079],[123.53877138828898,25.732416386906777],[123.54134116686146,25.727921053713715],[123.54479260659355,25.72789441399607],[123.54145000011749,25.7345019462079]]],[[[123.54095194567583,25.73441749537119],[123.54111389109323,25.73447944067368],[123.54120416324156,25.73466305435653],[123.54092693912696,25.7345247206394],[123.54095194567583,25.73441749537119]]],[[[123.46165555076311,25.734518053965076],[123.4617022183827,25.73483666667886],[123.46141661528463,25.7348908292484],[123.46130525313504,25.734588414223992],[123.46165555076311,25.734518053965076]]],[[[123.50660555070567,25.735494161926056],[123.50647583699038,25.735415829177214],[123.5066813878359,25.735328333236055],[123.50669389111022,25.73544138701044],[123.50660555070567,25.735494161926056]]],[[[123.50625194627037,25.735576946319043],[123.50599333272623,25.735726386663487],[123.50596527927428,25.73553444076191],[123.50625194627037,25.735576946319043]]],[[[123.47632972833435,25.740138612606927],[123.47638114077711,25.740244891788393],[123.47629221761179,25.74034416165381],[123.47616325572972,25.74022889194987],[123.47632972833435,25.740138612606927]]],[[[123.48862749686157,25.740303333332236],[123.48848416291389,25.740470000190385],[123.48841555093702,25.740263891765267],[123.48862749686157,25.740303333332236]]],[[[123.49058666724102,25.740574441157605],[123.49040610855513,25.740560278634007],[123.49026888460139,25.740402224583022],[123.49044333329323,25.740317774645632],[123.49058666724102,25.740574441157605]]],[[[123.48027333284813,25.74066472139981],[123.48027610905524,25.740754999843432],[123.4801208303121,25.7407944414104],[123.48013333268716,25.740690000443237],[123.48027333284813,25.74066472139981]]],[[[123.49030639442458,25.74061389171777],[123.49027527878116,25.74087138740464],[123.49014444900718,25.740754999843432],[123.49030639442458,25.74061389171777]]],[[[123.49072749657682,25.740837775243165],[123.49035917023957,25.74082555885252],[123.49036861222169,25.74066472139981],[123.49057111526486,25.740678892017286],[123.49072749657682,25.740837775243165]]],[[[123.49258632869612,25.741666666883248],[123.49273610898433,25.741773892151457],[123.49266138791279,25.741886667136043],[123.49250555069068,25.741810559309897],[123.49258632869612,25.741666666883248]]],[[[123.48749775591682,25.74999710768043],[123.48757138790927,25.7497772252388],[123.48773666711361,25.74983389242027],[123.48749775591682,25.74999710768043]]],[[[123.47646972759594,25.751800558648938],[123.4697913881621,25.74999444119055],[123.46426861190696,25.747225828809007],[123.46017277555325,25.743969162446945],[123.45792082998241,25.739324162280298],[123.45952805427635,25.73522055938139],[123.46415693859194,25.734625279233285],[123.47143165984323,25.738321386722646],[123.4786411145958,25.741364721304876],[123.48849360579538,25.740520828973104],[123.49356138804774,25.74306666669338],[123.49099165983728,25.74662777515175],[123.48684250267945,25.749486666876237],[123.48041639430119,25.750033891750775],[123.47646972759594,25.751800558648938]]],[[[123.56795555060819,25.75546022470968],[123.56672827459022,25.75517802734413],[123.56718891093954,25.75483482896425],[123.56795555060819,25.75546022470968]]],[[[123.54160605677419,25.779314586399096],[123.54064345033498,25.779211468334665],[123.5408819199647,25.778800252429733],[123.54176817126415,25.778897279386],[123.54160605677419,25.779314586399096]]],[[[123.53988868981128,25.77951713530757],[123.53936688697229,25.779115640174723],[123.53999053173766,25.77875416217489],[123.54044538274832,25.7790525590284],[123.53988868981128,25.77951713530757]]],[[[123.54331105086442,25.780035640332585],[123.54310280205277,25.780035640332585],[123.54301275023829,25.779845639664586],[123.54325880744807,25.779906054320975],[123.54331105086442,25.780035640332585]]],[[[123.54385914358465,25.782142197904136],[123.5436324119064,25.78076558586315],[123.54469014323558,25.78096722465773],[123.54385914358465,25.782142197904136]]],[[[123.68768916991928,25.919752774670883],[123.68751360606814,25.919971945748728],[123.6874681453387,25.919847892366363],[123.68768916991928,25.919752774670883]]],[[[124.55640211386651,25.921639000139805],[124.55638511038455,25.92177646780982],[124.55621900110611,25.921769748075462],[124.55623464301448,25.921603333027463],[124.55640211386651,25.921639000139805]]],[[[123.68922722375748,25.92183305405223],[123.68908055782151,25.921748613108036],[123.6892677822824,25.92168916162558],[123.68922722375748,25.92183305405223]]],[[[124.55643408566459,25.922276305607056],[124.55597499435055,25.922088467808578],[124.55613832742199,25.92184946757891],[124.55655603103605,25.921964251648944],[124.55643408566459,25.922276305607056]]],[[[123.68867277642755,25.922396667272437],[123.68857944208764,25.922524162360276],[123.68855333297006,25.922301108009776],[123.68867277642755,25.922396667272437]]],[[[124.55898383903298,25.92329963966671],[124.55767141430442,25.923082612572557],[124.55754097303759,25.92151086473467],[124.55943972786122,25.92203608140011],[124.55898383903298,25.92329963966671]]],[[[124.55993655023167,25.923473865326685],[124.5592795846851,25.923505775071533],[124.55940985687948,25.923315775302854],[124.55989155625036,25.923309640127854],[124.55993655023167,25.923473865326685]]],[[[124.55927944169298,25.923598801843298],[124.55913219209708,25.923813387278074],[124.5587520882383,25.923668802373356],[124.55881730167721,25.92352127938358],[124.55927944169298,25.923598801843298]]],[[[124.56014613543584,25.92400982889052],[124.56006394279677,25.924091305669265],[124.55946844411346,25.92393744066038],[124.55958144033127,25.923839134868217],[124.56006936391009,25.92386138679359],[124.56014613543584,25.92400982889052]]],[[[124.5588854990666,25.92400641416475],[124.55915966278826,25.924173134982254],[124.55908535720357,25.924358360250153],[124.55882875544273,25.924203774884347],[124.5588854990666,25.92400641416475]]],[[[123.68793861217728,25.9250663866045],[123.68788666733587,25.924960828679332],[123.68805082958215,25.924914161959066],[123.68807583703028,25.92502694593685],[123.68793861217728,25.9250663866045]]],[[[123.679197496867,25.92789361319973],[123.67906639369915,25.928276666834734],[123.6789291697454,25.9281977747076],[123.67899472132933,25.928045559055363],[123.679197496867,25.92789361319973]]],[[[123.6825930608212,25.928780558775827],[123.68045444871393,25.928671387374663],[123.67600277580755,25.92347361261716],[123.67921610923611,25.919891108388015],[123.6859608303281,25.91965694561162],[123.68850027206997,25.922016387146584],[123.6874500518785,25.92450980158611],[123.6825930608212,25.928780558775827]]],[[[127.67784883315721,26.247648108073804],[127.67783797744073,26.247821000039153],[127.67770263307011,26.247815559140804],[127.67771769131843,26.24763980193535],[127.67784883315721,26.247648108073804]]],[[[127.67784316473035,26.247876495404],[127.67783364540651,26.248049278551434],[127.67769577214221,26.24804710758798],[127.67770642011521,26.247870081439146],[127.67784316473035,26.247876495404]]],[[[127.67633744511704,26.24981380236511],[127.6763327236763,26.249938279328205],[127.67613391684688,26.249932225092152],[127.67613863828763,26.249807721149466],[127.67633744511704,26.24981380236511]]],[[[127.67768369604585,26.249999999800195],[127.67768905330718,26.25054294570043],[127.677557717215,26.250543999705883],[127.67768369604585,26.249999999800195]]],[[[127.67398369629063,26.25110453184874],[127.67382255486712,26.251585667344727],[127.6736699740901,26.25158730590948],[127.67366306100155,26.25110780178369],[127.67398369629063,26.25110453184874]]],[[[127.67160214042656,26.256733892155466],[127.67034832721356,26.25671064018394],[127.6703911673186,26.2564323872449],[127.67160214042656,26.256733892155466]]],[[[127.65833333341664,26.25957010837385],[127.66753868955891,26.262398801763368],[127.66751464258675,26.262463413555736],[127.65833333341664,26.25957010837385]]],[[[127.72048722380634,26.274142107672162],[127.72053910479588,26.274215495049134],[127.72021427956543,26.274401775221804],[127.7201576393636,26.27432144058207],[127.72048722380634,26.274142107672162]]],[[[127.72364311303932,26.274375080645484],[127.72280800258727,26.274546162275612],[127.72283708216571,26.274363332801613],[127.72359844371329,26.274206721263226],[127.72364311303932,26.274375080645484]]],[[[128.02131333324382,26.50732666719199],[128.02102861238063,26.507726946441494],[128.02067610871552,26.507993054036262],[128.02054055840006,26.507725000308596],[128.02131333324382,26.50732666719199]]],[[[128.02218555062268,26.51071694583044],[128.02231583720618,26.51075000041226],[128.02236444916002,26.510838332722926],[128.02214805428935,26.5108580539561],[128.02218555062268,26.51071694583044]]],[[[128.032584449213,26.513251107652536],[128.03272555104343,26.51336389163032],[128.0327161090612,26.513431667237683],[128.03249360599523,26.513361108228594],[128.032584449213,26.513251107652536]]],[[[128.06158306070972,26.514041252002244],[128.06165778178126,26.51409222467646],[128.06161944188375,26.51431110797131],[128.06148472074335,26.51423333280212],[128.06158306070972,26.514041252002244]]],[[[128.06128832679485,26.514294162045985],[128.06099472062988,26.514296666657913],[128.06093749676813,26.514180558785824],[128.06119861222624,26.514133053897353],[128.06128832679485,26.514294162045985]]],[[[128.0588413884194,26.516821107707983],[128.0578169392004,26.51620861273733],[128.05829722393776,26.515515828992363],[128.05961749704989,26.51612833295627],[128.0588413884194,26.516821107707983]]],[[[128.04379683495608,26.518992775296397],[128.04373083011376,26.51910027935446],[128.04360972830636,26.519028053901593],[128.04370194568833,26.51893582932513],[128.04379683495608,26.518992775296397]]],[[[128.05305583655763,26.519134162211856],[128.05308027203694,26.51928110783689],[128.05297416282747,26.519294999664567],[128.0529805579065,26.519168054062504],[128.05305583655763,26.519134162211856]]],[[[128.0533661089588,26.51930610809046],[128.05340389127662,26.519472774948667],[128.05325333307496,26.519486666776288],[128.05326583724866,26.519334441231535],[128.0533661089588,26.51930610809046]]],[[[128.05388055804133,26.5193880543153],[128.0539652786747,26.519732224862366],[128.05374888470328,26.519746387385908],[128.05364832700877,26.519512224609514],[128.05388055804133,26.5193880543153]]],[[[128.04637333326275,26.520056666981645],[128.04649555112883,26.519831108019275],[128.04672444927394,26.520011666705102],[128.04637333326275,26.520056666981645]]],[[[128.05299610898328,26.51994389199706],[128.0531122177547,26.52008500012272],[128.05302000037273,26.52011110834104],[128.0529113883499,26.520006107995528],[128.05299610898328,26.51994389199706]]],[[[128.05523194589762,26.519983332664708],[128.0552727760179,26.52012444079037],[128.055147224365,26.520104721355835],[128.05523194589762,26.519983332664708]]],[[[128.0538836058438,26.520017225414676],[128.0538147213723,26.52020361260668],[128.05370805368375,26.520127225091414],[128.0538836058438,26.520017225414676]]],[[[128.0524630610215,26.52001444111363],[128.05251000023634,26.520240278865856],[128.05234693876025,26.520237224768152],[128.0524630610215,26.52001444111363]]],[[[128.04160495510462,26.520323494933393],[128.04156583729366,26.52016082915901],[128.041738327262,26.520141107925838],[128.04181666720547,26.520236945978297],[128.04160495510462,26.520323494933393]]],[[[128.05218693857637,26.520189441089883],[128.05224194560935,26.520317224860094],[128.0521211153972,26.52031082888169],[128.05218693857637,26.520189441089883]]],[[[128.0536611153682,26.520426387268003],[128.0537513884159,26.5204963868988],[128.05368306062485,26.520573054103238],[128.05356389056112,26.52047166723372],[128.0536611153682,26.520426387268003]]],[[[128.06033194636234,26.52020861283728],[128.06068610927662,26.519197225371727],[128.06139555116386,26.51910749461524],[128.06124306121842,26.5200261080185],[128.06033194636234,26.52020861283728]]],[[[128.0593097283613,26.52054444127299],[128.05924916981337,26.520818333399404],[128.05881583688142,26.52121277514948],[128.0581588848247,26.52136861327091],[128.05875527923286,26.520787775335634],[128.0593097283613,26.52054444127299]]],[[[128.05195736683902,26.52365938707112],[128.05192099915485,26.523791585613253],[128.0518233327806,26.523783891913126],[128.05187027199554,26.52365416201002],[128.05195736683902,26.52365938707112]]],[[[128.05192639418783,26.525171946028536],[128.05202360640442,26.52530444134692],[128.05190805431334,26.52534499987189],[128.0518416600646,26.525245279446153],[128.05192639418783,26.525171946028536]]],[[[127.92830024555997,26.53243436005772],[127.92820832675295,26.532383721031977],[127.92823827507641,26.532285441320084],[127.92836883325515,26.532341360265605],[127.92830024555997,26.53243436005772]]],[[[127.92809791158936,26.5334288645505],[127.92793022040337,26.533314468088292],[127.92795450119934,26.5332599727696],[127.92815457787151,26.533366413828958],[127.92809791158936,26.5334288645505]]],[[[128.0974436064373,26.5338236129694],[128.09700805397858,26.53260194602302],[128.09980250298315,26.531385279307244],[128.10004194567932,26.532538613066606],[128.0974436064373,26.5338236129694]]],[[[127.92860403384918,26.535175026906018],[127.92810508368268,26.534765278694692],[127.9286480286836,26.533755054052563],[127.92919955861282,26.53386325238722],[127.92860403384918,26.535175026906018]]],[[[127.92816124544515,26.535138613356366],[127.92824788613109,26.535307693994923],[127.92810386510132,26.535272107821584],[127.92816124544515,26.535138613356366]]],[[[127.94001705564267,26.53673710793123],[127.93989732799935,26.536865198370265],[127.93972105098578,26.536717802184853],[127.94001705564267,26.53673710793123]]],[[[127.94024124493751,26.53723972103637],[127.94022141398716,26.53717361277205],[127.94039855974574,26.53715230603416],[127.94037880703638,26.537261495421717],[127.94024124493751,26.53723972103637]]],[[[127.94616619981036,26.538561612928163],[127.94631347638585,26.538783305705067],[127.94627486399384,26.538842440626183],[127.94606674378531,26.538638279233226],[127.94616619981036,26.538561612928163]]],[[[128.1024852786727,26.539693891759725],[128.10242583708282,26.539829162386013],[128.1022688847013,26.53975027925202],[128.10237250278885,26.539654162409704],[128.1024852786727,26.539693891759725]]],[[[128.1022249941882,26.53986861294618],[128.10240055803934,26.5399052792053],[128.10242583708282,26.540060558847756],[128.102268029446,26.54003522494571],[128.1022249941882,26.53986861294618]]],[[[128.09663194580776,26.540336747842673],[128.0966258367131,26.54049861322045],[128.0965113880901,26.540469441011965],[128.0964894419343,26.540356666926698],[128.09663194580776,26.540336747842673]]],[[[127.94971654967912,26.541617693601722],[127.94947155636726,26.541585693924674],[127.94948888540375,26.541502054276407],[127.94971654967912,26.541617693601722]]],[[[127.96459619985478,26.54351072064327],[127.96445216623454,26.543653441253355],[127.964361192615,26.5434689732146],[127.96459619985478,26.54351072064327]]],[[[128.10228138797572,26.5437058285612],[128.1024663938091,26.543982225299487],[128.1022155513067,26.544143053759],[128.10205555112282,26.54382444104516],[128.10228138797572,26.5437058285612]]],[[[127.95097286570524,26.543944026595625],[127.95112491588225,26.54410044118248],[127.95101306090407,26.54416380201792],[127.95097286570524,26.543944026595625]]],[[[127.9514338905617,26.544481531597455],[127.95140005177109,26.54460261272044],[127.9512680285967,26.54461602700809],[127.95125841844128,26.544414225436185],[127.9514338905617,26.544481531597455]]],[[[128.07749306055632,26.544933054217154],[128.07758082989142,26.54509638728848],[128.07752306104055,26.54512527890853],[128.07740916999728,26.544990558667394],[128.07749306055632,26.544933054217154]]],[[[127.95521024635582,26.545933333256755],[127.95523522682436,26.546076945994287],[127.95512561565465,26.546100224945462],[127.95511832664954,26.545960413642206],[127.95521024635582,26.545933333256755]]],[[[127.95849788626845,26.545923775262054],[127.95859422794138,26.546175224806802],[127.95852852077462,26.54621036041982],[127.95841994832199,26.545987225130375],[127.95849788626845,26.545923775262054]]],[[[127.95635963658799,26.54623049534115],[127.95650708223616,26.546335359888985],[127.9564496632214,26.546408919036423],[127.95635963658799,26.54623049534115]]],[[[127.95608525343175,26.546327775006887],[127.95590732796086,26.54650886519204],[127.95575975370969,26.546297775422033],[127.95608525343175,26.546327775006887]]],[[[127.95757588781703,26.546583413593737],[127.95759600475185,26.546742667340254],[127.95746511022674,26.546738197709715],[127.95745267170355,26.54661558594057],[127.95757588781703,26.546583413593737]]],[[[127.95587785987539,26.546618441288103],[127.95601961101625,26.54683544140255],[127.9559357717186,26.546852495246526],[127.95578827480915,26.546734639991712],[127.95587785987539,26.546618441288103]]],[[[127.95990055796449,26.546896721206792],[127.95971736696299,26.546832225426897],[127.95974691328945,26.546749360094964],[127.95990055796449,26.546896721206792]]],[[[127.95790219243224,26.547201666923456],[127.9578938907905,26.547357666922835],[127.95773588800091,26.547325667245786],[127.95775433219671,26.547212251943904],[127.95790219243224,26.547201666923456]]],[[[128.07214221758932,26.548081667035376],[128.07224583657614,26.548194441120586],[128.07203250299767,26.548281946055],[128.07203888458696,26.5481041617777],[128.07214221758932,26.548081667035376]]],[[[128.07178472088822,26.54837777511426],[128.07180055794947,26.548544441073147],[128.0717033331424,26.548547225374193],[128.07169693896265,26.548406108255335],[128.07178472088822,26.54837777511426]]],[[[128.11623027220935,26.548815558791034],[128.1163086121528,26.54899889188539],[128.11610778184877,26.549015828817517],[128.11623027220935,26.548815558791034]]],[[[128.11691666717047,26.549103332852553],[128.11708306063485,26.54930916158861],[128.11699194582172,26.549455829323108],[128.11673805371822,26.54915416163533],[128.11691666717047,26.549103332852553]]],[[[128.11032194580127,26.549574440907747],[128.11014000036084,26.549314999987303],[128.1103941631602,26.5491341616123],[128.11053527937975,26.549433332782144],[128.11032194580127,26.549574440907747]]],[[[128.10999888504057,26.549481387156334],[128.11002472076427,26.54959944116132],[128.1099549936281,26.549659162440435],[128.10985472101868,26.549568892090747],[128.10999888504057,26.549481387156334]]],[[[128.11218138766094,26.550212224814402],[128.11217333333275,26.550335000260077],[128.1120527756152,26.550305278565816],[128.11208111505152,26.55019805419687],[128.11218138766094,26.550212224814402]]],[[[128.11245111502706,26.55035889164958],[128.11249805424188,26.550432225067198],[128.11240555087556,26.5506013866447],[128.11231639388654,26.550545000051784],[128.1123569389216,26.5503644413659],[128.11245111502706,26.55035889164958]]],[[[128.11334722379536,26.55078055857598],[128.113090829778,26.550756667186477],[128.11320389074706,26.55059861313555],[128.11334722379536,26.55078055857598]]],[[[128.11167027236525,26.550680559360387],[128.11170165960402,26.550844162228373],[128.11156999975572,26.5508188921782],[128.11167027236525,26.550680559360387]]],[[[128.11896472114506,26.551044441247996],[128.11908389120867,26.551112224949293],[128.1190774970289,26.551219441224305],[128.11896778243727,26.551236387149572],[128.11896472114506,26.551044441247996]]],[[[128.12177693895467,26.55219305356661],[128.12168972809854,26.552156107618316],[128.12182138794674,26.552040559124578],[128.1218872237165,26.552178891942333],[128.12177693895467,26.55219305356661]]],[[[128.14161027169678,26.553956107888098],[128.1412588849896,26.553527224801655],[128.14154749721934,26.553352224825346],[128.14206805359788,26.553662775117004],[128.14161027169678,26.553956107888098]]],[[[127.97570438385026,26.55990389205101],[127.97550763916627,26.55982555930217],[127.97556669314838,26.559567918824428],[127.97572114091793,26.55975300020083],[127.97570438385026,26.55990389205101]]],[[[128.13972291757864,26.560492135004097],[128.13971442258264,26.56058622477451],[128.13952946801055,26.560631000220553],[128.13951399517475,26.56053944114234],[128.13972291757864,26.560492135004097]]],[[[128.14079472059996,26.565450279107154],[128.14026383910493,26.565450585775977],[128.1405408302951,26.56506572090632],[128.14079472059996,26.565450279107154]]],[[[128.15441111468124,26.565874161963052],[128.1544420225813,26.566150693599695],[128.1542180293386,26.566275387299356],[128.15407306132283,26.566085278712706],[128.15441111468124,26.565874161963052]]],[[[128.1559161094409,26.56589694628707],[128.15607277583797,26.565953332880042],[128.1559161094409,26.56630305404275],[128.15574055818024,26.565924999739025],[128.1559161094409,26.56589694628707]]],[[[128.1550444487424,26.566122224661],[128.15517639367567,26.566568053672768],[128.15453639383952,26.566477775229203],[128.15477472137638,26.566048892142703],[128.1550444487424,26.566122224661]]],[[[128.15248639373215,26.5664747211315],[128.15252944158055,26.566940559159548],[128.1521152785973,26.5671155591358],[128.15207778226386,26.56663027866449],[128.15248639373215,26.5664747211315]]],[[[128.15270902719988,26.567006775342463],[128.152636913263,26.56718974780864],[128.152491660162,26.56713249516855],[128.15270902719988,26.567006775342463]]],[[[128.1407194419487,26.56709249512261],[128.14071333285415,26.56725055906611],[128.14051250344937,26.5671488916081],[128.1407194419487,26.56709249512261]]],[[[128.14320944166252,26.567464999710012],[128.14325944216955,26.567639720896466],[128.14305891133972,26.567565748060872],[128.14320944166252,26.567464999710012]]],[[[128.14362944214508,26.567498612770805],[128.14362944214508,26.567662495327966],[128.1435041629868,26.567600279329497],[128.14362944214508,26.567498612770805]]],[[[128.1514316598433,26.568085828698088],[128.1510430609885,26.567916667120528],[128.15097416302729,26.56710972073705],[128.1517702716808,26.56736944134667],[128.1514316598433,26.568085828698088]]],[[[128.14670916959255,26.568193053966297],[128.1468030606128,26.56841305421915],[128.14662778184675,26.5684524948868],[128.14655861229016,26.56827194609349],[128.14670916959255,26.568193053966297]]],[[[127.98187783399487,26.58162480194312],[127.98078143991154,26.58166977523996],[127.98079625174569,26.58153161329335],[127.98187783399487,26.58162480194312]]],[[[127.9322237996887,26.60006505425889],[127.93244868955549,26.60034725162444],[127.93228786019665,26.600465532258568],[127.93211391692375,26.600234532397792],[127.9322237996887,26.60006505425889]]],[[[127.9401044490611,26.600363774868356],[127.93998649757884,26.60058222468996],[127.93976861163219,26.60042527860378],[127.9401044490611,26.600363774868356]]],[[[127.9382219458862,26.60039836009628],[127.93829900069841,26.600462134619875],[127.93826185510056,26.600567386775538],[127.93813333298704,26.600518162383366],[127.9382219458862,26.60039836009628]]],[[[127.94249108879274,26.600540586079262],[127.94252600497123,26.600666135034146],[127.94243795055104,26.600793225427083],[127.94234805431927,26.600686000158817],[127.94249108879274,26.600540586079262]]],[[[127.94215888462486,26.60081810786943],[127.94228258097644,26.60089308075112],[127.94221138794524,26.600997108030185],[127.94211652385854,26.600947864752186],[127.94215888462486,26.60081810786943]]],[[[127.9328351102522,26.601272440870503],[127.93289744496121,26.60139789179931],[127.93280702982065,26.601416414236155],[127.93273033743515,26.601310135054746],[127.9328351102522,26.601272440870503]]],[[[127.93100564189695,26.6014757479075],[127.93111630437397,26.601613532138856],[127.93093571960787,26.601622278945058],[127.93100564189695,26.6014757479075]]],[[[127.93138875488717,26.602239026809684],[127.93136094695024,26.60181153227643],[127.93164749703442,26.60194055890969],[127.93138875488717,26.602239026809684]]],[[[128.02656827520582,26.631296107729213],[128.02557503156254,26.63114925203638],[128.0255805318161,26.63112133258346],[128.02656827520582,26.631296107729213]]],[[[128.0302490789319,26.633661197906008],[128.02990011679697,26.63357844139199],[128.03020644567096,26.63340916200326],[128.0302490789319,26.633661197906008]]],[[[128.02589639440316,26.640726666702335],[128.025604449286,26.640272224883347],[128.02605972837387,26.640108613022107],[128.02636416327562,26.6404472248596],[128.02589639440316,26.640726666702335]]],[[[128.0267655513892,26.64053472080076],[128.0266691701462,26.64074861285826],[128.02645832679036,26.640760558552984],[128.0265869388362,26.640596667002626],[128.0267655513892,26.64053472080076]]],[[[128.06688972807854,26.642406387145115],[128.06696505799107,26.642467107571008],[128.0669546429425,26.642575278926017],[128.0668569783669,26.64256899985952],[128.06682719821674,26.642476694343998],[128.06688972807854,26.642406387145115]]],[[[128.03365027174266,26.641371387079914],[128.0308797276174,26.64026694586289],[128.03235138810612,26.63686277539682],[128.0346961086385,26.63711527894702],[128.03365027174266,26.641371387079914]]],[[[128.07064577178505,26.644370332924552],[128.07026747106704,26.644221026579146],[128.07058610896183,26.644108801979655],[128.07064577178505,26.644370332924552]]],[[[128.02234360557304,26.646222775360854],[128.02236250302713,26.646341386945494],[128.0221458365612,26.646428891879907],[128.022101946048,26.646341386945494],[128.02234360557304,26.646222775360854]]],[[[128.0214649940143,26.646787224950515],[128.02154805359987,26.646936387404423],[128.02128610896682,26.647071945813707],[128.0213016600436,26.64681555899091],[128.0214649940143,26.646787224950515]]],[[[127.99156160788198,26.647706306001282],[127.99143124485613,26.647567224947522],[127.9915738386618,26.647462278561363],[127.99165756194702,26.647570306024875],[127.99156160788198,26.647706306001282]]],[[[128.0191019461979,26.6479072253382],[128.0188036060017,26.647289161765457],[128.0191174972747,26.64711722488005],[128.0191019461979,26.6479072253382]]],[[[128.03589778185722,26.647924441060184],[128.0358694424209,26.648279999722263],[128.03566555082455,26.648237774753568],[128.0356622179371,26.648060000368787],[128.03589778185722,26.647924441060184]]],[[[128.03576916981137,26.64849999997506],[128.03560610923466,26.648497775052306],[128.03558389058412,26.648367494764102],[128.0357627756316,26.648412495040645],[128.03576916981137,26.64849999997506]]],[[[128.0123449943261,26.649329162311062],[128.01212527915834,26.649566107589862],[128.01204944202823,26.649306946358536],[128.0123449943261,26.649329162311062]]],[[[128.01060944217204,26.64950972099689],[128.01050277628212,26.649631107889377],[128.01042221771127,26.649569721065802],[128.01050916956262,26.64948805363082],[128.01060944217204,26.64950972099689]]],[[[128.03838027223185,26.649823613169247],[128.03846805415742,26.649905278805647],[128.0383238910348,26.65001249508066],[128.03827221778863,26.649934441121616],[128.03838027223185,26.649823613169247]]],[[[128.01176749737215,26.650454721408323],[128.01173306143176,26.650243054273574],[128.01195583699234,26.65014999962284],[128.0119055514001,26.65042638736793],[128.01176749737215,26.650454721408323]]],[[[128.03902666714703,26.65081082865686],[128.0386469392049,26.651318891653602],[128.0386188848537,26.65084194609898],[128.03902666714703,26.65081082865686]]],[[[128.06024138822954,26.651923054405472],[128.06036360609562,26.652109440698155],[128.06003416284636,26.652185559316138],[128.06004610944046,26.652033946209713],[128.06024138822954,26.651923054405472]]],[[[127.99683861201243,26.653672224993215],[127.99682944162555,26.653526107643813],[127.9969886117351,26.653520828623414],[127.99696416276595,26.653666667183018],[127.99683861201243,26.653672224993215]]],[[[128.03460944187236,26.653693054191137],[128.03458944184933,26.653801387424153],[128.03442333257078,26.65374499993186],[128.03444861161415,26.653677225223817],[128.03460944187236,26.653693054191137]]],[[[127.99650916966254,26.654814721022603],[127.99655917016958,26.65489082884875],[127.9964683269518,26.654978332883786],[127.99638555065269,26.654933332607243],[127.99638360631843,26.654814721022603],[127.99650916966254,26.654814721022603]]],[[[128.0009591698299,26.655087495291752],[128.00063888527643,26.654833613080825],[128.00104389136254,26.654630558753354],[128.00123221839226,26.654974721206486],[128.0009591698299,26.655087495291752]]],[[[127.99653472120053,26.65521305413921],[127.9965311149191,26.65543527931476],[127.99633333331678,26.655333892445242],[127.99653472120053,26.65521305413921]]],[[[127.998464162691,26.655536107705245],[127.99758221824482,26.6555030540228],[127.9981011153742,26.65498249494624],[127.998464162691,26.655536107705245]]],[[[127.99841083019567,26.65577861259294],[127.9983505576322,26.65601472060291],[127.99815972778924,26.656029721294658],[127.99818499424214,26.655804162332288],[127.99841083019567,26.65577861259294]]],[[[127.99585194601059,26.65610916200825],[127.99578083032111,26.65594610772672],[127.99593166011812,26.655853053975306],[127.99600055807934,26.656033612661133],[127.99585194601059,26.65610916200825]]],[[[127.99567416263255,26.6573538920685],[127.99487749729872,26.65732277462638],[127.9952258371028,26.656967224957498],[127.99567416263255,26.6573538920685]]],[[[128.035922503321,26.657303333082382],[128.03580944235193,26.65754305366903],[128.03564944216805,26.657356946166203],[128.035922503321,26.657303333082382]]],[[[128.0448796366859,26.65772946784074],[128.0448211933434,26.65786058629709],[128.044733721684,26.6577798919285],[128.0448796366859,26.65772946784074]]],[[[128.04497583716523,26.65802738715422],[128.04486111514836,26.65813277510756],[128.04474791208656,26.658022747551797],[128.04494647160243,26.657976586250527],[128.04497583716523,26.65802738715422]]],[[[128.0394972239178,26.659303613271163],[128.03929027192862,26.65930916208822],[128.03936555057976,26.659159720844514],[128.0394972239178,26.659303613271163]]],[[[128.03426277570657,26.659356387287517],[128.03400194623293,26.659337495229295],[128.03409306104595,26.659035558644177],[128.03428444936787,26.65903277524245],[128.03426277570657,26.659356387287517]]],[[[128.0383077823783,26.65916527865471],[128.03833610922413,26.659396667022634],[128.03812583693787,26.65938249460652],[128.0383077823783,26.65916527865471]]],[[[128.03394861193897,26.6598788915976],[128.03392360628948,26.659591387332682],[128.03411194590967,26.659597224832112],[128.0341619464167,26.659856666651876],[128.03394861193897,26.6598788915976]]],[[[128.03914250342382,26.660440829380832],[128.0389511151019,26.66025444128951],[128.0391488850131,26.660150279112145],[128.03938416294886,26.66026582940458],[128.03914250342382,26.660440829380832]]],[[[128.037231388318,26.662221108417498],[128.0372655508645,26.662337225282783],[128.03715583717224,26.662359441235253],[128.0371152786472,26.66224638656155],[128.037231388318,26.662221108417498]]],[[[128.02872277563563,26.67074722460478],[128.028802503233,26.671063332706694],[128.02836610900874,26.671181946089973],[128.02828778165588,26.670874440902764],[128.02872277563563,26.67074722460478]]],[[[128.02493158192704,26.67295825192184],[128.0241700782866,26.673619946103656],[128.0224779768772,26.673127107729897],[128.02256313907765,26.671417558573523],[128.023493994952,26.671560135292054],[128.0234169779112,26.672594252223007],[128.02493158192704,26.67295825192184]]],[[[128.0221191698639,26.67529722488706],[128.02216055756378,26.675484441254014],[128.02202221755135,26.675481666845485],[128.02200972776677,26.67535749475263],[128.0221191698639,26.67529722488706]]],[[[128.0271977817523,26.676519999798188],[128.02683805383322,26.676207224583777],[128.02740499364563,26.676144720802256],[128.0271977817523,26.676519999798188]]],[[[128.02547499367608,26.67684027895575],[128.02551749743463,26.67699916218163],[128.0253041629568,26.67699916218163],[128.02527277571812,26.676835559313645],[128.02547499367608,26.67684027895575]]],[[[128.02367111463025,26.677524162110444],[128.02369000039323,26.677089440625252],[128.02398749702547,26.67723249488381],[128.02367111463025,26.677524162110444]]],[[[128.02164555090155,26.67806833288728],[128.02176165967296,26.678285558731602],[128.0215827764241,26.678576386890768],[128.02143499442957,26.67845499999828],[128.02164555090155,26.67806833288728]]],[[[128.02396944223608,26.678421386937487],[128.0241233333253,26.67855861268987],[128.024041659595,26.67870333339215],[128.02379360589032,26.678469441311734],[128.02396944223608,26.678421386937487]]],[[[128.0232938913001,26.678782495315943],[128.02341055765123,26.679019161804945],[128.02323472130536,26.678979721137296],[128.0232938913001,26.678782495315943]]],[[[128.0175841630787,26.679013053609594],[128.0176541627095,26.679160278923803],[128.01755666720646,26.679216667315416],[128.01750639420482,26.679092495222505],[128.0175841630787,26.679013053609594]]],[[[128.02254082959564,26.679479441123362],[128.02244639358628,26.67931833297473],[128.02267555073615,26.679233613240683],[128.0228358369044,26.67935777544102],[128.02254082959564,26.679479441123362]]],[[[128.01862138806666,26.679326945781952],[128.01847055826966,26.67965389161384],[128.01837972764235,26.679538333227526],[128.01848416321366,26.67933777541805],[128.01862138806666,26.679326945781952]]],[[[128.02200360608163,26.67928166671561],[128.02202861173112,26.679834720995643],[128.02177111514493,26.67989666719751],[128.02200360608163,26.67928166671561]]],[[[128.01290583673506,26.680536667033607],[128.0127394423714,26.680499999875167],[128.0129466668552,26.680099720625662],[128.01320749722822,26.680395828704604],[128.01290583673506,26.680536667033607]]],[[[128.01912083016225,26.68020972120172],[128.01913027214437,26.68040722491355],[128.01884444871246,26.680573612981902],[128.0188036060017,26.680322495286987],[128.01912083016225,26.68020972120172]]],[[[128.02009722410764,26.680644162098474],[128.01977972835186,26.67923805409299],[128.0173872241411,26.678357775191216],[128.00933861198746,26.678539440942473],[128.00497749721376,26.67472944061126],[128.0007883274194,26.674588333384918],[127.99438555105235,26.665769441106875],[127.99553999997113,26.66438694570104],[127.99367666674482,26.66008194592513],[127.99713444939539,26.65623972108631],[128.0036422440944,26.656408333178092],[128.00388165981076,26.65359222490133],[128.0073397284458,26.651403332597795],[128.0122013878838,26.656863053786935],[128.01490805406354,26.65747777457966],[128.0205216600466,26.65422055873188],[128.03280747118788,26.648153108079498],[128.03478027169228,26.650399720670634],[128.03186722369344,26.658987495276733],[128.02660111484965,26.663035279054952],[128.02162481163577,26.67178633277308],[128.02135466878303,26.677280559150518],[128.02009722410764,26.680644162098474]]],[[[127.67089822307457,26.078274386753606],[127.67091868984573,26.078405333439434],[127.67079204911386,26.07840261299026],[127.67078011690899,26.0782986126909],[127.67089822307457,26.078274386753606]]],[[[127.65812422755107,26.081330134678012],[127.65813749704796,26.080931054224834],[127.65826202257438,26.08093289243908],[127.65822496780811,26.08130980190589],[127.65812422755107,26.081330134678012]]],[[[127.71383466883492,26.087364865296365],[127.7137174449042,26.08715974792409],[127.71398147866239,26.087115946443816],[127.71383466883492,26.087364865296365]]],[[[127.716664357774,26.08794141436482],[127.7166770562012,26.08809044102111],[127.71655189395483,26.08803755908616],[127.716664357774,26.08794141436482]]],[[[127.71209766517518,26.088142027032973],[127.71198077759084,26.087962197697323],[127.71217352838573,26.08797410831852],[127.71209766517518,26.088142027032973]]],[[[127.66015561618883,26.109064748139645],[127.66070499404032,26.108540386729487],[127.6610747467023,26.10912230564992],[127.66015561618883,26.109064748139645]]],[[[127.65807033657688,26.10957941395884],[127.65809291765413,26.10861325160033],[127.65889455264153,26.10821536005085],[127.65936374783871,26.109077801799174],[127.65807033657688,26.10957941395884]]],[[[127.53313111480918,26.1105263865835],[127.53323221839219,26.110614720692865],[127.53304083007026,26.110726108023528],[127.5330163936917,26.11056527866475],[127.53313111480918,26.1105263865835]]],[[[127.65617535710714,26.121505613193563],[127.65598797706355,26.121500559003664],[127.65755282710131,26.119974306069423],[127.65741021980591,26.120328747773556],[127.65617535710714,26.121505613193563]]],[[[127.65420855957746,26.123333612955946],[127.65441416258363,26.123040720852657],[127.65572503238445,26.121759559256304],[127.65575185466446,26.121947747790387],[127.6545534756624,26.12312994619009],[127.65420855957746,26.123333612955946]]],[[[127.66094391692832,26.128562613074166],[127.66089313940688,26.128452440727585],[127.66138461710648,26.126744531934662],[127.66142841768738,26.126753053910363],[127.66094391692832,26.128562613074166]]],[[[127.65653797724588,26.131507161626246],[127.65458658870023,26.131105694372366],[127.65460011720177,26.131056468181498],[127.65653797724588,26.131507161626246]]],[[[127.64932014261058,26.13357589191395],[127.64923469532505,26.133000054209162],[127.64963591436606,26.131669224854875],[127.64980771725243,26.13167094615727],[127.64932014261058,26.13357589191395]]],[[[127.86392075164144,26.306246053912332],[127.86846241161106,26.30636430576817],[127.86846031079472,26.30643186463891],[127.86392075164144,26.306246053912332]]],[[[127.83876408619369,26.323225747870026],[127.83887399503885,26.323478252319546],[127.83826671883412,26.323698667159817],[127.83825108861686,26.32366369432407],[127.83882075157646,26.3234568916223],[127.83876408619369,26.323225747870026]]],[[[127.85562302188498,26.3261813598819],[127.85797758819524,26.328139135412812],[127.85518263287224,26.330968613011123],[127.85839802934561,26.333548919047416],[127.86176732770002,26.33199563968708],[127.86630732842059,26.32734694600481],[127.86994511037858,26.329964332887698],[127.86838111469672,26.336008081008174],[127.86172430593206,26.343683666967706],[127.85521211444757,26.341511359961316],[127.84928905264769,26.33675382942573],[127.84317208802156,26.33442446841451],[127.83725396889565,26.329425027443108],[127.839635447418,26.32752697319131],[127.85350603127836,26.324539107893543],[127.85562302188498,26.3261813598819]]],[[[127.63805713402962,26.142030747620936],[127.6387094419872,26.141279161704006],[127.63906516162797,26.14177972075754],[127.63805713402962,26.142030747620936]]],[[[127.6505493899424,26.160774864668326],[127.6507092219531,26.160930414107384],[127.65056105055214,26.1609829192264],[127.6505493899424,26.160774864668326]]],[[[127.65422980516144,26.161428224832775],[127.65028033706801,26.159858279236232],[127.64926033679512,26.157800305739556],[127.64986486377256,26.15299472082978],[127.65964189375848,26.15165627871437],[127.66762879443343,26.153764838176812],[127.66474399503943,26.15830635965085],[127.66008372168642,26.16085333321479],[127.65611383898249,26.159992531829914],[127.65422980516144,26.161428224832775]]],[[[127.6486709076363,26.164129585911724],[127.64863414964634,26.1653515316479],[127.64850841812904,26.165332332920855],[127.648564514241,26.164223856445858],[127.6486709076363,26.164129585911724]]],[[[127.94356966280975,26.243044305850106],[127.94373683508695,26.24320500031058],[127.94437272412199,26.245039162227613],[127.94417499378096,26.24492574782505],[127.94359019523142,26.243260612587278],[127.94356966280975,26.243044305850106]]],[[[127.93333333286705,26.24968138708641],[127.93322136187646,26.24970849535083],[127.93316927404283,26.249587441207495],[127.93328639365222,26.249560359922725],[127.93333333286705,26.24968138708641]]],[[[127.94455752311126,26.262244306329706],[127.93751216585383,26.26236813488157],[127.93865972776427,26.258862467828692],[127.938469273838,26.252991829309508],[127.93347447516692,26.247478135307745],[127.94041335898942,26.24173358623608],[127.94253808016833,26.24603658591974],[127.94660211379653,26.248099774585],[127.94621238719196,26.253723972783177],[127.94825108911652,26.258009972582215],[127.94455752311126,26.262244306329706]]],[[[127.94785547285187,26.26513686507434],[127.9463828267061,26.263480359730863],[127.94758208794303,26.26293053221832],[127.94818099865427,26.263930531568803],[127.94785547285187,26.26513686507434]]],[[[127.93199325578416,26.26696586488282],[127.931979728182,26.26706027930851],[127.93181561629774,26.26706722477263],[127.93181708219265,26.266984801907142],[127.93199325578416,26.26696586488282]]],[[[127.95755374830685,26.275214333374834],[127.95753138756356,26.274689721053846],[127.95795693866182,26.27470666697917],[127.95791766526816,26.275031612718806],[127.95755374830685,26.275214333374834]]],[[[127.91458194570032,26.285381386741676],[127.91448194558541,26.28571722506996],[127.91411250318959,26.28547166698388],[127.91458194570032,26.285381386741676]]],[[[127.91645958534161,26.290031279220216],[127.91663316528843,26.28909135997833],[127.91756435840853,26.28991144096028],[127.91645958534161,26.290031279220216]]],[[[127.91540219215756,26.290277332832716],[127.91534457798991,26.290545586209873],[127.9150009470361,26.290417054203715],[127.91495000044222,26.29023153215951],[127.91540219215756,26.290277332832716]]],[[[127.91603791212003,26.290625919050967],[127.9161561091172,26.290774945707255],[127.91594338527909,26.290796161613628],[127.91603791212003,26.290625919050967]]],[[[127.92582080388706,26.2910020542015],[127.9253827243333,26.29070213479571],[127.92549547323756,26.290480639869713],[127.92597077842879,26.290576198232998],[127.92582080388706,26.2910020542015]]],[[[127.91768561579863,26.291050694034368],[127.91747713406255,26.290995694196],[127.91749688677191,26.290890468120665],[127.91773379967515,26.290862278871145],[127.91768561579863,26.291050694034368]]],[[[127.91689914428014,26.29147236006139],[127.91672544742153,26.291713532153835],[127.91652416295983,26.291599278683805],[127.91658644640745,26.291399080603128],[127.91689914428014,26.29147236006139]]],[[[127.9158411413556,26.291802558741153],[127.91549383936922,26.291795973005776],[127.91523938968612,26.291433585791424],[127.91549807967272,26.291331197976433],[127.91581525257186,26.291538414366357],[127.9158411413556,26.291802558741153]]],[[[127.97912861189593,26.292214441043654],[127.97999861244602,26.28808638737695],[127.981284721213,26.290242225098666],[127.97912861189593,26.292214441043654]]],[[[127.9157701947388,26.2933087747802],[127.91572053237678,26.293168467950466],[127.91593727618442,26.293098414360372],[127.91601055834064,26.293258892084225],[127.9157701947388,26.2933087747802]]],[[[127.92119291781898,26.29399702684134],[127.92116011684595,26.293703134691953],[127.92138797717348,26.293800748006163],[127.92119291781898,26.29399702684134]]],[[[127.90720352812036,26.29677013493381],[127.90621072604426,26.2957695591179],[127.90656166039241,26.295583694432025],[127.90720352812036,26.29677013493381]]],[[[127.98963316463892,26.30393322513828],[127.98964697822555,26.30402464032494],[127.98949522662349,26.304029027217894],[127.98954632880009,26.303922251610686],[127.98963316463892,26.30393322513828]]],[[[127.992815279002,26.304081946025065],[127.98835778208604,26.301826386978234],[127.98988499369761,26.298734161652305],[127.99281846979659,26.298793468343945],[127.99532805404647,26.302058892304103],[127.992815279002,26.304081946025065]]],[[[127.95989727633832,26.308083531629734],[127.9600862517791,26.30836174769655],[127.95979199720296,26.308563721038922],[127.95962447508953,26.308214748112164],[127.95989727633832,26.308083531629734]]],[[[127.95991666662098,26.30863094626119],[127.95997461713489,26.308795306358377],[127.95985616113296,26.30878269426597],[127.95991666662098,26.30863094626119]]],[[[127.92521211394796,26.30819849466485],[127.92475477271466,26.30939641411328],[127.92473461710892,26.309389721358627],[127.92521211394796,26.30819849466485]]],[[[127.93105883319868,26.309971748197654],[127.93097383917143,26.309739559433183],[127.93121216580892,26.309727306170316],[127.93105883319868,26.309971748197654]]],[[[127.96097625235222,26.310824161605808],[127.9610651620277,26.311069386942677],[127.96083494187917,26.311005332729962],[127.96097625235222,26.310824161605808]]],[[[127.87233933858965,26.308333332717154],[127.87734619986725,26.31200886461744],[127.87729769133546,26.31206335993619],[127.87233933858965,26.308333332717154]]],[[[127.96110869011397,26.31278141373133],[127.9609509211482,26.312571693628797],[127.96110688697331,26.312550440850202],[127.96110869011397,26.31278141373133]]],[[[127.87856031070987,26.312932864959805],[127.87850802862272,26.312984918619122],[127.8777380290868,26.312346586126125],[127.87779031117395,26.31229453156743],[127.87856031070987,26.312932864959805]]],[[[127.96268832680494,26.312693918689433],[127.96254894897493,26.3131806398747],[127.9618043058241,26.312508197895056],[127.961401050718,26.31240189173394],[127.96159111523787,26.311833333141863],[127.96268832680494,26.312693918689433]]],[[[127.92063625186165,26.31616986494737],[127.92034608290544,26.316003081177314],[127.92059422834097,26.315849720688107],[127.92063625186165,26.31616986494737]]],[[[127.96202732779898,26.316464278703563],[127.96177622629182,26.316541441434424],[127.96184574568463,26.316268441435454],[127.96202732779898,26.316464278703563]]],[[[127.9841774966942,26.316463053826908],[127.98407722408467,26.31668333286956],[127.98382693916199,26.316547775359595],[127.98394428000461,26.31638205368887],[127.9841774966942,26.316463053826908]]],[[[127.96222058401281,26.316756305659055],[127.96219571955692,26.316828495138964],[127.96201438385674,26.316716441410676],[127.96215691291127,26.316638161721812],[127.96222058401281,26.316756305659055]]],[[[127.92005319080215,26.316692026615783],[127.920123165252,26.316765027284248],[127.92005055758727,26.316849279370786],[127.91993552530437,26.31678489240892],[127.92005319080215,26.316692026615783]]],[[[127.96319561638461,26.31722525174405],[127.96317564244202,26.317062747847558],[127.96333450138616,26.31711277533435],[127.96319561638461,26.31722525174405]]],[[[127.96408165994069,26.317408135177345],[127.96402189369553,26.317464467810964],[127.96389839159758,26.31738661260215],[127.96401992238157,26.3173195321707],[127.96408165994069,26.317408135177345]]],[[[127.93982447481972,26.31984127885198],[127.93983194638724,26.320011107726486],[127.9396819457653,26.32003944086756],[127.9397069388242,26.31987555920972],[127.93982447481972,26.31984127885198]]],[[[127.97248805388062,26.320700278894833],[127.97227221838818,26.320499999875153],[127.97265722355212,26.320107774953897],[127.97298250294023,26.320392774606887],[127.97248805388062,26.320700278894833]]],[[[127.96970505774232,26.32293341424571],[127.97040891124232,26.323377467995783],[127.97034980509954,26.323522721096765],[127.96970505774232,26.32293341424571]]],[[[127.96791542215908,26.324483161968374],[127.96916724966889,26.32427244092048],[127.96921775559497,26.324451387121883],[127.96791542215908,26.324483161968374]]],[[[127.92465518808649,26.323231972977226],[127.91733836597291,26.321900720941585],[127.91885830116973,26.318290612921487],[127.92281605741516,26.31750425201966],[127.92909722385787,26.31400125235598],[127.92996379978956,26.315472224863356],[127.92590199737936,26.32023289223423],[127.92465518808649,26.323231972977226]]],[[[127.96883555091995,26.324983586123665],[127.96893635502886,26.324640865283754],[127.96930428026837,26.324643639692283],[127.96909180284445,26.324890026953256],[127.96883555091995,26.324983586123665]]],[[[127.87388553758751,26.326720909942082],[127.87384940282777,26.326821586347194],[127.87261055793101,26.327162117337878],[127.8725218290192,26.327043675725122],[127.8733564853136,26.326800856074726],[127.87388553758751,26.326720909942082]]],[[[127.95269191979628,26.329123667323415],[127.95044474692759,26.327097081065517],[127.95137152977236,26.324645693743832],[127.95284111462581,26.314477134911897],[127.95546338482745,26.311104973116073],[127.96002671935764,26.309284918863966],[127.96091083027068,26.316793360425322],[127.96638513576545,26.318776585870808],[127.96743269756098,26.32275669386638],[127.95950994822556,26.326553162098776],[127.95711241230799,26.328928946114047],[127.95269191979628,26.329123667323415]]],[[[127.93407717292325,26.332053332994974],[127.93017577179455,26.331899540831216],[127.92273535675133,26.33215808063096],[127.91757503156248,26.331886514151336],[127.91744294363696,26.33145597271499],[127.92487610924513,26.33142772141224],[127.929955135721,26.331027693972942],[127.93407717292325,26.332053332994974]]],[[[127.96763486425766,26.339173000333744],[127.96743527861531,26.339088161889208],[127.96773477264173,26.338835892162763],[127.96789802927071,26.33904891907241],[127.96763486425766,26.339173000333744]]],[[[127.96806306116139,26.33933127921523],[127.96874938957274,26.33860572057762],[127.9688578082413,26.338784000381338],[127.96806306116139,26.33933127921523]]],[[[127.95114505799813,26.35913922499526],[127.95097472100667,26.3590329727935],[127.95100108912902,26.358754225227358],[127.95116594025603,26.358841721168574],[127.95114505799813,26.35913922499526]]],[[[127.99493483807237,26.36144763989671],[127.99483788575992,26.36140799957957],[127.9948752786712,26.361268135216335],[127.99504328102262,26.361332720928374],[127.99493483807237,26.36144763989671]]],[[[127.99592175138775,26.361573748229944],[127.99583499379003,26.36146105418436],[127.99594686135868,26.36142427910727],[127.99600518778925,26.36150333311241],[127.99592175138775,26.361573748229944]]],[[[127.99587197121457,26.362613973356247],[127.9957988851105,26.362439720716566],[127.9960136063429,26.362488197772166],[127.99587197121457,26.362613973356247]]],[[[127.96568282730072,26.36508538678123],[127.9674972239178,26.362400693737072],[127.95542191978586,26.35641382863531],[127.95145953293115,26.35768286467254],[127.94318780797107,26.355644332719805],[127.94622208817884,26.350604972641406],[127.9431375232781,26.345030891862223],[127.94874192020347,26.33997077543097],[127.95439944188081,26.339953467978205],[127.95943243835643,26.33825905441188],[127.96274350201111,26.34000549465793],[127.97431036273315,26.350134531883214],[127.97454133561416,26.35397563976403],[127.97003486431765,26.354988198146884],[127.96932868966735,26.36161055927994],[127.96568282730072,26.36508538678123]]],[[[127.96817775619854,26.366004189042144],[127.96813828765187,26.366067927592837],[127.96691903988187,26.365439090141933],[127.96695714685495,26.36537902712047],[127.96817775619854,26.366004189042144]]],[[[127.87721027183659,26.3670299998347],[127.87737138807915,26.36739166669213],[127.87696416336553,26.367371386979983],[127.87721027183659,26.3670299998347]]],[[[127.99573457818826,26.368321440681996],[127.99589871615285,26.368366000290735],[127.9958838386683,26.368514892048665],[127.99567988322008,26.368489053627002],[127.99573457818826,26.368321440681996]]],[[[127.877896304371,26.368319278711795],[127.8783165890394,26.369092918703302],[127.87813124506101,26.369166252120863],[127.87772988302777,26.368386135212006],[127.877896304371,26.368319278711795]]],[[[127.99901752274059,26.36928425216655],[127.9988866147255,26.369112666916124],[127.99906763926026,26.369102107975948],[127.99901752274059,26.36928425216655]]],[[[127.99883252859843,26.369674747691477],[127.99875403397152,26.36999258608904],[127.99865717338992,26.36988982865273],[127.99883252859843,26.369674747691477]]],[[[127.8756772497054,26.371289693564563],[127.87531824933785,26.37130435970846],[127.8753134109852,26.371209054054646],[127.87567241225213,26.371194467950374],[127.8756772497054,26.371289693564563]]],[[[127.99308089466763,26.373120667384967],[127.99305150482314,26.37294900029616],[127.99319050583722,26.372999161781934],[127.99308089466763,26.373120667384967]]],[[[127.99313766527109,26.37325361326367],[127.99316391738091,26.373322945597522],[127.99303338528262,26.37338108137186],[127.9930198828614,26.373221359977833],[127.99313766527109,26.37325361326367]]],[[[127.92786639371911,26.375931108134182],[127.92784583701587,26.376201667373095],[127.9276325034374,26.376139721171228],[127.92759805400703,26.375991108203152],[127.92786639371911,26.375931108134182]]],[[[127.98802810591246,26.375872198043567],[127.98769533067502,26.37669482860349],[127.98766313944236,26.376684305636275],[127.98799577168757,26.375861666982416],[127.98802810591246,26.375872198043567]]],[[[127.9899014144188,26.378428774568363],[127.98975124472418,26.378371162199414],[127.98987396890857,26.37828877530677],[127.9899014144188,26.378428774568363]]],[[[127.99029708194485,26.3784825864023],[127.99019019482171,26.378472558961505],[127.99008341112062,26.378384197872492],[127.99027199715499,26.378358828896864],[127.99029708194485,26.3784825864023]]],[[[127.99057438430043,26.37934330594885],[127.990640660738,26.37920810816769],[127.99073002636965,26.379292585984103],[127.99057438430043,26.37934330594885]]],[[[127.98024469483687,26.37924255939663],[127.98016810587342,26.379385333066693],[127.9800893000812,26.379255080657515],[127.98024469483687,26.37924255939663]]],[[[127.97934561560771,26.379567640034622],[127.97929547300771,26.379439278899667],[127.97942635494235,26.379440081094913],[127.97934561560771,26.379567640034622]]],[[[127.88921752337012,26.381140360039637],[127.88725693925642,26.379652080978815],[127.88742027232774,26.379504945596807],[127.88921752337012,26.381140360039637]]],[[[127.99315600514558,26.382900774850953],[127.99330613527002,26.382648613043102],[127.99351372218064,26.38272841438487],[127.99315600514558,26.382900774850953]]],[[[127.87609632928218,26.384046828598287],[127.87575955925627,26.38444280189384],[127.87566311326214,26.384363891780254],[127.87597671855076,26.384002640409562],[127.87609632928218,26.384046828598287]]],[[[127.9879928021262,26.385075000111215],[127.98378503165395,26.379957197566682],[127.98092267214372,26.378911559421],[127.97832175094811,26.37945110768254],[127.97368875493214,26.376485972749492],[127.97207588829167,26.371047586177212],[127.96948666727599,26.367454891729892],[127.97064099928275,26.355350972969063],[127.97522007824409,26.35447472123144],[127.9809324118014,26.355500666922296],[127.9828874965608,26.35796427872856],[127.9875395330231,26.359883081239275],[127.99274710769294,26.35981605386786],[127.99373992235962,26.36161966671432],[127.99489072632605,26.364707252437825],[127.99226985726818,26.374694891955755],[127.98597469467643,26.37424574804288],[127.98780822257152,26.37813255857077],[127.99016338513218,26.378623865399106],[127.9879928021262,26.385075000111215]]],[[[127.9883407003631,26.386703441210898],[127.98827386544656,26.38656205429544],[127.98839608331264,26.386523639754216],[127.9884859138939,26.38660916168351],[127.9883407003631,26.386703441210898]]],[[[127.98986655040108,26.388438532012685],[127.98968511037958,26.388284360335035],[127.9898172495665,26.388272251862986],[127.9899125813007,26.38834566711887],[127.98986655040108,26.388438532012685]]],[[[127.98952841790219,26.388964306257776],[127.98961805422994,26.388637891925214],[127.98989063604404,26.388895467651764],[127.98952841790219,26.388964306257776]]],[[[127.86226557729458,26.393017081273342],[127.86226727611393,26.393140559089602],[127.86203389125114,26.393341721243473],[127.86191985721575,26.393292720782483],[127.86226557729458,26.393017081273342]]],[[[127.99989241200524,26.400849973047855],[127.99547430629423,26.399474108343497],[127.99352116676846,26.395487919132222],[127.98975058372253,26.39318541367595],[127.9914544491636,26.3889701617436],[127.98847736673713,26.386789721268656],[127.99284752329459,26.383353080780125],[127.99796958502839,26.3820498920889],[127.99898296988817,26.387510640303844],[128.00118741866447,26.390963467689915],[128.00327875521043,26.397839080609117],[127.99989241200524,26.400849973047855]]],[[[127.8390362003604,26.410354494963997],[127.83894099902795,26.410337495079375],[127.83891552483169,26.410228251732462],[127.83903386482109,26.41020730562269],[127.8390362003604,26.410354494963997]]],[[[127.83848316496619,26.410841531811286],[127.83852669305247,26.410983252375274],[127.83842169900231,26.411000360178548],[127.83838741864452,26.41090333322228],[127.83848316496619,26.410841531811286]]],[[[127.85246805355791,26.42352249516705],[127.85064917022305,26.424621386667695],[127.85050472111607,26.42441861292872],[127.85232832679094,26.423326666892194],[127.85246805355791,26.42352249516705]]],[[[127.83123968886059,26.428508802439353],[127.83103377378973,26.42756989223676],[127.8311944754447,26.427565080863815],[127.83123968886059,26.428508802439353]]],[[[125.317946108726,24.712902224657967],[125.31790474710647,24.713069279124],[125.31778622635329,24.712983892093007],[125.317946108726,24.712902224657967]]],[[[125.34322333279067,24.71829166742657],[125.3429949940238,24.718472225213077],[125.34272944221004,24.718283333409147],[125.3423158368065,24.71830582905085],[125.34236832663703,24.718147774999863],[125.34322333279067,24.71829166742657]]],[[[125.34299166023698,24.719070000080478],[125.34279416282038,24.719321107882877],[125.34250425376831,24.71906086476713],[125.34282499427809,24.718861108253577],[125.34299166023698,24.719070000080478]]],[[[125.4686960054164,24.720556108177902],[125.46854250283434,24.720722080759458],[125.46842972784975,24.72064910797002],[125.4686960054164,24.720556108177902]]],[[[125.46813124466132,24.721795559217753],[125.46806639364922,24.72198055875583],[125.46790883332608,24.72191289196644],[125.4680090789559,24.721774107688987],[125.46813124466132,24.721795559217753]]],[[[125.28797861172359,24.723078333298474],[125.28808666706607,24.72334361261767],[125.28787666727442,24.72340805443821],[125.28786138779287,24.723146108006517],[125.28797861172359,24.723078333298474]]],[[[125.48451457838519,24.723462000271127],[125.48459894918221,24.723509333389075],[125.48463143988909,24.723644225400733],[125.48453577180851,24.72365016182556],[125.48451457838519,24.723462000271127]]],[[[125.48370250316805,24.723999721110317],[125.48381938985301,24.724153640078498],[125.48364083036006,24.72412389230385],[125.48370250316805,24.723999721110317]]],[[[125.4839122178746,24.723864440591512],[125.48399841789274,24.72397541423402],[125.48395756169214,24.724162000176193],[125.48387213958767,24.724137134820978],[125.4838505576572,24.72391499957763],[125.4839122178746,24.723864440591512]]],[[[125.47596111471375,24.724417225074944],[125.47599832686137,24.72429861259093],[125.47612775639095,24.724303414071358],[125.47613389066657,24.724411386676195],[125.47596111471375,24.724417225074944]]],[[[125.47676972844033,24.724484720993132],[125.47633749717784,24.72440027914962],[125.47639916998583,24.72432113521228],[125.47672639370819,24.72436638729897],[125.47676972844033,24.724484720993132]]],[[[125.4840541632691,24.724326945732003],[125.48412194607101,24.724462225351488],[125.48399861214625,24.72450722472871],[125.48391832696927,24.72433249544838],[125.4840541632691,24.724326945732003]]],[[[125.46408499422716,24.724552494801856],[125.46401710800319,24.72461555886099],[125.46391341077538,24.72452082877328],[125.46406391681637,24.72448725168539],[125.46408499422716,24.724552494801856]]],[[[125.46639972776529,24.724434162007014],[125.4665020490304,24.724499306198084],[125.4664835535732,24.724688802346407],[125.4663857720858,24.724671919373634],[125.46632555078361,24.724496108208882],[125.46639972776529,24.724434162007014]]],[[[125.48420325557584,24.72457277541332],[125.48416941588584,24.72473163975343],[125.48403555089999,24.724727224981507],[125.48409355357467,24.724561333338897],[125.48420325557584,24.72457277541332]]],[[[125.25816939000538,24.72500000014992],[125.25783927406326,24.723865775185402],[125.25791999990815,24.723850612615706],[125.25816939000538,24.72500000014992]]],[[[125.4624122183493,24.725336108274803],[125.46234936383212,24.725456108412743],[125.46225236115765,24.725352252004882],[125.4624122183493,24.725336108274803]]],[[[125.46725778172129,24.725319441139334],[125.4673319461125,24.72541527919185],[125.46719610891341,24.725505559434055],[125.4671713883489,24.7254094407931],[125.46725778172129,24.725319441139334]]],[[[125.2979525033054,24.726562774552463],[125.29814639444066,24.726623612789524],[125.29808778202562,24.72672582883399],[125.297881946095,24.726635000005274],[125.2979525033054,24.726562774552463]]],[[[125.46152306134024,24.72679722511191],[125.46157044122299,24.726956108337788],[125.46138749663578,24.72692694602182],[125.46152306134024,24.72679722511191]]],[[[125.45762221779114,24.72743416185716],[125.45751769138838,24.727489414405],[125.45746418892122,24.7276930272115],[125.45735693937127,24.727665559218224],[125.45737499416066,24.727433748169005],[125.45752972791468,24.72734972091297],[125.45762221779114,24.72743416185716]]],[[[125.46017778167936,24.728534162221877],[125.46015422843493,24.72870210791598],[125.46003583718425,24.728573612782043],[125.46017778167936,24.728534162221877]]],[[[125.46045972813397,24.729062585869713],[125.46026572008702,24.729172558566802],[125.4601899998687,24.72905305395534],[125.46040175064036,24.729005558959443],[125.46045972813397,24.729062585869713]]],[[[125.45614060990124,24.72908636034731],[125.456210829866,24.72918102658315],[125.45602858585062,24.729229919125544],[125.45600499393538,24.72913777458865],[125.45614060990124,24.72908636034731]]],[[[125.45890610882986,24.72978082942177],[125.45899224409686,24.729872586350837],[125.45890610882986,24.72992166685151],[125.45882130995551,24.72984816166337],[125.45890610882986,24.72978082942177]]],[[[125.24189111508292,24.731652162117655],[125.2386652792793,24.72181082880678],[125.23929499356916,24.718443613282204],[125.24239583709823,24.715240828901187],[125.2502733334477,24.713151108436932],[125.25674055793047,24.715573053753474],[125.25833333281707,24.719366802436014],[125.25570472059644,24.72400582930561],[125.25203555139967,24.727561108358486],[125.24628863801024,24.730541558745983],[125.24189111508292,24.731652162117655]]],[[[125.45506177687957,24.734213468177074],[125.45499044085625,24.73432886468538],[125.45483194613746,24.734309441127834],[125.45480761318083,24.734236559169915],[125.45506177687957,24.734213468177074]]],[[[125.45431360568841,24.735854721018598],[125.45439474702005,24.73601422477668],[125.45427138791433,24.736059027202373],[125.4541346432992,24.73597077493139],[125.45431360568841,24.735854721018598]]],[[[125.45117778212898,24.738765000004776],[125.45113474687116,24.738919080850962],[125.45095555065825,24.738838333422393],[125.45106666729293,24.73873666686376],[125.45117778212898,24.738765000004776]]],[[[125.27748972786867,24.752897225426636],[125.27689389104034,24.752823892009076],[125.27702666694722,24.752626387397925],[125.27748972786867,24.752897225426636]]],[[[125.25266499409429,24.760556531858526],[125.25254389138752,24.760881946144934],[125.25234194592417,24.760758891909404],[125.25246888523088,24.760518612843782],[125.25266499409429,24.760556531858526]]],[[[125.28141250318458,24.76495113468718],[125.28104557709173,24.765487612663264],[125.28022616070882,24.765407135031296],[125.28074077796464,24.76440813482759],[125.28141250318458,24.76495113468718]]],[[[125.27892508362572,24.7687664410185],[125.27887491584477,24.76857966711799],[125.27903306072722,24.768553585879317],[125.27892508362572,24.7687664410185]]],[[[125.2725919462614,24.774262721447485],[125.27211019472975,24.77413302661796],[125.27241099906837,24.77322389206904],[125.27319596602104,24.773703053553106],[125.2725919462614,24.774262721447485]]],[[[125.25875197082689,24.780417829019655],[125.25818680897407,24.78030072110147],[125.25883450071171,24.77903164009814],[125.25901705589251,24.77946694614269],[125.25875197082689,24.780417829019655]]],[[[125.25668949442468,24.782383252385216],[125.25702727618796,24.78210038682346],[125.25724955892008,24.781461108243604],[125.25757941585744,24.781570559333886],[125.25720330678723,24.782170053705045],[125.25668949442468,24.782383252385216]]],[[[125.36644005176709,24.79180958634339],[125.36657416316712,24.791886946025784],[125.36654250343383,24.79202405396694],[125.36635778178629,24.791944999961856],[125.36644005176709,24.79180958634339]]],[[[125.37054055830015,24.79207582883646],[125.37053861216725,24.792224440905272],[125.37040221828784,24.792148891558156],[125.37054055830015,24.79207582883646]]],[[[125.25180358027103,24.79916491922569],[125.251831024882,24.799309828785624],[125.2516436448384,24.79929082880875],[125.25171002559728,24.799164694395188],[125.25180358027103,24.79916491922569]]],[[[125.26602389069012,24.800458279226234],[125.26570403421385,24.800504945946557],[125.26533605681368,24.800329495409926],[125.26537219157342,24.800276305906834],[125.2657604666723,24.80045230592924],[125.26602389069012,24.800458279226234]]],[[[125.26564455305379,24.80273082916449],[125.26573357964105,24.802821972755908],[125.26542150499847,24.803457054199725],[125.26529844356833,24.80335672133566],[125.26564455305379,24.80273082916449]]],[[[125.20793649807104,24.800645973133214],[125.2093090532702,24.804120666635527],[125.20915036339863,24.80408377464653],[125.20793649807104,24.800645973133214]]],[[[125.20023588757624,24.803170864743663],[125.2002384704291,24.80328413525467],[125.19771752324516,24.80432919783425],[125.19763044099216,24.804242252278186],[125.20023588757624,24.803170864743663]]],[[[125.26603747135232,24.80405477510783],[125.25750910506122,24.801106387349932],[125.2574692480074,24.797702667444184],[125.26144697819552,24.79904222471896],[125.26149202343822,24.801294666715535],[125.26603747135232,24.80405477510783]]],[[[125.15295855998966,24.80526049527566],[125.152790414646,24.805270467857838],[125.15262972827941,24.804898413830756],[125.15272847024278,24.804838613411334],[125.15293089504485,24.80496291860385],[125.15280450072714,24.805069224764964],[125.15295855998966,24.80526049527566]]],[[[125.145758859284,24.80636219805706],[125.1455521923798,24.806368387191355],[125.14559282734717,24.806278892057264],[125.145758859284,24.80636219805706]]],[[[125.22255354081335,24.806380585595605],[125.22306023324325,24.80551135126791],[125.22428642018224,24.804739260808276],[125.22449006536431,24.805084891854335],[125.22255354081335,24.806380585595605]]],[[[125.21952627801534,24.809179990763994],[125.21929202260878,24.80894655014322],[125.22140365775272,24.806838918781125],[125.22164675709223,24.80707188276125],[125.21952627801534,24.809179990763994]]],[[[125.26918347613662,24.80910653234065],[125.26755961078743,24.80622674756637],[125.26766263262448,24.806183892172953],[125.26918347613662,24.80910653234065]]],[[[125.2681292476667,24.81068674819494],[125.26546625166623,24.813211801683337],[125.26531739318318,24.813231054369737],[125.26806961092382,24.810628586340215],[125.2681292476667,24.81068674819494]]],[[[125.27831082958119,24.813562531885395],[125.27832072572096,24.814380747673397],[125.27824910461254,24.814381360111724],[125.27831082958119,24.813562531885395]]],[[[125.27796613472935,24.816722162297992],[125.27570885887678,24.814904332968638],[125.27005302162968,24.813522279129927],[125.27007383913644,24.813439973176287],[125.27572438387324,24.814826279009594],[125.27796613472935,24.816722162297992]]],[[[125.13917744518301,24.82157213504604],[125.13879819657961,24.82141641383646],[125.13884985723519,24.821193134655516],[125.13918533133801,24.82146069375608],[125.13917744518301,24.82157213504604]]],[[[125.22033596643178,24.825445360415074],[125.22028367085477,24.82526405439262],[125.22043888484677,24.82530722544817],[125.22033596643178,24.825445360415074]]],[[[125.22001263317657,24.826374918567694],[125.2199153571081,24.82655263989244],[125.21985669343167,24.8265198919795],[125.21994719760517,24.826348559438543],[125.22001263317657,24.826374918567694]]],[[[125.1557392223873,24.831846613330583],[125.1558287813732,24.831956306338498],[125.15577983127423,24.832193305576652],[125.15569172469338,24.83217466712722],[125.15566486374257,24.83197616157065],[125.1557392223873,24.831846613330583]]],[[[125.15555844426683,24.83221297285047],[125.15568639441165,24.83244182872744],[125.15560846995504,24.83257177536717],[125.15549841811753,24.832289720993856],[125.15555844426683,24.83221297285047]]],[[[125.13477396874373,24.83264925196147],[125.13448664074599,24.832468080837316],[125.13471788612162,24.832313413633187],[125.13477396874373,24.83264925196147]]],[[[125.15179955870269,24.832816306427446],[125.15116311298732,24.832346720924477],[125.15196544674802,24.831981161801252],[125.15179955870269,24.832816306427446]]],[[[125.15068649838327,24.83295813491003],[125.15057000020545,24.83292753188016],[125.15066832668197,24.832628775297792],[125.15081708174296,24.832861251845372],[125.15068649838327,24.83295813491003]]],[[[125.26640518794909,24.831531891983275],[125.27183632868366,24.832947639821782],[125.27179786018314,24.833073532317712],[125.26640518794909,24.831531891983275]]],[[[125.27326263276439,24.833333332967015],[125.27398016944937,24.83352327877634],[125.27395169871204,24.833612612931802],[125.27326263276439,24.833333332967015]]],[[[125.15803574555332,24.832680559160508],[125.15828522738138,24.833074748201113],[125.15790897531906,24.83366427898335],[125.15759620010465,24.833431162118472],[125.15803574555332,24.832680559160508]]],[[[125.1575255511633,24.833496801835963],[125.1572975883131,24.83273313532601],[125.15789308699641,24.83274486518343],[125.1575255511633,24.833496801835963]]],[[[125.15785630382538,24.833873748174994],[125.15785513560604,24.834204413602833],[125.15760328136639,24.834150224952964],[125.15785630382538,24.833873748174994]]],[[[125.14757066135701,24.834430081383175],[125.14725819730802,24.83432413495092],[125.14752250266145,24.83400138715433],[125.14757066135701,24.834430081383175]]],[[[125.15470313863898,24.837872278782697],[125.154727522857,24.83772936032176],[125.15484703016637,24.837706414119793],[125.15483299624589,24.8378381351219],[125.15470313863898,24.837872278782697]]],[[[125.21453752278853,24.83829522544437],[125.21450024588967,24.838396532274203],[125.21415063624295,24.8382961976115],[125.2141826718929,24.838200775045777],[125.21453752278853,24.83829522544437]]],[[[125.21418221773524,24.839555531762414],[125.21601775561498,24.83864058579445],[125.21681914418821,24.836504161737707],[125.21829224359226,24.83463941387788],[125.21842428025639,24.83479702726106],[125.21694046722882,24.83666125171544],[125.21622535691472,24.838706224612622],[125.21453275008639,24.839618306239913],[125.21418221773524,24.839555531762414]]],[[[125.21293406035863,24.840994748309015],[125.21290153008158,24.84108727865504],[125.21260427986374,24.841000135248066],[125.21263680924142,24.84090769393498],[125.21293406035863,24.840994748309015]]],[[[125.14169269785975,24.84256780196256],[125.13893944230153,24.839160829208936],[125.13995975373973,24.83713994555211],[125.13535717279535,24.834910721352742],[125.13628927423065,24.831979559209344],[125.13537325627078,24.823687864803162],[125.13979758798837,24.82233305412717],[125.13824603082969,24.81681319797076],[125.14717830063807,24.806537639600435],[125.15495839231596,24.805372639835525],[125.16181516174038,24.802498829257615],[125.16849394274129,24.803028279031878],[125.17446649783062,24.807247864797148],[125.17547763888194,24.813963413680654],[125.16878189396925,24.81847064040778],[125.16823535707613,24.820986667400803],[125.16588919582978,24.822006306146136],[125.16496516221252,24.82424805430429],[125.16231160819427,24.82664905441038],[125.16063138772847,24.829394865380777],[125.15870083017921,24.829816161786482],[125.15793610876449,24.83231753162886],[125.15456133623672,24.831553559349345],[125.1478134108603,24.83242277479127],[125.14542247686586,24.835068802383375],[125.14372503168488,24.841278225409837],[125.14169269785975,24.84256780196256]]],[[[125.28558888461941,24.847789720819037],[125.28563832664747,24.847939162062744],[125.2853818552885,24.848101720817795],[125.28537569403306,24.847964081377313],[125.28558888461941,24.847789720819037]]],[[[125.2847466668253,24.849238332583013],[125.28478832701978,24.848926667132048],[125.28509138775735,24.849101387419125],[125.2847466668253,24.849238332583013]]],[[[125.28351105139393,24.854072306391856],[125.28317472113656,24.85411055905513],[125.28374666657544,24.85287527907093],[125.28400000019997,24.853605828945888],[125.28351105139393,24.854072306391856]]],[[[125.28356330740075,24.854793972763673],[125.28363291762514,24.854898667339683],[125.28356778242733,24.854949441263727],[125.28347722429453,24.85482277535084],[125.28356330740075,24.854793972763673]]],[[[125.28357693932435,24.856740558929687],[125.28308527906245,24.857143892276838],[125.2826338913411,24.856448891703053],[125.28327389117715,24.855972224938284],[125.28357693932435,24.856740558929687]]],[[[125.28592555122327,24.85752610774375],[125.28603999984614,24.85772082895312],[125.28585233471756,24.857854252371908],[125.28583255502849,24.857586721150312],[125.28592555122327,24.85752610774375]]],[[[125.28388861196993,24.85921582864762],[125.28386389140553,24.859382224809906],[125.28375583696231,24.85925333307489],[125.28388861196993,24.85921582864762]]],[[[125.28177380042064,24.860854252221998],[125.28190138813864,24.860902494554523],[125.2818919461564,24.861080278831878],[125.28156138774796,24.860941946014066],[125.28177380042064,24.860854252221998]]],[[[125.28362236138298,24.861074134663625],[125.28322083027717,24.86099833260704],[125.28330138794877,24.86075000011249],[125.28360880680111,24.860825973040278],[125.28362236138298,24.861074134663625]]],[[[125.28417610904023,24.861900829259923],[125.28408639357224,24.861982774585442],[125.28379888481072,24.86181638741641],[125.28394333301844,24.861762775231966],[125.28417610904023,24.861900829259923]]],[[[125.1576982227948,24.86190694644847],[125.15771136188994,24.861318162103544],[125.15797907927117,24.8614455321856],[125.1576982227948,24.86190694644847]]],[[[125.28291805372521,24.86220527855079],[125.28294583738057,24.862349161984298],[125.28258444931294,24.86259194566179],[125.28268916996933,24.86232110763308],[125.28291805372521,24.86220527855079]]],[[[125.16327438370593,24.865416585806827],[125.15893111507899,24.86169769399345],[125.15663399476307,24.85670964023774],[125.1592825809264,24.847667252042072],[125.15853535672136,24.84422991907553],[125.15984894876999,24.83993869421539],[125.1553399998412,24.837187865028],[125.15824286571569,24.83398566700498],[125.15901944199368,24.830771694158386],[125.16181930042046,24.82946994618112],[125.16310655042707,24.82634746766155],[125.16461513617969,24.826104468146752],[125.16454518781018,24.824801999812507],[125.1657289105608,24.82391322501536],[125.16623111537376,24.82247686471561],[125.16949891084607,24.82103402659908],[125.17197905309092,24.816955918580845],[125.17611642013674,24.81464041432372],[125.1775035281654,24.811817829129552],[125.18414619958753,24.811433162110802],[125.18747713376274,24.808905828840977],[125.19528902726688,24.80605805363632],[125.20184919578378,24.805467440969664],[125.20540269777632,24.803966973397166],[125.21620141426388,24.806729107962042],[125.2187903106244,24.80893272126815],[125.22132758769806,24.813813386978268],[125.2204909726803,24.82485922457363],[125.21538260672196,24.83445286480793],[125.21469294362453,24.83794136020566],[125.21420863801825,24.837831559279095],[125.21390185498672,24.83869261337344],[125.21315452735962,24.83919427859314],[125.21240053215888,24.841329108151854],[125.21218007774849,24.84378216191726],[125.20908299608345,24.847083081219296],[125.20580094725597,24.84713477514981],[125.19964805381471,24.85072761258931],[125.18897627843262,24.854599053703396],[125.17888630415962,24.86157127899139],[125.17473474671124,24.861702865095197],[125.17185114071765,24.863250946374137],[125.16482114118276,24.8652804949989],[125.16327438370593,24.865416585806827]]],[[[125.28091499373204,24.868436946308066],[125.28087832657354,24.86822722530627],[125.2813138907236,24.867998891935372],[125.28134639402094,24.868322774676358],[125.28091499373204,24.868436946308066]]],[[[125.27687527867124,24.87639833321657],[125.2762355513297,24.876321945701307],[125.27635917033945,24.875966666728345],[125.27669610943792,24.87604555885548],[125.27687527867124,24.87639833321657]]],[[[125.2978490785722,24.879351999994867],[125.29783505814146,24.879418585799158],[125.29687488976447,24.8792599732692],[125.29688919617956,24.879194053862534],[125.2978490785722,24.879351999994867]]],[[[125.2902787546609,24.881072162050714],[125.29027027225527,24.88115666684672],[125.29008985656174,24.88120205383177],[125.29010416297683,24.88105527907794],[125.2902787546609,24.881072162050714]]],[[[125.28642861219078,24.8830349998654],[125.28641610891634,24.88266833277737],[125.28691693866585,24.882375278796133],[125.28680555133519,24.88285749527722],[125.28642861219078,24.8830349998654]]],[[[125.28627778239377,24.8834658290848],[125.28595861210033,24.883418612878756],[125.28618649760881,24.883309865058266],[125.28627778239377,24.8834658290848]]],[[[125.28768561619825,24.883333332867096],[125.28760944182238,24.883497774802493],[125.28750111488466,24.8834722250632],[125.2875505578121,24.88337082920043],[125.28768561619825,24.883333332867096]]],[[[125.28695082961713,24.884713613242695],[125.28727555142564,24.884135279019972],[125.28761250311459,24.88433555893897],[125.28695082961713,24.884713613242695]]],[[[125.28649666658794,24.885717494966457],[125.28599277644548,24.885756946426],[125.28569917028051,24.885127775326623],[125.28613499433459,24.88511666690073],[125.28649666658794,24.885717494966457]]],[[[125.28627472110156,24.886517494986435],[125.28611333326376,24.886405828865975],[125.28637778160942,24.886268053627816],[125.286394993734,24.886414440773876],[125.28627472110156,24.886517494986435]]],[[[125.28601814542117,24.88800908085443],[125.28578250325995,24.88788916165555],[125.28578555106242,24.88746553240844],[125.28625360591923,24.88769722474717],[125.28601814542117,24.88800908085443]]],[[[125.2846655245944,24.888892558644727],[125.28475944169497,24.889031666678136],[125.28466466933912,24.88924758580748],[125.28453549881431,24.889135864828347],[125.2846655245944,24.888892558644727]]],[[[125.28378277615423,24.88926305414668],[125.28348610869705,24.88957055933389],[125.28326666692317,24.889449161649566],[125.2838569387468,24.88876638735894],[125.28405165995616,24.8888991623665],[125.28378277615423,24.88926305414668]]],[[[125.2705125032495,24.889970000415246],[125.27043389081143,24.890114441428352],[125.27010639369519,24.889869162132186],[125.27040306115236,24.889843892082013],[125.2705125032495,24.889970000415246]]],[[[125.28326941615069,24.88988753168428],[125.28328832709474,24.890069441151866],[125.28320046692806,24.890080224922485],[125.28326941615069,24.88988753168428]]],[[[125.28359749692697,24.890513666672405],[125.28353527912986,24.890331667272676],[125.28378277615423,24.890292224806387],[125.28378583744654,24.890416387006724],[125.28359749692697,24.890513666672405]]],[[[125.28355999969426,24.890656107593315],[125.28350389099182,24.8908244408953],[125.28342111469271,24.890797224712173],[125.28355999969426,24.890656107593315]]],[[[125.27122221763125,24.89043582855072],[125.2713241629798,24.890811108445973],[125.27111083030059,24.890884440964214],[125.27101499404682,24.89061361282802],[125.27122221763125,24.89043582855072]]],[[[125.28547639382055,24.891282495290966],[125.28551666726048,24.890800000020022],[125.28586917002622,24.890926945622084],[125.28547639382055,24.891282495290966]]],[[[125.28348693877126,24.89137333311288],[125.28370832667804,24.891553333319735],[125.28361583680146,24.891778892282105],[125.28348693877126,24.89137333311288]]],[[[125.28594121921196,24.891609027434697],[125.28585844381223,24.89179013470698],[125.28569082996785,24.891953667427856],[125.28561788595675,24.89180472081125],[125.28577639416528,24.891598332696958],[125.28594121921196,24.891609027434697]]],[[[125.28530055837416,24.892297224637275],[125.28519000021845,24.892239161708005],[125.28527306070328,24.89215249494174],[125.28539639372866,24.892239161708005],[125.28530055837416,24.892297224637275]]],[[[125.26909111486316,24.89262361288945],[125.26903165978331,24.892796666732806],[125.26894888528284,24.89274249517007],[125.26909111486316,24.89262361288945]]],[[[125.28504693876528,24.893101667308144],[125.28477678332195,24.89337438671862],[125.2844316603929,24.893307495144825],[125.28502832729555,24.89262194644573],[125.28504693876528,24.893101667308144]]],[[[125.26619972793515,24.896034720725822],[125.26619972793515,24.896288612829267],[125.26594000013097,24.896232225336973],[125.26619972793515,24.896034720725822]]],[[[125.2649663940839,24.89662999997455],[125.26510527908545,24.896708892101742],[125.26502499390836,24.89677916242846],[125.26488138836544,24.89673361266614],[125.2649663940839,24.89662999997455]]],[[[125.26271639374659,24.90089999993512],[125.26263805380324,24.901056667231444],[125.26250917016216,24.901041108060724],[125.26259888473078,24.900905829340616],[125.26271639374659,24.90089999993512]]],[[[125.30816613525894,24.912636694028265],[125.30824586285632,24.91278058555565],[125.30808613516706,24.91276530607405],[125.30816613525894,24.912636694028265]]],[[[125.30939858597606,24.913647891736844],[125.30922272444923,24.9136129458808],[125.3092472237804,24.913507225178364],[125.30943313882835,24.91351625167374],[125.30939858597606,24.913647891736844]]],[[[125.31150613460045,24.914275586149415],[125.31157197126947,24.914357251785816],[125.31151447491311,24.914425027393122],[125.31138252908056,24.914337532351283],[125.31150613460045,24.914275586149415]]],[[[125.26700063627038,24.914804694181328],[125.2697116596654,24.910238053743228],[125.27072749697652,24.906324440720425],[125.26868416264404,24.903083332629762],[125.26259277563611,24.901455828623625],[125.27165138760154,24.892214162353753],[125.27057306089807,24.88742361320925],[125.27272138838146,24.88064861284323],[125.27882194577626,24.875608053968563],[125.27788000036173,24.87312666706208],[125.28094360566297,24.870458613274423],[125.28471917005368,24.863903613161256],[125.28563416278644,24.858533612836027],[125.28950311277845,24.857694864626353],[125.2925386115677,24.852030278774407],[125.29530472113606,24.849534440661955],[125.29645693883674,24.845484440954237],[125.29405499444249,24.842291135427615],[125.29602518781223,24.838386666711358],[125.29101185501315,24.83803374755945],[125.28784827477807,24.84321227862381],[125.28575060970297,24.841487306094336],[125.28191644638696,24.841440359684896],[125.27713863793781,24.83683472104559],[125.27680243808209,24.833369027059007],[125.27995919606008,24.82744308113331],[125.2805460045945,24.824148919337233],[125.27813686112734,24.822479468252936],[125.27995102481998,24.819604531723826],[125.28071946762941,24.813304775395125],[125.27829447540978,24.813463000317256],[125.27508143965679,24.80663386526072],[125.27167530507131,24.80311977515754],[125.2676989751277,24.80170744114554],[125.26642516189179,24.799035720821905],[125.2617445782497,24.79873305398729],[125.25890732781102,24.7955178023048],[125.2560994159553,24.794406865284657],[125.2566631388928,24.78856141407806],[125.25950627809232,24.783950892120004],[125.26314910524707,24.784172333086758],[125.26925516199617,24.782370305745076],[125.27318036278359,24.778539135372853],[125.27699289200837,24.773143972916046],[125.27954658890405,24.767793162324608],[125.28181474655332,24.765274135193238],[125.28299678307519,24.760668135026435],[125.28410639359527,24.75146444083134],[125.2774616600276,24.749534162071996],[125.27626693856837,24.751816108126945],[125.27242994778396,24.754028080631485],[125.2679327763766,24.750890828948627],[125.2604952787342,24.75924444077839],[125.25669555135869,24.76117500012623],[125.25394749657971,24.756615558761098],[125.25360472088119,24.75327055918899],[125.2581108297511,24.74713333283711],[125.25988194559534,24.742761667217223],[125.26083333299198,24.73572194601104],[125.2682288853548,24.733155828578674],[125.27118610895184,24.72945555902686],[125.28897166021397,24.723330558958196],[125.29241138807515,24.719761666867498],[125.29556610908878,24.718915278917052],[125.2973672236185,24.723697494943508],[125.29386693900813,24.731047494846052],[125.29760778237335,24.731882224884828],[125.29845360644879,24.725824441045177],[125.29636111517334,24.72083222522707],[125.30010391726205,24.716404639762345],[125.30572472141887,24.71264582884197],[125.30888472055346,24.71157236027625],[125.31739916983588,24.713063892184948],[125.32226444904518,24.718746108346295],[125.32811027167179,24.719611107766468],[125.33820416339154,24.71874555886052],[125.339957496941,24.717478891637597],[125.34357527887607,24.720232225436916],[125.34639027199353,24.719521666591675],[125.35298055790645,24.72159499960958],[125.36030416270705,24.724981108091697],[125.37268165973092,24.728732774797777],[125.37742416259505,24.725211386696174],[125.38348972826839,24.725160558812775],[125.3863969387678,24.727726667251943],[125.39256972791065,24.72897889226209],[125.40696999986562,24.729825279313218],[125.42329194586671,24.72737666729938],[125.42458499380245,24.726206386715432],[125.43249360579534,24.72970138690954],[125.43691527911687,24.72811833279485],[125.4389499997427,24.729441945989095],[125.44242165983178,24.728388613243965],[125.44529917022055,24.725381945820175],[125.44967165961941,24.7256199999631],[125.45088165966092,24.729966667128053],[125.45523944244633,24.730310558885208],[125.45432277607529,24.73516610832928],[125.4431408296856,24.74651999969825],[125.44086389105576,24.754755559321666],[125.43331055803594,24.761010559090096],[125.42600722395423,24.760024721363834],[125.41884527858679,24.762910000096497],[125.41791306113896,24.76445472060891],[125.41219277577602,24.76359527899899],[125.40760416310172,24.766780828772255],[125.40264221756433,24.766178333363428],[125.39708778157592,24.77086027857905],[125.39297666663992,24.77293222484235],[125.39084555128125,24.77559444113058],[125.38908472098319,24.783228613309916],[125.38283972797115,24.787780279136598],[125.38125625207442,24.787774775285698],[125.36960917002727,24.792443891672292],[125.3643955510139,24.78911027931599],[125.35783555067019,24.78866444131097],[125.35243055772412,24.790119440959472],[125.34735888500461,24.795573892121467],[125.33747097310697,24.79759946844075],[125.33536053226283,24.802636027130973],[125.33163138817804,24.805049721167734],[125.33089639385355,24.810589161860378],[125.33195111515192,24.817926666582423],[125.33552805437625,24.820854494939056],[125.33241555113682,24.824329720840012],[125.32610221774326,24.828379440858555],[125.31814610895583,24.832581667010402],[125.31319610911316,24.836964162266327],[125.31205250332039,24.840845000396484],[125.30986444918506,24.84218194604],[125.3093388853813,24.84572999993958],[125.30631639438616,24.848995558798038],[125.30529027242824,24.853356107898094],[125.30628527874273,24.8604633331164],[125.30462221824087,24.865607775378578],[125.29944221768426,24.87366805443719],[125.29849666688779,24.877238612971666],[125.29376250343682,24.877649441268773],[125.285015279032,24.882867494839047],[125.28348861240954,24.886308333362933],[125.28209138790726,24.893545278591773],[125.2721966672425,24.902055000138205],[125.27117472083671,24.908415279041947],[125.26700063627038,24.914804694181328]]],[[[125.30686457793797,24.919925054397766],[125.30506635472852,24.915868279197753],[125.30677955872966,24.913625918601326],[125.3108483920397,24.915257640427797],[125.30686457793797,24.919925054397766]]],[[[125.2419071733774,24.92343691867893],[125.24092002623831,24.92456746811422],[125.24085922217546,24.924522440858027],[125.24184474693755,24.923393639704784],[125.2419071733774,24.92343691867893]]],[[[125.23990778171878,24.938270000160458],[125.23891416305821,24.938958891639572],[125.2313316596285,24.935371666869003],[125.23300555066567,24.92974110776595],[125.23507011709228,24.927600305809506],[125.24508527856278,24.92271749521626],[125.24730166044333,24.920820135241115],[125.25102063589372,24.92448319804123],[125.25595306118487,24.924732494608975],[125.25212389090495,24.93207777486947],[125.2444422183338,24.938348892287593],[125.23990778171878,24.938270000160458]]],[[[125.35960403419892,24.980115413595513],[125.35893082959421,24.979827775331614],[125.35959077819189,24.979303162111307],[125.35960403419892,24.980115413595513]]],[[[125.3586180543798,24.980198612575975],[125.35865861200546,24.98034305358908],[125.35850722372948,24.98038305363508],[125.35849832673648,24.980225828759046],[125.3586180543798,24.980198612575975]]],[[[125.23306827478109,25.04566224281831],[125.23311743172417,25.045796486418737],[125.2330014533544,25.045797008924865],[125.23293581093901,25.045723748352373],[125.23306827478109,25.04566224281831]]],[[[125.23070365764772,25.046245278696688],[125.23079191981128,25.04632976640562],[125.23069656289613,25.046395414217045],[125.23061451414856,25.046290757412578],[125.23070365764772,25.046245278696688]]],[[[125.22855145318704,25.047060450279616],[125.22853783385403,25.047186251944026],[125.22840557685595,25.047165874205803],[125.2284065499224,25.047089685440653],[125.22855145318704,25.047060450279616]]],[[[125.22906054500822,25.04714319780038],[125.2290323350743,25.047237990840642],[125.22892438405313,25.047243305833945],[125.22894092078695,25.047113964437983],[125.22906054500822,25.04714319780038]]],[[[127.7659101430387,26.124285666750154],[127.76545975356487,26.123571828976765],[127.76551708174804,26.123545720758443],[127.7659101430387,26.124285666750154]]],[[[127.77536700358439,26.13201082873678],[127.77099933904833,26.131496000140373],[127.76925175126735,26.128596027384788],[127.7736377556779,26.12673500002029],[127.77591464304635,26.129257108229012],[127.77536700358439,26.13201082873678]]],[[[127.78831238740679,26.13275236023327],[127.7883799219959,26.1329245588214],[127.78828538256437,26.132915532326024],[127.78831238740679,26.13275236023327]]],[[[127.77680277572756,26.13414566728875],[127.77669946790616,26.134358972988252],[127.77663992199484,26.133998639825393],[127.77680277572756,26.13414566728875]]],[[[127.77633422804229,26.134256495241118],[127.77634978001845,26.134368414071105],[127.77614021999523,26.13459872055455],[127.77620900104466,26.13433672106288],[127.77633422804229,26.134256495241118]]],[[[127.77732341124647,26.1343595863259],[127.77730664068895,26.134708251684515],[127.77714994821156,26.134709802115708],[127.7771324384114,26.134335224590984],[127.77732341124647,26.1343595863259]]],[[[127.806526887406,26.144821198239754],[127.8056112840336,26.145601801681835],[127.80520442264606,26.14567919823645],[127.80627605659481,26.144589999628806],[127.806526887406,26.144821198239754]]],[[[127.80961280218912,26.146027252056115],[127.8077401169129,26.145182107868038],[127.80809788610861,26.14462041380108],[127.8102954469773,26.145432721043278],[127.80961280218912,26.146027252056115]]],[[[127.82204997372742,26.14841349518673],[127.82183839202821,26.148358828996834],[127.82183024596918,26.14827372075564],[127.82201114100144,26.148293801717614],[127.82204997372742,26.14841349518673]]],[[[127.85023533099582,26.150548386798675],[127.84941092067754,26.150488305790702],[127.84973263335439,26.149005467628285],[127.85046308700191,26.149077559082116],[127.85023533099582,26.150548386798675]]],[[[127.81556591393587,26.155875467878616],[127.81561403396051,26.155990108057097],[127.81551494216092,26.15608122466881],[127.81539000024839,26.15596144126755],[127.81556591393587,26.155875467878616]]],[[[127.81651683458426,26.156762999812656],[127.81655581120174,26.15692972063016],[127.81641800268869,26.156908000204112],[127.81651683458426,26.156762999812656]]],[[[127.90949345026263,26.171836026711333],[127.90497802891298,26.168197829266433],[127.89791827530826,26.16729722478715],[127.89706778195261,26.165314135139283],[127.8888103373273,26.16239816164591],[127.8849762783326,26.158731026715543],[127.88377674370179,26.154875694257953],[127.88765058420711,26.15386397314387],[127.89533002556027,26.159939107603805],[127.89949038917018,26.161980054236153],[127.90933914368657,26.169445640404035],[127.90949345026263,26.171836026711333]]],[[[127.83085941592935,26.1725359366842],[127.83091194622943,26.172660910072977],[127.83082916993033,26.172801694442683],[127.83073046663776,26.172778712267814],[127.8307400129413,26.172632180330936],[127.83085941592935,26.1725359366842]]],[[[127.79120102510728,26.17522753202502],[127.79084680913297,26.1750288286176],[127.790603216965,26.174751305928055],[127.79030302236663,26.17411994587883],[127.78969583699336,26.173324919109803],[127.78992180334865,26.17323644110894],[127.79040263307513,26.17387086514833],[127.79089141370787,26.17498280221463],[127.79120102510728,26.17522753202502]]],[[[127.77897691285432,26.180954919334113],[127.7779126722321,26.181227494853033],[127.77790138843841,26.18119169374171],[127.77896561557077,26.180919081350567],[127.77897691285432,26.180954919334113]]],[[[127.92813975434626,26.182503720969976],[127.92786880660026,26.182864440841342],[127.92765683459527,26.182783413723598],[127.92780766529154,26.182469026924082],[127.92813975434626,26.182503720969976]]],[[[127.80989739265067,26.190848162412806],[127.8099031905798,26.19103138668919],[127.80977933864563,26.19104097256286],[127.80978108872637,26.19086699961241],[127.80989739265067,26.190848162412806]]],[[[127.81141508403891,26.191519919109055],[127.81192795121399,26.19226144071297],[127.81177658901845,26.1923809192441],[127.81130263281034,26.19163597302179],[127.81141508403891,26.191519919109055]]],[[[128.27948472124297,26.68406277477726],[128.2795149942217,26.684157494972453],[128.2793263937981,26.68424110764107],[128.27939166029694,26.684068332587515],[128.27948472124297,26.68406277477726]]],[[[128.2826691702461,26.692754720553978],[128.28240302218182,26.69269302706158],[128.2824408557609,26.692369999575874],[128.28289472111453,26.692548333338948],[128.2826691702461,26.692754720553978]]],[[[128.2830980542319,26.69283582861067],[128.28289472111453,26.693006667423788],[128.28282097310944,26.69281255865269],[128.2830980542319,26.69283582861067]]],[[[128.28751444943236,26.696629161806413],[128.28722499363857,26.69641555933066],[128.287486939171,26.696195828874465],[128.28751444943236,26.696629161806413]]],[[[128.28851639401648,26.698778892232156],[128.28821749713984,26.698662494778375],[128.288498054142,26.698472225213095],[128.28851639401648,26.698778892232156]]],[[[128.29378000004704,26.701264162411235],[128.29407416289234,26.701494162225856],[128.29401610895627,26.70161889189842],[128.29356416275596,26.701358891599625],[128.29378000004704,26.701264162411235]]],[[[128.30037444892173,26.71049555932268],[128.3005208297725,26.71066722461279],[128.30026360568093,26.710673054018287],[128.30037444892173,26.71049555932268]]],[[[128.2989452787017,26.71043055902311],[128.29908413672365,26.710575829211223],[128.2993186115648,26.711246387111146],[128.29896639388403,26.710924440610484],[128.2988722177787,26.710580558745846],[128.2989452787017,26.71043055902311]]],[[[128.30074499388638,26.711855279397696],[128.30029277609083,26.711550559410853],[128.30050639385502,26.710851108092243],[128.3009269393268,26.71108249466147],[128.30074499388638,26.711855279397696]]],[[[128.30007778236381,26.71166277501709],[128.30019250258204,26.71193444132149],[128.29999138809217,26.711871945633845],[128.30007778236381,26.71166277501709]]],[[[128.29731277626365,26.71616805381268],[128.29738805401553,26.7162344408668],[128.29722861231062,26.71636722486761],[128.29718360573884,26.716183053605107],[128.29731277626365,26.71616805381268]]],[[[128.29630841789924,26.716422441442546],[128.29628836571555,26.71648800022109],[128.29462671894794,26.71606822456897],[128.29464678282284,26.716002666689747],[128.29630841789924,26.716422441442546]]],[[[128.3039363937496,26.720832224827348],[128.30346749712737,26.720589720838973],[128.30368416269403,26.720268613405835],[128.30396917044095,26.720406946223648],[128.3039363937496,26.720832224827348]]],[[[128.30434444943683,26.720893332861067],[128.3042833333093,26.720558892079282],[128.30445999972926,26.72051655919188],[128.30450055825418,26.720844720907223],[128.30434444943683,26.720893332861067]]],[[[128.30685583682748,26.725177775034354],[128.306917223651,26.725302494814343],[128.3068027759274,26.72538027897673],[128.30665999955943,26.725203612556697],[128.30685583682748,26.725177775034354]]],[[[128.32101277561912,26.739658333065677],[128.32109583700333,26.739739162332512],[128.32101389077854,26.739898891820474],[128.3208949941087,26.7397102788064],[128.32101277561912,26.739658333065677]]],[[[128.1497294419603,26.7408797212222],[128.14960389120665,26.740521387252272],[128.15010639369518,26.740391386653243],[128.15010306080762,26.740704721245947],[128.1497294419603,26.7408797212222]]],[[[128.15067138827396,26.744341666834487],[128.150743605633,26.744429161876383],[128.15060861199788,26.7444799996523],[128.1505802716623,26.744353054050237],[128.15067138827396,26.744341666834487]]],[[[128.15292610915265,26.746085278712712],[128.15260583718975,26.746082495310986],[128.15279111461825,26.745836946218162],[128.15292610915265,26.746085278712712]]],[[[128.15622666692718,26.746074162192883],[128.15641194615444,26.746144721201972],[128.15633917031653,26.746254441189535],[128.15613165984826,26.746192494987724],[128.15622666692718,26.746074162192883]]],[[[128.33038972780378,26.7480086129072],[128.33463033702049,26.74522986516621],[128.33429055786303,26.7476249998939],[128.33038972780378,26.7480086129072]]],[[[128.33038499377255,26.748437225297778],[128.33034111495056,26.748272494679952],[128.33043000034434,26.74824305357413],[128.33049165966247,26.74840666723395],[128.33038499377255,26.748437225297778]]],[[[128.17866116727907,26.750244973226984],[128.17819622587524,26.750546613035795],[128.17815158173016,26.750489972834032],[128.17861655011382,26.75018833302522],[128.17866116727907,26.750244973226984]]],[[[128.32381610902632,26.76197361299188],[128.3238413880697,26.762210278581563],[128.3236274969115,26.7622611082636],[128.32361499363708,26.762080558570972],[128.32381610902632,26.76197361299188]]],[[[128.3259833330644,26.766771279371085],[128.325926744124,26.767021666816504],[128.32575778219598,26.766831640068176],[128.3259833330644,26.766771279371085]]],[[[128.32574555141616,26.767774440737924],[128.32568277603934,26.7679155587561],[128.32555083020668,26.76787582940608],[128.32565778208107,26.767723612854525],[128.32574555141616,26.767774440737924]]],[[[128.32465194613042,26.76887444110264],[128.32460165963892,26.76911138728076],[128.32446333311634,26.76907194571379],[128.32452610939254,26.768891387027963],[128.32465194613042,26.76887444110264]]],[[[128.20435666692674,26.776167495033917],[128.20416805391267,26.776178892142184],[128.2042433325638,26.77601527938168],[128.20435666692674,26.776167495033917]]],[[[128.3263047210861,26.779364441016185],[128.32643555086008,26.779691946226365],[128.32605972777424,26.779691667436566],[128.3263047210861,26.779364441016185]]],[[[128.32613547317362,26.780562495362915],[128.32615933938212,26.780796332584714],[128.32594724956596,26.780743558568417],[128.32613547317362,26.780562495362915]]],[[[128.3265119455699,26.780882494831303],[128.32662944199524,26.7815672251474],[128.32607221755882,26.781367494714175],[128.3265119455699,26.780882494831303]]],[[[128.3256216599117,26.783136224657085],[128.32570328058205,26.783210026621475],[128.32556972766088,26.783281413906195],[128.32548810609126,26.783134134632633],[128.3256216599117,26.783136224657085]]],[[[128.32617250275882,26.783083054039764],[128.3263058371448,26.783166108229352],[128.32624861238367,26.78343805422287],[128.32597082978998,26.783274721151486],[128.32617250275882,26.783083054039764]]],[[[128.32576389129065,26.783483612978387],[128.32582693916197,26.783624721104047],[128.32577666705959,26.78382777543152],[128.3256508303216,26.783805278890554],[128.32566333269676,26.783545828976855],[128.32576389129065,26.783483612978387]]],[[[128.32374639358125,26.78638389240274],[128.32402277593042,26.786767775212695],[128.3237777817193,26.786919999858185],[128.32368999979371,26.786660558937683],[128.32374639358125,26.78638389240274]]],[[[128.32365299628884,26.787662332650598],[128.32365832657058,26.787884720603415],[128.32317031126092,26.78803166712777],[128.32323722441845,26.787608332858326],[128.32365299628884,26.787662332650598]]],[[[128.32030805427337,26.789402775317853],[128.32042116740297,26.78953710795122],[128.3204084437947,26.789690559271946],[128.32021369560562,26.789589864880384],[128.32030805427337,26.789402775317853]]],[[[128.3204274968316,26.79459416219089],[128.3202641628609,26.794893053671558],[128.3201697277508,26.794814162443686],[128.3204274968316,26.79459416219089]]],[[[128.3214580542459,26.79517527891602],[128.3214394418768,26.79526555915828],[128.3213136060382,26.795260000448707],[128.3212883269947,26.79518666703109],[128.3214580542459,26.79517527891602]]],[[[128.321250829762,26.795971107880348],[128.3213065886282,26.796098801718358],[128.32111910516267,26.796118441113208],[128.3210740860003,26.79599464044037],[128.321250829762,26.795971107880348]]],[[[128.32125693885666,26.797776387170586],[128.32138888468933,26.797928892404514],[128.32127583721024,26.79800222492281],[128.32125693885666,26.797776387170586]]],[[[128.32114389137757,26.798108333233017],[128.3210119464443,26.798216667365352],[128.32096165995267,26.798131945832665],[128.32114389137757,26.798108333233017]]],[[[128.32135866387125,26.81281708074374],[128.32089194630635,26.812673612797028],[128.32078360587877,26.812209441212815],[128.32125165983632,26.812439801655557],[128.32135866387125,26.81281708074374]]],[[[128.32056527926431,26.812842775273907],[128.3206155513667,26.812905000265573],[128.32057749655428,26.813096386788857],[128.3204836064333,26.813073892046532],[128.32056527926431,26.812842775273907]]],[[[128.32106155574627,26.813955251933407],[128.32153263322448,26.814215198272848],[128.3212560053604,26.814522693567483],[128.32106155574627,26.813955251933407]]],[[[128.31788211416824,26.821092440763607],[128.31797678310215,26.821197468088712],[128.31778299628832,26.821254468019333],[128.31775527918285,26.821143053709022],[128.31788211416824,26.821092440763607]]],[[[128.31824555089156,26.821351946435243],[128.31822027184808,26.821493053661527],[128.318107224369,26.82147610773626],[128.3181261092326,26.821380278676997],[128.31824555089156,26.821351946435243]]],[[[128.3176730613627,26.82177777542404],[128.31760444938584,26.82193861287675],[128.31746069995143,26.82185258642778],[128.31754955926476,26.821743306208646],[128.3176730613627,26.82177777542404]]],[[[128.31666166040736,26.821837225107913],[128.31668693855147,26.82193861287675],[128.31652972806455,26.821955558802074],[128.31657389107227,26.82182582889891],[128.31666166040736,26.821837225107913]]],[[[128.31570632858427,26.82180938659394],[128.31578827480905,26.822000693976918],[128.31567055804987,26.822005865078665],[128.3155744493015,26.821848332634488],[128.31570632858427,26.82180938659394]]],[[[128.31616527870472,26.821870829175452],[128.31629083035762,26.82189333291103],[128.31634111505048,26.822119161670003],[128.3161274972863,26.822073891596858],[128.31616527870472,26.821870829175452]]],[[[128.3163655766101,26.822211693814666],[128.31646060976936,26.822286494925834],[128.31633403378873,26.822425081352492],[128.31624282724476,26.822237891965187],[128.3163655766101,26.822211693814666]]],[[[128.30982944157552,26.82589972089545],[128.30982944157552,26.826131108363995],[128.30972250319098,26.82610861272235],[128.30971610901133,26.825882774970125],[128.30982944157552,26.82589972089545]]],[[[128.30998666735093,26.826294721124555],[128.3101186122842,26.82636249493322],[128.31001805369033,26.826458612674912],[128.30990472112603,26.826379440858545],[128.30998666735093,26.826294721124555]]],[[[128.30830194577823,26.827428892129717],[128.30828286576173,26.827599775009674],[128.30816574615233,26.82751669384038],[128.30830194577823,26.827428892129717]]],[[[128.30854399470968,26.827496999586913],[128.30848927366117,26.827696468317413],[128.30836610880897,26.82755066663003],[128.30854399470968,26.827496999586913]]],[[[128.30880472076137,26.82766582931464],[128.30886778212255,26.82785194581072],[128.30862888531487,26.827925558917457],[128.3086852791024,26.827682775239964],[128.30880472076137,26.82766582931464]]],[[[128.30670499444,26.837501108389517],[128.30674472109206,26.837642774994094],[128.30654778215444,26.837743613277155],[128.30653527888012,26.837506387409917],[128.30670499444,26.837501108389517]]],[[[128.3066797279871,26.842082495011198],[128.3067741630972,26.842364721155036],[128.3066797279871,26.842392774606935],[128.30659778176232,26.842223613029375],[128.3066797279871,26.842082495011198]]],[[[128.3069374970679,26.843064161681752],[128.30714693927985,26.843147224864595],[128.30739666662294,26.843803333357187],[128.30718916964452,26.84395000019242],[128.30689674428936,26.84348436001528],[128.3069374970679,26.843064161681752]]],[[[128.2948863936922,26.843961107718997],[128.2950058371497,26.84417555915479],[128.2949238909249,26.844299721355128],[128.29480306071275,26.843969162047244],[128.2948863936922,26.843961107718997]]],[[[128.29531389092335,26.84552416181066],[128.2950874973901,26.845399999610322],[128.2955227755557,26.844941386735684],[128.29581722438547,26.845399999610322],[128.29531389092335,26.84552416181066]]],[[[128.2953769387948,26.845586108012526],[128.29542221786107,26.845683613408085],[128.2953277818517,26.845886666836236],[128.29521972830787,26.84586277544679],[128.29525494216193,26.845654306301242],[128.2953769387948,26.845586108012526]]],[[[128.2949427757885,26.84551277459491],[128.29499944207066,26.846015000092223],[128.29470389067205,26.845936107965088],[128.29466610925363,26.84568222485484],[128.2949427757885,26.84551277459491]]],[[[128.30363693929337,26.846002495019206],[128.30372333266575,26.846511666879962],[128.30344999991758,26.84657472104658],[128.30334111540026,26.846160279273533],[128.30363693929337,26.846002495019206]]],[[[128.30170444910107,26.84594722538418],[128.30174221792913,26.846223891919124],[128.30135999976426,26.846515828942415],[128.30122778233635,26.846098333071666],[128.30170444910107,26.84594722538418]]],[[[128.28822527897353,26.847521387002473],[128.28825444938343,26.847616108096986],[128.28811832709914,26.8476738922364],[128.28811832709914,26.847549721042867],[128.28822527897353,26.847521387002473]]],[[[128.2838408303901,26.850036639679217],[128.2835721399424,26.84999766665902],[128.2836910887728,26.84978969393927],[128.2838408303901,26.850036639679217]]],[[[128.28048472059345,26.85653277466787],[128.28041027201652,26.856632495093606],[128.28028713414403,26.856558387359712],[128.2804141373026,26.856491494886654],[128.28048472059345,26.85653277466787]]],[[[128.24757888485772,26.869051108222095],[128.2477877173294,26.869368999679637],[128.24746693904808,26.869428891829955],[128.24757888485772,26.869051108222095]]],[[[128.24820778166384,26.869753054260116],[128.2479261086031,26.869677225223825],[128.2479449943661,26.869524720889217],[128.24819000026832,26.869597494928485],[128.24820778166384,26.869753054260116]]],[[[128.26328555068767,26.870303891711274],[128.26299277639555,26.87063694573851],[128.2627069385744,26.870439162337505],[128.26293333300703,26.870066946432473],[128.26328555068767,26.870303891711274]]],[[[128.0840044489462,26.64995416235473],[128.08404272409246,26.65017564019371],[128.08385158218482,26.650093747928167],[128.0840044489462,26.64995416235473]]],[[[128.08837277628265,26.6515372245633],[128.08825360621904,26.651698053922075],[128.0880905582327,26.65165555915678],[128.08811861168465,26.651444161818688],[128.08837277628265,26.6515372245633]]],[[[128.12141250308457,26.66401499959261],[128.12140306110246,26.664186946370535],[128.1212366667388,26.664294161746227],[128.12118027205202,26.664136107695242],[128.12141250308457,26.66401499959261]]],[[[128.1016599996094,26.669908613092048],[128.09801944234346,26.666787774935926],[128.10285138818108,26.66523555857424],[128.10420111498956,26.666759720584707],[128.1016599996094,26.669908613092048]]],[[[128.13042333317037,26.70561305359962],[128.13048861225968,26.70576416218637],[128.13030666681925,26.70578916243994],[128.13027111482018,26.705650000447235],[128.13042333317037,26.70561305359962]]],[[[128.13098333291452,26.600464721070068],[128.13095194567586,26.600588892263602],[128.13085165957648,26.600608612597455],[128.13080778165386,26.600470278880323],[128.13098333291452,26.600464721070068]]],[[[128.1356313880782,26.60038610773273],[128.13579165985732,26.600464999859923],[128.1357294420602,26.600622495431878],[128.13552805417646,26.600453612644174],[128.1356313880782,26.60038610773273]]],[[[128.13905861176556,26.600541107686013],[128.13898639440663,26.60065972106935],[128.13889722392776,26.600524440550544],[128.13905861176556,26.600541107686013]]],[[[128.15319639409836,26.603433332782117],[128.1529647206454,26.603467495328687],[128.15294888538278,26.603233332552293],[128.15337250293874,26.60332082939283],[128.15319639409836,26.603433332782117]]],[[[128.15539693891765,26.605271108175145],[128.1552866667463,26.605318053685266],[128.1551799999571,26.60512082876329],[128.15540916969746,26.60507305407822],[128.15539693891765,26.605271108175145]]],[[[128.15529306092606,26.60540722506346],[128.15528999963385,26.605569162386985],[128.1551141632881,26.605461946111973],[128.15529306092606,26.60540722506346]]],[[[128.14977250329844,26.61709472084476],[128.1496783271931,26.617224440855296],[128.14960306113244,26.617193612994868],[128.14963444927048,26.61702694613672],[128.14977250329844,26.61709472084476]]],[[[128.14732749666666,26.62156361307035],[128.14710778239828,26.62155222495528],[128.14713861205735,26.621402225232544],[128.14732749666666,26.62156361307035]]],[[[128.18047360607216,26.624245000206656],[128.1802827762292,26.624225278973483],[128.18032306136024,26.62401916155511],[128.18048000025192,26.624036108379755],[128.18047360607216,26.624245000206656]]],[[[128.20616583668402,26.62522777484196],[128.20623194584766,26.625306666969152],[128.20614778189463,26.625383891753245],[128.20605610860264,26.625343333228273],[128.20616583668402,26.62522777484196]]],[[[128.19893888472177,26.625363891730274],[128.1987363942692,26.625451667360608],[128.1987252786488,26.62534861314805],[128.19893888472177,26.625363891730274]]],[[[128.20309666727746,26.625303891661304],[128.20318778209048,26.625473054138183],[128.20309666727746,26.62571389168278],[128.20296861191196,26.625522495266978],[128.20309666727746,26.625303891661304]]],[[[128.1759200004077,26.625971387369702],[128.1757377815734,26.62591499987741],[128.17590416334656,26.625813613007892],[128.1759200004077,26.625971387369702]]],[[[128.17557165970436,26.625920829282904],[128.17556527901445,26.62602222514562],[128.1753886116951,26.626040558724867],[128.17540527883057,26.62593777520823],[128.17557165970436,26.625920829282904]]],[[[128.20833333321684,26.625839694246565],[128.208369170301,26.626029161616543],[128.2082122179196,26.62610249503416],[128.20813527911992,26.62595666726645],[128.20833333321684,26.625839694246565]]],[[[128.17517610909022,26.626028053651794],[128.17521360632293,26.6261774948955],[128.1750569390266,26.62621555870112],[128.17499416275052,26.62612944142063],[128.17517610909022,26.626028053651794]]],[[[128.1746455513512,26.62635249487181],[128.17476805430238,26.626185828912924],[128.174852775835,26.62632972133963],[128.1746455513512,26.62635249487181]]],[[[128.21486194632178,26.627236945728498],[128.21497499380098,26.627431666937923],[128.21487749739867,26.627550279421882],[128.2146969387128,26.62738416204951],[128.21486194632178,26.627236945728498]]],[[[128.1566413883894,26.628103892180945],[128.15680972798657,26.628238053943107],[128.15669805377217,26.628349161584595],[128.15655666685677,26.628258892134227],[128.1566413883894,26.628103892180945]]],[[[128.2195230614402,26.628675000351052],[128.21964166043438,26.628921386712705],[128.21957888505756,26.628958053871145],[128.21941861237917,26.628706946068746],[128.2195230614402,26.628675000351052]]],[[[128.23743165974338,26.630332774637907],[128.23751027218134,26.630499440596736],[128.23745055809684,26.630595278649253],[128.23728416283393,26.63054444087328],[128.23743165974338,26.630332774637907]]],[[[128.23701749676013,26.630437224598268],[128.2371777820291,26.630705828711086],[128.23692333324527,26.630696946107207],[128.23701749676013,26.630437224598268]]],[[[128.23884722412015,26.632290828958617],[128.2389158369964,26.63240638734493],[128.23879666693267,26.63256722479764],[128.2386744490666,26.632375278896063],[128.23884722412015,26.632290828958617]]],[[[128.23904778192968,26.632595558838034],[128.23907917006773,26.632787225050436],[128.23897357976693,26.632750108230937],[128.23904778192968,26.632595558838034]]],[[[128.239628326686,26.632846666640376],[128.23963472086575,26.633083612818552],[128.23943055767415,26.632959440725642],[128.239628326686,26.632846666640376]]],[[[128.241137782083,26.63374110806575],[128.24122861181104,26.63382582869906],[128.24111138788032,26.633886387247003],[128.24105916964504,26.63377777522419],[128.241137782083,26.63374110806575]]],[[[128.24058250288022,26.6339894405603],[128.24054805434935,26.63420110769499],[128.24047250320348,26.63417472068687],[128.24044444885226,26.63402610771874],[128.24058250288022,26.6339894405603]]],[[[128.24089306126587,26.63418694607077],[128.24091499393194,26.63437861318249],[128.2406891696695,26.634570559084068],[128.24060138774394,26.634330828604902],[128.24089306126587,26.63418694607077]]],[[[128.2433877824203,26.636505829080818],[128.24346583727868,26.636631666718074],[128.24339722440243,26.636669720631176],[128.24329055761325,26.63652582910379],[128.2433877824203,26.636505829080818]]],[[[128.24506082989342,26.638005278620767],[128.24514499384645,26.63825527935768],[128.244997496937,26.638221386607768],[128.24492221828586,26.638063613145277],[128.24506082989342,26.638005278620767]]],[[[128.2505630611364,26.64325582919321],[128.2505788847078,26.643396946312066],[128.25046583722872,26.643405559119287],[128.2504877815859,26.643247495175785],[128.2505630611364,26.64325582919321]]],[[[128.25300944193225,26.648241387330188],[128.2527825034099,26.64823500034504],[128.25284944174837,26.647942494950257],[128.25308805437032,26.6479874952268],[128.25300944193225,26.648241387330188]]],[[[128.25308805437032,26.648396666972644],[128.2530338909014,26.64857138725978],[128.25280102494742,26.648485108101283],[128.25286194592218,26.648359999814204],[128.25308805437032,26.648396666972644]]],[[[128.25437610927008,26.653660558987667],[128.25449165956252,26.653762224646982],[128.25437360555748,26.653870558779317],[128.25427233470054,26.65369325204199],[128.25437610927008,26.653660558987667]]],[[[127.98700416301176,26.649010829286397],[127.98721832666456,26.649185278877553],[127.98696972797063,26.649222494622506],[127.98700416301176,26.649010829286397]]],[[[127.98647055836966,26.64913777488846],[127.98658972843327,26.64946527919932],[127.98560749698845,26.649721945711292],[127.98555416269448,26.649425558842495],[127.98647055836966,26.64913777488846]]],[[[127.99253333344666,26.650839161797933],[127.99232610896286,26.651505278845605],[127.99100805357887,26.6511102786165],[127.99132805394663,26.650557225235787],[127.99253333344666,26.650839161797933]]],[[[128.00130422800783,26.690663305766975],[128.00126255522275,26.69139191940161],[128.00118077807053,26.691388081095113],[128.00122243826502,26.690659468359854],[128.00130422800783,26.690663305766975]]],[[[128.01806900108363,26.69420166677355],[128.01677092144098,26.69413374817401],[128.0167751878247,26.694066252255766],[128.01805710844883,26.694133332687215],[128.01806900108363,26.69420166677355]]],[[[127.98631306099901,26.694936108015042],[127.98608082996634,26.695085559151266],[127.98603999984618,26.694958612649884],[127.98614972792768,26.694899440856545],[127.98631306099901,26.694936108015042]]],[[[127.93854555073665,26.705722775385823],[127.93829138793728,26.705423613209234],[127.93868055786152,26.70540944079312],[127.93854555073665,26.705722775385823]]],[[[127.94381499426663,26.706208054058493],[127.94381778216496,26.70633194556291],[127.9436049935756,26.70649555922273],[127.94355583663264,26.706369162207125],[127.94381499426663,26.706208054058493]]],[[[128.02694555069672,26.711208054408246],[128.0266755508361,26.711636945588623],[128.0265216597469,26.711546386556563],[128.02668194591513,26.711415558581223],[128.02679805378716,26.711196667192496],[128.02694555069672,26.711208054408246]]],[[[128.0194902716588,26.71429138723778],[128.019539169597,26.71437555928469],[128.01942555104836,26.714438612551987],[128.01933639405945,26.714336667203497],[128.0194902716588,26.71429138723778]]],[[[128.01666666663345,26.714493748187977],[128.01260972775674,26.713800279159614],[128.00833583732913,26.708527224851593],[128.00900194628286,26.70404944102893],[128.01148888470436,26.699295559042866],[128.01635527907297,26.695678892267097],[128.02123666693865,26.69453999982119],[128.02347250295372,26.695296108428693],[128.027393333036,26.700095828859446],[128.0268319456378,26.70874722510439],[128.02772749682663,26.710319440589785],[128.01666666663345,26.714493748187977]]],[[[127.89050627794245,26.60998372117183],[127.89062949405593,26.611638080732916],[127.89024856012304,26.612004414172418],[127.89019527888911,26.61018938713056],[127.89050627794245,26.60998372117183]]],[[[127.81243916993185,26.64339416201102],[127.81186194637178,26.643337775418047],[127.81169861240107,26.64301610770724],[127.81250832689784,26.643044440848314],[127.81243916993185,26.64339416201102]]],[[[127.8152280539316,26.65119880158346],[127.8129347206609,26.6484041619226],[127.81745333280514,26.643969720925952],[127.82108055762171,26.644680829256913],[127.82057832672842,26.647298612740826],[127.8152280539316,26.65119880158346]]],[[[127.817585446811,26.651513531924024],[127.81758345031608,26.651445359715638],[127.81863041496172,26.65130538743375],[127.81864124459787,26.65137238692614],[127.817585446811,26.651513531924024]]],[[[127.81586185474089,26.65214286490135],[127.81578092115262,26.652153252071002],[127.81570036258177,26.651634918816512],[127.81578130965977,26.65162453164686],[127.81586185474089,26.65214286490135]]],[[[127.86655219222996,26.65392338675497],[127.85795197100674,26.651320639935648],[127.85480516222856,26.64831297336508],[127.85695172524197,26.64148953191642],[127.85932489043137,26.63869227882566],[127.85846980513747,26.631567225447156],[127.86231756170616,26.629538586036972],[127.86438783433118,26.635381386941503],[127.87073963712464,26.64067880208512],[127.87441732829711,26.648963640060003],[127.8708912448351,26.652600332939073],[127.86655219222996,26.65392338675497]]],[[[127.88004422805875,26.656007559301486],[127.87994644567198,26.65608816193918],[127.87853929984885,26.654944774681667],[127.87863627824174,26.65489127940907],[127.88004422805875,26.656007559301486]]],[[[127.87750561639109,26.711987891627928],[127.87911483807943,26.709966080770073],[127.87962744535037,26.710588586094445],[127.87750561639109,26.711987891627928]]],[[[127.8768171727744,26.712261864693346],[127.87657141413956,26.712200494956903],[127.87679489027198,26.711905639633585],[127.87696949364727,26.7119787482207],[127.8768171727744,26.712261864693346]]],[[[127.87580033721588,26.71250102680102],[127.87583483790752,26.71233000002951],[127.87593172456945,26.712328748173263],[127.875938911052,26.712501197672168],[127.87580033721588,26.71250102680102]]],[[[127.75282832666596,26.431577774894436],[127.75288472135287,26.431758332680943],[127.75269666681777,26.431718892013293],[127.75282832666596,26.431577774894436]]],[[[127.7543844487833,26.432175279065916],[127.7544536057494,26.43230138739915],[127.75429693935234,26.432368054142444],[127.75422111481271,26.43224805400456],[127.7543844487833,26.432175279065916]]],[[[127.7629913879423,26.437695279113882],[127.76297000026534,26.43785249499672],[127.76285111528682,26.437781107712],[127.7629913879423,26.437695279113882]]],[[[127.76590610868004,26.4389866669012],[127.76598778241032,26.43922361307932],[127.76572583687789,26.439188613263923],[127.76590610868004,26.4389866669012]]],[[[127.76789499355914,26.4432474946762],[127.76764444873243,26.443051667300665],[127.76793944165195,26.442915559405606],[127.76789499355914,26.4432474946762]]],[[[127.76864000003604,26.443323053915833],[127.76868194621488,26.443477775079316],[127.76856583744348,26.44350861283226],[127.76851916982389,26.443415559080847],[127.76864000003604,26.443323053915833]]],[[[127.76843027183963,26.443778892382056],[127.76830306093757,26.44401222508418],[127.7679441630927,26.44389916231654],[127.76811666655101,26.443662225131618],[127.76843027183963,26.443778892382056]]],[[[127.80043922179266,26.444686721115318],[127.80006194630187,26.44446322519775],[127.80058416282895,26.44435710789429],[127.80043922179266,26.444686721115318]]],[[[127.8014816079899,26.44788933282649],[127.80119472065985,26.447401946142975],[127.8013375878595,26.44721277464987],[127.80175819718306,26.447785801973225],[127.8014816079899,26.44788933282649]]],[[[127.81022247688588,26.46259563957716],[127.81038296989823,26.462794306112414],[127.81031924843467,26.46283680177703],[127.81014085621564,26.462616027207957],[127.81013625168669,26.462343919336433],[127.8102181970122,26.462342748419132],[127.81022247688588,26.46259563957716]]],[[[127.81124119292679,26.46311844066355],[127.81117547316967,26.46315877525734],[127.81078797688372,26.462638225173976],[127.81085369574157,26.46259789237888],[127.81124119292679,26.46311844066355]]],[[[127.81121875484178,26.46392819832772],[127.81115347575235,26.463969026649295],[127.81077347621499,26.46346819779916],[127.81083875530442,26.463427359585012],[127.81121875484178,26.46392819832772]]],[[[127.83146333316631,26.48378861325392],[127.83197416337703,26.48394277503911],[127.83190166003362,26.48412082911301],[127.83126861195694,26.483933892435232],[127.83146333316631,26.48378861325392]]],[[[127.83668472142278,26.48466277496715],[127.8366574971459,26.484816387266505],[127.83654389118772,26.484712494885798],[127.83668472142278,26.48466277496715]]],[[[127.83293778155348,26.48488666658642],[127.83275165966143,26.484868612696346],[127.8325638911108,26.484481666795546],[127.83291499363213,26.48446666700312],[127.83293778155348,26.48488666658642]]],[[[127.83753888491162,26.484878053779198],[127.83754861197895,26.485125828694095],[127.83703944191677,26.4848883330302],[127.83725693935628,26.484817225434654],[127.83753888491162,26.484878053779198]]],[[[127.83561027169674,26.48606166681253],[127.83486165983777,26.48593194590262],[127.83495306063526,26.485499441246247],[127.83561027169674,26.48606166681253]]],[[[127.8331388852514,26.4865138918027],[127.83311749667519,26.48666194629186],[127.83298749697542,26.48660805441824],[127.8331388852514,26.4865138918027]]],[[[127.83452832702073,26.487085278762663],[127.83451165988527,26.48728972074406],[127.83435805388115,26.487204721320893],[127.83452832702073,26.487085278762663]]],[[[127.83507416334203,26.48756916168753],[127.83511221815445,26.487692224916316],[127.83493888462192,26.48773249475886],[127.8349405582602,26.487610829076573],[127.83507416334203,26.48756916168753]]],[[[127.83596944203623,26.48785082935234],[127.83570639393497,26.48642333277064],[127.83669000044324,26.486434999675566],[127.83734194597412,26.48735416166528],[127.83596944203623,26.48785082935234]]],[[[127.82902194630583,26.48842582888892],[127.82902666684731,26.488535000290085],[127.82885194566086,26.48855027887231],[127.82890472057647,26.488416386906806],[127.82902194630583,26.48842582888892]]],[[[127.83536610935857,26.487954162354754],[127.83557888535734,26.488353613328627],[127.83524499406133,26.488570829280377],[127.83514194614395,26.488013891727746],[127.83536610935857,26.487954162354754]]],[[[127.82938527870772,26.4886205590916],[127.82930861240266,26.488735279309765],[127.82919082999285,26.488708892301588],[127.82928221819986,26.48859582863463],[127.82938527870772,26.4886205590916]]],[[[127.84078221792504,26.489848613023128],[127.84073832741194,26.489752495281493],[127.84090749708344,26.489617224655262],[127.84094861228868,26.489848333333953],[127.84078221792504,26.489848613023128]]],[[[127.84045639444707,26.489741386855542],[127.84045083034164,26.489854161840128],[127.8403122178346,26.489854161840128],[127.84033722438346,26.489758332780866],[127.84045639444707,26.489741386855542]]],[[[127.84274333263875,26.490745828856973],[127.84276610886889,26.490860279278536],[127.84258666714106,26.490943332568804],[127.84256165969293,26.490766945837947],[127.84274333263875,26.490745828856973]]],[[[127.83743416335597,26.49210166655871],[127.83752499398338,26.492243891642318],[127.83736832668694,26.492294440735918],[127.83733360566146,26.492153613198752],[127.83743416335597,26.49210166655871]]],[[[127.83955972809906,26.493978612822787],[127.83965389071454,26.494057495057405],[127.83952972761494,26.494210000291332],[127.8394155505872,26.49414222468397],[127.83955972809906,26.493978612822787]]],[[[127.83906832684193,26.493198891615634],[127.83899583698837,26.49500555855974],[127.83683389107125,26.493222495222028],[127.83801861206939,26.49225222476042],[127.83906832684193,26.493198891615634]]],[[[127.8566358365747,26.502053054404996],[127.85671749681512,26.5022269464165],[127.8565291697854,26.502222494772354],[127.8566358365747,26.502053054404996]]],[[[127.85844749655473,26.503904720726325],[127.85839166034691,26.504266107894637],[127.85809722410772,26.5041108291515],[127.85844749655473,26.503904720726325]]],[[[127.86236778164789,26.50555277514053],[127.86249610860864,26.505710559394856],[127.86228306101452,26.506198613375375],[127.86196055783353,26.50617027933498],[127.86209221768172,26.505820559071594],[127.86236778164789,26.50555277514053]]],[[[127.85291138785033,26.50649472055494],[127.8529205582372,26.506691946376293],[127.8527858370968,26.506627224866577],[127.85291138785033,26.50649472055494]]],[[[127.85262610940754,26.507247775064798],[127.85271527898703,26.507308613301916],[127.85264165958495,26.50747638722555],[127.8525413878748,26.50739472068983],[127.85262610940754,26.507247775064798]]],[[[127.85334693940979,26.507366386649494],[127.8533938912152,26.507532774717845],[127.85319639379861,26.507637224678206],[127.85316832685692,26.507411386926037],[127.85334693940979,26.507366386649494]]],[[[127.8614558367176,26.507623332850585],[127.86133666665387,26.50778999970879],[127.8612677821825,26.50765444129945],[127.8614558367176,26.507623332850585]]],[[[127.86320111503949,26.507837775293126],[127.86196027184917,26.507550000332287],[127.8633516597514,26.50694333296849],[127.86320111503949,26.507837775293126]]],[[[127.86246166007766,26.508134162161923],[127.86253055803888,26.508343053988824],[127.86227360644182,26.508450279257033],[127.86222666722699,26.508218891788488],[127.86246166007766,26.508134162161923]]],[[[127.85641416268356,26.50946555898838],[127.85623583701431,26.509141107875905],[127.85651778167039,26.508892775381355],[127.85662416337448,26.50944027904569],[127.85641416268356,26.50946555898838]]],[[[127.8746769391895,26.509503054422453],[127.87401888456395,26.509445279276292],[127.87428832684486,26.509119441409155],[127.8746769391895,26.509503054422453]]],[[[127.89054333270872,26.5110394409175],[127.89055083035657,26.511248613332896],[127.89044111486567,26.511250558566474],[127.89046194586217,26.51105138661228],[127.89054333270872,26.5110394409175]]],[[[127.86375861197041,26.51124610782165],[127.8634452791764,26.510515279156834],[127.86388416272405,26.510707225058468],[127.86403138803814,26.51107389214644],[127.86375861197041,26.51124610782165]]],[[[127.89092583685795,26.511809999831655],[127.89085693889672,26.511809999831655],[127.89080693928884,26.51160666671433],[127.89088194634485,26.511584440869285],[127.89103972790122,26.511751387416666],[127.89092583685795,26.511809999831655]]],[[[127.87511649812791,26.511429359977058],[127.87423708167603,26.511871197797575],[127.87419457791748,26.511806441214333],[127.87507530468167,26.51136427873854],[127.87511649812791,26.511429359977058]]],[[[127.87081194621442,26.51319027930799],[127.87358000011693,26.51244722525928],[127.87361472114253,26.51258305436454],[127.87081194621442,26.51319027930799]]],[[[127.91907027227535,26.51906138727327],[127.91894472062245,26.519676108065994],[127.91860055816926,26.519406108205374],[127.91907027227535,26.51906138727327]]],[[[127.9082466670501,26.519908613391863],[127.9081766674193,26.520034720825777],[127.9080763939105,26.51996666732788],[127.90807693889963,26.519862495257996],[127.9082466670501,26.519908613391863]]],[[[127.9183797278422,26.519546108366285],[127.91796027234875,26.52011638736144],[127.91785360555946,26.51990749463522],[127.9183797278422,26.519546108366285]]],[[[127.90856749659281,26.520129162231115],[127.90868472142279,26.520382774645384],[127.90854472126193,26.520426945746976],[127.9084530605603,26.520167225137357],[127.90856749659281,26.520129162231115]]],[[[127.92105444920355,26.52686889208576],[127.9209949941237,26.527006107945567],[127.92085944200971,26.526877225203805],[127.92105444920355,26.52686889208576]]],[[[127.9208697275559,26.527006107945567],[127.92090111479467,26.527158613179495],[127.92070666697919,26.527073891646808],[127.9208697275559,26.527006107945567]]],[[[127.92389888522541,26.52853138691404],[127.92364306137824,26.528454440919745],[127.92364778191961,26.5282247207943],[127.92388194559533,26.52827277516849],[127.92389888522541,26.52853138691404]]],[[[127.95140749725829,26.46775166690594],[127.95140749725829,26.467886945626105],[127.9512099998417,26.467994161901117],[127.95117250260898,26.467836107850133],[127.95140749725829,26.46775166690594]]],[[[127.95448444939791,26.472867224742686],[127.95452194573124,26.47296889220064],[127.95439666657296,26.473016666885712],[127.95432138792182,26.472940559059623],[127.95448444939791,26.472867224742686]]],[[[127.95496389057121,26.473028054101462],[127.95496063592464,26.473111864620932],[127.95480654968253,26.47311694579048],[127.95484408558616,26.472970027145095],[127.95496389057121,26.473028054101462]]],[[[127.98868306057489,26.474067225222313],[127.98842610897782,26.474067225222313],[127.98843221807249,26.47394027872093],[127.98868306057489,26.474067225222313]]],[[[127.99040666703411,26.47453305425711],[127.99033778166336,26.474623332700673],[127.99015277582998,26.474538612966683],[127.99027778159439,26.474475828596667],[127.99040666703411,26.47453305425711]]],[[[127.99131832687931,26.474846108261318],[127.9912180542699,26.474953332630264],[127.99115221760087,26.47483777514327],[127.99131832687931,26.474846108261318]]],[[[127.99052208782416,26.47500000024985],[127.99037221760386,26.474986945691057],[127.99037832669853,26.474888054440214],[127.99057277631266,26.474857224781147],[127.99052208782416,26.47500000024985]]],[[[127.9968111152408,26.480094162315766],[127.99679863804681,26.48023580194075],[127.99665927370654,26.48010908116919],[127.9968111152408,26.480094162315766]]],[[[127.99810610930956,26.481128612895247],[127.99800014309221,26.481056972901],[127.99810610930956,26.48096194603704],[127.99821766481341,26.48106549487676],[127.99810610930956,26.481128612895247]]],[[[127.99904221812392,26.480957495292216],[127.99894616063682,26.481147306203297],[127.99875082968708,26.48118610835229],[127.99873194572274,26.480932225242043],[127.99904221812392,26.480957495292216]]],[[[127.9992398567341,26.481458972553582],[127.99919888542024,26.48153889170652],[127.99905166010615,26.48153889170652],[127.99912360586973,26.48140638739494],[127.9992398567341,26.481458972553582]]],[[[128.00020778176383,26.481812495150564],[128.0003111147662,26.481933891935626],[128.0001163548859,26.481993359605895],[127.99999999970032,26.481898919099876],[128.00020778176383,26.481812495150564]]],[[[128.0009158368964,26.482741108115704],[128.0010255505888,26.48279472119947],[128.0009755509809,26.48295555865218],[128.00077805356443,26.482808613027146],[128.0009158368964,26.482741108115704]]],[[[128.00198138783082,26.48414333284859],[128.00173055791902,26.484267495048925],[128.00173389080646,26.484089720664144],[128.00198138783082,26.48414333284859]]],[[[128.00253277566708,26.484764161836665],[128.00272389059512,26.484820559221475],[128.002714448613,26.48508000014192],[128.0023758367755,26.484885278932552],[128.00253277566708,26.484764161836665]]],[[[128.00319999978024,26.489154440724917],[128.00317499413075,26.489250278777376],[128.0030277823064,26.48924194565933],[128.00301832683442,26.489157225025963],[128.00319999978024,26.489154440724917]]],[[[128.0039586121003,26.489250278777376],[128.00399916972594,26.489312494775845],[128.00381749678013,26.48935749505239],[128.0038427758235,26.489248613232974],[128.0039586121003,26.489250278777376]]],[[[127.95256555065964,26.432764162336298],[127.9523933331858,26.432933332907055],[127.95225221786563,26.432758332930746],[127.95256555065964,26.432764162336298]]],[[[127.95275360609412,26.43311666690073],[127.9526438906031,26.432978612872716],[127.95303250294774,26.432843053564113],[127.95312027228283,26.43295305414017],[127.95275360609412,26.43311666690073]]],[[[127.94870499404033,26.436652495416354],[127.94867360590229,26.43688944069521],[127.94847333317784,26.436976945629567],[127.94836055819326,26.436773892201415],[127.94870499404033,26.436652495416354]]],[[[127.94856252883767,26.437319531571177],[127.94843250305769,26.43750194555838],[127.94815693909152,26.437445558965408],[127.948413671254,26.43724825220511],[127.94856252883767,26.437319531571177]]],[[[127.94928778170583,26.43771638710166],[127.94889333276114,26.43761825218064],[127.94912499362363,26.437371945858672],[127.94928778170583,26.43771638710166]]],[[[127.94951666726047,26.43791389171281],[127.94939138810219,26.438100000114957],[127.94924722408018,26.437945000161676],[127.94951666726047,26.43791389171281]]],[[[127.94590693875432,26.438229721024868],[127.94570639443464,26.438342495110135],[127.94567416273253,26.438217775330145],[127.94590693875432,26.438229721024868]]],[[[127.94967639405036,26.43861638723655],[127.94951027218133,26.438455558777093],[127.95011221810444,26.438021107987822],[127.95007749707884,26.438543053818933],[127.94967639405036,26.43861638723655]]],[[[127.95024333296351,26.43903138658925],[127.9502247205944,26.439169161827408],[127.95008693906107,26.439087495291744],[127.95024333296351,26.43903138658925]]],[[[127.95941194640432,26.439251386842102],[127.95927416307222,26.43944333274368],[127.95912055796748,26.439341667084307],[127.9592802721669,26.43919500024913],[127.95941194640432,26.439251386842102]]],[[[127.95995111515185,26.439592774886705],[127.95944639403592,26.439522224870814],[127.95980693943875,26.43915833309063],[127.95995111515185,26.439592774886705]]],[[[127.93586639391901,26.44008472113302],[127.93591693941528,26.440294999714524],[127.9357663938041,26.440320278757895],[127.93573527905994,26.44010861342184],[127.93586639391901,26.44008472113302]]],[[[127.94986749728719,26.440503892440745],[127.94979527902899,26.440690278733427],[127.94968555094749,26.440594161891113],[127.94986749728719,26.440503892440745]]],[[[127.90251610873145,26.448262225021722],[127.90255389104925,26.448374721216453],[127.90239082957316,26.448360829388832],[127.90239389086548,26.448270559039145],[127.90251610873145,26.448262225021722]]],[[[127.90121111510098,26.44875389157886],[127.90118165960598,26.448877224604303],[127.90106861212678,26.448823613319178],[127.90106861212678,26.44874444060349],[127.90121111510098,26.44875389157886]]],[[[127.94432693873728,26.449293054031273],[127.94437083014975,26.449388892083732],[127.9442327761218,26.449428613339876],[127.94421722414563,26.449318333074643],[127.94432693873728,26.449293054031273]]],[[[127.94410999977674,26.449570000255335],[127.94418277561465,26.449710279206045],[127.9439602716493,26.449665278929558],[127.94410999977674,26.449570000255335]]],[[[127.89686583738853,26.450117225129873],[127.89687277565815,26.45020027931946],[127.89675055779207,26.450270829335352],[127.8967349941247,26.450121387192326],[127.89686583738853,26.450117225129873]]],[[[127.87587805392911,26.452962225026738],[127.87592805443626,26.45314000031084],[127.87570555137017,26.453049720967897],[127.87587805392911,26.452962225026738]]],[[[127.94967555138567,26.45419389243426],[127.94953191976231,26.454155828628643],[127.94955204928772,26.454036747597854],[127.9496883271546,26.45409249477285],[127.94967555138567,26.45419389243426]]],[[[127.87555527915288,26.45405416206995],[127.8756022183677,26.454138891696573],[127.8755113877404,26.454251666681103],[127.87543610908926,26.454104999845924],[127.87555527915288,26.45405416206995]]],[[[127.9489894424089,26.45431527932675],[127.94864472057748,26.45417416220789],[127.94923055784398,26.454018891558633],[127.94929027192859,26.45428416188463],[127.9489894424089,26.45431527932675]]],[[[127.87454000032085,26.454547774760044],[127.87458693863641,26.454655000028254],[127.87447444873692,26.45471444071893],[127.87439917008567,26.454587225320267],[127.87454000032085,26.454547774760044]]],[[[127.95009861226117,26.4553336131558],[127.95001999982321,26.455681107597115],[127.94974111466081,26.455565279414145],[127.94986972760591,26.455305828601183],[127.95009861226117,26.4553336131558]]],[[[127.95104805442429,26.455661387263262],[127.95091639367672,26.455864440691414],[127.95079416322017,26.455757225315722],[127.95104805442429,26.455661387263262]]],[[[127.95314111497055,26.45601110842597],[127.95304693886521,26.45613805402803],[127.95296250331694,26.455991387192796],[127.95314111497055,26.45601110842597]]],[[[127.95128691256105,26.456871225426767],[127.95106360640034,26.45588972063416],[127.95212250325096,26.456211667134767],[127.95128691256105,26.456871225426767]]],[[[127.94929944231546,26.457365278784664],[127.9491833326448,26.457458613124572],[127.94913944213158,26.45735972097441],[127.94929944231546,26.457365278784664]]],[[[127.95178778188074,26.457836197982203],[127.95117610889042,26.457695559302692],[127.95142389099988,26.457227494553308],[127.95178778188074,26.457836197982203]]],[[[127.80577066098726,26.703962999992484],[127.80727031107608,26.70396433278779],[127.80727031107608,26.70403310844125],[127.80577066098726,26.703962999992484]]],[[[127.80833333311693,26.704494585656676],[127.8111153049274,26.704497891564472],[127.8111153049274,26.704563999828792],[127.80833333311693,26.704494585656676]]],[[[127.81284394309353,26.704734693851094],[127.81277155576277,26.70476564042201],[127.81224891115835,26.703740081439662],[127.81232041535498,26.70370835965315],[127.81284394309353,26.704734693851094]]],[[[127.80737180316623,26.705294314980677],[127.80733145328395,26.705200621811287],[127.80605321718224,26.70520564002834],[127.80606494164385,26.70511932399768],[127.80737544721921,26.705154404752022],[127.80737180316623,26.705294314980677]]],[[[127.7638318547564,26.706164053828047],[127.76376447485075,26.706203748104542],[127.76350732810079,26.705862864579615],[127.7635714137898,26.70582053169221],[127.7638318547564,26.706164053828047]]],[[[127.79638075227001,26.706424721423787],[127.79644335857415,26.70634164025455],[127.80048725008658,26.705389161980293],[127.80305014344947,26.70297627913203],[127.80310647158649,26.703024495384227],[127.80053805368834,26.705444386649162],[127.79638075227001,26.706424721423787]]],[[[127.76388069963468,26.706805667047945],[127.76381399511979,26.706844864898642],[127.76345630416517,26.706347386922403],[127.76352258060263,26.706307919275105],[127.76388069963468,26.706805667047945]]],[[[127.79402230898245,26.707384747707977],[127.79010469487582,26.7080324412442],[127.79009158186102,26.707965027164335],[127.79402230898245,26.707384747707977]]],[[[127.80789866379234,26.739124359701464],[127.7981911154277,26.73670861341185],[127.79476666704807,26.734470828565918],[127.78303027242919,26.733306107590863],[127.77784306110846,26.734981666870453],[127.77632666744182,26.73396277456243],[127.76856722419814,26.73713082892465],[127.76041499395683,26.73778249476635],[127.7546683269818,26.735350279192062],[127.75238861214484,26.732921107822904],[127.75223165976331,26.729481945635314],[127.74891666697067,26.722246666850253],[127.74952583714776,26.71807694579445],[127.75179944199067,26.71387916229355],[127.7558438910828,26.709800000269865],[127.76080194615292,26.708533892425237],[127.77722805433132,26.708401108424482],[127.78633444907564,26.70993582937507],[127.79520452716724,26.70932391896372],[127.7971055509804,26.707980829152007],[127.80326138790281,26.70703610842969],[127.80372250269136,26.705036107930084],[127.81094083015523,26.70685582943304],[127.828657496946,26.709948053859648],[127.83133250339233,26.717186946120705],[127.8290195846862,26.724012386762297],[127.82502360635442,26.727090829078577],[127.8214533329051,26.728364162076446],[127.81883758818424,26.732757108353894],[127.81118625244369,26.738049891988965],[127.80789866379234,26.739124359701464]]],[[[127.73703216570198,26.36401622506878],[127.73716569434134,26.363895224884743],[127.73722632933175,26.36404533342545],[127.73703216570198,26.36401622506878]]],[[[127.70704250310905,26.437577225108896],[127.70691972766338,26.437744161763703],[127.70671916985384,26.437694162155935],[127.70658944174943,26.43747138659529],[127.70704250310905,26.437577225108896]]],[[[127.7445062783421,26.35005025191765],[127.74385791211307,26.349505973222165],[127.74408888499408,26.349481107866893],[127.74451839221013,26.349704494966545],[127.7445062783421,26.35005025191765]]],[[[127.75668619970838,26.301181305972534],[127.75580341079888,26.301063081096345],[127.75562994776396,26.30041599999845],[127.75668046742965,26.300631134919],[127.75668619970838,26.301181305972534]]],[[[127.75004671908084,26.319742440661173],[127.74986730163471,26.31963308130173],[127.75126063566984,26.317340586199123],[127.75119769122057,26.317871748282585],[127.75004671908084,26.319742440661173]]],[[[127.8152720226858,26.291666666683398],[127.81693221794751,26.292405531690008],[127.81689888457595,26.292467252161998],[127.8152720226858,26.291666666683398]]],[[[127.82589499365906,26.30245582877353],[127.82570861186298,26.30243222516708],[127.82556165994276,26.302266107794708],[127.82595805412097,26.30222833267146],[127.82589499365906,26.30245582877353]]],[[[127.79630572003305,26.25174293718686],[127.7957255898641,26.251492458909922],[127.7958051492883,26.251386865011852],[127.79630572003305,26.25174293718686]]],[[[127.81689944215555,26.27942499966406],[127.81691832701927,26.279651108112205],[127.8167525028258,26.279616945565635],[127.81689944215555,26.27942499966406]]],[[[127.81720138773392,26.279680279421427],[127.81722166025145,26.27980666744378],[127.81706778175283,26.279817495281236],[127.81710693913396,26.279684999962853],[127.81720138773392,26.279680279421427]]],[[[127.81639778233182,26.279683332619754],[127.81648944213407,26.279874161563384],[127.81640306135228,26.279985828583165],[127.8162061089248,26.27983527937471],[127.81639778233182,26.279683332619754]]],[[[127.81692360603961,26.279864440791357],[127.81690610882993,26.280115829182193],[127.81670666707907,26.280062494888284],[127.81670666707907,26.279887494912032],[127.81692360603961,26.279864440791357]]],[[[127.81766277591646,26.280037494634712],[127.81778832666998,26.280096946117226],[127.8176749941058,26.28022944143561],[127.81759389144497,26.280146945724994],[127.81766277591646,26.280037494634712]]],[[[127.81666024587366,26.280153973027495],[127.81662693858243,26.28031527902698],[127.81650444912111,26.280278612767802],[127.81655416274452,26.280126945702023],[127.81666024587366,26.280153973027495]]],[[[127.81747666661488,26.28016999984567],[127.81753610910425,26.280435000375007],[127.81731333264429,26.28055777492142],[127.81729194586671,26.280303613021374],[127.81747666661488,26.28016999984567]]],[[[127.81686555120427,26.280529162091227],[127.81684805399459,26.280694441295452],[127.81668221810992,26.28070416206748],[127.81671861187453,26.2805399998212],[127.81686555120427,26.280529162091227]]],[[[127.81680360590178,26.280902225157604],[127.81675221774071,26.28108582894788],[127.81662805374174,26.281028613180013],[127.81668610857707,26.280898612580984],[127.81680360590178,26.280902225157604]]],[[[127.81761166025001,26.2811500000725],[127.81765055772712,26.28136527888455],[127.81743082996888,26.281275279230783],[127.81761166025001,26.2811500000725]]],[[[127.81730944217713,26.281513613062828],[127.81737693899458,26.28163027941389],[127.81726888455148,26.28170055873386],[127.81718666673135,26.281632495343445],[127.81730944217713,26.281513613062828]]],[[[127.81721610873649,26.284244721017103],[127.81737333271315,26.284364161776693],[127.81722916959052,26.284635559183755],[127.81702693904208,26.284488612659402],[127.81721610873649,26.284244721017103]]],[[[127.81811722403074,26.28448027864198],[127.81825250275085,26.284600829164958],[127.81815055830168,26.28484610756186],[127.81799778237178,26.284818612588936],[127.81811722403074,26.28448027864198]]],[[[127.8174430607487,26.284776946099214],[127.81744861226366,26.285106107860656],[127.817270829785,26.284958612749847],[127.8174430607487,26.284776946099214]]],[[[127.81780666744385,26.28487916214368],[127.8179316597184,26.285103053762953],[127.81766917009622,26.285409441092895],[127.81759972804502,26.284995558698142],[127.81780666744385,26.28487916214368]]],[[[127.81760527866072,26.285534999940353],[127.81763722437847,26.285755278983004],[127.81737055830467,26.285750278752403],[127.81743861180257,26.28552249486728],[127.81760527866072,26.285534999940353]]],[[[127.3410559266897,26.134577621560027],[127.34121814460173,26.134721603918933],[127.34110909191111,26.13476420660288],[127.3410016732887,26.134683405215014],[127.3410559266897,26.134577621560027]]],[[[127.34130055757475,26.1354713866952],[127.3413330608721,26.13560666721395],[127.34113944223157,26.1356544409997],[127.34107693934936,26.135561387248288],[127.34130055757475,26.1354713866952]]],[[[127.3416205579424,26.137020000372786],[127.34130832681785,26.136554441134592],[127.3418861088569,26.136537495209268],[127.3416205579424,26.137020000372786]]],[[[127.34154888467333,26.13734138659578],[127.34134250285433,26.137245829131757],[127.34164250319907,26.137206107875613],[127.34154888467333,26.13734138659578]]],[[[127.34051165968538,26.13990277539284],[127.34068639436168,26.139716945780492],[127.34095444898867,26.139722775185987],[127.34097693923445,26.13982972076508],[127.34051165968538,26.13990277539284]]],[[[127.34436333280166,26.14059389179471],[127.34428832664503,26.14070110806972],[127.34411861198441,26.140731667032867],[127.34408832731447,26.140622224935782],[127.34436333280166,26.14059389179471]]],[[[127.34424778160985,26.14094666705512],[127.34421027178666,26.140814161844162],[127.34456333303149,26.14078027898671],[127.34464444918206,26.140870559228972],[127.34424778160985,26.14094666705512]]],[[[127.34548138795572,26.141471387294757],[127.34542194636583,26.141547495120847],[127.34528666674635,26.141547225324246],[127.34528138772589,26.1414627753868],[127.34548138795572,26.141471387294757]]],[[[127.34642165973185,26.14410333330227],[127.34641250283482,26.144281107686993],[127.34624333316333,26.144347775329607],[127.34620916971744,26.144196387053682],[127.34642165973185,26.14410333330227]]],[[[127.34491277630366,26.14649555872313],[127.3427919455919,26.1457111079813],[127.34082333323033,26.141810559409862],[127.34562499439801,26.14276055915252],[127.34491277630366,26.14649555872313]]],[[[127.34957360633689,26.146743613327146],[127.34964555120132,26.146611386906045],[127.3498705579799,26.146586107862618],[127.34990166013358,26.14671277467488],[127.34957360633689,26.146743613327146]]],[[[127.34583138790833,26.150354440804847],[127.34597722376998,26.15048722480566],[127.34588138841536,26.150538053588377],[127.34583138790833,26.150354440804847]]],[[[127.37259722378292,26.156421108147697],[127.37280861212776,26.156639162267595],[127.37261888485375,26.156661666902437],[127.37250389124165,26.156515829242153],[127.37259722378292,26.156421108147697]]],[[[127.34548416326356,26.156978053794205],[127.3453341626415,26.157099161896838],[127.34524360630746,26.156918613103585],[127.34548416326356,26.156978053794205]]],[[[127.3372374970129,26.157406667084047],[127.33730944187732,26.157466107774724],[127.33725306068027,26.157581667060356],[127.33715000017241,26.15748305369999],[127.3372374970129,26.157406667084047]]],[[[127.33682527926328,26.159226107998563],[127.33675333260032,26.159564720735318],[127.33650972784176,26.159426387018186],[127.33682527926328,26.159226107998563]]],[[[127.36271194599954,26.16175722471621],[127.36272778216153,26.161881108126693],[127.36260805361883,26.161933613245708],[127.36260277639713,26.161785000277575],[127.36271194599954,26.16175722471621]]],[[[127.36223444916061,26.162628612920173],[127.36228138837544,26.16274138700544],[127.36219693933731,26.162837494854557],[127.36211610917121,26.162780000296834],[127.36223444916061,26.162628612920173]]],[[[127.33823639379455,26.164078053859157],[127.3383802718322,26.16424166661966],[127.33813639367963,26.164334721270393],[127.33811444932246,26.16410638700023],[127.33823639379455,26.164078053859157]]],[[[127.34056583664415,26.164291667126804],[127.33742972799962,26.163584441169064],[127.33718693892615,26.16075555892195],[127.33973027203444,26.161152775080552],[127.34056583664415,26.164291667126804]]],[[[127.36273778172335,26.166400278749904],[127.36251917002369,26.166412225343947],[127.36244083008035,26.166242224698976],[127.36262527923327,26.16621694565555],[127.36273778172335,26.166400278749904]]],[[[127.34723294444484,26.16659333261623],[127.34714594043282,26.166565000374533],[127.34702683512046,26.1657980000777],[127.34710778219846,26.165787612908048],[127.34723294444484,26.16659333261623]]],[[[127.3476693386691,26.167189108290756],[127.34718739288394,26.16724689243017],[127.3471776127567,26.167179775126556],[127.34765955944113,26.16712199998034],[127.3476693386691,26.167189108290756]]],[[[127.36241972838786,26.1673033329825],[127.36218778244029,26.167384720728307],[127.3621594421046,26.167280278861824],[127.36230944182739,26.167234999795483],[127.36241972838786,26.1673033329825]]],[[[127.34144360643734,26.168860000089012],[127.34156221802198,26.169178612802796],[127.341209170267,26.16921249476087],[127.34116527885465,26.16884582857216],[127.34144360643734,26.168860000089012]]],[[[127.34124972789266,26.169468892375505],[127.3409119461295,26.169454999648565],[127.34058693923589,26.16904055877484],[127.34092138811161,26.16891333258428],[127.34124972789266,26.169468892375505]]],[[[127.34066832698181,26.169979720787524],[127.3405088852769,26.170120559116583],[127.34034944177336,26.16990333327226],[127.34066832698181,26.169979720787524]]],[[[127.34056805437228,26.171113613002888],[127.34044306119836,26.170851386882077],[127.340705836805,26.170831667447544],[127.34080888472226,26.171099721175267],[127.34056805437228,26.171113613002888]]],[[[127.34155306112496,26.172050279396956],[127.3416277821965,26.17208666686622],[127.3415305582887,26.172208333447884],[127.34146527919938,26.17208666686622],[127.34155306112496,26.172050279396956]]],[[[127.3417433333882,26.17467361259719],[127.34186527875966,26.174766667247923],[127.34178082972153,26.174876666924717],[127.34165832677047,26.174688053910586],[127.3417433333882,26.17467361259719]]],[[[127.33897389093238,26.182037495334214],[127.33886444883535,26.18193055874832],[127.33903639381458,26.1818486134228],[127.3391738911622,26.182031945617837],[127.33897389093238,26.182037495334214]]],[[[127.33900832687289,26.18319416198102],[127.33921527886207,26.18345694568154],[127.33890805426336,26.1835947209197],[127.33867693928937,26.183450829392314],[127.33900832687289,26.18319416198102]]],[[[127.37899610878344,26.196770558714377],[127.37881472092272,26.196762224696954],[127.3788586123352,26.196595558738125],[127.37900861205787,26.196657774736593],[127.37899610878344,26.196770558714377]]],[[[127.3808280538716,26.198795829264157],[127.38072194556139,26.198939720791543],[127.38065306109002,26.198809999881632],[127.3808280538716,26.198795829264157]]],[[[127.43809722440744,26.198807224573784],[127.43817221797349,26.198939720791543],[127.43793416293136,26.199000279339486],[127.43796916994131,26.198821387097382],[127.43809722440744,26.198807224573784]]],[[[127.43783166000321,26.199295559142797],[127.43787861180851,26.19941389193764],[127.4377627764311,26.199515278807098],[127.43771917010372,26.199323612594696],[127.43783166000321,26.199295559142797]]],[[[127.43915389093934,26.199760828799242],[127.43916805436231,26.19992527882863],[127.4390508304316,26.199907494735157],[127.4390352793547,26.19979472064989],[127.43915389093934,26.199760828799242]]],[[[127.43877250284879,26.20007638741538],[127.43854749696948,26.199879161594083],[127.43879444900472,26.199766386609497],[127.43891639437618,26.199944161893598],[127.43877250284879,26.20007638741538]]],[[[127.43937583732509,26.199715558726098],[127.43948527942212,26.19991305434405],[127.43933527880017,26.200037224638265],[127.439322776425,26.19978610784267],[127.43937583732509,26.199715558726098]]],[[[127.37590055776457,26.199895279243776],[127.37796749660276,26.19677305433305],[127.38027778209403,26.199075279200827],[127.37590055776457,26.199895279243776]]],[[[127.44364333267367,26.200144162123422],[127.44367166041889,26.200226387138116],[127.44354333255876,26.200330278619504],[127.44353999967132,26.200116107772203],[127.44364333267367,26.200144162123422]]],[[[127.43820360611164,26.2020119460945],[127.43831306079915,26.202119162369513],[127.43817555086105,26.202192494887754],[127.43820360611164,26.2020119460945]]],[[[127.44071389093335,26.20507805420891],[127.44082027173818,26.205193612595224],[127.44071389093335,26.205388332905272],[127.44059527934871,26.205244441377943],[127.44071389093335,26.20507805420891]]],[[[127.44116111479366,26.20642361265965],[127.44113277625672,26.206663612935415],[127.44097360614705,26.20657610800106],[127.44116111479366,26.20642361265965]]],[[[127.44289610936801,26.209086667116026],[127.44293360570146,26.209368892360544],[127.44279306055137,26.209255828693585],[127.44278666727098,26.20911777466563],[127.44289610936801,26.209086667116026]]],[[[127.4485922182563,26.209374441177545],[127.44851082961111,26.209526666722354],[127.44842639406295,26.20941110833604],[127.4485922182563,26.209374441177545]]],[[[127.45037778170934,26.21242861259043],[127.45019917005573,26.212584721407836],[127.45017082972004,26.212364721154984],[127.45037778170934,26.21242861259043]]],[[[127.45583555136966,26.217866107934583],[127.45587861180854,26.21811305367453],[127.45572639435773,26.218187495056895],[127.45567944165293,26.21800416196254],[127.45583555136966,26.217866107934583]]],[[[127.41672000032781,26.218949162373974],[127.41681055756123,26.219261666892464],[127.41664499417118,26.219245279446113],[127.41672000032781,26.218949162373974]]],[[[127.44766360619053,26.219739440722662],[127.447579169743,26.219598332597002],[127.44775111472222,26.21963222534697],[127.44766360619053,26.219739440722662]]],[[[127.41738722444097,26.219708612862235],[127.41693888542125,26.219595279398675],[127.41715778220589,26.21933000007948],[127.41738722444097,26.219708612862235]]],[[[127.45447610918518,26.22340610800552],[127.45430722369952,26.22357249517455],[127.45423389118116,26.223478053769213],[127.45447610918518,26.22340610800552]]],[[[127.37057444885181,26.224443332993474],[127.37020888523193,26.2241586130296],[127.37038693930583,26.223958054320804],[127.37070277581256,26.224240278666002],[127.37057444885181,26.224443332993474]]],[[[127.37071527908688,26.225630829299405],[127.3699274972563,26.225489721173744],[127.37002749737121,26.2248016669634],[127.37084333265375,26.224925829163737],[127.37071527908688,26.225630829299405]]],[[[127.45275306120493,26.224584441119134],[127.4472058368799,26.218558333200576],[127.44517389066255,26.21289916216665],[127.44036610870899,26.203906666559476],[127.43951027158187,26.200375558585222],[127.44417778177922,26.200499720785558],[127.446888326735,26.20302722492653],[127.44775416342395,26.20881805401001],[127.44960972830643,26.212204999760957],[127.45516499436906,26.21806722512241],[127.45517749674411,26.22135082887769],[127.45275306120493,26.224584441119134]]],[[[127.35716722358859,26.226468613435827],[127.35282194587614,26.22546138713335],[127.35448832667498,26.22145666739135],[127.35464472057743,26.216469441011952],[127.34825194557095,26.21063194610747],[127.35006832699173,26.20758416167979],[127.34915583707232,26.204915559305675],[127.34544444920198,26.201777224839134],[127.34594861183905,26.19371194644924],[127.34482306083567,26.190310000006548],[127.34779888511048,26.18588722501545],[127.3436791699578,26.183433054292095],[127.33927639409035,26.18233416189213],[127.3412408300004,26.17855333287008],[127.34209111471318,26.173617224855093],[127.34163499386,26.171078332598995],[127.34721138769544,26.16899110775347],[127.34827333324779,26.16705055873632],[127.34495000014249,26.15977916227854],[127.3467580538412,26.158830278594507],[127.34477221766383,26.154179720617662],[127.34560250325296,26.152732494708914],[127.34664583733559,26.14834916218416],[127.34927583721014,26.150396946362036],[127.3518308300288,26.155615278722166],[127.35438610883193,26.156963613380128],[127.3585763937856,26.155717494766634],[127.36327749725876,26.156704721046083],[127.3607794423175,26.1696141616643],[127.361568611802,26.1722816668655],[127.35970221818286,26.17512249480734],[127.36044610860108,26.183168332552555],[127.36431944188882,26.184516386622022],[127.36926138830245,26.189682224654973],[127.37122805363185,26.194745000381488],[127.36968724966687,26.201291413767763],[127.37388138821552,26.20213500033003],[127.37376639370416,26.20812166668162],[127.37116805356288,26.21152777518671],[127.37211277608378,26.215334721420334],[127.36659778166234,26.22225777537608],[127.35716722358859,26.226468613435827]]],[[[127.37197416267747,26.22679638664397],[127.37192166025648,26.22695110780745],[127.3715933330659,26.22707249469994],[127.37163083029861,26.226829999704762],[127.37197416267747,26.22679638664397]]],[[[127.37248778168589,26.22695638682785],[127.37261888485375,26.22712889208475],[127.37240639393997,26.22719944120132],[127.37233111528883,26.22698222524957],[127.37248778168589,26.22695638682785]]],[[[127.37282527926334,26.226877775289154],[127.3731177819601,26.227165829039848],[127.37286888469134,26.22731805368528],[127.37282527926334,26.226877775289154]]],[[[127.45266972822549,26.228153054419977],[127.45264778206956,26.228313891872688],[127.45255389104932,26.228294161646318],[127.45266972822549,26.228153054419977]]],[[[127.37343165974335,26.22836444096623],[127.3735472244249,26.228454721208493],[127.37329722368804,26.228454721208493],[127.3732941632951,26.228336107825157],[127.37343165974335,26.22836444096623]]],[[[127.4501655506997,26.22831944068969],[127.45012472057942,26.228680279271543],[127.44988722401627,26.2285536133586],[127.44982778242627,26.22831944068969],[127.4501655506997,26.22831944068969]]],[[[127.36720389144648,26.22868055896066],[127.36719861242614,26.22882694610672],[127.3670327756422,26.22867749497044],[127.36720389144648,26.22868055896066]]],[[[127.37278778203063,26.228750829287378],[127.37301277621873,26.228928612665413],[127.37280027181521,26.22900749490003],[127.37278778203063,26.228750829287378]]],[[[127.37198111533621,26.23190194581821],[127.37156527871468,26.231540829345874],[127.37211111503598,26.231451945750734],[127.37198111533621,26.23190194581821]]],[[[127.44971499395183,26.233628332981255],[127.4498183269543,26.233743892266887],[127.44973555065519,26.233780559425327],[127.44964306077873,26.23367610766627],[127.44971499395183,26.233628332981255]]],[[[127.4499433327187,26.23431110817114],[127.44970250326799,26.234150278812365],[127.4498369393234,26.233969721025858],[127.45005277571511,26.234220828828256],[127.4499433327187,26.23431110817114]]],[[[127.45140639389001,26.23432499999882],[127.4491927756261,26.2327688922706],[127.44951389115317,26.229817495381155],[127.45209555066924,26.227081666885454],[127.45140639389001,26.23432499999882]]],[[[127.454898327396,26.234412495040658],[127.4549452792013,26.234483054049747],[127.45483666717848,26.23455222540491],[127.45478583659713,26.234446386891307],[127.454898327396,26.234412495040658]]],[[[127.45317111465533,26.236152774930645],[127.45248333293955,26.23472555893744],[127.45410111527428,26.2338369460183],[127.4546902719386,26.23549861257095],[127.45317111465533,26.236152774930645]]],[[[127.3688855508276,26.236852495146593],[127.36614138831453,26.231837225207812],[127.36824805380468,26.228232225336967],[127.3721125026899,26.22766222513161],[127.37303138768846,26.23021500022213],[127.3716491701731,26.231284161934582],[127.37029221821138,26.23341110803625],[127.3688855508276,26.236852495146593]]],[[[127.36815639400243,26.23693805394811],[127.3680297280896,26.237095278824086],[127.36792666668237,26.237013332599247],[127.36815639400243,26.23693805394811]]],[[[127.3684766668647,26.238153054220106],[127.36797666718951,26.23774389236678],[127.36876416303573,26.23721666661595],[127.36900165959901,26.237944162393205],[127.3684766668647,26.238153054220106]]],[[[127.45947194567384,26.23845749541715],[127.45953778234286,26.23884694592988],[127.45939693861794,26.238781945630365],[127.4593783271481,26.238514161699243],[127.45947194567384,26.23845749541715]]],[[[127.3673827755947,26.23921944062471],[127.36753583660959,26.23930694555912],[127.36747666661495,26.23939666732241],[127.36733082985393,26.2393124952755],[127.3673827755947,26.23921944062471]]],[[[127.45998333256478,26.239753612739094],[127.45964083026013,26.239668053937578],[127.46000360598168,26.239453613293676],[127.45998333256478,26.239753612739094]]],[[[127.36774194593409,26.239563612970414],[127.3677855513622,26.23968777517075],[127.3676705577501,26.239837225407655],[127.36754805389967,26.239656666721828],[127.36774194593409,26.239563612970414]]],[[[127.36739527886914,26.239704721096075],[127.36747888524246,26.240007225153363],[127.36713888485167,26.239972225337965],[127.36739527886914,26.239704721096075]]],[[[127.36733221840723,26.2409400001809],[127.36678861240455,26.240513892402248],[127.36720138773387,26.240121946270847],[127.36733221840723,26.2409400001809]]],[[[127.45556360627552,26.241190278808347],[127.45547972830684,26.241337774818476],[127.45539861215627,26.241258891684538],[127.45556360627552,26.241190278808347]]],[[[127.45909389137,26.2411994411014],[127.45927805363931,26.241396108443723],[127.45909693917247,26.24155777507133],[127.45909389137,26.2411994411014]]],[[[127.36504416325761,26.24143666696864],[127.36515055755228,26.241746945665057],[127.36488221784009,26.242055279127896],[127.36465972826386,26.241845559025364],[127.36504416325761,26.24143666696864]]],[[[127.45748999996363,26.242330828704837],[127.45592389087494,26.241583332904554],[127.45537194635835,26.23768446786397],[127.4587605576537,26.23892277496617],[127.45748999996363,26.242330828704837]]],[[[127.45752444939387,26.24266082863437],[127.457352502616,26.242850000127476],[127.45709306079618,26.24269194607649],[127.45731499369208,26.242587495216753],[127.45752444939387,26.24266082863437]]],[[[127.40699832721111,26.246414721162523],[127.40714693927987,26.246551386637236],[127.4070358370343,26.2466066670641],[127.40699832721111,26.246414721162523]]],[[[127.4067011147647,26.246668613265967],[127.40686749743713,26.246849440849076],[127.40672333341513,26.24696222482686],[127.40661166010011,26.24671582857269],[127.4067011147647,26.246668613265967]]],[[[127.40722333309043,26.247351386657215],[127.40704639417584,26.24732999987964],[127.40692527887859,26.247136107845165],[127.4070166670856,26.247039999996048],[127.40723583726412,26.247193332606287],[127.40722333309043,26.247351386657215]]],[[[127.40602639390306,26.24846861263643],[127.40596778238728,26.248375828681617],[127.40606360605068,26.24830389191112],[127.40617306073818,26.248443332693682],[127.40602639390306,26.24846861263643]]],[[[127.56081861188954,26.250469441411667],[127.56084389093292,26.2499733331029],[127.5621413878149,26.249409999571867],[127.56232944234989,26.24986638662449],[127.56081861188954,26.250469441411667]]],[[[127.40323832738693,26.250653332984996],[127.40303805376323,26.250655000328038],[127.4030733332678,26.2505747214463],[127.40321333342865,26.250568053872655],[127.40323832738693,26.250653332984996]]],[[[127.40026055787848,26.254503891841182],[127.40008333297953,26.254787775435545],[127.39981527925181,26.25480389218592],[127.39983972822097,26.254454721408308],[127.40026055787848,26.254503891841182]]],[[[127.40315333335968,26.256604441042157],[127.40108389080899,26.255476108435687],[127.40426583699889,26.2488547212684],[127.40730693856437,26.249168054062523],[127.4054122180994,26.254465279449164],[127.40315333335968,26.256604441042157]]],[[[127.39900194588313,26.256773613411553],[127.3989727763726,26.25653166700289],[127.39934250295425,26.25651610783217],[127.39930778192866,26.25669277515152],[127.39900194588313,26.256773613411553]]],[[[127.40331583725617,26.25708389210797],[127.40329693890271,26.257213891807737],[127.40314083008525,26.25725889208428],[127.40314722426501,26.257081107806926],[127.40331583725617,26.25708389210797]]],[[[127.39984583731564,26.257303892360767],[127.3995869386863,26.25697055864441],[127.40012527915837,26.256618612558952],[127.40036472095517,26.256875279070925],[127.39984583731564,26.257303892360767]]],[[[127.40041666669583,26.25798500020767],[127.40022722360754,26.25802055940136],[127.39997888481776,26.25768694599583],[127.40035888525438,26.25762277487121],[127.40041666669583,26.25798500020767]]],[[[127.40053972812598,26.258607224943546],[127.40057111536476,26.25878777463612],[127.4003897284033,26.258765278994474],[127.40038527855779,26.258587775305614],[127.40053972812598,26.258607224943546]]],[[[127.57835613462794,26.258463999813785],[127.57806863755764,26.25892461278073],[127.57799858576618,26.258888864729386],[127.57824644611662,26.258494198148753],[127.57835613462794,26.258463999813785]]],[[[127.58508194567537,26.263063891785237],[127.57947221756888,26.262545559430066],[127.58019277597589,26.26083249482383],[127.58508194567537,26.263063891785237]]],[[[127.57813693926835,26.259141666854475],[127.5770213878269,26.262703332892556],[127.57472722358261,26.26122694556716],[127.57518472129789,26.258606386775398],[127.57813693926835,26.259141666854475]]],[[[127.55421194572477,26.2655886134238],[127.54662778214652,26.266997494938494],[127.54120583697988,26.266326946031768],[127.54257861161375,26.26387555871014],[127.54547444928642,26.265441945689304],[127.5538297275599,26.263898054351785],[127.55421194572477,26.2655886134238]]],[[[127.26843944232644,26.143568612601428],[127.26825832696034,26.143986107572857],[127.26803027237918,26.143794441360455],[127.26843944232644,26.143568612601428]]],[[[127.26851861234411,26.143966387239004],[127.26843333323177,26.14411305407424],[127.26834277599835,26.144017225014977],[127.26851861234411,26.143966387239004]]],[[[127.26843639362471,26.14452222492082],[127.26840832668302,26.1446463871211],[127.26823250292773,26.144683333069395],[127.26833639440918,26.144513891802717],[127.26843639362471,26.14452222492082]]],[[[127.26870194633784,26.1445955592377],[127.26868333306948,26.144767774912907],[127.26844917029302,26.144818332999705],[127.26850527899546,26.144663333046424],[127.26870194633784,26.1445955592377]]],[[[127.26861444859799,26.145117495176294],[127.26860527911037,26.14530944107787],[127.26837083034957,26.145266946312574],[127.26843027193956,26.14508361321822],[127.26861444859799,26.145117495176294]]],[[[127.27060749733823,26.146181108071744],[127.27058277587446,26.146453613443555],[127.27040749710841,26.146446387390938],[127.27044805383468,26.146257224891087],[127.27060749733823,26.146181108071744]]],[[[127.27128221819987,26.147114721267428],[127.27118221808496,26.147580278706926],[127.27082917032999,26.147334720620904],[127.27128221819987,26.147114721267428]]],[[[127.27007027202546,26.147650828722817],[127.26935805393111,26.147687494981938],[127.26965166009609,26.146457225120912],[127.27032610936249,26.14679305355662],[127.27007027202546,26.147650828722817]]],[[[127.2702825030351,26.147788891744028],[127.27016693925293,26.147880000261864],[127.27000472134091,26.147901946417733],[127.27004527896656,26.147760829298875],[127.2702825030351,26.147788891744028]]],[[[127.27041055840061,26.148006107695778],[127.2706136064329,26.14775222458553],[127.27068944176438,26.14792666698213],[127.27041055840061,26.148006107695778]]],[[[127.26969555060919,26.14812194577121],[127.2697172242705,26.147949721102805],[127.2698755508161,26.148088332710415],[127.26969555060919,26.14812194577121]]],[[[127.2700202724177,26.148327775406585],[127.26987027179564,26.148420829158],[127.26970165970386,26.148231946347323],[127.27003055796399,26.148201387384177],[127.2700202724177,26.148327775406585]]],[[[127.26910194589811,26.149941386685725],[127.26909250301662,26.150135829105295],[127.26897416302722,26.150121108102724],[127.2689894416095,26.149969441036944],[127.26910194589811,26.149941386685725]]],[[[127.268639441657,26.15071999992813],[127.26800832712263,26.150539441242245],[127.26863333256233,26.14977194631831],[127.26885832675043,26.15043777468361],[127.268639441657,26.15071999992813]]],[[[127.26810666708911,26.15100499958112],[127.26812082961271,26.151165828939895],[127.26800832712263,26.1511374948995],[127.26810666708911,26.15100499958112]]],[[[127.26769610858855,26.15096249492325],[127.26799277604584,26.151303891961106],[127.26787416266257,26.15169582909931],[127.26735861191048,26.1512052786008],[127.26769610858855,26.15096249492325]]],[[[127.26621861239914,26.152838333222576],[127.26596861166217,26.152818612888723],[127.26594360601268,26.152640828611425],[127.26623749726275,26.152567495193807],[127.26621861239914,26.152838333222576]]],[[[127.28909693897265,26.15296277511203],[127.28910111542416,26.153122775295913],[127.28892832688086,26.153098332621994],[127.28895333342962,26.152968332922285],[127.28909693897265,26.15296277511203]]],[[[127.28998111463682,26.15331277506459],[127.28988749701045,26.153560828769287],[127.28957527937575,26.153505559134317],[127.28980000016998,26.153292775041564],[127.28998111463682,26.15331277506459]]],[[[127.28946888508108,26.1536258290688],[127.28974138775493,26.153681387386143],[127.28954055835015,26.153955828998335],[127.28933444902566,26.153831666798055],[127.28946888508108,26.1536258290688]]],[[[127.27332805444621,26.15375527928279],[127.2732749944455,26.15397805394406],[127.27293444906559,26.154108053643824],[127.27300639393002,26.1538399999161],[127.27332805444621,26.15375527928279]]],[[[127.26878306068977,26.153790279098132],[127.26889888527535,26.15393861327641],[127.26867389108725,26.154231946047503],[127.26855832730507,26.154065279189354],[127.26878306068977,26.153790279098132]]],[[[127.29080888482224,26.154762775381812],[127.2906011153492,26.154749999612818],[127.2905091695626,26.15463582888043],[127.29061861165962,26.154497495163298],[127.29080888482224,26.154762775381812]]],[[[127.27201944194371,26.154626666587433],[127.2718944487699,26.154846945630084],[127.2717413877549,26.15472277533587],[127.27184444916202,26.154587225020464],[127.27201944194371,26.154626666587433]]],[[[127.28970306134727,26.15481055906008],[127.28888472055348,26.154364999844915],[127.28976861203193,26.154108333332942],[127.28970306134727,26.15481055906008]]],[[[127.29033722368399,26.154878332868805],[127.29034666656548,26.15504166683951],[127.29019360555048,26.155010829086564],[127.29033722368399,26.154878332868805]]],[[[127.27274722370544,26.15494555899039],[127.27262221794103,26.15515722522582],[127.27254083019523,26.15495110780745],[127.27274722370544,26.15494555899039]]],[[[127.29202083009727,26.155146386596527],[127.29207082970504,26.155315558965924],[127.29194917031805,26.155340829016097],[127.2919358369694,26.155238612971687],[127.29202083009727,26.155146386596527]]],[[[127.28947194637328,26.15547638742538],[127.28930333338224,26.155445278976515],[127.28930944157753,26.155309720567175],[127.28952805417646,26.155343613317143],[127.28947194637328,26.15547638742538]]],[[[127.28921888524337,26.155346386826352],[127.28917832671846,26.1555269464115],[127.28905944173994,26.155425558642662],[127.28921888524337,26.155346386826352]]],[[[127.28906306061185,26.155577775194217],[127.28905944173994,26.155735829245202],[127.28895333342962,26.15572722543118],[127.28906306061185,26.155577775194217]]],[[[127.27451555075208,26.155663333096413],[127.27446832735154,26.15581166727469],[127.27433416289136,26.155772224808402],[127.27442472102416,26.15564805361481],[127.27451555075208,26.155663333096413]]],[[[127.29163360630594,26.15578082862237],[127.29150555094054,26.155975558825048],[127.2913991701356,26.155857225130887],[127.29163360630594,26.15578082862237]]],[[[127.29089610916822,26.15583444080687],[127.29109083037758,26.155891107988282],[127.29107444922647,26.156077225383683],[127.29075888521447,26.156046107941563],[127.29089610916822,26.15583444080687]]],[[[127.27453416312119,26.156043053843916],[127.27455166033087,26.156191387122874],[127.27442165973184,26.156141667204224],[127.27453416312119,26.156043053843916]]],[[[127.27435861186052,26.156806667293893],[127.27259055820775,26.1572102794309],[127.2719474970794,26.1564069456241],[127.27262527923335,26.15523610835976],[127.27340277641702,26.156375559284697],[127.27435861186052,26.156806667293893]]],[[[127.29284250287924,26.15773889193639],[127.29219888507055,26.157634441076652],[127.29233639410938,26.157233892030547],[127.2928144494274,26.157324162380235],[127.29284250287924,26.15773889193639]]],[[[127.29082000044275,26.157656108442723],[127.28872221755637,26.156931945552913],[127.28991861175462,26.15540582931561],[127.29082000044275,26.157656108442723]]],[[[127.2734905583427,26.15969610808895],[127.27271277607383,26.158796386743916],[127.27387166044889,26.15855361295894],[127.2734905583427,26.15969610808895]]],[[[127.2927208300024,26.16000972057219],[127.29151360616811,26.160003332687722],[127.29224583687596,26.159030829209428],[127.2927208300024,26.16000972057219]]],[[[127.2887658373736,26.159970000215367],[127.28875972827893,26.160141946093972],[127.28862610880799,26.16015610771825],[127.28865027179268,26.159981107742],[127.2887658373736,26.159970000215367]]],[[[127.28835527887304,26.160159721194248],[127.28778194578024,26.16005444115956],[127.2880191698489,26.15962027905266],[127.28835527887304,26.160159721194248]]],[[[127.24228944240394,26.161147774850008],[127.24212055781754,26.161096946067232],[127.24222055793246,26.160995278609278],[127.24228944240394,26.161147774850008]]],[[[127.23247472093169,26.161367775102804],[127.23236221844172,26.160938892016304],[127.23266221788708,26.160820559221463],[127.23297472060699,26.161017775150242],[127.23247472093169,26.161367775102804]]],[[[127.2334997277303,26.161029162365992],[127.23354360565293,26.161254721328362],[127.2333558371023,26.161283053570116],[127.23330583659515,26.161096946067232],[127.2334997277303,26.161029162365992]]],[[[127.24232055804737,26.161649720658147],[127.24220194556335,26.161480559080587],[127.24241444906761,26.16145805444569],[127.24232055804737,26.161649720658147]]],[[[127.23917610909018,26.162095558663168],[127.23896360558604,26.16203916217762],[127.23923221779273,26.161937494719666],[127.23917610909018,26.162095558663168]]],[[[127.23334972800762,26.16216277489218],[127.23301832693426,26.161649720658147],[127.23350610931959,26.161627225016446],[127.23334972800762,26.16216277489218]]],[[[127.2934716595895,26.162430000344273],[127.29353277571704,26.16268110814667],[127.2932966668078,26.162686666856246],[127.29330610878992,26.162525829403535],[127.2934716595895,26.162430000344273]]],[[[127.24287666732437,26.16261944073466],[127.24289917016063,26.162778892332085],[127.24274277625818,26.162719721438066],[127.24287666732437,26.16261944073466]]],[[[127.29419083034259,26.162886945875925],[127.2937680536528,26.16277972060766],[127.29400639378014,26.162421667226226],[127.2942969386529,26.162641666579702],[127.29419083034259,26.162886945875925]]],[[[127.23448444939788,26.1629083326535],[127.2337936063899,26.162547494970966],[127.23401027195655,26.16220110759508],[127.23448444939788,26.1629083326535]]],[[[127.24248027224678,26.16275166715576],[127.24252389116475,26.162956666716866],[127.2424113877754,26.162965278624768],[127.24234583709074,26.16280999988163],[127.24248027224678,26.16275166715576]]],[[[127.23808221782019,26.16324138668068],[127.23796055843309,26.163055279177854],[127.2381549936581,26.163027494623236],[127.23808221782019,26.16324138668068]]],[[[127.23760389090694,26.163321667361117],[127.23759472141933,26.163218891938357],[127.2377416598498,26.16310889226162],[127.2377955508241,26.163254999718504],[127.23760389090694,26.163321667361117]]],[[[127.29559083015272,26.165795278729206],[127.2953908299229,26.16547361281704],[127.29566917009618,26.165112495445385],[127.29590055756478,26.165081386996462],[127.29573472078084,26.16569082876879],[127.29559083015272,26.165795278729206]]],[[[127.24211907933216,26.166666666933168],[127.24194805435934,26.166651667140798],[127.24198944205921,26.166473891856697],[127.24217221757385,26.166450558946167],[127.24211907933216,26.166666666933168]]],[[[127.28670111536428,26.166601666633653],[127.28670749695345,26.166680828557446],[127.28652083007228,26.166769999935582],[127.28647916987791,26.166672224743422],[127.28670111536428,26.166601666633653]]],[[[127.29698527934727,26.16675694627611],[127.2969413879348,26.166878333168597],[127.29680083019423,26.166900828810242],[127.29678194622988,26.16682166688645],[127.29687639393046,26.16674749530074],[127.29698527934727,26.16675694627611]]],[[[127.29642555119824,26.166976945629585],[127.29623499384991,26.166691945976595],[127.29668194611497,26.1664494410889],[127.29667472096162,26.16687889164757],[127.29642555119824,26.166976945629585]]],[[[127.29734472128189,26.166751386667215],[127.29739778218197,26.166951666586215],[127.29715389143905,26.167061667162272],[127.2970852785628,26.16696861341086],[127.29734472128189,26.166751386667215]]],[[[127.24206749691746,26.167294999864396],[127.2419988849407,26.16749249458303],[127.24189861233117,26.167354161765218],[127.24206749691746,26.167294999864396]]],[[[127.29724778155992,26.167541108335513],[127.29698527934727,26.167343612717616],[127.29734472128189,26.167038891831453],[127.29751027208147,26.167287225225323],[127.29724778155992,26.167541108335513]]],[[[127.24173610933406,26.167658891644578],[127.24158639379709,26.167644721027102],[127.24151444893278,26.167472494560002],[127.24168306102456,26.167427495182835],[127.24173610933406,26.167658891644578]]],[[[127.29701333279911,26.168113891942596],[127.29703832675739,26.168201386984492],[127.29688832703471,26.168328332586555],[127.29683832742694,26.168184441059168],[127.29701333279911,26.168113891942596]]],[[[127.29739778218197,26.16896833332197],[127.29745722377197,26.169409440893048],[127.29721639432125,26.169447775394588],[127.29739778218197,26.16896833332197]]],[[[127.29722583720263,26.170161667127275],[127.29702583697281,26.169921945641306],[127.29739165959745,26.16978916164055],[127.29722583720263,26.170161667127275]]],[[[127.23367805429882,26.171012495030652],[127.23333416344099,26.170840279355446],[127.23350277643203,26.17067944100347],[127.23367805429882,26.171012495030652]]],[[[127.24211444872287,26.171421387087378],[127.242242503189,26.17102361334912],[127.24254277602836,26.171026667446824],[127.24243333303195,26.17132277462639],[127.24211444872287,26.171421387087378]]],[[[127.23341527869218,26.171161946166933],[127.23350444917105,26.17134361281751],[127.2334247206744,26.171441666799524],[127.23323722371902,26.17134527926129],[127.23341527869218,26.171161946166933]]],[[[127.24292861216577,26.171629721334625],[127.24289583727318,26.171787225000458],[127.24270221773327,26.171743053898865],[127.24277722388979,26.171590829253432],[127.24292861216577,26.171629721334625]]],[[[127.29667138807417,26.171750000262364],[127.29643972811107,26.171845000146675],[127.29634749723925,26.171741945934116],[127.2965925031416,26.17165916244045],[127.29667138807417,26.171750000262364]]],[[[127.29120808038863,26.17325238698811],[127.28944197107012,26.173962333395025],[127.28941141390567,26.17389961287688],[127.29117752322418,26.173189667369286],[127.29120808038863,26.17325238698811]]],[[[127.29310444931093,26.175060559397366],[127.29053027215446,26.172539441342167],[127.28761444884776,26.166587774806032],[127.28969888489564,26.162869721160746],[127.29274444889722,26.16215833314061],[127.29329306142574,26.16287110791535],[127.29422499378848,26.163078891777502],[127.29516306132632,26.164426945846913],[127.2954908300378,26.166678892317066],[127.29668832680488,26.16711249504567],[127.2962161089863,26.172505559384092],[127.29310444931093,26.175060559397366]]],[[[127.28479306065128,26.175041107960794],[127.28481832710418,26.17528694573599],[127.28470583720468,26.175248891822946],[127.28479306065128,26.175041107960794]]],[[[127.23220250334293,26.17529416189609],[127.23225555075317,26.175632774632902],[127.23183972762138,26.175751108327063],[127.23180861197795,26.175150279361958],[127.23220250334293,26.17529416189609]]],[[[127.28540805393857,26.175687224985495],[127.28550389109171,26.1758733333877],[127.28535999956443,26.17592138686257],[127.28530027198997,26.175750828637888],[127.28540805393857,26.175687224985495]]],[[[127.28612277574553,26.175371107890385],[127.28629472072487,26.175706946218668],[127.28604472088728,26.17601722491503],[127.285807224324,26.17595805402101],[127.28612277574553,26.175371107890385]]],[[[127.23190555080055,26.17590916237799],[127.23187722395483,26.176126387322995],[127.23149916965099,26.175782224869806],[127.2315991697659,26.175708892351565],[127.23190555080055,26.17590916237799]]],[[[127.2306488849382,26.176208332648457],[127.2306144489977,26.176343613167262],[127.23051444888279,26.176301387299247],[127.23052999995957,26.17618277481523],[127.2306488849382,26.176208332648457]]],[[[127.22970805378372,26.1756552792678],[127.22926111500851,26.17632389193409],[127.22886722364353,26.176137775438065],[127.22924555134114,26.17527722496402],[127.22970805378372,26.1756552792678]]],[[[127.23135221773077,26.176422775091055],[127.2304769390596,26.176021946355775],[127.23091749714479,26.175737224593263],[127.23123333275214,26.17590361266167],[127.23135221773077,26.176422775091055]]],[[[127.23087999991208,26.176374720716865],[127.23100832687282,26.176439441327204],[127.2309549943775,26.176558053811164],[127.2307300001894,26.17639444105066],[127.23087999991208,26.176374720716865]]],[[[127.24248027224678,26.17769500012423],[127.24244888500812,26.177585828723068],[127.24255277559018,26.177516107882127],[127.24259722368299,26.17764194641876],[127.24248027224678,26.17769500012423]]],[[[127.24237083014975,26.177799999570368],[127.24224583697583,26.17803333317181],[127.24213944178189,26.177861387293262],[127.24237083014975,26.177799999570368]]],[[[127.27493888502158,26.177957495142323],[127.27486389055616,26.178236945978313],[127.27471360574839,26.178078891927385],[127.27493888502158,26.177957495142323]]],[[[127.27475111467231,26.178843332753672],[127.2738008298445,26.178626107808668],[127.27462610890791,26.177701108319525],[127.27475111467231,26.178843332753672]]],[[[127.2741869393758,26.1796008290151],[127.27354778220445,26.179393612625177],[127.27386639401891,26.179006946413494],[127.2741869393758,26.1796008290151]]],[[[127.27407277583802,26.179768612831253],[127.27401666713558,26.180341107755964],[127.27345693898656,26.179695279413693],[127.27407277583802,26.179768612831253]]],[[[127.23880055759969,26.180308054073464],[127.23889917006068,26.18042138663776],[127.23875111467225,26.18043110830905],[127.23880055759969,26.180308054073464]]],[[[127.27386639401891,26.180507494924996],[127.27296944168643,26.18027610835577],[127.27315693864182,26.17992944129071],[127.27386639401891,26.180507494924996]]],[[[127.29466250317205,26.181540279060698],[127.29467444886677,26.1817233333652],[127.29454693938976,26.181749161894345],[127.29455306107502,26.181627775001857],[127.29466250317205,26.181540279060698]]],[[[127.27426972826538,26.181934999600628],[127.27323499439956,26.181478054068975],[127.27289111523282,26.18055833270097],[127.27407722388489,26.180735829195214],[127.27426972826538,26.181934999600628]]],[[[127.23676916986142,26.18281138713587],[127.23745027231223,26.18022027934245],[127.23302138822658,26.175985279197334],[127.23394360611258,26.170050558586468],[127.23232111492757,26.168676945784455],[127.23601888526343,26.164504161637808],[127.24091749694503,26.162604162152434],[127.24199306093112,26.17345194565081],[127.24423666708856,26.175413054069224],[127.23775055774206,26.180637494624705],[127.23676916986142,26.18281138713587]]],[[[127.2945499997827,26.183072224703437],[127.29424972784273,26.183063612795536],[127.29436861192198,26.182612225074195],[127.29456250305714,26.182708332923255],[127.2945499997827,26.183072224703437]]],[[[127.27592639368822,26.183164720875197],[127.27590138803873,26.18337333301298],[127.27576693939284,26.183285828977887],[127.27592639368822,26.183164720875197]]],[[[127.31861525339127,26.18333333296698],[127.31868666675632,26.18355722458631],[127.31861861235916,26.18367889206729],[127.31848416281389,26.183359999664276],[127.31861525339127,26.18333333296698]]],[[[127.28252805422642,26.18371499984744],[127.28250499381045,26.183888613069087],[127.28232499360365,26.183825000423496],[127.28238416269903,26.183686946395483],[127.28252805422642,26.18371499984744]]],[[[127.27294250339389,26.183729441160835],[127.27191583734611,26.183650000447187],[127.27248472059341,26.18295777518125],[127.27294250339389,26.183729441160835]]],[[[127.28275639389256,26.183833613230718],[127.2828061093146,26.183875829206215],[127.2826780539491,26.18406166691244],[127.28262805434133,26.183873053898367],[127.28275639389256,26.183833613230718]]],[[[127.31513027164476,26.184423612559726],[127.3153458373406,26.184787224650734],[127.31499277609578,26.18487749500042],[127.31491749744464,26.18454472066236],[127.31513027164476,26.184423612559726]]],[[[127.31586165968793,26.185653332935033],[127.31573027233424,26.18531472109754],[127.31600610879491,26.18528082924695],[127.31586165968793,26.185653332935033]]],[[[127.3156022178681,26.18579999977021],[127.31495194597562,26.185687224785624],[127.31527861211828,26.185478332958724],[127.3156022178681,26.18546722543215],[127.3156022178681,26.18579999977021]]],[[[127.31552722430206,26.186372775283417],[127.31516472107512,26.186302225267525],[127.31510527858575,26.186101946247845],[127.31537083039962,26.185862224761934],[127.31555221826034,26.186070828805782],[127.31552722430206,26.186372775283417]]],[[[127.27660166043836,26.186504441426905],[127.27510416332655,26.18570610785065],[127.27468944186433,26.184304721285912],[127.273391388302,26.1829447206224],[127.27489082974807,26.182754720853723],[127.27487082972505,26.18433861313656],[127.27660166043836,26.186504441426905]]],[[[127.28904444914212,26.187623332950523],[127.2860858369919,26.18711416198903],[127.28248111501148,26.183080279031685],[127.28632333265568,26.176052224730427],[127.2945499997827,26.17900249476935],[127.29293131003203,26.185987108218512],[127.28904444914212,26.187623332950523]]],[[[127.292696109438,26.188414441373425],[127.29260277599735,26.18813777483848],[127.29290250294821,26.18799999960038],[127.2929555512577,26.188295828889466],[127.292696109438,26.188414441373425]]],[[[127.286773449635,26.191043279323935],[127.28661791188722,26.191309225040754],[127.28654719819474,26.191275108359605],[127.28670272425143,26.191009161743466],[127.286773449635,26.191043279323935]]],[[[127.2746447212769,26.192535278880086],[127.27445389143395,26.193076667154514],[127.27391944232852,26.192633892240394],[127.27400055757971,26.192106386800333],[127.2746447212769,26.192535278880086]]],[[[127.29148027189706,26.193130559028134],[127.2913177823898,26.19287944133322],[127.29177111534477,26.1928008288952],[127.29178055822626,26.193121946220913],[127.29148027189706,26.193130559028134]]],[[[127.2911558369724,26.193055828963395],[127.2913366672534,26.193237775303146],[127.29115832719515,26.193226387188076],[127.2911558369724,26.193055828963395]]],[[[127.29162416342444,26.193256667361368],[127.29149805419195,26.193349999902637],[127.29146693944779,26.19323944084755],[127.29162416342444,26.193256667361368]]],[[[127.29121306083414,26.19336722461776],[127.29129055811279,26.193431107959327],[127.29118360623852,26.193532494828844],[127.29110221759333,26.193421666876475],[127.29121306083414,26.19336722461776]]],[[[127.29359333336572,26.194803333107416],[127.2935899995789,26.194884720853224],[127.29334027223581,26.194972775273413],[127.29328693884122,26.194899440956476],[127.29359333336572,26.194803333107416]]],[[[127.31314083008533,26.196143613437073],[127.31322999966483,26.196231387268767],[127.31318111521637,26.196399162091723],[127.31302416283495,26.196334440582007],[127.31314083008533,26.196143613437073]]],[[[127.31374527882167,26.198129440621244],[127.31362778239634,26.197852224600524],[127.31397055809487,26.19774861280831],[127.31417055832469,26.19793472121046],[127.31374527882167,26.198129440621244]]],[[[127.32659861163665,26.19841472086273],[127.32610165976382,26.19835805368126],[127.32616722393834,26.19804499967705],[127.32652999965978,26.198064720910168],[127.32659861163665,26.19841472086273]]],[[[127.31055749693098,26.19898805395559],[127.310579728172,26.199120828963146],[127.31041000002153,26.199120828963146],[127.31040360584177,26.199010829286408],[127.31055749693098,26.19898805395559]]],[[[127.26355111529176,26.199186946220664],[127.26339472138932,26.198985829032836],[127.26382722424705,26.19902638665849],[127.26378221767527,26.199194720859737],[127.26355111529176,26.199186946220664]]],[[[127.26456250275737,26.200714720807753],[127.26429499401877,26.20049805434178],[127.26451999989808,26.200035279404688],[127.26487610894537,26.200331386584253],[127.26456250275737,26.200714720807753]]],[[[127.31616472132487,26.201500278615015],[127.31613444924551,26.201651945680794],[127.31606138832251,26.201632774832717],[127.31606138832251,26.201508612632438],[127.31616472132487,26.201500278615015]]],[[[127.3222505577171,26.20128582897786],[127.32250389134163,26.201384721128022],[127.32249749716186,26.201756946026308],[127.32231000020636,26.201756946026308],[127.3222505577171,26.20128582897786]]],[[[127.3218255507087,26.201621667306142],[127.3219333326573,26.20199222486133],[127.32165666702167,26.201915000077236],[127.32156917018108,26.201669441091894],[127.3218255507087,26.201621667306142]]],[[[127.26952749699649,26.20358944060024],[127.26942389060014,26.203726386663448],[127.26929000043322,26.20359527899899],[127.26952749699649,26.20358944060024]]],[[[127.27004610904078,26.206153612799028],[127.2699149941817,26.206362224936754],[127.26978055812629,26.206317224660268],[127.27004610904078,26.206153612799028]]],[[[127.30946888468134,26.207753333149867],[127.30948250311508,26.207851945610855],[127.30931221828428,26.207898332642003],[127.30926277625622,26.207815559040853],[127.30946888468134,26.207753333149867]]],[[[127.24486557738453,26.208230305684083],[127.24454975436777,26.20918808096519],[127.24447191984325,26.209166919018173],[127.24478775634998,26.20820913474381],[127.24486557738453,26.208230305684083]]],[[[127.24105416331906,26.20962833328099],[127.2409325030327,26.209478053869134],[127.2411555510879,26.209454441269486],[127.24105416331906,26.20962833328099]]],[[[127.24032888526995,26.209430828669838],[127.24043194577769,26.209551945765725],[127.2402444488223,26.209690278583537],[127.24019444921453,26.209597224832123],[127.24032888526995,26.209430828669838]]],[[[127.2396691695966,26.210418054050024],[127.23980055784955,26.210618333069647],[127.23971306100907,26.21068055896069],[127.23953832723203,26.210488053680763],[127.2396691695966,26.210418054050024]]],[[[127.23965055812687,26.210722774936187],[127.2394566669916,26.210827224896548],[127.23937861213335,26.210703053703014],[127.23965055812687,26.210722774936187]]],[[[127.23986000033881,26.2108158286876],[127.23967250338342,26.211007774589177],[127.23961306089416,26.21088361328816],[127.23986000033881,26.2108158286876]]],[[[127.27790749673363,26.211230828939676],[127.27802610921765,26.211374721366326],[127.27791639372663,26.211454162079974],[127.27778555136217,26.211340828616414],[127.27790749673363,26.211230828939676]]],[[[127.2976063943197,26.212091667196717],[127.29739693861791,26.21205194594063],[127.29750639420479,26.211738891936363],[127.29772832710069,26.21189972129514],[127.2976063943197,26.212091667196717]]],[[[127.23900333313736,26.21218110837151],[127.23878778183075,26.212164162446186],[127.23883805393314,26.21157722530876],[127.23921610913624,26.211896107819143],[127.23900333313736,26.21218110837151]]],[[[127.29667472096162,26.21215222484534],[127.29668221771021,26.212313332993972],[127.2966027760973,26.212315558816044],[127.2965902719236,26.21217472138636],[127.29667472096162,26.21215222484534]]],[[[127.26843944232644,26.213002225372463],[127.2684986123212,26.21323361284101],[127.26831111536569,26.21321082941631],[127.26821749684007,26.21306138727323],[127.26843944232644,26.213002225372463]]],[[[127.28091527931679,26.211506107820696],[127.27990499442001,26.21186555874857],[127.27050888487724,26.20644972087797],[127.26938861199494,26.202236387199548],[127.26559972774533,26.199580558795788],[127.26771805384521,26.196695558853037],[127.27165138810119,26.19705916195079],[127.27623250312763,26.19504638658151],[127.27439778183225,26.19178777498587],[127.27580250308313,26.18670805423335],[127.27905917034445,26.18913916184289],[127.28475869036129,26.19068863976895],[127.2871422184387,26.19328000027184],[127.29337778205911,26.194374720716837],[127.28091527931679,26.211506107820696]]],[[[127.29753778234283,26.21303944111736],[127.29733749702791,26.213321386672703],[127.29694055786047,26.212709441187826],[127.29745639369764,26.21258805429534],[127.29753778234283,26.21303944111736]]],[[[127.2688208304171,26.21342805436126],[127.26922722415713,26.21385416213991],[127.26867389108725,26.21412500016868],[127.26848944193421,26.213729999939574],[127.2688208304171,26.21342805436126]]],[[[127.2678449940513,26.21430610834028],[127.26790027178015,26.214422774691343],[127.26773916992681,26.21445777540606],[127.26770555057078,26.214300558623904],[127.2678449940513,26.21430610834028]]],[[[127.26853639373962,26.21432527918836],[127.26850277618223,26.214475558600213],[127.26836749656275,26.214418332939772],[127.26841111458134,26.214305558854505],[127.26853639373962,26.21432527918836]]],[[[127.26893639419927,26.214849720638142],[127.26847360577233,26.214824440695452],[127.26878639357722,26.2145255591073],[127.26893639419927,26.214849720638142]]],[[[127.26951472122744,26.216034440736905],[127.26863639385454,26.215946945695066],[127.26805166005613,26.215244720867247],[127.26903027172978,26.215072495299466],[127.26951472122744,26.216034440736905]]],[[[127.27042832720565,26.216628612920204],[127.27029277599092,26.216720000227895],[127.27025221836527,26.21659582903436],[127.27042832720565,26.216628612920204]]],[[[127.26801416282342,26.215476108335793],[127.26854888532284,26.216443613382125],[127.26783610874952,26.21693999958137],[127.26734527856183,26.21608805382067],[127.26801416282342,26.215476108335793]]],[[[127.2669858366271,26.217518054114976],[127.26664805396456,26.21691194612947],[127.2672888847743,26.216765279294236],[127.2674047210511,26.21725305358558],[127.2669858366271,26.217518054114976]]],[[[127.30936083023823,26.21576361260071],[127.30858499410226,26.210742774959158],[127.3098338907215,26.208860829363857],[127.31039861190652,26.204665278879588],[127.30954027196606,26.200455829373084],[127.31343277610176,26.197830279343975],[127.31711055810581,26.20463582878051],[127.3110905583826,26.20877610783117],[127.30936083023823,26.21576361260071]]],[[[127.25025027173274,26.217746386586498],[127.25034082986542,26.217819720903435],[127.2502691700862,26.21804249466544],[127.25008472093316,26.217853612754084],[127.25025027173274,26.217746386586498]]],[[[127.29545917030453,26.212996946352064],[127.29598527909741,26.217188054185385],[127.29412444868444,26.216752495431365],[127.29391944192878,26.213330558858274],[127.29545917030453,26.212996946352064]]],[[[127.28127722406475,26.21861305424909],[127.28139888525038,26.21875944139515],[127.28112389055514,26.21887777508931],[127.28107693874983,26.218731108254076],[127.28127722406475,26.21861305424909]]],[[[127.28454333330819,26.22028555943109],[127.28504111525535,26.2171413865658],[127.2884597279342,26.21897527868623],[127.28454333330819,26.22028555943109]]],[[[127.24026917028607,26.220922495276966],[127.24039111475815,26.221015558920953],[127.24025055791697,26.221060828994098],[127.24026917028607,26.220922495276966]]],[[[127.24013722355414,26.221008332868337],[127.24027555097598,26.221153891738766],[127.2400002720949,26.221418892268105],[127.239984994412,26.221103053962793],[127.24013722355414,26.221008332868337]]],[[[127.23980693943872,26.22131749460675],[127.23978610934148,26.22144194638878],[127.2396316597733,26.221503333212297],[127.23959749722678,26.221371107690516],[127.23980693943872,26.22131749460675]]],[[[127.24104444884233,26.221624721004105],[127.24116639421379,26.2217433325888],[127.24121944162403,26.22193777500837],[127.24111639370665,26.221994161601344],[127.24100389121668,26.221813612808035],[127.24104444884233,26.221624721004105]]],[[[127.23992832723059,26.221912495065624],[127.23964749683455,26.222140829335842],[127.23960360632145,26.221957495342167],[127.23992832723059,26.221912495065624]]],[[[127.30000000019993,26.222385026747645],[127.30149491625741,26.22264022466669],[127.3014811413417,26.222706829356753],[127.30000000019993,26.222385026747645]]],[[[127.33621639417129,26.22314277481928],[127.33631444905268,26.223286107867636],[127.33609693902258,26.223354162264854],[127.33607861173857,26.2232144408938],[127.33621639417129,26.22314277481928]]],[[[127.24942693880223,26.223052775165513],[127.24493888472182,26.22090916192832],[127.24096277601132,26.221276107806204],[127.2389191700837,26.214383333124374],[127.23941610936606,26.21289194600655],[127.23920861238764,26.211270278600523],[127.23978221797506,26.211299162126693],[127.23991722420055,26.210894441125618],[127.24091944217855,26.21016305398183],[127.24312111474774,26.2082944408358],[127.24810221764324,26.21252082907307],[127.24975250327543,26.215832224577525],[127.24942693880223,26.223052775165513]]],[[[127.24135389116918,26.223731945872657],[127.24095083031659,26.224132494918763],[127.24102888517496,26.22366722526226],[127.24135389116918,26.223731945872657]]],[[[127.24099138794224,26.224772775343354],[127.24105693862691,26.22489389243924],[127.24088499364757,26.22501527933173],[127.24090861164314,26.224787495446606],[127.24099138794224,26.224772775343354]]],[[[127.28295221767075,26.22524166656973],[127.2830927763107,26.225546107766718],[127.28278333308447,26.22554055894966],[127.28295221767075,26.22524166656973]]],[[[127.23861749699995,26.22660805421839],[127.23856138829751,26.22677361311179],[127.23844778233934,26.2266908287188],[127.23861749699995,26.22660805421839]]],[[[127.28309722435745,26.22703833305269],[127.28287722410471,26.2269086130421],[127.28293499385495,26.226600559268434],[127.2832177820751,26.226781667440036],[127.28309722435745,26.22703833305269]]],[[[127.28390306097754,26.22545082909255],[127.28525972785417,26.226686108177375],[127.28344055763569,26.226776386620998],[127.28390306097754,26.22545082909255]]],[[[127.28181778226485,26.227086107737705],[127.28191138820011,26.22724138738016],[127.28180832679288,26.227331666723103],[127.28169250310657,26.22725277459591],[127.28181778226485,26.227086107737705]]],[[[127.33564138833947,26.226774161698245],[127.33576333281167,26.226963054401494],[127.33535389126916,26.22749055894218],[127.33523499370006,26.227321107782927],[127.33564138833947,26.226774161698245]]],[[[127.33467861192844,26.227496107759237],[127.33239666677287,26.22680777475904],[127.33485360560951,26.225070279170097],[127.33467861192844,26.227496107759237]]],[[[127.33582583659313,26.227284440624487],[127.33571639359673,26.227640000185886],[127.33549138771741,26.22752999960983],[127.33582583659313,26.227284440624487]]],[[[127.335938327392,26.228246386961246],[127.33581639371164,26.228001107665023],[127.33613221762778,26.22763166706784],[127.33636666728796,26.22806889226564],[127.335938327392,26.228246386961246]]],[[[127.2873469392099,26.233207225433148],[127.28746888458147,26.23325527890802],[127.28747749738864,26.233450558596473],[127.2872561085826,26.23335694636603],[127.2873469392099,26.233207225433148]]],[[[127.28709055778313,26.233616387286474],[127.2871422184387,26.233948613038137],[127.2869091699223,26.233918332864846],[127.28688722376637,26.233726386963212],[127.28709055778313,26.233616387286474]]],[[[127.2867747212764,26.234891107938324],[127.28642166003169,26.23485722508093],[127.2863530606453,26.234363613290157],[127.2868466670401,26.234529999559868],[127.2867747212764,26.234891107938324]]],[[[127.30203805371332,26.23815500035306],[127.30178805387561,26.238126667211986],[127.30180666714409,26.237988332595535],[127.30207805375926,26.238021666866473],[127.30203805371332,26.23815500035306]]],[[[127.31583861186255,26.23777722483908],[127.31599805356734,26.238095828559665],[127.3158169391005,26.23821444104368],[127.31557306094805,26.237805279190354],[127.31583861186255,26.23777722483908]]],[[[127.3020036060816,26.23833833344736],[127.30186306093162,26.238394720939652],[127.30167861177858,26.238214162253826],[127.30195693936128,26.238225278773655],[127.3020036060816,26.23833833344736]]],[[[127.33294722363553,26.24016277459242],[127.33275693878181,26.24025610803301],[127.33270805433335,26.240128333256052],[127.33294722363553,26.24016277459242]]],[[[127.30756749664272,26.24198277488523],[127.30757916984282,26.242117774815483],[127.3074244486794,26.242086946055792],[127.30756749664272,26.24198277488523]]],[[[127.32873277569706,26.24215805365128],[127.32885888492967,26.24232610816341],[127.32871722372101,26.242386666711354],[127.32873277569706,26.24215805365128]]],[[[127.32420861203786,26.24444499993683],[127.32405972837387,26.244786945561145],[127.32390639396499,26.244623332800643],[127.32420861203786,26.24444499993683]]],[[[127.3253505576821,26.24456694620767],[127.32537027172077,26.244827225296262],[127.32515055835165,26.244710828741802],[127.3253505576821,26.24456694620767]]],[[[127.32069306143569,26.246826107938602],[127.3204741628524,26.246611667294644],[127.32084610896084,26.246434440597],[127.32087749709888,26.24676694603778],[127.32069306143569,26.246826107938602]]],[[[127.33374472084222,26.247753612938936],[127.33377972785217,26.247947225284292],[127.3336197276684,26.24785527859825],[127.33374472084222,26.247753612938936]]],[[[127.33399999970027,26.248197494918486],[127.33428749677057,26.24836666728794],[127.33396555116929,26.249063333406184],[127.33362472070439,26.24856138669867],[127.33399999970027,26.248197494918486]]],[[[127.30551277599386,26.24920055915851],[127.3055933327662,26.249494999894353],[127.30537389099231,26.249763053622075],[127.30509861211135,26.249683891698282],[127.30551277599386,26.24920055915851]]],[[[127.31126055812831,26.249712224839357],[127.31120639376013,26.249893054221104],[127.31106165956805,26.2497522248853],[127.31126055812831,26.249712224839357]]],[[[127.31005888490972,26.25196000025386],[127.30625778157139,26.246721387282264],[127.30819861207635,26.24337444067794],[127.30709499373904,26.240419441104393],[127.30221527861227,26.237813332619282],[127.30055527940272,26.23810527863577],[127.29870916999221,26.241184441308974],[127.29619277607583,26.242081387346218],[127.29351722374099,26.239805000000786],[127.2934922180915,26.235613332789114],[127.290598054057,26.233568332912284],[127.28684083044004,26.233021108037747],[127.28233472067086,26.233702494674446],[127.28096499383946,26.23102972124468],[127.28284027186112,26.227538053938076],[127.29146083035312,26.227120558966647],[127.29596422776694,26.223565531723978],[127.30037166032389,26.227097494953455],[127.30335749675112,26.219761108088733],[127.3076825028453,26.218528053926605],[127.30811472061794,26.222258054165934],[127.31023389118116,26.225011108276078],[127.31422805378168,26.227403054007766],[127.31094844391566,26.237361945797204],[127.31620972789665,26.239965829359562],[127.32009194558691,26.239943332818598],[127.32243693861392,26.23508027943143],[127.32170306124738,26.231701387109354],[127.32745610891232,26.23204582925166],[127.33284666684028,26.22958610791261],[127.33248722400629,26.23307555928966],[127.32902527929332,26.232469161722463],[127.32747082991489,26.235533892075523],[127.332524721239,26.24013027938895],[127.32934389110778,26.241133613425575],[127.32634166003959,26.24450777531365],[127.32419082974309,26.244369721285636],[127.31756722394834,26.246549721092833],[127.31420861223773,26.245363892129944],[127.31106472086026,26.2476036132162],[127.31005888490972,26.25196000025386]]],[[[127.21220416299184,26.57465055857648],[127.21227306095307,26.574881946045025],[127.21202527884361,26.57485361290395],[127.21194917011815,26.57469333303095],[127.21220416299184,26.57465055857648]]],[[[127.21635944183481,26.57619916236149],[127.21609916994078,26.576247224829615],[127.21573527905991,26.576089161785433],[127.21584527873665,26.575973613291694],[127.21635944183481,26.57619916236149]]],[[[127.23279347573839,26.57666312620239],[127.23270382592091,26.57701282038539],[127.23253847027422,26.5769782972107],[127.23262682236998,26.576627063388344],[127.23279347573839,26.57666312620239]]],[[[127.22305832718007,26.57704555930519],[127.22287333303791,26.576997495038427],[127.22292111491754,26.576835278925046],[127.22314306130329,26.576935558729076],[127.22305832718007,26.57704555930519]]],[[[127.24534649794259,26.59667944130325],[127.24452749704642,26.59689149514645],[127.24329185463546,26.596064413841702],[127.24367542178334,26.595508333342934],[127.24534649794259,26.59667944130325]]],[[[127.23129055841264,26.602065559278174],[127.22727917019756,26.6010527751655],[127.22331194588969,26.596734162351765],[127.21656944162646,26.592655558807053],[127.21507972814697,26.589098613310398],[127.2113855506027,26.58580666744382],[127.21057250321849,26.58046666670333],[127.20813277560717,26.575976108011048],[127.21210306120736,26.574955278563323],[127.21748444874834,26.577409162403],[127.22427693912948,26.57780416173273],[127.2346683265821,26.579953613368616],[127.23724639420584,26.57662000011294],[127.24151888528843,26.577426387118123],[127.24821111475126,26.586316946370005],[127.24589888492562,26.59251194606952],[127.24007805355939,26.600017775100298],[127.23691360637793,26.60173833285785],[127.23129055841264,26.602065559278174]]],[[[127.1422205581323,26.3537933327961],[127.14196832707671,26.354074162292818],[127.14184861202386,26.35373944092254],[127.1422205581323,26.3537933327961]]],[[[127.15347888484268,26.354115279296764],[127.15292944224007,26.35319582862462],[127.15372778211156,26.352864441041163],[127.15394111479065,26.353722494997214],[127.15347888484268,26.354115279296764]]],[[[127.14142944161551,26.358321108132657],[127.1412325026779,26.358055279327743],[127.141557782066,26.357935558878978],[127.1416702719655,26.358131108364034],[127.14142944161551,26.358321108132657]]],[[[127.13727027230527,26.3580174952113],[127.13737805425387,26.358143054058758],[127.1371572239268,26.35824944115882],[127.13714027170624,26.35805305440499],[127.13727027230527,26.3580174952113]]],[[[127.13860444893623,26.360564720585444],[127.13812999989966,26.360351108217117],[127.13806888467138,26.359872775008625],[127.13838778157094,26.3598869456261],[127.13860444893623,26.360564720585444]]],[[[127.14812108921694,26.37005949474991],[127.14776603057794,26.370866828741214],[127.14769102532057,26.370839612558143],[127.14804608306031,26.37003227856684],[127.14812108921694,26.37005949474991]]],[[[127.14766927431765,26.371104161627784],[127.14729805396212,26.371958999608182],[127.14722289222277,26.371932054121032],[127.14759411167893,26.371077225133888],[127.14766927431765,26.371104161627784]]],[[[127.13059416319015,26.372814270162507],[127.13050339821336,26.37296225180654],[127.1289030744174,26.372201143867755],[127.12898875462736,26.372043305654074],[127.13059416319015,26.372814270162507]]],[[[127.1320916863823,26.372878783928797],[127.13082000004306,26.372413622190948],[127.13088911833825,26.37229500880767],[127.1320916863823,26.372878783928797]]],[[[127.1441005575947,26.378283332609783],[127.14411805390512,26.37838027862699],[127.14400639407984,26.378508891572153],[127.14395888469483,26.378407494810062],[127.1441005575947,26.378283332609783]]],[[[127.1532213882565,26.38136305376196],[127.15318194579027,26.381575828861457],[127.15309666667792,26.381537774948413],[127.15312639376816,26.38139861295565],[127.1532213882565,26.38136305376196]]],[[[127.15377805421394,26.381601386694683],[127.1536408302602,26.38133610827481],[127.15395138774636,26.38134972131263],[127.15377805421394,26.381601386694683]]],[[[127.1534794424224,26.38160500017068],[127.15351194571974,26.38170777469412],[127.15343722374894,26.38182138694748],[127.15335583690239,26.381828613000152],[127.15338972785366,26.38163555913377],[127.1534794424224,26.38160500017068]]],[[[127.14992138806167,26.3816466666604],[127.14995722424658,26.381692225415918],[127.14983749660325,26.381853892043523],[127.14977141441932,26.38180449498151],[127.14980916975742,26.381688333150123],[127.14992138806167,26.3816466666604]]],[[[127.09940138756406,26.38176805355289],[127.09927693937937,26.381885279282244],[127.09917639427522,26.38169749544312],[127.09940138756406,26.38176805355289]]],[[[127.14685444897373,26.381985279397156],[127.14457306139775,26.37748110766705],[127.14196610934857,26.376256667211464],[127.14014749670969,26.37065972116926],[127.13774221762935,26.369677468140708],[127.13703771661744,26.36578689215139],[127.14238610893187,26.35805944139014],[127.14096306129636,26.355878053929075],[127.14654333300848,26.35186610813446],[127.15172277598538,26.355025558682655],[127.15650944185734,26.35595944077562],[127.160054993843,26.358686386667443],[127.16153722406375,26.363879720572697],[127.15351250329945,26.36113305434702],[127.14976472076535,26.363013053809425],[127.14633610942394,26.371698612600937],[127.15117333338264,26.379899720995354],[127.14685444897373,26.381985279397156]]],[[[127.10021916987887,26.3831138916928],[127.10033944161205,26.383224440855315],[127.10025527855828,26.383261946181904],[127.10021916987887,26.3831138916928]]],[[[127.10383416301624,26.38775722541567],[127.10020944191228,26.38761055858049],[127.10103138808813,26.38196416241624],[127.10422917043991,26.38331361313277],[127.10383416301624,26.38775722541567]]],[[[131.24073416305123,25.872419440904537],[131.23561499443656,25.872134720940664],[131.22628083019617,25.87033222505221],[131.22060155571728,25.86655858610993],[131.21978505763434,25.864452945846836],[131.22103138758848,25.858700828980147],[131.2172711152698,25.84796110801875],[131.2172891700592,25.83110666713901],[131.21346749742713,25.82289361304987],[131.22466399484756,25.81527841386776],[131.2335269386174,25.812606386875302],[131.24387710834196,25.81378038705526],[131.25711321690153,25.81750282939214],[131.26359771736088,25.823481864996097],[131.26744138830952,25.83007222465352],[131.26740510965817,25.838655278718193],[131.2706030610825,25.847256667261433],[131.2733041631567,25.852561946077003],[131.27144722411015,25.858481666895443],[131.2652066665545,25.866911945929587],[131.25815944230453,25.87048222477489],[131.25172861158626,25.872036107580357],[131.24073416305123,25.872419440904537]]],[[[131.18943944157706,24.4613377753181],[131.1894288853349,24.461462495098147],[131.18911861203435,24.461332775087556],[131.18943944157706,24.4613377753181]]],[[[131.19020389139655,24.461594892390394],[131.19007888473277,24.461693333080916],[131.18998610887184,24.46158582902285],[131.19013383870572,24.46151619811411],[131.19020389139655,24.461594892390394]]],[[[131.19084306115838,24.461891387177843],[131.19090944191726,24.462049999707745],[131.19070277591243,24.4619841621394],[131.19084306115838,24.461891387177843]]],[[[131.19233749697798,24.462923612834516],[131.19247778222393,24.463050278747403],[131.19247250320348,24.463223332590758],[131.19237944225756,24.463223332590758],[131.19233749697798,24.462923612834516]]],[[[131.19337666719946,24.464390279387942],[131.19344914356316,24.464523918643977],[131.193378327348,24.46458416242922],[131.19330158190257,24.46440697260374],[131.19337666719946,24.464390279387942]]],[[[131.19542124529426,24.469257198061314],[131.19532591356017,24.469505829130753],[131.1952444493719,24.469435828600638],[131.19542124529426,24.469257198061314]]],[[[131.1818655509545,24.472323333155373],[131.1808365889375,24.470953135079185],[131.1843858371367,24.463720558756847],[131.1892655513642,24.461481108366513],[131.19215296958396,24.463186359662814],[131.19511211413283,24.468311918860024],[131.19139083012283,24.471285919309764],[131.1818655509545,24.472323333155373]]],[[[131.28590194641777,25.961000279239556],[131.28399155616546,25.957814027095708],[131.28507396938824,25.94838172073986],[131.2882741628224,25.941035828940414],[131.29423610860954,25.93368610782767],[131.29910610925958,25.93036972108581],[131.3053480535699,25.928408332978222],[131.31128852084862,25.92801325181017],[131.3189066671091,25.929027775211694],[131.32314547318515,25.931903612861504],[131.3254538907845,25.93917444094774],[131.32805416266956,25.94269082881874],[131.33211333276415,25.951091946436236],[131.3308663552981,25.953185134686294],[131.32401333334872,25.95575555897193],[131.3193241629798,25.956378891672557],[131.30629499381894,25.955631386879077],[131.29274175103103,25.95872022535815],[131.28590194641777,25.961000279239556]]],[[[127.91106944200124,26.992994441440374],[127.91100111510946,26.9932080538087],[127.91079666683277,26.99307194591364],[127.91094333276862,26.992930828794783],[127.91106944200124,26.992994441440374]]],[[[127.90850472121599,26.993228053831672],[127.90836055809336,26.99343916158807],[127.90815333271019,26.993241945659292],[127.90838666721095,26.993124720829258],[127.90850472121599,26.993228053831672]]],[[[127.90967416273247,26.99312000028783],[127.90982888479527,26.993453333104867],[127.9095352786303,26.993394720689878],[127.90967416273247,26.99312000028783]]],[[[127.90907917036748,26.993520278638016],[127.90914972757798,26.993618891998324],[127.90909472144426,26.993846387201074],[127.90897416282746,26.9938511077425],[127.90895055832164,26.9936069463036],[127.90907917036748,26.993520278638016]]],[[[127.90935165955148,26.993538891906383],[127.90944888525792,26.993900279074694],[127.90928888507403,26.993914440698916],[127.90935165955148,26.993538891906383]]],[[[127.91286583688895,26.992665829164707],[127.91284194639877,26.993765558833502],[127.91206999983069,26.994067775107794],[127.91227055764023,26.992967495053904],[127.91286583688895,26.992665829164707]]],[[[127.92767250258396,26.99447261302072],[127.9256964717149,26.994533161676145],[127.92569302191544,26.994465225090096],[127.927669922429,26.994403892225876],[127.92767250258396,26.99447261302072]]],[[[127.91180360625151,26.99482527856378],[127.91089888467582,26.99456222506666],[127.91112972805456,26.99388166670559],[127.91183499438955,26.993764440976236],[127.91180360625151,26.99482527856378]]],[[[127.9223636057958,27.00041805355039],[127.92239499393384,27.000503053872876],[127.92224693944479,27.00063499970554],[127.92226555091452,27.000432774552962],[127.9223636057958,27.00041805355039]]],[[[127.92419832709118,27.000819721353082],[127.91273778242282,26.995244162088454],[127.91586861204689,26.99131305365455],[127.92069861175162,26.989248333443868],[127.92476444941985,26.993021386927524],[127.92719807962771,26.998894693735167],[127.92419832709118,27.000819721353082]]],[[[127.9243458365911,27.003004721390823],[127.92375138831596,27.00291610759234],[127.92441722387582,27.001766387308976],[127.92494832660407,27.001998891735525],[127.9243458365911,27.003004721390823]]],[[[127.94714291841103,27.01485155905226],[127.9471131913208,27.01491455925958],[127.94554846988603,27.01430594576283],[127.94557819697627,27.014242945555566],[127.94714291841103,27.01485155905226]]],[[[127.95811082975104,27.01856305394182],[127.9578388846569,27.01833361260617],[127.95804166019457,27.018208333447888],[127.9582352788351,27.01836333340117],[127.95811082975104,27.01856305394182]]],[[[127.9597849941822,27.020659720769572],[127.95979944179089,27.020876387235546],[127.9595358370093,27.020784999927855],[127.9595177822199,27.020609161783455],[127.9597849941822,27.020659720769572]]],[[[127.92625917032456,27.02727027920008],[127.9263422182189,27.027446945620113],[127.9261008302891,27.027446945620113],[127.92625917032456,27.02727027920008]]],[[[127.94123778189817,27.028902775342885],[127.94126888495111,27.029071667123787],[127.94107389124713,27.02903833285285],[127.941135837449,27.028855559136787],[127.94123778189817,27.028902775342885]]],[[[127.94162166021147,27.029243333313218],[127.94173639391954,27.029462224701945],[127.94153499434458,27.029478891837414],[127.94162166021147,27.029243333313218]]],[[[127.96655883262406,27.0292243872957],[127.96566077772275,27.030065775015544],[127.96560477334162,27.03001644090608],[127.96650282734367,27.029175054085556],[127.96655883262406,27.0292243872957]]],[[[127.96522333309042,27.030473224559728],[127.96488072556508,27.030827161744185],[127.96406992198933,27.03095919840831],[127.9640567442234,27.030892467813203],[127.96483594022652,27.03076561304266],[127.96522333309042,27.030473224559728]]],[[[127.970558910965,27.032596999651844],[127.96819369578247,27.03058819838668],[127.9682481973964,27.030537748218535],[127.970558910965,27.032596999651844]]],[[[127.97420761339072,27.031532640319142],[127.972914423362,27.03267991894313],[127.97286002606938,27.03262935995707],[127.97415321699748,27.031482081333024],[127.97420761339072,27.031532640319142]]],[[[127.97238031060294,27.032770279225076],[127.97205099865471,27.03319055939687],[127.97176238732436,27.035748135068445],[127.9716787161999,27.035760748060113],[127.97197121889667,27.033168332652508],[127.97238031060294,27.032770279225076]]],[[[128.0087791698229,27.080397495248235],[128.0087713879892,27.080559161875897],[128.00864333262382,27.08055638656805],[128.00866693892817,27.080400278650018],[128.0087791698229,27.080397495248235]]],[[[128.00869944222552,27.080801666763534],[128.00850639375517,27.080807495269767],[128.00844693867532,27.08062333300046],[128.0086233326008,27.080627495062913],[128.00869944222552,27.080801666763534]]],[[[127.99003499431956,27.08150444107713],[127.99019555118377,27.081676108165937],[127.9900994424354,27.08181805356037],[127.98991277555422,27.081640279175588],[127.99003499431956,27.08150444107713]]],[[[128.01235527897302,27.084508054403216],[128.01220472077136,27.084661387013455],[128.01209610874844,27.08449972128517],[128.01235527897302,27.084508054403216]]],[[[128.01252972766486,27.08488749456228],[128.01268693905104,27.08503638721953],[128.01250138822854,27.08508861264943],[128.01252972766486,27.08488749456228]]],[[[128.01333805360832,27.0855461076668],[128.0132877824053,27.085702495274006],[128.01310722371943,27.085699441176303],[128.01309082997784,27.08553472135037],[128.01333805360832,27.0855461076668]]],[[[127.99599389140508,27.089693333080902],[127.99609416311523,27.089993053736464],[127.99581472127238,27.08989638740843],[127.99599389140508,27.089693333080902]]],[[[128.00823832743697,27.090481387406157],[128.0080444488923,27.09041944120429],[128.0081963938486,27.090281666865508],[128.00823832743697,27.090481387406157]]],[[[128.00670472074637,27.090327224721705],[128.00670333309245,27.090495828719554],[128.0065388848617,27.09046361320526],[128.00659805395708,27.09033222495225],[128.00670472074637,27.090327224721705]]],[[[128.00942693890215,27.09048582915773],[128.00940111486966,27.090580829042096],[128.0092172241956,27.090580829042096],[128.00923888526643,27.090453612744056],[128.00942693890215,27.09048582915773]]],[[[127.996281387576,27.091513891852685],[127.99526138820261,27.09149972123521],[127.99508916982938,27.090864162251364],[127.99585917026457,27.090567494794072],[127.996281387576,27.091513891852685]]],[[[128.0124163942013,27.092195559077823],[128.01224027187106,27.092354999883412],[128.0121186115847,27.09212166718123],[128.0124163942013,27.092195559077823]]],[[[128.01203416344595,27.092457775306116],[128.01190194601804,27.092670278810374],[128.01174306099358,27.092549441403662],[128.0117783270083,27.092391667041852],[128.01203416344595,27.092457775306116]]],[[[128.01262194594608,27.093095559212713],[128.01233972789623,27.093046666670375],[128.01231389127315,27.09281638716658],[128.0125336064408,27.092825278763655],[128.01262194594608,27.093095559212713]]],[[[128.02442360616453,27.093648612593427],[128.02416389095083,27.093378333043688],[128.02438583733658,27.09319972139008],[128.02461472109258,27.093316667430315],[128.02442360616453,27.093648612593427]]],[[[128.0177908299829,27.09419361344453],[128.0178711151599,27.09431249482583],[128.01768138788577,27.09445055874636],[128.01762555077858,27.09428972129365],[128.0177908299829,27.09419361344453]]],[[[128.02970828780735,27.094818180015068],[128.02971374759147,27.09494623358188],[128.02955022026651,27.09492550510805],[128.02961154323816,27.094779153035518],[128.02970828780735,27.094818180015068]]],[[[128.02075472115348,27.094498333431375],[128.00850555109037,27.090157224975997],[128.0043088854468,27.089279440793632],[127.9956827763391,27.088873054248097],[127.99384055829523,27.08379416177121],[127.99055389144894,27.080923333345197],[127.98732138807168,27.07476416173671],[127.98226166014751,27.070502774583417],[127.96990027178015,27.06296249522302],[127.96702583707281,27.057165279154333],[127.95996972842033,27.050220000252864],[127.95441861182951,27.045942775138997],[127.95127917029754,27.045007775188708],[127.94681610927603,27.03690277464341],[127.94572499421315,27.033405559419066],[127.94120778231331,27.028548332739433],[127.93765333333477,27.02527527893102],[127.93308194627491,27.02193722482309],[127.93242749703143,27.01414000016092],[127.93411111513592,27.0107700003353],[127.9404427758135,27.005169721405593],[127.94176654998637,27.015404748230594],[127.94698722418116,27.020139721071303],[127.95604194567932,27.02238166708031],[127.9587711146952,27.0212097209519],[127.96329000023343,27.02187194573378],[127.96671555118178,27.02531805428481],[127.96670221783313,27.02909138655832],[127.96350666669935,27.029988891973858],[127.96473583668956,27.034879999712246],[127.9684736061721,27.036475279210833],[127.9725392738685,27.04028819784213],[127.97824333276367,27.041453891883634],[127.9834805580814,27.04023000001456],[127.99135832692536,27.044231386869058],[127.99574888460336,27.052067224822622],[127.99880221784815,27.061453612694095],[127.99670389087191,27.063806107865616],[127.99935693857196,27.06864194596909],[128.00117749734375,27.074751386867035],[128.00560082991444,27.079913613222743],[128.01585250319056,27.08901999987313],[128.02189749687204,27.090196386853847],[128.02075472115348,27.094498333431375]]],[[[128.03093963685478,27.101154206901185],[128.030626653897,27.101100243081817],[128.0307989361221,27.1009691803834],[128.03093963685478,27.101154206901185]]],[[[127.92122610909769,26.894946108076454],[127.92121194567483,26.895131387303707],[127.92107555089603,26.8951927750266],[127.92098778156094,26.895057495407116],[127.92122610909769,26.894946108076454]]],[[[127.92073917027653,26.89548916189534],[127.92070472084629,26.895776945849434],[127.92039944238047,26.896050278597556],[127.92035221808044,26.895528613354884],[127.92073917027653,26.89548916189534]]],[[[127.91621972805808,26.89999805416693],[127.91618055808635,26.90014694592486],[127.91593499370504,26.90007916222362],[127.91602000032287,26.89990138693952],[127.91621972805808,26.89999805416693]]],[[[127.91798944185928,26.90152361282452],[127.91753944179186,26.901436107890106],[127.91771250282977,26.90094249520007],[127.9183133326942,26.901216387326485],[127.91798944185928,26.90152361282452]]],[[[127.92220360561203,26.902494720554955],[127.92039778223193,26.902043332833614],[127.9220888853938,26.89408110775696],[127.93079861166666,26.891763332711662],[127.93249111507293,26.89493999988116],[127.92782861230069,26.895323612894458],[127.9262055509455,26.89842110824759],[127.92773416280147,26.901388891684064],[127.92220360561203,26.902494720554955]]],[[[127.91394027222589,26.90300222507267],[127.91365082992195,26.9029824948463],[127.91340832683284,26.902604441441895],[127.91390555120029,26.90264944081906],[127.91394027222589,26.90300222507267]]],[[[127.91410444886128,26.90348389206804],[127.91400277600735,26.903643892251864],[127.91389610921817,26.903995000169175],[127.91377666665994,26.90378638713213],[127.9138930614157,26.903478891837437],[127.91410444886128,26.90348389206804]]],[[[127.91080666729397,26.903876667374334],[127.91085277643458,26.90400055887875],[127.91069972801006,26.90402610771872],[127.91069333293103,26.903916108041983],[127.91080666729397,26.903876667374334]]],[[[127.91177888478774,26.904548054449208],[127.91169722364805,26.904703333192344],[127.91156499362967,26.904649721007843],[127.9116244487094,26.90453416172221],[127.91177888478774,26.904548054449208]]],[[[127.9111591700597,26.904776666609905],[127.91119693888766,26.90488666718602],[127.91107416344198,26.904915000327037],[127.91096389127063,26.904835829410047],[127.9111591700597,26.904776666609905]]],[[[127.91224138812959,26.90493749506942],[127.91223832683738,26.905070279070173],[127.91210165956397,26.904990278978232],[127.91224138812959,26.90493749506942]]],[[[127.91686277569659,26.90816805411248],[127.91692277576556,26.908326108163408],[127.91665221832523,26.90840777469907],[127.91664888543778,26.90816805411248],[127.91686277569659,26.90816805411248]]],[[[127.91773389140599,26.908979161659033],[127.91768111469173,26.909406387295007],[127.91709250301665,26.909327495167815],[127.91745138827105,26.90889555888299],[127.91773389140599,26.908979161659033]]],[[[127.93899583678854,26.909895828929393],[127.93923805389318,26.909621107628084],[127.93935778243576,26.90981305442898],[127.93899583678854,26.909895828929393]]],[[[127.93956527941418,26.909917495396144],[127.93942389070003,26.910143054358514],[127.93926333293655,26.91004999970778],[127.93956527941418,26.909917495396144]]],[[[127.91725944236941,26.91056333273167],[127.91719027191357,26.910295279003947],[127.91751416274849,26.910329161861398],[127.91725944236941,26.91056333273167]]],[[[127.93897055774505,26.910439441227254],[127.93890472107603,26.910608612697388],[127.93874722370549,26.91049861302065],[127.93876944235592,26.91037444092774],[127.93897055774505,26.910439441227254]]],[[[127.93994610902575,26.911060279208584],[127.9398580537063,26.910755278633246],[127.9400938910203,26.91071305366455],[127.94021666736535,26.910981108291537],[127.93994610902575,26.911060279208584]]],[[[127.9212105580209,26.918446108101477],[127.92138444913303,26.918565829449506],[127.92120111513941,26.91878749524676],[127.92100306104248,26.91864361271263],[127.9212105580209,26.918446108101477]]],[[[127.9584227757905,26.919256387372457],[127.95745082989197,26.919086946105722],[127.95770583715478,26.91823777475355],[127.95916555104941,26.91879361333463],[127.9584227757905,26.919256387372457]]],[[[127.91982639437265,26.920657774836513],[127.91965000044718,26.92066055913756],[127.91951166043486,26.92043222486734],[127.91984194634881,26.920496946377],[127.91982639437265,26.920657774836513]]],[[[127.91908693941082,26.92320833309816],[127.91911194595957,26.923343892406763],[127.91889805390213,26.923357775241186],[127.91894639426073,26.923201667323156],[127.91908693941082,26.92320833309816]]],[[[127.95456872936347,26.925777883242745],[127.95382262031774,26.92568280241943],[127.95385276289471,26.925590369200222],[127.95456872936347,26.925777883242745]]],[[[127.95573372193383,26.925000000249838],[127.95472693899706,26.9258089638127],[127.95558924764578,26.93116687365233],[127.95554033711687,26.931173170705335],[127.95467648523163,26.92580533324957],[127.95573372193383,26.925000000249838]]],[[[127.95905832668052,26.938353613328616],[127.95885693879677,26.93861027894127],[127.95866805418746,26.938443891772238],[127.95881277578906,26.93830000024485],[127.95905832668052,26.938353613328616]]],[[[127.97218472064844,26.9412652790694],[127.97207778226391,26.941059161651026],[127.9722758372601,26.941031108199127],[127.97235138840597,26.941225829408552],[127.97218472064844,26.9412652790694]]],[[[127.91533639415934,26.94378416230927],[127.91488639409192,26.943716386701908],[127.91512250300116,26.943304441446855],[127.91533639415934,26.94378416230927]]],[[[127.91875306070528,26.947793332796095],[127.91850138812867,26.947734161902076],[127.91849499394891,26.947293891599884],[127.91880666659449,26.9473588918994],[127.91875306070528,26.947793332796095]]],[[[127.91828749697049,26.94838277544477],[127.91829360606516,26.94789194615646],[127.91863693934329,26.947896946387004],[127.91861778198506,26.94822222487585],[127.91828749697049,26.94838277544477]]],[[[127.94711221825435,26.952648892132743],[127.94684472120696,26.952629161906373],[127.94667472056199,26.952197495418147],[127.9473041632566,26.9523583328708],[127.94711221825435,26.952648892132743]]],[[[127.94322386538909,26.953335802405434],[127.9429112844283,26.953630027303973],[127.94287874156078,26.953602242749355],[127.94319133601141,26.95330800885756],[127.94322386538909,26.953335802405434]]],[[[127.94223313894827,26.95388524320947],[127.94170077806848,26.954409774591454],[127.94164689968477,26.954335567932162],[127.94223313894827,26.95388524320947]]],[[[127.93761000040126,26.955696108188874],[127.93518277606438,26.952790000258346],[127.91969389096039,26.94790333337221],[127.91195138824605,26.93676472081529],[127.9138169392005,26.934575558715096],[127.91789944220557,26.93510138691954],[127.92212138779189,26.931208053608827],[127.91995082996687,26.926440278895825],[127.9197380539681,26.92244082918097],[127.92146083035311,26.919071666624177],[127.92747583704033,26.9170011080148],[127.93014355358218,26.91380202704198],[127.93466250297217,26.914425000013807],[127.93891832691929,26.911889721233706],[127.9445838912336,26.913373332813137],[127.95192333309546,26.913523053745962],[127.95021217864917,26.923980062929616],[127.95088225721042,26.928738703228646],[127.95436896205797,26.929875793433155],[127.95716111509341,26.935068054447186],[127.95671389123311,26.943130559327926],[127.9553394420617,26.94576805415244],[127.95069277635059,26.947915000277078],[127.94745832684032,26.9510636130953],[127.94227042843761,26.95270265810126],[127.93761000040126,26.955696108188874]]],[[[127.94609627842055,26.956137008915903],[127.94602837870673,26.956105910359554],[127.94640213964703,26.955466243272554],[127.94712888538982,26.954074152999794],[127.94715521394198,26.95408598178267],[127.94609627842055,26.956137008915903]]],[[[127.95918555107244,26.972927495407646],[127.95926555116432,26.97304749464621],[127.95921583664165,26.97320833299824],[127.95909166005208,26.973215828847458],[127.95918555107244,26.972927495407646]]],[[[127.95902250308609,26.97321694580546],[127.958806939189,26.97342861294021],[127.95871027196154,26.973210828616914],[127.95902250308609,26.97321694580546]]],[[[127.9592808297466,26.97339027933799],[127.95937333311292,26.97355972060467],[127.95926832737143,26.97367110793533],[127.95913027244421,26.973546107566847],[127.9592808297466,26.97339027933799]]],[[[127.95929610922815,26.973918891843425],[127.95916888483623,26.97392889230457],[127.95902250308609,26.973735829445047],[127.9593830610795,26.97375944114532],[127.95929610922815,26.973918891843425]]],[[[127.95901778164534,26.97563166686797],[127.95874055843012,26.97545277462592],[127.95906138797272,26.97534249526001],[127.95901778164534,26.97563166686797]]],[[[127.95958306130933,26.975596107674278],[127.95966138776294,26.975750279351985],[127.95954778180476,26.975761666567735],[127.95944805418446,26.975671945703766],[127.95958306130933,26.975596107674278]]],[[[127.95953138806317,26.975816667305423],[127.95964583668604,26.97600444125203],[127.9594974971119,26.976115558786034],[127.95934499367661,26.97596610764981],[127.95953138806317,26.975816667305423]]],[[[127.95542749738115,26.977831387008962],[127.95508666691626,26.97783944133721],[127.95505917014464,26.977631107989282],[127.9553500001025,26.977564720935163],[127.95542749738115,26.977831387008962]]],[[[127.94779333329575,26.977976387400417],[127.94457389077252,26.976644441088126],[127.94845306066031,26.97341138732571],[127.9548933333607,26.975730828814733],[127.94779333329575,26.977976387400417]]],[[[127.95299778192214,26.980766386559537],[127.95256360632538,26.980629161706474],[127.95270527922537,26.98045666724147],[127.95299778192214,26.980766386559537]]],[[[127.95151778202012,26.981836387339456],[127.95095888484468,26.98168527875265],[127.95106610921368,26.9812572248411],[127.95157944223752,26.981334440631997],[127.95151778202012,26.981836387339456]]],[[[127.95139333293605,26.98324666729991],[127.95146610877396,26.983437495344162],[127.95133306127184,26.98350805435325],[127.95120972824645,26.98329527925381],[127.95139333293605,26.98324666729991]]],[[[127.95295972800909,26.984359161945804],[127.9524199998832,26.984129720610156],[127.95288944239394,26.983921666951403],[127.95295972800909,26.984359161945804]]],[[[127.95012972790471,26.985891666966893],[127.95019972843477,26.985448892052773],[127.95064389100287,26.985606386725408],[127.95063888537629,26.98585916187085],[127.95012972790471,26.985891666966893]]],[[[126.82034444923704,26.269344441292958],[126.81973472058098,26.268650558576496],[126.82050639375518,26.268202224952745],[126.82092583665815,26.268687224835617],[126.82034444923704,26.269344441292958]]],[[[126.81042861159119,26.290872774858713],[126.81015333271023,26.290872774858713],[126.81016583688393,26.290759999874126],[126.81040027215488,26.290763332761628],[126.81042861159119,26.290872774858713]]],[[[126.81333972784626,26.29095722479616],[126.81307722383485,26.291202774788303],[126.81297693863485,26.291013613187772],[126.81333972784626,26.29095722479616]]],[[[126.81222972791966,26.29148749475212],[126.81207944221251,26.291484721242966],[126.81200749734819,26.291318333174615],[126.81220778176373,26.29127889160759],[126.81222972791966,26.29148749475212]]],[[[126.81674527877169,26.292269162092225],[126.81659805435675,26.29202305362105],[126.81696693917297,26.29178082932185],[126.81707639386059,26.291888053690798],[126.81674527877169,26.292269162092225]]],[[[126.81679194639128,26.293549161764474],[126.81655111514192,26.29355194606552],[126.81640722361453,26.293252774895677],[126.8169638913705,26.293278332728903],[126.81679194639128,26.293549161764474]]],[[[126.81719832664157,26.293698612900698],[126.81699832731101,26.29370972132665],[126.81700444899616,26.293526387332975],[126.81721416280345,26.293475829246177],[126.81719832664157,26.293698612900698]]],[[[126.8145841629289,26.2947841620595],[126.81461250326447,26.291772224608508],[126.81609472089474,26.291467775317642],[126.8155255507636,26.294082225014733],[126.8145841629289,26.2947841620595]]],[[[126.79566221843675,26.296763891840214],[126.79540944239193,26.296419721293148],[126.79599082981304,26.296391387252754],[126.79566221843675,26.296763891840214]]],[[[126.81278917008422,26.297017774950405],[126.81255138843585,26.296918891793496],[126.81274861155919,26.29659194596161],[126.81302693914199,26.29669916223662],[126.81278917008422,26.297017774950405]]],[[[126.79314832733348,26.299509720797005],[126.79313094703559,26.299723414104335],[126.79288861211978,26.299702494974213],[126.79302306076568,26.299490828738783],[126.79314832733348,26.299509720797005]]],[[[126.76539418869095,26.328859054401903],[126.76456503175086,26.329106278931704],[126.76454163408926,26.329041495368756],[126.7653708036197,26.32879427893289],[126.76539418869095,26.328859054401903]]],[[[126.7461997280351,26.333757225415695],[126.74473527920986,26.333407495259735],[126.74548639388206,26.333235559273703],[126.746520725751,26.33338319827601],[126.7461997280351,26.333757225415695]]],[[[126.74381194616444,26.33414389162732],[126.74350527914532,26.334045000376534],[126.74383722430855,26.333856107673284],[126.74381194616444,26.33414389162732]]],[[[126.74241306061435,26.334626108108466],[126.74213693906859,26.334614387244244],[126.74217552538028,26.33445819838721],[126.74241832704422,26.334376585810844],[126.74241306061435,26.334626108108466]]],[[[126.83595805412097,26.33420249504917],[126.83623027170972,26.33442527870369],[126.83596944223598,26.33482805357187],[126.83584221784417,26.334278612767832],[126.83595805412097,26.33420249504917]]],[[[126.74042306057584,26.335666387194067],[126.74042610927756,26.335401386664728],[126.74093639359978,26.33517305419315],[126.74103944241642,26.335452225339964],[126.74042306057584,26.335666387194067]]],[[[126.73929661474699,26.336284198057342],[126.73941221809946,26.335914720587937],[126.73983166010305,26.33593444092179],[126.73929661474699,26.336284198057342]]],[[[126.75833333341666,26.336209720702072],[126.75751472102763,26.335455197599345],[126.75757416261763,26.335408693656348],[126.75833333341666,26.336209720702072]]],[[[126.73767527919085,26.337276667384344],[126.73877389100232,26.336334999860412],[126.73909000000356,26.336616946315075],[126.73767527919085,26.337276667384344]]],[[[126.73648000015191,26.337660278599003],[126.73663972784118,26.33781249515056],[126.73648333303947,26.33793666724347],[126.73626111505848,26.337798332627017],[126.73648000015191,26.337660278599003]]],[[[126.7358227756007,26.338012775069558],[126.73576972819046,26.33790000008497],[126.73602639380306,26.337849162309055],[126.73602306091561,26.337993053836442],[126.7358227756007,26.338012775069558]]],[[[126.73546917026601,26.338308892141697],[126.73532527873874,26.33819889156564],[126.73565082972209,26.33812555904734],[126.73563194575775,26.338266667173002],[126.73546917026601,26.338308892141697]]],[[[126.7348372238589,26.338751667055817],[126.73447722434446,26.338675278641233],[126.73495610883742,26.338314720647872],[126.73517832681841,26.33838527875764],[126.7348372238589,26.338751667055817]]],[[[126.83314749735916,26.339549999732753],[126.83284389073299,26.339231108229114],[126.83326364480138,26.339007586231162],[126.8334352786153,26.339408891607093],[126.83314749735916,26.339549999732753]]],[[[126.85562111462275,26.3380805587708],[126.85497000006546,26.338684162144432],[126.85449111467324,26.33768582923767],[126.85562111462275,26.3380805587708]]],[[[126.82201083003588,26.339546945635107],[126.82148138835544,26.339879999662287],[126.82136610875898,26.33973944102246],[126.8218786117086,26.339397224702225],[126.82201083003588,26.339546945635107]]],[[[126.8327469393198,26.339434161657266],[126.83277832655858,26.339755829368073],[126.83244639398595,26.339798054336768],[126.83245277557523,26.33945972128913],[126.8327469393198,26.339434161657266]]],[[[126.73069999980521,26.34072555933716],[126.73046861233661,26.340175828951374],[126.73306208804502,26.33924635983169],[126.73353527893005,26.33972749532768],[126.73226805412742,26.339958612999624],[126.73069999980521,26.34072555933716]]],[[[126.86563250343738,26.34002694618664],[126.8642525027509,26.340929162251086],[126.8617269393468,26.339897225276786],[126.86217444919157,26.339225829208715],[126.86563250343738,26.34002694618664]]],[[[126.82845277637455,26.342778892332092],[126.8241630605769,26.340025829228694],[126.82251360591829,26.337244720767274],[126.82487722390488,26.335715000047287],[126.83484722412015,26.336651386752123],[126.82845277637455,26.342778892332092]]],[[[126.83894027167628,26.34365082912251],[126.83674972821746,26.340971666908956],[126.83721944232343,26.336448333323972],[126.84237027157087,26.33840582916571],[126.84259555084407,26.34138361306333],[126.83894027167628,26.34365082912251]]],[[[126.72946083025317,26.343932225192077],[126.72955555134763,26.344049441028915],[126.7295141627485,26.344149441143827],[126.72935138815615,26.344095828959382],[126.72946083025317,26.343932225192077]]],[[[126.72988027225688,26.344256667311413],[126.72996166000269,26.34358527933722],[126.73056221827187,26.343861667082308],[126.72988027225688,26.344256667311413]]],[[[126.8369027757426,26.344488332670494],[126.83653027205446,26.3444008286354],[126.83655221821039,26.344211945824668],[126.83674944223299,26.34429361325971],[126.8369027757426,26.344488332670494]]],[[[126.72883289212439,26.344951720945232],[126.72862527913344,26.344637225327745],[126.72940038861714,26.34446155895381],[126.72883289212439,26.344951720945232]]],[[[126.83689832679636,26.345696107789195],[126.83699800315537,26.34580238697066],[126.83679306115096,26.345895559432563],[126.83672438442284,26.345721135022416],[126.83689832679636,26.345696107789195]]],[[[126.83633333311684,26.345850278567525],[126.8359702723103,26.3458419463488],[126.83624241165808,26.34524727863902],[126.83658999962881,26.345238333082648],[126.83633333311684,26.345850278567525]]],[[[126.74086749743708,26.34639277480676],[126.740784162659,26.346467225182323],[126.74069166019206,26.346338053758245],[126.74076666724795,26.346304161907597],[126.74086749743708,26.34639277480676]]],[[[126.83970360633646,26.346820558921706],[126.8391206100282,26.34682472098416],[126.83893082969405,26.34617472068686],[126.83964994828659,26.346576224812964],[126.83970360633646,26.346820558921706]]],[[[126.83675221844021,26.347945829336595],[126.83594472077232,26.34755666660692],[126.836042218074,26.346453891833676],[126.83731250326946,26.347128054216398],[126.83675221844021,26.347945829336595]]],[[[126.72697916995276,26.347758891759497],[126.72702019522592,26.347965494811774],[126.72677555085102,26.347922494627483],[126.72677555085102,26.347753333049923],[126.72697916995276,26.347758891759497]]],[[[126.89796082962869,26.350341107955842],[126.89364527900648,26.350194441120607],[126.8918830610545,26.350871386905055],[126.88761778163541,26.34809333344066],[126.88797749696403,26.346629441295704],[126.8915574965813,26.349286107867613],[126.8959641629159,26.34942472127392],[126.89796082962869,26.350341107955842]]],[[[126.8995697275609,26.35148610769778],[126.9013408299154,26.350944721221936],[126.90160360642142,26.351779441368194],[126.8995697275609,26.35148610769778]]],[[[126.8299138392523,26.351249585999653],[126.82938105119467,26.35257097337177],[126.82930505758236,26.3525456943284],[126.82983783394889,26.351224306056906],[126.8299138392523,26.351249585999653]]],[[[126.70887306074326,26.355254721228448],[126.70890111509448,26.355519720858467],[126.70868194581521,26.355544999901895],[126.70872917011513,26.355265828755023],[126.70887306074326,26.355254721228448]]],[[[126.7093077822284,26.358018333379448],[126.70919936355983,26.35811594579434],[126.70909778243674,26.358103892180907],[126.70913861165764,26.357973333102905],[126.7093077822284,26.358018333379448]]],[[[126.93059639390856,26.35804055922449],[126.92990778211856,26.357713613392605],[126.93037111463525,26.357205829185716],[126.93059639390856,26.35804055922449]]],[[[126.70803416324611,26.358187774646126],[126.70812360621949,26.358298332801894],[126.7078463937961,26.358475278911044],[126.70780888487218,26.358283612698642],[126.70803416324611,26.358187774646126]]],[[[126.70833333261726,26.359790999654933],[126.70784333340316,26.35918055873583],[126.7087755508511,26.358511946069484],[126.70876639395397,26.35969361296992],[126.70833333261726,26.359790999654933]]],[[[126.70807165957945,26.360094162016026],[126.70800011671213,26.360263613175277],[126.70785555069313,26.360192775376333],[126.70807165957945,26.360094162016026]]],[[[126.70812166008659,26.360511387190797],[126.708008885102,26.360646945600138],[126.70777749673414,26.360624162175384],[126.70780861237768,26.360418333439384],[126.70812166008659,26.360511387190797]]],[[[126.77613499423467,26.391336386864793],[126.77038610863212,26.391265558958423],[126.76390583678506,26.389333891645833],[126.75889832709618,26.38920916197327],[126.75447722394483,26.387210279330986],[126.74021138804517,26.37833499956065],[126.73348999986365,26.375839162347518],[126.72734111470072,26.3745250001287],[126.71721194617442,26.374598332646997],[126.71279639363877,26.37221777503032],[126.70941083014577,26.367423613309143],[126.71206166011757,26.36162638734794],[126.70911250343931,26.354758333230563],[126.71070822270633,26.354077532052486],[126.71314000031077,26.359691594891217],[126.71731555077213,26.353274720751813],[126.72539250326145,26.348734999720534],[126.73883778243783,26.347240559404327],[126.7461740595852,26.34580146786351],[126.75107693944926,26.343084161804654],[126.75521472108255,26.33858749491702],[126.75904452718328,26.33762364021885],[126.76343000009444,26.334424441434862],[126.76475946787525,26.330745305951154],[126.76819627833561,26.329328594938772],[126.77003027207945,26.326367774952928],[126.76822138830653,26.32193889176648],[126.77615083039655,26.31436638699921],[126.77683083027864,26.30858277497515],[126.78063055765415,26.30485166677107],[126.78479916984588,26.303791667351618],[126.79354944205318,26.299781945580378],[126.79985888497959,26.293548891967816],[126.80708583694184,26.292325000098742],[126.81005333259532,26.290991107653554],[126.81355221786066,26.293599720750535],[126.81034722384538,26.297932225391946],[126.8101594418049,26.302502775182973],[126.80396832717668,26.307260559327403],[126.80528138772593,26.31035138710689],[126.80704021973042,26.319990224569267],[126.80541391721852,26.323825126228655],[126.80974472124194,26.331455559026892],[126.81553972767631,26.33529082940828],[126.8141749938809,26.33927833342841],[126.81737358022656,26.340681306397244],[126.82390944186727,26.346384161999538],[126.82148416276391,26.351166108229336],[126.81749141389764,26.352695026754134],[126.81241082979602,26.358491667256715],[126.80807221785858,26.360822225265508],[126.81063000037432,26.363364161726736],[126.80471250267988,26.3704961084087],[126.80050666664943,26.36796944063724],[126.79797499415076,26.368564162306313],[126.79339333323583,26.374734441441376],[126.79125277589492,26.379698054321807],[126.78634583739051,26.385814721272425],[126.77902944155551,26.391057224711176],[126.77613499423467,26.391336386864793]]],[[[126.82681894923519,26.591909251910522],[126.82742033667921,26.592100919022243],[126.82738894944055,26.592264252093628],[126.82676894872804,26.592213414317655],[126.82681894923519,26.591909251910522]]],[[[126.83265944158006,26.595688332650468],[126.83014250267445,26.595106946128737],[126.83020360621151,26.593761386778624],[126.8319138910133,26.59452777463713],[126.83265944158006,26.595688332650468]]],[[[128.23392111476767,27.860225279273266],[128.23395722434645,27.86033472137035],[128.23380360575186,27.860318612713854],[128.2338180542598,27.860215829197216],[128.23392111476767,27.860225279273266]]],[[[128.23485805365635,27.860368332632504],[128.23448166040032,27.86033472137035],[128.23456666701816,27.860157775261143],[128.2348127763886,27.86010805444323],[128.23485805365635,27.860368332632504]]],[[[128.22819666734233,27.879330000179436],[128.22826832712167,27.87961194573478],[128.22801832728408,27.87967472111154],[128.22797916990282,27.879375828731554],[128.22819666734233,27.879330000179436]]],[[[128.22271333265428,27.885282494991202],[128.22159527929875,27.88526249496823],[128.2175027758325,27.877788054075495],[128.22130000039476,27.873440829330832],[128.2228888848142,27.867122775395842],[128.22631306069923,27.864305559154275],[128.2340152791819,27.860363333301223],[128.2364138906886,27.86640666683428],[128.23305111511695,27.871113891992593],[128.2323616597629,27.87421277499959],[128.2275738913221,27.87802472056444],[128.22677083000985,27.88338138664176],[128.22271333265428,27.885282494991202]]],[[[128.22090221766325,27.885208053608835],[128.22103888493666,27.88533722503297],[128.2209905580679,27.885685829237673],[128.22077916972296,27.88562499999381],[128.22089527939374,27.885475829446023],[128.22090221766325,27.885208053608835]]],[[[127.7374561348928,26.103749612754484],[127.73737114086555,26.10364938690975],[127.73740583671008,26.10355480161286],[127.73752379988355,26.103600918847405],[127.7374561348928,26.103749612754484]]],[[[127.73816041467148,26.105249279031057],[127.73814182928209,26.105406467934188],[127.73800252879369,26.105383224955915],[127.73800875480026,26.10524961267953],[127.73816041467148,26.105249279031057]]],[[[127.73927591395238,26.10853545934401],[127.73933481235179,26.108678206933746],[127.73925937721856,26.10872952314901],[127.73917256835944,26.108609162383004],[127.73927591395238,26.10853545934401]]],[[[127.74752822344885,26.118148999776565],[127.74746408559918,26.11832108055347],[127.74734418888329,26.118123774692492],[127.74752822344885,26.118148999776565]]],[[[127.74930786036953,26.119311225133004],[127.7494133067787,26.119438532262507],[127.74932007765949,26.1195178290846],[127.74923055824377,26.119409494952265],[127.74930786036953,26.119311225133004]]],[[[127.76444736695248,26.123119360270323],[127.76245221829527,26.122802198162958],[127.76241600529443,26.122562413724438],[127.76444736695248,26.123119360270323]]],[[[124.6865909733948,24.636915476967715],[124.685641219167,24.638502756996672],[124.68557752288439,24.638468649308777],[124.6865909733948,24.636915476967715]]],[[[124.68951666676082,24.638693054440978],[124.68960610883494,24.63882027883284],[124.6895413882246,24.638924441010204],[124.68936527938422,24.638769441056922],[124.68951666676082,24.638693054440978]]],[[[124.7313522308209,24.63974200928635],[124.73020763937109,24.642058829251596],[124.73009364490588,24.642007468070233],[124.73117128362787,24.639659377778116],[124.7313522308209,24.63974200928635]]],[[[124.71902916976046,24.643995000369046],[124.71904972826246,24.644108332933286],[124.71888722436597,24.6441333331868],[124.71893944170199,24.64401472070284],[124.71902916976046,24.643995000369046]]],[[[124.72734099908791,24.64360025195009],[124.72723233490444,24.647636251911536],[124.72715114141215,24.64763546770274],[124.72725968868372,24.643598161925695],[124.72734099908791,24.64360025195009]]],[[[124.72860333337724,24.656937224873104],[124.7286155506672,24.65706999988066],[124.72850749712336,24.657089721113778],[124.72846444927495,24.656985279247294],[124.72860333337724,24.656937224873104]]],[[[124.67048221798007,24.657374162287795],[124.67047277599784,24.657599721250165],[124.6703402716862,24.657585829422544],[124.67035861156069,24.657382495405898],[124.67048221798007,24.657374162287795]]],[[[124.72445805409598,24.66872833334594],[124.72451666741028,24.668499999975097],[124.72468944156458,24.66859305372651],[124.72445805409598,24.66872833334594]]],[[[124.68411778201005,24.67417916203874],[124.68400972756695,24.67431582931215],[124.68395444893872,24.67419889226511],[124.68411778201005,24.67417916203874]]],[[[124.68798333256484,24.67484277537386],[124.68797000011546,24.674929720929924],[124.68782778222646,24.674915559305646],[124.68784333330325,24.67482527906344],[124.68798333256484,24.67484277537386]]],[[[124.68836250292725,24.67499972056072],[124.68838666681131,24.675096108098955],[124.68825389090443,24.675118612733854],[124.68825555105286,24.674990559167043],[124.68836250292725,24.67499972056072]]],[[[124.70762758824264,24.676929892300734],[124.70759701668908,24.67695675684888],[124.70734796383749,24.67671940507654],[124.70737844366033,24.676692811224314],[124.70762758824264,24.676929892300734]]],[[[124.710794383554,24.677349999802686],[124.70648778208556,24.67567944075364],[124.69690111519435,24.67700219779323],[124.68251583673657,24.673270828785746],[124.67289749662223,24.66521110820611],[124.67148389096883,24.662085000022785],[124.67081250299464,24.656053613083827],[124.67296389087096,24.64800694616366],[124.67539138770246,24.643300559173497],[124.68051666721044,24.64054110818563],[124.69027277626765,24.639169999995545],[124.69291472093767,24.638100558593976],[124.70818027200198,24.63814389242674],[124.71552917023507,24.641794441160584],[124.72601693893068,24.650470558869245],[124.72789333301102,24.65376889172103],[124.72825367067048,24.66034830572977],[124.72651666701063,24.666776108430724],[124.72002527864379,24.671328332736437],[124.70949722391777,24.6742697210708],[124.710794383554,24.677349999802686]]],[[[124.7047094159069,24.67679866682505],[124.70671933862661,24.677475639589147],[124.70900655021217,24.679556559287846],[124.70895202341717,24.67960489155257],[124.70667513604872,24.677535774556418],[124.7047094159069,24.67679866682505]]],[[[124.71146451427603,24.682301216428073],[124.7123399997912,24.683070973146926],[124.71227442302632,24.683128703327043],[124.71146451427603,24.682301216428073]]],[[[124.69500147903511,24.761922891628217],[124.68860924811838,24.761490162141342],[124.68307275000745,24.75898922487289],[124.68376289244361,24.757044000280416],[124.692203216905,24.75157394588092],[124.7034691959467,24.745231612948658],[124.70641635523066,24.746318666673176],[124.70406503187576,24.754325386607377],[124.70107658921324,24.754534360272544],[124.69500147903511,24.761922891628217]]],[[[123.75464666671041,24.063296945597585],[123.75472055770763,24.06341555898092],[123.75462422772603,24.06353216237943],[123.7544930607063,24.063460829054065],[123.75464666671041,24.063296945597585]]],[[[123.75221972835789,24.0635850002476],[123.75225752326617,24.063682666621844],[123.75211856002363,24.063730972806184],[123.75205999976924,24.063629999624823],[123.75221972835789,24.0635850002476]]],[[[123.75305555107286,24.06357361303185],[123.75309997398472,24.06375853163098],[123.75299163355714,24.063772586235928],[123.75291416325808,24.063641386840573],[123.75305555107286,24.06357361303185]]],[[[123.75376805425242,24.063731667082834],[123.75357955904951,24.06392266689761],[123.75345472055892,24.063771107750483],[123.75357749690397,24.063652774955642],[123.75376805425242,24.063731667082834]]],[[[123.75826564204579,24.06447241437047],[123.75823844384922,24.064535134888615],[123.75794128356347,24.06441822482128],[123.75797247744799,24.06435366698821],[123.75826564204579,24.06447241437047]]],[[[123.75882061008315,24.064672332761972],[123.75878927410577,24.064736693643567],[123.75854968931674,24.064642558906996],[123.75857958458027,24.064576081021357],[123.75882061008315,24.064672332761972]]],[[[123.76968841788619,24.06933505406954],[123.7696557715966,24.069394775348655],[123.76883070027668,24.06904419803135],[123.76886338523707,24.068980197777933],[123.76968841788619,24.06933505406954]]],[[[123.76626031106457,24.06966419784453],[123.76600199699465,24.069851108441924],[123.76595413687403,24.06979566703643],[123.76621158219882,24.069609531654635],[123.76626031106457,24.06966419784453]]],[[[123.76666666703306,24.06969169371672],[123.76790586266554,24.070604305944016],[123.76785827503943,24.070660359787837],[123.76666666703306,24.06969169371672]]],[[[123.7871194420087,24.071749161794457],[123.77668194631485,24.071425000263616],[123.76492233479803,24.066446865130786],[123.75927360579237,24.06347777497939],[123.75422888485525,24.062862225011713],[123.75478194632979,24.058838053833142],[123.7530791699678,24.053107224818632],[123.7551008297396,24.050699720815487],[123.76044082958072,24.04851222515913],[123.77489360575532,24.04682722479663],[123.78195849538827,24.04781530633136],[123.7847127761737,24.045934162031983],[123.79534944202317,24.045871946033515],[123.79893194625242,24.048993053986294],[123.80304306118842,24.048863333076383],[123.80988416262403,24.058610278941273],[123.81020360631146,24.063289721343608],[123.80704832681886,24.066448054034538],[123.79622027174821,24.070230278804388],[123.7871194420087,24.071749161794457]]],[[[123.77018841756149,24.07143486492714],[123.7686620881849,24.072292694052635],[123.76859655009082,24.072248000444915],[123.7701480290084,24.071375080695475],[123.77018841756149,24.07143486492714]]],[[[123.56437916986283,24.196390558677365],[123.56096250331689,24.195269999810705],[123.56320333326732,24.194086946155664],[123.56672138758199,24.195233332652208],[123.56437916986283,24.196390558677365]]],[[[123.56965472068885,24.196432225167086],[123.5696091700272,24.19667333340766],[123.56950055800439,24.196609441072894],[123.5695155506022,24.196442224728912],[123.56965472068885,24.196432225167086]]],[[[123.93450308724778,24.221387532408755],[123.92513583694938,24.220800829095026],[123.92078778213056,24.217451666561203],[123.92564499442096,24.21120889217667],[123.93226147938378,24.208878053579383],[123.93588917004922,24.211905828990893],[123.93661861195949,24.217321666861494],[123.93450308724778,24.221387532408755]]],[[[123.936117223731,24.228387775175747],[123.93612639411788,24.2285611078089],[123.93592666728193,24.22850610797053],[123.936117223731,24.228387775175747]]],[[[123.93743111525384,24.23426082927392],[123.93749250297674,24.23432027895774],[123.93742389099987,24.234423333170355],[123.93732639369819,24.234317224860092],[123.93743111525384,24.23426082927392]]],[[[123.93871527878719,24.234408333377928],[123.93875527883313,24.23450416243719],[123.93862472065439,24.234681387336195],[123.9385386123671,24.234613612628152],[123.93871527878719,24.234408333377928]]],[[[123.93829250299666,24.234732225112168],[123.93805861181556,24.234624999843902],[123.93834165993974,24.234345558900486],[123.93846472136988,24.234481108316572],[123.93829250299666,24.234732225112168]]],[[[123.93856944202616,24.235020278862805],[123.9384825027654,24.235184162319285],[123.93823083018867,24.23495805387114],[123.93831722356106,24.234859161720976],[123.93856944202616,24.235020278862805]]],[[[123.93820472107109,24.235031107599582],[123.9382236059347,24.235197224972012],[123.93808610858707,24.235131945882642],[123.93820472107109,24.235031107599582]]],[[[123.93949105107117,24.23769174827561],[123.93948600497527,24.237619585775292],[123.94012891142017,24.237377305718155],[123.9401575233511,24.237440305925418],[123.93949105107117,24.23769174827561]]],[[[123.94420888463242,24.238928612865266],[123.94423749656323,24.2390530538554],[123.94412250295125,24.2390530538554],[123.94406055764864,24.238977775204205],[123.94420888463242,24.238928612865266]]],[[[123.99185082975202,24.23961082867686],[123.99191555126174,24.24005082918245],[123.99161722365602,24.239881666705628],[123.99185082975202,24.23961082867686]]],[[[123.99106888542076,24.240871108015256],[123.99116166038243,24.240984999957846],[123.99114333309842,24.241188333075172],[123.99092499389337,24.241066946182684],[123.99106888542076,24.240871108015256]]],[[[123.99105416261955,24.241958891989327],[123.9911586116807,24.24209722480714],[123.99110639434468,24.242150828897707],[123.99096778183775,24.24202333291055],[123.99105416261955,24.241958891989327]]],[[[123.99094027157628,24.242588332885305],[123.9909744494114,24.242710279156086],[123.99082027233771,24.242720829103007],[123.99081722363599,24.242596666902728],[123.99094027157628,24.242588332885305]]],[[[123.95061972791814,24.242819161874877],[123.94847389065762,24.242434440896773],[123.94599194617149,24.23998972114879],[123.93895999960432,24.234656108292825],[123.93901527913192,24.23216749533367],[123.93641277602887,24.228353054150205],[123.93824333256384,24.224800829194976],[123.9416944494393,24.225802494989182],[123.94624749662478,24.230693332931025],[123.94909333289104,24.23225694640098],[123.95437527879619,24.2373874950369],[123.95446778216251,24.239639440607732],[123.95061972791814,24.242819161874877]]],[[[123.99080194595308,24.24289555928266],[123.99076221840176,24.24312638737291],[123.99061416301322,24.243028333390896],[123.99080194595308,24.24289555928266]]],[[[124.02280972768688,24.249525829053823],[124.02279555077416,24.249631666668108],[124.0226655510744,24.249578891752492],[124.0227033333922,24.24949110802828],[124.02280972768688,24.249525829053823]]],[[[124.01020111478965,24.25078944127972],[124.0101972243225,24.25099610818387],[124.01002583692286,24.251187494707153],[124.00990583678504,24.250958892438973],[124.01020111478965,24.25078944127972]]],[[[124.01905277566516,24.25107805440871],[124.01916999959587,24.251159441255254],[124.0190561085526,24.25126694621264],[124.018964162766,24.25109277541128],[124.01905277566516,24.25107805440871]]],[[[124.0214294419153,24.253187774895935],[124.02158277632418,24.253280558850747],[124.02149221819138,24.25334082871632],[124.02136466914419,24.25325669444095],[124.0214294419153,24.253187774895935]]],[[[124.00303138758852,24.25433916162308],[124.00307277618776,24.25452110796283],[124.00289583727317,24.254441667249182],[124.00303138758852,24.25433916162308]]],[[[123.99999999960039,24.255552107843528],[123.99897693893467,24.254731972902277],[123.99903172473432,24.25468161266633],[123.99999999960039,24.255552107843528]]],[[[124.00424131028831,24.253864360052205],[123.99833863791787,24.253954080916174],[123.99318082993148,24.250498053742263],[123.9910077818837,24.24725972095939],[123.9913125027698,24.244081107657053],[123.99116805366282,24.241289999633807],[123.99848306094452,24.230393053796433],[124.0013286121258,24.224153332610285],[124.00411888467886,24.221367775202737],[124.00772693864735,24.22036027910366],[124.01379666728246,24.221463613255196],[124.02686499382446,24.230266386984226],[124.02914749655974,24.23324389209199],[124.03024916966353,24.237830000154418],[124.02868944216414,24.245413332759142],[124.02427717305318,24.250044279220162],[124.02169403415246,24.247740413988993],[124.01624083035006,24.24705222488035],[124.00371380035165,24.252251134582252],[124.00424131028831,24.253864360052205]]],[[[123.88707121926143,24.26874989179413],[123.88638744492471,24.270186973350178],[123.8863118290277,24.270159467585415],[123.88699588844952,24.268720558606958],[123.88707121926143,24.26874989179413]]],[[[123.88581941603331,24.272294864616356],[123.88573627820676,24.272296774776407],[123.88565961100232,24.270048775430666],[123.8857418935736,24.270047305938476],[123.88581941603331,24.272294864616356]]],[[[123.88547972770732,24.274679161614074],[123.88542111529227,24.275192224841362],[123.88512583728766,24.275176386880787],[123.88517360567744,24.274806386905254],[123.88547972770732,24.274679161614074]]],[[[123.90705277556515,24.275294440885773],[123.90715916985982,24.27560555864966],[123.90677389130212,24.27585305387538],[123.90656832696675,24.27555082860789],[123.90705277556515,24.275294440885773]]],[[[123.69155555144755,24.280811667424587],[123.69128778190566,24.280732775297395],[123.69142944221505,24.28015972099439],[123.69182333268077,24.280371387229764],[123.69155555144755,24.280811667424587]]],[[[123.69053082973403,24.28041944070469],[123.69089666674779,24.28065666657193],[123.69091861200445,24.280930279009226],[123.69041360580331,24.28067916221363],[123.69053082973403,24.28041944070469]]],[[[123.68889403393257,24.281485801928284],[123.68890778186869,24.281697162394153],[123.68868972774885,24.28177694574947],[123.68861277635858,24.281644161748716],[123.68889403393257,24.281485801928284]]],[[[123.91044722435993,24.283453891783722],[123.91028416288384,24.283524440900294],[123.90960666671435,24.283355279322734],[123.90955138808613,24.283115279046967],[123.91016693895313,24.283194162180905],[123.91044722435993,24.283453891783722]]],[[[123.9089419463138,24.28337138707991],[123.90890499407033,24.283792775216455],[123.90855472072383,24.283612495320426],[123.9089419463138,24.28337138707991]]],[[[123.73091666687071,24.287838891651575],[123.73064306072877,24.288143613437057],[123.73038444898316,24.287934720710837],[123.73091666687071,24.287838891651575]]],[[[123.90340832693278,24.292715558975942],[123.90356861220175,24.293403891976084],[123.90294722383533,24.29361944058479],[123.90289166012212,24.29291305369452],[123.90340832693278,24.292715558975942]]],[[[123.66141888477375,24.30809361342955],[123.66119416308027,24.307636387309458],[123.66140333279759,24.307531946342294],[123.66156972806061,24.308037225037936],[123.66141888477375,24.30809361342955]]],[[[123.66326610934357,24.31079194559186],[123.66306277622618,24.311218333059685],[123.66287194638323,24.311037494684683],[123.66326610934357,24.31079194559186]]],[[[123.68449166006212,24.313038613041613],[123.68427610875551,24.31298499995785],[123.68441165997024,24.312708333422904],[123.6845441633825,24.31273944097245],[123.68449166006212,24.313038613041613]]],[[[123.90767472061191,24.312072494749884],[123.90795055797196,24.312179441228295],[123.90778082982149,24.31309027909316],[123.90736666683824,24.312785559106317],[123.90767472061191,24.312072494749884]]],[[[124.07606839224252,24.319555972929834],[124.07602306101546,24.31935249502169],[124.07626917038601,24.319335558988882],[124.07626306129134,24.319555829038336],[124.07606839224252,24.319555972929834]]],[[[123.9176636056909,24.322531387113884],[123.91738832680994,24.322756946076254],[123.91718416271897,24.32251166678003],[123.9176636056909,24.322531387113884]]],[[[123.9150586123651,24.3221830536051],[123.91577082956019,24.32266222498174],[123.91572082995242,24.32316082890918],[123.91469166019203,24.322841387020446],[123.9150586123651,24.3221830536051]]],[[[123.95665527871824,24.3282230542506],[123.95641499425665,24.328242774584453],[123.95635389071958,24.327898333341466],[123.95665527871824,24.3279999999001],[123.95665527871824,24.3282230542506]]],[[[123.95329916982087,24.330049161839383],[123.95283389117117,24.32985861258493],[123.95342499396838,24.32958916221014],[123.95329916982087,24.330049161839383]]],[[[123.95947944222257,24.33173110810418],[123.95937778195912,24.332013333348698],[123.95916527935424,24.33186666741284],[123.9592577818213,24.331561945627357],[123.95947944222257,24.33173110810418]]],[[[123.96846888463142,24.332708892401513],[123.9681188846788,24.33275555912178],[123.96814805418944,24.332558053611308],[123.96844972817246,24.332422495202024],[123.96846888463142,24.332708892401513]]],[[[123.6837505584416,24.33341082944628],[123.68328583737161,24.333393891614833],[123.68315639435218,24.332826666717324],[123.68372610857307,24.33298472076831],[123.6837505584416,24.33341082944628]]],[[[123.68520972824638,24.333546386956243],[123.68510527918534,24.33378916164054],[123.68490194606807,24.333625279083435],[123.68520972824638,24.333546386956243]]],[[[124.09298421544929,24.337985712170905],[124.09294612196607,24.33802926094171],[124.092252360658,24.337519865149716],[124.09229045414122,24.337476323573526],[124.09298421544929,24.337985712170905]]],[[[123.72979243787074,24.338373441381293],[123.73003275021131,24.33933527890008],[123.72995243805462,24.339351080887695],[123.72971469507718,24.338401946292834],[123.72979243787074,24.338373441381293]]],[[[124.08770333344216,24.34005972057969],[124.08773389060661,24.340151946055528],[124.0876599996094,24.34025638702269],[124.08757360623702,24.34021972076357],[124.08760444938594,24.340084162354287],[124.08770333344216,24.34005972057969]]],[[[124.08687138770449,24.340487775390557],[124.08340000011003,24.33936666703812],[124.08059389139498,24.336061108133663],[124.07920277598737,24.328022224845824],[124.07599583673857,24.325290559311895],[124.0766236057948,24.320611667294656],[124.08023082968907,24.313443054353513],[124.08472499376353,24.31175638664797],[124.09256333273163,24.313656387032665],[124.09775083003683,24.318720278817864],[124.10201693863087,24.320876108445702],[124.09900639422972,24.32891916188987],[124.09292016933045,24.336850161605696],[124.08687138770449,24.340487775390557]]],[[[124.0864611151884,24.34051777497541],[124.08634749663975,24.340628891610095],[124.08627055784007,24.34054138667568],[124.0864611151884,24.34051777497541]]],[[[124.08882138769695,24.340803891586404],[124.08888277631911,24.340961945637332],[124.08873805381825,24.341114440978743],[124.08861472079275,24.340896946237137],[124.08882138769695,24.340803891586404]]],[[[124.08836527943413,24.340978891562656],[124.08846583712875,24.341029721244695],[124.08842693875226,24.341136945613584],[124.08831917029352,24.34108610783767],[124.08836527943413,24.340978891562656]]],[[[124.08650861198294,24.342002495418853],[124.08624917016311,24.34194138738519],[124.08644306129827,24.341738054267864],[124.08664027183113,24.341868053967573],[124.08650861198294,24.342002495418853]]],[[[124.08724416298776,24.34229972135512],[124.08713138800317,24.342433613320622],[124.08672027192313,24.342274161723253],[124.0870900003033,24.342127774577193],[124.08724416298776,24.34229972135512]]],[[[124.03343306108695,24.342525559107344],[124.03339306104101,24.342751386966995],[124.03315499430755,24.342651667440578],[124.03326360633048,24.342480279141625],[124.03343306108695,24.342525559107344]]],[[[123.96752832687082,24.343555828738545],[123.96761499363708,24.343788333165094],[123.96731194638926,24.343824162155386],[123.96737055790504,24.34360833295824],[123.96752832687082,24.343555828738545]]],[[[123.99166666658346,24.34200274812838],[123.99539360642984,24.345459108051443],[123.995341219122,24.345510468333487],[123.99166666658346,24.34200274812838]]],[[[123.69795477279456,24.345874414073023],[123.69759144039267,24.345552748160856],[123.69861763879305,24.34552202731976],[123.69840491585421,24.345944748251554],[123.69795477279456,24.345874414073023]]],[[[123.995674163432,24.346636747787727],[123.99529522689329,24.346959359786695],[123.99354924799945,24.347237000287407],[123.99353766473155,24.34717208092684],[123.99525389135408,24.34689738660518],[123.995674163432,24.346636747787727]]],[[[123.9356719460036,24.34672444068042],[123.93289360565541,24.34389666729743],[123.93550000012499,24.343273892176455],[123.9356719460036,24.34672444068042]]],[[[124.02780639424975,24.35338610758282],[124.02778333293452,24.353643332573768],[124.02756610888889,24.353522495167056],[124.02780639424975,24.35338610758282]]],[[[123.97438749658579,24.354797224812103],[123.97257693917447,24.354760558552982],[123.96473610908424,24.35132749466817],[123.96351221811449,24.348400829135016],[123.96918861206484,24.34316055871284],[123.96868944156449,24.338407225313233],[123.95877416329711,24.335591667421568],[123.95385972804411,24.336579441388153],[123.95169444923954,24.332964441056163],[123.96073277609685,24.33419777490741],[123.96300027184509,24.33270333279262],[123.96702083044704,24.33284861287325],[123.97069749729178,24.33257777484448],[123.98333027227432,24.33104110776094],[123.98844444875238,24.328917495446092],[123.98892666703216,24.324523333285242],[123.99363639410433,24.323514999917336],[123.99665555131276,24.32535305410022],[124.00264778176972,24.326837225057943],[124.00369639397343,24.329476666914672],[124.00242639386306,24.332729720700115],[123.99954111513046,24.334986386812375],[123.99493778235285,24.33613333268721],[123.98967472131142,24.340918333014713],[123.99231444915256,24.346766946237608],[123.98363832694724,24.35213027898925],[123.97438749658579,24.354797224812103]]],[[[124.04010472125594,24.354020000122944],[124.04046250304214,24.355486946365545],[124.03983972792116,24.35523916155813],[124.04010472125594,24.354020000122944]]],[[[124.03872888532987,24.356623333300263],[124.03876277628115,24.35684082894113],[124.03865221812543,24.356883053909883],[124.0386152793717,24.356702495224],[124.03872888532987,24.356623333300263]]],[[[123.7491687549342,24.357818945987617],[123.74810269768136,24.357696532069326],[123.74681155630833,24.357791558933343],[123.74680616127534,24.357725305878205],[123.7481095846897,24.357628558611168],[123.7491687549342,24.357818945987617]]],[[[124.04009639443314,24.357935829075302],[124.04018888520898,24.35809972062566],[124.03998250338987,24.3581899999686],[124.03992693877728,24.358034721225465],[124.04009639443314,24.357935829075302]]],[[[124.04116499406928,24.358960558882757],[124.04130055787448,24.35935861320951],[124.04103888483678,24.35931610765232],[124.04116499406928,24.358960558882757]]],[[[123.94011277578409,24.359315828862464],[123.94013165974832,24.35941277487973],[123.93999610943297,24.359432495213525],[123.9399900003383,24.359342224863838],[123.94011277578409,24.359315828862464]]],[[[124.03896944228597,24.36030389241074],[124.0391402721059,24.360577225158863],[124.0387908297331,24.360597225181834],[124.03896944228597,24.36030389241074]]],[[[123.94350055790449,24.36446972120075],[123.94346666695321,24.364664721199972],[123.94321722379595,24.36472389209399],[123.9432572238419,24.364506667149044],[123.94350055790449,24.36446972120075]]],[[[123.71896291780445,24.364573802439054],[123.71893499385499,24.364776667009608],[123.71875686064072,24.36468222470495],[123.71896291780445,24.364573802439054]]],[[[123.94306972778577,24.364684440634505],[123.9431436061925,24.364850828702856],[123.94292194579123,24.364955278663217],[123.94286944157159,24.364887494961977],[123.94306972778577,24.364684440634505]]],[[[123.94273722414368,24.36478610809246],[123.94271555138164,24.364963892369815],[123.9423397282959,24.364884720553448],[123.94235221808049,24.36477194556886],[123.94273722414368,24.36478610809246]]],[[[123.73125138824105,24.363013332998946],[123.72420972809653,24.36450361305134],[123.72411082965118,24.35918110772201],[123.72693861202742,24.357216667315413],[123.73029891086605,24.352792748386662],[123.74193769127146,24.34579189228208],[123.74460138784389,24.34808416165481],[123.74386221796703,24.354044440998223],[123.73943888539634,24.358339720901427],[123.73577389085244,24.358909721106784],[123.73125138824105,24.363013332998946]]],[[[123.93915693944132,24.365870278590535],[123.93907444912657,24.365944162393248],[123.93890888483725,24.36592999986965],[123.9391030610575,24.36578889174399],[123.93929389090044,24.365766108319292],[123.9393186123641,24.365862225161607],[123.93915693944132,24.365870278590535]]],[[[123.99946972784574,24.36684555917526],[123.99569416255565,24.36425194587065],[123.99642221771126,24.362305559354127],[124.00111499436161,24.360228333171108],[124.0044027763671,24.36191222466948],[123.99946972784574,24.36684555917526]]],[[[123.93601058392142,24.366666666933156],[123.9360566669817,24.366912225019234],[123.93587166024895,24.36711555903588],[123.93592416267006,24.366703333192334],[123.93601058392142,24.366666666933156]]],[[[123.94305138791128,24.36846361310529],[123.94199277614575,24.367425558942443],[123.9421036058967,24.365003892415757],[123.94396333284158,24.367583333304253],[123.94305138791128,24.36846361310529]]],[[[123.94217055772515,24.36824055875485],[123.9423397282959,24.36857361278203],[123.94217666681982,24.368635558983897],[123.94203805431277,24.36844361308232],[123.94217055772515,24.36824055875485]]],[[[123.94166666668343,24.368513720631768],[123.94196416331556,24.36878944107991],[123.94181944171396,24.369036386819857],[123.9415391697969,24.368836107800178],[123.94166666668343,24.368513720631768]]],[[[123.72510221799303,24.380123891804203],[123.71817852102197,24.378041386600785],[123.71447250300366,24.37791722529977],[123.71109444884985,24.373967224807643],[123.71151163355512,24.37062527933324],[123.71856166009263,24.36516416239624],[123.7204425031191,24.372706386990217],[123.72510221799303,24.380123891804203]]],[[[123.74711878090704,24.382017278574608],[123.74645861197541,24.382091585957994],[123.74645046681565,24.382023640378748],[123.74710944234698,24.381947721410256],[123.74711878090704,24.382017278574608]]],[[[123.90741861167965,24.38454777476005],[123.90752639362825,24.384750829087523],[123.90731389102336,24.38490333342213],[123.9071383271721,24.384781945630323],[123.90741861167965,24.38454777476005]]],[[[123.74468472082322,24.386064162131447],[123.74498644606774,24.38543413487747],[123.74525639376759,24.385834441106624],[123.74468472082322,24.386064162131447]]],[[[123.7434902718586,24.387650828822757],[123.74355639361272,24.38776861303114],[123.74341832699429,24.38785500010823],[123.74334610873598,24.387763333111366],[123.7434902718586,24.387650828822757]]],[[[123.75289902676877,24.398340613128823],[123.75285778206103,24.398551108446952],[123.75268430643564,24.398570360233975],[123.75266116687942,24.3984041619226],[123.75289902676877,24.398340613128823]]],[[[123.75257988255555,24.39864866690249],[123.75256666701819,24.398882774820265],[123.75232250288127,24.39882749529272],[123.75257988255555,24.39864866690249]]],[[[123.85535166035095,24.402609999751746],[123.85549277567111,24.40294694604478],[123.85536389113076,24.403038891831443],[123.85505888515945,24.402779162228626],[123.85535166035095,24.402609999751746]]],[[[123.86662583671307,24.40521777468058],[123.8660899999536,24.405088053770726],[123.86622861156127,24.404808612827253],[123.86678306068973,24.40493277502759],[123.86662583671307,24.40521777468058]]],[[[123.86796360613562,24.40561305369954],[123.86736805439227,24.40534749469117],[123.86817221827334,24.40498889182396],[123.86868666735586,24.40522889209973],[123.86796360613562,24.40561305369954]]],[[[123.80453163432753,24.416666666833237],[123.80379472084974,24.414211999684085],[123.80387369571451,24.414194441320433],[123.80453163432753,24.416666666833237]]],[[[123.77280138787387,24.418053612983897],[123.77197583721522,24.419086387227026],[123.7711994417009,24.418776107631288],[123.77193277587696,24.417974441167587],[123.77280138787387,24.418053612983897]]],[[[123.80633683537667,24.418397332970585],[123.80131063597707,24.419187134678566],[123.80129736737968,24.419121198184826],[123.80632282663726,24.418330586187665],[123.80633683537667,24.418397332970585]]],[[[123.82074389091792,24.419433054292085],[123.82111360580836,24.418738613096593],[123.82163111528382,24.419136667423288],[123.82074389091792,24.419433054292085]]],[[[123.81941639355182,24.41944138741013],[123.81935166035089,24.41959389174474],[123.81925944206967,24.419455558926927],[123.81941639355182,24.41944138741013]]],[[[123.77151999964838,24.419385559296188],[123.77121194587471,24.419763612700592],[123.77099610858363,24.419549162164174],[123.77151999964838,24.419385559296188]]],[[[123.81990610858008,24.419207224633737],[123.8202480542044,24.419819721403087],[123.82002917001023,24.419861946371782],[123.81961360588332,24.41945000021741],[123.81990610858008,24.419207224633737]]],[[[123.81864944181837,24.41995527891305],[123.81877250324851,24.419610828676866],[123.81907138843394,24.419559999894147],[123.81910221809301,24.419873332688212],[123.81864944181837,24.41995527891305]]],[[[123.81819666734236,24.420261667142256],[123.81820277643703,24.420364440766377],[123.81803333337166,24.42039277480677],[123.81799333332572,24.42030249456451],[123.81819666734236,24.420261667142256]]],[[[123.79314805363981,24.42711027881637],[123.79329917032055,24.42727944129325],[123.79320083035407,24.42740944099296],[123.79304972806256,24.427248613432823],[123.79314805363981,24.42711027881637]]],[[[123.78368138778592,24.437169999895616],[123.78378999980873,24.437290278823355],[123.783654448594,24.43731277536432],[123.78368138778592,24.437169999895616]]],[[[123.77525778172128,24.437094161866128],[123.77541778190516,24.437276386995734],[123.77533138763351,24.437572774763794],[123.77514888461337,24.43720361295641],[123.77525778172128,24.437094161866128]]],[[[123.78199499437358,24.437322225440425],[123.7702605575787,24.436898613280448],[123.76701778214499,24.43513444110164],[123.76408000009201,24.430358053581358],[123.76452693886722,24.426696107739247],[123.76787749714879,24.428274999791483],[123.77243944222653,24.4266269462766],[123.77427027215538,24.422320558846764],[123.7727252791484,24.41761333278913],[123.76741741927856,24.41715682882466],[123.76115111503202,24.414356946116243],[123.7607752793557,24.41122416226534],[123.75851027203146,24.408278054288814],[123.7531849940923,24.40506694578295],[123.751213333029,24.401319162349523],[123.75384389138253,24.39780305416764],[123.75255917026959,24.391402775217955],[123.74683165975341,24.39122649460711],[123.74306221794711,24.39373361291598],[123.74238627760474,24.390029666935618],[123.74601583706135,24.38879861286574],[123.74859472126946,24.38155389209851],[123.75299360577037,24.37697110793033],[123.75282778157691,24.37396610784964],[123.75018972827343,24.3711288915851],[123.74303722398872,24.368419720793554],[123.74654444866746,24.35930638688029],[123.75202639390307,24.359273054407993],[123.75349749681209,24.35322555881254],[123.7446505582767,24.34267694558463],[123.75015165997115,24.33839277500664],[123.75037083014979,24.336486667325914],[123.74753861231716,24.33148444115409],[123.74805916959508,24.32228277493016],[123.75157778238884,24.312692775151504],[123.74853583725917,24.311449440839056],[123.74640722381434,24.313979161808902],[123.74532527913834,24.31849777485246],[123.73952944173038,24.321504161687756],[123.73741666714557,24.324496946277122],[123.73770944233695,24.329418891768512],[123.73475610920718,24.331790278998255],[123.72936888506604,24.3311541624347],[123.72833138758358,24.33387500013123],[123.72940250262343,24.34168972110382],[123.72486389135554,24.343489440785106],[123.72464639391603,24.34086027907864],[123.72014083003535,24.338182224829836],[123.71397499355112,24.332594720769805],[123.71130221832277,24.333155558682165],[123.7095058369249,24.337439999956075],[123.70602221765125,24.33993499990038],[123.70375885878434,24.345276613125236],[123.70098027202198,24.347931386624225],[123.70067269758704,24.340010414349194],[123.70279693942723,24.333469720651124],[123.70596277606137,24.32986361281553],[123.70860027178514,24.32368527935222],[123.70801138761556,24.320396107894112],[123.71146972784572,24.317949441113853],[123.71023722406869,24.314873333437617],[123.70356693896315,24.31622972062513],[123.70465861160574,24.318674441272492],[123.70073832741195,24.32581027932099],[123.69211111483617,24.328316108002014],[123.6865683268669,24.332716107662293],[123.68313805357832,24.33085082920246],[123.68000055817924,24.322211386746176],[123.68304666717006,24.322019721433037],[123.6831219458212,24.31722999966479],[123.68473194632236,24.31292305375598],[123.68703555075012,24.31051638702172],[123.68185778231089,24.307761946156916],[123.6787752786563,24.312894720614906],[123.67683416306625,24.311741108065746],[123.67061111531075,24.314001107964827],[123.66525972825389,24.310002775207977],[123.66166499414419,24.308404161922567],[123.66362583726266,24.305107494615243],[123.6677691704109,24.301435828900424],[123.66971166016504,24.29664305393385],[123.68023639369471,24.283284161834672],[123.69087250286373,24.281816387316496],[123.69639805442671,24.283588891714032],[123.70320138793375,24.279250558566503],[123.70687389091745,24.27821777533012],[123.71596444860052,24.277618891598593],[123.71903360631597,24.278327224621762],[123.72160444878637,24.28676082934885],[123.7200469390151,24.28966472134988],[123.72305472069888,24.299605829045845],[123.73317972806205,24.296221108217594],[123.7369538913091,24.29422833287134],[123.7409125028098,24.290457495317185],[123.74060166023844,24.28875277462089],[123.74935055828166,24.28406416183168],[123.75487583735003,24.27967527869123],[123.77349416262552,24.27623138696896],[123.77613832682243,24.2746227750211],[123.78129165978237,24.27642027877289],[123.78973832716213,24.275145828817017],[123.80567888507255,24.269600558718878],[123.81147555075609,24.271102225087645],[123.81917083006977,24.2704230543805],[123.82322111486258,24.271568612601413],[123.83327610910521,24.27201944094452],[123.84477832655864,24.26761389156792],[123.8519105583257,24.261984161639816],[123.86255221811041,24.25629944086654],[123.87405805443575,24.255173891661798],[123.88057805383414,24.256238892211172],[123.88255389134906,24.261219441124354],[123.8811933331059,24.26452694616171],[123.88424082975052,24.26981999959338],[123.88337033727134,24.275531108274095],[123.87888027230679,24.276276666934677],[123.8810077822834,24.280421108047733],[123.8909413878348,24.28048416221435],[123.89190360576686,24.27822889184995],[123.89620917031698,24.27785499960862],[123.9007402722458,24.273823053790977],[123.90448722380643,24.275246945889876],[123.90307389064765,24.279005558959454],[123.90346138783286,24.28851749488655],[123.90198306066975,24.29530694555916],[123.89907083015476,24.301008613157023],[123.90206472091018,24.304333892395277],[123.90214444940693,24.308333054327022],[123.90618221833472,24.313053891623838],[123.91035055803184,24.31946582938457],[123.91096749655276,24.32400666737385],[123.91423306080719,24.325376108220894],[123.91859138768245,24.324024721263925],[123.92170722380945,24.321361387118372],[123.92298166027547,24.31812999979968],[123.92805389057469,24.315883891728276],[123.92821693856092,24.319840828691326],[123.92579555082409,24.321540559049595],[123.9251100003263,24.326373054372993],[123.92972111493759,24.3280502791971],[123.92672666660246,24.333866667013126],[123.92841472106261,24.337896387008698],[123.92678360627849,24.342654720638905],[123.9279591703795,24.344568612851276],[123.9361622177122,24.3495836129934],[123.93813666667393,24.358634441326444],[123.94061916963904,24.360483054449446],[123.93850639415484,24.36562222488584],[123.92725722434147,24.36573555924872],[123.92256203570946,24.366567783776247],[123.91825722389183,24.371679441253264],[123.91695333283008,24.37842777492193],[123.90284389083297,24.385599162271546],[123.89972666705205,24.383793053806414],[123.89474610914567,24.38681889207828],[123.89140082988445,24.38751749533617],[123.88991306073922,24.38487722520381],[123.88686972795563,24.38478138715135],[123.88233583722922,24.388619720623637],[123.8808083270427,24.392638891571664],[123.88110972763184,24.399436946058245],[123.87951083016071,24.401054440609983],[123.87002360580482,24.404573891571886],[123.86842778221649,24.40431749485657],[123.86738499402236,24.398080279181613],[123.86405499424268,24.394984161589832],[123.86167111542966,24.394802774628374],[123.85460805411844,24.399017774750575],[123.85483416256659,24.4025791619988],[123.8484791698778,24.404486946015822],[123.84435083022674,24.402337224583277],[123.83912083006237,24.403590278768377],[123.83248583705176,24.407530278799356],[123.83007111508994,24.404781386751665],[123.82950900103958,24.399153414098805],[123.82245639434723,24.39600444065246],[123.82139616110396,24.391666666883225],[123.81697360644682,24.391059720729572],[123.80953778244282,24.39991222516909],[123.81040639443961,24.404190278558588],[123.81318527887754,24.408361387268258],[123.81187306099298,24.411256946151184],[123.80504693866533,24.413142495329964],[123.8011443450356,24.415624000047615],[123.79976165987273,24.422398891595606],[123.79233333261732,24.42713416211194],[123.78199499437358,24.437322225440425]]],[[[123.77800693906909,24.437871945933637],[123.7778866673359,24.437671666913957],[123.7780994424354,24.437651945680784],[123.77800693906909,24.437871945933637]]],[[[123.77603444883084,24.437627494912988],[123.77601888516347,24.437869161632534],[123.77579693877772,24.43778749509687],[123.77603444883084,24.437627494912988]]],[[[123.7803847213778,24.438156666796772],[123.78043916993181,24.438334720870728],[123.78029749703194,24.43840249467945],[123.78018944168946,24.438187775245694],[123.7803847213778,24.438156666796772]]],[[[123.77681082995593,24.438078054358755],[123.77719306071128,24.437155000103246],[123.77760610943449,24.437451386971986],[123.77745221834527,24.438159720894475],[123.77681082995593,24.438078054358755]]],[[[123.82025907899333,24.463969440737173],[123.81852644603873,24.46732249463747],[123.81845338511573,24.46728986543502],[123.82018569431443,24.463938162316367],[123.82025907899333,24.463969440737173]]],[[[123.82244844434035,24.466666666733317],[123.8207114793513,24.465074532163953],[123.82076866364298,24.465024440825346],[123.82244844434035,24.466666666733317]]],[[[123.81736277637106,24.477154162034992],[123.81523861187247,24.476894721114547],[123.81386805406748,24.47332555922725],[123.81689722432748,24.469215278862066],[123.81974861210881,24.4679122250692],[123.82444666688025,24.467991946371285],[123.82638221836476,24.471721108442466],[123.82333360566145,24.475909440967996],[123.81736277637106,24.477154162034992]]],[[[123.01357630390339,24.436278099055073],[123.01371822321744,24.436503387321522],[123.01357702965629,24.436468161776304],[123.01357630390339,24.436278099055073]]],[[[123.01315418911463,24.43666189193283],[123.0130180803202,24.436778523210307],[123.0129636317663,24.436592108139337],[123.01315418911463,24.43666189193283]]],[[[123.00670583690487,24.437190559296937],[123.00693693928838,24.43751805371528],[123.00656693931285,24.437687494981958],[123.00645306086017,24.437196108113937],[123.00670583690487,24.437190559296937]]],[[[123.02612639431766,24.447829441075896],[123.02634221811888,24.448218891588624],[123.0260647206104,24.448334720670857],[123.0258613883924,24.448100558793783],[123.02612639431766,24.447829441075896]]],[[[123.02776666689817,24.448672774928696],[123.02788972832832,24.44880305431758],[123.02764306137828,24.449020558951702],[123.02755360581432,24.448786108392255],[123.02776666689817,24.448672774928696]]],[[[123.0344588846699,24.45370333334222],[123.03461610864656,24.454282225144652],[123.03396555076961,24.45400833301818],[123.0344588846699,24.45370333334222]]],[[[123.03669972811008,24.457158332591007],[123.03653333284706,24.456997495138353],[123.03665360637888,24.456726387312983],[123.0369408300553,24.457072774688868],[123.03669972811008,24.457158332591007]]],[[[123.04116027192902,24.45875861321946],[123.04130832731755,24.45899027857854],[123.04121416290332,24.45920916187339],[123.04104000019595,24.458866108284326],[123.04116027192902,24.45875861321946]]],[[[123.04159972834486,24.459634999855382],[123.04170277626213,24.459823054390483],[123.04150555134015,24.459890829098526],[123.04146555129421,24.45967610786613],[123.04159972834486,24.459634999855382]]],[[[123.04543610938902,24.461931387223785],[123.0454444488023,24.46209722490704],[123.04514306080364,24.46217416190808],[123.04516472097521,24.461965279074434],[123.04543610938902,24.461931387223785]]],[[[123.04478583659716,24.462415558831026],[123.04479472099968,24.462566667417832],[123.04452027219293,24.46251582874254],[123.04451588799793,24.46240680213225],[123.04478583659716,24.462415558831026]]],[[[122.98985555089303,24.47191166669012],[122.9898002722648,24.471745559210262],[122.99005916999477,24.47173138679409],[122.99011778240981,24.47186361321525],[122.98985555089303,24.47191166669012]]],[[[122.96590944216712,24.471714162078968],[122.96586722439292,24.47195000029234],[122.96562917025005,24.471900559163544],[122.96590944216712,24.471714162078968]]],[[[122.99042306087563,24.47247916228355],[122.9902841632836,24.472764161936595],[122.990139441682,24.47265138695201],[122.99016693935278,24.472481945685274],[122.99042306087563,24.47247916228355]]],[[[122.99804243830795,24.47512127872409],[123.00047297035132,24.47319689232279],[122.999341387595,24.469596107574375],[122.99513680881671,24.47313513497852],[122.98899250300167,24.470537224713212],[122.97466138801269,24.46749166700687],[122.97066000025882,24.46811527939667],[122.96256166009255,24.472639720946404],[122.9553547207438,24.46697194609851],[122.95498077814045,24.46206441404155],[122.95210294399578,24.460182026879068],[122.94304277620324,24.458080278881823],[122.94125805361637,24.456321946001083],[122.9429025026484,24.451552774640902],[122.93975166041082,24.44805916210072],[122.93622416321466,24.45077222515812],[122.93374861200891,24.448737224843114],[122.94125805361637,24.443950279282035],[122.94746333256683,24.444331107994287],[122.95214583716074,24.441031667177754],[122.95533027177464,24.442022225445385],[122.96263333336174,24.44017638673091],[122.96677944181783,24.43757110832007],[122.97367805399904,24.436978613372332],[122.97366277631613,24.43866638724404],[122.9806758371202,24.438714721307406],[122.98256055802335,24.442172774653898],[122.99833639430926,24.439632224947275],[123.00188444910805,24.441144999741994],[123.0077538906296,24.437955558602198],[123.01141306116392,24.436947774720068],[123.01477306142772,24.440755559121783],[123.0179327763766,24.442093612730105],[123.02034583729062,24.445673053868404],[123.02500444869645,24.448436108439694],[123.02866360574092,24.44942972080503],[123.03390999964688,24.452938333137638],[123.03395333258027,24.45371472055797],[123.03358639389705,24.45396305395184],[123.03410111457481,24.45451638702167],[123.03420416339145,24.456133612676126],[123.04051917042341,24.459916108141954],[123.04349082993792,24.460537224913026],[123.04314861181899,24.463585558826537],[123.03873416275144,24.46292499958912],[123.01984999967783,24.471028613379872],[123.01660389135657,24.47077749478558],[123.01271666714058,24.47369610778918],[123.00503444868093,24.47428582922771],[123.00125027238221,24.472706667378873],[122.99804243830795,24.47512127872409]]]]}},{"type":"Feature","id":"JP-47-capital","properties":{"Kind":"capital","PrefectureCode":"47","PrefectureName":"Okinawa","CapitalName":"Naha","CapitalNameJapanese":"那覇市","PointKind":"prefecture-representative-point"},"geometry":{"type":"Point","coordinates":[127.680923,26.212444]}}]}
