{"type":"FeatureCollection","bbox":[131.6679697284203,34.30261527877212,133.39066306105144,37.24774138715537],"displayBbox":[131.6679697284203,34.30261527877212,133.32677917002275,35.604465838127965],"DataVersion":"2019-boundaries-v1","Attribution":{"BoundarySource":"MLIT National Land Numerical Information, via Fabio Crisci / piuccio","BoundarySourceURL":"https://github.com/piuccio/open-data-jp-prefectures-geojson/tree/513fb852832c99470e16b95a30ddd68bf3469dc0","BoundaryDate":"2019-01-01","CapitalSource":"Geospatial Information Authority of Japan (GSI), prefecture representative points","CapitalSourceURL":"https://maps.gsi.go.jp/","CapitalSourceRetrieved":"2026-10-04","Notice":"Simplified and enriched by Ashiato Kai. Modern geographic context, not historical immigration-era boundaries. See GEOLOCATION.md and THIRD_PARTY_NOTICES.md."},"features":[{"type":"Feature","id":"JP-32","bbox":[131.6679697284203,34.30261527877212,133.39066306105144,37.24774138715537],"properties":{"Kind":"prefecture","PrefectureCode":"32","PrefectureName":"Shimane","PrefectureNameJapanese":"島根県"},"geometry":{"type":"MultiPolygon","coordinates":[[[[131.71402472086424,34.67412194607101],[131.71391972771335,34.673993612815025],[131.71411416293836,34.67400777533862],[131.71402472086424,34.67412194607101]]],[[[131.7067647206154,34.674199440651705],[131.70683861161274,34.67428666679626],[131.70666306125133,34.674339440812616],[131.7066369386439,34.6742363866],[131.7067647206154,34.674199440651705]]],[[[131.71350055820426,34.67438472077828],[131.71335389136902,34.67429749463372],[131.71350055820426,34.67417638743041],[131.71366111506848,34.674285279142396],[131.71350055820426,34.67438472077828]]],[[[131.7032378601392,34.67402819804295],[131.70312533066954,34.67446844136555],[131.70304341142435,34.67445066716459],[131.70315593999464,34.6740118016034],[131.7032378601392,34.67402819804295]]],[[[131.70698306071972,34.67471138692105],[131.70705472139832,34.674807224973506],[131.7069516599912,34.674847494816106],[131.70683666727848,34.67475749516234],[131.70698306071972,34.67471138692105]]],[[[131.72642250299623,34.67498472056843],[131.72613972826593,34.674874720891694],[131.72645666734138,34.67467194625334],[131.7266919461764,34.67490305403277],[131.72642250299623,34.67498472056843]]],[[[131.70852360567994,34.67545500034805],[131.7081274965867,34.675400558988656],[131.70783527897504,34.675159440855566],[131.70814861176905,34.67504944117883],[131.70852360567994,34.67545500034805]]],[[[131.71011888517842,34.67546361315527],[131.710043890713,34.675635279344704],[131.70995722394684,34.67550610792057],[131.71011888517842,34.67546361315527]]],[[[131.7089055513502,34.67544666722995],[131.7091411152703,34.675522775056095],[131.7089974971368,34.6756774953202],[131.7087283273505,34.67553389157587],[131.7089055513502,34.67544666722995]]],[[[131.71254610861604,34.67560138659479],[131.71254610861604,34.67574527902144],[131.71236888461635,34.6756774953202],[131.71254610861604,34.67560138659479]]],[[[131.7104058372596,34.675621945996056],[131.71048722410615,34.67581555924073],[131.71033722438347,34.67578444089929],[131.71029972805002,34.6756633327966],[131.7104058372596,34.675621945996056]]],[[[131.71125416324912,34.67569722464725],[131.71124138837945,34.67580110803476],[131.71107000008055,34.67578166739008],[131.71111444907262,34.675643892151925],[131.71125416324912,34.67569722464725]]],[[[131.69734000004098,34.67627999972228],[131.69733333336671,34.67640666743381],[131.69718027235172,34.6763450000218],[131.69721499427658,34.676255279157886],[131.69734000004098,34.67627999972228]]],[[[131.72136082983855,34.67637027906517],[131.72139000024833,34.67651749538618],[131.7212322177927,34.6765105589152],[131.7212077823134,34.67641305441896],[131.72136082983855,34.67637027906517]]],[[[131.6980047213409,34.67654527904142],[131.69788555127718,34.67668833329998],[131.69778527866777,34.67665833281586],[131.69784778244923,34.67650610817043],[131.6980047213409,34.67654527904142]]],[[[131.6982536060192,34.67662361268964],[131.69840027195505,34.67684610766179],[131.69824000017593,34.67686582889496],[131.69811027207152,34.676764441126124],[131.6982536060192,34.67662361268964]]],[[[131.72228333280964,34.67690861324195],[131.7221752792658,34.676868891985805],[131.72221972825787,34.67676194640677],[131.7223644489602,34.67679361333467],[131.72228333280964,34.67690861324195]]],[[[131.6955230610405,34.67671666734037],[131.69544832737847,34.67693972079155],[131.69533917036654,34.67686305358711],[131.6955230610405,34.67671666734037]]],[[[131.69811389094343,34.67687722510391],[131.69818693927584,34.6769583331606],[131.69808666666643,34.67702082884824],[131.69797055789502,34.67692499978898],[131.69811389094343,34.67687722510391]]],[[[131.69510389063214,34.676931667362624],[131.69512888459042,34.67707055865941],[131.69496527902447,34.67704916198926],[131.69510389063214,34.676931667362624]]],[[[131.69483194643726,34.677075279200835],[131.69489277568107,34.677151946405274],[131.69486666656348,34.67730027878491],[131.6947427759584,34.677211387095895],[131.69483194643726,34.677075279200835]]],[[[131.6943369388987,34.67699833320654],[131.6946097275569,34.67721222526404],[131.69430416310672,34.677328891615105],[131.6941425027743,34.677119161620055],[131.6943369388987,34.67699833320654]]],[[[131.6934608301533,34.67773861284678],[131.6934880544302,34.67743749464472],[131.69376416338548,34.677598332996695],[131.6934608301533,34.67773861284678]]],[[[131.69432666684224,34.67746138693349],[131.69453472140037,34.677671386725194],[131.69433360601113,34.67783722530777],[131.69413916988685,34.67767694633403],[131.69432666684224,34.67746138693349]]],[[[131.75391778168034,34.67853861286676],[131.75380277637714,34.678606946053776],[131.75346194591214,34.67844361298239],[131.75365277575509,34.67831972057871],[131.75391778168034,34.67853861286676]]],[[[131.76441461734078,34.680395360357636],[131.7643356937374,34.6803124950257],[131.7644766669647,34.680261667142304],[131.7645501172941,34.680334864762244],[131.76441461734078,34.680395360357636]]],[[[131.76412499427317,34.68045694593138],[131.76416444932988,34.68062582871909],[131.76398722443093,34.680684999613106],[131.76397693888464,34.6804852790724],[131.76412499427317,34.68045694593138]]],[[[131.76432111482768,34.680901945768255],[131.76431444905268,34.681085000072756],[131.76417805427388,34.6810933331908],[131.76410306070773,34.680927224811626],[131.76432111482768,34.680901945768255]]],[[[131.76369055787302,34.68149333275113],[131.76380083004437,34.681574721396316],[131.763636109319,34.68171582862266],[131.76352360592978,34.68166527862974],[131.76369055787302,34.68149333275113]]],[[[131.76421221771977,34.681898891920355],[131.76408610938654,34.681960829129025],[131.76396999971575,34.6819016672282],[131.76420778226338,34.681745829106774],[131.76421221771977,34.681898891920355]]],[[[131.7669866667013,34.68228472086321],[131.76712639436766,34.682504441426886],[131.76687055793002,34.68248194578524],[131.7669866667013,34.68228472086321]]],[[[131.7711583266955,34.68304527931622],[131.77112111544716,34.68289027936294],[131.77127083008486,34.68287889214719],[131.77126416341048,34.68303110779942],[131.7711583266955,34.68304527931622]]],[[[131.77223555083003,34.68331000015644],[131.77221166033996,34.6834563873025],[131.77209250286683,34.6834422247789],[131.77216749733225,34.68330694605879],[131.77223555083003,34.68331000015644]]],[[[131.77118749710542,34.68331777479551],[131.77121555055726,34.68339055872735],[131.77104630444342,34.68353236023029],[131.77101861161964,34.68334638672644],[131.77118749710542,34.68331777479551]]],[[[131.77204111470576,34.683976946379005],[131.772000271995,34.68378027903668],[131.7723458373905,34.68379749475861],[131.77220499366558,34.68396861326096],[131.77204111470576,34.683976946379005]]],[[[131.78632250258147,34.686238612721866],[131.7861280538666,34.68634833270943],[131.78610749716336,34.68619333275615],[131.78632250258147,34.686238612721866]]],[[[131.78391944212865,34.686331386784104],[131.78379666668286,34.686489162045234],[131.78366000030883,34.68642582908882],[131.78376944240586,34.68627222488334],[131.78391944212865,34.686331386784104]]],[[[131.78751555130168,34.68658777540554],[131.78746138783288,34.6867669464375],[131.7873313881331,34.686785000327575],[131.7873552786233,34.686604721330866],[131.78751555130168,34.68658777540554]]],[[[131.78361933926112,34.68704022522627],[131.78357713407752,34.68694105428625],[131.7837299738593,34.686822774551445],[131.78374994780188,34.68698286466753],[131.78361933926112,34.68704022522627]]],[[[131.783629442245,34.68722644064775],[131.7835713622286,34.687135666677705],[131.78370085561005,34.687056558713266],[131.78371355403738,34.6872136127181],[131.783629442245,34.68722644064775]]],[[[131.7868608295637,34.6872241617657],[131.78696666717804,34.687317225409686],[131.7867722175639,34.68736777540255],[131.78669722399775,34.68731444110864],[131.7867722175639,34.68720166702337],[131.7868608295637,34.6872241617657]]],[[[131.78362277557073,34.68784666709007],[131.78348999966386,34.68772833339591],[131.7836127760089,34.68762972093492],[131.78372194561132,34.68770110821964],[131.78362277557073,34.68784666709007]]],[[[131.69966805433728,34.688862495407875],[131.69964832680887,34.68896833302222],[131.69941221789963,34.68898638691229],[131.69950444877134,34.68885138698198],[131.69966805433728,34.688862495407875]]],[[[131.6990066668243,34.69003389205051],[131.69915333276015,34.689028612780305],[131.69980778200363,34.68953000010947],[131.6990066668243,34.69003389205051]]],[[[131.69951306067924,34.69007305392836],[131.69945027181268,34.69019777460767],[131.69922360578482,34.69025861284479],[131.69920277568758,34.69019889156567],[131.69941499410675,34.690068891865906],[131.69951306067924,34.69007305392836]]],[[[131.83622313908666,34.704379053550554],[131.83633997361096,34.7049487210067],[131.83625788619258,34.704967747963224],[131.83608885861395,34.70447949523259],[131.83622313908666,34.704379053550554]]],[[[131.844906667209,34.70930582930066],[131.84510333275261,34.70950527914539],[131.8450258372726,34.70957333264323],[131.84484527858683,34.70936777460315],[131.844906667209,34.70930582930066]]],[[[131.84594944191326,34.70989722527679],[131.8459988848407,34.71004889234257],[131.8458541632391,34.71003499961557],[131.84594944191326,34.70989722527679]]],[[[131.84586778167284,34.71050833259352],[131.8458913879772,34.71071944124924],[131.84565972801408,34.71075055869136],[131.84570499359063,34.71056749539366],[131.84586778167284,34.71050833259352]]],[[[131.8535672239483,34.71652361267462],[131.85350583712477,34.716715000097224],[131.85336194559738,34.71658305426462],[131.8535672239483,34.71652361267462]]],[[[131.85417472138636,34.7190294413557],[131.85415693909158,34.71916527855484],[131.85404778207953,34.71914555912031],[131.85406832709168,34.71902166671657],[131.85417472138636,34.7190294413557]]],[[[131.85353639428922,34.722730279279006],[131.8536691701961,34.72279222458155],[131.85356306098652,34.72295833296073],[131.8533899999486,34.72282610833827],[131.85353639428922,34.722730279279006]]],[[[131.8543555507681,34.72304027918557],[131.85448722410615,34.72313305414718],[131.85444306109844,34.72327110817514],[131.85428277582946,34.72322305380095],[131.8543555507681,34.72304027918557]]],[[[131.85512444863446,34.7234802787919],[131.85511805355543,34.72362555887247],[131.8549816596759,34.72357499988641],[131.85512444863446,34.7234802787919]]],[[[131.86469583694338,34.72567055874936],[131.86468832670494,34.72586610823436],[131.86460055826922,34.72586972081103],[131.86462416277493,34.72569027908315],[131.86469583694338,34.72567055874936]]],[[[131.8639322180975,34.72707833319856],[131.86394111509048,34.72720416184262],[131.86370389102183,34.72721916163505],[131.86377194631837,34.72707277538831],[131.8639322180975,34.72707833319856]]],[[[131.86420499416522,34.72765861265492],[131.86405832732999,34.72750916241796],[131.86420499416522,34.727416386557024],[131.86432583696785,34.72759055915702],[131.86420499416522,34.72765861265492]]],[[[131.86392591384993,34.72738446781898],[131.86354549882583,34.72791133294169],[131.86343941569658,34.727905224746394],[131.86385883341848,34.727342494660434],[131.86392591384993,34.72738446781898]]],[[[131.86491027219142,34.72854555913028],[131.86514555102644,34.72882166718625],[131.86479778229193,34.72883582881053],[131.86491027219142,34.72854555913028]]],[[[131.86717333338265,34.730212494810814],[131.86718360633847,34.73033638721455],[131.86704499383143,34.7303300002294],[131.8670252788936,34.73024610787161],[131.86717333338265,34.730212494810814]]],[[[131.8676166667758,34.73045194560086],[131.86755972799915,34.73057527862625],[131.86740194644278,34.73059833274692],[131.86746666705312,34.730460278718965],[131.8676166667758,34.73045194560086]]],[[[131.8675711152149,34.73077361331167],[131.86747333282813,34.73091944107938],[131.86738472082823,34.73082082861839],[131.8675711152149,34.73077361331167]]],[[[131.86797111477517,34.730778612642894],[131.86809389112022,34.730874440802836],[131.86797111477517,34.730922225380425],[131.86784250272933,34.730836666578966],[131.86797111477517,34.730778612642894]]],[[[131.86880944210213,34.73247694635404],[131.8686266665875,34.732776387320484],[131.8683494415735,34.73272749477809],[131.8684211148426,34.73245444081982],[131.86880944210213,34.73247694635404]]],[[[131.86927786028514,34.738995693896186],[131.86907496783556,34.73917410769894],[131.8690198313002,34.73912402715217],[131.86921722439547,34.738945613349415],[131.86927786028514,34.738995693896186]]],[[[131.868608326713,34.739026946236606],[131.86800499403535,34.739375829231165],[131.86761277630865,34.73891999975825],[131.86820083040402,34.73853694612319],[131.868608326713,34.739026946236606]]],[[[131.87057472134643,34.73967472071183],[131.87075221784062,34.73978166719024],[131.87058499430213,34.73985499970854],[131.87057472134643,34.73967472071183]]],[[[131.8693169394253,34.739919440629706],[131.86935888470487,34.74000999966182],[131.86921389060865,34.740056107903115],[131.86918250336987,34.73995027928203],[131.8693169394253,34.739919440629706]]],[[[131.86817527886615,34.74045166661119],[131.86796749680263,34.74008000019188],[131.86828444936793,34.73979833342639],[131.86868221771022,34.74002999968479],[131.86817527886615,34.74045166661119]]],[[[131.8703887811174,34.74371308139365],[131.8701385600466,34.74277086528326],[131.8702245271403,34.742759945714965],[131.8703887811174,34.74371308139365]]],[[[131.87031555112185,34.7451772253487],[131.87010444876137,34.74512916198131],[131.8701794423274,34.74504472103712],[131.87031555112185,34.7451772253487]]],[[[131.86867944240237,34.74724666700013],[131.8684244486294,34.747257494837584],[131.86840693882925,34.74710027895475],[131.868727224282,34.747114440579026],[131.86867944240237,34.74724666700013]]],[[[131.8682719460935,34.74759499960959],[131.86824250318898,34.74727444076291],[131.86853972822598,34.74735389226839],[131.8682719460935,34.74759499960959]]],[[[131.8685944492745,34.747646666560456],[131.8686113880052,34.74775944064572],[131.86844749735417,34.74784666679028],[131.86835221778074,34.74777055896419],[131.8685944492745,34.747646666560456]]],[[[131.86812389070508,34.74770305405275],[131.86816832710667,34.747814999862385],[131.86797055809484,34.74788333304946],[131.8679227762152,34.747815559240735],[131.86812389070508,34.74770305405275]]],[[[131.86797749726372,34.749457224871094],[131.8677966669827,34.74963472136534],[131.86769111535273,34.74945444057005],[131.86797749726372,34.749457224871094]]],[[[131.86901722416565,34.756342224913794],[131.86922499363857,34.756438053973056],[131.8689663935843,34.75656416230629],[131.86901722416565,34.756342224913794]]],[[[131.88489055775312,34.75781222525404],[131.8847611147337,34.758051667050836],[131.8845733326932,34.75795305369053],[131.88462805374172,34.757801107834894],[131.88489055775312,34.75781222525404]]],[[[131.88242722383734,34.75852749474814],[131.88235917033956,34.758758332730906],[131.8821647207253,34.75865999995909],[131.88242722383734,34.75852749474814]]],[[[131.87188583666205,34.75927916160407],[131.87189944160605,34.75948472144279],[131.8716469389551,34.75940861271738],[131.87188583666205,34.75927916160407]]],[[[131.88212722439198,34.758916107992036],[131.88216111534325,34.75935805373126],[131.88178250256055,34.759487494952],[131.88195333327974,34.758964720845256],[131.88212722439198,34.758916107992036]]],[[[131.8805613877979,34.75970166669862],[131.88064000023587,34.75931861306361],[131.8809980536173,34.75954666674534],[131.8805613877979,34.75970166669862]]],[[[131.87989277603083,34.759791667251704],[131.87978693931586,34.760033891550904],[131.8795925031916,34.7598761081959],[131.87989277603083,34.759791667251704]]],[[[131.88173805356837,34.76000861340685],[131.88169722434748,34.760205558639655],[131.88155389129906,34.76021972116325],[131.88150610941943,34.760039441267224],[131.88173805356837,34.76000861340685]]],[[[131.8806874970304,34.76017749529524],[131.88025944221954,34.76014249458052],[131.88033610942398,34.759828332611505],[131.88063639395443,34.7599072247387],[131.8806874970304,34.76017749529524]]],[[[133.24462115394317,35.54911196364628],[133.24521138799525,35.55038972130865],[133.2543630609066,35.553875837999556],[133.26291138765043,35.554244170632046],[133.26487221817843,35.55561194593463],[133.274571115065,35.55543180183622],[133.2978178084452,35.558851359702544],[133.29993166041788,35.55728944055528],[133.3063894680995,35.558536864984376],[133.31899444863495,35.56257444055802],[133.32535277600982,35.565643612662655],[133.32677917002275,35.56795083776103],[133.31845250278081,35.570277224714175],[133.31581389099836,35.569680279021725],[133.30728416313366,35.57612305363608],[133.30339499368404,35.57320694614373],[133.29341472141232,35.57671972143805],[133.2872033333672,35.57446000032883],[133.28217360592726,35.578181666550734],[133.27929027242817,35.576651667040835],[133.27494277608832,35.57684027915559],[133.27313416301126,35.57668805361084],[133.27178360612857,35.57770250506661],[133.26759111513786,35.57866555936812],[133.26256499397937,35.57479194639126],[133.25856555055975,35.57483999986613],[133.25490389070205,35.56985166732062],[133.2520166667358,35.5754905586424],[133.24975306055535,35.57529027872346],[133.24455916996976,35.57033389189564],[133.23668333286957,35.569962505165506],[133.23688972817843,35.572604440842326],[133.22499333337566,35.57109138725775],[133.22560972780673,35.575444999886884],[133.23192058356813,35.57671278406781],[133.2176380535534,35.580150000122444],[133.21598111473668,35.577214720882694],[133.21569165984226,35.56998138733121],[133.2109411152403,35.567085558651684],[133.20741639425125,35.56705499968854],[133.20470194623795,35.569338891876384],[133.1984212186644,35.569747747960264],[133.19482639372313,35.56814222518358],[133.19495916963,35.57470722485857],[133.1925577819162,35.580126386623476],[133.18699055756827,35.57772889207479],[133.18895444938835,35.57515472121344],[133.18880972778675,35.570563612920466],[133.1920180537902,35.562193333055916],[133.1885869387363,35.561708891652074],[133.1836077819736,35.5673352788001],[133.1776686124166,35.567456108112935],[133.1754205582123,35.56456972141558],[133.16843639442413,35.56331861336338],[133.16529888463583,35.56449389237929],[133.1664066668343,35.56766110767404],[133.16148360618354,35.57191722480013],[133.15819416313013,35.56722999966479],[133.15626111535823,35.560569440727136],[133.15082527926324,35.559577504698154],[133.14678499403226,35.56082389220893],[133.14125639376766,35.56091194572974],[133.13897805399404,35.56291110806126],[133.13861416311317,35.56780889236654],[133.13421499442654,35.57183638743936],[133.13274527917133,35.57566694627258],[133.13404917023308,35.581680559010636],[133.12846194586223,35.57997333280309],[133.12839306139074,35.5786463867214],[133.12560639421974,35.57623805444268],[133.12486221781717,35.57860417074596],[133.12370082972961,35.578460279218575],[133.12275749666117,35.577835000384994],[133.1222505578171,35.57832777490694],[133.118809442302,35.580141945794196],[133.11900608266467,35.58267938744382],[133.11424165972483,35.58816250539536],[133.11219027196353,35.588928892354545],[133.11445416322908,35.59398555898639],[133.10408194572528,35.59777083785394],[133.0966716597693,35.599116945790456],[133.09672000012802,35.60118444130899],[133.0972911145933,35.603463891745264],[133.09488555132725,35.604465838127965],[133.08404499388143,35.6016627754168],[133.08532749726623,35.59878138715135],[133.08932749736618,35.59853638664498],[133.09415499425768,35.59239055917703],[133.09827111482014,35.588939170706226],[133.09156805392263,35.58844333309338],[133.09254749656975,35.58435555916179],[133.09730166004363,35.58336361324024],[133.09833229569892,35.58050575663543],[133.095847601086,35.57815941372604],[133.092504162737,35.57860944077311],[133.08909666657792,35.58151138664124],[133.0848863941918,35.57996250496569],[133.08042416324463,35.58157750479808],[133.0781288847403,35.581816666905695],[133.0756983266166,35.58305333274518],[133.068625836813,35.58385944096051],[133.06596693902304,35.57828889181894],[133.0593699999256,35.58219166711177],[133.0579105576262,35.579599440561765],[133.05072250314106,35.574443612882476],[133.06040555127527,35.5715416670144],[133.0606949935792,35.56715305367055],[133.0513594416849,35.55947305383842],[133.04759166002714,35.55854833313913],[133.0490225029862,35.554368332832325],[133.0441588848247,35.55346750532118],[133.0396366672984,35.5552522252101],[133.03876194620693,35.559263892214915],[133.03454250343384,35.5589408377495],[133.03376805405253,35.55583444090678],[133.028856666602,35.55022222527555],[133.03062861162118,35.54504944087904],[133.02849722376789,35.540217504933935],[133.02056527886464,35.54017250465739],[133.01499360557045,35.54180250518152],[133.01437778220895,35.53978944112987],[133.00973861234718,35.5377897212187],[133.00327832703329,35.54194917111738],[132.99819749741664,35.539430558573486],[132.9982277038455,35.543659667259874],[132.9896652793292,35.545040837964336],[132.98646221795707,35.54420138738419],[132.97973166028794,35.545603891806195],[132.97931194578973,35.54067527874116],[132.97165596595016,35.544587558968715],[132.96787000000052,35.542944720622415],[132.9694730613328,35.53866194579223],[132.9695444486175,35.531690838361556],[132.96857972787222,35.52895333263024],[132.97424277588345,35.52752055882678],[132.97493861192743,35.52058333335418],[132.97137027202052,35.515973054213134],[132.96485389059467,35.51473583798861],[132.9611480542394,35.51540583830882],[132.95478277600432,35.51825610823283],[132.94920499361558,35.517704170910804],[132.9466702724152,35.51601805359036],[132.94145333310485,35.515140837779484],[132.934782943678,35.5168455593751],[132.9253336059612,35.515934720610915],[132.92137972759247,35.51748944068521],[132.91778360582884,35.51715722482612],[132.9122247208942,35.51324805355489],[132.9050947212445,35.511507504767565],[132.89595306138472,35.51278027928652],[132.88969111525284,35.5105719463383],[132.88160999980175,35.51096638718906],[132.87693250263294,35.51012694560211],[132.86935778193617,35.510908891732015],[132.86636444876035,35.51337583822442],[132.86224944155856,35.510790279248056],[132.86011221800447,35.5072633333362],[132.85624944185827,35.51012000013793],[132.85348306069477,35.50770917134122],[132.84706972808556,35.506486387436894],[132.84193166021805,35.50321500007226],[132.83103000013443,35.505049721367584],[132.82705277626462,35.50120861258745],[132.82590916957258,35.497506108220364],[132.81933944216155,35.49746277528692],[132.81702722402724,35.49848194638474],[132.80640999972172,35.4930522247804],[132.80196832727654,35.48825389200357],[132.80032277567557,35.483488333220066],[132.7953694420462,35.484229999614854],[132.790161659633,35.481384441239015],[132.78274666662537,35.480677504863024],[132.7797852791674,35.47893027860954],[132.7752258369029,35.48057055928393],[132.7700911154127,35.4777069461187],[132.76699610938306,35.478204999661045],[132.7583466673649,35.475326946081736],[132.75546749682758,35.47615638720754],[132.74741916975893,35.47215777476157],[132.74132972798463,35.47204889204278],[132.739740000001,35.4712211083675],[132.73152444939387,35.4693566671765],[132.73584583661614,35.46638833335493],[132.747587224271,35.46116722478763],[132.7521756157122,35.45793869371579],[132.7570922183313,35.456061467762595],[132.7555425029842,35.4528266666174],[132.75766496776407,35.45054513514992],[132.75343202256988,35.4475639733987],[132.74688802925925,35.451140134709476],[132.74647985666013,35.44850389174127],[132.73925494166224,35.446354585795575],[132.7222268354002,35.44685717102169],[132.7156102721964,35.443019720683594],[132.70609444939942,35.44215777536107],[132.70266082973353,35.44500750479256],[132.70137389089246,35.44862889210975],[132.6935572237869,35.450639721346136],[132.68490138758898,35.451715000247134],[132.68333250319256,35.4499127750546],[132.6840963936337,35.44395944117531],[132.67923861207237,35.44437610787111],[132.6757016603034,35.4478005589487],[132.66823639429424,35.44456194557739],[132.6667986121663,35.442798892155224],[132.66556000019386,35.44411694574052],[132.66538778182075,35.444713892332345],[132.6647822179251,35.44477027892526],[132.6642180543198,35.44433083779796],[132.66377749713388,35.444640837704526],[132.6585138911032,35.44469138679813],[132.6554386117026,35.44007861293767],[132.65055306087515,35.441407774948914],[132.6471611148936,35.43818610840225],[132.6424749941258,35.43877138718983],[132.64123693883369,35.43135944108536],[132.63442499431812,35.431826666767336],[132.63173832726204,35.43489666714754],[132.6275511152918,35.43303194626736],[132.62840472120104,35.42862194614594],[132.62665944197977,35.42592666718201],[132.6237947208498,35.425135279069934],[132.62413194593262,35.42034805381968],[132.6227741629973,35.418562225066694],[132.63055778181626,35.4171905592969],[132.6357102721114,35.41838055931544],[132.64047778242377,35.41601555907084],[132.64466165970794,35.41622305425062],[132.6497483268239,35.41085277513554],[132.65634055797045,35.410588891564146],[132.66169291809376,35.40683408082822],[132.66188508432924,35.40522266659286],[132.66874055783057,35.40287461317291],[132.6717489105838,35.40065533277743],[132.67356844412848,35.394451107832424],[132.67295594016457,35.392425973080265],[132.67480272406658,35.38740102733561],[132.67471241234807,35.37220650472648],[132.67138691277592,35.35500119784706],[132.66946172507858,35.3485398018704],[132.66252050571688,35.3309495051156],[132.6559679769407,35.31892346764397],[132.65178722390135,35.31280446785195],[132.64322907925862,35.30194117104827],[132.63879102478597,35.29924694608974],[132.63669058440303,35.2956774676411],[132.62856172484373,35.28791005370607],[132.62417466912575,35.28616274831222],[132.61565713426944,35.28099117080592],[132.59800022023398,35.27618280159504],[132.5926310886539,35.27632441424038],[132.5856849419066,35.2750780267296],[132.58124230898545,35.271322224940775],[132.57553165985826,35.272638053603316],[132.57255416284443,35.26973222536196],[132.56645749681604,35.26724308090354],[132.56289994787437,35.26636119761122],[132.56224605710986,35.26555869387869],[132.56243530504537,35.265008558798],[132.5617397540865,35.264541081305936],[132.5592864718932,35.265372559396155],[132.55555547340646,35.26412413492096],[132.55077255500942,35.26023410841742],[132.54757725028992,35.260107532436734],[132.5461552791429,35.25896586468298],[132.54410608302942,35.25950758570656],[132.53683819662558,35.25573269400866],[132.5347268087952,35.25338863987389],[132.53019791200416,35.25290558612397],[132.52923077837784,35.250140278750905],[132.52756230935313,35.249047170790334],[132.52838761269822,35.24325072094405],[132.52618786018172,35.24130933285949],[132.51975972832884,35.23989255889455],[132.51611700369688,35.24035719812622],[132.51460791162583,35.239471026866454],[132.51439972756543,35.23876389174029],[132.51319046676667,35.23833244108931],[132.51186727625384,35.2384337209395],[132.50644169872544,35.23566917079563],[132.5043024768779,35.230491531858775],[132.50086233532852,35.22828846803844],[132.49446783362373,35.227951919245754],[132.49194111459087,35.23053966717197],[132.48637527879612,35.22977218933511],[132.48800936404098,35.225034360247605],[132.48161102492895,35.220219640024425],[132.47170552499006,35.2174920268356],[132.4676333848729,35.21742480161333],[132.4668189750157,35.21178853181533],[132.4641605322828,35.208525305798275],[132.45600661491346,35.20479433339182],[132.45208055797139,35.20031205385823],[132.4469418030219,35.19715435968601],[132.439793721603,35.19431944118929],[132.4379954219512,35.19485444067993],[132.4366015051554,35.192877891801345],[132.43410800258232,35.1913365860147],[132.4264639432564,35.18925769428722],[132.4222707777742,35.18700219819294],[132.42182691288178,35.18288419804736],[132.41579963674394,35.18297053206447],[132.41427775631348,35.17889533335301],[132.41524238712657,35.17555733320444],[132.4121096113695,35.17588294624102],[132.407778365779,35.17410880237935],[132.4035686896434,35.17034372138568],[132.40331955855083,35.164218197911566],[132.40453594018152,35.16005208133856],[132.4002181709319,35.155994333072044],[132.3976779117063,35.1569436133571],[132.39318557685294,35.15546019782994],[132.39446141356348,35.15300733292213],[132.39074396875924,35.14628750506438],[132.3864539426953,35.14726253204026],[132.3825460826357,35.144439802055274],[132.38794572011898,35.14319861262595],[132.39138046663527,35.139464251574],[132.3890044487963,35.13140222513266],[132.38519508428578,35.127532775117515],[132.3729759138074,35.12586153168439],[132.37584069968864,35.123251946420226],[132.36465277640457,35.121748892397534],[132.36370722380934,35.11808305428957],[132.36509138835697,35.11435500018314],[132.35429914429017,35.10785466715919],[132.352026005296,35.10869189191732],[132.35105905333273,35.10890272088392],[132.35001208778772,35.108229838236525],[132.34871756226573,35.1082148384441],[132.34334994784183,35.10328463987429],[132.33978513597526,35.102212441151266],[132.339345641788,35.09623455937748],[132.3363434107199,35.09599913485226],[132.3325391048959,35.09744386514234],[132.3312194424234,35.09321027873142],[132.32362832708566,35.08827750540263],[132.32460639377007,35.081911666889994],[132.32784555123123,35.080889721383585],[132.32668832700472,35.07574444095326],[132.31773444918554,35.07356250490574],[132.31539693941727,35.06859222535098],[132.31623861222226,35.066150837591124],[132.31135888540427,35.0617065589106],[132.31183224356323,35.05932566674619],[132.31081564182853,35.057835505404285],[132.3037114788018,35.05294994558358],[132.28978072579991,35.048064080892686],[132.28559936391957,35.04824205402764],[132.28020994813062,35.0433094407781],[132.26917044086326,35.03932405376213],[132.2595445266586,35.03850994607723],[132.2540066669742,35.0412398021752],[132.25247883303177,35.0380156400098],[132.24804919621351,35.03815797301212],[132.2469655248392,35.036243613152294],[132.23627581068013,35.03460358608669],[132.23317775594876,35.03164669433954],[132.23132280170603,35.031625359722625],[132.23091236101675,35.02656310830088],[132.2256545780964,35.02508587381408],[132.20563114126423,35.00945889241399],[132.20210308738763,35.00536169358736],[132.19541177703195,35.00176955941771],[132.1891586640412,34.9943334413353],[132.1827688073347,34.98982186458744],[132.16886888489114,34.9824029460392],[132.1546439168833,34.97646489164151],[132.15155778176631,34.97399144125205],[132.14793805369823,34.96615416168527],[132.1277287809586,34.955410251681826],[132.11800608261467,34.951493053961315],[132.11077769083784,34.950545198202406],[132.11127380004586,34.94955074766892],[132.11004961140054,34.94755222475544],[132.1085947727306,34.94826802664818],[132.1079638002892,34.94722741391405],[132.10660411169044,34.94709116212749],[132.1051228023755,34.94545577466431],[132.10855749673112,34.939960666951265],[132.10629713440528,34.93553689191407],[132.10340438410515,34.93333102670556],[132.09951058404624,34.93281491927314],[132.09475282688152,34.934668892355546],[132.09025204919283,34.93293936026333],[132.0839660048273,34.928482080983315],[132.08569099894055,34.92690674844772],[132.0811588331137,34.92202325167176],[132.0747991963259,34.918811413815774],[132.0711665243157,34.912978332783894],[132.07574155632778,34.91135161298661],[132.0779710251428,34.90578364040272],[132.07567111512992,34.90427746843045],[132.07204680861344,34.90763277513253],[132.07014224416935,34.90824091918313],[132.0684047728621,34.90800825197931],[132.06352192000065,34.90421338723809],[132.06412399542614,34.898995359748085],[132.07063250328747,34.892185559216216],[132.06544294383684,34.8923479462008],[132.0575609733603,34.88896646832791],[132.05890997441588,34.884406107855625],[132.05426771718146,34.88301653208731],[132.0557450838686,34.878829107877095],[132.05961330720845,34.87759013527659],[132.056838417559,34.87302927927789],[132.0514776910427,34.87104535955575],[132.04435141368685,34.87219010838686],[132.0423258877296,34.8743684408509],[132.0464141886639,34.87687635955638],[132.04116192038634,34.87867519790211],[132.03595202276767,34.882069027064006],[132.03068557667814,34.87495889163961],[132.02683518779372,34.87511230608811],[132.02654335868908,34.87259166737158],[132.02621350175173,34.87198061311483],[132.01818788616208,34.87210727902777],[132.01376968872023,34.870311081091586],[132.0079547730944,34.86544649525962],[132.00908085559706,34.86145208084889],[132.01532736666468,34.85910486469783],[132.00807133602336,34.84728894572834],[132.00091678308308,34.84404830618445],[131.99540583740952,34.842490828788755],[131.99304972786274,34.83978222457006],[131.9942286122607,34.83505055943584],[131.9914865892348,34.83242377463756],[131.99023858564226,34.828771161959594],[131.98641841757592,34.82665355891464],[131.9835043317596,34.82637846799196],[131.976014448608,34.821216387326444],[131.97263916976192,34.82320249509911],[131.96979082978305,34.82265610839272],[131.9675597277993,34.82079222478143],[131.9635886121248,34.82025138689204],[131.96290172523447,34.817959801903385],[131.95733221840726,34.817314441208566],[131.956366939183,34.81332694618169],[131.95359416294036,34.80894610837623],[131.95154160785899,34.80273938691323],[131.94868247691488,34.80107499991135],[131.9487567186477,34.79797966742774],[131.9467864461376,34.79313716175068],[131.938239533128,34.78849419764913],[131.93615635523167,34.788956414107304],[131.93497647168692,34.78983682880664],[131.9296799216911,34.784745693858724],[131.92537810641454,34.782429945885326],[131.92311427990012,34.788692999982004],[131.91675447493913,34.783485197783705],[131.91449308738618,34.77408244135165],[131.91030094713108,34.77340216178038],[131.90920538312196,34.774192135258886],[131.90862983140164,34.77374836029867],[131.9080602718641,34.77430638693028],[131.90858474658887,34.77465291909698],[131.90755916962007,34.77527333259826],[131.90092749690655,34.774172225168115],[131.8972669387183,34.775684161794686],[131.89539055812781,34.772792495177555],[131.8963255508835,34.77197333330275],[131.89447299603205,34.77109749525323],[131.8935997282449,34.769776667259464],[131.89509749695196,34.76647082866589],[131.89412888484026,34.76249555902291],[131.89098999998862,34.75930333268269],[131.88610499415017,34.75667805424888],[131.87584333300344,34.75977472132638],[131.86960693930882,34.75864833305417],[131.86879861156672,34.75831333289403],[131.86931027185165,34.75772749472816],[131.86937499426062,34.757184162119415],[131.8692386120723,34.756668891955826],[131.86951832730904,34.756353613028864],[131.8691330613418,34.75619582877454],[131.86464693900507,34.75528610786762],[131.8671674967826,34.751458613024624],[131.8680469393148,34.74966222533146],[131.8681886122148,34.74844055928446],[131.86981221765973,34.74695916183589],[131.86931360563847,34.74547277494867],[131.87098027242166,34.745171386950005],[131.87429250339642,34.743820559371386],[131.86906832724162,34.73688361268864],[131.87126360563093,34.73403389225035],[131.86886555080457,34.730728613035126],[131.8649922184162,34.728188054335305],[131.8649736060471,34.726612774859746],[131.86452555121332,34.724842224688985],[131.8562695850734,34.720061414302904],[131.8551127763336,34.717317305749134],[131.84913007779096,34.711280468019254],[131.82871858619387,34.69949338671046],[131.82129063575428,34.6968183326],[131.810798910941,34.69211277478479],[131.79995147907755,34.688755612781335],[131.79010552504997,34.68647000019041],[131.78355085588737,34.685860494566214],[131.77562433209732,34.68266827901789],[131.77223780812835,34.6824430806837],[131.76250832709763,34.679016667285396],[131.75204499388144,34.676696386728906],[131.739680000132,34.67461166739457],[131.72445111532681,34.673885559271184],[131.7230877817758,34.676228332771416],[131.71909055788296,34.67607749488053],[131.71483944188685,34.67304610779172],[131.70935888520444,34.675511386941025],[131.70497888466787,34.67264444088829],[131.69916360571585,34.67563249504366],[131.69096917029105,34.677113612803055],[131.69062165966193,34.68104500002676],[131.6882006613315,34.67474638673639],[131.68884483761917,34.6733456944483],[131.68444360588774,34.667155828978366],[131.68988138811562,34.663085000072726],[131.68876277628112,34.65681333316883],[131.69523778169832,34.65597333310291],[131.69650166012354,34.65279749510836],[131.69511111488612,34.64862166675658],[131.69886306128137,34.64886166703235],[131.69706722397325,34.64188527878264],[131.69826861210686,34.631781386601745],[131.69423055809386,34.627733054237126],[131.69615111518192,34.62286138714336],[131.69481861218924,34.62067861292769],[131.69993499380496,34.616233053612575],[131.70665389086446,34.61289638715857],[131.71841360580333,34.61340333319731],[131.7169177823298,34.60599027912815],[131.71984082989047,34.60067972129218],[131.71898917011413,34.59681555929069],[131.72046639380915,34.58937166656921],[131.7208391699918,34.58201610795709],[131.7251749940308,34.58049527883412],[131.7273430607337,34.57614944084406],[131.72441972808804,34.57199166728168],[131.72000000000003,34.57238833305519],[131.71414360584276,34.565826667167016],[131.71319527883907,34.5628097213916],[131.70602027171822,34.56338999994858],[131.70538861219472,34.55961249482084],[131.70092499359362,34.55101082928638],[131.70314221813896,34.5504669462926],[131.7051080542933,34.54205333259529],[131.7012125032545,34.53873361296593],[131.70673805391812,34.533075558890005],[131.7014149937071,34.53061055942982],[131.69530194562833,34.52379138706294],[131.68771749696498,34.52128555928118],[131.67847861229814,34.516841667309166],[131.67257749665418,34.51065166694093],[131.66926832697175,34.510654161660284],[131.6679697284203,34.50409527917384],[131.67550555074058,34.50096416176672],[131.6798349940898,34.49327166675408],[131.68212861244558,34.49284055874483],[131.68236555142914,34.488074440583034],[131.68066527877966,34.48537749517533],[131.6834533327052,34.47849082868885],[131.68875944159504,34.47917777493444],[131.69342194616593,34.48157610765128],[131.6960966666279,34.48085916182089],[131.70001250277483,34.474714721107546],[131.69887944243237,34.4701150000073],[131.69390722393928,34.46571582862265],[131.69414917034794,34.46245138672219],[131.6964727756981,34.45805222523006],[131.6955372235641,34.45460638737495],[131.69910166041336,34.45145944100045],[131.69716749658278,34.44615999968431],[131.69389639430324,34.443566107589845],[131.69742527915332,34.43530777533363],[131.70199389090544,34.436005829105795],[131.71006527928932,34.43179805413695],[131.71286944187136,34.42849472105456],[131.71734194577425,34.430010279251064],[131.72112499432308,34.42867861262795],[131.7259205580873,34.430165558893464],[131.7296113883549,34.432701945638314],[131.7378349941897,34.42859610792408],[131.74121972760838,34.42911027911612],[131.74545277622474,34.43527833332848],[131.7484841633136,34.4359761083108],[131.7519466674048,34.439010829186486],[131.7573088849971,34.439389162280065],[131.75666805418746,34.43684610796157],[131.7613938908155,34.43366582911477],[131.7707838912636,34.43708666671637],[131.77286416255117,34.435024162435184],[131.78004082982045,34.435697224947035],[131.78657666717947,34.43445333305493],[131.79066111541817,34.43590582899088],[131.7949361093141,34.43289472071484],[131.7932216597519,34.42234222511365],[131.78692360583977,34.41239055937689],[131.78783416311614,34.40811944065973],[131.78544165980486,34.40567777500934],[131.78477832705823,34.39986082871434],[131.77878333298452,34.398581946000036],[131.77471221809446,34.39479082873379],[131.77267832664347,34.38728444122404],[131.76947917012762,34.386629721284635],[131.76345666669192,34.380935559428565],[131.76360333262778,34.377106387349954],[131.7672188851435,34.37486055896767],[131.76593444911555,34.37173166738262],[131.76743000009446,34.367202224702964],[131.76616389135052,34.364872494969745],[131.76970250326792,34.35984805374471],[131.77123499389995,34.35579027939792],[131.7779647205955,34.35341555928068],[131.77949472100465,34.344561667187236],[131.7746072240442,34.33751972105836],[131.77756250330697,34.33292638694326],[131.77989444896969,34.33366610810447],[131.78446472087023,34.331726107673774],[131.78806666664343,34.328757225265804],[131.79056944212607,34.33006972104084],[131.79613778163343,34.32656277515201],[131.7964674973772,34.318878613257425],[131.80244749705446,34.316993892354276],[131.80632389073503,34.31237722532876],[131.81309693867286,34.31237722532876],[131.8165430607138,34.310238892011284],[131.81946083015328,34.30297222508818],[131.82346389064605,34.30528694603578],[131.83143666656895,34.30261527877212],[131.83406082984345,34.3111558290783],[131.84130805432335,34.30838082881223],[131.84518639413682,34.31097527938567],[131.8507211151874,34.30661249457103],[131.8546155510669,34.306483612728584],[131.8603416604393,34.30462082898811],[131.8650805579215,34.30613110816415],[131.8695761087505,34.30496972097592],[131.8728649942242,34.30847416225282],[131.88526666682333,34.31067055939883],[131.8864194421036,34.31357138740964],[131.8840130613538,34.321294721074594],[131.89053055793897,34.32432944105091],[131.89982917018017,34.31907333266821],[131.9036011147997,34.322909999696776],[131.90870027170024,34.325478612747816],[131.91328138762606,34.33028694598585],[131.91504749694445,34.335463612755575],[131.91894111534032,34.337984441229025],[131.92148916988936,34.33550499955612],[131.92764888468832,34.3346388921712],[131.93486778232239,34.327941666974425],[131.94217306073824,34.32532305431556],[131.94648472089318,34.320290000283364],[131.9501233329255,34.31461582855769],[131.95868138763603,34.30634361256773],[131.96097916985286,34.3080177752002],[131.9635055507406,34.31359527879914],[131.9607588854143,34.320794162021],[131.96243666691873,34.32296972097589],[131.97041583702128,34.32371889221315],[131.974170557825,34.328950558821305],[131.97546999994063,34.33743555890396],[131.97401527908198,34.3411283326065],[131.9797805584261,34.34278472103807],[131.98062610910767,34.34700694631357],[131.98363583692435,34.350964162066475],[131.9895961090732,34.352381667180225],[131.9942200003528,34.35806277537682],[131.99454499375656,34.36160305373801],[132.0009980539171,34.36622694591688],[132.00722277621026,34.364783613173245],[132.01211138833003,34.36740082918499],[132.01176082989844,34.3750341622968],[132.0135216601965,34.382025559332135],[132.0074574965663,34.38594861343779],[132.00703583683446,34.39085082870281],[132.00026000009893,34.39727749466073],[131.99751861199445,34.407089440825075],[131.98987639358074,34.413954162055006],[131.99183944183687,34.41605138736168],[131.9974619457123,34.4277886129542],[132.00629778211703,34.43231110837098],[132.00985610897226,34.431418333389445],[132.01106693908798,34.434298891580625],[132.01623333290206,34.4374694406622],[132.0173208299924,34.44027138731474],[132.01542444937888,34.45204222506868],[132.01916944221603,34.45672916242097],[132.0220791699178,34.457554721173494],[132.0232786119185,34.46115249499172],[132.03481583728114,34.46340555931914],[132.0390538906246,34.468887775250664],[132.04106610931353,34.467992775346374],[132.0459366666439,34.46948972117377],[132.04984165966493,34.46639138675317],[132.05488389127868,34.46774194633383],[132.06418221843467,34.46887833326849],[132.0685849943021,34.46767110763557],[132.06717944207765,34.47200694606374],[132.06148666697618,34.479376945989316],[132.05807082960519,34.48032499959908],[132.05744916964352,34.486616108046974],[132.0597427763081,34.492270278850356],[132.05220389089686,34.49891555920573],[132.04753138766353,34.50039222532098],[132.0393580539311,34.49949416232579],[132.03644805373472,34.5012619461819],[132.0426288846154,34.50708833266049],[132.04712472142876,34.51247416195304],[132.04887722400474,34.51647527901099],[132.047836109449,34.52148972067414],[132.05271221829435,34.53026582860514],[132.05761389126815,34.52957110772047],[132.05880306121242,34.53107749463072],[132.06751306087915,34.5341269464015],[132.07429888458591,34.5349461082763],[132.07609221818143,34.53692527867872],[132.08395055807182,34.53752999990962],[132.08816527940417,34.54151889158362],[132.0887666668483,34.54408333267969],[132.09506693938783,34.54792833282636],[132.10018917019408,34.5550988919004],[132.10709861201144,34.557333333066936],[132.10945666679186,34.561209161973295],[132.11374055768067,34.56261333283908],[132.11903499426967,34.57263389204053],[132.117880271957,34.5782980543118],[132.12552832697077,34.583151386927],[132.1242805581013,34.587841107681015],[132.12968416339345,34.595478612747854],[132.1246699996209,34.59765472118846],[132.12064221766423,34.60064333292354],[132.1165455512363,34.60671889186341],[132.1170697282854,34.61153361298591],[132.12239194583174,34.61903472057594],[132.12191972801315,34.6216469462496],[132.1266947206849,34.627357775241194],[132.13080527894056,34.62916527855481],[132.1308708296251,34.63365055912607],[132.1267591697,34.63925194602052],[132.12775138811617,34.64177972085747],[132.13444250331895,34.645137495299196],[132.1335036057069,34.64799610823388],[132.13622055833218,34.64977805371427],[132.1460849943271,34.66209138680813],[132.14779416307022,34.6675536126092],[132.15074749709936,34.66987333288807],[132.15543166004318,34.6769913868431],[132.1571300000495,34.681279440693686],[132.1609072236895,34.681648053914614],[132.15979277571614,34.68479749500847],[132.1610819457752,34.688119161670045],[132.15751027208148,34.69271999972824],[132.15186610893386,34.69271416222887],[132.14455221771073,34.69396416231626],[132.1422219456863,34.69159389204452],[132.13652221792609,34.69485389219341],[132.1363074966937,34.696563613120304],[132.12958972828335,34.70003472102559],[132.13204333333329,34.702327225121394],[132.13046194566232,34.70618472134788],[132.1415047210661,34.71004833296422],[132.14308693881128,34.7160530541052],[132.15416221841167,34.71999416210093],[132.1557847212879,34.72312749543761],[132.15992861201585,34.725428613239956],[132.16394916971842,34.725713612892946],[132.16552472078934,34.72793444102166],[132.17125027168277,34.72971416157935],[132.17679861206636,34.73397138667019],[132.17784722427007,34.736627224966526],[132.18467194635332,34.73379722486209],[132.1876505576272,34.734275828766556],[132.19187666707455,34.73736777530263],[132.1965280542264,34.738572495424364],[132.19568693900112,34.74444638679137],[132.2033616598128,34.74883416196707],[132.2098858365622,34.74488055879078],[132.2149763941453,34.745652494567025],[132.22250027167024,34.74971749496649],[132.22134416260303,34.75191472128739],[132.22455749693097,34.75775389162885],[132.2221688849861,34.7602763874454],[132.22678138815058,34.76459582943403],[132.22518666713108,34.76998472091816],[132.23277832655856,34.773110278716445],[132.23559583687847,34.77666361343506],[132.24068583688188,34.78043666691872],[132.2428622178171,34.783733891805696],[132.24124027162134,34.787537495259244],[132.24284916955355,34.79203472062591],[132.24304749704447,34.798009999761746],[132.23936749731217,34.79930777543353],[132.23837944185777,34.80185889217421],[132.24279277576602,34.806689161675536],[132.25569416295536,34.80740055868887],[132.259633891391,34.806824999773994],[132.26791027214142,34.8017594406457],[132.26857749715384,34.799731107904336],[132.27470693897408,34.79995277460091],[132.2785694417264,34.79751999964833],[132.27470639398496,34.79160194617293],[132.27924610872105,34.789980278766905],[132.2795566671066,34.78438082901209],[132.2846522177257,34.780591387182824],[132.28956333268172,34.77838749508686],[132.2934049936456,34.779164720675396],[132.29865360617907,34.777009441432654],[132.30220306122237,34.785281386726695],[132.30671749691498,34.789991108403],[132.30588389102877,34.79334555895042],[132.3129558367425,34.796996107684265],[132.3158213879468,34.80141694643498],[132.31903749668322,34.80126389171528],[132.31956360637537,34.79732166676155],[132.3248955509889,34.79255972055472],[132.3338008303441,34.79004222496877],[132.3379838910438,34.79036333330123],[132.34678639407684,34.79344389172229],[132.35234749673964,34.79806638725404],[132.3568588846299,34.796952495061646],[132.36031805403502,34.7998700001005],[132.37307861188845,34.80122916169648],[132.37805888470984,34.7991902790082],[132.38304832701874,34.79479666723245],[132.38193832709214,34.79268527940218],[132.38139693881772,34.78583777479355],[132.3874416600047,34.78274361322724],[132.3928461088609,34.78374472144179],[132.39668082975652,34.77942333332021],[132.39862055769265,34.78333916227257],[132.4067586119205,34.78954638735593],[132.40689389064062,34.79169361316974],[132.41449055839257,34.79717027938494],[132.4203369385989,34.797314721297425],[132.4247125027798,34.79908305373999],[132.42441444856797,34.80691416215893],[132.42115749712082,34.8117769457495],[132.4299174972947,34.81422194608598],[132.43662055819232,34.820952494761855],[132.43997693868482,34.81816472142481],[132.44598583717675,34.81519638670392],[132.44517832691827,34.813315279276765],[132.45668166043038,34.807406108405246],[132.4566861093765,34.80434305438848],[132.46579389087537,34.801659161740986],[132.47198749662573,34.80225027892726],[132.4743330607222,34.799805559179276],[132.48005277591494,34.79997722536871],[132.48354444861752,34.797153613148794],[132.49501639399148,34.80143472063588],[132.49843778197817,34.7987949999893],[132.50107972844683,34.79952749509789],[132.50514778204456,34.79601527918186],[132.50858610876196,34.79740222533246],[132.5112674967976,34.801434440946764],[132.51347360572242,34.80079249497771],[132.51837805400407,34.80390027857504],[132.52050138842844,34.8036461076818],[132.52724165967493,34.79887305394834],[132.5332097280466,34.79732333320533],[132.53785082965214,34.79500138710438],[132.54364861229374,34.796552494602],[132.54652527911844,34.802643612712586],[132.55408472123293,34.80828389168829],[132.55883333319184,34.80695472068385],[132.56248944243384,34.807680559010635],[132.5679958366386,34.8065391619528],[132.5684513882211,34.81073777462865],[132.58017639382558,34.81587722475416],[132.58584555093148,34.82300722530323],[132.59027194569376,34.82133110844393],[132.5921183266995,34.82703610803003],[132.5968631911834,34.830724332961665],[132.60027639444013,34.83186027922858],[132.60543666656895,34.830699440626745],[132.61249472135432,34.833464161641814],[132.61094888478328,34.83780916236299],[132.61396639443365,34.841173892161464],[132.61964333337323,34.84350110828956],[132.63118027185214,34.84313222527203],[132.6331283266111,34.83986777527764],[132.63947861224824,34.83972749542761],[132.64303693910347,34.837649720658135],[132.64750693929386,34.84007416159335],[132.6527708304095,34.840180558585985],[132.65327555062618,34.836932774827744],[132.65731778199006,34.83549166700686],[132.65976082989846,34.83233527865025],[132.667444721097,34.83227666713452],[132.6706686116671,34.83787472114153],[132.67112250310106,34.84213555880905],[132.67516306082666,34.84759444093078],[132.68385972804413,34.8513511078674],[132.68961888480374,34.8502863870072],[132.69396416341544,34.84354472091218],[132.69865749674614,34.84294749463123],[132.7025105584156,34.847301108159684],[132.7105977820621,34.84986027922855],[132.71013527872014,34.85828082939679],[132.7063513884059,34.86227833297875],[132.70209083042755,34.87986694620264],[132.69983250326743,34.88223389168081],[132.69218499414228,34.88298361330317],[132.68772499441297,34.884654441249495],[132.6815197280531,34.88434972126265],[132.67933778211307,34.8860794413132],[132.6787294420102,34.890712494885804],[132.67455749693102,34.89442749533271],[132.66675861212036,34.89031694607024],[132.66402861213078,34.88974833261949],[132.65932639439768,34.89221666676582],[132.65787861180854,34.89724166736909],[132.6556911152528,34.8994883330202],[132.65124832674894,34.90070389177123],[132.64564666735987,34.89901333269921],[132.63738111534622,34.89857638719059],[132.63336111522335,34.90152527856878],[132.63402917031,34.90480416178269],[132.64124944210812,34.90377444073789],[132.64284111532527,34.90900722520331],[132.64710666723897,34.91044416196854],[132.65115888467483,34.91985582888344],[132.65601749720975,34.923229999764715],[132.66081194581466,34.923261946381785],[132.66576194565732,34.92765138710189],[132.66704250290923,34.93079749530824],[132.67171027211145,34.93080110788486],[132.67592805383663,34.932774161998054],[132.68195722394682,34.944261386853555],[132.6844902724082,34.94643944142712],[132.68509444864992,34.95055749463273],[132.68951693855593,34.952232775122525],[132.6940208296976,34.952071387284775],[132.6983691696015,34.95363666719851],[132.70198306106943,34.951459720589696],[132.70646221815696,34.95487305424808],[132.71441555073716,34.95337527924579],[132.71687138790435,34.94959389174477],[132.72039316541236,34.94799369385396],[132.727438054123,34.95335249492177],[132.72768165978084,34.95644499993688],[132.73269082961815,34.95741194560486],[132.7405377822929,34.96103582944005],[132.74059944161104,34.956738053918116],[132.74972194591112,34.96025889163457],[132.75135306069524,34.96981582873758],[132.74513000034926,34.97682638672842],[132.75323277597192,34.97886944137167],[132.75594416269303,34.97727500004129],[132.76870333289253,34.983948612638414],[132.76342722358754,34.99287194588362],[132.76580027186515,34.99581805386015],[132.76979583740808,34.99758305431453],[132.77732444896424,34.998860829064085],[132.78132360639938,35.00318000035679],[132.78785055755725,35.00489583757292],[132.78652472123895,35.008832504716395],[132.78702639365326,35.013300837563634],[132.79312610928253,35.01974222542344],[132.799026393953,35.02137250473737],[132.80883444875087,35.02856027863402],[132.81332083009227,35.035936386754884],[132.8137191704035,35.04055166702585],[132.82743444944037,35.047085278562804],[132.83102805400154,35.0456322250472],[132.83677027203055,35.04710222538745],[132.83793861187746,35.05093166726266],[132.83308888464433,35.05474972102286],[132.8278477823493,35.06121972081354],[132.83148916968946,35.06597083828359],[132.8392572239418,35.07054277482922],[132.84065888479972,35.07421972136308],[132.84482749699146,35.07694472112206],[132.845906393865,35.08077417109115],[132.85836732818973,35.08894325192961],[132.8612977816673,35.09575889175949],[132.8702618937715,35.09908194607499],[132.87327228258982,35.102316640200854],[132.87749189443548,35.10155791906277],[132.88350693889413,35.10490305443244],[132.88856055772362,35.10568305442945],[132.897354993838,35.10406055874785],[132.897354993838,35.10145110838198],[132.9028299999046,35.09657666687974],[132.90497610876048,35.09174917088757],[132.90774194583423,35.08989917100996],[132.909477782174,35.08621694635502],[132.92039722365303,35.08385110794234],[132.92364250279934,35.08423999997609],[132.9266136056334,35.08110805429334],[132.93358944169938,35.08392138726225],[132.9433669393328,35.078950837910895],[132.94759111523786,35.075762225046674],[132.95518389072402,35.078235559423604],[132.9658069390391,35.079735278760154],[132.97495666671682,35.08317638708064],[132.97808555110737,35.08657277481376],[132.97866888466137,35.09113138700394],[132.9823980539271,35.09755861323947],[132.98729832665651,35.10065889199433],[132.9906963943232,35.10130444064748],[132.99230861165313,35.09835805388116],[133.0001119463093,35.09719110798329],[133.00326472119002,35.09296417115962],[133.00353333339672,35.090302224667994],[133.00738917037393,35.090450837636126],[133.0146244491591,35.087646666960154],[133.01641416298332,35.07840944064321],[133.0239133334337,35.07775666683676],[133.0285433329085,35.07344138691053],[133.0313763943052,35.07286527940914],[133.0331058373646,35.06824444132798],[133.04342499396842,35.0676041707959],[133.05236082958868,35.07022889165006],[133.05998277638412,35.08109638738841],[133.06722389086997,35.08095722539571],[133.0714858374015,35.082238612721824],[133.08133861188753,35.080597775367096],[133.08538861159525,35.078184441059136],[133.09321055772114,35.08423499974549],[133.09620194566332,35.085389999948575],[133.10012693870726,35.08294833339892],[133.10678027159236,35.08236027930349],[133.11130888509706,35.08557861296265],[133.12216944166641,35.08398666725094],[133.12619583686842,35.08025999989911],[133.12657221843324,35.07688083778049],[133.13415055800192,35.07623194634732],[133.13641944230346,35.07425972140908],[133.140813606263,35.075638332642995],[133.13969861240105,35.079662504720886],[133.14129027212846,35.08284110813071],[133.1374163938516,35.08535305400028],[133.1366822179101,35.08869666681778],[133.1398188850336,35.10000527912041],[133.14558583711676,35.10533750522177],[133.1442091702171,35.11127833312861],[133.14030416280696,35.117283612748565],[133.14664888523794,35.123693613369596],[133.14531252865038,35.131725026888546],[133.14840389062715,35.13977305358361],[133.15515639355283,35.14429861299067],[133.15745527923787,35.14890583803407],[133.16613027189464,35.14920972075208],[133.1709136057783,35.153547505313156],[133.17757722420959,35.15580722462374],[133.18416416284595,35.156903053932865],[133.18858416342846,35.16173555914878],[133.19186250255257,35.16272972099989],[133.1949052786557,35.16989027871347],[133.19346416274095,35.17254472126194],[133.19364693915497,35.17750166656873],[133.18865666677186,35.18512972066014],[133.18555527915282,35.18511194555987],[133.18213250261294,35.188034171140146],[133.18293138837294,35.19293277472781],[133.18465832682034,35.19537166686899],[133.1808125028948,35.202670278610526],[133.17377166023402,35.20537638721055],[133.17182055767262,35.20872250463992],[133.16381221805943,35.2064225046949],[133.15968306092464,35.2065738920715],[133.15763360580638,35.2039047213259],[133.15288055839108,35.20379805363734],[133.15170138800875,35.206271666804014],[133.15342444857947,35.20980833258852],[133.15145306091006,35.21257944058874],[133.15247250270386,35.21879999992012],[133.1588822182398,35.22265944138019],[133.16329082980803,35.222583892033015],[133.17726472059041,35.23037361275209],[133.18162389102986,35.2344399999061],[133.19352389121468,35.237281666915464],[133.1981213882915,35.23987222522305],[133.20632333305548,35.24205750494997],[133.21202250323597,35.24169694605729],[133.22560666741379,35.249560000193924],[133.2281849940423,35.24679694562258],[133.2332111152009,35.246745559260205],[133.23566055818833,35.24905500028808],[133.24342194576627,35.25047638687579],[133.24562306075575,35.253674171026205],[133.2502049941652,35.25652944118082],[133.25194000043075,35.25929083830158],[133.25866805438727,35.26139166719173],[133.26406416293082,35.258419171307764],[133.26927083018472,35.25883750534666],[133.27521111490114,35.25780555937911],[133.27859722428252,35.259103333252256],[133.28224221790413,35.26240250517151],[133.28504972776284,35.26115083774101],[133.29179527892904,35.260767224727715],[133.29868749693048,35.26457194603853],[133.30253722391376,35.26312055896665],[133.30524221825385,35.26586305413667],[133.3105513884359,35.267918053575386],[133.3092163943212,35.27017277535333],[133.30725722394175,35.28190277489318],[133.29951194591968,35.29226889229557],[133.30690639391503,35.303482504713884],[133.30262749696146,35.30536250507561],[133.3012338913311,35.30896944118683],[133.29263555059026,35.3207469456151],[133.29600250261342,35.32203110824912],[133.29855916996974,35.3251036132412],[133.29557444870193,35.32886805391763],[133.29689027196855,35.33906610781469],[133.29525333317486,35.340605837989074],[133.2960463940259,35.349370279015204],[133.3024941625756,35.35673555929867],[133.3086569386669,35.36648610784766],[133.31597360609715,35.365489999863655],[133.31928444941786,35.368951666686144],[133.31823055819382,35.372403054257575],[133.32414555127627,35.373459720789526],[133.32369917008066,35.3774244413849],[133.319023605555,35.38349194599658],[133.31356666686827,35.387345558950415],[133.31514138786486,35.39176277523194],[133.32105666693167,35.395506107920596],[133.32057250341836,35.41027750490298],[133.30869000044322,35.43087666702462],[133.30072055830715,35.43630055922347],[133.29067472096165,35.439462775186996],[133.27202166027143,35.44601250527296],[133.2597369391085,35.4538822251846],[133.2224997282799,35.480223613429075],[133.2160547206489,35.49555527905295],[133.20802027191803,35.510496108308814],[133.20420832725256,35.51612527885857],[133.1986319460076,35.52601555867113],[133.19812444868444,35.52873194562284],[133.2010211146328,35.535242504837754],[133.2097738905527,35.54030250525648],[133.21851416319817,35.54630917073172],[133.22772389094484,35.548870278940285],[133.2338369390236,35.549378332943775],[133.24462115394317,35.54911196364628]]],[[[131.890024449169,34.764615279071904],[131.88885805365635,34.76384361309232],[131.8899052791054,34.76325805371624],[131.890024449169,34.764615279071904]]],[[[131.88200277620717,34.77503638731946],[131.8820469392149,34.7753902786385],[131.88172416264,34.77551805431483],[131.88180389113677,34.775138613256445],[131.88200277620717,34.77503638731946]]],[[[131.8335188848887,34.837395279068915],[131.83333416324115,34.83524694618967],[131.83753250342238,34.83353722526277],[131.84162444930894,34.836023053920826],[131.8361088847173,34.83785082885271],[131.8335188848887,34.837395279068915]]],[[[132.14849055759328,34.970693225312175],[132.1484545010744,34.970717107708424],[132.1482058628104,34.96994927913596],[132.14823917010165,34.96994477533116],[132.14849055759328,34.970693225312175]]],[[[132.14859802927572,34.97154613514607],[132.1485441122211,34.97159589193694],[132.14812836643102,34.97129825231252],[132.14835810634156,34.97137158573014],[132.14859802927572,34.97154613514607]]],[[[132.1485419196739,34.97171894617247],[132.14855511003032,34.97185974762931],[132.14838241231848,34.97189191907688],[132.14833108890866,34.97177433271935],[132.1485419196739,34.97171894617247]]],[[[132.14977641994585,34.97315130628783],[132.14960574570864,34.97323133335942],[132.14952613502317,34.97319769421824],[132.1497434759807,34.97307141411454],[132.14977641994585,34.97315130628783]]],[[[132.19353199700413,35.002093441259376],[132.19336369607777,35.00195355890969],[132.19366933876904,35.001901305600825],[132.19353199700413,35.002093441259376]]],[[[132.234777198409,35.03350680169757],[132.23440080425382,35.033722918677825],[132.23442275040964,35.03350422513995],[132.234777198409,35.03350680169757]]],[[[132.23642180302386,35.03577577503205],[132.23652619992424,35.03582691857747],[132.23641878130172,35.0359640813773],[132.23630024615954,35.03590655894061],[132.23642180302386,35.03577577503205]]],[[[132.23653483791247,35.03588405430571],[132.23654221774916,35.035985108426075],[132.2364507261202,35.036133919245],[132.2362999475846,35.03617455870898],[132.23624055815526,35.03608472093316],[132.23641832714418,35.03604391869197],[132.23653483791247,35.03588405430571]]],[[[132.23639286643765,35.036286748234886],[132.2357022176833,35.03651474795731],[132.23566644624952,35.03644138666073],[132.2362611930996,35.03624130639122],[132.23639286643765,35.036286748234886]]],[[[132.24953708227065,35.03838186463139],[132.2496530606403,35.03859319811767],[132.2495463039188,35.03861633317729],[132.2494953312446,35.038504586117824],[132.24953708227065,35.03838186463139]]],[[[132.25100749719832,35.03844341423223],[132.25122944178543,35.038647440726834],[132.25092055793743,35.0387378918403],[132.25100749719832,35.03844341423223]]],[[[132.26105805418592,35.0389425046929],[132.2610374965833,35.03909166714675],[132.2609280535869,35.03908333312938],[132.2609600002039,35.03894805440922],[132.26105805418592,35.0389425046929]]],[[[132.25958878139716,35.0389508917703],[132.25951861179453,35.03913522491075],[132.25933841823348,35.0391443602241],[132.2593151096047,35.038971468258694],[132.25958878139716,35.0389508917703]]],[[[132.25923997394568,35.039030774950334],[132.25935732827816,35.03929938715703],[132.2592603372948,35.039385919024994],[132.25913031061543,35.0391681347017],[132.25923997394568,35.039030774950334]]],[[[132.24866919602664,35.03943266668426],[132.2484168345693,35.03924905390079],[132.24872616088373,35.03918210836764],[132.24866919602664,35.03943266668426]]],[[[132.25303408615423,35.0393482518204],[132.25285863831562,35.03960086508789],[132.25277527925584,35.039549081225175],[132.25303408615423,35.0393482518204]]],[[[132.2583333332168,35.04094302679931],[132.25821302191355,35.04093877480466],[132.25831594032843,35.04076119827073],[132.2584700517516,35.040933973324286],[132.2583333332168,35.04094302679931]]],[[[132.25816499361963,35.040749053825834],[132.25819313880243,35.0408170003044],[132.25806583706878,35.04106877540369],[132.258003773955,35.040945251722064],[132.25816499361963,35.040749053825834]]],[[[132.25848141378628,35.0410157477786],[132.25828639400197,35.04116408105756],[132.25819236088876,35.04098513485616],[132.25848141378628,35.0410157477786]]],[[[132.25744158166367,35.040727613088904],[132.25733885930094,35.04111980203726],[132.25702525311306,35.04090550528491],[132.25744158166367,35.040727613088904]]],[[[132.25783658908733,35.04140944129273],[132.2576131911959,35.041293864919965],[132.25785508364527,35.04118713517818],[132.25783658908733,35.04140944129273]]],[[[132.25842085613772,35.04144777489495],[132.2582124382535,35.04131666723043],[132.25850325562078,35.04122541392178],[132.25842085613772,35.04144777489495]]],[[[132.25427166030897,35.04256917103049],[132.25423389058165,35.042408892056756],[132.25446111508847,35.04231805423484],[132.25452832682095,35.04244527862676],[132.25427166030897,35.04256917103049]]],[[[132.25456583664413,35.04283972127615],[132.25479250267188,35.04220972100188],[132.25505194629034,35.042346945854945],[132.25456583664413,35.04283972127615]]],[[[132.2821891958747,35.05202294600218],[132.2821455247962,35.050369413817464],[132.28361955859577,35.05125019813818],[132.2821891958747,35.05202294600218]]],[[[132.28459766485037,35.0525116403],[132.28414530496195,35.05238653201292],[132.28392635511727,35.051756135137566],[132.28448880731264,35.05174561306961],[132.28488374818653,35.052180892134515],[132.28459766485037,35.0525116403]]],[[[132.30503083010876,35.05570361303137],[132.3050786119884,35.05579917139471],[132.30486666696322,35.05587250481227],[132.30481527880215,35.055745838000064],[132.30503083010876,35.05570361303137]]],[[[132.30542111519242,35.056317504649144],[132.30558194634978,35.056365279334216],[132.30554083024515,35.056475279010954],[132.3053902720435,35.0565005589537],[132.30542111519242,35.056317504649144]]],[[[132.31112005244847,35.06148472134288],[132.31066486419218,35.0611192791315],[132.3109059661375,35.06057619833291],[132.31142189370553,35.06023805414293],[132.31136683541115,35.06129125198976],[132.31112005244847,35.06148472134288]]],[[[132.31271722412066,35.063974170671486],[132.31254666679536,35.063722505289434],[132.3128541629893,35.06370944083807],[132.31271722412066,35.063974170671486]]],[[[132.3102838906891,35.064371108040234],[132.31033861173762,35.06453166670309],[132.3100786123382,35.0644752792108],[132.3102838906891,35.064371108040234]]],[[[132.3105988854303,35.065027505215255],[132.31035583735206,35.06477110760056],[132.31062277592048,35.06465000039725],[132.31082805427138,35.064813332569315],[132.3105988854303,35.065027505215255]]],[[[132.3113244485645,35.06565805407598],[132.31119527893907,35.06539444120057],[132.311574163317,35.06537055880432],[132.31162221769125,35.065584720658364],[132.3113244485645,35.06565805407598]]],[[[132.5856969784329,35.27545302693568],[132.58565574631575,35.27517530639534],[132.58588766528362,35.27523453214798],[132.5856969784329,35.27545302693568]]],[[[132.59031736685301,35.27629719805731],[132.59036211442015,35.276466775121605],[132.59024085613066,35.276447559307485],[132.59031736685301,35.27629719805731]]],[[[132.59468814484205,35.27664680230811],[132.59448944233395,35.27665705368014],[132.59448997383333,35.276571171122725],[132.59468814484205,35.27664680230811]]],[[[132.59157693932434,35.277175359954924],[132.59149775581682,35.27699500001927],[132.59165383855384,35.276954892054675],[132.5917138386228,35.277093748277935],[132.59157693932434,35.277175359954924]]],[[[132.59245236098775,35.27731474767751],[132.59217116726563,35.27729380156774],[132.59215085607718,35.27704544119422],[132.59256516205267,35.27715133276786],[132.59245236098775,35.27731474767751]]],[[[132.5940715822378,35.277487612663265],[132.59404705592692,35.277590612916526],[132.5938521143836,35.277580224847554],[132.59386919610654,35.277424386726125],[132.5940715822378,35.277487612663265]]],[[[132.59898905270268,35.27882719781695],[132.59879561572518,35.27895455890581],[132.5984615823362,35.27898061316483],[132.5986429441166,35.27879219800161],[132.59898905270268,35.27882719781695]]],[[[132.6649284180121,35.40214502737115],[132.66463391702166,35.402200775445465],[132.66461914385843,35.402138919175854],[132.66490360571686,35.402085279112384],[132.6649284180121,35.40214502737115]]],[[[132.66262844414746,35.40021941429461],[132.6621518025637,35.40125486492013],[132.66090411193534,35.402536999582935],[132.66079700357886,35.40246622473654],[132.66204258080052,35.40120069425666],[132.66262844414746,35.40021941429461]]],[[[132.66255538322446,35.40344722500947],[132.66274708181243,35.4013313873337],[132.66282114098294,35.401306027351325],[132.66255538322446,35.40344722500947]]],[[[132.66412717333048,35.40347977507162],[132.6640497282125,35.40337427919968],[132.6641342797733,35.40269572093081],[132.66421360627294,35.40263599965169],[132.66412717333048,35.40347977507162]]],[[[132.66553581112885,35.4032150002721],[132.66516341086276,35.403548891568164],[132.66513897538346,35.403530693786536],[132.6655113621597,35.40319680159115],[132.66553581112885,35.4032150002721]]],[[[132.663914526834,35.40355063985021],[132.66377033673177,35.403616559256875],[132.6636509733138,35.40356008093306],[132.66368518802108,35.40344725198912],[132.66383535681632,35.40344880242037],[132.663914526834,35.40355063985021]]],[[[132.6632959137754,35.40368341395845],[132.66336888476633,35.40375044132986],[132.6631906364388,35.403875467778676],[132.66315686060068,35.40368597342899],[132.6632959137754,35.40368341395845]]],[[[132.64674444909713,35.41070027889481],[132.64659333331576,35.41031777474558],[132.64689749662227,35.41030472108605],[132.64702165972187,35.410595837927644],[132.64674444909713,35.41070027889481]]],[[[132.65119861222627,35.41056555865367],[132.65137778235885,35.410641386790644],[132.65126055842813,35.41072333301548],[132.65119861222627,35.41056555865367]]],[[[132.6476794418528,35.41057305360357],[132.6477619456573,35.41078166664067],[132.64750639430474,35.410773053833395],[132.6475005577047,35.41059555913779],[132.6476794418528,35.41057305360357]]],[[[132.64756555080953,35.41232166661166],[132.64751472112755,35.41245138662225],[132.64721000024133,35.4122413868306],[132.64727250312353,35.41218305410473],[132.64756555080953,35.41232166661166]]],[[[132.6457008299294,35.41402055880178],[132.64549693923243,35.414174720586914],[132.64547083011473,35.413985279297265],[132.6457008299294,35.41402055880178]]],[[[132.6447302716848,35.415206108075495],[132.6448555508431,35.41536444091628],[132.64478666727098,35.41547722489406],[132.64449472125443,35.41529417058956],[132.6447302716848,35.415206108075495]]],[[[132.64071610906126,35.41573555874908],[132.64048999971374,35.41589138697799],[132.6403316596784,35.41571889161361],[132.64071610906126,35.41573555874908]]],[[[132.6387849939324,35.41604527896652],[132.63823499375007,35.41600361337612],[132.6385249936336,35.41566944059224],[132.6387849939324,35.41604527896652]]],[[[132.6326122182793,35.41663083834254],[132.63254360630242,35.41677833255403],[132.6323169393753,35.4167997211303],[132.63241693859095,35.416636666848774],[132.6326122182793,35.41663083834254]]],[[[132.62248027174724,35.41862472075434],[132.62257499374107,35.418760837642594],[132.62235778228592,35.41909250491523],[132.6221480540895,35.419125838286845],[132.62235944243434,35.41863777531313],[132.62248027174724,35.41862472075434]]],[[[132.62187111506,35.41890083780345],[132.6218780542289,35.41900444060252],[132.62165416260962,35.41918944103992],[132.62158000001705,35.419069440902035],[132.62187111506,35.41890083780345]]],[[[132.62273499392484,35.4191594405558],[132.6227925028718,35.41927083777898],[132.62259693899762,35.41932389238377],[132.62257055828468,35.419184440809374],[132.62273499392484,35.4191594405558]]],[[[132.623106939134,35.420161946316796],[132.62289360555553,35.42022417130852],[132.62294861168914,35.42008889168903],[132.623106939134,35.420161946316796]]],[[[132.62192999996955,35.42113083811773],[132.6219163941264,35.4208041710757],[132.622329170355,35.42089417072947],[132.62192999996955,35.42113083811773]]],[[[132.6101711151049,35.421885279382195],[132.6098752786213,35.42150777456419],[132.6105286118061,35.42131083832459],[132.61069416260557,35.421631666967926],[132.6101711151049,35.421885279382195]]],[[[132.6235677823273,35.422296667057594],[132.62302389123965,35.42264027912563],[132.62283166025293,35.42225166678105],[132.6235677823273,35.422296667057594]]],[[[132.62240610915467,35.42240777469908],[132.62257722405968,35.42257833292376],[132.62249165986225,35.42264944141863],[132.62231555102187,35.422538892256114],[132.62240610915467,35.42240777469908]]],[[[132.6215858366171,35.422443054203654],[132.6216549935832,35.42259527884909],[132.62139333313587,35.42261777539005],[132.62140722406423,35.422488333269996],[132.6215858366171,35.422443054203654]]],[[[132.62358805394558,35.424588892363545],[132.62358138817058,35.42447638717556],[132.62374639398092,35.424453892433235],[132.6237880541754,35.42453277466785],[132.62358805394558,35.424588892363545]]],[[[132.6245927756362,35.425715559425555],[132.6245583271052,35.425822505004646],[132.62436555112936,35.425901387239264],[132.62435861196047,35.42581138668618],[132.6245927756362,35.425715559425555]]],[[[132.62487499368603,35.427269999810676],[132.62471666714055,35.42736000036376],[132.62456527886457,35.427303891661325],[132.62479888496068,35.427162775441786],[132.62487499368603,35.427269999810676]]],[[[132.62565250256102,35.427236107960084],[132.62567306106303,35.42736000036376],[132.62539778218195,35.4275008377935],[132.62537722367995,35.427298054161895],[132.62565250256102,35.427236107960084]]],[[[132.62644360558795,35.42782194612596],[132.62618221763535,35.42787833271893],[132.62616138843737,35.427765558633666],[132.62631972757345,35.42774305399877],[132.62644360558795,35.42782194612596]]],[[[132.6268880541404,35.4287177752052],[132.627066939188,35.42909472064491],[132.62708972800863,35.429857504919994],[132.62697944234742,35.42985444092977],[132.6268880541404,35.4287177752052]]],[[[132.62532888511998,35.43029472112454],[132.62543194562784,35.43047472133139],[132.62515693924138,35.430446666980174],[132.62532888511998,35.43029472112454]]],[[[132.62766907936464,35.43041138657628],[132.62745499395282,35.43042417133847],[132.62724888462844,35.43009194558687],[132.6276202722578,35.430136667073555],[132.62766907936464,35.43041138657628]]],[[[132.62703527855535,35.430012774669876],[132.62679444910464,35.43080166716328],[132.62642972814945,35.43088610810747],[132.62638861204482,35.430148054289305],[132.62703527855535,35.430012774669876]]],[[[132.62607194636325,35.43097610776124],[132.62545277572508,35.43098166737008],[132.62581027242618,35.430396107994056],[132.62607194636325,35.43097610776124]]],[[[132.62519111527786,35.43218694597084],[132.6252736055925,35.432243332563814],[132.62516360591576,35.43234472123197],[132.62509472144427,35.432231946247384],[132.62519111527786,35.43218694597084]]],[[[132.63742289155323,35.433008197870095],[132.63742289155323,35.433075666808634],[132.63710461698452,35.43306625180611],[132.63710461698452,35.432998774773694],[132.63742289155323,35.433008197870095]]],[[[132.62754416263306,35.43339250516004],[132.62753749685805,35.43377555879505],[132.62731027235122,35.43385999973924],[132.62754416263306,35.43339250516004]]],[[[132.63450749722324,35.433781387301224],[132.63452832732048,35.433899720995385],[132.63442499431812,35.43396166719725],[132.63438389080397,35.43381500036202],[132.63450749722324,35.433781387301224]]],[[[132.64010165986383,35.4340011078649],[132.6402461089708,35.433848892212666],[132.6404869393209,35.43381500036202],[132.6405488846234,35.43394472127193],[132.64010165986383,35.4340011078649]]],[[[132.63272527924835,35.43403444123652],[132.63265639387748,35.43391055872536],[132.63275277601986,35.43388805409046],[132.63281472132235,35.433995279358726],[132.63272527924835,35.43403444123652]]],[[[132.6394547208588,35.432976108260846],[132.63792055838712,35.43411361305283],[132.63770693882418,35.432823612919435],[132.6386225026265,35.43193972144104],[132.6394547208588,35.432976108260846]]],[[[132.63273221841723,35.43440638734495],[132.63252583659812,35.43442889197985],[132.6325049939104,35.43429944086654],[132.6327183265896,35.434271107725465],[132.63273221841723,35.43440638734495]]],[[[132.63554666744483,35.43464833285435],[132.63500972811653,35.434569721315654],[132.63503055821377,35.434248891772995],[132.63560138759408,35.43447944107339],[132.63554666744483,35.43464833285435]]],[[[132.63314499374655,35.434265558908464],[132.63319333320578,35.43459777476755],[132.6329799996273,35.43448527857282],[132.63314499374655,35.434265558908464]]],[[[132.63812916962559,35.43498138688153],[132.63809749730171,35.435174440747915],[132.63731138821004,35.43509638678887],[132.63733861158767,35.43489222539591],[132.63812916962559,35.43498138688153]]],[[[132.6338674973872,35.43522305360108],[132.63369555060922,35.43496944118681],[132.63383999971632,35.43486805431729],[132.63398472131792,35.43503166707785],[132.6338674973872,35.43522305360108]]],[[[132.6416977820271,35.43516694579796],[132.64158778235037,35.435229170789626],[132.6414844493479,35.43511638681184],[132.64154639375113,35.43500944123275],[132.6416977820271,35.43516694579796]]],[[[132.63124610942043,35.43563999998605],[132.63092277616522,35.4356286127703],[132.63093666709358,35.43542027942243],[132.631466393859,35.43540333259779],[132.63124610942043,35.43563999998605]]],[[[132.6330966668777,35.4360680538976],[132.63285610902233,35.43574138685557],[132.63335832732503,35.43571889211324],[132.6330966668777,35.4360680538976]]],[[[132.6389080535639,35.43651750537862],[132.63880111517938,35.43665944088053],[132.63871472090773,35.43655417073842],[132.6389080535639,35.43651750537862]]],[[[132.6380302720795,35.43758305361507],[132.63761055758118,35.437493053961305],[132.63796583655414,35.437080559220476],[132.6380302720795,35.43758305361507]]],[[[132.64674138780492,35.43965583804652],[132.6468858369119,35.439960279243564],[132.64661749719983,35.43999389230436],[132.64674138780492,35.43965583804652]]],[[[132.64506917040592,35.44182444074539],[132.64509666717754,35.44189750526573],[132.64494527890156,35.44194805435927],[132.64491083037058,35.441852504989185],[132.64506917040592,35.44182444074539]]],[[[132.64293610891434,35.441858053806186],[132.6428811153712,35.44197083778397],[132.6427502721075,35.44198194620992],[132.64270917039198,35.44190889158216],[132.64293610891434,35.441858053806186]]],[[[132.653566939063,35.44202166656669],[132.65338805401552,35.44176250533542],[132.6536561086425,35.44163861293168],[132.65371111477623,35.441926108203404],[132.653566939063,35.44202166656669]]],[[[132.65299555120384,35.441999170925044],[132.652768885176,35.44218499963807],[132.65272055830724,35.44202750496544],[132.65299555120384,35.441999170925044]]],[[[132.7061355511148,35.44261389171777],[132.70630083031915,35.44279972133012],[132.70605999996906,35.44302499970405],[132.70595693856194,35.44265305359562],[132.7061355511148,35.44261389171777]]],[[[132.656360272009,35.44306917080564],[132.6560230613153,35.443311387010965],[132.65590610897982,35.443018612718845],[132.656360272009,35.44306917080564]]],[[[132.6552499995879,35.44412750468064],[132.65404832726858,35.443046667070064],[132.65559666665285,35.44055166712582],[132.6563880538656,35.44254555943007],[132.65558972838335,35.44286638717409],[132.6552499995879,35.44412750468064]]],[[[132.66416972835032,35.44439305379643],[132.6645688852459,35.444719441149346],[132.66431444905265,35.44482083791138],[132.66416972835032,35.44439305379643]]],[[[132.6648027764271,35.44519250523001],[132.66494055796045,35.44533333276712],[132.6648027764271,35.44553055858847],[132.66463082964913,35.44528833338995],[132.6648027764271,35.44519250523001]]],[[[132.68303639421424,35.44647694575451],[132.68300250326297,35.44637000017542],[132.68319472075984,35.44639250481032],[132.68320194591308,35.44646583822788],[132.68303639421424,35.44647694575451]]],[[[132.67141499410673,35.44682610843819],[132.67154583737056,35.44629083825163],[132.671869442221,35.44662333290057],[132.67141499410673,35.44682610843819]]],[[[132.670920000058,35.4463472248446],[132.67103666730839,35.44677527875615],[132.67056917003129,35.44675277502063],[132.67049306130582,35.44633055860845],[132.670920000058,35.4463472248446]]],[[[132.72531405959626,35.44695769364267],[132.7250615821264,35.4469571351637],[132.72505383896362,35.44680844125662],[132.72532730211333,35.446851613211436],[132.72531405959626,35.44695769364267]]],[[[132.7204170298221,35.44686441416144],[132.72028177718232,35.447027386604645],[132.71973335890743,35.446663467844814],[132.7206349418492,35.446580559345364],[132.7204170298221,35.44686441416144]]],[[[132.6834630613713,35.44727110827506],[132.68247250310355,35.447084999872914],[132.68275472115351,35.44661777509032],[132.68353917009665,35.44667972129213],[132.6834630613713,35.44727110827506]]],[[[132.68333333326677,35.450549279225925],[132.68348389056916,35.45063944075764],[132.6833805575667,35.4507350000203],[132.6832980537622,35.450633613150785],[132.68333333326677,35.450549279225925]]],[[[132.68441250263493,35.45136610825932],[132.68440583685992,35.451506666899206],[132.68426111525832,35.45144472069734],[132.68441250263493,35.45136610825932]]],[[[132.6886649936946,35.451371666968896],[132.68854778235436,35.451799720880445],[132.68816277629116,35.45165889244396],[132.6886649936946,35.451371666968896]]],[[[132.68558944179938,35.45217722479913],[132.68509389107032,35.45198555858673],[132.6854238909998,35.4517319461724],[132.68558944179938,35.45217722479913]]],[[[132.68454333330828,35.45188972143353],[132.68505944163996,35.45248666712604],[132.68455693915143,35.45265000019742],[132.68386888494115,35.452069720741065],[132.68454333330828,35.45188972143353]]],[[[132.7464885863792,35.45436444076637],[132.74621583729117,35.45447483794345],[132.74446666670337,35.45167466655266],[132.74470949444765,35.45163374829889],[132.7464885863792,35.45436444076637]]],[[[132.75032027206294,35.45656835984198],[132.7531137740815,35.45580961262357],[132.75365508411494,35.45558817075755],[132.75372413675962,35.45571933328068],[132.75032027206294,35.45656835984198]]],[[[132.73404972771277,35.46997610761133],[132.73393944205168,35.47021833280985],[132.73382944237494,35.47015083779098],[132.73404972771277,35.46997610761133]]],[[[132.72652916958555,35.47049972078554],[132.72670805373377,35.470004170955804],[132.72697610926014,35.47028583772129],[132.72652916958555,35.47049972078554]]],[[[132.7268936063549,35.47095610783816],[132.72675583741204,35.470905279055444],[132.72713472089072,35.470561945777206],[132.7273202717132,35.4705675053861],[132.72743722404869,35.470770279125134],[132.72708639402197,35.47082083811125],[132.7268936063549,35.47095610783816]]],[[[132.7352263943826,35.47127166735362],[132.73509583710324,35.471423613209254],[132.73501306080414,35.471361667007386],[132.7351161087215,35.471254721428295],[132.7352263943826,35.47127166735362]]],[[[132.7402766668348,35.47155333321979],[132.74025610923206,35.47172222500075],[132.74016666715806,35.47171666719049],[132.74012527855882,35.47159277478676],[132.7402766668348,35.47155333321979]]],[[[132.73618944238888,35.47184610841123],[132.73601722401577,35.47209389231932],[132.73583861236216,35.471874170856324],[132.73618944238888,35.47184610841123]]],[[[132.73998778211057,35.47193055924794],[132.7400977817873,35.47210527863575],[132.74002916981044,35.47213333298697],[132.7398638906061,35.47200944058329],[132.73998778211057,35.47193055924794]]],[[[132.74390972825142,35.47293333300695],[132.74403360626593,35.47278666707109],[132.74440527898048,35.47271361334265],[132.74450861198295,35.472826387427915],[132.74421944217363,35.47293333300695],[132.74390972825142,35.47293333300695]]],[[[132.7466827760893,35.472854440879814],[132.74679972842478,35.47296694606774],[132.74656583724368,35.472989440810125],[132.7466827760893,35.472854440879814]]],[[[132.74448749680062,35.4733105590351],[132.7436827762392,35.47324861283329],[132.74371027211146,35.473034720775786],[132.74469416280544,35.47299527920882],[132.74448749680062,35.4733105590351]]],[[[132.74855832660558,35.47431833302471],[132.74844083018024,35.47438999999855],[132.74808082976654,35.47425694620114],[132.7483208300423,35.47416694564805],[132.74855832660558,35.47431833302471]]],[[[132.74883972807106,35.47477110839998],[132.74916722428804,35.47450917096154],[132.74919472105955,35.47476305407173],[132.74883972807106,35.47477110839998]]],[[[132.75754111493052,35.47603583758388],[132.75755999979424,35.47615722537569],[132.757395279069,35.476153891588865],[132.75741306136376,35.47605138686208],[132.75754111493052,35.47603583758388]]],[[[132.7542055510454,35.47810083838306],[132.75401277596893,35.478290838151736],[132.75381472097263,35.47814610755688],[132.75401805409,35.47798555878654],[132.7542055510454,35.47810083838306]]],[[[132.7763438911577,35.48052999985964],[132.77648083002634,35.48057972067761],[132.7764508304415,35.4806586128048],[132.77626360598072,35.48061889244798],[132.7763438911577,35.48052999985964]]],[[[132.77553832703222,35.48066361303535],[132.77541639425124,35.48074444140292],[132.7752122175699,35.480748332769394],[132.77520444922607,35.48065417105323],[132.77553832703222,35.48066361303535]]],[[[132.79157722400976,35.48322277511102],[132.79113778198314,35.48347138729474],[132.7908080536488,35.48319333310587],[132.79157722400976,35.48322277511102]]],[[[132.7920202723178,35.48322583820192],[132.79213944238143,35.4833788920223],[132.79187916958801,35.48345833273589],[132.79189306141575,35.48325527930774],[132.7920202723178,35.48322583820192]]],[[[132.82052055777763,35.49780000036975],[132.82070499434008,35.497890838191665],[132.82057610890035,35.498018333279504],[132.8204363938246,35.49793917135571],[132.82052055777763,35.49780000036975]]],[[[132.8161013485984,35.49863359456481],[132.81644271056268,35.49876696402424],[132.81641404737047,35.49883244096441],[132.81612073888107,35.498716991396066],[132.8161013485984,35.49863359456481]]],[[[132.8251872244109,35.49893777495839],[132.82453583735912,35.4988566669017],[132.82383416291634,35.49890833295325],[132.82381444887778,35.498756387097615],[132.82456277565166,35.498695838442245],[132.8251872244109,35.49893777495839]]],[[[132.83665972826395,35.504633891940614],[132.8367249938634,35.50471055914505],[132.83663861218224,35.504860279178615],[132.83652805402653,35.504693332631234],[132.83665972826395,35.504633891940614]]],[[[132.8350852788626,35.504697224897086],[132.83509416326513,35.50483638688979],[132.8349494416634,35.50485500015816],[132.83497805359434,35.50471805409495],[132.8350852788626,35.504697224897086]]],[[[132.8370016603984,35.50485055930591],[132.8370852793622,35.505033054232115],[132.83692749690647,35.50502194580622],[132.8368325033174,35.504881387166336],[132.8370016603984,35.50485055930591]]],[[[132.83996616130935,35.50527786498151],[132.8398755510159,35.50537638661103],[132.83909780831732,35.50492897299375],[132.83918955895103,35.50482669399679],[132.83996616130935,35.50527786498151]]],[[[132.84297333325276,35.505323892283855],[132.84300917033704,35.50542944121577],[132.8428686116971,35.50544638714109],[132.8428063939,35.50536472060543],[132.84297333325276,35.505323892283855]]],[[[132.84841138797526,35.50681027917108],[132.84851610863154,35.5068638922549],[132.8484861090468,35.506966387089165],[132.84832917015513,35.506869720761074],[132.84841138797526,35.50681027917108]]],[[[132.85038778217051,35.50722472094418],[132.85056972761095,35.507368613370886],[132.85043972791118,35.507455837716805],[132.85038778217051,35.50722472094418]]],[[[132.8530219459061,35.50796277476229],[132.85313527936967,35.50810361309135],[132.8530566669317,35.508182505218485],[132.85286360587077,35.508103333402175],[132.8530219459061,35.50796277476229]]],[[[132.853613891368,35.50846972080103],[132.85385610937203,35.50858722532024],[132.85366888491114,35.50877944101842],[132.85346250309215,35.50863277508256],[132.853613891368,35.50846972080103]]],[[[132.8545041626371,35.509576946319044],[132.85462499374853,35.50966110757412],[132.8544794420726,35.509781667090294],[132.85440416342146,35.50961666667587],[132.8545041626371,35.509576946319044]]],[[[132.85421250260492,35.5097425052125],[132.85432306076075,35.50988500009271],[132.85421944177392,35.509905838283885],[132.85421250260492,35.5097425052125]]],[[[132.87116250274732,35.51096333309141],[132.87119722377292,35.51104972106782],[132.87108583734164,35.51112944057127],[132.87103693940333,35.51100499958113],[132.87116250274732,35.51096333309141]]],[[[132.86842221811094,35.511934171025246],[132.86837416283743,35.5120969456176],[132.86828861212985,35.51207750497292],[132.86833944181183,35.51194527855182],[132.86842221811094,35.511934171025246]]],[[[132.86534111470075,35.51360361311629],[132.8655172244404,35.51367889176748],[132.8654536063989,35.513749171087454],[132.8652183266645,35.513667224862616],[132.86534111470075,35.51360361311629]]],[[[132.87057277591293,35.51368889222863],[132.87044000000606,35.51397472105657],[132.87030055832417,35.51393722472318],[132.87038917032396,35.513684999962834],[132.87057277591293,35.51368889222863]]],[[[132.93259472136936,35.51729805416193],[132.93255972784925,35.517613612778064],[132.9323880535659,35.51752917093455],[132.93259472136936,35.51729805416193]]],[[[132.95678055787653,35.5174900000635],[132.9567116599152,35.51765333313489],[132.9566149935871,35.517608332858345],[132.95667027221532,35.51746750532118],[132.95678055787653,35.5174900000635]]],[[[132.93335888520448,35.51783889205126],[132.93353138776342,35.518205278550795],[132.93340722376445,35.518193892234365],[132.93333138843286,35.51804166668961],[132.93335888520448,35.51783889205126]]],[[[132.93428888492417,35.517759999924124],[132.93383444940036,35.517844440868316],[132.93295622634878,35.51707399976533],[132.93407980513894,35.51743455865801],[132.93428888492417,35.517759999924124]]],[[[132.91998805370577,35.519646945750026],[132.92000861220777,35.51988361313829],[132.91980194620294,35.519871946233366],[132.91983639383454,35.519686387316995],[132.91998805370577,35.519646945750026]]],[[[132.97022099870014,35.52500000014993],[132.97070306139722,35.52547389160685],[132.970510557916,35.52560638692529],[132.9699638906211,35.5250516671008],[132.97022099870014,35.52500000014993]]],[[[132.9677325026529,35.53102583827189],[132.96756722434804,35.53094722493455],[132.96777360616704,35.53087666682478],[132.9677325026529,35.53102583827189]]],[[[133.01205972837386,35.539344441293],[133.012167224338,35.539426386618516],[133.01207666710457,35.53952417080387],[133.01193000026933,35.539480279391455],[133.01205972837386,35.539344441293]]],[[[133.01226250301215,35.5395441708269],[133.01244111466576,35.539611946434206],[133.01226749694752,35.53978777468609],[133.0120352794047,35.539645838284855],[133.01226250301215,35.5395441708269]]],[[[133.0116636057909,35.54008722464573],[133.01136527908443,35.53989555933265],[133.011839728121,35.539771666928914],[133.011988885179,35.540009441382665],[133.0116636057909,35.54008722464573]]],[[[132.96701277611874,35.541193054416],[132.96643693931333,35.54050555868463],[132.96765138830096,35.539868053567886],[132.96807822273183,35.540287559423405],[132.96701277611874,35.541193054416]]],[[[133.0204858372516,35.541183613333146],[133.02053111541875,35.54125777502634],[133.02038972760386,35.541318613263456],[133.02036306090656,35.5411880541854],[133.0204858372516,35.541183613333146]]],[[[133.0284509734338,35.5408013331151],[133.02694328070788,35.541153135309],[133.0269063941148,35.54108810802984],[133.0284332810711,35.54073774834848],[133.0284509734338,35.5408013331151]]],[[[133.02486739271603,35.541666667083064],[133.02574027199603,35.54218999966878],[133.02563055830365,35.542303333132395],[133.02486739271603,35.541666667083064]]],[[[133.00276221780223,35.54239722505196],[133.0027991700457,35.54273055876831],[133.00262805424143,35.542595279148884],[133.0026422176643,35.542406387344954],[133.00276221780223,35.54239722505196]]],[[[132.9652933326213,35.542640559114545],[132.96513499438458,35.542257224891046],[132.96563805355345,35.542229171439146],[132.96578944182932,35.542420837651605],[132.9652933326213,35.542640559114545]]],[[[132.96304111455584,35.542240558654896],[132.96327499404583,35.54265750503987],[132.96253111531882,35.54301222463454],[132.9620905581328,35.542375558585206],[132.96304111455584,35.542240558654896]]],[[[132.96129832735596,35.54305722491108],[132.96111916981386,35.542679720992396],[132.96198055755679,35.5424319460775],[132.9621247206794,35.54275305440996],[132.96129832735596,35.54305722491108]]],[[[132.96705666663195,35.54340666728393],[132.9666574971459,35.54332750536014],[132.96693306111194,35.543091107768475],[132.96705666663195,35.54340666728393]]],[[[133.01640944244184,35.5432941710892],[133.0163527761598,35.543428332851306],[133.01616778201753,35.54351666696067],[133.01613693886873,35.54341166661516],[133.01627555137566,35.5432858379711],[133.01640944244184,35.5432941710892]]],[[[132.9657069389242,35.543147505153286],[132.9655925028918,35.543598891975364],[132.96511444937244,35.54320944056326],[132.9657069389242,35.543147505153286]]],[[[132.96357832727801,35.54382333308041],[132.9635302720045,35.54354166721424],[132.96381944181383,35.54346277508705],[132.96384027191107,35.54367694593435],[132.96357832727801,35.54382333308041]]],[[[132.9662716601091,35.54363194565781],[132.96566527872972,35.54360389220591],[132.9659066666594,35.5428205593214],[132.96631306129882,35.542955838041564],[132.9662716601091,35.54363194565781]]],[[[132.97480639360026,35.54382944127576],[132.97444832672898,35.544223613229235],[132.97427639434022,35.54392527932822],[132.97480639360026,35.54382944127576]]],[[[133.01827055794,35.54487750489301],[133.01779749655725,35.54335305420017],[133.01916999959587,35.54363861323145],[133.01827055794,35.54487750489301]]],[[[132.98530778162888,35.546471667433536],[132.9848105581608,35.5464311080093],[132.98453527927973,35.54658722492053],[132.98438027213194,35.54633277523743],[132.98501583741108,35.546315558616186],[132.98530778162888,35.546471667433536]]],[[[133.02629194581675,35.55241417077741],[133.02602832664604,35.552410279410935],[133.0259994422205,35.55231499983745],[133.02625360591924,35.55232555877757],[133.02629194581675,35.55241417077741]]],[[[133.02595972815902,35.55281610837676],[133.02569277610075,35.55279777479751],[133.0256322175528,35.55264638742091],[133.02596610884893,35.55259555863819],[133.02595972815902,35.55281610837676]]],[[[133.045321335911,35.555158586000005],[133.04673082986392,35.55440610795557],[133.0469155506122,35.55457277481378],[133.0461677823174,35.55510833278339],[133.045321335911,35.555158586000005]]],[[[133.02873805411798,35.55599138699296],[133.02842472132386,35.55599889183543],[133.02825194627042,35.555850278867354],[133.02864277634308,35.55572417143344],[133.02873805411798,35.55599138699296]]],[[[133.02857583710522,35.557132775057596],[133.02807555144557,35.55690277524292],[133.0288958365736,35.556585559176256],[133.02906805404757,35.55696972077607],[133.02857583710522,35.557132775057596]]],[[[133.1504966669877,35.56090333292252],[133.15049416327508,35.56103083790288],[133.15018194564038,35.56103083790288],[133.15018472094823,35.560899170860125],[133.1504966669877,35.56090333292252]]],[[[133.14723306055737,35.56139027893829],[133.14721083021573,35.56156555860372],[133.1470572242116,35.56144083792441],[133.14723306055737,35.56139027893829]]],[[[133.19035147873785,35.56241183773619],[133.18976228340273,35.56236780243216],[133.18976228340273,35.56230586522355],[133.19007752275957,35.5623015053103],[133.19035147873785,35.56241183773619]]],[[[133.04546277588645,35.56260333307739],[133.045484721143,35.56276638735892],[133.04526610944345,35.562761666817494],[133.04532138807167,35.56261027944089],[133.04546277588645,35.56260333307739]]],[[[133.0498227764001,35.56356499972503],[133.05005277621467,35.56364083775452],[133.05003444893077,35.56375277457096],[133.0497116597653,35.56371694558061],[133.0498227764001,35.56356499972503]]],[[[133.0414786119485,35.56430944142761],[133.04141055755122,35.5648366671785],[133.0405016604234,35.56545277472583],[133.04041111488107,35.5644097212317],[133.0414786119485,35.56430944142761]]],[[[133.16937639370565,35.56574333308839],[133.1694316597434,35.56580250488173],[133.16933861228722,35.5660983332715],[133.16919722357306,35.565965837953115],[133.16937639370565,35.56574333308839]]],[[[133.17250444892125,35.566886946075726],[133.17193852084608,35.56620133262544],[133.17237000027535,35.56576861303114],[133.17274221797902,35.5667744408878],[133.17250444892125,35.566886946075726]]],[[[133.04583972762134,35.56731861256395],[133.04544917004318,35.56788250457396],[133.04502499400837,35.5675913868331],[133.04532916990536,35.56720527910039],[133.04583972762134,35.56731861256395]]],[[[133.17655583718215,35.568298333101666],[133.17647389095737,35.5684366668188],[133.17638832675993,35.56836250512555],[133.17655583718215,35.568298333101666]]],[[[133.04513027224436,35.56801444141337],[133.04535166015103,35.56829361256024],[133.0452316600132,35.568498891810464],[133.04486360617057,35.56827194609349],[133.04513027224436,35.56801444141337]]],[[[133.05291444864292,35.568281945655315],[133.04848693872134,35.56720527910039],[133.05228972828843,35.564613612828],[133.05291444864292,35.568281945655315]]],[[[133.04794472127196,35.567466387363936],[133.04878888519897,35.568525000028785],[133.04734583664106,35.56842055906162],[133.04794472127196,35.567466387363936]]],[[[133.1879727764226,35.56913250466141],[133.18770749710336,35.56902555908232],[133.1876763940504,35.568766387059156],[133.18816221771226,35.568943891647336],[133.1879727764226,35.56913250466141]]],[[[133.13936639384406,35.56907610817592],[133.13941999973326,35.56919722527181],[133.13925805431586,35.56919166656223],[133.13924082960068,35.569101945698264],[133.13936639384406,35.56907610817592]]],[[[133.32862555102838,35.569508612832294],[133.32865666667192,35.569621108127706],[133.32844527922634,35.56971222473942],[133.32849111497308,35.569508612832294],[133.32862555102838,35.569508612832294]]],[[[133.20263306126685,35.56981417098723],[133.20256944232597,35.57004583814495],[133.2023833330245,35.56992472104906],[133.20263306126685,35.56981417098723]]],[[[133.2126049941253,35.57034472063242],[133.212408611868,35.56984083768458],[133.2129127763036,35.56977027867549],[133.21299778202206,35.57016722503744],[133.2126049941253,35.57034472063242]]],[[[133.31923027155983,35.570451387421656],[133.3191674970824,35.570543054418465],[133.3189905581678,35.570537504702145],[133.31894360636238,35.570451387421656],[133.31923027155983,35.570451387421656]]],[[[133.2446788850226,35.570543054418465],[133.2446522183253,35.57067166736363],[133.24453778229292,35.57065833311566],[133.24452055757774,35.57056833256257],[133.2446788850226,35.570543054418465]]],[[[133.17858472120793,35.57079972093044],[133.17815888502457,35.56998417073294],[133.17940805413843,35.570143613337166],[133.17858472120793,35.57079972093044]]],[[[133.20231778233983,35.57136944144662],[133.20241778155548,35.57146805390761],[133.20220416289192,35.57158638670245],[133.2021422175893,35.57140333329727],[133.20231778233983,35.57136944144662]]],[[[133.18815027201754,35.57180861277732],[133.18802778165684,35.57169861310058],[133.18815527944264,35.57149000006348],[133.1883652792343,35.57160277504806],[133.18815027201754,35.57180861277732]]],[[[133.24492333334524,35.57188083823013],[133.24488888481426,35.572052505318936],[133.24465666727144,35.57213361337563],[133.24468916966953,35.5719061082803],[133.24492333334524,35.57188083823013]]],[[[133.1739719464482,35.572162774792275],[133.1735927760858,35.5716866674058],[133.1742888846244,35.5713288919149],[133.1742716599092,35.57209527887409],[133.1739719464482,35.572162774792275]]],[[[133.2459294417904,35.57226944068219],[133.2459141632081,35.5723680540425],[133.2457247210191,35.57231889170356],[133.24576555113936,35.57224944065922],[133.2459294417904,35.57226944068219]]],[[[133.17026499403426,35.571956946056275],[133.17027194579373,35.572345559300175],[133.16982416255507,35.572421667126264],[133.16985499401278,35.57198777481602],[133.17026499403426,35.571956946056275]]],[[[133.2400899998537,35.57226666717298],[133.2401899999686,35.572525838296826],[133.23995277589995,35.572490279103135],[133.2400899998537,35.57226666717298]]],[[[133.0462080539586,35.57194889172803],[133.0443994417809,35.57206833338694],[133.04474972771777,35.5703322245526],[133.0462080539586,35.57194889172803]]],[[[133.0546386117826,35.57295500017318],[133.05482805397162,35.57301972078352],[133.0546752789411,35.57315472071383],[133.05449221834124,35.57308472108309],[133.0546386117826,35.57295500017318]]],[[[133.1974741633021,35.573383332874585],[133.1969469393498,35.57198610837224],[133.19804250335892,35.5720766674043],[133.1974741633021,35.573383332874585]]],[[[133.18751778241983,35.57361110776645],[133.18768999989368,35.573703891721266],[133.18772250319103,35.57392138736219],[133.1876388851265,35.57395000019238],[133.18749693883274,35.573743333288235],[133.18751778241983,35.57361110776645]]],[[[133.30213389056667,35.57384083778447],[133.3020925028668,35.5739986130456],[133.30187555131567,35.574077505172795],[133.30181693890063,35.57400138655481],[133.3019513884459,35.57385500030807],[133.30213389056667,35.57384083778447]]],[[[133.30315027196752,35.57394222465399],[133.3032572238419,35.57409722460727],[133.30307749702888,35.57407000033032],[133.30315027196752,35.57394222465399]]],[[[133.1372802715673,35.574381108201635],[133.1379558368924,35.573909721356586],[133.13815555113786,35.57425333342462],[133.1372802715673,35.574381108201635]]],[[[133.24883000000455,35.575065000349525],[133.24859917011565,35.57498610822239],[133.248709442287,35.57462277492118],[133.24899194632133,35.574817225434685],[133.24883000000455,35.575065000349525]]],[[[133.1374811153612,35.5744380541729],[133.13785583677748,35.57481361285801],[133.13738722434096,35.575050279346954],[133.13719472085972,35.57471777480549],[133.1374811153612,35.5744380541729]]],[[[133.13393360555153,35.57489138712788],[133.133691115053,35.57510638715007],[133.13363944180685,35.57484166720923],[133.13393360555153,35.57489138712788]]],[[[133.21276444931993,35.57501472105258],[133.21262888461536,35.575127505030366],[133.21255666725642,35.57504861290323],[133.21276444931993,35.57501472105258]]],[[[133.17381333301898,35.574801945953084],[133.17389944220554,35.57528917075865],[133.17369610908827,35.57539055942681],[133.1735722175838,35.57498222494979],[133.17381333301898,35.574801945953084]]],[[[133.1701308295742,35.57524499965706],[133.17024639425574,35.57542777517176],[133.17011693864583,35.575427224786665],[133.1701308295742,35.57524499965706]]],[[[133.23589277573103,35.573414999802424],[133.23565916963503,35.57556389206002],[133.2355230608407,35.57555222515509],[133.23589277573103,35.573414999802424]]],[[[133.25302250268646,35.57560889233656],[133.25251277594396,35.57566805423738],[133.25247832741297,35.575329721189746],[133.25287778198413,35.57520861308706],[133.25302250268646,35.57560889233656]]],[[[133.2155538908994,35.57559499960962],[133.2155986123861,35.575721946111],[133.2154919455969,35.575806387055195],[133.2154319464272,35.57566500013968],[133.2155538908994,35.57559499960962]]],[[[133.28762722431702,35.575787225200315],[133.28763416258664,35.57588000016193],[133.28741693944028,35.57600694576399],[133.2873894417694,35.575789999608844],[133.28762722431702,35.575787225200315]]],[[[133.28690027173025,35.57605750475011],[133.28661083032557,35.5759419463638],[133.2870586117656,35.57566889240553],[133.28724472106705,35.57583222457754],[133.28690027173025,35.57605750475011]]],[[[133.1734205577127,35.57628917100851],[133.17262832693575,35.576165278604776],[133.1730105576911,35.575308891991824],[133.1734205577127,35.57628917100851]]],[[[133.2023763938555,35.5761438918272],[133.20239027219338,35.576274171216085],[133.2022697279656,35.57628917100851],[133.2022591699248,35.5761861078027],[133.2023763938555,35.5761438918272]]],[[[133.21111277603381,35.57640889235654],[133.2112955506492,35.57647110835501],[133.21122666707709,35.57656389230982],[133.21111277603381,35.57640889235654]]],[[[133.28784778214947,35.576814440733926],[133.28707583738003,35.576709999766706],[133.2871688848362,35.57604805377474],[133.2881474974091,35.576346667364874],[133.28784778214947,35.576814440733926]]],[[[133.2858513879313,35.57652527901848],[133.28592861181608,35.57683500013519],[133.28561166015004,35.576663054256585],[133.2858513879313,35.57652527901848]]],[[[133.21578138790085,35.57685138668222],[133.21586055791852,35.576981107592076],[133.2154644488253,35.57706833283737],[133.21550138757902,35.576890278763415],[133.21578138790085,35.57685138668222]]],[[[133.27913527877013,35.57742083830112],[133.278856109422,35.577370279315005],[133.2787355508051,35.577116666900736],[133.27897666713955,35.57701805443969],[133.27913527877013,35.57742083830112]]],[[[133.21237749712384,35.577493332651215],[133.2108133332688,35.575927505050345],[133.21297778199914,35.57552055912657],[133.21237749712384,35.577493332651215]]],[[[133.21295277634965,35.57754972104283],[133.2128113876355,35.577380838255124],[133.21304221842365,35.57734694640453],[133.21295277634965,35.57754972104283]]],[[[133.05125527860832,35.57737583802458],[133.05131666723048,35.577436107890094],[133.05118639413683,35.57753638679486],[133.0511397283159,35.5774019462429],[133.05125527860832,35.57737583802458]]],[[[133.27304499433103,35.57682805377169],[133.27284111532526,35.57750777486399],[133.27262277612033,35.57730638698024],[133.27304499433103,35.57682805377169]]],[[[133.28646277583653,35.577116666900736],[133.28683138815813,35.57743777523319],[133.28674166009955,35.577742225423435],[133.28631027240124,35.57727583790967],[133.28646277583653,35.577116666900736]]],[[[133.21190888468732,35.57756110825858],[133.21189165997214,35.57777222500823],[133.2117125033294,35.577670838138715],[133.21190888468732,35.57756110825858]]],[[[133.19704999985765,35.57787889179747],[133.19642306087565,35.57761389216745],[133.1967494419332,35.577171666739105],[133.1973016598438,35.57729583793264],[133.19704999985765,35.57787889179747]]],[[[133.2605805580464,35.578172505157056],[133.25965027234224,35.57795277470086],[133.25962639444265,35.57738944116983],[133.26055306127478,35.57725138714187],[133.2605805580464,35.578172505157056]]],[[[133.19774250301418,35.57799722459231],[133.19794583703083,35.57833527885009],[133.19758749676566,35.57829861259097],[133.19774250301418,35.57799722459231]]],[[[133.12256444909008,35.57868555939109],[133.12258861207488,35.578313892072515],[133.1229399996813,35.57823499994532],[133.12292722391237,35.578540558999634],[133.12256444909008,35.57868555939109]]],[[[133.21286666716298,35.57871610756234],[133.2120949939889,35.57863166661815],[133.21219111532776,35.57798610807248],[133.21265639397745,35.578045558655674],[133.21286666716298,35.57871610756234]]],[[[133.1281658368839,35.578669171045476],[133.12831360628797,35.57874222477392],[133.12818722366148,35.57892694642152],[133.12801778239475,35.57883250501612],[133.1281658368839,35.578669171045476]]],[[[133.25514778234435,35.57907389204655],[133.25500306074275,35.57875277472084],[133.25423861182253,35.578386387321984],[133.2549000002349,35.57810194614797],[133.25558805444518,35.578893333360725],[133.25514778234435,35.57907389204655]]],[[[133.2541111149361,35.578346945755015],[133.2531600000341,35.57744583765532],[133.2544141630832,35.576403332747645],[133.25478277630418,35.577451387371696],[133.2541111149361,35.578346945755015]]],[[[133.05344277606332,35.5788608381572],[133.05356972796062,35.57893222544192],[133.0534388846968,35.579065000449475],[133.05333055775907,35.57891527861727],[133.05344277606332,35.5788608381572]]],[[[133.2832277822364,35.57907722493405],[133.28284888526787,35.578618053580385],[133.2832277822364,35.577950558771306],[133.28373082971405,35.57856194577721],[133.2832277822364,35.57907722493405]]],[[[133.054006667174,35.57895777518121],[133.05392778224143,35.579097224957025],[133.05376111538328,35.57908361281852],[133.05384861222376,35.578963054201665],[133.054006667174,35.57895777518121]]],[[[133.12250333296254,35.57912499961907],[133.12215194625537,35.57907750462317],[133.1222947208248,35.578914170652524],[133.12264722359055,35.57894472062242],[133.12250333296254,35.57912499961907]]],[[[133.21143693936335,35.57940861341683],[133.21146444872534,35.579065000449475],[133.21179027220342,35.579249721197755],[133.21143693936335,35.57940861341683]]],[[[133.19426666737286,35.57913777538806],[133.1943369385989,35.579335000310095],[133.19412194577126,35.57938861339386],[133.19411499401178,35.579241945659305],[133.19426666737286,35.57913777538806]]],[[[133.23484972763288,35.57950250533639],[133.2345363939395,35.579522224770926],[133.2345086120829,35.57934194577422],[133.23471555058222,35.57934750538311],[133.23484972763288,35.57950250533639]]],[[[133.19460499412526,35.57942527875366],[133.19462138786685,35.57955750517476],[133.19453194579273,35.57961110836601],[133.194428611891,35.579495558972894],[133.19460499412526,35.57942527875366]]],[[[133.25576666699817,35.57962027875294],[133.25593666674388,35.579868333356956],[133.25557832737798,35.57981194586466],[133.25576666699817,35.57962027875294]]],[[[133.2152472238804,35.58025666691168],[133.21490277634211,35.5799302786595],[133.21556083006828,35.5798991711099],[133.2152472238804,35.58025666691168]]],[[[133.22862111487257,35.580062774877206],[133.2287797283019,35.580305000075725],[133.22840749710838,35.58040083812824],[133.22833165997815,35.5801502789123],[133.22862111487257,35.580062774877206]]],[[[133.1276163942813,35.580359721124296],[133.12754916995834,35.58050833319305],[133.12744916984343,35.58047444134246],[133.12749527898404,35.580365000144695],[133.1276163942813,35.580359721124296]]],[[[133.12853778209308,35.58033389169577],[133.1286566670716,35.58060444104217],[133.1283344489757,35.58051417069248],[133.12853778209308,35.58033389169577]]],[[[133.22816444903015,35.58029555899293],[133.2283455509065,35.58048833317008],[133.2280594423894,35.58046555873858],[133.22816444903015,35.58029555899293]]],[[[133.05638666721097,35.580413891787714],[133.05568527875266,35.579774170741416],[133.05632749721633,35.579928333425926],[133.05638666721097,35.580413891787714]]],[[[133.1282619456324,35.5806747212614],[133.12804832696872,35.5809619458372],[133.12778360612856,35.58086027927851],[133.1279208300823,35.58065472123843],[133.1282619456324,35.5806747212614]]],[[[133.29432416263012,35.58083917129079],[133.29387944158304,35.580542504732875],[133.29481306107402,35.580026945886914],[133.2947305581688,35.58091444094873],[133.29432416263012,35.58083917129079]]],[[[133.0821149939119,35.581244171081664],[133.08222499358862,35.58139750459122],[133.0820341628464,35.58150000032481],[133.0819825030901,35.58126527906944],[133.0821149939119,35.581244171081664]]],[[[133.08439250271192,35.581390559127044],[133.08427832658356,35.58157833307365],[133.084094163415,35.58151305398428],[133.0841591700098,35.58137055910407],[133.08439250271192,35.581390559127044]]],[[[133.2633986115568,35.581646107781694],[133.2629094424169,35.581051666701114],[133.263374448572,35.58119555912782],[133.2633986115568,35.581646107781694]]],[[[133.23085666670192,35.58172777521668],[133.23041221814947,35.58085166737061],[133.23145972778423,35.5802825053334],[133.23138055776656,35.581519171172886],[133.23085666670192,35.58172777521668]]],[[[133.2366788848227,35.58105194639029],[133.23677194576874,35.581435000025294],[133.23647333307792,35.581591107943325],[133.23620360571192,35.58115610766828],[133.2366788848227,35.58105194639029]]],[[[133.0818822178901,35.58139750459122],[133.0819080536138,35.581698054421736],[133.08164639406584,35.58158722467073],[133.0818822178901,35.58139750459122]]],[[[133.2465972243824,35.58170555926421],[133.2466661088539,35.58175889175948],[133.24656306093652,35.58188833298021],[133.2464525027808,35.581773054283076],[133.2465972243824,35.58170555926421]]],[[[133.24580472111109,35.581761667067326],[133.24586333262675,35.58185833339542],[133.24564639366622,35.58190833300324],[133.2456255509785,35.581820837961345],[133.24580472111109,35.581761667067326]]],[[[133.23362000006307,35.581967225107405],[133.23296527922435,35.581919170733215],[133.23319944200068,35.58140666688422],[133.23354749671967,35.58152499967906],[133.23362000006307,35.581967225107405]]],[[[133.2340263938031,35.58184610801152],[133.23407472067186,35.581930558848285],[133.23397805434377,35.58209944073667],[133.233863890806,35.581955837891655],[133.2340263938031,35.58184610801152]]],[[[133.06644944238792,35.58232750521023],[133.06617583714524,35.58207555923974],[133.06666027225378,35.58194972070311],[133.06644944238792,35.58232750521023]]],[[[133.0671283271107,35.58211389194258],[133.06713444879585,35.58230750518726],[133.06698861203483,35.58230750518726],[133.06704527921636,35.58212527915833],[133.0671283271107,35.58211389194258]]],[[[133.24067861242804,35.58246583802804],[133.23991749729475,35.57984083838403],[133.2448127760888,35.58143777533314],[133.24067861242804,35.58246583802804]]],[[[133.0809874967756,35.58207305372849],[133.08102306136527,35.58226055877782],[133.08078693896607,35.58245833318557],[133.0807708303097,35.58214944124376],[133.0809874967756,35.58207305372849]]],[[[133.05679082973302,35.58255944126523],[133.055560272089,35.58202472056445],[133.05583221808251,35.581045559405084],[133.0569613879577,35.58151250539788],[133.05679082973302,35.58255944126523]]],[[[133.14231333279417,35.5820358379836],[133.14279888486067,35.58236000041376],[133.1425680540725,35.58263610757035],[133.14198389134356,35.582075278651246],[133.14231333279417,35.5820358379836]]],[[[133.07670082967957,35.58269499967457],[133.07671138772048,35.58287083781897],[133.07655722413665,35.58280333290753],[133.07670082967957,35.58269499967457]]],[[[133.21630472138588,35.58317472143631],[133.21601250287472,35.58301917109793],[133.21633555104495,35.58272138668269],[133.21669389131011,35.583011386566284],[133.21630472138588,35.58317472143631]]],[[[133.0732802717672,35.58341583777076],[133.07335055828173,35.58355777507131],[133.07324499406127,35.58360917132626],[133.07311639370664,35.58354944105389],[133.0732802717672,35.58341583777076]]],[[[133.2455533327202,35.583623612639656],[133.24560499427514,35.583865837838175],[133.2454833330894,35.58387638688578],[133.24543277590192,35.58373917102597],[133.2455533327202,35.583623612639656]]],[[[133.0772402718211,35.58396944063725],[133.07711805395513,35.58424722502946],[133.07686832661204,35.58397805434379],[133.0772402718211,35.58396944063725]]],[[[133.11465700441727,35.588818468197815],[133.1145741372867,35.58887494562231],[133.1141390785557,35.58847408091418],[133.11422194568627,35.58841480210151],[133.11465700441727,35.588818468197815]]],[[[133.12969805412195,35.588921945991046],[133.12952555066374,35.5890966671775],[133.12930499373056,35.58908805437028],[133.12941888477383,35.58883472074581],[133.12969805412195,35.588921945991046]]],[[[133.1182552791579,35.589126108283324],[133.1180483271686,35.589047225149386],[133.11814499439606,35.588821667086336],[133.11835888465487,35.58893999988112],[133.1182552791579,35.589126108283324]]],[[[133.12644000010596,35.58897555907487],[133.12647082976503,35.58907694594433],[133.1263511147123,35.58918805358587],[133.12628472136282,35.58901194564481],[133.12644000010596,35.58897555907487]]],[[[133.11873111494901,35.589435838393285],[133.1185380538882,35.58902472141381],[133.11896555111935,35.588956945806444],[133.11899999965033,35.589306387279976],[133.11873111494901,35.589435838393285]]],[[[133.12662693858238,35.589375838324315],[133.126631115034,35.58952583804705],[133.12642250289628,35.589443053654065],[133.12647778242376,35.58933889237602],[133.12662693858238,35.589375838324315]]],[[[133.35132639369817,35.58958499994782],[133.35095360582432,35.58923610796006],[133.3514666672529,35.589183333044446],[133.35132639369817,35.58958499994782]]],[[[133.12722583670302,35.5895302788993],[133.12720555069563,35.58964527880664],[133.12704639407593,35.58959805360735],[133.12704306118837,35.5895219457812],[133.12722583670302,35.5895302788993]]],[[[133.12801555117676,35.589209170566846],[133.12757416301724,35.58880917100652],[133.12896389077105,35.588800837888414],[133.12841555073715,35.58920083834806],[133.12801555117676,35.589209170566846]]],[[[133.12042055796246,35.593058053986056],[133.1203791702626,35.59281583778073],[133.1206616599078,35.592900278724926],[133.12042055796246,35.593058053986056]]],[[[133.0894438912227,35.594661946291865],[133.08970610924962,35.59489861278081],[133.08933360556148,35.59499444094075],[133.0894438912227,35.594661946291865]]],[[[133.12117888519742,35.59525499971852],[133.1212272237574,35.59492805388663],[133.12166166015754,35.59502944075615],[133.12117888519742,35.59525499971852]]],[[[133.11230389141156,35.59533361305586],[133.11244861211378,35.59536722521733],[133.11228306131432,35.595547225424184],[133.1121727756531,35.59534444089326],[133.11230389141156,35.59533361305586]]],[[[133.12637055805487,35.5962030542276],[133.12237888477773,35.59485527894799],[133.1196538913141,35.59000583769932],[133.12349861177154,35.58745417057355],[133.125853606159,35.58963444107667],[133.12450527869566,35.59307944076363],[133.12637055805487,35.5962030542276]]],[[[133.12099277589596,35.59597027910513],[133.11991000024636,35.595626667037095],[133.11998610897183,35.59432527878863],[133.1205858371667,35.59429722533673],[133.12099277589596,35.59597027910513]]],[[[133.11360027223486,35.59722055888176],[133.11331778169028,35.59741777481054],[133.11248999981376,35.597073892046524],[133.11335917028953,35.59667972099237],[133.11360027223486,35.59722055888176]]],[[[133.1296841631936,35.597321387272245],[133.12958333300446,35.597704720596425],[133.12947027203552,35.597710279306],[133.12957360593725,35.59741722532476],[133.1296841631936,35.597321387272245]]],[[[133.10706306071177,35.59749610755938],[133.10691832741895,35.59816638666945],[133.10649749686206,35.597986387361914],[133.10706306071177,35.59749610755938]]],[[[133.11152444899415,35.59833000032933],[133.11166250302222,35.59842027877289],[133.11153832733203,35.59854972089295],[133.11134527886156,35.59841444127352],[133.11152444899415,35.59833000032933]]],[[[133.11377944236744,35.59947361331666],[133.1129519455759,35.59953555861921],[133.11293832714216,35.598735558599174],[133.11358639389698,35.59871305396433],[133.11377944236744,35.59947361331666]]],[[[133.08203111504395,35.59999610773423],[133.0813069386644,35.599945558640684],[133.08073444913555,35.59955666660693],[133.08169999995505,35.599342775448804],[133.08203111504395,35.59999610773423]]],[[[133.09714666728496,35.60114027920059],[133.09691221762478,35.60099389205453],[133.0972086116882,35.600909441217766],[133.09714666728496,35.60114027920059]]],[[[133.0841136058583,35.60206917095553],[133.0843272236225,35.602440838274106],[133.08406527898944,35.60239583799756],[133.0839341632311,35.60215361279904],[133.0841136058583,35.60206917095553]]],[[[133.0847063939849,35.60260444114209],[133.08452055807732,35.60242417113864],[133.08485111468724,35.60231138716085],[133.08492027165323,35.602491667056825],[133.0847063939849,35.60260444114209]]],[[[133.0991602718292,35.602897774812504],[133.09907055815984,35.602751386767125],[133.0994152790919,35.60276250508559],[133.09944972762287,35.602858333245536],[133.0991602718292,35.602897774812504]]],[[[133.0854027759175,35.60325777522621],[133.08524416338753,35.6035847210581],[133.08513389121617,35.60353389227538],[133.08519610901328,35.603370559203995],[133.0854027759175,35.60325777522621]]],[[[133.09038166018559,35.603860838107266],[133.09026444884535,35.60397917090205],[133.090195550884,35.60386666661344],[133.09038166018559,35.603860838107266]]],[[[133.08894749692945,35.60399583803752],[133.08886472063045,35.60413110776449],[133.08873360577138,35.604035278705226],[133.08894749692945,35.60399583803752]]],[[[133.09023693858387,35.6042155586012],[133.09027138801423,35.60407499996131],[133.09054722357553,35.60409750459621],[133.0904505581468,35.6041875051493],[133.09023693858387,35.6042155586012]]],[[[133.08485111468724,35.60397333340268],[133.08487194568386,35.60420999989162],[133.08450639375508,35.60426055887774],[133.08449250282683,35.60400138685458],[133.08485111468724,35.60397333340268]]],[[[133.10035999981426,35.60482444099523],[133.10051165968537,35.6048358381035],[133.10050472141586,35.60498222524956],[133.10029778201704,35.60489777531211],[133.10035999981426,35.60482444099523]]],[[[133.1001325028128,35.605044170552105],[133.10027027175568,35.60526972142054],[133.10005666658196,35.60532027860802],[133.09999472127947,35.60515138682712],[133.1001325028128,35.605044170552105]]],[[[133.09633972809604,35.60537638731046],[133.09605693897663,35.605156666746836],[133.09633277633657,35.604852505238966],[133.09660861189798,35.605218612948704],[133.09633972809604,35.60537638731046]]],[[[133.09933944196177,35.605545279091416],[133.09840138791378,35.605438332613005],[133.09856027203898,35.604272504572464],[133.09942917002024,35.6048638915554],[133.09933944196177,35.605545279091416]]],[[[133.0967880536258,35.60604110771101],[133.0968086121278,35.60627777509927],[133.09653972832587,35.6061199998382],[133.0967880536258,35.60604110771101]]],[[[132.31380888507204,35.06629166692693],[132.314127224392,35.06664638742092],[132.31383639443413,35.06687444110264],[132.31380888507204,35.06629166692693]]],[[[132.31453805358842,35.06742083770155],[132.3143772242296,35.067581387371206],[132.3142502723323,35.067379171211826],[132.31453805358842,35.06742083770155]]],[[[132.31500333313738,35.06909917138972],[132.31519499395392,35.069400559388384],[132.31486805441727,35.06936083813224],[132.31500333313738,35.06909917138972]]],[[[132.314852775835,35.06955805406102],[132.31517111515495,35.069901667028375],[132.31492138781186,35.06999194637126],[132.314852775835,35.06955805406102]]],[[[132.31493832744195,35.07186722529224],[132.31501722406574,35.07215999958436],[132.3148288853448,35.07208972116376],[132.3147983272811,35.07191194587966],[132.31493832744195,35.07186722529224]]],[[[132.3152944490796,35.07164194601904],[132.3153011148546,35.07203055926294],[132.31514027200603,35.07218833272543],[132.3150683271416,35.07177138723978],[132.3152944490796,35.07164194601904]]],[[[132.31584499425117,35.07228694608574],[132.31557165970435,35.07229527920384],[132.3155605575737,35.07202083759165],[132.31598555109235,35.07209805428181],[132.31584499425117,35.07228694608574]]],[[[132.31617027184063,35.07235444110461],[132.31590000038477,35.07262777475205],[132.31579027230327,35.07247833260902],[132.31594000043071,35.07230805407352],[132.31617027184063,35.07235444110461]]],[[[132.31569805402205,35.07367777460968],[132.31547583694044,35.073486387187074],[132.315783605629,35.0730638919851],[132.3160197280281,35.073300559373365],[132.31569805402205,35.07367777460968]]],[[[132.31662888471533,35.07375389232834],[132.31654000022093,35.07386638672443],[132.31632778180176,35.073804441421885],[132.31650722442896,35.073678054298796],[132.31662888471533,35.07375389232834]]],[[[132.31582805372182,35.07383833327253],[132.31580749701845,35.07393138702395],[132.31565722390178,35.073953891658846],[132.3156330609171,35.0738552791978],[132.31582805372182,35.07383833327253]]],[[[132.31683416306623,35.07397638730049],[132.31698832665006,35.07407222535295],[132.3168513877814,35.07412000003802],[132.31683416306623,35.07397638730049]]],[[[132.31569805402205,35.074032774792784],[132.31561944158398,35.07416222500672],[132.31545861222526,35.07407222535295],[132.31569805402205,35.074032774792784]]],[[[132.31515389133904,35.073959441375166],[132.31522944158553,35.07424389244176],[132.31488693928088,35.074125558747596],[132.31515389133904,35.073959441375166]]],[[[132.31603333297198,35.07417917093204],[132.31596832727655,35.07437638686082],[132.31581778166537,35.0742861084172],[132.31603333297198,35.07417917093204]]],[[[132.31666666703313,35.07417491893739],[132.3168480539946,35.074241108140654],[132.31678639377708,35.07439889239504],[132.31661527887206,35.07430305434252],[132.31666666703313,35.07417491893739]]],[[[132.31722444904915,35.074187504949464],[132.31728666684626,35.07436000031379],[132.31704639407587,35.07438472087824],[132.31708277614928,35.07422166659671],[132.31722444904915,35.074187504949464]]],[[[132.3199244485545,35.07445222489031],[132.31973972780622,35.07419333255632],[132.3201094417974,35.07418194623989],[132.3199244485545,35.07445222489031]]],[[[132.318213606173,35.07574750494342],[132.31806306056183,35.07596722460778],[132.31784722417012,35.07583194588767],[132.31797416257757,35.07571389188263],[132.318213606173,35.07574750494342]]],[[[132.31684444861253,35.07585722493104],[132.31654333310837,35.075390000148445],[132.31748805383063,35.074866386974236],[132.31749138761745,35.07571083778498],[132.31684444861253,35.07585722493104]]],[[[132.32040360644135,35.07644027879587],[132.32016778171783,35.07617999970728],[132.3206400004358,35.07610527863574],[132.32040360644135,35.07644027879587]]],[[[132.31980472091118,35.07741194590466],[132.3198166666059,35.07673389215546],[132.3203694420962,35.07693583761886],[132.31980472091118,35.07741194590466]]],[[[132.3243838907041,35.08236527863477],[132.32420250284326,35.08259610762434],[132.32393888457193,35.0824863867374],[132.32413306079218,35.08235222497524],[132.3243838907041,35.08236527863477]]],[[[132.3229430607737,35.08388277487023],[132.3228813879657,35.08301861271883],[132.32371306120888,35.0830663874039],[132.3229430607737,35.08388277487023]]],[[[132.32310055814435,35.08404917103246],[132.32295333283014,35.08473889168653],[132.3227341626515,35.084398332816875],[132.32310055814435,35.08404917103246]]],[[[132.32342555064872,35.085164171189604],[132.32356250300722,35.08527972058272],[132.32333999994114,35.0853811083515],[132.32331749710488,35.08519333260625],[132.32342555064872,35.085164171189604]]],[[[132.3231916603669,35.086328892164715],[132.3233199999181,35.08664999959785],[132.32286083036308,35.086582504578985],[132.3231916603669,35.086328892164715]]],[[[132.3236916600422,35.08777444083785],[132.3236619464417,35.08788555927117],[132.3234627762862,35.087882774970126],[132.32349360594526,35.08777805431379],[132.3236916600422,35.08777444083785]]],[[[132.3232747208517,35.08812610813345],[132.32334306123334,35.08822666672734],[132.32321749698997,35.088299170970004],[132.32312360596973,35.08821027928104],[132.3232747208517,35.08812610813345]]],[[[132.32347944162302,35.08852805382668],[132.32344138770998,35.08870805403353],[132.32328917025905,35.088605559199266],[132.32347944162302,35.08852805382668]]],[[[132.32384360589776,35.08927333279814],[132.32387972806703,35.08957389162185],[132.3236841632936,35.08950027941444],[132.32384360589776,35.08927333279814]]],[[[132.32639389076553,35.09108138739617],[132.3262652787197,35.09099166743158],[132.32648194608498,35.090849170752676],[132.32659333341564,35.0910427750041],[132.32639389076553,35.09108138739617]]],[[[132.32757082992987,35.09091083816469],[132.32763277613174,35.09106389198507],[132.32745499365308,35.0910127754193],[132.32757082992987,35.09091083816469]]],[[[132.33008916997926,35.09325389225336],[132.32995555140758,35.09369027928301],[132.32982888459537,35.09345389158386],[132.33008916997926,35.09325389225336]]],[[[132.33056360642536,35.09368333291951],[132.3304319456778,35.09380861297717],[132.33031888470884,35.09374110806573],[132.33049306090606,35.093639170811116],[132.33056360642536,35.09368333291951]]],[[[132.32951027188165,35.093766387109156],[132.32954111503045,35.09384805364482],[132.32937666679982,35.09390722543816],[132.3293677823973,35.0937836127236],[132.32951027188165,35.093766387109156]]],[[[132.33652503240444,35.09699594610606],[132.3364279119187,35.09707108086576],[132.3356404151731,35.09642538742173],[132.3357322827187,35.09635544085097],[132.33652503240444,35.09699594610606]]],[[[132.33526732782502,35.09974172110361],[132.33554963670645,35.1000316400482],[132.33539530494943,35.10013322476857],[132.3348136962951,35.099562198436786],[132.33493325576524,35.099479135253944],[132.33526732782502,35.09974172110361]]],[[[132.33771693898564,35.10258564001532],[132.33683158161227,35.1014636404347],[132.338062087995,35.100054694168875],[132.3396540597871,35.10178758612824],[132.33771693898564,35.10258564001532]]],[[[132.336943890748,35.102686667156036],[132.33675888491462,35.10261610814695],[132.3368341626665,35.10246417128451],[132.3371494415935,35.102568332562555],[132.336943890748,35.102686667156036]]],[[[132.33884194589916,35.102607775028844],[132.33880416268198,35.10275972088448],[132.33865693916653,35.102686667156036],[132.33884194589916,35.102607775028844]]],[[[132.34239988334798,35.10434055906961],[132.34170236107514,35.104095919191366],[132.34301922215946,35.1038322523566],[132.34282133623572,35.104235027224775],[132.34239988334798,35.10434055906961]]],[[[132.34314472075232,35.10436472115504],[132.34315832659559,35.104102774723344],[132.3435180536153,35.10409444070592],[132.34354555128618,35.10426610779467],[132.34314472075232,35.10436472115504]]],[[[132.35008527911236,35.10836027860404],[132.34995499432762,35.10859944071166],[132.34981444917753,35.108486946315566],[132.35008527911236,35.10836027860404]]],[[[132.35763527924485,35.1138425053274],[132.35787861240806,35.11425083800583],[132.35784444896217,35.11447610828583],[132.35764221841373,35.11447610828583],[132.35766277601635,35.11418333309439],[132.3574777818742,35.11396083812224],[132.35763527924485,35.1138425053274]]],[[[132.37194544722468,35.125840667412945],[132.3716814404462,35.12562963969617],[132.37245247690032,35.125177054077824],[132.37303069960717,35.12522113524727],[132.37194544722468,35.125840667412945]]],[[[132.37261900076635,35.12590769388504],[132.37240593968238,35.1258081713101],[132.37282435825762,35.12537450472968],[132.3728883009544,35.12580733314195],[132.37261900076635,35.12590769388504]]],[[[132.3750301686075,35.12733980219019],[132.37492936359934,35.12695197315509],[132.37542649803447,35.12697610826086],[132.37546374795363,35.12727410761403],[132.3750301686075,35.12733980219019]]],[[[132.37597233525514,35.127360386772466],[132.37593391711664,35.126811134826085],[132.37664508390355,35.1268764408951],[132.37655080437617,35.12734608125669],[132.37597233525514,35.127360386772466]]],[[[132.38949722421762,35.140719721338144],[132.38931888505851,35.14060555869963],[132.3895519461654,35.14051527935669],[132.38973583683946,35.140598613235454],[132.38949722421762,35.140719721338144]]],[[[132.3859920230135,35.142911585901004],[132.3859543576076,35.14345972088944],[132.38586066084088,35.14345653189349],[132.38589727583872,35.14290755873691],[132.3859920230135,35.142911585901004]]],[[[132.3814405838159,35.14616917137022],[132.38132405955776,35.14607283779128],[132.3815483657645,35.14576727873697],[132.38165555056332,35.14604164030948],[132.3814405838159,35.14616917137022]]],[[[132.3846958373431,35.14741805360035],[132.3846958373431,35.14754777540958],[132.3844425028193,35.14762083813122],[132.38439778223187,35.14741110813617],[132.3846958373431,35.14741805360035]]],[[[132.39079610875353,35.14806583796809],[132.39099972785527,35.148386946300604],[132.39081138823508,35.1484291712693],[132.39067082959514,35.148201107695],[132.39079610875353,35.14806583796809]]],[[[132.39146888528091,35.15599055861742],[132.39168832705468,35.156131387053904],[132.39149972842984,35.15618222482988],[132.39146888528091,35.15599055861742]]],[[[132.39276014266648,35.15616122476075],[132.39211739270354,35.15603244094444],[132.3918804411295,35.15532433275183],[132.39279705623926,35.15520453226338],[132.39276014266648,35.15616122476075]]],[[[132.39774586268152,35.157700359584],[132.39768299557386,35.15751161257094],[132.3979031127385,35.15739727906123],[132.3981919713824,35.157361414098034],[132.39813849499558,35.15749791859412],[132.3978953830656,35.15758233255866],[132.39774586268152,35.157700359584]]],[[[132.39934878102144,35.158380972803684],[132.39816150504953,35.15837946823791],[132.39815610911717,35.15831600038314],[132.3989962782557,35.158299999645294],[132.39934878102144,35.158380972803684]]],[[[132.39659836642159,35.159055837556934],[132.39625702963826,35.15784591935375],[132.39639861170667,35.15782246773273],[132.3966217254124,35.158657802115954],[132.39659836642159,35.159055837556934]]],[[[132.40220027222483,35.164914721037576],[132.40230944182736,35.16499333257627],[132.40216194581717,35.16505527877814],[132.40209360633492,35.16498777476602],[132.40220027222483,35.164914721037576]]],[[[132.40310350182517,35.16854399990575],[132.40303080422825,35.16867230618203],[132.40256533132504,35.16794194606399],[132.40278632892603,35.16804627911256],[132.40310350182517,35.16854399990575]]],[[[132.40221147867692,35.16964555879554],[132.40168635464158,35.16976253181542],[132.40164805431436,35.169668108396536],[132.40218797669388,35.16955494580418],[132.40221147867692,35.16964555879554]]],[[[132.39879632928728,35.169550333181405],[132.39717713411756,35.169497667083704],[132.39801649836272,35.16865891887409],[132.39879632928728,35.169550333181405]]],[[[132.3982999997453,35.17037972124717],[132.39825805356634,35.17061305394935],[132.39806194560242,35.170571945938605],[132.39807027242523,35.170427225236324],[132.3982999997453,35.17037972124717]]],[[[132.3977150582034,35.17050261270549],[132.39673722444343,35.17046441400157],[132.39595581071217,35.169624504767114],[132.39694152972788,35.16959680205082],[132.3977150582034,35.17050261270549]]],[[[132.4013284946144,35.1705832252357],[132.3994027241564,35.17071683841141],[132.3991861350322,35.16934353227822],[132.40064919620352,35.16881119837814],[132.4013284946144,35.1705832252357]]],[[[132.40266306065178,35.17495110830703],[132.40247082966516,35.175004440802354],[132.40202165967196,35.174635558684145],[132.40287888535238,35.17480444057253],[132.40266306065178,35.17495110830703]]],[[[132.4086734763,35.17468941368554],[132.40803797667138,35.1750329726936],[132.40807522659054,35.17459827908738],[132.4086734763,35.17468941368554]]],[[[132.40633944241142,35.175398892445],[132.40643888494662,35.17554499990189],[132.4062777821939,35.17554499990189],[132.40633944241142,35.175398892445]]],[[[132.41204306063878,35.17595889218916],[132.41176194605703,35.17605472124842],[132.41174138755503,35.175913891912614],[132.41204306063878,35.17595889218916]]],[[[132.41241555083707,35.17866944074217],[132.4124449937416,35.178783892062995],[132.41223472055594,35.17889638735846],[132.41215499385794,35.17879889185542],[132.41241555083707,35.17866944074217]]],[[[132.41186000003904,35.179136667323405],[132.4118736058823,35.17937610822088],[132.41167306066325,35.17930250500666],[132.41186000003904,35.179136667323405]]],[[[132.41251165958545,35.1794633325668],[132.4124355508601,35.17963833344237],[132.41229306137575,35.1795586130396],[132.41251165958545,35.1794633325668]]],[[[132.41341058413127,35.179745720588585],[132.4127358875512,35.1796016402036],[132.4131661996604,35.17905505384772],[132.4138603108048,35.17918813462478],[132.41341058413127,35.179745720588585]]],[[[132.41323749701291,35.18029000018339],[132.4132713879643,35.18048694631557],[132.41307999964238,35.180462505440346],[132.41323749701291,35.18029000018339]]],[[[132.42124832684885,35.18400417055608],[132.42116972790063,35.18390389165131],[132.4213819463198,35.18389444067594],[132.42140250302316,35.18398444122903],[132.42124832684885,35.18400417055608]]],[[[132.41970083012927,35.184999720960434],[132.41948389116874,35.184821108407505],[132.4197136058982,35.18462194634577],[132.41992221803605,35.184836108199875],[132.41970083012927,35.184999720960434]]],[[[132.42052333298545,35.18555417098827],[132.42052472063938,35.18568333341915],[132.42034972785768,35.185770000185414],[132.4203591698399,35.185600837708535],[132.42052333298545,35.18555417098827]]],[[[132.41694086922575,35.185835522991056],[132.4166994678062,35.185879360444176],[132.41651171184606,35.18516910826776],[132.4167531132656,35.185129648714394],[132.41694086922575,35.185835522991056]]],[[[132.4196680543373,35.19002833324106],[132.41976306141623,35.190111667119766],[132.41956610898876,35.190275278981005],[132.41950389119165,35.19023417097026],[132.4196680543373,35.19002833324106]]],[[[132.41999610903326,35.19059138708292],[132.4198211153523,35.19051527925677],[132.42004055802545,35.19034361306734],[132.42013999966127,35.1904758376898],[132.41999610903326,35.19059138708292]]],[[[132.42093583671954,35.19076861288124],[132.42092888496018,35.19114305370903],[132.42051389100334,35.191036108129936],[132.42093583671954,35.19076861288124]]],[[[132.42064083031016,35.19217666701962],[132.42048666672633,35.192320278857835],[132.42041111468131,35.1922330536126],[132.42064083031016,35.19217666701962]]],[[[132.4341980543968,35.19288917109844],[132.4340025031131,35.19265833311562],[132.43423916960205,35.192478054118965],[132.43451360581832,35.19265277530536],[132.4341980543968,35.19288917109844]]],[[[132.42075713423446,35.19312461271073],[132.42040116728015,35.192989333091305],[132.42053211396592,35.192453613243686],[132.421125109836,35.19271519814794],[132.42075713423446,35.19312461271073]]],[[[132.43459250334138,35.193004440802326],[132.43471555128178,35.19317083786393],[132.43438333272468,35.19328610756787],[132.43441944230347,35.1930294410559],[132.43459250334138,35.193004440802326]]],[[[132.4365840861867,35.193674801750774],[132.4363770298761,35.19360777527868],[132.4364041372412,35.193434919286176],[132.43669505803052,35.1934653604381],[132.4365840861867,35.193674801750774]]],[[[132.43476360565592,35.19403527880513],[132.43470749695348,35.19431750494897],[132.43442055836215,35.19422110841748],[132.4345852790874,35.19399861344533],[132.43476360565592,35.19403527880513]]],[[[132.44027499379604,35.194818332899786],[132.4400555511229,35.195240837994334],[132.43987306069323,35.19508610783765],[132.43998333286459,35.19486610758486],[132.44027499379604,35.194818332899786]]],[[[132.43750055830424,35.19544333294351],[132.4374077824433,35.195525000378495],[132.43721583744104,35.19539833266697],[132.4373613882176,35.19527444116255],[132.43750055830424,35.19544333294351]]],[[[132.451952502606,35.20075194644522],[132.4521444494069,35.2009491713672],[132.45194221795907,35.20100833326802],[132.451952502606,35.20075194644522]]],[[[132.4526005576697,35.2026047207313],[132.45249749716186,35.20271750470914],[132.45238111499657,35.2026047207313],[132.4526005576697,35.2026047207313]]],[[[132.4529641625661,35.20290333342217],[132.4527583266355,35.202908892131745],[132.45268972814847,35.20283000000455],[132.45291610909123,35.20281889157866],[132.4529641625661,35.20290333342217]]],[[[132.45324861183406,35.203296386619],[132.45326221767732,35.2034688918759],[132.45311499416175,35.20348361287847],[132.4531113878803,35.20334000014094],[132.45324861183406,35.203296386619]]],[[[132.4522574968861,35.20337389199159],[132.45213055757927,35.20363000002453],[132.4519658368539,35.20357361343156],[132.4520172241157,35.20341889226813],[132.4522574968861,35.20337389199159]]],[[[132.453766667198,35.20380166711328],[132.4538283274154,35.203987504819565],[132.45364999994763,35.20397083768404],[132.453766667198,35.20380166711328]]],[[[132.45343055817375,35.20383000025436],[132.4534600001789,35.204016667135534],[132.45323832718714,35.20397083768404],[132.45343055817375,35.20383000025436]]],[[[132.45539625223535,35.20442080177861],[132.45510169908425,35.204509946177154],[132.45461810574102,35.20417697308886],[132.45471255524035,35.204054278582134],[132.45539625223535,35.20442080177861]]],[[[132.45485027202255,35.20490861294218],[132.4550352787552,35.205057775396085],[132.45489472101463,35.205125559097326],[132.45474389121762,35.20506055879781],[132.45485027202255,35.20490861294218]]],[[[132.45546082985345,35.20523527908489],[132.4554674974271,35.20538444063948],[132.45511082990095,35.205494441215535],[132.45525499392295,35.20518472099815],[132.45546082985345,35.20523527908489]]],[[[132.45615000012242,35.205553613008874],[132.45587583730014,35.20556750483655],[132.45584861212376,35.20546333276667],[132.45615693929142,35.20547194557389],[132.45615000012242,35.205553613008874]]],[[[132.45571111477614,35.205855000108215],[132.45542639391306,35.205843612892465],[132.45557250316858,35.20569666726743],[132.45571111477614,35.205855000108215]]],[[[132.46465461711693,35.21513483810236],[132.46444483765924,35.2152170541238],[132.4638613880926,35.21423819783462],[132.46406897500322,35.21415358601922],[132.46465461711693,35.21513483810236]]],[[[132.46655165963148,35.217063332606756],[132.46649000031334,35.21709999976525],[132.46615027241717,35.21698722478067],[132.46632555118333,35.21692333334522],[132.46655165963148,35.217063332606756]]],[[[132.465992502552,35.217054720698854],[132.46607832665347,35.21719861312556],[132.46590333297252,35.2172913871878],[132.46580083004437,35.217184440709445],[132.465992502552,35.217054720698854]]],[[[132.48568594035396,35.229869270250674],[132.48574089522617,35.229981793425054],[132.4855572239868,35.230000395901584],[132.48558537006886,35.2298763416199],[132.48568594035396,35.229869270250674]]],[[[132.4852412579777,35.23001828791371],[132.48505984403664,35.2298532973918],[132.48535848190852,35.22990534205792],[132.4852412579777,35.23001828791371]]],[[[132.4862227106097,35.23023371241595],[132.48610621333114,35.230451982373154],[132.4860039945887,35.2304446582944],[132.48607922197857,35.230202972689085],[132.4862227106097,35.23023371241595]]],[[[132.5008936955876,35.232682333422986],[132.5000189753955,35.232755612881306],[132.50000944168244,35.23268097274877],[132.5008887807927,35.232602532081216],[132.5008936955876,35.232682333422986]]],[[[132.49822856010007,35.23333333286706],[132.49849166036188,35.23352777528663],[132.49837916956312,35.23363027911415],[132.4981141627385,35.2334347206359],[132.49822856010007,35.23333333286706]]],[[[132.50343027208942,35.23366555861867],[132.50350583672503,35.23378389231283],[132.50336861187202,35.23382027888283],[132.50329000033332,35.233659999909094],[132.50343027208942,35.23366555861867]]],[[[132.50741250338444,35.236966387089126],[132.50749472120447,35.23700305424762],[132.50742944211515,35.23712417134351],[132.50732639419778,35.23705138741167],[132.50741250338444,35.236966387089126]]],[[[132.50628389108874,35.23745083838554],[132.5064588847698,35.23755499966353],[132.50632499370352,35.23763389179072],[132.50628389108874,35.23745083838554]]],[[[132.5096691703959,35.237729720849984],[132.50986111539817,35.23785361325372],[132.5096383272471,35.237895838222414],[132.5096691703959,35.237729720849984]]],[[[132.50926778228234,35.2380591712938],[132.50928499440704,35.2381775049879],[132.50912389075506,35.23818305380496],[132.50916944231597,35.23805999956937],[132.50926778228234,35.2380591712938]]],[[[132.5116274972113,35.238414170577585],[132.51161360628294,35.238529441180845],[132.51150389079203,35.23852389236379],[132.5114966674373,35.238390000398226],[132.5116274972113,35.238414170577585]]],[[[132.5136941626555,35.23888227939375],[132.51356474661577,35.2388359463219],[132.5136016080279,35.23875280220011],[132.51374160818875,35.238778000304535],[132.5136941626555,35.23888227939375]]],[[[132.51416555129924,35.23880250503163],[132.5142444488223,35.23899389155491],[132.51405221783568,35.23897694562959],[132.51416555129924,35.23880250503163]]],[[[132.51305416281946,35.238854171083176],[132.5131949939539,35.238898054401716],[132.5131949939539,35.2390419459291],[132.51300306064275,35.23900527877066],[132.51305416281946,35.238854171083176]]],[[[132.516144449207,35.24044417066199],[132.51628165967088,35.240534171215074],[132.51627805428882,35.24064972060819],[132.51609639393348,35.240593333115896],[132.516144449207,35.24044417066199]]],[[[132.51675499444752,35.24053999972125],[132.51687165989927,35.24059917061527],[132.51670333289258,35.24072027871796],[132.516597223683,35.24061583775074],[132.51675499444752,35.24053999972125]]],[[[132.51564722394028,35.24064138659077],[132.5154894423839,35.240751108377026],[132.5154619456124,35.24063861308156],[132.51564722394028,35.24064138659077]]],[[[132.51592832683093,35.24082444089527],[132.51578082992148,35.24073694585343],[132.5159558370923,35.240663892124985],[132.51606555078456,35.24079610775425],[132.51592832683093,35.24082444089527]]],[[[132.51733472082083,35.240751108377026],[132.51735527932271,35.240872224573536],[132.5171905576981,35.240934170775404],[132.51717333298302,35.24079110842297],[132.51733472082083,35.240751108377026]]],[[[132.51813389076653,35.241128613194974],[132.5179005580644,35.24110889196186],[132.5178727762077,35.24091305379443],[132.51809888465584,35.240939171006005],[132.51813389076653,35.241128613194974]]],[[[132.52684089479158,35.248436918728885],[132.526529830987,35.24831191925972],[132.52697518785465,35.248035838183455],[132.52715089469814,35.2482816669654],[132.52684089479158,35.248436918728885]]],[[[132.52839194563182,35.25009999991511],[132.5284055505757,35.25027166700386],[132.52825472077882,35.25021555920074],[132.52839194563182,35.25009999991511]]],[[[132.52877610903022,35.25056444129598],[132.52886861239665,35.250694171199086],[132.52870389077202,35.250694171199086],[132.52877610903022,35.25056444129598]]],[[[132.5293661092586,35.25106861292619],[132.52937972769234,35.25119833293678],[132.52922527902342,35.251175838194456],[132.52924999958782,35.25106583761834],[132.5293661092586,35.25106861292619]]],[[[132.53361527912193,35.25387055867941],[132.53360861244755,35.25399444119057],[132.53348499433707,35.25399444119057],[132.53351555060226,35.25385722533076],[132.53361527912193,35.25387055867941]]],[[[132.536278910943,35.25552541376686],[132.5361581967435,35.25555733340428],[132.53557752338406,35.25532258606853],[132.53561294408212,35.255257135208694],[132.536278910943,35.25552541376686]]],[[[132.53673610918418,35.256151386877036],[132.536856109322,35.25628917110839],[132.5367463938311,35.256531387313714],[132.53659194606155,35.25641333330873],[132.53673610918418,35.256151386877036]]],[[[132.53781416339302,35.25658777480601],[132.53785527859827,35.256756946276084],[132.53750165977385,35.25676250498566],[132.5376494417684,35.25655694604626],[132.53781416339302,35.25658777480601]]],[[[132.53622561621933,35.25683930618908],[132.5355338388157,35.256249027170895],[132.53625153018402,35.25601213495213],[132.53622561621933,35.25683930618908]]],[[[132.54044083038013,35.25806610826436],[132.53948944208412,35.25789166676708],[132.53954111533028,35.2576719462034],[132.54033082980402,35.25765500027808],[132.54044083038013,35.25806610826436]]],[[[132.5424972237679,35.25930222461801],[132.54253832728205,35.25939250486027],[132.54227749690904,35.25946861268636],[132.5423461088859,35.25927694557464],[132.5424972237679,35.25930222461801]]],[[[132.5457761087805,35.259335837678805],[132.54583444870093,35.259423053930846],[132.54570749680363,35.25953861321648],[132.54562693913203,35.2593766668997],[132.5457761087805,35.259335837678805]]],[[[132.54495610873744,35.25958666669135],[132.54501027220635,35.259808891866896],[132.5447219459611,35.2597894413297],[132.54495610873744,35.25958666669135]]],[[[132.54287858577823,35.259894694384684],[132.54257444855205,35.259543919216526],[132.54292311301128,35.259485585591335],[132.54315099941914,35.25972238697864],[132.54287858577823,35.259894694384684]]],[[[132.5498756944079,35.26105005431663],[132.549467134201,35.260845748132795],[132.5494316991137,35.26045213465835],[132.54993163403776,35.260662306220524],[132.5498756944079,35.26105005431663]]],[[[132.55226058405879,35.26173369375499],[132.55161069977407,35.26155122490917],[132.55182581131226,35.26128722532525],[132.55226058405879,35.26173369375499]]],[[[132.55314360589273,35.26257138705989],[132.55323639434414,35.262686946345525],[132.55312639376814,35.26274610824635],[132.55301944189375,35.262632504986186],[132.55314360589273,35.26257138705989]]],[[[132.55452389076504,35.263697775332105],[132.55481916966903,35.263816108126946],[132.55480861162823,35.26397944119833],[132.55438333302448,35.263914720587934],[132.55452389076504,35.263697775332105]]],[[[132.5551577824058,35.264042775054065],[132.55521444868793,35.26413777493843],[132.55498389129366,35.26420750477257],[132.55495972830886,35.26404138740014],[132.5551577824058,35.264042775054065]]],[[[132.55621999955338,35.26447750463319],[132.5561719460785,35.26470583800409],[132.55596944213607,35.26466917084559],[132.55606555088457,35.26449444066594],[132.55621999955338,35.26447750463319]]],[[[132.5572291701901,35.264716946429985],[132.55729111459334,35.26479861296565],[132.55717416315713,35.264860559167516],[132.55708832736445,35.26478472113803],[132.5572291701901,35.264716946429985]]],[[[132.5618336064358,35.26464055891472],[132.5618952792438,35.26471666674081],[132.56162499429809,35.264971666809004],[132.56154639355134,35.26486889228562],[132.5618336064358,35.26464055891472]]],[[[132.56198082995138,35.26567138702495],[132.56200499383544,35.26596444100619],[132.56184360599764,35.26624889207278],[132.56166165965794,35.266088333409925],[132.56176805395262,35.265758891959365],[132.56198082995138,35.26567138702495]]],[[[132.56229333267117,35.26642917106943],[132.56228610931657,35.266611945684815],[132.5621422177892,35.26658083813521],[132.56229333267117,35.26642917106943]]],[[[132.56263333306197,35.26664583843473],[132.56270527882566,35.26681472122243],[132.56257832692836,35.266828891839964],[132.56253333294705,35.266719170953024],[132.56263333306197,35.26664583843473]]],[[[132.5674125030846,35.26824250468792],[132.56733000017948,35.268371945908655],[132.56723472060594,35.26826583759839],[132.5674125030846,35.26824250468792]]],[[[132.56852472073933,35.26868750542411],[132.5685966674023,35.26886750473159],[132.56829749713188,35.268976107761205],[132.56828778175577,35.268769171060455],[132.56852472073933,35.26868750542411]]],[[[132.56804749729417,35.2687916667021],[132.5681297277048,35.26903944071768],[132.5679047209262,35.26904750493844],[132.5678452793362,35.26892555866766],[132.56804749729417,35.2687916667021]]],[[[132.56725778192117,35.26885083759612],[132.56731277636356,35.26896055938238],[132.56720250329295,35.269108333282986],[132.56706916980636,35.26907889217716],[132.5671274971363,35.268904170990766],[132.56725778192117,35.26885083759612]]],[[[132.56881999964332,35.269123891554386],[132.56876832729654,35.2692083333979],[132.56848333303947,35.2692083333979],[132.56849389108027,35.269149170597814],[132.56881999964332,35.269123891554386]]],[[[132.5700111148211,35.26953194634228],[132.5698394423365,35.26934055891974],[132.5699733334027,35.26925333277512],[132.5701005577946,35.26943055857345],[132.5700111148211,35.26953194634228]]],[[[132.56912555060376,35.26948972137359],[132.56871693913547,35.26948972137359],[132.5687994420407,35.269281666815516],[132.56912555060376,35.26948972137359]]],[[[132.57045416312917,35.26956027858404],[132.57057083037955,35.269658891944346],[132.5704402722008,35.269714999747464],[132.5703236058498,35.269610837570156],[132.57045416312917,35.26956027858404]]],[[[132.56961277630865,35.26963055880327],[132.56973639441912,35.26977417064154],[132.56945306120986,35.26972555868764],[132.56961277630865,35.26963055880327]]],[[[132.57086610928354,35.269844720657375],[132.57089027226834,35.269985558986434],[132.57077693880478,35.2700530540053],[132.57073555110492,35.26990666685924],[132.57086610928354,35.269844720657375]]],[[[132.57166277641602,35.2702361083098],[132.5710413880497,35.26996861306111],[132.57116138818753,35.2696333332118],[132.57166277641602,35.2702361083098]]],[[[132.57262722376743,35.270734440642],[132.57287805367935,35.271018891708536],[132.5724830606448,35.27119917070519],[132.57227722381492,35.271007505392106],[132.57262722376743,35.270734440642]]],[[[132.57272693879725,35.27121305443899],[132.57285389069455,35.2715202790377],[132.57261527897197,35.27160110830454],[132.5725522176108,35.27135917088907],[132.57272693879725,35.27121305443899]]],[[[132.57363306061734,35.271818612938716],[132.5729747209067,35.27171944109938],[132.5730736058623,35.271269441031905],[132.57363306061734,35.271818612938716]]],[[[131.89441572000953,34.77114130572676],[131.89460708225113,34.77125174786994],[131.8945123089959,34.77130922534053],[131.89441572000953,34.77114130572676]]],[[[131.91174802914827,34.77374277460939],[131.91172739330466,34.77384680188845],[131.91152158165573,34.77387053229927],[131.91150878070573,34.77380469383161],[131.91174802914827,34.77374277460939]]],[[[131.90903516214303,34.77438472057844],[131.90887396855885,34.77427063977825],[131.90902888487517,34.774211639755435],[131.90903516214303,34.77438472057844]]],[[[131.9093727496528,34.77436686543854],[131.90943907915027,34.77418044137431],[131.90960613541483,34.7742799459628],[131.9093727496528,34.77436686543854]]],[[[131.9070425028093,34.77562444141489],[131.90710916955254,34.775759161656026],[131.90699527940865,34.77585305357559],[131.90683194633732,34.77572722493153],[131.9070425028093,34.77562444141489]]],[[[131.9120147213024,34.77576889232057],[131.91205917029458,34.775850558856234],[131.91192944219006,34.7759633329415],[131.91185778241083,34.77587610769626],[131.9120147213024,34.77576889232057]]],[[[131.91271878074724,34.77609138740763],[131.91247499432563,34.77602786469424],[131.912649637271,34.775865278959486],[131.91271878074724,34.77609138740763]]],[[[131.90071250317953,34.77621082906654],[131.89981861213926,34.77611500000728],[131.9002791702476,34.77563666679879],[131.90071250317953,34.77621082906654]]],[[[131.9150295851473,34.781365585653305],[131.9126792996101,34.78075735976438],[131.9127831650111,34.77929897326908],[131.9150295851473,34.781365585653305]]],[[[131.9318208297675,34.78744433268986],[131.93168693870132,34.78749258581422],[131.93144344995528,34.78735219804554],[131.9315393392692,34.78725708124938],[131.9318208297675,34.78744433268986]]],[[[131.9318518293985,34.787797161909566],[131.93189430617736,34.7876958020197],[131.93207097259733,34.787707333126946],[131.93213513562807,34.78781772131083],[131.9318518293985,34.787797161909566]]],[[[131.93139224435663,34.78779230557052],[131.9310123608318,34.78774019795185],[131.93121669309596,34.78755008127126],[131.93139224435663,34.78779230557052]]],[[[131.9305272764127,34.78797705419777],[131.9302990527591,34.78796263986396],[131.93020116695038,34.78783172105716],[131.93057871583517,34.78775077487842],[131.9305272764127,34.78797705419777]]],[[[131.93207055800985,34.788891386828084],[131.93217778237886,34.78900138740414],[131.9320297278897,34.78905722541066],[131.9319919455719,34.78894472112205],[131.93207055800985,34.788891386828084]]],[[[131.93671693863587,34.78902944085604],[131.93674360623254,34.789165558643674],[131.9365669389132,34.789215278562324],[131.9364986120214,34.789074441132584],[131.93671693863587,34.78902944085604]]],[[[131.93721861194945,34.789074441132584],[131.93725610918216,34.78922361257969],[131.93706165956803,34.78926582855519],[131.9370105582907,34.789198332637],[131.93721861194945,34.789074441132584]]],[[[131.93319858574625,34.789513946111754],[131.9329736706984,34.789492161833834],[131.93307972774733,34.78931277496463],[131.9332249421774,34.78935002668243],[131.93319858574625,34.789513946111754]]],[[[131.9379916988579,34.78964430643964],[131.9377780028526,34.789725586266854],[131.93769175067382,34.78963569363242],[131.93791513597478,34.78956325234225],[131.9379916988579,34.78964430643964]]],[[[131.93753871573915,34.789772440945455],[131.93763019477774,34.789646865010866],[131.93771819703727,34.78978722490058],[131.93753871573915,34.789772440945455]]],[[[131.93369591443502,34.78982213478372],[131.93378192019952,34.78993336023643],[131.93361172530092,34.789953693907876],[131.93357591429708,34.78986364029481],[131.93369591443502,34.78982213478372]]],[[[131.93438722419114,34.78990500011571],[131.9345011152343,34.79004444089827],[131.9344280543113,34.79012972090993],[131.93428138837544,34.7899894410599],[131.93438722419114,34.78990500011571]]],[[[131.93542007757458,34.79001005442052],[131.935254526775,34.79012972090993],[131.93512450099502,34.789963775308024],[131.935354811975,34.78994546780916],[131.93542007757458,34.79001005442052]]],[[[131.9313717766862,34.789350774918375],[131.92970166010355,34.7902073063222],[131.9296447213269,34.79013308077708],[131.93131297001764,34.789270252320364],[131.9313717766862,34.789350774918375]]],[[[131.93332544681198,34.79033744092021],[131.93315832669543,34.79026653207484],[131.93329316474785,34.79019782926645],[131.93332544681198,34.79033744092021]]],[[[131.9466719714344,34.79424425237039],[131.9467509993592,34.7943936936141],[131.9466040861098,34.79444958557997],[131.94660155631686,34.794258198157365],[131.9466719714344,34.79424425237039]]],[[[131.94720788643485,34.7943589995682],[131.94707136215368,34.794504161837665],[131.94697727598054,34.794409054034645],[131.94720788643485,34.7943589995682]]],[[[131.94620014302222,34.79454830595961],[131.946126252025,34.79430646836886],[131.94650503208163,34.794188972842846],[131.94648199684673,34.794463891995065],[131.94620014302222,34.79454830595961]]],[[[131.94758688682543,34.79650597267255],[131.94727486434363,34.79647638677591],[131.94728386475856,34.79637353221278],[131.9474891961695,34.79638219808004],[131.94758688682543,34.79650597267255]]],[[[131.94831036263315,34.798572081436475],[131.94837513630353,34.79871219760986],[131.94812983092697,34.79882010816152],[131.9480809473779,34.79866822525844],[131.94831036263315,34.798572081436475]]],[[[131.94759596638085,34.80062919787923],[131.9471642279468,34.800407918790484],[131.9477318944115,34.800146666635385],[131.94759596638085,34.80062919787923]]],[[[131.94844722416008,34.8017107207732],[131.94829703018388,34.80151861299362],[131.94861780756582,34.801476198268006],[131.94844722416008,34.8017107207732]]],[[[131.95084466924618,34.802834467736545],[131.95068313931552,34.802910440664334],[131.95060041517706,34.80278282866465],[131.95084466924618,34.802834467736545]]],[[[131.9513489110235,34.80363500015517],[131.95120213986695,34.803804667151724],[131.95116347621354,34.80367064028786],[131.9513489110235,34.80363500015517]]],[[[131.95125372228154,34.804709829395165],[131.95115778170634,34.8048703062197],[131.9510823348819,34.80483636040975],[131.95125372228154,34.804709829395165]]],[[[131.95119311337157,34.80538813495451],[131.95100727566535,34.80535400028691],[131.95115224368112,34.805252386788254],[131.95119311337157,34.80538813495451]]],[[[131.95203992220468,34.807035135363265],[131.95195267177849,34.8070444406485],[131.9518298306822,34.80624469423731],[131.95189197113757,34.80634597318817],[131.9519809986242,34.806828495438765],[131.95203992220468,34.807035135363265]]],[[[131.9530725030936,34.81055805411097],[131.95291221782463,34.810554440634974],[131.9528283272656,34.810411387275735],[131.95304306108847,34.81043555925373],[131.9530725030936,34.81055805411097]]],[[[131.95006555058478,34.81145722507091],[131.95024306056882,34.81152194568131],[131.9501202716333,34.81176416188663],[131.9498780536294,34.81170222467796],[131.95006555058478,34.81145722507091]]],[[[131.9362397277813,34.8159136131228],[131.93618778204052,34.816066666943186],[131.93604444899222,34.8159538919586],[131.9362397277813,34.8159136131228]]],[[[131.93684277627312,34.81654222484383],[131.93651861204432,34.81573694580345],[131.93795138764654,34.81578777458617],[131.93806722392333,34.816424161845646],[131.93684277627312,34.81654222484383]]],[[[131.95542805416142,34.81744722520932],[131.9553377820131,34.81757555936463],[131.9551597279392,34.81754222509369],[131.9551597279392,34.81746361265567],[131.95542805416142,34.81744722520932]]],[[[131.95700138840346,34.81849194604655],[131.95711749717486,34.81856499977499],[131.95690778156893,34.81869389240927],[131.95688499364758,34.81851305403427],[131.95700138840346,34.81849194604655]]],[[[131.9621842542,34.81874491904284],[131.96192011701987,34.81902902656839],[131.9617905579879,34.818612162021736],[131.9621842542,34.81874491904284]]],[[[131.956977782099,34.819269161742454],[131.95708917032903,34.81934777507979],[131.95695444918852,34.81941527909191],[131.9568580535564,34.8192802791616],[131.956977782099,34.819269161742454]]],[[[131.96255416334407,34.819383053685044],[131.9626047214308,34.81958222473992],[131.9623711153348,34.81964833300424],[131.96241000022144,34.81945722527075],[131.96255416334407,34.819383053685044]]],[[[131.96238194587022,34.81990722533823],[131.96239639437817,34.8200927752614],[131.9622880539506,34.82006582887493],[131.96238194587022,34.81990722533823]]],[[[131.9616466673599,34.82025638712264],[131.96148916998925,34.820336387214525],[131.96143999955643,34.820289440805084],[131.96153832693233,34.8201783331636],[131.9616466673599,34.82025638712264]]],[[[131.96579250332138,34.82114944089403],[131.96585722393183,34.82122277521097],[131.96571749716486,34.8213522254249],[131.96563555093996,34.82123416242672],[131.96579250332138,34.82114944089403]]],[[[131.96658972803357,34.82159527889905],[131.96652944198024,34.82186416180167],[131.96637555089103,34.821701666898434],[131.96658972803357,34.82159527889905]]],[[[131.968757223667,34.82201416242373],[131.96882527896355,34.82221694605528],[131.96859000012842,34.82226194633182],[131.9686344491206,34.82201416242373],[131.968757223667,34.82201416242373]]],[[[131.97754861197893,34.82232138702244],[131.977678054099,34.82246777506782],[131.9775758371552,34.82250722472867],[131.97741972833785,34.822442495125074],[131.97754861197893,34.82232138702244]]],[[[131.972301659594,34.823424999963834],[131.97186165998767,34.823385559296185],[131.97191639362677,34.823131945982595],[131.97225416279946,34.82313500008024],[131.972301659594,34.823424999963834]]],[[[131.979061946152,34.82353266679917],[131.97913072630206,34.82368969382435],[131.97900824943122,34.82369272094235],[131.979061946152,34.82353266679917]]],[[[131.98430050606362,34.82673819770969],[131.9841840861268,34.82663055875332],[131.98431447523296,34.82659605356508],[131.98430050606362,34.82673819770969]]],[[[131.9817551099104,34.82771986527962],[131.9817248899917,34.82793410807267],[131.98156097326034,34.82786961319215],[131.9817551099104,34.82771986527962]]],[[[131.98722763924422,34.82906002689879],[131.98724019467932,34.82911882907075],[131.98694367111364,34.82918716225777],[131.98703335870266,34.82906874762466],[131.98722763924422,34.82906002689879]]],[[[131.98722491609703,34.82920661279502],[131.98711883296778,34.8293315861838],[131.98693199701415,34.82922763984374],[131.98722491609703,34.82920661279502]]],[[[131.98180649807148,34.82928574773911],[131.98190608269965,34.829387333358795],[131.98175033720838,34.829413332759145],[131.98166849530492,34.82929105373921],[131.98180649807148,34.82928574773911]]],[[[131.98123871559426,34.82945077513324],[131.9810270817345,34.829442693825285],[131.98093347579936,34.82891372069173],[131.98144379969165,34.82910516207363],[131.98123871559426,34.82945077513324]]],[[[131.9870644230847,34.82946391872491],[131.98685671926228,34.82945441379019],[131.9866107519847,34.82929782923151],[131.98675744490026,34.829200494707095],[131.98681858620887,34.829300585653584],[131.9870644230847,34.82946391872491]]],[[[131.9816038907071,34.82987799986984],[131.9811823613769,34.83006149484214],[131.98125518757695,34.829804919161745],[131.9816038907071,34.82987799986984]]],[[[131.99079678314513,34.83294861268837],[131.99058669342128,34.83277441400804],[131.99094944216313,34.83267541393923],[131.9910195326254,34.83287933341455],[131.99079678314513,34.83294861268837]]],[[[131.99089111483318,34.83416777502288],[131.99098360560902,34.83425472057894],[131.9908569387967,34.83433389239525],[131.9908058366201,34.83418749535667],[131.99089111483318,34.83416777502288]]],[[[131.99123221779269,34.834280279311486],[131.99128499360768,34.83446722498252],[131.99108555095745,34.83443249496372],[131.99123221779269,34.834280279311486]]],[[[131.9931316596984,34.838318053635305],[131.99282778237637,34.83828416178471],[131.99279888536034,34.838041666789536],[131.99313111470929,34.83805082908253],[131.9931316596984,34.838318053635305]]],[[[131.99327165985926,34.84131389232232],[131.9929541632041,34.84108555895142],[131.99320306137224,34.84074027864102],[131.99364389105278,34.84083249512361],[131.99327165985926,34.84131389232232]]],[[[131.9938519456109,34.84160944102291],[131.9936813882855,34.841479999802175],[131.99389832724603,34.84141694563556],[131.9938519456109,34.84160944102291]]],[[[131.9953649937995,34.84289916236651],[131.99503693910356,34.84258666684127],[131.99430972841128,34.84242333287057],[131.99477416259754,34.84204305364409],[131.9953477816748,34.8425441621834],[131.9953649937995,34.84289916236651]]],[[[131.9938861090568,34.84272444118005],[131.99414861216883,34.8429558286486],[131.99386917032598,34.84307361285698],[131.9938861090568,34.84272444118005]]],[[[131.99453166040792,34.843144161973555],[131.99436082968862,34.84305666693166],[131.99446666730296,34.84265972056971],[131.9947716597843,34.84297527918585],[131.99453166040792,34.843144161973555]]],[[[131.9962630612913,34.84284555917526],[131.99621527941167,34.843191945651824],[131.99595221782067,34.84309916169701],[131.9962630612913,34.84284555917526]]],[[[131.99643722399878,34.84347916213369],[131.9963963938785,34.84325389185369],[131.99674111481067,34.84294416174373],[131.99699916987583,34.84298499995782],[131.99673778192312,34.84332999967978],[131.99643722399878,34.84347916213369]]],[[[131.99912472112908,34.844200000229876],[131.99902666714706,34.84375861296968],[131.99962666693716,34.84379166665212],[131.99912472112908,34.844200000229876]]],[[[131.99745416297935,34.84470444075737],[131.99743416295632,34.84484055944432],[131.9973341628414,34.844834441356454],[131.99736666703814,34.84470666657944],[131.99745416297935,34.84470444075737]]],[[[132.0004805579315,34.84659333271617],[132.00063416303624,34.84666916175246],[132.00053861186746,34.84684666723996],[132.0003644491601,34.84677055941381],[132.0004805579315,34.84659333271617]]],[[[132.0002652791194,34.846804441371944],[132.00024138772994,34.847007225003495],[132.0000330606773,34.84705222528004],[131.99999333312587,34.8467594410954],[132.0002652791194,34.846804441371944]]],[[[132.0074135278121,34.8488578651984],[132.00754810596038,34.84915263958271],[132.00739766467052,34.84920030634913],[132.007209170367,34.848903828648815],[132.0074135278121,34.8488578651984]]],[[[132.0102461998024,34.85591030641558],[132.01016732835956,34.85597935995952],[132.00994975357833,34.85583430560877],[132.01006005183,34.85574382931435],[132.0102461998024,34.85591030641558]]],[[[132.00993435808425,34.85588313519861],[132.01002946768585,34.85590019803578],[132.010158664291,34.85604444119804],[132.00985747144523,34.85599500006924],[132.00993435808425,34.85588313519861]]],[[[132.01270185530643,34.85853282932669],[132.01263730197002,34.859071748062775],[132.01251494201108,34.85906258576978],[132.01257852138167,34.858522225420415],[132.01270185530643,34.85853282932669]]],[[[132.00503555124976,34.860547225274274],[132.00495027213742,34.86070194643776],[132.00482749669163,34.860693613319654],[132.004861946122,34.86053916195283],[132.00503555124976,34.860547225274274]]],[[[132.00561399518983,34.86092189183188],[132.0057454221136,34.86128161255641],[132.00535922175072,34.86145544071604],[132.00517080388954,34.86126089217646],[132.00561399518983,34.86092189183188]]],[[[132.00587372209463,34.86124680159867],[132.00582241217467,34.86153180215098],[132.00554941577298,34.86153780242768],[132.00564938980756,34.86135727881543],[132.00587372209463,34.86124680159867]]],[[[132.005971115075,34.86321638702668],[132.00585194591065,34.86335416226484],[132.00572888537977,34.86323027885436],[132.005971115075,34.86321638702668]]],[[[132.00659038913523,34.866291197880514],[132.00641457797042,34.86636625170121],[132.00599197125257,34.86632189174196],[132.0058834113904,34.86618816165441],[132.0063830216592,34.866088774877085],[132.00659038913523,34.866291197880514]]],[[[132.00660189416215,34.866924054401636],[132.0067673019695,34.8670173060039],[132.00664688724407,34.86707358557754],[132.00660189416215,34.866924054401636]]],[[[132.0083099999066,34.867795694415804],[132.008029273832,34.86788764020247],[132.00804455331354,34.86772955917189],[132.0083099999066,34.867795694415804]]],[[[132.0094003109756,34.86784399970088],[132.00926814480908,34.86792630565452],[132.00918795136295,34.86776555903339],[132.00939722360306,34.86774374777582],[132.0094003109756,34.86784399970088]]],[[[132.0088940861932,34.86854489173339],[132.00875511036008,34.86845616192238],[132.00905255483156,34.86832502727822],[132.0090480798051,34.86843833286281],[132.0088940861932,34.86854489173339]]],[[[132.011246744142,34.8691181978466],[132.01108321681704,34.86906380235263],[132.0111616080219,34.86896700022692],[132.01133616103505,34.86902925219829],[132.011246744142,34.8691181978466]]],[[[132.00724591396784,34.86918774781634],[132.00730455336247,34.86901546828926],[132.0074488846584,34.86904430595001],[132.00745094680383,34.86916782873237],[132.00724591396784,34.86918774781634]]],[[[132.00715175135235,34.86952766726807],[132.0070491701831,34.8694071976841],[132.0071983659119,34.8693398654425],[132.0072674446369,34.86942838661082],[132.00715175135235,34.86952766726807]]],[[[132.01292916974546,34.87020636043525],[132.01298949357033,34.870344278665584],[132.01285836612078,34.870517026739435],[132.01266654972153,34.87031258565736],[132.01292916974546,34.87020636043525]]],[[[132.0217414789861,34.87252861320496],[132.02152778208153,34.872558279141344],[132.0215116986061,34.872315946024116],[132.0217414789861,34.87252861320496]]],[[[132.0207766925904,34.87271713538752],[132.02062022044686,34.8726851977637],[132.02053280184737,34.872320639585894],[132.02086483784205,34.87260138724429],[132.0207766925904,34.87271713538752]]],[[[132.04613350215948,34.87281945935064],[132.0454360833087,34.87296219794712],[132.045424319277,34.872923323852376],[132.04613350215948,34.87281945935064]]],[[[132.0261961349437,34.87337663972022],[132.02604172494569,34.8732925324245],[132.02617406018476,34.87318649516067],[132.0261961349437,34.87337663972022]]],[[[132.02642856023,34.873206972723665],[132.02646630387687,34.873252721236156],[132.0263190533817,34.87340491890194],[132.02629177694405,34.87323125172094],[132.02642856023,34.873206972723665]]],[[[132.0266158107711,34.873725829383545],[132.02639533117963,34.873959413895875],[132.02630542235738,34.87376441389665],[132.0266158107711,34.873725829383545]]],[[[132.02784783431014,34.87535489191481],[132.02773761340018,34.875578054183904],[132.02758155584422,34.875431999787],[132.02784783431014,34.87535489191481]]],[[[132.0307714790206,34.87554397257634],[132.03077169935455,34.875610224732156],[132.03061564179848,34.875641801727795],[132.03059783432263,34.875560558772804],[132.0307714790206,34.87554397257634]]],[[[132.02708313897574,34.875902468424215],[132.02658897500123,34.87535416166526],[132.02750827458726,34.87529886505064],[132.02708313897574,34.875902468424215]]],[[[132.0297244226441,34.87699927889366],[132.0297985600556,34.877084945613774],[132.02970175073528,34.87716772101356],[132.02962758814272,34.877084306195854],[132.0297244226441,34.87699927889366]]],[[[132.0263133327942,34.87794999989262],[132.02638499437205,34.87814416172375],[132.02623805414294,34.878152775430294],[132.02618693937586,34.87801472140234],[132.0263133327942,34.87794999989262]]],[[[132.02825658877066,34.87882877512794],[132.02814258081548,34.878971802406795],[132.0280875620914,34.878770080874574],[132.02825658877066,34.87882877512794]]],[[[132.04136791189967,34.8802496940682],[132.04101863770006,34.880303774799415],[132.04077269830145,34.87968608084799],[132.04097243772787,34.87953944099246],[132.04121891132377,34.88018886482428],[132.04136791189967,34.8802496940682]]],[[[132.0365370560404,34.88219913468237],[132.03635321662773,34.88221899980704],[132.03614399474964,34.882113000314746],[132.03672888503013,34.882004333433315],[132.0365370560404,34.88219913468237]]],[[[132.04066671859425,34.881874973151525],[132.04112533056957,34.88223091942143],[132.04095345034148,34.88238308111437],[132.04014936380213,34.88176113516829],[132.04032330707503,34.88160941414321],[132.04066671859425,34.881874973151525]]],[[[132.04194233497083,34.88162946812548],[132.04546652356123,34.88932174820019],[132.04525494186214,34.889388973422456],[132.04194233497083,34.88162946812548]]],[[[132.04419719794237,34.88947635964632],[132.04406121865043,34.89263080187004],[132.04378299628831,34.89262536007237],[132.0439185214227,34.88946777471807],[132.04419719794237,34.88947635964632]]],[[[132.05932130993062,34.89272577477476],[132.05953383861583,34.893066667292885],[132.0586296368483,34.89508430619583],[132.05844296996713,34.8949150268071],[132.05932130993062,34.89272577477476]]],[[[132.05609302167568,34.89527574757773],[132.05580296963137,34.89454438741359],[132.05595727620744,34.89452561316659],[132.05609302167568,34.89527574757773]]],[[[132.0487453312321,34.896913892362306],[132.04851286637575,34.89688364006798],[132.0484668606572,34.89669555855323],[132.0487853834387,34.89676186466835],[132.0487453312321,34.896913892362306]]],[[[132.0582511409774,34.896675107969884],[132.05970852113137,34.897556252019456],[132.05964717297866,34.897626495366524],[132.0582511409774,34.896675107969884]]],[[[132.05930830123714,34.898390413686684],[132.0591237738431,34.89849669376747],[132.05913658918234,34.89833761269074],[132.05930830123714,34.898390413686684]]],[[[132.04968505801912,34.89843472058595],[132.0499126071811,34.89868519796357],[132.04971338486484,34.8986569457615],[132.0495908036727,34.898534864592364],[132.04968505801912,34.89843472058595]]],[[[132.04230564219165,34.899504467757026],[132.04226299634024,34.899631918778084],[132.04077097340178,34.8988796943425],[132.04084102519323,34.89878727910968],[132.04230564219165,34.899504467757026]]],[[[132.0402674708672,34.8997722786678],[132.03994994813172,34.899708225354345],[132.03973907869556,34.89978336011404],[132.0395993636198,34.89955497278385],[132.03988391720907,34.899513693901895],[132.0402674708672,34.8997722786678]]],[[[132.05201975380862,34.89982280168101],[132.049005136378,34.89734622524816],[132.0517928017964,34.89668322525068],[132.05201975380862,34.89982280168101]]],[[[132.0389343059735,34.899986161732045],[132.038832335444,34.8999133867934],[132.03898364457962,34.89977697312884],[132.03913066125108,34.89994597282845],[132.0389343059735,34.899986161732045]]],[[[132.04643105095226,34.9012040542238],[132.04620572041767,34.90098863961407],[132.0463213102803,34.90082882918716],[132.04657744529288,34.90098153227194],[132.04643105095226,34.9012040542238]]],[[[132.046734136871,34.90142694579697],[132.0464539953557,34.901362918563905],[132.0465694422261,34.90121727875447],[132.046734136871,34.90142694579697]]],[[[132.04535875510248,34.901684107835365],[132.04510975441167,34.90166486504154],[132.0449055246703,34.90147272128911],[132.04506294379985,34.90141544077005],[132.04535875510248,34.901684107835365]]],[[[132.04987736724672,34.90209041434122],[132.049440195109,34.90203619781232],[132.0496662783761,34.901711973328986],[132.04987736724672,34.90209041434122]]],[[[132.04436817075452,34.90197782911355],[132.04484605699997,34.90217491913728],[132.04476674399007,34.90230410764849],[132.0443979509048,34.902180774623105],[132.04436817075452,34.90197782911355]]],[[[132.051768690073,34.90277546841321],[132.05172691296673,34.902914251791344],[132.05159547255312,34.902859135041126],[132.05156461681372,34.90277725176878],[132.051768690073,34.90277546841321]]],[[[132.06348102512925,34.904692919242905],[132.06366007835004,34.90451549469435],[132.06388788561753,34.90462205356499],[132.06348102512925,34.904692919242905]]],[[[132.06151613506165,34.90474713487242],[132.05808832681487,34.903948467647695],[132.05853511000737,34.90108227882416],[132.06345347619708,34.901464864811715],[132.06151613506165,34.90474713487242]]],[[[132.06073360617108,34.90486116171331],[132.0605099483755,34.90485116215149],[132.06051783363114,34.904753720607744],[132.06073360617108,34.90486116171331]]],[[[132.06443968894052,34.90581441430385],[132.06401128429343,34.905748693647354],[132.06405128433937,34.905597026581574],[132.06443968894052,34.90581441430385]]],[[[132.05078700361742,34.90607658556604],[132.04463308674758,34.90360130595553],[132.04738771736936,34.90158866728319],[132.051750077704,34.90332282908537],[132.05078700361742,34.90607658556604]]],[[[132.06430389131162,34.90604894580224],[132.06424255485013,34.90617961279895],[132.06401394268937,34.9061845590702],[132.06407697797022,34.90601694612519],[132.06430389131162,34.90604894580224]]],[[[132.05232372196224,34.906455693875216],[132.0539917512184,34.907510720943094],[132.05381627819872,34.90770041404295],[132.05232372196224,34.906455693875216]]],[[[132.06749613473892,34.90779310806556],[132.06733280166748,34.907718892413016],[132.06730241177695,34.907596000055435],[132.0674823085618,34.9076160540377],[132.06749613473892,34.90779310806556]]],[[[132.06562727607798,34.907784197582714],[132.065640610326,34.90756553192381],[132.0654617252785,34.90736369437906],[132.065709689051,34.90732019776897],[132.06585647189877,34.90767953178499],[132.06562727607798,34.907784197582714]]],[[[132.07455286572224,34.90873433312305],[132.0743532557982,34.90865602735386],[132.07444625199298,34.90856935968827],[132.07455286572224,34.90873433312305]]],[[[132.07299433162314,34.91029333307091],[132.0727116603149,34.91019755887032],[132.07293313905313,34.91012244119776],[132.07299433162314,34.91029333307091]]],[[[132.07481678256852,34.91913558613845],[132.07464703013636,34.91932730631021],[132.07452508386564,34.919163135070676],[132.07481678256852,34.91913558613845]]],[[[132.07360839231353,34.9200009192071],[132.07259625211543,34.91902300001152],[132.0739951619472,34.918945667308776],[132.07360839231353,34.9200009192071]]],[[[132.07376591396587,34.92086122506555],[132.07319216628548,34.92038174791941],[132.07375394309008,34.9202006127681],[132.07376591396587,34.92086122506555]]],[[[132.07346250339185,34.921851559402],[132.0730402716913,34.921508108312594],[132.07339150461428,34.921238107552654],[132.0737201690506,34.921441586360174],[132.07346250339185,34.921851559402]]],[[[132.08148997428293,34.922610532350234],[132.0814210250603,34.92272138728225],[132.08109610899828,34.92277116205952],[132.0813526334174,34.922595829334114],[132.08148997428293,34.922610532350234]]],[[[132.07876031063984,34.92287255882161],[132.07826389116576,34.923142440871004],[132.07803863797278,34.923036640128885],[132.07847477319228,34.92284538670526],[132.07876031063984,34.92287255882161]]],[[[132.07784027181117,34.923117775165224],[132.077873061093,34.92330499962611],[132.07767944155307,34.923209161573595],[132.07784027181117,34.923117775165224]]],[[[132.07694328080788,34.92341122484822],[132.076796693113,34.92344238725644],[132.07656832736643,34.92327500004126],[132.07696535736545,34.92322705358572],[132.07694328080788,34.92341122484822]]],[[[132.0782521918852,34.92353649501331],[132.0780724767635,34.92342141416697],[132.07894031084675,34.92302927917797],[132.07869007808472,34.92345755881934],[132.0782521918852,34.92353649501331]]],[[[132.07706442308472,34.92343482935394],[132.0769501947957,34.923589612570595],[132.0768240343018,34.923465387417764],[132.07706442308472,34.92343482935394]]],[[[132.08251116705674,34.92447453197411],[132.0822217247529,34.92447080158627],[132.08225999989918,34.92429080227873],[132.0824938002487,34.92427502727077],[132.08251116705674,34.92447453197411]]],[[[132.0819045266726,34.924904558998264],[132.081992802326,34.92474697259479],[132.08245727608244,34.92456769364418],[132.08254464342065,34.92466253165054],[132.08224705595694,34.924851721130096],[132.0819045266726,34.924904558998264]]],[[[132.08188267224762,34.92668327861048],[132.08151050580523,34.92648746832208],[132.08175510971057,34.92617699986869],[132.08210619964143,34.92634058564954],[132.08188267224762,34.92668327861048]]],[[[132.08301158221877,34.9269189729323],[132.0828318032452,34.92664597293333],[132.0832137740964,34.92666661327365],[132.08301158221877,34.9269189729323]]],[[[132.08364267157208,34.92858969385935],[132.08342294381384,34.92851794594651],[132.08345299555936,34.928462278811196],[132.08366391715606,34.928452225290016],[132.08364267157208,34.92858969385935]]],[[[132.0831405575907,34.92894191873461],[132.08316535729546,34.92907941428359],[132.0829723870661,34.92907655893612],[132.0830053831919,34.92892019830856],[132.0831405575907,34.92894191873461]]],[[[132.0834121141778,34.92915438716528],[132.08326169896827,34.92895533302226],[132.08334499417617,34.92886072074572],[132.08346814463926,34.92907780179917],[132.0834121141778,34.92915438716528]]],[[[132.0831666667084,34.929211027367046],[132.08319741902574,34.92932849501409],[132.08303263264997,34.929347585822484],[132.08307405992002,34.92919491871061],[132.0831666667084,34.929211027367046]]],[[[132.0828583917015,34.9294663871641],[132.0828582747896,34.929360278853835],[132.08297839183933,34.929308531863285],[132.08301211371815,34.92940825228908],[132.0828583917015,34.9294663871641]]],[[[132.0835997280451,34.929717864587815],[132.08345452710478,34.92965491923917],[132.08371542222903,34.929509774956216],[132.08377852136175,34.9296454143045],[132.0835997280451,34.929717864587815]]],[[[132.08192778224145,34.93024694564008],[132.08184360569794,34.93012389230381],[132.0820219457563,34.93007000043025],[132.08203499401986,34.930180000106986],[132.08192778224145,34.93024694564008]]],[[[132.08660644583085,34.93111519790813],[132.08698247666007,34.9308761077462],[132.08704547327,34.93101633273761],[132.08660644583085,34.93111519790813]]],[[[132.08542808034167,34.93168280231953],[132.08464369614967,34.93119158632271],[132.08543130980718,34.930961531649416],[132.08542808034167,34.93168280231953]]],[[[132.08753364506174,34.932323613344124],[132.08726786032355,34.93232677536042],[132.08724535658803,34.93215494639372],[132.08756572028187,34.93207291922988],[132.08753364506174,34.932323613344124]]],[[[132.09926282711785,34.933655946364865],[132.09882725037733,34.93352616160314],[132.09939516235693,34.93300064006752],[132.09926282711785,34.933655946364865]]],[[[132.09966313874293,34.93378672128023],[132.09938291808726,34.93377844122216],[132.09948066090385,34.93352544124616],[132.0997454725756,34.9336342250395],[132.09966313874293,34.93378672128023]]],[[[132.09156619972043,34.933639441107346],[132.09134364539295,34.93389866708986],[132.09104136166957,34.9338104139195],[132.09116394286173,34.9335957484451],[132.09156619972043,34.933639441107346]]],[[[132.0987648383267,34.933973999700356],[132.09839702999898,34.93397505370581],[132.09863630362258,34.93370727876794],[132.0987648383267,34.933973999700356]]],[[[132.0999999996004,34.93401405370565],[132.10019955916243,34.9340312253608],[132.10040338510817,34.93416438707686],[132.10017600501862,34.93417797313498],[132.0999999996004,34.93401405370565]]],[[[132.10695438413757,34.942048080654445],[132.10663455284237,34.94197753243725],[132.10655054537142,34.94171894587271],[132.10684949440872,34.94176453160787],[132.10695438413757,34.942048080654445]]],[[[132.10615905339762,34.94203138743865],[132.10518743215437,34.941313134893335],[132.10529072558654,34.94122249492227],[132.10615905339762,34.94203138743865]]],[[[132.10801408588145,34.9476476131469],[132.10787975414735,34.947800441237405],[132.10776508429126,34.94769989163672],[132.10801408588145,34.9476476131469]]],[[[132.11021786016613,34.948333161845994],[132.1099014786704,34.94843669359858],[132.10993791200508,34.94831905418107],[132.11021786016613,34.948333161845994]]],[[[132.10843208807046,34.948104332948674],[132.10855394261046,34.94841144063554],[132.10827294404123,34.94852327942584],[132.10819014256106,34.94809972122522],[132.10843208807046,34.948104332948674]]],[[[132.11019211437463,34.948538945615894],[132.10988538260438,34.948578585933035],[132.10992102543503,34.94850249519408],[132.11006197078336,34.94847994559308],[132.11019211437463,34.948538945615894]]],[[[132.11012771662092,34.9486887483871],[132.10987557729607,34.9486880810901],[132.10985669333184,34.94861027894126],[132.11014041504814,34.94855553181242],[132.11012771662092,34.9486887483871]]],[[[132.1087182226679,34.948829531857484],[132.10816683483165,34.948828720668985],[132.10851105124414,34.94854735967294],[132.1087182226679,34.948829531857484]]],[[[132.11035571994057,34.94844246814546],[132.110568469859,34.948745467729225],[132.11037817061617,34.948764775274185],[132.11024114091595,34.94853466664159],[132.11035571994057,34.94844246814546]]],[[[132.11024527869677,34.9488538917937],[132.11031055778608,34.94893666719349],[132.1102016597788,34.94899555929766],[132.11014888486318,34.9488905589522],[132.11024527869677,34.9488538917937]]],[[[132.10996749700246,34.94930916188838],[132.10988778199555,34.94947916163403],[132.10972444892423,34.94941166661516],[132.1097597284288,34.949275829416024],[132.10996749700246,34.94930916188838]]],[[[132.10872433176257,34.94932380195195],[132.10819425426143,34.94924791895636],[132.10831542171945,34.94897502687604],[132.10881243834342,34.94904116212001],[132.10872433176257,34.94932380195195]]],[[[132.11101097317794,34.9492919731461],[132.11095788619753,34.94942735978486],[132.11077700375574,34.949462802066705],[132.11094333336825,34.949267251682386],[132.11101097317794,34.9492919731461]]],[[[132.10905092056362,34.94918758613824],[132.10901330731838,34.94943825237351],[132.10883019455787,34.94949333315088],[132.10897544675947,34.94922738743401],[132.10905092056362,34.94918758613824]]],[[[132.11673968878563,34.951763080801584],[132.11677574620376,34.951870027279995],[132.11663930016368,34.95188455942491],[132.11659832705118,34.95176764036438],[132.11673968878563,34.951763080801584]]],[[[132.1114063942897,34.95258333265474],[132.11151722404077,34.9528674950389],[132.11120027237473,34.95272527894849],[132.1114063942897,34.95258333265474]]],[[[133.17864832665896,36.126117224930056],[133.17866221758732,36.12627222488334],[133.17844250331893,36.12631610820188],[133.17848194578528,36.12613138655428],[133.17864832665896,36.126117224930056]]],[[[133.17783666692867,36.12679055903715],[133.17768389099888,36.12663000037429],[133.17798917036396,36.12644138736022],[133.17821138834495,36.126500559153556],[133.17783666692867,36.12679055903715]]],[[[133.17748360568396,36.12728305386992],[133.17745138837097,36.127629999724775],[133.1771044488113,36.12785277528542],[133.17700722400423,36.12760750498239],[133.17748360568396,36.12728305386992]]],[[[133.18415444926848,36.128016108356746],[133.18421666706558,36.128584999698035],[133.18385944195973,36.12856250495571],[133.18389749677215,36.128224440805354],[133.18415444926848,36.128016108356746]]],[[[133.17627166040882,36.12958472115798],[133.17610165976384,36.12933694624314],[133.17635666702665,36.1292952788541],[133.1764936058953,36.12953972088144],[133.17627166040882,36.12958472115798]]],[[[133.17501250342434,36.140084440944236],[133.17278944227905,36.13548889179896],[133.17364944236795,36.13353055868839],[133.17961916998877,36.136949441163836],[133.17501250342434,36.140084440944236]]],[[[133.25504499433112,36.154518891633586],[133.25414250307415,36.15342833325104],[133.25543693866382,36.15319000031832],[133.25504499433112,36.154518891633586]]],[[[133.25428165967094,36.15471110823114],[133.25441138777535,36.15508944132472],[133.2541766674193,36.15514055878981],[133.25412778207158,36.154783892162925],[133.25428165967094,36.15471110823114]]],[[[133.25449444915955,36.155411946304355],[133.25439138775243,36.155244999756974],[133.25464610903077,36.15527055938884],[133.25449444915955,36.155411946304355]]],[[[133.2382449939114,36.1582033331174],[133.23635999961436,36.15678361297341],[133.23845778160137,36.15602833264148],[133.2382449939114,36.1582033331174]]],[[[133.2457347205809,36.15812722529125],[133.24571805434482,36.1583372250829],[133.24551389115322,36.15821805411997],[133.2457347205809,36.15812722529125]]],[[[133.23828499395734,36.1594422247789],[133.23761389106824,36.15937110819016],[133.2379874973252,36.1588133333687],[133.2387311152488,36.15903083800282],[133.23828499395734,36.1594422247789]]],[[[133.24776472066537,36.15970194628784],[133.24781693890066,36.1598275051353],[133.24761138805513,36.15992555911731],[133.2476080542683,36.15977333267324],[133.24776472066537,36.15970194628784]]],[[[133.2528604151761,36.159903026603445],[133.25244700402607,36.15997738704681],[133.2524331130977,36.1599114676402],[133.25284444861245,36.1598371080961],[133.2528604151761,36.159903026603445]]],[[[133.24736165981278,36.15977333267324],[133.24744972772282,36.159863333226326],[133.2473094415775,36.16000083776851],[133.2471480537398,36.15983166719775],[133.24736165981278,36.15977333267324]]],[[[133.2494974966122,36.159879440983445],[133.2495672237484,36.159976666689886],[133.24943194592765,36.16004389191215],[133.24938555080257,36.159884171417445],[133.2494974966122,36.159879440983445]]],[[[133.2546930608362,36.157875837799736],[133.2535300000095,36.1598677749779],[133.25163306091713,36.157898891920354],[133.25229138803718,36.15590110824962],[133.2546930608362,36.157875837799736]]],[[[133.24969555070913,36.16032022479857],[133.24967321694544,36.1602597211093],[133.25030230890445,36.160103667150565],[133.2503075879249,36.160167865254834],[133.24969555070913,36.16032022479857]]],[[[133.24911472086774,36.160091108118195],[133.24929666720755,36.160543891587395],[133.24909916979095,36.16064110830058],[133.248840272061,36.16013777483852],[133.24911472086774,36.160091108118195]]],[[[133.24273055776905,36.16219083803679],[133.24278306108943,36.1623350002601],[133.24258639374716,36.162340558969674],[133.24260666716407,36.162212775199464],[133.24273055776905,36.16219083803679]]],[[[133.24010972828137,36.16430999960687],[133.2397427761083,36.16430694640849],[133.2396161092961,36.16366972098086],[133.24035027174773,36.163802774778276],[133.24010972828137,36.16430999960687]]],[[[133.2443108302807,36.164103332702666],[133.24443360572639,36.164261107963796],[133.24425138779134,36.164371667018884],[133.2442122178196,36.16414694622466],[133.2443108302807,36.164103332702666]]],[[[133.2403344490756,36.16441499995233],[133.2402263937331,36.16436055859293],[133.2403325029427,36.164250279227076],[133.24046111498853,36.16435305375046],[133.2403344490756,36.16441499995233]]],[[[133.23791693921544,36.164202775237925],[133.23805472074878,36.1644102794109],[133.23774944228296,36.164438612551976],[133.23791693921544,36.164202775237925]]],[[[133.24052472133883,36.16482583814195],[133.24036610880898,36.164747224804614],[133.24039972816502,36.164662774867224],[133.24061221817942,36.16471110803127],[133.24052472133883,36.16482583814195]]],[[[133.27091888459893,36.167433891860696],[133.2707027757126,36.16726917113539],[133.271068611827,36.16699472142932],[133.27123360594624,36.1672127746499],[133.27091888459893,36.167433891860696]]],[[[133.2711138908934,36.16787305419814],[133.2710055513652,36.167636386809875],[133.27136083033815,36.16737694588937],[133.27141250268494,36.16763389209052],[133.2711138908934,36.16787305419814]]],[[[133.27051722399074,36.16795666686676],[133.27023693858393,36.16795138694698],[133.27025972830393,36.16769277520149],[133.27063749662318,36.16770583785416],[133.27051722399074,36.16795666686676]]],[[[133.23425610943195,36.16849750475609],[133.23427693862993,36.168594720569956],[133.23414639394105,36.1686100000515],[133.23412111489756,36.16849222483637],[133.23425610943195,36.16849750475609]]],[[[133.27416944186632,36.16856666711806],[133.2741061089099,36.16866194579222],[133.27391472058798,36.168670558599445],[133.2739291699953,36.16853444081187],[133.27416944186632,36.16856666711806]]],[[[133.27460138804372,36.16893722467324],[133.27424722423007,36.16885666700165],[133.27432861197587,36.1686150002821],[133.27471306135874,36.1686047210311],[133.27460138804372,36.16893722467324]]],[[[133.27522527922338,36.16892472139881],[133.27518027175222,36.16906083828712],[133.27498693909604,36.16899944067171],[133.27504277620324,36.168892504985195],[133.27522527922338,36.16892472139881]]],[[[133.27544583705583,36.16898777466611],[133.27548027209696,36.169125279208345],[133.27529221756186,36.16909750544556],[133.27531583735606,36.16899944067171],[133.27544583705583,36.16898777466611]]],[[[133.3433661606199,36.16910866693149],[133.34337992204587,36.16935483835516],[133.34318561632324,36.16943553182438],[133.34315516168147,36.16897474798628],[133.3433661606199,36.16910866693149]]],[[[133.2783174973547,36.16976610821939],[133.27826749684755,36.169962774662395],[133.27808778172584,36.16978417110266],[133.2783174973547,36.16976610821939]]],[[[133.31090499377046,36.1719611078189],[133.3110680543473,36.17208944107489],[133.31083055778413,36.17212194617093],[133.31090499377046,36.1719611078189]]],[[[133.27996775600718,36.172360467961255],[133.27994927403984,36.17242361295945],[133.27919311327162,36.17225774829649],[133.27921024625596,36.172195694176025],[133.27996775600718,36.172360467961255]]],[[[133.28229389115018,36.1742419459091],[133.2820972238079,36.174234720755805],[133.28213805392807,36.17404389181223],[133.2822797277273,36.17408777513077],[133.28229389115018,36.1742419459091]]],[[[133.29307693874978,36.174155279142894],[133.29331639403642,36.17473277519747],[133.29255527890302,36.17509861311055],[133.29233444857596,36.17419944125129],[133.29307693874978,36.174155279142894]]],[[[133.28564250329896,36.176159171008976],[133.28559972794517,36.17648472109306],[133.2853202717132,36.1763888920338],[133.2853936060302,36.17610138686956],[133.28564250329896,36.176159171008976]]],[[[133.28485527904797,36.17677027922508],[133.2848472238204,36.17690250474686],[133.28459027222334,36.17695527876316],[133.28460444913605,36.1767405593294],[133.28485527904797,36.17677027922508]]],[[[133.27832250298115,36.17776722537718],[133.278501659624,36.17787250541187],[133.27839165994726,36.17807750497292],[133.2780500003073,36.17792972117974],[133.27832250298115,36.17776722537718]]],[[[133.20029250279686,36.17834972076304],[133.199901387639,36.17835499978344],[133.19980306116236,36.17800805392858],[133.20041916960906,36.17797972078756],[133.20029250279686,36.17834972076304]]],[[[133.19864972830237,36.1784505590461],[133.1976808302062,36.17846000012895],[133.19801416302323,36.178032775392296],[133.19864972830237,36.1784505590461]]],[[[133.19634277569855,36.178598892325056],[133.19590166003366,36.17796861326093],[133.19667027191554,36.17806277497715],[133.19634277569855,36.178598892325056]]],[[[133.1910438910628,36.17928444102421],[133.19116082990843,36.178790559436834],[133.19209861236118,36.178875000381026],[133.1920169386309,36.17923889216121],[133.1910438910628,36.17928444102421]]],[[[133.2397061089498,36.183433054092234],[133.23969722364802,36.18363999978624],[133.2394822182298,36.1835352791299],[133.2397061089498,36.183433054092234]]],[[[133.2388188845839,36.184245837975084],[133.23851972780324,36.1840925053649],[133.23891083037063,36.18380555867964],[133.2390961086985,36.18392472064937],[133.2388188845839,36.184245837975084]]],[[[133.2810202721679,36.18652889199484],[133.2814069392789,36.187078332798876],[133.28099972805512,36.18714917059782],[133.2810202721679,36.18652889199484]]],[[[133.23689666734742,36.1873081977152],[133.23647822269186,36.187473306048275],[133.2364495846806,36.187412666561386],[133.23686325573476,36.187241135270256],[133.23689666734742,36.1873081977152]]],[[[133.21768583723167,36.19184666689023],[133.2177219459112,36.19198000037676],[133.21757610915017,36.191995278958984],[133.21758306090965,36.191889721033874],[133.21768583723167,36.19184666689023]]],[[[133.21729610882846,36.1920983331716],[133.21729444867992,36.19218166705036],[133.2171383272721,36.192199999730235],[133.21713306084212,36.19211917136272],[133.21729610882846,36.1920983331716]]],[[[133.3330141625736,36.200793360025614],[133.33310060990527,36.20105525159863],[133.3346663547685,36.20177091859307],[133.33451866360554,36.201765585613316],[133.33305386494396,36.20109966731587],[133.3330141625736,36.200793360025614]]],[[[133.3449108559513,36.204606134765356],[133.34452330660542,36.20442138703743],[133.344721089107,36.204209387153526],[133.34497688687384,36.20433217069319],[133.3449108559513,36.204606134765356]]],[[[133.3698911148831,36.20529555864317],[133.36991360602815,36.20542638661851],[133.36970277616228,36.205396666722834],[133.3697047213958,36.205298892429994],[133.3698911148831,36.20529555864317]]],[[[133.33845780838124,36.20595866655924],[133.3387959139004,36.20637113521974],[133.33872669308244,36.206406838304986],[133.33845780838124,36.20595866655924]]],[[[133.3705594415651,36.20709805363231],[133.37026805402752,36.20698861333386],[133.3705925033414,36.206803612896465],[133.3705594415651,36.20709805363231]]],[[[133.34621880655277,36.20708355925888],[133.3450738391864,36.206792586308836],[133.34551871581618,36.20614733263335],[133.34621880655277,36.20708355925888]]],[[[133.3482205841127,36.207565972691555],[133.34648089507732,36.20715419830765],[133.34714736735714,36.20588355877925],[133.3482205841127,36.207565972691555]]],[[[133.1837077820885,36.21082527856379],[133.18343277570204,36.210741945584346],[133.18341333325884,36.21059694609227],[133.18393693923838,36.21065361327368],[133.1837077820885,36.21082527856379]]],[[[133.1803836063184,36.211105838263904],[133.18040444900623,36.21125194572079],[133.18020693899905,36.21121527856229],[133.1803836063184,36.211105838263904]]],[[[133.19805527912786,36.21109194643623],[133.198013891428,36.211348333259025],[133.19783138840796,36.21118583835579],[133.19805527912786,36.21109194643623]]],[[[133.18226250321197,36.21158305361507],[133.18156888489614,36.21141610796707],[133.18172972774482,36.21124222494876],[133.1819786124231,36.21130083826313],[133.18226250321197,36.21158305361507]]],[[[133.18333333316684,36.21166825178847],[133.18275944159507,36.21156889199085],[133.18273527861027,36.21131944073966],[133.1832763943902,36.21144305435354],[133.18333333316684,36.21166825178847]]],[[[133.18190111514446,36.21205417066352],[133.18144027195103,36.21171999967828],[133.1811725033084,36.211368333281996],[133.1822649943341,36.21176333261178],[133.18190111514446,36.21205417066352]]],[[[133.18389693919244,36.213615278622285],[133.18379917029552,36.21378722540021],[133.1836449941212,36.21362277537082],[133.18389693919244,36.213615278622285]]],[[[133.18442194631587,36.21491333308393],[133.1842783272831,36.21472138718235],[133.1844472235606,36.21468777502088],[133.18456555095952,36.21485917141371],[133.18442194631587,36.21491333308393]]],[[[133.18325499412276,36.22066638704416],[133.18342138758703,36.22082777488197],[133.18324917011319,36.220964999734974],[133.18304999995757,36.22078444104915],[133.18325499412276,36.22066638704416]]],[[[133.18289389114022,36.22153666728343],[133.18251666691071,36.22141138722577],[133.1828969389427,36.22092527937821],[133.18322972766987,36.22115138692703],[133.18289389114022,36.22153666728343]]],[[[133.18329749698194,36.223608892336586],[133.18315027166773,36.22379861331541],[133.18296555091945,36.22365333323478],[133.18304555101145,36.22353110817414],[133.18329749698194,36.223608892336586]]],[[[133.1834577822509,36.22434055916955],[133.18303722418864,36.22409305405125],[133.1834616601276,36.223961108218646],[133.1834577822509,36.22434055916955]]],[[[133.37564527860684,36.22476833339192],[133.37483250281787,36.22461444140339],[133.37512472132892,36.224473333277786],[133.3756005580194,36.22461638663697],[133.37564527860684,36.22476833339192]]],[[[133.18493055789895,36.22511305432403],[133.18434527911143,36.2249633333912],[133.18465083007186,36.224666108354256],[133.18493055789895,36.22511305432403]]],[[[133.3746211153723,36.22552361282453],[133.37477138758948,36.225665279429165],[133.37452555071366,36.225856387162594],[133.37450916956254,36.225604171395446],[133.3746211153723,36.22552361282453]]],[[[133.3748180543098,36.22596083802233],[133.37486888489116,36.226071387184845],[133.3747183266895,36.22610417107069],[133.37470832712768,36.22596083802233],[133.3748180543098,36.22596083802233]]],[[[133.37553527893,36.22675389167881],[133.37556610858906,36.22686305408672],[133.37540221793802,36.226847774605176],[133.37538944216908,36.22672472126891],[133.37553527893,36.22675389167881]]],[[[133.37707972784722,36.229389441269745],[133.3771288847903,36.229542774779304],[133.37684610916062,36.229460000278834],[133.37683972757145,36.229348333259],[133.37707972784722,36.229389441269745]]],[[[133.3775773020509,36.2333333326672],[133.3776747211116,36.233481108366504],[133.37759444942435,36.233517774625625],[133.3775055514401,36.23338083755567],[133.3775773020509,36.2333333326672]]],[[[133.37811693934532,36.23385777501636],[133.37818194594013,36.234008891697044],[133.377973891382,36.23394222495375],[133.37811693934532,36.23385777501636]]],[[[133.3743163935868,36.241990838006814],[133.37444138766,36.24204722459979],[133.37433722368394,36.24217110801027],[133.37423277642154,36.242114721417295],[133.3743163935868,36.241990838006814]]],[[[133.3755261094425,36.24239083756714],[133.3749141630583,36.2423230538659],[133.3748725028638,36.24209222487633],[133.37544277556367,36.24218222542942],[133.3755261094425,36.24239083756714]]],[[[133.37647861199844,36.24555666700661],[133.37649250292668,36.245680559410346],[133.37631166005508,36.24577083785391],[133.3763394419118,36.245613053599584],[133.37647861199844,36.24555666700661]]],[[[133.18736250277732,36.24662389157936],[133.18734527896152,36.24543833331251],[133.18823499444954,36.24592833342592],[133.18736250277732,36.24662389157936]]],[[[133.37888444865848,36.247381666630645],[133.37893306061233,36.24748305439948],[133.37885666680177,36.247539440992455],[133.37874527857184,36.24748305439948],[133.37888444865848,36.247381666630645]]],[[[133.18497389083245,36.24889110763854],[133.18478610879197,36.24894999974276],[133.1847822183248,36.24884833318407],[133.18497389083245,36.24889110763854]]],[[[133.1837952789291,36.24899805411695],[133.18397944209767,36.249065559028395],[133.18394138818462,36.24915861277981],[133.18378832716962,36.24914999997259],[133.1837952789291,36.24899805411695]]],[[[133.18044778193962,36.2490688919159],[133.18046416309073,36.24916694589791],[133.1802902719785,36.2492347206059],[133.1802208299274,36.24916138718834],[133.18044778193962,36.2490688919159]]],[[[133.17467527924077,36.24958361259371],[133.17410832683788,36.249459721089295],[133.1744874972003,36.249189170843636],[133.17467527924077,36.24958361259371]]],[[[133.3821286117461,36.249396108443705],[133.3807236063094,36.24925638707265],[133.38046666730293,36.248676387305466],[133.3817969390775,36.24876110793883],[133.3821286117461,36.249396108443705]]],[[[133.177157782206,36.24954694633453],[133.17721693871079,36.24974138695552],[133.1770430610885,36.24965972131912],[133.177157782206,36.24954694633453]]],[[[133.1764619461619,36.24975250527393],[133.1766083270128,36.24991610814192],[133.17635111461232,36.24991333283407],[133.1764619461619,36.24975250527393]]],[[[133.17553027190456,36.24945138707193],[133.17589639400342,36.249836946218124],[133.17562778179672,36.24995555870214],[133.17531472059795,36.24967083783895],[133.17553027190456,36.24945138707193]]],[[[133.17620138828352,36.24985694624115],[133.17621194632432,36.24994694589486],[133.17601722421557,36.249969440637244],[133.17607583663062,36.24983083802283],[133.17620138828352,36.24985694624115]]],[[[133.37499999975023,36.25112633301393],[133.37419727568374,36.250261559323576],[133.37425705631813,36.25022202692503],[133.37499999975023,36.25112633301393]]],[[[133.37589817066407,36.25125438658074],[133.37556204904934,36.251601252395915],[133.3755029177255,36.25155394625767],[133.37589817066407,36.25125438658074]]],[[[133.37832221769622,36.25146138713336],[133.3764122177497,36.25114917129724],[133.37663138792823,36.25033889202632],[133.3778030606628,36.25048138690653],[133.37832221769622,36.25146138713336]]],[[[133.17710416282694,36.25272500025858],[133.17710194599806,36.25286194632184],[133.1768900000735,36.25284500039652],[133.1769630609965,36.252718332684935],[133.17710416282694,36.25272500025858]]],[[[133.37524778185968,36.25367361324669],[133.3754355513097,36.25374694576499],[133.37533111483913,36.253825559102324],[133.37524778185968,36.25367361324669]]],[[[133.37606832689187,36.254045278766625],[133.3760194424434,36.25416917117036],[133.37590138843836,36.25417472088674],[133.37592917029508,36.254045278766625],[133.37606832689187,36.254045278766625]]],[[[133.17664306062886,36.2542336129909],[133.17644499394135,36.25444194633883],[133.17633360571142,36.25432361264467],[133.17664306062886,36.2542336129909]]],[[[133.37749360574537,36.25786444139089],[133.3775352794297,36.25798861258443],[133.37726416261103,36.25797694567956],[133.3773683265871,36.257853332965],[133.37749360574537,36.25786444139089]]],[[[133.3782583271601,36.25892889155517],[133.37826527891957,36.25905305375545],[133.3780427758535,36.259036107830184],[133.3781052787357,36.25891777503534],[133.3782583271601,36.25892889155517]]],[[[133.38349416302526,36.26029805361236],[133.38336888476624,36.260083891758256],[133.38351499402177,36.259858613384324],[133.38383499438953,36.2601063873999],[133.38349416302526,36.26029805361236]]],[[[133.37975999982416,36.2619933332258],[133.37969749694196,36.262117505318656],[133.37944722371049,36.2622411081407],[133.37954444941693,36.26201027915113],[133.37975999982416,36.2619933332258]]],[[[133.38278472113802,36.264601666633666],[133.3826666671331,36.26438750477956],[133.38296555141915,36.26442138673764],[133.38278472113802,36.264601666633666]]],[[[133.38270832732746,36.2651702791851],[133.3825066669492,36.26536194629682],[133.38239527871917,36.265187225110424],[133.38270832732746,36.2651702791851]]],[[[133.1856923610137,36.267585720604586],[133.18569824887516,36.26803610827983],[133.18561797718792,36.26803610827983],[133.18561678288825,36.267584775417106],[133.1856923610137,36.267585720604586]]],[[[133.38617778227888,36.26818972057919],[133.3862405576557,36.26833055890825],[133.3861430612534,36.268358613259466],[133.38610138756906,36.268212225214086],[133.38617778227888,36.26818972057919]]],[[[133.18573994774044,36.26820774838893],[133.1855628271628,36.26838561270591],[133.18550438382033,36.26834544088945],[133.1856779772569,36.26816183799849],[133.18573994774044,36.26820774838893]]],[[[133.38381360581332,36.26959222500125],[133.38395277589996,36.269693612770084],[133.3838555510929,36.26985694584141],[133.38375111462233,36.269744170856825],[133.38381360581332,36.26959222500125]]],[[[133.39052389096491,36.27048222467499],[133.39066306105144,36.270673891786714],[133.39051693920544,36.27070194613793],[133.39052389096491,36.27048222467499]]],[[[133.38165138830095,36.27102861318002],[133.3817347212804,36.27138917117338],[133.38140778174375,36.27136083803231],[133.38138693905603,36.271101666908464],[133.38165138830095,36.27102861318002]]],[[[133.3871722184232,36.27180583786918],[133.38711666730046,36.27194110759609],[133.38695666711658,36.271980559055635],[133.38691499433162,36.2718566666519],[133.3871722184232,36.27180583786918]]],[[[133.38622693922196,36.27160638712513],[133.3850102716068,36.27143444124653],[133.38569111505296,36.27044861341284],[133.38622693922196,36.27160638712513]]],[[[133.37829944236546,36.277072505191995],[133.37834111515042,36.27717972056769],[133.3780700001305,36.27718527927726],[133.37807693929938,36.277072505191995],[133.37829944236546,36.277072505191995]]],[[[133.37494778241432,36.27995638727748],[133.37423888461694,36.27940999967183],[133.37453055813876,36.27897610826085],[133.37525389095435,36.27956222521658],[133.37494778241432,36.27995638727748]]],[[[133.3663255511833,36.28076194600703],[133.36638111489663,36.280795559067826],[133.36634639387103,36.28097555927468],[133.36627000006047,36.280958613349355],[133.36626306089158,36.28080666659446],[133.3663255511833,36.28076194600703]]],[[[133.37344610885089,36.280987225280285],[133.3729730609581,36.2808238922089],[133.37311221755488,36.280238054043025],[133.37351555090197,36.280249441258775],[133.37344610885089,36.280987225280285]]],[[[133.37173527905998,36.28088000001202],[133.37195778212606,36.28097027935496],[133.37209693872285,36.28169694595732],[133.37172138813162,36.281499721035345],[133.37173527905998,36.28088000001202]]],[[[133.36563169904377,36.28197933307979],[133.3642273671993,36.28175977529344],[133.36424469533654,36.281694026757975],[133.36563169904377,36.28197933307979]]],[[[133.3666802716773,36.282525000328576],[133.36576221765233,36.282034721425305],[133.3663255511833,36.28149389162985],[133.3666802716773,36.282525000328576]]],[[[133.36813333328678,36.28352166679156],[133.36801499419664,36.28366250512056],[133.36759082985293,36.28351610808198],[133.367813332919,36.28332472065938],[133.36813333328678,36.28352166679156]]],[[[133.19681916996876,36.28490917142119],[133.19470416326658,36.284302774753314],[133.19545527883815,36.28308055922048],[133.19681916996876,36.28490917142119]]],[[[133.36316138818756,36.290658612804805],[133.36316138818756,36.2904219463158],[133.36351610868155,36.29042750502538],[133.36344666663047,36.29063027876441],[133.36316138818756,36.290658612804805]]],[[[133.19266778159295,36.29094694624462],[133.1927111154257,36.29100610814544],[133.1924494423879,36.291100000065],[133.1924574967162,36.29094917116737],[133.19266778159295,36.29094694624462]]],[[[133.19255194621542,36.29132472085922],[133.19238194557045,36.29122222512564],[133.19279194559192,36.2910475048385],[133.19283778223792,36.29119583811746],[133.19255194621542,36.29132472085922]]],[[[133.35857678289233,36.29288769401194],[133.3585246168177,36.292935054109535],[133.35835542196526,36.29278402736105],[133.35840444940584,36.29273538662886],[133.35857678289233,36.29288769401194]]],[[[133.35937888462786,36.29319305431608],[133.35865583689747,36.292956386927756],[133.35956666666834,36.29265222541994],[133.35937888462786,36.29319305431608]]],[[[133.19312416324965,36.29374333328826],[133.1929316597683,36.29382138724725],[133.19285444937339,36.29370361293144],[133.1931027755727,36.29362610755885],[133.19312416324965,36.29374333328826]]],[[[133.36331444920256,36.295260558827806],[133.36364138783983,36.29548027939143],[133.3633630611564,36.29552527876865],[133.36331444920256,36.295260558827806]]],[[[133.3633422175693,36.29755861263993],[133.3632100001414,36.29744027894577],[133.36332832664107,36.297215279361694],[133.36357165980428,36.29741250518305],[133.3633422175693,36.29755861263993]]],[[[133.37008027198704,36.29607750477305],[133.37105360643886,36.297170558774326],[133.37050416293687,36.29757027864548],[133.36980194620287,36.29681555859122],[133.37008027198704,36.29607750477305]]],[[[133.36384306080868,36.297457504560214],[133.363933332957,36.29772194571126],[133.36370389072204,36.297654440799874],[133.36384306080868,36.297457504560214]]],[[[133.3621669385534,36.29739527866923],[133.3622225031661,36.29779527912888],[133.36192360628945,36.29768250504361],[133.3618749943356,36.29745166706084],[133.3621669385534,36.29739527866923]]],[[[133.36531693902555,36.297879999762245],[133.36519861162674,36.29757027864548],[133.36553250292275,36.29764917077267],[133.36531693902555,36.297879999762245]]],[[[133.36361333258924,36.2980599999691],[133.36351610868155,36.29785166662117],[133.36380111462984,36.29791361282304],[133.36361333258924,36.2980599999691]]],[[[133.3503811153962,36.29798055925545],[133.35038805366582,36.298115837975615],[133.35024916956354,36.2980652789895],[133.3503811153962,36.29798055925545]]],[[[133.36709306139574,36.29829638676887],[133.3663252786887,36.29793638725454],[133.36692610855312,36.29739222457158],[133.36709306139574,36.29829638676887]]],[[[133.36199306093113,36.298415000152204],[133.36162472110402,36.29795861309958],[133.36202360640436,36.29786499996982],[133.36245805359636,36.298155278643264],[133.36199306093113,36.298415000152204]]],[[[133.36524749697446,36.299271386765156],[133.36494832670394,36.29909110776845],[133.36513610874454,36.2988544412795],[133.36549778189715,36.29913055922799],[133.36524749697446,36.299271386765156]]],[[[133.34561805403007,36.29952972062017],[133.34518693882626,36.29943389156091],[133.3455069391939,36.29921417099723],[133.34561805403007,36.29952972062017]]],[[[133.37110917015218,36.29750250483676],[133.3722733326482,36.29900500038053],[133.37143610878945,36.299029441255755],[133.37110917015218,36.29750250483676]]],[[[133.2041386118076,36.30027750510283],[133.20419111512797,36.30042472142378],[133.2040425030591,36.300415279441665],[133.2039611153133,36.30030444069746],[133.2041386118076,36.30027750510283]]],[[[133.20328555088747,36.30028917110843],[133.2033430607337,36.30047333337768],[133.20321832656464,36.300504440927284],[133.20317527871623,36.30036277522197],[133.20328555088747,36.30028917110843]]],[[[133.35440000035976,36.29975527868322],[133.35450444942092,36.30049889211023],[133.35412194617095,36.30030166718825],[133.35405944238937,36.29997500014622],[133.35440000035976,36.29975527868322]]],[[[133.34491583729607,36.30033499966055],[133.34504111465583,36.300532224582525],[133.34486722444296,36.300605279210345],[133.34471416342797,36.30048138680661],[133.34491583729607,36.30033499966055]]],[[[133.3603244489143,36.29892750490046],[133.36099444923445,36.29976055860294],[133.35991416290835,36.299648612793305],[133.3603244489143,36.29892750490046]]],[[[133.34559888498063,36.301686667205956],[133.34539389081544,36.302109171401185],[133.3446516596464,36.30161944108437],[133.34559888498063,36.301686667205956]]],[[[133.34423416287643,36.30167000007049],[133.34422722370743,36.302109441197786],[133.34381693860087,36.3017997209804],[133.34423416287643,36.30167000007049]]],[[[133.34214832658404,36.30341055875033],[133.3419952790589,36.303523332835596],[133.34193972793616,36.30342194596608],[133.34214832658404,36.30341055875033]]],[[[133.20798503198375,36.30363866729073],[133.20784261984113,36.30375617091062],[133.2071991827961,36.30324554124877],[133.20734158234825,36.30312804482344],[133.20798503198375,36.30363866729073]]],[[[133.1984977824468,36.30440361263669],[133.19851917012363,36.304518054065],[133.19840555067572,36.30457722495902],[133.1983088852469,36.304426108278335],[133.1984977824468,36.30440361263669]]],[[[133.32589165967238,36.30872194576125],[133.32602333301043,36.30882889223966],[133.32588472140287,36.3089077753736],[133.32580111502955,36.30877805356437],[133.32589165967238,36.30872194576125]]],[[[133.32525888498958,36.30880638670544],[133.32518917044388,36.309043054093706],[133.32497360564741,36.30899222531099],[133.3250291702601,36.30884027855609],[133.32525888498958,36.30880638670544]]],[[[133.34433861193747,36.30897027915512],[133.34441499405682,36.30912250469987],[133.34422027194807,36.309319440939475],[133.34409527877415,36.30908861284928],[133.34433861193747,36.30897027915512]]],[[[133.32940972837628,36.309369721135795],[133.32944472099712,36.3095049998559],[133.32934722369544,36.30956694605777],[133.32924306061886,36.30937527894599],[133.32940972837628,36.309369721135795]]],[[[133.34298654958968,36.30944408067984],[133.34377936402655,36.30838074837288],[133.3441872236615,36.30862666708708],[133.3439716597644,36.30898166727019],[133.34355769103468,36.30874502686157],[133.34298654958968,36.30944408067984]]],[[[133.32749082963812,36.30944861326293],[133.32773416280145,36.309583891983095],[133.32773416280145,36.30983722470819],[133.32735165955148,36.30967389163686],[133.32749082963812,36.30944861326293]]],[[[133.33118972772377,36.31036694607775],[133.3308491697535,36.31060917127627],[133.33078639437667,36.310518891933384],[133.33118972772377,36.31036694607775]]],[[[133.20776499395936,36.31158277462538],[133.20794306062385,36.31167027866047],[133.20792610930255,36.31179138676316],[133.2076458373856,36.31165333273515],[133.20776499395936,36.31158277462538]]],[[[133.20745250293078,36.311766667098084],[133.20744138820953,36.311897225276766],[133.20731639413634,36.311897225276766],[133.20729555144862,36.31180138722431],[133.20745250293078,36.311766667098084]]],[[[133.209910557826,36.31186138729322],[133.20995832711515,36.31199027902818],[133.20975527908297,36.31199027902818],[133.20974555111638,36.31190166702834],[133.209910557826,36.31186138729322]]],[[[133.33779527872923,36.311786667121055],[133.3378927760308,36.312028892319574],[133.33750333271269,36.311921667051365],[133.33779527872923,36.311786667121055]]],[[[133.33729472057496,36.31197777485448],[133.33748944178433,36.312118613183486],[133.3372738913771,36.31220305412768],[133.3371419464437,36.31207361290694],[133.33729472057496,36.31197777485448]]],[[[133.20845250318052,36.31191250475837],[133.20854360630244,36.312111666820044],[133.2084127756292,36.31224361265265],[133.20821583669158,36.31209777499237],[133.20845250318052,36.31191250475837]]],[[[133.2143088847473,36.31226250471087],[133.2146933332308,36.311749440584265],[133.21508583694185,36.312116945840444],[133.2143088847473,36.31226250471087]]],[[[133.21090610912972,36.31215999998409],[133.21092610915264,36.31228083829012],[133.21076499380945,36.31235499998331],[133.21070333269267,36.31220027881989],[133.21090610912972,36.31215999998409]]],[[[133.21417778157945,36.31318305435451],[133.21389360570538,36.313167774872966],[133.21386333272665,36.31298444087929],[133.2140747210716,36.313011945744734],[133.21417778157945,36.31318305435451]]],[[[133.21488499404734,36.31438472127792],[133.21408861199995,36.314236945578614],[133.21456555125928,36.31337972079751],[133.21488499404734,36.31438472127792]]],[[[133.22169277560113,36.31471833288481],[133.22119111487814,36.31462222503569],[133.22158194585018,36.31436417086985],[133.22169277560113,36.31471833288481]]],[[[133.2200141631232,36.314835278925045],[133.2193783271481,36.31452500022863],[133.21977277609278,36.313973613291694],[133.22050583687496,36.31408194562533],[133.2200141631232,36.314835278925045]]],[[[133.2166666670331,36.31547969443238],[133.21623138796826,36.315147224964505],[133.2169138906636,36.31505472069887],[133.2166666670331,36.31547969443238]]],[[[133.21743389126118,36.31539472108955],[133.2174894423839,36.31549305386142],[133.21731444870295,36.31574083776951],[133.21716166018257,36.3156091707267],[133.21743389126118,36.31539472108955]]],[[[133.32566639388904,36.31607389179675],[133.3259033328726,36.31643500017515],[133.32547138759458,36.31644777504482],[133.32566639388904,36.31607389179675]]],[[[133.32092666723202,36.31787555940957],[133.32082221817086,36.317836107950086],[133.32095444908862,36.3175316667531],[133.32110055834414,36.317678332688956],[133.32092666723202,36.31787555940957]]],[[[133.22795083036658,36.31897997274757],[133.227839728121,36.31983683779987],[133.22765791218296,36.3198302790442],[133.22776797661095,36.31896630575045],[133.22795083036658,36.31897997274757]]],[[[133.31892832688084,36.32059583772781],[133.3186222183408,36.320562224667015],[133.31863610926905,36.320438054372744],[133.31891444944233,36.320370559353876],[133.31892832688084,36.32059583772781]]],[[[133.31250888517695,36.32265305399528],[133.31181805386018,36.32348361297841],[133.311597496927,36.32334389160735],[133.3122977819172,36.32254444107315],[133.31250888517695,36.32265305399528]]],[[[133.3161788853473,36.32476389233983],[133.31601888516343,36.324701946137964],[133.31608138804563,36.32448805408046],[133.3163180536353,36.32460055926845],[133.3161788853473,36.32476389233983]]],[[[133.31566212680582,36.325639603584875],[133.31535124466427,36.32603191933765],[133.31514822271242,36.32592663120914],[133.31545910485386,36.325534224624846],[133.31566212680582,36.325639603584875]]],[[[133.3153229699791,36.3260711261816],[133.3150419201486,36.326454053911505],[133.31483687382274,36.326355541275234],[133.31511782113057,36.32597252271381],[133.3153229699791,36.3260711261816]]],[[[133.32210221784317,36.32690472127592],[133.32213722395375,36.32722555891246],[133.32191444929242,36.3271016674081],[133.32210221784317,36.32690472127592]]],[[[133.31947111539966,36.327394440800845],[133.31923444891072,36.32722555891246],[133.3194988846659,36.32715222459552],[133.31947111539966,36.327394440800845]]],[[[133.3110358370343,36.32787805392911],[133.31072416259008,36.3279922246615],[133.3102969387528,36.32767222519311],[133.31078666727092,36.327627775301664],[133.3110358370343,36.32787805392911]]],[[[133.31149416302526,36.32799166708185],[133.31164722404026,36.328239171300766],[133.31142444937893,36.328239171300766],[133.31124360560796,36.328031107749496],[133.31149416302526,36.32799166708185]]],[[[133.3111252791084,36.32830110761006],[133.31120861208785,36.32844194593912],[133.31102083004737,36.32844194593912],[133.3109511146023,36.3283180544347],[133.3111252791084,36.32830110761006]]],[[[133.32290972810154,36.327597225331715],[133.32306999988066,36.32820555913929],[133.3223600004137,36.32797472115652],[133.32290972810154,36.327597225331715]]],[[[133.31180749671864,36.328639170861095],[133.31167499420565,36.328757504555256],[133.3116055512553,36.32863361305084],[133.31180749671864,36.328639170861095]]],[[[133.2243947212395,36.32886833340689],[133.2242347210556,36.328941666824505],[133.22424861198397,36.328783891563376],[133.2243947212395,36.32886833340689]]],[[[133.2559058370848,36.32875055909108],[133.2557805579264,36.32890833255357],[133.2556272244169,36.32884083843402],[133.2557874970954,36.32873944077261],[133.2559058370848,36.32875055909108]]],[[[133.2250697280856,36.328969721175724],[133.22490277614224,36.3287727750436],[133.22541083014573,36.328710559045135],[133.22528555098745,36.32895861274983],[133.2250697280856,36.328969721175724]]],[[[133.30917610919016,36.32904472103712],[133.3088838906791,36.328774440588006],[133.30947555105593,36.32865027928699],[133.30917610919016,36.32904472103712]]],[[[133.22716499376952,36.32903750487702],[133.22701194624437,36.328981108391474],[133.2271441627729,36.328902225257536],[133.22716499376952,36.32903750487702]]],[[[133.3059463937111,36.32921361281802],[133.30570972812154,36.32920805410845],[133.30568888543382,36.32908417069797],[133.30600221822783,36.32911222504919],[133.3059463937111,36.32921361281802]]],[[[133.22480527884056,36.329082505153565],[133.2246380544027,36.3292347208058],[133.22456861235162,36.329121945821214],[133.22480527884056,36.329082505153565]]],[[[133.2267613879278,36.32907110804524],[133.22655250329547,36.329290837602116],[133.22649000041326,36.329217774880476],[133.22656639422382,36.32911638711164],[133.2267613879278,36.32907110804524]]],[[[133.3150939036608,36.328357468122704],[133.31277403409445,36.32951374806106],[133.31267058418018,36.32937775707791],[133.31499045374653,36.32822156797101],[133.3150939036608,36.328357468122704]]],[[[133.2241163936567,36.32964583778522],[133.2241511146823,36.32975861276981],[133.22406055834813,36.32980361304635],[133.2239633326418,36.32964583778522],[133.2241163936567,36.32964583778522]]],[[[133.25873194582266,36.33023222543693],[133.25862055759274,36.330096945817445],[133.25884333315332,36.33010277522294],[133.25873194582266,36.33023222543693]]],[[[133.31223888531633,36.32932083808623],[133.31276111533327,36.329692505404864],[133.31194666680528,36.33038527925726],[133.31161250301466,36.32958555892645],[133.31223888531633,36.32932083808623]]],[[[133.2978880535909,36.33022138680758],[133.29754722402527,36.3306986129507],[133.2973361090742,36.330582225389435],[133.29769610858864,36.33012444079037],[133.2978880535909,36.33022138680758]]],[[[133.23670111516435,36.33139222497124],[133.23673583708933,36.331532774617926],[133.2365686117521,36.331617224555316],[133.2364713878443,36.33144861336285],[133.23670111516435,36.33139222497124]]],[[[133.2690547212984,36.33261194578472],[133.2691727762027,36.33205166725071],[133.26956277620127,36.33228277503008],[133.2690547212984,36.33261194578472]]],[[[133.2960274965718,36.332925278578784],[133.2961458365612,36.33302110763805],[133.29604138839943,36.33311110819113],[133.29591610924115,36.33302110763805],[133.2960274965718,36.332925278578784]]],[[[133.2521469389302,36.33312166713131],[133.25195194612547,36.33300889214672],[133.252237223669,36.33281166722469],[133.2523277818018,36.33287944103341],[133.2521469389302,36.33312166713131]]],[[[133.29282555125826,36.33345472115849],[133.29270722385934,36.33356166673758],[133.2926583268204,36.33345472115849],[133.29282555125826,36.33345472115849]]],[[[133.2958394420367,36.33424917056283],[133.2958047210111,36.33392222473094],[133.29607610942503,36.33387722535372],[133.29610389128163,36.334096945917395],[133.2958394420367,36.33424917056283]]],[[[133.2356569393164,36.33538194582019],[133.23497111542474,36.335071945913626],[133.23576111498357,36.3342308378829],[133.23644722396023,36.33448055893069],[133.2356569393164,36.33538194582019]]],[[[133.24709333269118,36.33559972115029],[133.24716277564164,36.335751667005866],[133.24704472073734,36.33588694572603],[133.24696111526328,36.33572361265465],[133.24709333269118,36.33559972115029]]],[[[133.29192055808733,36.337008892246615],[133.29168416319362,36.337194720959644],[133.29127333309793,36.3369075053771],[133.29183693912353,36.33680027920957],[133.29192055808733,36.337008892246615]]],[[[133.2697155512318,36.33773500037],[133.26956944197627,36.337808054098446],[133.26924917001327,36.337841945949094],[133.2693674974122,36.337718054444736],[133.2697155512318,36.33773500037]]],[[[133.2884749936261,36.337555278953005],[133.28864221806396,36.33758917080365],[133.2886561089923,36.33778610794258],[133.28835666712655,36.33776361320025],[133.2884749936261,36.337555278953005]]],[[[133.2879461086261,36.33842250509457],[133.28804360592778,36.33866472129989],[133.287758054091,36.338743613427084],[133.28773722399376,36.33850138732919],[133.2879461086261,36.33842250509457]]],[[[133.28770916964254,36.342219171177874],[133.28773693890867,36.34248389201804],[133.28736111492356,36.34250083794336],[133.2872500000875,36.34232055894671],[133.28770916964254,36.342219171177874]]],[[[133.28765416260956,36.34300499968106],[133.28771416267853,36.34347805386915],[133.2872488849282,36.343427774572206],[133.28711722418063,36.3428322246275],[133.28765416260956,36.34300499968106]]],[[[133.2870855509575,36.343950558571464],[133.2864141629833,36.343377224579285],[133.28686999965078,36.34308055892069],[133.2870855509575,36.343950558571464]]],[[[133.2878761089953,36.34408917107845],[133.28759778231188,36.34432000006802],[133.28739583684842,36.34403833330248],[133.2878761089953,36.34408917107845]]],[[[133.2895258370478,36.34475944119532],[133.2893516599512,36.34467500025113],[133.2895605580734,36.34463555868416],[133.2895258370478,36.34475944119532]]],[[[133.2890244488193,36.344770558614414],[133.28885083020168,36.344900278625005],[133.2887533329,36.34474805397957],[133.2890244488193,36.344770558614414]]],[[[133.2880291700103,36.34519889221514],[133.28775778159638,36.34535083807077],[133.28763944160698,36.34524944130874],[133.28798055805635,36.345120000088],[133.2880291700103,36.34519889221514]]],[[[133.28642111474267,36.34577861319252],[133.2864349939798,36.345936386654955],[133.28620527925034,36.34588027885184],[133.28628888472429,36.34577861319252],[133.28642111474267,36.34577861319252]]],[[[133.284500000075,36.346736386674934],[133.28422165990173,36.34673083785793],[133.28414499359667,36.34649972108531],[133.28449306090613,36.346573053603606],[133.284500000075,36.346736386674934]]],[[[133.28408250330494,36.34714194584416],[133.2840613881226,36.34728277517996],[133.28391527886708,36.347203892046025],[133.28408250330494,36.34714194584416]]],[[[133.2836369386938,36.34714194584416],[133.283699441576,36.347322224840866],[133.28356027238874,36.34729417138897],[133.2836369386938,36.34714194584416]]],[[[133.28349778209702,36.3478402793055],[133.28346277598644,36.347643054383525],[133.28374832692384,36.34763194595757],[133.28370639423474,36.34780638655553],[133.28349778209702,36.3478402793055]]],[[[133.2841938906356,36.34818389227286],[133.28425639441718,36.34826833321705],[133.2841102716718,36.34831333259427],[133.28404749719425,36.34816694634753],[133.2841938906356,36.34818389227286]]],[[[133.28340722396433,36.348369720985886],[133.2835949943136,36.348431667187754],[133.2835949943136,36.34856694590786],[133.2833863938671,36.34854999998254],[133.28340722396433,36.348369720985886]]],[[[133.2829755511808,36.34856694590786],[133.28279444930445,36.34870222462803],[133.28254389098788,36.34856694590786],[133.2828572237819,36.348476946254095],[133.2829755511808,36.34856694590786]]],[[[133.27904972806255,36.3488877745512],[133.28105444910364,36.344877505092825],[133.28003138843792,36.34049527873418],[133.27344666663043,36.335549720643144],[133.27119138817204,36.33240110782492],[133.26963944160696,36.33173638742437],[133.26768972759896,36.332498892010335],[133.2634027763171,36.327889171348204],[133.2595741627175,36.330023892089],[133.25642778201654,36.32738777502584],[133.25265499383295,36.32897610816093],[133.25200749724831,36.331679440553785],[133.24746917016614,36.33437194600856],[133.23356888529588,36.32875610790808],[133.2263852788576,36.32866999962084],[133.22422027164828,36.32604499997683],[133.22592639438767,36.32323583806351],[133.2318239694007,36.319314586199255],[133.22466499359462,36.31341250468341],[133.21861250316454,36.31351555889597],[133.21406832689183,36.31090610763084],[133.21013250331248,36.310832775112544],[133.2084777822239,36.307233333051954],[133.21059166027692,36.3009194411793],[133.20492250317102,36.30067166716378],[133.20121888544327,36.29876166721721],[133.19911888482875,36.301488053730736],[133.1958716604488,36.30152166679153],[133.1962752788811,36.297804170725954],[133.1939391702566,36.291219721413086],[133.19683165975334,36.290583053565115],[133.2048411154252,36.29145472055893],[133.2067360571234,36.28885983831094],[133.2005866674408,36.288116386761885],[133.19799610913321,36.279982775184976],[133.19258333255482,36.28408861289921],[133.19169306128583,36.28641610781716],[133.18567138792423,36.28958472065841],[133.18258360614857,36.289666387194075],[133.1818263940729,36.28652194633082],[133.1851849940923,36.285755838161435],[133.18793888457196,36.281948333448895],[133.1877722177137,36.273820838161214],[133.18638861164516,36.26756333288154],[133.18195527861326,36.26057222542789],[133.1778497277828,36.25890889243152],[133.17658749691554,36.255951667035845],[133.17772444862442,36.24977805411396],[133.188286640716,36.24939302736635],[133.1926469389051,36.2454566668917],[133.19092221818585,36.237787774586195],[133.18955055781203,36.23638277544478],[133.19069778157746,36.23069222526601],[133.18772805380672,36.22686305408672],[133.18360916962752,36.22380194620291],[133.1836991701806,36.221246386811345],[133.18443527876514,36.21948917088855],[133.18535693907154,36.214696108138924],[133.1878416597649,36.21237555868515],[133.19218778194067,36.21465610809298],[133.19849306100605,36.21172805400653],[133.20762221759128,36.209936108064994],[133.2092847214128,36.2084230535811],[133.20786138779283,36.20315777481153],[133.20976888492612,36.20080917100648],[133.20858055764666,36.198080838360056],[133.2145033325628,36.19388833298024],[133.22406583736858,36.18841805375024],[133.23476158238122,36.189589721088794],[133.23833461674917,36.19167580199672],[133.24486111464876,36.1901588921192],[133.24630639442466,36.184364170769925],[133.2431177815604,36.18201944124428],[133.23857499384098,36.183298054161924],[133.23713055762914,36.18049277462188],[133.2379016597339,36.177247775164744],[133.24118722401124,36.17543750463716],[133.2362902715788,36.172076667104534],[133.23495916973002,36.16891944057977],[133.24028444856856,36.166460837997306],[133.2449380543478,36.167688613139035],[133.24752027234274,36.170164999814915],[133.24405583740702,36.17609889215021],[133.2485388849616,36.17479083812674],[133.25332583681802,36.17141361314776],[133.24835165960144,36.16632805399655],[133.24788083033616,36.1611291712743],[133.25283610919917,36.161791108273064],[133.25603805361334,36.16527250532192],[133.25619778220198,36.168843892131974],[133.2633230613103,36.170442775213985],[133.26058778230038,36.166337225282746],[133.26534583714079,36.16669222456659],[133.26769333298103,36.168990279278034],[133.27801832708417,36.16960777537861],[133.27904805442427,36.17237305397333],[133.27685472126848,36.177535837908636],[133.276678327343,36.181391387102906],[133.27895861235015,36.187999171124886],[133.28199610943295,36.18749166660717],[133.27968861184002,36.182307225198315],[133.2885936061101,36.17438166728016],[133.28891669295103,36.179153667008165],[133.29293194555294,36.1791372247032],[133.29396888455642,36.176214440643946],[133.30054778235433,36.17666917114536],[133.3030944231691,36.17237294605468],[133.30876491576828,36.174363386760945],[133.31365177690805,36.17123133315954],[133.31815844425682,36.17072430618185],[133.32541549922598,36.167343973145876],[133.33063875537437,36.16808289211184],[133.33506922226684,36.17046953184348],[133.3392935537546,36.16963619755251],[133.33681444932745,36.18381410763499],[133.33889705615434,36.18762013476146],[133.3350474712638,36.19380674828284],[133.33571741942342,36.197198586345735],[133.32872510957623,36.1981573598743],[133.32752802919526,36.20065100004365],[133.32256489025758,36.19968536019127],[133.32179972817494,36.196896198300976],[133.31500474667178,36.19935286464306],[133.30936752269304,36.19954619819856],[133.3135039949135,36.204341027216685],[133.32100525269027,36.203438053923094],[133.3247500782536,36.20407789188124],[133.32780399515832,36.2018576132383],[133.33189341125194,36.201363918709944],[133.33495041463004,36.202778081043675],[133.3384267439991,36.208172837906204],[133.33603182870604,36.21039061283659],[133.33916678262096,36.213146918895234],[133.34020741873746,36.21647494556237],[133.3397109210223,36.22156799966348],[133.3437193900379,36.22024117139301],[133.34504807990504,36.215273224679606],[133.35124686125368,36.21345405356175],[133.3475584951285,36.20938413477006],[133.34943691268347,36.20686346817456],[133.34174530530163,36.20044808061448],[133.34359807958776,36.1969194142996],[133.34931328108314,36.196232081345556],[133.35215542203514,36.19749863975045],[133.35468955867623,36.20267561318906],[133.35974252909455,36.20256917123032],[133.36109686133113,36.204133532036906],[133.36785855982475,36.204448360403546],[133.3701071976891,36.206707801823654],[133.37019333295598,36.21125222540991],[133.37174360588278,36.21405944119033],[133.3719783271381,36.22259138678311],[133.37483277621175,36.22813972087147],[133.3777388850416,36.230591666672126],[133.37666639403892,36.23725472122845],[133.37311749657522,36.2429555587521],[133.3762141627535,36.246636667348355],[133.37548055788147,36.24873222531198],[133.37269221797158,36.25100305394784],[133.37479027155382,36.25296889190088],[133.37768861203983,36.25946305377698],[133.37616527920432,36.26193694573351],[133.37943666656895,36.26235361332863],[133.38256944232592,36.264316945770474],[133.3819847211181,36.266143892426726],[133.38520499371555,36.267547504813535],[133.37934972820744,36.27093027860951],[133.37907832720305,36.27650999993659],[133.36979888491067,36.281204441232035],[133.36268917036898,36.2791055593741],[133.36200306139222,36.28369166743653],[133.3634216600816,36.288595559037844],[133.35826639357924,36.28878250470888],[133.35613166024802,36.29079333304594],[133.35787138795422,36.29475500044299],[133.36230944242686,36.29525722504093],[133.3567491698384,36.299388892183686],[133.3489541629043,36.29743361317077],[133.34511917041345,36.29864750457875],[133.34449306060628,36.30019110813316],[133.34462527893356,36.301058333375465],[133.33972165982675,36.304300559323394],[133.33785111493705,36.30864333332323],[133.34026861220673,36.31137277483373],[133.33781055821078,36.311530559088055],[133.33495944202468,36.31231610790212],[133.32909749725172,36.309006386935266],[133.3254116600201,36.30849083798182],[133.324480000152,36.30889083844147],[133.3261388851015,36.31401444071395],[133.32192138756204,36.31610166735811],[133.31902027176818,36.319498612670884],[133.31851083011077,36.32018472074833],[133.31872082990242,36.320918054025014],[133.31811389094332,36.322618054179884],[133.3163461088859,36.323671386925014],[133.30894583688098,36.319210837710045],[133.30812749698646,36.32427666663489],[133.30988027205694,36.328446108001515],[133.30273082996393,36.325574999886385],[133.29695333332972,36.328182774815275],[133.29510861157326,36.3336350001552],[133.2929472241351,36.332839720676645],[133.2878763940804,36.336535559268725],[133.285481659551,36.34266972073107],[133.2832333328521,36.344032774592904],[133.28319749666719,36.348068332987225],[133.27904972806255,36.3488877745512]]],[[[133.28175055764223,36.34968777457118],[133.28140944209213,36.349659441430106],[133.28147917012768,36.34952444060053],[133.28175055764223,36.34968777457118]]],[[[133.27126055772862,36.349462224602064],[133.27137194595855,36.35004222526851],[133.27078722385136,36.34989027941293],[133.27126055772862,36.349462224602064]]],[[[133.28300277635708,36.35046805425736],[133.28252306089064,36.350696107939086],[133.28210527903548,36.34995250530392],[133.28297832738792,36.35008055887073],[133.28300277635708,36.35046805425736]]],[[[133.27295221757083,36.35035777489145],[133.27290333312237,36.35076889187093],[133.27272250284125,36.350729441310705],[133.27295221757083,36.35035777489145]]],[[[133.27631527912695,36.35106638670442],[133.27471306135874,36.35062250472487],[133.2756319463573,36.34922000030281],[133.27750277633208,36.34968500016265],[133.27631527912695,36.35106638670442]]],[[[133.2813980539771,36.35391250535787],[133.27868055816134,36.35176055900263],[133.28091083007087,36.3512086126874],[133.2813980539771,36.35391250535787]]],[[[133.27757778158946,36.356146108356256],[133.27612610943243,36.355877774939415],[133.27609111501306,36.354323332755655],[133.27781444897767,36.35406583796811],[133.27757778158946,36.356146108356256]]],[[[131.8694096109648,37.23803144119813],[131.86941686129921,37.23818305430456],[131.86925038869458,37.238177559446854],[131.86923527918486,37.238086387077146],[131.8694096109648,37.23803144119813]]],[[[131.8678918548253,37.23894277458942],[131.86727564205728,37.23888105411743],[131.8678114140656,37.2384689730647],[131.8678918548253,37.23894277458942]]],[[[131.86191841840036,37.23948658563745],[131.86186713366135,37.23971013461505],[131.86151277559418,37.239728279336646],[131.8617555511778,37.239451531862755],[131.86191841840036,37.23948658563745]]],[[[131.8726995846182,37.239782864587596],[131.8726787806013,37.23991253243747],[131.87254007816216,37.23989353156128],[131.87256435805875,37.23978377470149],[131.8726995846182,37.239782864587596]]],[[[131.86238325638226,37.23998080177262],[131.86253396926736,37.240244107979265],[131.86237163444343,37.24026666657346],[131.86238325638226,37.23998080177262]]],[[[131.86321863842943,37.24033405367368],[131.8630830215643,37.24049141434733],[131.86300250256352,37.24041783811282],[131.86321863842943,37.24033405367368]]],[[[131.87069703004397,37.241133720944504],[131.8706672498937,37.241352532293604],[131.87048136182545,37.24123125242039],[131.87069703004397,37.241133720944504]]],[[[131.86866691304772,37.24122727921559],[131.86886147867438,37.24130846821129],[131.86881438387672,37.24147200003284],[131.8685665891768,37.241439973376146],[131.86866691304772,37.24122727921559]]],[[[131.86824927418468,37.24149891943961],[131.86834241157305,37.24158622472453],[131.8681245526061,37.24166086485707],[131.868075615997,37.24155458567566],[131.86824927418468,37.24149891943961]]],[[[131.86227894941408,37.24145117083492],[131.8621526980886,37.24167402733457],[131.861937755623,37.241817559133096],[131.8621899740881,37.241394613370744],[131.86227894941408,37.24145117083492]]],[[[131.86179924833675,37.24115227935425],[131.86188566778935,37.24154750531318],[131.8614568872256,37.24155135980749],[131.86179924833675,37.24115227935425]]],[[[131.87041044128887,37.24152289176811],[131.8680124377239,37.239219774772835],[131.86986885876092,37.23872330583595],[131.87041044128887,37.24152289176811]]],[[[131.86808418923397,37.24209138740764],[131.86818927411582,37.24218122518346],[131.8679387805504,37.2422584409743],[131.8679212446698,37.24206750501139],[131.86808418923397,37.24209138740764]]],[[[131.8625123873369,37.241849585789794],[131.86219905274413,37.24228533340147],[131.8617670562047,37.2420742517254],[131.86215007836347,37.241735054429284],[131.86231916979386,37.241478585768164],[131.8625123873369,37.241849585789794]]],[[[131.86782972785977,37.24250861258247],[131.86748286564182,37.242678080828796],[131.86718635466661,37.242587225020486],[131.86734296980228,37.24226555910832],[131.86782972785977,37.24250861258247]]],[[[131.86167769057306,37.24252394602337],[131.86171702961724,37.242628720639004],[131.8616228661025,37.24268305407975],[131.86152489036147,37.24257136008026],[131.86167769057306,37.24252394602337]]],[[[131.86191955874074,37.242740000051015],[131.86199080393249,37.24283358620107],[131.86184036264274,37.2429033870817],[131.8617631648383,37.242730505008865],[131.86191955874074,37.242740000051015]]],[[[131.86357758843508,37.24279538659789],[131.86353961096438,37.24294241406119],[131.8633941123485,37.242863837596076],[131.86357758843508,37.24279538659789]]],[[[131.86253280194728,37.24334664043516],[131.862523580299,37.24350553175492],[131.86235627762017,37.24343664008893],[131.86253280194728,37.24334664043516]]],[[[131.86657119320603,37.243368666630715],[131.86669761270468,37.243507333097],[131.866488975386,37.24351322455573],[131.86657119320603,37.243368666630715]]],[[[131.86148736704843,37.243508225224446],[131.86148810629118,37.2436715322155],[131.8612600256297,37.243587801735714],[131.86148736704843,37.243508225224446]]],[[[131.86330213958217,37.24309202707542],[131.86336369637752,37.24347533341995],[131.86294214006773,37.24333674789267],[131.86330213958217,37.24309202707542]]],[[[131.86629016855647,37.24355013543044],[131.86633827509138,37.243665774755755],[131.86603508395206,37.2439156936544],[131.86595002607294,37.24374286464155],[131.86605997358902,37.243544639673416],[131.86629016855647,37.24355013543044]]],[[[131.86619547264297,37.24272066732499],[131.86533481155243,37.24418894636284],[131.8649019966299,37.242727639768816],[131.864055615874,37.24288610840722],[131.8636986380817,37.242868999704626],[131.86342286637228,37.24262194604603],[131.8632780026777,37.24289280206119],[131.86281138763547,37.24295127867862],[131.86528302229374,37.240105278735655],[131.86619547264297,37.24272066732499]]],[[[131.8654219459661,37.24438225203937],[131.86543542230697,37.24450822457493],[131.86527374758543,37.244540612759124],[131.86522435771803,37.24439666727244],[131.8654219459661,37.24438225203937]]],[[[131.86338477288905,37.24531919812256],[131.8634927239101,37.245503747999635],[131.86327108868988,37.245602918939596],[131.86321863842943,37.2453858918455],[131.86338477288905,37.24531919812256]]],[[[131.86389250313653,37.24566733288117],[131.86373364509166,37.2456534680332],[131.86378627791441,37.24547291923989],[131.86389250313653,37.24566733288117]]],[[[131.86369053159285,37.2457902522184],[131.8635338651958,37.24591183786106],[131.86345802896494,37.24572550462841],[131.86368063635234,37.245615837700825],[131.86369053159285,37.2457902522184]]],[[[131.86440163362852,37.24661813481913],[131.8645177819701,37.246927837949386],[131.86432114070817,37.24715502738263],[131.8642008563845,37.24675602696914],[131.86440163362852,37.24661813481913]]],[[[131.8638755769963,37.24697522502669],[131.8640464976478,37.2474610810641],[131.86346019543168,37.24774138715537],[131.8634425030691,37.247124441439894],[131.8638755769963,37.24697522502669]]],[[[133.08279082993295,36.041213333128894],[133.0824927757211,36.040875278871056],[133.08284639364626,36.0407513873667],[133.08319972828485,36.04098805385564],[133.08279082993295,36.041213333128894]]],[[[133.09044732778204,36.05000000000007],[133.08959693874783,36.04957522501667],[133.0896378857799,36.04951983757047],[133.09044732778204,36.05000000000007]]],[[[133.0899319973638,36.05230780156387],[133.08945124497905,36.05107708114241],[133.08953302213138,36.05105561342589],[133.0899319973638,36.05230780156387]]],[[[133.09848724978679,36.05703274786305],[133.09840968865626,36.0574679999483],[133.09832697800766,36.057452613447424],[133.0984023348999,36.057019946013725],[133.09848724978679,36.05703274786305]]],[[[133.1045541626446,36.058804999551114],[133.10454027171625,36.05898527944714],[133.10424221840367,36.05920500001082],[133.10411722433048,36.05911472066788],[133.10434610898585,36.05885583822641],[133.1045541626446,36.058804999551114]]],[[[133.10909389087044,36.0629394411024],[133.1083038913116,36.062849441448634],[133.10839389096532,36.06261861335838],[133.10901749705988,36.062657775236175],[133.10909389087044,36.0629394411024]]],[[[133.11158261984212,36.06464767634924],[133.11153302223124,36.06469538718244],[133.11064771701854,36.06408958586576],[133.11069732811927,36.06404187413324],[133.11158261984212,36.06464767634924]]],[[[133.13632055824723,36.06694722483462],[133.13642027237768,36.06700138740416],[133.13632917015514,36.067161386688724],[133.1361983268913,36.06704444064849],[133.13632055824723,36.06694722483462]]],[[[133.10240192041238,36.068614387144294],[133.10233827539116,36.06865805372627],[133.1020779117663,36.06837589233362],[133.1021364198599,36.068332027001475],[133.10240192041238,36.068614387144294]]],[[[133.07643944172696,36.06890694559911],[133.07630917043195,36.06888500034256],[133.07640416312165,36.068643332723695],[133.07655027237718,36.068713891732784],[133.07643944172696,36.06890694559911]]],[[[133.0765427756287,36.0689899997887],[133.07667027161585,36.069111946059536],[133.076766108769,36.06947805376922],[133.07649888511548,36.06939000024835],[133.0765427756287,36.0689899997887]]],[[[133.13634333267873,36.07036972078606],[133.13520306067278,36.069254440939744],[133.13667972768735,36.06737305382342],[133.13816972805057,36.06887138730474],[133.13634333267873,36.07036972078606]]],[[[133.1323127763136,36.07014166710428],[133.1321669386533,36.07049972138509],[133.13161499413673,36.070851386882055],[133.13144555107135,36.07050944125774],[133.13184778184973,36.070090558632444],[133.1323127763136,36.07014166710428]]],[[[133.13584166026442,36.070784170652985],[133.13591250256002,36.070902505246465],[133.13574917038795,36.071051108322024],[133.13561499423668,36.07104805422438],[133.1357116596654,36.07080972129165],[133.13584166026442,36.070784170652985]]],[[[133.06977972815196,36.072711666909925],[133.06979221793654,36.072803054217616],[133.06961083007582,36.072911945929604],[133.06961389136802,36.072716667140526],[133.06977972815196,36.072711666909925]]],[[[133.11898769062952,36.076986224634595],[133.11895111520187,36.07705158556229],[133.117830142647,36.076654774997905],[133.11786085629353,36.07659063984619],[133.11898769062952,36.076986224634595]]],[[[133.13888306130434,36.08409999961532],[133.13896055768362,36.0842147207328],[133.13875832713518,36.08427750510282],[133.13868444872844,36.084154440974714],[133.13888306130434,36.08409999961532]]],[[[133.13020038933655,36.08612416220035],[133.1297259007298,36.086504703129606],[133.12961025870652,36.08640964928594],[133.13008474731328,36.08602918929569],[133.13020038933655,36.08612416220035]]],[[[133.13602360570485,36.10167444132247],[133.13610277572263,36.10179138736271],[133.13594944221302,36.10179499993933],[133.13602360570485,36.10167444132247]]],[[[133.13610610861008,36.10236805424233],[133.13598416323862,36.10250999963682],[133.13589138827706,36.10241305361956],[133.13610610861008,36.10236805424233]]],[[[133.07111861183455,36.10584194644872],[133.07120194571326,36.10614638674639],[133.07102166042137,36.10616166712731],[133.070943605563,36.105977225168886],[133.07111861183455,36.10584194644872]]],[[[133.1329148904099,36.10638046768446],[133.13256727635883,36.10488930629651],[133.1326545780464,36.10487594596816],[133.1329148904099,36.10638046768446]]],[[[133.09183671918936,36.10876050459365],[133.09173499417466,36.1089155594056],[133.09165435826208,36.10883955859879],[133.09183671918936,36.10876050459365]]],[[[133.12617166039388,36.11314333259878],[133.1258691698264,36.113829721264665],[133.12550861183308,36.11380889206674],[133.12617166039388,36.11314333259878]]],[[[133.09167916965805,36.114244440928246],[133.0915749939909,36.11435166709583],[133.09115888487474,36.11433444058201],[133.09145055839667,36.11408110785692],[133.09167916965805,36.114244440928246]]],[[[133.1237186120244,36.11424583757537],[133.123744162663,36.1143769461392],[133.12355472137335,36.11447638687582],[133.12348360568387,36.114348891787984],[133.1237186120244,36.11424583757537]]],[[[133.1642836058038,36.11403277469287],[133.1564986119215,36.10513194608251],[133.1627086123127,36.10294666725497],[133.16626805432736,36.09998361335312],[133.16816916987136,36.106247775414545],[133.16618472134792,36.10682777518173],[133.16718360643836,36.11300722470372],[133.1642836058038,36.11403277469287]]],[[[133.08533055765918,36.114452775175494],[133.0859897283434,36.115663613385095],[133.08485194566083,36.1156580537762],[133.08533055765918,36.114452775175494]]],[[[133.11655055756228,36.11660277539784],[133.11659416299028,36.11677972060767],[133.1164702723852,36.11675750465514],[133.11643693901362,36.11663333256229],[133.11655055756228,36.11660277539784]]],[[[133.11568832715466,36.1175888919139],[133.11572389084495,36.11779917139472],[133.11552778198165,36.117822775001116],[133.11550472066642,36.11755638681785],[133.11568832715466,36.1175888919139]]],[[[133.08926194578225,36.1179769457795],[133.08919277622567,36.118153053720505],[133.08906972828538,36.11808610818741],[133.08926194578225,36.1179769457795]]],[[[133.10591972831287,36.118120000038004],[133.10596888525595,36.11823417077039],[133.1058758369004,36.118269720970886],[133.1058027759774,36.11817638663098],[133.10591972831287,36.118120000038004]]],[[[133.0982302721094,36.11850055895371],[133.09824693924486,36.118584999897905],[133.0981533333097,36.11865222512017],[133.0980744492765,36.11855417113816],[133.0982302721094,36.11850055895371]]],[[[133.11577007822655,36.11892036878004],[133.11574866357,36.118755882777805],[133.1161207517713,36.11822704544187],[133.11622430600698,36.11827507193709],[133.11577007822655,36.11892036878004]]],[[[133.09603250259795,36.11978250475886],[133.09605832663055,36.119858332895774],[133.09586360632045,36.1198894413447],[133.0958411151754,36.119830837922905],[133.09603250259795,36.11978250475886]]],[[[133.112556666557,36.12012055901664],[133.10450778190864,36.116792775166516],[133.09977639376564,36.11832861307511],[133.09410749656377,36.11709500043395],[133.09054832704373,36.1109097206072],[133.0938543059316,36.10884002714556],[133.09242194581623,36.10365444089979],[133.09053472120047,36.102944441432896],[133.09130944217713,36.09647450459477],[133.08655883282393,36.09752008068722],[133.08814805358986,36.099868892235634],[133.0852247209442,36.10246999959088],[133.08738472072832,36.10591277525441],[133.08776610881898,36.11010972058716],[133.08326972791565,36.114171108410005],[133.08000194593308,36.11255417143792],[133.08142444857947,36.11017694580943],[133.0818178857869,36.10349644080816],[133.07676072632648,36.102652278679784],[133.0754111407116,36.10637864026211],[133.0713930606413,36.10566110807372],[133.06988031102765,36.10110369378049],[133.0643630611064,36.09815527904294],[133.0663686122217,36.092421108147676],[133.07000444894618,36.0867994406417],[133.06967861197847,36.08357166679906],[133.07343221762278,36.0808794410334],[133.0714758369404,36.07649666698762],[133.07900416341147,36.07267777505933],[133.07484722441995,36.06360889193684],[133.07432055804736,36.058573053603595],[133.07037666664996,36.05922610799854],[133.07043917043143,36.05433694639299],[133.07247693885972,36.051644440938276],[133.07108389080895,36.046744170906834],[133.06827000026033,36.04197861302265],[133.07047166023904,36.03803777482352],[133.07796666682827,36.03700555905937],[133.08229194631633,36.04061610774721],[133.07698832674998,36.04430527876565],[133.08078749744516,36.04686833310711],[133.087850557857,36.04622638713812],[133.08775306055531,36.05279417111416],[133.0904766672644,36.052433053742504],[133.09216832710672,36.05122861330989],[133.097020272068,36.04931944073962],[133.10380583677,36.05001777510029],[133.1050049936856,36.053313053854424],[133.09974389136755,36.054523892064026],[133.0967783265586,36.0574958375629],[133.1030499997578,36.057610838369555],[133.10375693883168,36.05917110816017],[133.10024277588343,36.0612158382404],[133.1059058373845,36.0612158382404],[133.1083455506067,36.062196108263834],[133.10814416272297,36.064702505316404],[133.09992752303685,36.06902697271664],[133.10934333312844,36.06784555942505],[133.1158725029137,36.06634194602407],[133.11805360618905,36.071000278639985],[133.1157383006821,36.07912077540351],[133.1314863937821,36.073405838308815],[133.13434472073232,36.07679138741264],[133.1366830605748,36.082205000360545],[133.14020082980448,36.082052774815736],[133.14072138798178,36.079095278724196],[133.14384389078305,36.075208612987126],[133.1465080541035,36.074025838122],[133.1514274967816,36.07480889221665],[133.1505322180875,36.07749610785913],[133.14592499394337,36.0796700003703],[133.14548082957674,36.08253166740258],[133.13732832684093,36.08431722456032],[133.1353647210051,36.0863338921954],[133.13116666680833,36.08574222462403],[133.12925194632032,36.0834441708119],[133.11910832658805,36.081448891752984],[133.11755000023243,36.08471833298472],[133.12233635493885,36.08582494606446],[133.12771138787036,36.09055861308957],[133.12600444944587,36.09445083843548],[133.1264897281185,36.097875838099526],[133.13596083032814,36.10208972126367],[133.12898542233938,36.10715308065022],[133.13011138793024,36.110871666694095],[133.12644805443426,36.11100694631358],[133.12180610926464,36.115309999956594],[133.116768885076,36.114949441063914],[133.112556666557,36.12012055901664]]],[[[133.09626416256117,36.11996138710839],[133.09602610931756,36.1202616671423],[133.0956880541604,36.120072224953276],[133.09626416256117,36.11996138710839]]],[[[133.11375805379123,36.12037944055879],[133.11372749662678,36.12052833321604],[133.11361194633434,36.1204725051021],[133.11375805379123,36.12037944055879]]],[[[133.12194555094652,36.126964171359475],[133.1220408296207,36.12712250509958],[133.12180610926464,36.127182224580054],[133.1218574974256,36.126981945560374],[133.12194555094652,36.126964171359475]]],[[[133.12187944178288,36.1274308376631],[133.1217133334037,36.12760110810473],[133.12155666700664,36.12742666660745],[133.12187944178288,36.1274308376631]]],[[[133.1197605581034,36.12793610826486],[133.11985277638462,36.12805666688172],[133.11968444937793,36.128075279250766],[133.1197605581034,36.12793610826486]]],[[[133.11945944169997,36.128068332887324],[133.1194205577126,36.1281816672502],[133.1192697279157,36.12809833337144],[133.11936916955165,36.12803527920482],[133.11945944169997,36.128068332887324]]],[[[133.12203722423862,36.128129440920986],[133.12201861186952,36.12828305411972],[133.12191917023358,36.12826250461097],[133.1219516600412,36.128129440920986],[133.12203722423862,36.128129440920986]]],[[[133.12262888461544,36.12826999956087],[133.12260805361882,36.1284366673184],[133.12248083012628,36.12850055875384],[133.12249250332638,36.12829805391209],[133.12262888461544,36.12826999956087]]],[[[133.12118916984434,36.128667505301166],[133.11990749743313,36.12760333302742],[133.12118444930297,36.127263332636744],[133.12118916984434,36.128667505301166]]],[[[133.1219355513847,36.12873305418714],[133.12196306074668,36.12886610798455],[133.12184306060885,36.1288752792708],[133.12180360555203,36.12875361268914],[133.1219355513847,36.12873305418714]]],[[[133.12220583722967,36.12871333295402],[133.12233527934973,36.12888583821092],[133.12217583674555,36.12886138744312],[133.12220583722967,36.12871333295402]]],[[[133.12016583668412,36.12921110770651],[133.12021861159974,36.12930499962607],[133.12007194566388,36.129343891707265],[133.1200736058123,36.12923610796008],[133.12016583668412,36.12921110770651]]],[[[133.12213888540134,36.12894277518899],[133.12228666739588,36.12925583818645],[133.12188000026185,36.12928417132747],[133.12213888540134,36.12894277518899]]],[[[133.1244283273055,36.14608722494552],[133.12466722411318,36.146174720886734],[133.12476360625544,36.146372224598565],[133.12444416256812,36.146305279065416],[133.1244283273055,36.14608722494552]]],[[[133.12159027197356,36.147424170589034],[133.1206883266051,36.1474916674066],[133.1203344487759,36.1470577750963],[133.12117389126217,36.146821387397154],[133.12159027197356,36.147424170589034]]],[[[133.1226516599462,36.14847166673411],[133.1220897275589,36.1472494413087],[133.12358861232462,36.146674720561975],[133.12491722395077,36.14752666722194],[133.1226516599462,36.14847166673411]]],[[[132.9986697278257,36.04625222466046],[132.99848250336493,36.04634777492993],[132.99836472095512,36.04625222466046],[132.9985588845849,36.04612805436625],[132.9986697278257,36.04625222466046]]],[[[133.00478972766382,36.048950278932296],[133.0036669393778,36.047778613392325],[133.00528166042034,36.04743500042497],[133.00478972766382,36.048950278932296]]],[[[132.98365749689606,36.04947361331665],[132.98347055841964,36.04956361297042],[132.9833322184072,36.04967638705568],[132.98324888542777,36.049603053638066],[132.98342221806092,36.04954110833552],[132.9834983267864,36.049445279276256],[132.98365749689606,36.04947361331665]]],[[[133.00088055819128,36.04997527943567],[133.00111639370664,36.0507694410569],[133.00052027179322,36.05052722485158],[133.00088055819128,36.04997527943567]]],[[[132.97175027155788,36.05636750495643],[132.97167416283241,36.05664917082265],[132.97139693871782,36.05632805439626],[132.97175027155788,36.05636750495643]]],[[[132.9679383268923,36.057753053560646],[132.967744449247,36.057753053560646],[132.96782749714134,36.05755583763187],[132.96797999967725,36.05761777484048],[132.9679383268923,36.057753053560646]]],[[[132.96692639443756,36.05830499987587],[132.96666306125132,36.05827138681508],[132.96678778193063,36.05818694587089],[132.96694027187607,36.05817555865514],[132.96692639443756,36.05830499987587]]],[[[132.96680861202788,36.05844583820493],[132.96656610893888,36.058541667264194],[132.96655916976988,36.05842333267071],[132.96680861202788,36.05844583820493]]],[[[133.01623155564187,36.07285010764639],[133.01576328135047,36.07312530558846],[133.01572247731053,36.07306772109848],[133.0161898046158,36.07279050507782],[133.01623155564187,36.07285010764639]]],[[[132.9471722182234,36.08021666676581],[132.94703861224218,36.08008583789115],[132.947345836841,36.0801002792046],[132.94734000024084,36.08020389189613],[132.9471722182234,36.08021666676581]]],[[[132.9468411148257,36.080522504609974],[132.94682138819655,36.080393054395984],[132.94704472133685,36.0804366670186],[132.94703277564213,36.08051277484475],[132.9468411148257,36.080522504609974]]],[[[132.94670165965397,36.08230417130051],[132.9469388846219,36.08174110756613],[132.94745555143265,36.08165694631106],[132.94752138810168,36.082205279150344],[132.94670165965397,36.08230417130051]]],[[[132.99469946830584,36.085844667297636],[132.99466128399115,36.08590444073741],[132.99417856029243,36.08566313464598],[132.99421403405051,36.08560558612896],[132.99469946830584,36.085844667297636]]],[[[132.99520005164118,36.08610000011498],[132.99515369608628,36.08616419821925],[132.99472552526288,36.08593841442632],[132.9947582488942,36.08588086500998],[132.99520005164118,36.08610000011498]]],[[[132.99569472103462,36.08635446778453],[132.9956538000829,36.086416467945696],[132.99524199692064,36.08620172063297],[132.9952774445984,36.08614638714613],[132.99569472103462,36.08635446778453]]],[[[132.984259663153,36.08798653225273],[132.98370849475134,36.08798846759373],[132.98370849475134,36.08792791893836],[132.98425243799966,36.087922053559964],[132.984259663153,36.08798653225273]]],[[[132.98333333266726,36.087925972805465],[132.9835978079925,36.087925972805465],[132.98360260677498,36.08799238683923],[132.98308033718786,36.08798653225273],[132.98308513597033,36.087925972805465],[132.98333333266726,36.087925972805465]]],[[[132.9964590269626,36.08829444123552],[132.99639630374645,36.088336505225584],[132.99604719772003,36.08801553179143],[132.9961044746418,36.08796905392876],[132.9964590269626,36.08829444123552]]],[[[132.9968681060783,36.0886973060359],[132.9964562777351,36.08839405374266],[132.9965135537576,36.08835199964511],[132.9968681060783,36.0886973060359]]],[[[132.99728807958127,36.089095774950124],[132.9968735541712,36.08879694642201],[132.99693355424017,36.088748224750816],[132.99728807958127,36.089095774950124]]],[[[132.99765900136185,36.089445532085676],[132.9975962781458,36.089487586183225],[132.99729082970805,36.08919094570564],[132.9973399219,36.08914002699072],[132.99765900136185,36.089445532085676]]],[[[132.96519277582604,36.09255250539388],[132.9651616601825,36.092683333369166],[132.96501333319884,36.0926852786028],[132.9650991698909,36.09254833343891],[132.96519277582604,36.09255250539388]]],[[[132.96398972844327,36.09492389172425],[132.96407944211262,36.09499805431682],[132.9640005580793,36.09507805440876],[132.9638463935962,36.09498194566032],[132.96398972844327,36.09492389172425]]],[[[132.96439360588022,36.094830837972836],[132.96472916991536,36.09506055899766],[132.96442055766272,36.095120279377454],[132.96439360588022,36.094830837972836]]],[[[132.96366166025746,36.094907774973876],[132.96366166025746,36.09510444141688],[132.96347138799422,36.0951388917465],[132.96339805367734,36.09499944107142],[132.96366166025746,36.094907774973876]]],[[[132.96185999983913,36.09654750526323],[132.96148165955105,36.0966325046864],[132.9615438908379,36.09649027870347],[132.96185999983913,36.09654750526323]]],[[[132.9621786116537,36.0980647209102],[132.96216722443796,36.0979044410372],[132.96236499434906,36.097834170710485],[132.96242527860375,36.09804999990763],[132.9621786116537,36.0980647209102]]],[[[132.96276027156932,36.098038333002705],[132.96263444922056,36.09816138723829],[132.96257888460786,36.09809638693878],[132.96276027156932,36.098038333002705]]],[[[132.9616247210041,36.09799583823741],[132.96111805375529,36.09822917093953],[132.9602552792578,36.09751610838174],[132.96115416333407,36.09725889238405],[132.9616247210041,36.09799583823741]]],[[[132.96301333269923,36.098099171239824],[132.9629952788091,36.09822499988388],[132.9628091704069,36.09819472060991],[132.9628483268889,36.09810583791415],[132.96301333269923,36.098099171239824]]],[[[132.96236416337547,36.098643054233605],[132.96213722395373,36.09848333283958],[132.96259472076986,36.09829777482253],[132.96272972789473,36.09848333283958],[132.96236416337547,36.098643054233605]]],[[[132.96317999955738,36.09870500043547],[132.962798327281,36.09864083830411],[132.96304472083727,36.09841250493321],[132.96317999955738,36.09870500043547]]],[[[132.9637852792673,36.098615838050534],[132.96378360562892,36.09873138744365],[132.96364444903213,36.09875583821139],[132.9636305581039,36.098647225289255],[132.9637852792673,36.098615838050534]]],[[[132.9633799997872,36.099631107889365],[132.96365944162994,36.099791946241396],[132.96355444937842,36.09991417130203],[132.96328527869275,36.09974777513975],[132.9633799997872,36.099631107889365]]],[[[132.96408472113308,36.09985972094944],[132.96416583728364,36.099939441352205],[132.96409306144574,36.10014277536885],[132.96392194564135,36.10006444082131],[132.96408472113308,36.09985972094944]]],[[[132.96447749733875,36.100050837676065],[132.96450306056784,36.1001716669889],[132.96435389091937,36.10019361314477],[132.9643911147582,36.10006166731216],[132.96447749733875,36.100050837676065]]],[[[132.96298194635983,36.09943389196059],[132.96315306126485,36.09964694584994],[132.9628619462219,36.100204440982225],[132.96247722434452,36.09975610825785],[132.96298194635983,36.09943389196059]]],[[[132.9647505575922,36.10120889197685],[132.96472778226143,36.10080333280763],[132.96522166025147,36.10093389188563],[132.9647505575922,36.10120889197685]]],[[[132.96560972760687,36.10144777529467],[132.96559778191215,36.10160138669471],[132.96547944192275,36.10157027914511],[132.96560972760687,36.10144777529467]]],[[[132.96516832685688,36.10143555890397],[132.96529861164163,36.101688054360295],[132.96496082987846,36.10194972110281],[132.96479805438673,36.10186083840699],[132.96516832685688,36.10143555890397]]],[[[132.96653693942824,36.102922774966146],[132.9665338907265,36.102995000419014],[132.96635917043943,36.10303805366328],[132.96639166024704,36.10292055903665],[132.96653693942824,36.102922774966146]]],[[[132.96639472063987,36.103129440970974],[132.96642138823654,36.10324222494876],[132.96632666714208,36.103328612925225],[132.96619610896335,36.103306945559154],[132.96639472063987,36.103129440970974]]],[[[132.96724499366155,36.10321833265999],[132.967277496959,36.10329777517222],[132.96716499356967,36.10341027856157],[132.9671294415706,36.10324472056743],[132.96724499366155,36.10321833265999]]],[[[133.04166666738286,36.10678677508963],[133.04164666735983,36.10614861256846],[133.04279861166663,36.105844441168074],[133.0426458366361,36.10668361295842],[133.04166666738286,36.10678677508963]]],[[[133.00377722413964,36.11226110756411],[133.00382194562633,36.11238250524849],[133.0036958372931,36.112430838412536],[133.00363389109123,36.11236861342081],[133.00377722413964,36.11226110756411]]],[[[132.97726306084166,36.1133472250944],[132.97728472101312,36.11346333296649],[132.97709861171165,36.11343694595837],[132.9771686122417,36.11333638736443],[132.97726306084166,36.1133472250944]]],[[[133.0076427755937,36.11353472115053],[133.00755194586566,36.11374000040075],[133.00747861244804,36.11365861265489],[133.0076427755937,36.11353472115053]]],[[[132.9790930606963,36.114275559269686],[132.97916194606705,36.114368891810955],[132.97895666681677,36.11445389213344],[132.97890194576826,36.11432333305544],[132.9790930606963,36.114275559269686]]],[[[132.99398639405695,36.11449555862316],[132.99386805406755,36.114412775129495],[132.99398888517896,36.11431250521798],[132.99417722389978,36.114432505355865],[132.99398639405695,36.11449555862316]]],[[[132.993866393919,36.114916107692295],[132.99372861238567,36.11475805364131],[132.99391360562845,36.11471972093841],[132.9940447213869,36.1148111082461],[132.993866393919,36.114916107692295]]],[[[132.98109360618503,36.11519694618215],[132.98094610927558,36.11504833321408],[132.981116666601,36.11498110799181],[132.98123722431853,36.11505805398605],[132.98109360618503,36.11519694618215]]],[[[132.9939902719335,36.1150116669549],[132.99393472081078,36.11514138696549],[132.99378138820055,36.11521722499498],[132.99370499439,36.11516305433156],[132.99382610878797,36.11503861334137],[132.9939902719335,36.1150116669549]]],[[[132.9934988850656,36.1152713866652],[132.99338333297453,36.11514250482281],[132.99358250313003,36.115108612972165],[132.9934988850656,36.1152713866652]]],[[[132.9922711153198,36.11528250498367],[132.99215555063824,36.11508305423962],[132.99261778238485,36.11476583817296],[132.99259639380864,36.115121108152664],[132.9922711153198,36.11528250498367]]],[[[132.99304527871675,36.11492610815344],[132.9929216597069,36.11534472098214],[132.9925211151574,36.115340279230566],[132.99304527871675,36.11492610815344]]],[[[132.99353722406374,36.115401387264285],[132.99341111483113,36.11564110785088],[132.9932497278927,36.115621667206256],[132.99329000043326,36.11542972130462],[132.99353722406374,36.115401387264285]]],[[[132.99428555083762,36.11527027870045],[132.99440805378867,36.1154541711731],[132.99426444914502,36.115622505374404],[132.99404888524793,36.11559083844651],[132.99428555083762,36.11527027870045]]],[[[132.98164861199393,36.11681833299974],[132.9816836064134,36.116177504888014],[132.98215250303565,36.11634555940009],[132.98164861199393,36.11681833299974]]],[[[132.98777693865486,36.116808613127034],[132.98620778176382,36.11645750520972],[132.98689555088902,36.11529138668817],[132.98777693865486,36.116808613127034]]],[[[132.98854917030803,36.11836222523658],[132.98829389055072,36.118251387391695],[132.98853693862884,36.118129171324256],[132.98854917030803,36.11836222523658]]],[[[132.98815027241722,36.11968833315012],[132.98779639368865,36.11951083755514],[132.98815027241722,36.11932083778646],[132.98815027241722,36.11968833315012]]],[[[133.0090091704369,36.12126805437725],[133.00897306085812,36.1215883326355],[133.00879221798652,36.12142222515564],[133.0090091704369,36.12126805437725]]],[[[133.0870236060547,36.12647277459894],[133.08711250313956,36.126613891717795],[133.08695999970428,36.12661055883029],[133.0870236060547,36.12647277459894]]],[[[133.05152999990958,36.130126387322946],[133.0517702717807,36.13047972106233],[133.05149138841693,36.13063805390311],[133.05119389088543,36.13031972087845],[133.05152999990958,36.130126387322946]]],[[[133.05771221844418,36.13135777504135],[133.05787000000055,36.13141583797062],[133.05780693863937,36.131548333289004],[133.05763499366014,36.13144833317409],[133.05771221844418,36.13135777504135]]],[[[133.0551788848977,36.13276500000478],[133.05537917021263,36.13300083821815],[133.05513000044925,36.13303333342168],[133.0551788848977,36.13276500000478]]],[[[133.0543097279117,36.133254440739904],[133.05425250315056,36.13256472098516],[133.05502277608036,36.132722775036086],[133.0543097279117,36.133254440739904]]],[[[133.04571527943665,36.13319277512653],[133.04582166024147,36.13331750479904],[133.04575693873176,36.1334286133399],[133.04555000023242,36.13328194560535],[133.04571527943665,36.13319277512653]]],[[[133.04470972767183,36.13367555907985],[133.0448766670246,36.13374917128726],[133.0448158368814,36.1339030542826],[133.04449472135434,36.13374917128726],[133.04470972767183,36.13367555907985]]],[[[133.04496000000404,36.134028053751706],[133.04497749721384,36.134153332910046],[133.04488166006058,36.13418805393559],[133.04475778204608,36.13412444129],[133.04496000000404,36.134028053751706]]],[[[133.04203138833793,36.135379440708675],[133.0419547211335,36.13550000022491],[133.0418497279826,36.13543694605829],[133.04193972763642,36.1353475048835],[133.04203138833793,36.135379440708675]]],[[[133.0623361088244,36.13470305430258],[133.0614411152153,36.13577861289275],[133.06049027190863,36.135080279431406],[133.0623361088244,36.13470305430258]]],[[[133.04378972841334,36.13627083792886],[133.0434152785923,36.13569055937188],[133.04416444893025,36.13566805383766],[133.04378972841334,36.13627083792886]]],[[[133.0295666669682,36.137364999894885],[133.02970250326803,36.137429440816106],[133.02967194610346,36.13749610755934],[133.02949639394353,36.137482775110016],[133.0295666669682,36.137364999894885]]],[[[133.03413861160766,36.13733917136574],[133.03418416316867,36.13752972062014],[133.03406861197698,36.13759833259701],[133.0339180537752,36.13741444102368],[133.03413861160766,36.13733917136574]]],[[[133.03378805407544,36.13746472121994],[133.0338025025835,36.13760666661443],[133.0336788853723,36.137576667029634],[133.03378805407544,36.13746472121994]]],[[[133.0652108304156,36.1381113868311],[133.0654722183682,36.13822361322923],[133.06530221772323,36.138395559107835],[133.0651480541394,36.138249171062455],[133.0652108304156,36.1381113868311]]],[[[133.0819349937051,36.141262224572074],[133.08225166028592,36.141698613400365],[133.08210499435006,36.141790278598535],[133.08157999981722,36.14147110830504],[133.0819349937051,36.141262224572074]]],[[[133.06920499391538,36.14273610818492],[133.06562805379167,36.13736166700738],[133.0622802717172,36.134357225405665],[133.05532444916412,36.129706386840326],[133.04691861190452,36.12931472129742],[133.04302666714705,36.134198054396734],[133.03626250271236,36.1349661077997],[133.03065221792554,36.13757110832006],[133.02947693890962,36.13718833257553],[133.02833944221152,36.137250559365896],[133.02756221842174,36.138551667025865],[133.02602194595613,36.137137775388055],[133.02430165979388,36.13436666738784],[133.01992389137456,36.13448472139282],[133.01451250334947,36.1376163873864],[133.01249360629492,36.13577444093772],[133.01408972755894,36.1261261084332],[133.01228555083753,36.12077527895599],[133.0127786122432,36.115491946296345],[133.00639166034694,36.11197555932466],[133.00547306133274,36.10771889181348],[132.9993933331359,36.11428110808674],[132.99325055796692,36.11377694634905],[132.9874141629333,36.10948166734511],[132.98605416316911,36.11625138689203],[132.979359441685,36.11399305433605],[132.9767647213149,36.11055083805081],[132.97229693885276,36.1079941706945],[132.96909221823137,36.10319000041824],[132.96687221837828,36.10228305391985],[132.96457472124644,36.09776110798879],[132.9679058370848,36.09273055856846],[132.96023972818102,36.092039441267275],[132.95363555133963,36.085615279021965],[132.95187360588227,36.08169666666788],[132.9472808302462,36.079719440599774],[132.94723944164696,36.076655559206756],[132.95341221819933,36.077040837764514],[132.95048639443166,36.0727749998664],[132.94941888477376,36.068009999561866],[132.94603693925342,36.06487805387911],[132.9539105577261,36.060653612674116],[132.95441639400144,36.05867110758561],[132.96143693896363,36.060310279395935],[132.9646669386284,36.0597469458649],[132.96881166032995,36.05753889170654],[132.9732402719211,36.05730277470332],[132.9747377816234,36.052588053695786],[132.98611138793024,36.04896638668947],[132.9900202723178,36.04303555924372],[132.999515551002,36.040185837906165],[133.00047194582373,36.04395389205854],[132.9967499999126,36.0463308379978],[132.99289610906828,36.05209305425109],[132.9935891698044,36.05672305372599],[132.99031778243977,36.05996722490755],[132.98905610915222,36.063600279129616],[132.9830261089678,36.06859055870734],[132.983940000031,36.07135610799804],[132.9819413880847,36.07566500003975],[132.97867666739432,36.07914305430859],[132.97670360608663,36.083386667260925],[132.98031778174027,36.0861522246455],[132.9840013877539,36.09246055870784],[132.98520888498217,36.086478891687534],[132.98933000037925,36.085138613156516],[132.99242571957132,36.08836613518906],[132.99140722386437,36.09215555903188],[132.99509603065735,36.092569613197156],[132.99923869021347,36.0909376944191],[133.00324693889513,36.091844170572074],[133.0069997279552,36.09529972110528],[133.00801958523573,36.0985002787649],[133.01165221767576,36.10089402673799],[133.0129875616267,36.0978498377998],[133.01138955898102,36.09330669394882],[133.00706944160152,36.09261333283911],[133.0054319461275,36.09041638710664],[133.00799916972596,36.08665417135296],[133.0077774967342,36.08375917094901],[133.01153917019656,36.07528333315935],[133.0148269387123,36.074134441151614],[133.01660472123092,36.072756107808175],[133.01729639431323,36.070974171320984],[133.0197038911217,36.06843944112734],[133.02208138834544,36.063893891589885],[133.02691194562988,36.0648233328306],[133.037717496965,36.06232861257547],[133.04267972758737,36.06293694638305],[133.0448491702531,36.06039110776345],[133.04798861178506,36.06445805429581],[133.05106610891391,36.06600722465373],[133.0515136061681,36.075599999740234],[133.05038972790373,36.0788388919014],[133.05695416280446,36.08313361332563],[133.05603027217933,36.08817889184246],[133.0500627757765,36.09605361288396],[133.04486600466248,36.09506075684851],[133.03951702958727,36.10612897317361],[133.04233907878552,36.110875837749745],[133.047779973567,36.11317366673137],[133.05322756200246,36.111953945917946],[133.05950328125152,36.113424558696465],[133.0628027760274,36.112673333407656],[133.06522894905686,36.11467394634559],[133.0702910251108,36.113640306055345],[133.07384664140943,36.11791819756684],[133.08086888519097,36.12081805430984],[133.08836916990128,36.12992110807272],[133.08752277565566,36.13216305408173],[133.09090861164316,36.13423610830978],[133.08992333329525,36.137300558973664],[133.0846711153797,36.138720000327794],[133.08047306118294,36.13785777531615],[133.08136805389267,36.14175055914103],[133.0781555514376,36.1426627747673],[133.07294472122192,36.14093361319573],[133.06920499391538,36.14273610818492]]],[[[133.07017832656857,36.14308472138282],[133.06973972810601,36.14313110841397],[133.06969472063486,36.14273638697472],[133.07022666692717,36.14287666682475],[133.07017832656857,36.14308472138282]]],[[[133.0728825034248,36.154639441257245],[133.07191778178026,36.15414666673536],[133.0728891700992,36.152762774682344],[133.0738952794436,36.153856666851766],[133.0728825034248,36.154639441257245]]],[[[133.03399486397188,35.991500919332],[133.03385552481268,35.991614820267785],[133.03380824925136,35.99150159472288],[133.03399486397188,35.991500919332]]],[[[133.03429302160578,35.99158933258167],[133.03441022035543,35.99172950541242],[133.0341094942578,35.9919505407849],[133.03398319077166,35.99190444963068],[133.03429302160578,35.99158933258167]]],[[[133.0341499871323,35.99237369429062],[133.033839376586,35.99264285598309],[133.03352891083068,35.992432269833444],[133.03389290513348,35.9923251713696],[133.0341499871323,35.99237369429062]]],[[[133.04123389113124,35.99386999980072],[133.0409358369194,35.994145838060035],[133.04068610867705,35.9940216668665],[133.0409358369194,35.993808053598855],[133.04123389113124,35.99386999980072]]],[[[133.03235974090933,35.99393213486019],[133.0322975357028,35.994279936869646],[133.03189940313496,35.99410805394359],[133.03235974090933,35.99393213486019]]],[[[133.03075546009643,35.994402494679434],[133.03063932614407,35.99452045875222],[133.03055555069818,35.99441732360066],[133.03075546009643,35.994402494679434]]],[[[133.05274583655114,35.9946472253892],[133.05271832718915,35.99403333287205],[133.05323778189813,35.994185278727684],[133.05274583655114,35.9946472253892]]],[[[133.03146970166551,35.994824477267855],[133.031693943121,35.994316351318616],[133.03199503164547,35.99431231516127],[133.03181613490676,35.994687315367344],[133.03146970166551,35.994824477267855]]],[[[133.02963194605752,35.994821387197305],[133.02705360593927,35.99449472105459],[133.02704666677027,35.99239361337459],[133.02922277611026,35.99352610804351],[133.02963194605752,35.994821387197305]]],[[[133.03114520109023,35.99501733328333],[133.03051164669523,35.994957450126265],[133.030902074771,35.99457569421298],[133.03114520109023,35.99501733328333]]],[[[133.0381908299429,35.997666108304315],[133.03758832733945,35.9969508379109],[133.0390711151399,35.995858333395404],[133.0394038912766,35.994658332915776],[133.04192666678227,35.995086386827325],[133.04160778157393,35.99589777496237],[133.04027722381488,35.995599171264814],[133.0381908299429,35.997666108304315]]],[[[133.02870306059788,35.99821250490322],[133.0285991700157,35.99821250490322],[133.02855055806185,35.99810527873569],[133.0286683269818,35.99808833281037],[133.02870306059788,35.99821250490322]]],[[[133.0382880538507,35.998403892325825],[133.03868306127436,35.99809999971529],[133.03884944214815,35.99831944058974],[133.0382880538507,35.998403892325825]]],[[[133.07717939041663,36.00000000009999],[133.076006667274,35.9948563870127],[133.0799225034209,35.99687861335735],[133.07717939041663,36.00000000009999]]],[[[133.03098972809357,36.000172505356886],[133.03050499441008,36.000093613229694],[133.0305672238983,35.99991333333372],[133.0309277818917,35.9998963874084],[133.03098972809357,36.000172505356886]]],[[[133.0728041625821,36.000224441205035],[133.07234666666545,35.99998777471609],[133.07289444911964,35.99792055888673],[133.0732477819596,35.99971722536969],[133.0728041625821,36.000224441205035]]],[[[133.0544644490751,36.0009222251806],[133.05422194598611,36.0012655593581],[133.05406944165145,36.001096946367056],[133.0544644490751,36.0009222251806]]],[[[133.050842503279,36.001372504937194],[133.05090194576826,36.001648612993165],[133.05057610880044,36.0017275051203],[133.05059693889768,36.00146833309714],[133.050842503279,36.001372504937194]]],[[[133.0543188848087,36.0021669462476],[133.05126861195697,36.00178777498587],[133.04855944206463,35.9986238916793],[133.05226055787853,35.995920559286446],[133.0543188848087,36.0021669462476]]],[[[133.05101972817795,36.00225138719179],[133.05183083032864,36.00272472106906],[133.05172666725196,36.00297805379421],[133.05058306055992,36.002679720792514],[133.05101972817795,36.00225138719179]]],[[[133.06676499380944,36.00364027857603],[133.06641778175526,36.00349000006349],[133.06654444856747,36.00325333267523],[133.06689583707328,36.00351889168354],[133.06676499380944,36.00364027857603]]],[[[133.04166666738286,36.00455666705659],[133.04378972841334,36.0047185045554],[133.04378360582882,36.004788080605465],[133.04166666738286,36.00455666705659]]],[[[133.03133496793453,36.006055198388765],[133.03090627820222,36.00582027928249],[133.0309585207192,36.005767945934],[133.03133496793453,36.006055198388765]]],[[[133.071064449265,36.008470279180074],[133.07048194578522,36.008228053981554],[133.07118221818484,36.00776610821936],[133.0714386122022,36.00817750488801],[133.071064449265,36.008470279180074]]],[[[133.07281555069721,36.00929833265201],[133.07256583684398,36.009261946082006],[133.0726127760588,36.009111386980976],[133.07286555120425,36.0091127746349],[133.07281555069721,36.00929833265201]]],[[[133.0753974970969,36.01114805373976],[133.07548693917101,36.01124666710007],[133.0754055514251,36.01138777522567],[133.07524138827955,36.01141361274807],[133.07528444871843,36.01120638736495],[133.0753974970969,36.01114805373976]]],[[[133.07609944223555,36.01112861309508],[133.0761236061196,36.01118055883575],[133.07592888491013,36.01128417062802],[133.07592250332095,36.011122225210556],[133.07609944223555,36.01112861309508]]],[[[133.0743147214473,36.01170361263166],[133.0731922182464,36.01092055943633],[133.07443499407975,36.01041083808974],[133.0743147214473,36.01170361263166]]],[[[133.04107569408802,36.02721717063599],[133.04063333286206,36.02784594603361],[133.04051730233175,36.02779294628749],[133.04097233500534,36.02716561340242],[133.04107569408802,36.02721717063599]]],[[[132.9998629959805,36.03195146808582],[132.99988055794142,36.03204417110169],[132.9995549943676,36.032139721371095],[132.99974472074234,36.031922775215946],[132.9998629959805,36.03195146808582]]],[[[133.02019055834762,36.03191194557985],[133.02067583702035,36.032221666696614],[133.02047472073184,36.03274555866068],[133.01984389128268,36.03254277502907],[133.02019055834762,36.03191194557985]]],[[[133.0038269386623,36.03292527917836],[133.00016499371952,36.03195417144792],[133.0009719463983,36.02706750456173],[133.0044652792493,36.022668612866255],[133.00234416255307,36.02045499999832],[133.0075633330814,36.01888361278856],[133.0032802722668,36.01617417130103],[133.00384861232362,36.01363944110739],[133.00825666721153,36.010451386722195],[133.0079102717417,36.006063613345134],[133.00567194640325,36.00428944070518],[133.00930360577684,36.00193500030008],[133.01575610925715,36.00342194566633],[133.02014306065382,36.00606417092479],[133.02672722398222,36.00586694600281],[133.02709472114452,36.00226222492182],[133.03004055842507,35.99994166737412],[133.03080413680152,36.00586850542726],[133.0313858371867,36.006272864900836],[133.0316036709727,36.00591189232],[133.03315360575436,36.006476054126665],[133.03816333317138,36.00301138716583],[133.042050829882,36.00834613496619],[133.04145844375228,36.01309910773767],[133.047884721203,36.00928417102773],[133.04563444927044,36.006633332962],[133.0481363937796,36.00423417107021],[133.05355433156717,36.00369583779275],[133.05651610933103,36.000590000328316],[133.05511610862163,35.99707500011124],[133.05704306078871,35.99456889174104],[133.0622899996838,35.994298333401446],[133.06576250333694,35.995971387169845],[133.0664483272286,36.00314750495346],[133.0646094420722,36.004297225236826],[133.07306027241373,36.01085861323446],[133.0651311154087,36.01185527879812],[133.06210917030205,36.01038499966808],[133.05489389064064,36.012981667070335],[133.05103333312184,36.0166147212924],[133.0445872238214,36.01881110764657],[133.04151693925542,36.02360999980169],[133.03528583717173,36.028639720946444],[133.03104416315762,36.028639720946444],[133.0174874966507,36.03135417075845],[133.01357888475775,36.03078527941716],[133.01066778199265,36.03251999969825],[133.0038269386623,36.03292527917836]]],[[[133.02737778185917,36.0331794410784],[133.02711444867293,36.0329600002039],[133.02736389093093,36.03268389214793],[133.02774499393638,36.033010837979816],[133.02737778185917,36.0331794410784]]],[[[133.01197778214896,36.03273972116125],[133.01214416302275,36.03304972106781],[133.0116588852494,36.03317361257223],[133.0115480536998,36.032874999881415],[133.01197778214896,36.03273972116125]]]]}},{"type":"Feature","id":"JP-32-capital","properties":{"Kind":"capital","PrefectureCode":"32","PrefectureName":"Shimane","CapitalName":"Matsue","CapitalNameJapanese":"松江市","PointKind":"prefecture-representative-point"},"geometry":{"type":"Point","coordinates":[133.050522,35.472294]}}]}
