{"type":"FeatureCollection","bbox":[134.99934583684092,33.43263636007998,136.01336389133053,34.3844824945715],"displayBbox":[135.05700027244472,33.43538649499078,136.011889960953,34.3844824945715],"DataVersion":"2019-boundaries-v1","Attribution":{"BoundarySource":"MLIT National Land Numerical Information, via Fabio Crisci / piuccio","BoundarySourceURL":"https://github.com/piuccio/open-data-jp-prefectures-geojson/tree/513fb852832c99470e16b95a30ddd68bf3469dc0","BoundaryDate":"2019-01-01","CapitalSource":"Geospatial Information Authority of Japan (GSI), prefecture representative points","CapitalSourceURL":"https://maps.gsi.go.jp/","CapitalSourceRetrieved":"2026-10-04","Notice":"Simplified and enriched by Ashiato Kai. Modern geographic context, not historical immigration-era boundaries. See GEOLOCATION.md and THIRD_PARTY_NOTICES.md."},"features":[{"type":"Feature","id":"JP-30","bbox":[134.99934583684092,33.43263636007998,136.01336389133053,34.3844824945715],"properties":{"Kind":"prefecture","PrefectureCode":"30","PrefectureName":"Wakayama","PrefectureNameJapanese":"和歌山県"},"geometry":{"type":"MultiPolygon","coordinates":[[[[135.18381185483327,34.15261661276651],[135.1825730611979,34.15576319761351],[135.17762422777594,34.15509616235806],[135.17689933913323,34.152124081061515],[135.1813805583662,34.150796748271375],[135.18381185483327,34.15261661276651]]],[[[135.182032607319,34.15783653243005],[135.18220549928446,34.15790305438253],[135.182314188649,34.158023252371265],[135.18221605732526,34.15808055897065],[135.18207416319217,34.1579601352521],[135.182032607319,34.15783653243005]]],[[[135.17745433235166,34.15905902675274],[135.17878797658386,34.157905026595756],[135.1788107258344,34.155333468264985],[135.18130552522985,34.156693468029175],[135.18084547343994,34.158998864805824],[135.17745433235166,34.15905902675274]]],[[[135.17717557669152,34.15971305421414],[135.176434136926,34.15976325167276],[135.1764360830589,34.15970691903914],[135.17717557669152,34.15971305421414]]],[[[135.1748308300788,34.1568698286797],[135.1739476391723,34.15434853165948],[135.17668727629678,34.15218522506814],[135.17740191986275,34.15509413528616],[135.1748308300788,34.1568698286797]]],[[[135.17904396860433,34.17495205369437],[135.17886788584428,34.17554969366347],[135.1786414401504,34.17505202682963],[135.17904396860433,34.17495205369437]]],[[[135.17174124516237,34.17847297324914],[135.17087272399704,34.179622000155234],[135.1707545530802,34.17956016187202],[135.17162014335497,34.17841355863885],[135.17174124516237,34.17847297324914]]],[[[135.15189983111236,34.181555829438025],[135.15156674381024,34.18172255924878],[135.15150800279218,34.18154382888463],[135.15189983111236,34.181555829438025]]],[[[135.15163605725832,34.18184277522397],[135.15170138760902,34.181939053944234],[135.15152199714248,34.18198846809338],[135.1515060566593,34.18187938662447],[135.15163605725832,34.18184277522397]]],[[[135.15387491589468,34.18278530609706],[135.15383693932336,34.182817224835105],[135.15352588810936,34.182562467583864],[135.15356372168844,34.18253063967734],[135.15387491589468,34.18278530609706]]],[[[135.15805391705464,34.18527097287716],[135.15770875455541,34.18525608100339],[135.15797367144785,34.18499336025542],[135.15805391705464,34.18527097287716]]],[[[135.14771046706448,34.18541249469092],[135.14762302238466,34.18523961261809],[135.14773958531373,34.185181000203045],[135.1478013363626,34.18538446821867],[135.14771046706448,34.18541249469092]]],[[[135.14654983081016,34.18526766696931],[135.14495830058513,34.18561622530859],[135.14492739268508,34.18551899960221],[135.14651902723142,34.185170441262926],[135.14654983081016,34.18526766696931]]],[[[135.1420134759412,34.186290054042786],[135.14370789940006,34.1858334052875],[135.14373238704013,34.185914523236704],[135.1420134759412,34.186290054042786]]],[[[135.17502137483666,34.187737144153914],[135.17494469504175,34.1877224321446],[135.17490086927978,34.187592170742164],[135.1750955383285,34.18767271222595],[135.17502137483666,34.187737144153914]]],[[[135.1747898569664,34.187488720827844],[135.17408675709828,34.187748523275786],[135.17411680884368,34.187249422922605],[135.1747898569664,34.187488720827844]]],[[[135.13368150539725,34.188207720709784],[135.13378992226717,34.187557197906415],[135.13440730235516,34.18810005387445],[135.13368150539725,34.188207720709784]]],[[[135.13310486369858,34.18827341438663],[135.1325551881714,34.187919918769296],[135.1332621398359,34.187395972845934],[135.1336098312288,34.18791636015197],[135.13310486369858,34.18827341438663]]],[[[135.13572863756667,34.189669774640436],[135.1352008038741,34.18937594634292],[135.13563975397153,34.18844969409815],[135.13627769076288,34.189191667161765],[135.13572863756667,34.189669774640436]]],[[[135.13497477276758,34.191228027251725],[135.13539119304914,34.18994010814953],[135.13658975371425,34.18990330609273],[135.1370939433309,34.19093244077959],[135.13497477276758,34.191228027251725]]],[[[135.13578693881618,34.1914099187328],[135.13559869002756,34.191367747723405],[135.13569586267397,34.19128694633554],[135.13578693881618,34.1914099187328]]],[[[135.1355761997819,34.19141546844918],[135.1354046945711,34.19154155879596],[135.13536252895756,34.191365198145434],[135.1355761997819,34.19141546844918]]],[[[135.14049975416037,34.19217138729971],[135.14057247693836,34.192286864747075],[135.14051946819893,34.19236805374271],[135.1403940856186,34.19229994628557],[135.14049975416037,34.19217138729971]]],[[[135.13914121939183,34.193982108387615],[135.13901286635075,34.19410174789738],[135.13879411165897,34.194135639748026],[135.13884489007967,34.193943972636305],[135.13914121939183,34.193982108387615]]],[[[135.13860571987811,34.19393697321277],[135.13877199732985,34.19410166695843],[135.13853099880657,34.19425433317099],[135.1385071982487,34.19398016225472],[135.13860571987811,34.19393697321277]]],[[[135.13919391696572,34.19402880208759],[135.13927880667165,34.19409882869803],[135.13915795127855,34.194301829066205],[135.13900357995135,34.1941618918579],[135.13919391696572,34.19402880208759]]],[[[135.13657508397296,34.202954828802376],[135.13342593965547,34.21178838722432],[135.13329208815935,34.21174038680948],[135.1364361998708,34.20292066715513],[135.13657508397296,34.202954828802376]]],[[[135.1289748117382,34.21309502661421],[135.12644167334463,34.213564441246035],[135.12640722391427,34.213428613040094],[135.1289748117382,34.21309502661421]]],[[[135.0981870556882,34.23654874842606],[135.09797919628295,34.23666818918565],[135.09793929965906,34.2366219820189],[135.0981870556882,34.23654874842606]]],[[[135.0971517381622,34.236968215610716],[135.09715961082748,34.237019873568386],[135.0969541121426,34.237102927757974],[135.0969092350732,34.23705910829125],[135.0971517381622,34.236968215610716]]],[[[135.09694734114692,34.23716399082559],[135.09596769075642,34.237573008787365],[135.0959109992932,34.23746854983375],[135.0968871207441,34.23706247715165],[135.09694734114692,34.23716399082559]]],[[[135.01066121923998,34.27540008134872],[135.01076299641522,34.27548394582749],[135.01062572030082,34.27552933281254],[135.0105069126639,34.27540882905424],[135.01066121923998,34.27540008134872]]],[[[135.0010684702338,34.27861913536486],[135.0014806610037,34.27888153235688],[135.0012676646711,34.27915980238305],[135.0010684702338,34.27861913536486]]],[[[135.06984897465054,34.279488919178334],[135.0680098053083,34.27916605357058],[135.06802435813768,34.27911149529933],[135.0698107255846,34.27944013455459],[135.06984897465054,34.279488919178334]]],[[[135.06734944212315,34.28471510801586],[135.06747933930012,34.28491335996364],[135.06739917013567,34.284924468389534],[135.06729425432638,34.2847567214456],[135.06734944212315,34.28471510801586]]],[[[135.06748930019114,34.28516010785273],[135.06784282728472,34.28545569432487],[135.06768002571266,34.28563241380493],[135.06748930019114,34.28516010785273]]],[[[135.0135594158345,34.2896138024351],[135.01315325591804,34.28882791907324],[135.01360044110754,34.28811110814115],[135.01424138792981,34.28889086532121],[135.0135594158345,34.2896138024351]]],[[[135.0673040596347,34.29102553210265],[135.06740099935666,34.291158693818716],[135.067293384682,34.29123422517938],[135.06715783436664,34.29116558622286],[135.0673040596347,34.29102553210265]]],[[[135.02075805444076,34.29308897257806],[135.0122786904093,34.283718829160705],[135.00503185533591,34.284736081105336],[134.99934583684092,34.28136582857019],[135.00468666675636,34.27723138701896],[135.01162542197574,34.276518640123186],[135.01201427983517,34.27961419833662],[135.01675083008683,34.28067969441241],[135.01828722377638,34.28509508057357],[135.02038596623936,34.28658886528393],[135.02075805444076,34.29308897257806]]],[[[135.02709291760414,34.293653414073844],[135.0243520493077,34.292655612666465],[135.0265286379863,34.29102474789386],[135.02709291760414,34.293653414073844]]],[[[135.06922966281877,34.295468495075056],[135.06898486376053,34.29536566659232],[135.06910705644555,34.29523822456446],[135.06922966281877,34.295468495075056]]],[[[135.0552772235651,34.299192414098684],[135.04898649822837,34.29916572132106],[135.04222194618592,34.2980011622239],[135.0373725031386,34.29858449487858],[135.0356433847345,34.296811279117264],[135.03867727643524,34.29342246817242],[135.0437550321691,34.29199108112357],[135.04871569437387,34.29287327917854],[135.05673469455053,34.297329721189726],[135.0552772235651,34.299192414098684]]],[[[135.85792111456783,33.8731527752804],[135.8530899997038,33.87732500004876],[135.85214583656114,33.88202166716627],[135.85528944195426,33.8878166673054],[135.8523994417809,33.88990972065716],[135.85216306127631,33.89260722544316],[135.846326108663,33.896737225242816],[135.83918250317004,33.896691386798125],[135.836856666602,33.89540027869998],[135.81631944168896,33.90561389176776],[135.8086027755977,33.906468054357276],[135.80336167330267,33.9029811075921],[135.80182360597473,33.89582305359113],[135.79257444925145,33.89461638733644],[135.78372111473777,33.89152444080037],[135.77765333313494,33.88818444055954],[135.773161387688,33.89030389171131],[135.76605833982057,33.89079222538095],[135.76387722395475,33.88736666723793],[135.76109277631065,33.887744162163415],[135.75593805389815,33.88518694622064],[135.75180861167814,33.889557494882524],[135.7485072238294,33.887787774786034],[135.7407705577151,33.89125555879707],[135.7408774969989,33.89258082944178],[135.7349469393498,33.89599722529175],[135.73253360594117,33.89620638691525],[135.73022693932182,33.90018582941252],[135.72410999987665,33.90328777461116],[135.71423722356906,33.902595278649244],[135.70965583694738,33.90429555939261],[135.70458693863634,33.90364138714034],[135.6911194417089,33.90335361307882],[135.68537778215898,33.90371972078856],[135.68234666666535,33.899567774832974],[135.67871055834564,33.898169161777446],[135.6733447209822,33.89888861311903],[135.67095693911153,33.90040749520978],[135.66334972770778,33.89937444127747],[135.66060444913603,33.89756555930319],[135.6626430611284,33.89351777462565],[135.6622044491761,33.88908305393983],[135.65719778215202,33.88561082907654],[135.65591138829996,33.88157082893065],[135.65139250276184,33.88065416166029],[135.64798805440523,33.87689777531216],[135.64255917006972,33.87630972121673],[135.64023360599617,33.877604162202374],[135.63554749691946,33.87695055922097],[135.6290466665705,33.87309916219664],[135.6258025025835,33.87346500010972],[135.61796372204822,33.872063892334836],[135.6180858373915,33.87460527931023],[135.62275250312564,33.87857166724871],[135.6242274974012,33.88284055924447],[135.62677527855635,33.88474027904067],[135.62342666730694,33.89153027919906],[135.62287221817837,33.89795861339934],[135.61947999970232,33.89942944111584],[135.60620306102248,33.899118891723504],[135.60111333261432,33.90256582944954],[135.60188167290096,33.90520889197683],[135.5999938907056,33.908260279088665],[135.61023416327612,33.91286833330696],[135.61077444898172,33.918707224858565],[135.6140544491535,33.9251411078759],[135.61279693882773,33.929845558625686],[135.60945944229945,33.93207582873657],[135.61141444881787,33.93695444129446],[135.61684444921207,33.93688472135284],[135.6186113877054,33.9442124954104],[135.61538722374144,33.94844582911179],[135.61809639363378,33.95460527861076],[135.62219333255632,33.95314694607475],[135.6253830605798,33.95021194562486],[135.63102277568066,33.94909472144428],[135.6369480543093,33.95054638730596],[135.63567306116295,33.95907805410894],[135.63862972807954,33.9613227754258],[135.64032027186317,33.967419721143244],[135.6399144491926,33.97294722513436],[135.63759000027835,33.976516666710836],[135.6392427761333,33.98273277529739],[135.63672972769484,33.98986916193235],[135.63088000021196,33.99101249523051],[135.62902666744685,33.997749440784105],[135.62355027192757,34.002142494980205],[135.62523111472422,34.007360278753936],[135.62175778189624,34.009778332703945],[135.6182055506457,34.00923110782941],[135.61181111459132,34.010280279411404],[135.6083816731757,34.013618891998306],[135.60493333340662,34.01244249512513],[135.59573389120612,34.0115911078434],[135.59361250291477,34.01328027926155],[135.59148778173585,34.0193702786155],[135.5953780537542,34.023585829122794],[135.59483333259232,34.02783861336138],[135.5996602719041,34.03201944104444],[135.59470333289255,34.03972249499719],[135.59461360573334,34.043989162070204],[135.59165277585498,34.04664389240179],[135.5879955505543,34.04677472127639],[135.584928339871,34.04964194611898],[135.58060610908478,34.056190278658505],[135.58048972781876,34.057910278836346],[135.5751613876879,34.05884333265374],[135.5670622183468,34.057346108036484],[135.56353138826307,34.06327722506393],[135.5577541632241,34.063807495019944],[135.55210749726325,34.06565666662192],[135.55131666673083,34.06842055936136],[135.54645221759586,34.069013333098894],[135.53969805362237,34.075379721097306],[135.54313277585698,34.08180249478937],[135.5497930614007,34.08498472066839],[135.54987639438014,34.0906836129584],[135.54872805365676,34.09681055916002],[135.54971972798307,34.10058777470607],[135.55840749730817,34.103389440770115],[135.55730083026913,34.108052494826836],[135.56190389055212,34.10982972066512],[135.5658377823878,34.112835000434984],[135.57082277575057,34.113502225447405],[135.57878834000996,34.116370828950664],[135.58208167263115,34.128252775245414],[135.58462416307475,34.13223694637804],[135.58518888515903,34.14066444111114],[135.5908561087225,34.14900110791484],[135.59360333342715,34.14870889210175],[135.60018861191497,34.15259694639201],[135.60769834040616,34.155299440616716],[135.61679778159237,34.15588166710529],[135.62191833965971,34.15842166732614],[135.62295167328114,34.162726945891905],[135.620572775813,34.16608749474216],[135.62791333283405,34.17477444118754],[135.62856888464637,34.17688777515076],[135.6376180537303,34.17926861335587],[135.64196250316706,34.183191108083236],[135.64510639364516,34.19067444057305],[135.64132444856455,34.1914922246865],[135.63412333322526,34.19907694584441],[135.63448250266538,34.20459499975948],[135.64116666700818,34.209498054091966],[135.6409097280016,34.213027775311616],[135.6458611145988,34.21619694573252],[135.64807805405906,34.218986387311986],[135.65528944235393,34.21627610765631],[135.66196583655415,34.21831082918146],[135.66781722418557,34.22419361304486],[135.67769360587522,34.22343610779018],[135.68547082961516,34.22040027894974],[135.68790693925393,34.21729416179619],[135.69387500582695,34.21706666659344],[135.69780722402425,34.211826387178064],[135.7017536056444,34.21227444111264],[135.70779194614147,34.20823610830979],[135.70982000009303,34.20891555870611],[135.71364138764,34.21445527908793],[135.71765333343467,34.21490333302245],[135.7233305583586,34.219785559056334],[135.72747555075614,34.22072666720197],[135.7274827759095,34.22368999989362],[135.7300169386309,34.231601108404504],[135.72344861236365,34.24007666740431],[135.72379167314728,34.242371945908644],[135.72014888466333,34.24989972109529],[135.71953444895576,34.25933749532919],[135.71844666678032,34.263319721228186],[135.70825221826533,34.268581387421136],[135.70842221801104,34.271896667097565],[135.70384583701582,34.27156499982493],[135.70085167286652,34.27540249512907],[135.69246944191127,34.27827194579373],[135.6893916731873,34.27172249539689],[135.6827716727745,34.27018305390487],[135.67712527930826,34.27462610770874],[135.6768322181324,34.27766166675258],[135.67275999977426,34.28148194633479],[135.67516472127488,34.28809861296065],[135.67216250279728,34.2956852793522],[135.66924944220807,34.29694555869065],[135.6678658370388,34.30501249543039],[135.66638805396553,34.30868722513537],[135.66908583664213,34.31537222494825],[135.66757527867628,34.31923833308264],[135.6681252788586,34.32574805412946],[135.66032666744184,34.32693082899459],[135.65900111530925,34.33399972061068],[135.66149888516543,34.33799638692375],[135.6603852789575,34.34061861305861],[135.6623186118145,34.343440279145625],[135.66215805405102,34.35087889194733],[135.66352527896856,34.35544389202204],[135.65583833996743,34.36622499978398],[135.65425805396603,34.373057494707666],[135.6514005579894,34.37951082916146],[135.6511286119959,34.3832063871651],[135.64378805407546,34.38388527908239],[135.6389830609196,34.383467775117765],[135.6363577815864,34.381485279022456],[135.6319472238854,34.38304389226187],[135.61991111490613,34.3844824945715],[135.6177877822804,34.38327166715379],[135.61544944243792,34.378066386654496],[135.61326555126425,34.376581107731965],[135.6041152785973,34.377391387002945],[135.60136693873335,34.38008166663565],[135.59594972759794,34.37921361311783],[135.59498693859643,34.37538082936186],[135.58671972823288,34.37529972130517],[135.58343360637593,34.37688749506191],[135.5771208296626,34.376049441128885],[135.57244693877522,34.37191249496573],[135.56340306130232,34.369329161811436],[135.56078972766386,34.365369161757485],[135.5544394420267,34.359434720835736],[135.5515944493244,34.359665828615164],[135.547874448647,34.35668777492094],[135.54145833983057,34.35763055940282],[135.53828805425042,34.35645638655302],[135.53485944200975,34.35236194594711],[135.52706972758597,34.35118194638977],[135.52146555099444,34.34550138677963],[135.5120400003458,34.33832889236453],[135.50903834034716,34.33684222488881],[135.50349583656362,34.33654138727525],[135.50489527879415,34.34121722519484],[135.50235082962718,34.34542749488304],[135.5017450058274,34.350202224952795],[135.48869861195146,34.35636666658843],[135.48537610892038,34.36283249532346],[135.47928805390063,34.35811610787215],[135.4777397280061,34.35355389209849],[135.47163500585089,34.35230499997584],[135.4700941632151,34.350472775198455],[135.46348944228396,34.34825110800227],[135.45758500634304,34.347335000110206],[135.45341917035853,34.349861107604056],[135.44148000020186,34.347368613171],[135.43622138810667,34.34858833308516],[135.42869693861292,34.34556249481335],[135.42694416264305,34.341120000387775],[135.42478666657144,34.33997027920509],[135.41564027178117,34.33990277519297],[135.409221387657,34.34193805429783],[135.40542749688154,34.33385444142937],[135.3944486120139,34.330811107746456],[135.39113000034934,34.33300555875957],[135.3882430605688,34.332416108017014],[135.38677972780226,34.32912472062941],[135.38034472063237,34.32844416226834],[135.37413805402798,34.33096305360209],[135.36821888539328,34.33116499996481],[135.3617055508705,34.32934610763681],[135.35897722362006,34.333039721306136],[135.34619389133513,34.33050305397279],[135.34219944185088,34.33511055870537],[135.33871749711489,34.33404055882477],[135.3391355505653,34.32942972120475],[135.33444277571357,34.325609440723156],[135.3280280536518,34.324028613329915],[135.32809861176156,34.31861389241726],[135.32419861177652,34.319131945982576],[135.31316027182913,34.31409361292992],[135.30396749720228,34.31371472135737],[135.30449472115447,34.30992916190138],[135.3026436061176,34.30487805397905],[135.29755194596555,34.3007824946165],[135.29163555084006,34.299548053699766],[135.2869822175553,34.30675222493528],[135.28660277559766,34.312576387390436],[135.28281221770976,34.31791000024634],[135.27742778236632,34.3156224945825],[135.27273666676388,34.31220749537965],[135.26166583700888,34.312540829096065],[135.25792444865442,34.31567861317751],[135.25423639369467,34.31575333334973],[135.24659583722814,34.31328610806747],[135.24140861241756,34.30839638708363],[135.23622583655322,34.30541666694569],[135.2355233329355,34.30363555873407],[135.22500555116528,34.300861386743634],[135.2218119461644,34.30384805414445],[135.21143416275652,34.306445279126365],[135.20822500577947,34.30602138727727],[135.20846610862407,34.30282166688647],[135.20534944242286,34.30053444091175],[135.20435834006537,34.290549440904044],[135.20265277580506,34.287621946195884],[135.19850583727464,34.28799694640202],[135.1957983401213,34.28602666669735],[135.1916113880552,34.2864649998599],[135.18957861176364,34.282775828841466],[135.18066167269808,34.27988777480101],[135.17152444919407,34.28059416169128],[135.15740666688419,34.27708416170475],[135.15335306089514,34.27867389238628],[135.15482360622457,34.28088110837649],[135.14648221798006,34.28364833310417],[135.1429394422015,34.280423053980826],[135.13940444915602,34.279383053685024],[135.13661555076715,34.27350638701023],[135.13208778172577,34.27235166739558],[135.1259719457488,34.27739305364656],[135.12098693889618,34.273913612623176],[135.1170127763187,34.273066945882874],[135.11413221812745,34.27438638712209],[135.11029555109883,34.27378638733194],[135.10735693897163,34.27846389169531],[135.10907250279388,34.28266582916473],[135.09869693891267,34.28903638731947],[135.09977944206764,34.29268361305833],[135.09693416338098,34.29710361274158],[135.10313527936967,34.301854440629995],[135.10641277582897,34.30580082944476],[135.10591778178025,34.30885555933662],[135.10273111504898,34.31093444117158],[135.09708250295523,34.307944720572436],[135.09282669339723,34.3120118020031],[135.08749856011048,34.307496467887745],[135.08336036299045,34.30644213509652],[135.07966917029603,34.30823646783875],[135.07427355368156,34.30537338707222],[135.0740929437344,34.30306391906464],[135.0699921143447,34.29814869420693],[135.06810111527432,34.290760494701146],[135.0718403110816,34.28821046793877],[135.07006953338237,34.285525639996365],[135.07353236122958,34.28358182913814],[135.07428719819575,34.28096810789191],[135.0720850840595,34.27532608063416],[135.06891533087787,34.275592639688625],[135.06521574571013,34.27315019792337],[135.06443418898675,34.268392946177585],[135.06106344991838,34.26480627898661],[135.06270377376018,34.262366640408175],[135.07233883317065,34.260564559107195],[135.0768139172286,34.261279639743634],[135.08955131034475,34.260821278679146],[135.09698719820074,34.256046197873786],[135.09584044118344,34.25291894575281],[135.11108763888353,34.24511877491159],[135.11628680938884,34.24641435983489],[135.1230838386483,34.24159274810688],[135.13273547256404,34.22988249498121],[135.1282478600508,34.22732725215104],[135.12319302174058,34.22961510765117],[135.11839355401935,34.23473441386216],[135.1037732170604,34.23706574798592],[135.10039069957122,34.23561274842967],[135.1071026070997,34.228467918959325],[135.11038983062622,34.226975387004586],[135.12151725022102,34.22490010785373],[135.12908505782923,34.224633585671484],[135.13952871567778,34.225409000025365],[135.1404302455594,34.221401414144],[135.1335194682489,34.21910663116614],[135.13452032375403,34.21763496438217],[135.14348024591663,34.2192850000028],[135.14484968856232,34.214790864706686],[135.14036019466732,34.21430013524309],[135.13990722413917,34.212069413672566],[135.14351869013547,34.20279649506227],[135.14551635509576,34.200610000351276],[135.15011953318992,34.20026694586289],[135.14976608343807,34.194598134996],[135.145442633171,34.19578419778253],[135.14474394267893,34.19853122463638],[135.14128238737237,34.20211741428727],[135.13725408560765,34.201052278839654],[135.14073016856253,34.19250602683172],[135.1404430222277,34.18921758562311],[135.13983011716618,34.188465360288205],[135.1414286378215,34.18779589236658],[135.1425549676377,34.18674541406966],[135.14540097297663,34.18961149497454],[135.1486047466118,34.18778313458404],[135.14746836597237,34.18393208110069],[135.1568347214453,34.18469641400833],[135.15868978000935,34.186667612820145],[135.1628634113174,34.18794994623306],[135.17217527866626,34.183682585782776],[135.17364083006032,34.18825922488338],[135.17997477321728,34.186912973055314],[135.17774182942196,34.17905949489983],[135.18198583717674,34.171928747913455],[135.1819322834482,34.16665441387016],[135.18443108932343,34.157095721290545],[135.1868702719455,34.1564922788956],[135.18414367139337,34.148324693629775],[135.19704333278366,34.14871363962283],[135.20117810618467,34.15154715337849],[135.20821965031666,34.151721351159495],[135.20948613497717,34.149417108213015],[135.202322361288,34.14992974785963],[135.19950769102718,34.147071892154145],[135.1999776650373,34.14361889209823],[135.18312258114224,34.14260141442378],[135.17808403405104,34.140824828902794],[135.17084844410044,34.13595333268023],[135.1667793895573,34.13432705355075],[135.15810282668417,34.136088775076985],[135.15550936356635,34.13897561323404],[135.14262780822685,34.13809969424557],[135.14014863814918,34.13875841436936],[135.132284669402,34.13827958563439],[135.12607258078503,34.13676577482073],[135.12475080400645,34.13268158558674],[135.12184033706194,34.13049872143887],[135.12714924823933,34.1279786942614],[135.1312451880151,34.131317612617806],[135.13431355432715,34.12854053221986],[135.13446836632215,34.12606480204903],[135.13097955885962,34.122131919252695],[135.1334983009059,34.11887836004831],[135.13973147862487,34.11846941403229],[135.1440160826761,34.115905440583674],[135.14472658936063,34.11158677470996],[135.13709822320448,34.109936945933384],[135.13631924843457,34.11278702699974],[135.12287486408377,34.114907197609114],[135.11870761256637,34.11971600029324],[135.114254526825,34.119132891569734],[135.11183988310415,34.113511946219376],[135.11324455309375,34.10947476634743],[135.11218405994646,34.105948558779005],[135.1078784180546,34.0982654140177],[135.10276675698026,34.09591360412958],[135.1011269385574,34.09070083767358],[135.09672188110994,34.09119639559725],[135.0946245532806,34.08544943184586],[135.09569974135002,34.07943884712512],[135.08972518796713,34.07561608091743],[135.0870229959146,34.06983681981342],[135.0910860312954,34.06872509858448],[135.10440451415707,34.071260459202904],[135.11067427989417,34.070486730178516],[135.11435474727386,34.0681040447659],[135.12224832709865,34.06733366661547],[135.12567137523388,34.06463261310466],[135.13316793765023,34.065362251966405],[135.1358509471636,34.06457829675105],[135.13795324284797,34.05781493720963],[135.14636745819166,34.05610981091911],[135.1475185859141,34.04901486504406],[135.14616180302482,34.045321108382495],[135.15183936429526,34.04475502742264],[135.15772089540303,34.04727591884864],[135.16249547258803,34.04374897293678],[135.16244016877886,34.03681802743006],[135.1676776126318,34.03729572122063],[135.17076671910888,34.03222466723463],[135.16995639397248,34.02634944127374],[135.16570138840837,34.02851444128851],[135.15839861190648,34.025853612654146],[135.15079167299734,34.02464722518937],[135.15208111465176,34.019786108042524],[135.1480099997617,34.01823805374323],[135.14143138794827,34.01956249521305],[135.13692389142454,34.016873891916646],[135.14296583730356,34.01555277524045],[135.14706250283234,34.010803054417465],[135.15140555112532,34.00944166699941],[135.1515847212579,34.00724694618964],[135.14766416277098,34.005165558843544],[135.14065027189258,34.00606916166254],[135.14031583740598,34.003328892314585],[135.1338905842831,33.9992933869803],[135.1292215821104,34.00058605360357],[135.12611072642892,33.997549721142775],[135.12019286630778,33.99922730569563],[135.1121780290929,33.99525613516255],[135.11277160772363,33.99090633296095],[135.10768150519732,33.988921747740505],[135.1049062783021,33.99302674818591],[135.09778133643954,33.99255177484457],[135.09350955941875,33.99321341416777],[135.0910895332554,33.98347535990001],[135.08807333301797,33.97920722513339],[135.08431863829458,33.9800199730434],[135.08212147942277,33.97847930577541],[135.07810849491113,33.97927553224008],[135.0758471730087,33.978678467837085],[135.07481919574934,33.97895446797435],[135.0722332563597,33.97747894579675],[135.07813063621995,33.97316169365729],[135.0794861996285,33.969631693647784],[135.0845915555559,33.969762386724824],[135.08604066104772,33.96736944094698],[135.08375569417,33.961440946342634],[135.08024119307663,33.961397332820695],[135.07404050606453,33.95911997330819],[135.07998313891085,33.95583958642783],[135.08754192002368,33.95616316160067],[135.09521189421366,33.957741026627104],[135.09881260701627,33.959630387132734],[135.10185044134482,33.96433866719576],[135.11079058381847,33.96287864033701],[135.11441863781,33.95676580180037],[135.1054764457814,33.95624522473736],[135.10148444874835,33.953456945981316],[135.10056992186446,33.94957749460576],[135.09602280211072,33.947913640002525],[135.0889744492115,33.949138054377784],[135.08808194582525,33.94590222530752],[135.08340277591742,33.941618613208504],[135.08659847004344,33.938161774846094],[135.0839052793052,33.93488138706641],[135.07998111543623,33.93569889239001],[135.07570082992947,33.93485333271519],[135.0733138907235,33.93132972059021],[135.06830306073778,33.931662494928275],[135.06632861177604,33.9280319462174],[135.06987888520246,33.92473444074187],[135.07275221824034,33.92450972084697],[135.0741280541664,33.927777494735665],[135.07928444931792,33.92558916181042],[135.07950555124023,33.923581946050035],[135.0761141628384,33.91972082915299],[135.07580722422404,33.916983053625074],[135.08224444912207,33.91929425192825],[135.08297944164792,33.91751833280489],[135.0785094423569,33.91323999972627],[135.08261833956476,33.912532494978734],[135.08351999984814,33.91032416203052],[135.08178389101386,33.906603333077385],[135.076160271979,33.903036108329786],[135.07255555089807,33.90338389235279],[135.06695000014247,33.90620638671544],[135.05897972793218,33.90489138722779],[135.0583444486375,33.90197110778047],[135.06047917027752,33.89867361309683],[135.06490555065068,33.89615777496141],[135.06430639442465,33.89174749515081],[135.05700027244472,33.88873527891002],[135.0582263937331,33.883329999979594],[135.06082389120968,33.87980610816544],[135.06997749676418,33.88349833328152],[135.072661946092,33.88680861272735],[135.07638389110377,33.88804389181223],[135.0800674971174,33.89095555935165],[135.0841708302197,33.88716805376271],[135.09111555064226,33.887241387180325],[135.09220805425832,33.888696946207176],[135.09556055777364,33.88820527875066],[135.1004650060553,33.888983053824916],[135.10637639375568,33.89131610835176],[135.10879444860495,33.891745558910486],[135.11190708224615,33.89338272073604],[135.11967527859133,33.89226749484908],[135.1316150063276,33.8889372252728],[135.14192243757054,33.88481763962244],[135.14966994770998,33.879374802305335],[135.1515132557322,33.87578325179567],[135.15590066128652,33.87282019789387],[135.15896341133248,33.8673049462663],[135.15347658907342,33.86540635961586],[135.1543767438917,33.86337944060875],[135.158925331339,33.86387886471789],[135.15937763906686,33.85834374796565],[135.16548693877132,33.852533107716795],[135.1650141372927,33.84991525228713],[135.16844024582076,33.84319527873919],[135.17472822282923,33.839739026734776],[135.17446678271597,33.832612666641296],[135.17829666705757,33.82925361336362],[135.184816641275,33.82709663979813],[135.1845159142781,33.82289722492703],[135.18609153010004,33.81950538686414],[135.19497622577228,33.81642402714721],[135.1964176393626,33.81368619765993],[135.2052286122107,33.81246966674178],[135.20701472065286,33.80920555938911],[135.20989610891831,33.80904749544561],[135.21583444930047,33.81407749538016],[135.21843630399235,33.8128506402449],[135.21625269790377,33.809678612677885],[135.22076000017398,33.80797249533447],[135.22068749683058,33.80468444083431],[135.22726055802843,33.801854440729926],[135.23132221834578,33.80113972072161],[135.23586250325195,33.797867495188825],[135.2370391699218,33.791115558836],[135.2336383404371,33.78958805404551],[135.23328083024614,33.78412582914376],[135.2381600003838,33.780495829019344],[135.24575221829025,33.780191666612154],[135.25346622598556,33.7825269190821],[135.27068561624822,33.78262527883362],[135.28149005242403,33.77804627901264],[135.28714749675964,33.77308138729626],[135.29276177723432,33.77244302692418],[135.29792046655632,33.767403720805135],[135.30103444918052,33.76671305406427],[135.3070331385685,33.768839667416785],[135.31194158163873,33.76954677466398],[135.31708961129664,33.76767319815963],[135.32194708169254,33.76343625188156],[135.3246705058392,33.759733946264646],[135.32482822264444,33.75389744061442],[135.33049411161403,33.74420391897576],[135.3387647214148,33.74581416229381],[135.3438259143345,33.74565725218048],[135.34840988290978,33.74730797308456],[135.35107308665374,33.74668041357029],[135.35317046664375,33.74302644111742],[135.35736977989154,33.73997080201093],[135.35746946794166,33.737458386695266],[135.35190557738053,33.73482294592225],[135.35257408572556,33.73200069437661],[135.3510579510637,33.730389999598856],[135.35201999992307,33.72758944060024],[135.35661639443117,33.726850000027525],[135.3622436961897,33.73150030619422],[135.36593277637655,33.73191594586427],[135.3730964457444,33.72953125226553],[135.37750147891018,33.725421387387144],[135.37976863831204,33.720804053963946],[135.38923924769324,33.7155654140127],[135.39342116715318,33.71519258566934],[135.39246596573184,33.720171081430294],[135.39622800341965,33.72228072097852],[135.39555654979495,33.71447172059351],[135.39715944205466,33.711421359608096],[135.3925330605524,33.709720279367446],[135.3929960306424,33.705533982007694],[135.39595800265977,33.70348597299932],[135.3870768611083,33.70079446759064],[135.3870621922664,33.69563013502278],[135.38246306112148,33.69737361290197],[135.3836504540053,33.70322387368287],[135.37705806727604,33.694972666755234],[135.38295350190265,33.69121122531783],[135.37569144040776,33.69051297279549],[135.3728763546601,33.68921710818307],[135.37600247723265,33.684039251610216],[135.3696392998139,33.68614386484751],[135.36489038928005,33.68307549493818],[135.3636448120585,33.679415252412014],[135.35898313936048,33.68006794617884],[135.36026216596622,33.68375153240737],[135.35516175091414,33.685827279205625],[135.35574827526273,33.692122359959],[135.34935713432435,33.6944428923257],[135.3434871981757,33.69426822509854],[135.33406360625054,33.692479162383506],[135.34447747135823,33.68884730605839],[135.34201360594318,33.6862364680386],[135.34438610923166,33.681835278575306],[135.34280666679433,33.677955694100035],[135.3324326326599,33.67387213529088],[135.3296687552089,33.67029244144305],[135.3319736060971,33.666214999822444],[135.33532555113334,33.665889161955306],[135.33654500574744,33.66346972125069],[135.3391033332523,33.66321194587465],[135.33896527922434,33.661631945857664],[135.34105194559083,33.66082722529626],[135.34262639409292,33.658785278617756],[135.34671077758037,33.65822697319629],[135.35302693934182,33.6548344408568],[135.36165722400176,33.65333972085148],[135.36389924825176,33.655877441290954],[135.36695722379693,33.652314440658984],[135.37507566830755,33.652439720716586],[135.37800527912043,33.650270251970596],[135.38188917044897,33.65113708061182],[135.3833006995677,33.647661891583084],[135.38665111485716,33.64654516202967],[135.3913845525551,33.64300972112176],[135.39340510975808,33.63998127931262],[135.3929785604123,33.63411382889012],[135.39486399537714,33.62545499974851],[135.39022297021393,33.61728274790056],[135.39638905311233,33.61825955913139],[135.3978037478447,33.61609119835015],[135.39334883288234,33.61425502734767],[135.3918715561275,33.611758666729145],[135.39363891100697,33.61012538727687],[135.39211422828907,33.607815531661515],[135.389701192556,33.60931302697469],[135.38877325588112,33.605112864766966],[135.386044552714,33.5999765586713],[135.39122102523015,33.59773833315762],[135.38899102491598,33.59554249538991],[135.39219108884777,33.593020387181184],[135.39259907888447,33.588562251746566],[135.39606827483112,33.58568397333676],[135.400232165582,33.5836482787451],[135.4029328656593,33.582892198016566],[135.4047576125738,33.579777360137086],[135.40487649755244,33.57942363968925],[135.40502708183442,33.57929758621469],[135.40503119263553,33.57914374818546],[135.40502852074974,33.578630945761574],[135.40563014291683,33.577762081055255],[135.4100271343449,33.57560922458612],[135.41667136159413,33.58060966740226],[135.41892072611074,33.57522925202841],[135.4192875227011,33.569646305732476],[135.42417674366186,33.57142700025588],[135.42835527897296,33.57070130582065],[135.4316342799981,33.56830944102791],[135.43729403379268,33.566855748094326],[135.44386000023883,33.56321541386029],[135.44913472099063,33.55647036001915],[135.44708299598358,33.553409198175984],[135.44637591391734,33.54892925238312],[135.45156583669404,33.54853291935882],[135.45770046670327,33.55315613524749],[135.46024072592877,33.55203666725845],[135.46005752323617,33.54882216201321],[135.4677208298525,33.54627946832284],[135.46923891064728,33.54712882943198],[135.47154455293878,33.547902440645146],[135.47452472093914,33.55097972103732],[135.47969111475322,33.55058833338495],[135.4802277815869,33.54961638658705],[135.47956250270738,33.54866389212498],[135.47888277621917,33.54600000039977],[135.48137861163366,33.54507249539938],[135.4837474969495,33.54793666704359],[135.4879052786058,33.54963635963037],[135.49169291819373,33.548789585870736],[135.4931245012948,33.54417438743809],[135.4899909467249,33.54262481957983],[135.49128635538102,33.540116694030246],[135.4956667192438,33.54164002686582],[135.4993679510701,33.540991468181744],[135.50116311298734,33.53523936030831],[135.50453713368188,33.53559974832979],[135.50890474695655,33.53536333275167],[135.51391360562843,33.53192122528435],[135.51226610879394,33.525541666714616],[135.51803649808596,33.521872108111324],[135.5242452529161,33.52328522543286],[135.5295413361638,33.52159525181946],[135.53068997366347,33.519433558611865],[135.53232880732867,33.51997519779718],[135.53253031122495,33.520507359926796],[135.53338510963522,33.52052335976532],[135.53324518771535,33.51972019772899],[135.5342495325899,33.51786686496388],[135.53534927394992,33.51837477507587],[135.53473216635643,33.51981755923305],[135.53710147885022,33.520689198347895],[135.54049530531415,33.51931438674961],[135.54164533136702,33.51991110761156],[135.54245430572166,33.52073249530844],[135.54480914362716,33.52027410816362],[135.54713089457516,33.51610749516482],[135.55123325640977,33.51653997284154],[135.5596762779379,33.51417861305259],[135.56216557707978,33.515310414344185],[135.56534369575502,33.51530510834414],[135.56949691335194,33.517366494768],[135.5749999998502,33.51567386455724],[135.57885141396162,33.507148386888616],[135.58333333286703,33.508302612775424],[135.58733119258056,33.5063976400391],[135.59180944225204,33.50736510821321],[135.59686038919563,33.5070467751886],[135.59813749664818,33.50445377522158],[135.60160433187446,33.504303892410746],[135.60407172532996,33.50906638720403],[135.60645435768254,33.50969325244171],[135.61094542179387,33.50616255905493],[135.61159124474023,33.50832300040622],[135.61469496789846,33.506441999998344],[135.617179856765,33.50609463955601],[135.61947752296942,33.503216306287584],[135.62610564156216,33.5030838649285],[135.62823661482798,33.50818936025081],[135.63985600495073,33.50504463969844],[135.6434339172415,33.501785973244125],[135.65119586329854,33.50027066685783],[135.65395238699318,33.50057108089072],[135.65728208819792,33.49746677497171],[135.65760491603407,33.49696727891683],[135.658091633622,33.49576527924427],[135.65880686084802,33.49686122456592],[135.66063736702097,33.49711746839648],[135.65992922195608,33.496000468147145],[135.6631676914359,33.490725946145574],[135.66996875505401,33.491712693985676],[135.67526192000162,33.48778363960332],[135.67689466885395,33.48949353230074],[135.6822375878944,33.49012219798112],[135.69076510972207,33.487901946317834],[135.69646444897523,33.48792133300316],[135.69897364471797,33.49037046842244],[135.69946758835863,33.493312667045984],[135.70417933890542,33.48772555868766],[135.709811530278,33.48807508110019],[135.70786406007835,33.48319889221517],[135.70867177718083,33.47798391882287],[135.71106985718825,33.47928255874314],[135.7106534755775,33.48420999999155],[135.7129474707492,33.485720973444245],[135.71604072579896,33.48201727927409],[135.7197950320152,33.47974116172526],[135.72707778241374,33.47741455893481],[135.73340824879176,33.48294246762083],[135.73676664106767,33.483291224710285],[135.73827022029445,33.47678986466059],[135.7406602459737,33.47722535956274],[135.74274221787914,33.47956841365141],[135.74369425368695,33.47927669426406],[135.74729369574754,33.48237480205552],[135.7522395847891,33.48041825230058],[135.75343102462216,33.48200008063924],[135.75930686122274,33.48437038688388],[135.76160975428684,33.481460053938406],[135.7674358628749,33.48115841412954],[135.76519596642083,33.47287780206898],[135.7680256940306,33.47343319818361],[135.76959050629694,33.47864697277964],[135.77428153016854,33.47120022471063],[135.7746470820972,33.466855224888775],[135.77651717282936,33.46341244113131],[135.7754315562214,33.460663747833735],[135.76479046660677,33.456110613414126],[135.76173406037867,33.456233279142566],[135.75002666709702,33.44935569401014],[135.7513621657314,33.44698110789187],[135.75587717339295,33.444297494933494],[135.75375564210924,33.43644233324716],[135.76465372199175,33.43538649499078],[135.7653253572795,33.438745414269476],[135.76958280180497,33.446931747702024],[135.778535550975,33.44602377507721],[135.78179297006955,33.44293561288828],[135.78345413659918,33.439747494651215],[135.7887811673171,33.44044591894408],[135.78846944161148,33.44496691878834],[135.7910626978853,33.446493999998154],[135.79038674405308,33.44783969424657],[135.79128055775163,33.44857497275683],[135.79334131015344,33.44784358561304],[135.7927548379655,33.45252925222326],[135.78603577183344,33.46236397281916],[135.78121863782997,33.46333730637167],[135.78228910535802,33.470084864824685],[135.78425442260357,33.47150008116387],[135.78590024579978,33.47618682875918],[135.78976885944542,33.480619468413806],[135.78955868968183,33.483353775256546],[135.79417033669176,33.48603353192203],[135.79535277610978,33.49272641429263],[135.7970599744383,33.4968474676366],[135.80184569422352,33.499318387333744],[135.8059070298856,33.502893721268265],[135.81108282701098,33.50174402706523],[135.8183268867765,33.50742649503678],[135.81969654975603,33.510964080827705],[135.82524294400673,33.51458810765507],[135.83578774320983,33.5125029278679],[135.8424099217806,33.51279286479894],[135.84197163358408,33.517197000441286],[135.84811444922252,33.52105469361925],[135.85659269809457,33.52288513504101],[135.85883069967713,33.526281279057855],[135.86166367114163,33.527470225070886],[135.86468438417705,33.52735755890427],[135.86645461688715,33.530387559238534],[135.87420836562364,33.53377205433691],[135.87835691304122,33.52885549488525],[135.88206518835784,33.5357011082196],[135.88635116657315,33.53565994624955],[135.88735761316343,33.539548252350016],[135.89366230856876,33.53946644102348],[135.89354260700577,33.54193863955663],[135.89892639393804,33.5459764408601],[135.9015963291074,33.54557738738657],[135.90845050578628,33.54973138739365],[135.91246795093525,33.549999999600345],[135.91270844403948,33.55244502691653],[135.91586092124453,33.55282536010236],[135.9149648637375,33.5568125322726],[135.9226067440061,33.56227341358721],[135.90871980507495,33.5618853057623],[135.90193472061094,33.5580980537822],[135.89181477283353,33.55584802736462],[135.89321341107018,33.558796053595074],[135.900902139722,33.56324363998203],[135.9056456938937,33.5632114676352],[135.9115767191903,33.56927933287494],[135.915796641302,33.57114305370902],[135.9211226980541,33.57036986517721],[135.92135306119485,33.57459382884218],[135.92758983080614,33.577246360331344],[135.9343840595767,33.57341494624285],[135.93940089523517,33.574453999552475],[135.93983930034346,33.57822380198695],[135.94243800291156,33.57927116233435],[135.94881219162937,33.579412107682685],[135.95405795061401,33.57801972063368],[135.95954413705238,33.58212091874543],[135.95778552538172,33.58427838693808],[135.96068732825768,33.59349610785915],[135.9503828270059,33.58964822538536],[135.9478384443887,33.59239610839376],[135.94632316498212,33.59904438708884],[135.94889586275394,33.60237805430381],[135.94395702979318,33.6037270535607],[135.93604036257273,33.59856355916099],[135.93671486399978,33.59565574791446],[135.93478566802423,33.59367641383551],[135.93079616121395,33.59538608080305],[135.9318422831949,33.59915058623062],[135.9290149163054,33.599838748359616],[135.9294932809902,33.60440697340317],[135.92608547276643,33.605133999734335],[135.9250862783092,33.60876377502825],[135.9330774714482,33.61110297282397],[135.93563561639064,33.61518744084776],[135.9401346952601,33.6148404140539],[135.9450689749533,33.61920116190413],[135.94168766525365,33.61987819762078],[135.94211730197196,33.624062000261176],[135.9449106609983,33.627929080562694],[135.95309863839157,33.62627949460307],[135.95168367116457,33.62708810832959],[135.95273944197174,33.62831794561674],[135.95229946844574,33.629675440769006],[135.95325202316235,33.63117122467236],[135.95163338467307,33.63343833281289],[135.94820702973072,33.6328439996509],[135.9410192477402,33.63397849531134],[135.9377423871016,33.63655038729058],[135.9365223353376,33.64024755867797],[135.93902150543818,33.64537769362573],[135.94469036306987,33.64701736006316],[135.9487010893838,33.64951216215661],[135.9580936061351,33.65012361301439],[135.95755464333217,33.65224186536983],[135.9610112190926,33.654456197695424],[135.96995819731308,33.65266416182169],[135.9723011147047,33.65627833297873],[135.97885561569421,33.65545269418652],[135.9798796368358,33.6512615863532],[135.98162655012527,33.651673802304174],[135.9839029698462,33.654275468138394],[135.98616483763726,33.65520161336383],[135.98480386480662,33.66053541417807],[135.9810233586411,33.658797387089805],[135.97640182898124,33.6595113058022],[135.97632574633622,33.66286286502924],[135.97373616109508,33.66384397322082],[135.97376763916532,33.6707026402147],[135.9761981712087,33.67327713483195],[135.97895622644876,33.67993627913603],[135.98254021995524,33.68260802733863],[135.98837058413517,33.68450508064501],[135.98675693868188,33.689362026736205],[135.99103778176823,33.69303416189712],[135.99314172501067,33.69789863981043],[135.99216131019637,33.69983741356583],[135.99812416339944,33.70876277478226],[136.011889960953,33.723300730244546],[136.00808389065912,33.727021667116276],[135.9971594417549,33.73051082891169],[135.9832750056371,33.736367494664194],[135.9786702717157,33.73685638681286],[135.97295888514452,33.735441666899476],[135.97169916968096,33.731725829183745],[135.9755811148766,33.72877527855633],[135.97707111523982,33.7247713870899],[135.97319167285752,33.72298582903284],[135.9635233331354,33.72431389207253],[135.9551397280161,33.72840277486824],[135.94593416323107,33.73203194581771],[135.9422277818867,33.73455582928813],[135.9399333325573,33.73858694593088],[135.93853277606684,33.75105666663194],[135.93888389117865,33.75625861334436],[135.93481250289472,33.75722527932322],[135.9304752786113,33.753952224615546],[135.92837111503502,33.75402027901271],[135.92050250308807,33.75876166671759],[135.91928194590514,33.76409055903213],[135.91586000033885,33.767024721313874],[135.90914888511304,33.76657416186811],[135.90567500639645,33.768480279441405],[135.90171527883706,33.780400559338375],[135.89677778226894,33.78693722497303],[135.89822917024003,33.79010027910465],[135.8947058369049,33.79767333335769],[135.8909133328841,33.80167833278887],[135.88040693922892,33.80296277511201],[135.87216888488615,33.809000828725345],[135.8643955507141,33.81046777496789],[135.8580263937032,33.816203613206255],[135.85585610927205,33.820336387414386],[135.85892972762485,33.83018833272541],[135.85573138769348,33.83668944096496],[135.85703306102698,33.84257416196806],[135.86058749741517,33.848958333160624],[135.85958306080965,33.851554162394734],[135.85559527889905,33.85457805363433],[135.85343805442278,33.857838613161505],[135.853251115047,33.86229916237647],[135.8569422178092,33.86495777508128],[135.85889333296097,33.86848082872734],[135.85792111456783,33.8731527752804]]],[[[135.13514461693057,34.11324691871039],[135.1344592220155,34.11342016231072],[135.1344409990529,34.113357802420694],[135.13514461693057,34.11324691871039]]],[[[135.1395801173286,34.113816224639095],[135.13985775603066,34.114430865392194],[135.13979555082403,34.11445105427276],[135.1395801173286,34.113816224639095]]],[[[135.1298993004125,34.12928541369092],[135.12878822309813,34.128533306167185],[135.1298356158211,34.12868894643776],[135.1298993004125,34.12928541369092]]],[[[135.1807769388048,34.14272361340409],[135.1807905581378,34.14253805358834],[135.18104306078874,34.142586946130734],[135.1807769388048,34.14272361340409]]],[[[135.1250960834176,34.06463852344916],[135.1249617247039,34.06443047698497],[135.12536564171103,34.06431930639093],[135.12564914399286,34.06444492819094],[135.1250960834176,34.06463852344916]]],[[[135.12978696519633,34.064592676011216],[135.12969561566024,34.064648369226916],[135.12948618693804,34.06459802697742],[135.1295517376227,34.06452248572418],[135.12970452704235,34.064497423417436],[135.12978696519633,34.064592676011216]]],[[[135.13109102533065,34.064977405083255],[135.1309216083456,34.064955018259525],[135.13094949362426,34.06483386519079],[135.13109102533065,34.064977405083255]]],[[[135.13021832681443,34.06484816171337],[135.1300701302324,34.06501751394717],[135.12995946775527,34.064800171190996],[135.13021832681443,34.06484816171337]]],[[[135.08709609640778,34.06703132443613],[135.08698163429506,34.066804449765584],[135.08731014314867,34.0668105858399],[135.08709609640778,34.06703132443613]]],[[[135.0904146433212,34.06694422509594],[135.09054708198232,34.066998937151254],[135.0904912844453,34.06712194642074],[135.09037447510195,34.06706356782945],[135.0904146433212,34.06694422509594]]],[[[135.11294854663822,34.068156108317794],[135.11280193286302,34.06822231460819],[135.11237243823746,34.068155018339496],[135.11252446233414,34.06798599076092],[135.11294854663822,34.068156108317794]]],[[[135.09331739318316,34.06858597256462],[135.09337599210846,34.06845477496796],[135.09352138820157,34.06856592757555],[135.09331739318316,34.06858597256462]]],[[[135.10138936432782,34.06897848616825],[135.10087197086477,34.06886308066669],[135.10129089485895,34.068710990919556],[135.10138936432782,34.06897848616825]]],[[[135.10764234781618,34.06926494632029],[135.10763438431945,34.06942536918547],[135.1073505322014,34.06926174833109],[135.10738770387945,34.069135882814805],[135.10764234781618,34.06926494632029]]],[[[135.09709352774416,34.06956799986335],[135.09696972797065,34.069452676200115],[135.0971424904336,34.06937443158478],[135.09727779523416,34.06945737785577],[135.09709352774416,34.06956799986335]]],[[[135.0830275490822,34.072256900835384],[135.08300756164977,34.07239199069784],[135.08282601820622,34.07227820667396],[135.0830275490822,34.072256900835384]]],[[[135.09609904033846,34.09278335097093],[135.09600734096603,34.09278528811063],[135.0958805968122,34.092566540613404],[135.09618482486985,34.09264459457245],[135.09609904033846,34.09278335097093]]],[[[135.10683649770624,34.0990715141391],[135.1063679248399,34.09897515268119],[135.10639546028233,34.09892243172487],[135.10683649770624,34.0990715141391]]],[[[135.1063921660657,34.0997209190852],[135.10591898777113,34.09974263141737],[135.10591726287146,34.09968979264988],[135.106390441166,34.09966808121703],[135.1063921660657,34.0997209190852]]],[[[135.09982360597473,34.10809393738538],[135.09960588820127,34.1080804412594],[135.09974337205904,34.10790194561832],[135.09995958526667,34.10794409864127],[135.09982360597473,34.10809393738538]]],[[[135.07960789858566,34.10885035985626],[135.0795784817616,34.1089545409194],[135.0793817640572,34.10900436875664],[135.07942096010925,34.10886808099718],[135.07960789858566,34.10885035985626]]],[[[135.09848573313013,34.10892673028445],[135.0982670431896,34.108851910287456],[135.09851752326517,34.10869904532473],[135.09848573313013,34.10892673028445]]],[[[135.0982320883403,34.10928620729271],[135.0981002846005,34.109368819915176],[135.0979393131488,34.10938089241432],[135.0979248898219,34.10929982033048],[135.09811355409727,34.10923097273127],[135.0982320883403,34.10928620729271]]],[[[135.07983194578776,34.10983122523089],[135.07959513630658,34.10959883771625],[135.0799850445742,34.1095256670759],[135.07983194578776,34.10983122523089]]],[[[135.09771396912447,34.11069758622466],[135.09791216621352,34.11074304515546],[135.09787525264085,34.110810207425175],[135.09765897468196,34.1108035677305],[135.09771396912447,34.11069758622466]]],[[[135.07657517510427,34.11096998187924],[135.07666012956145,34.11106221634827],[135.07647753570973,34.11111800938869],[135.0764649937645,34.11104587386802],[135.07657517510427,34.11096998187924]]],[[[135.09701520129056,34.111195792651756],[135.09683627757227,34.11132592814914],[135.09669824872526,34.11126865842192],[135.09701520129056,34.111195792651756]]],[[[135.084126186974,34.11222388322568],[135.0840068217575,34.11236706338934],[135.08395164655133,34.11222591929078],[135.084126186974,34.11222388322568]]],[[[135.07597935086642,34.11518751359296],[135.0759507776064,34.115083792982716],[135.07609775560695,34.115073630643565],[135.07610745839258,34.11517927940025],[135.07597935086642,34.11518751359296]]],[[[135.07713015573222,34.1152493509768],[135.07510207480095,34.11340799088612],[135.07888722416612,34.109961278889955],[135.08381817097188,34.1141608466458],[135.07713015573222,34.1152493509768]]],[[[135.1026903757603,34.118084495203334],[135.0989819583508,34.116641711945476],[135.09726248967218,34.112201233799965],[135.1002753048615,34.10816099083712],[135.1052235015634,34.1101851714086],[135.10207732770652,34.11394607235343],[135.1026903757603,34.118084495203334]]],[[[135.10216224439216,34.11820865830299],[135.1021530614147,34.11809291915296],[135.1022412057671,34.118051278743565],[135.10232204942315,34.11818610780267],[135.10216224439216,34.11820865830299]]],[[[135.14718561642314,33.85594899994646],[135.14718871638627,33.856158640009255],[135.1469701946188,33.856205000060754],[135.1469684436388,33.85602241430303],[135.14718561642314,33.85594899994646]]],[[[135.14613141403356,33.85637446830714],[135.14579282737714,33.85598389184321],[135.14695500596883,33.85586182866052],[135.14659566835553,33.85632989161127],[135.14613141403356,33.85637446830714]]],[[[135.15785905285304,33.85932044138531],[135.157764642924,33.859130559427854],[135.15797289173565,33.85914199970358],[135.15785905285304,33.85932044138531]]],[[[135.14326858597656,33.86332119781508],[135.1476865495946,33.856794386951435],[135.15502219182076,33.85817935998955],[135.15537422783837,33.86227891863723],[135.14630258109935,33.860522585848685],[135.14326858597656,33.86332119781508]]],[[[135.14264108941484,33.86389558581271],[135.14189272397005,33.86459227891061],[135.14172914358517,33.86447833300872],[135.1424901948667,33.86377777462462],[135.14264108941484,33.86389558581271]]],[[[135.15447060973088,33.86823258616499],[135.1531915300651,33.86785244093744],[135.15231791244173,33.86764222530849],[135.1523725030886,33.867531891983276],[135.15128308684507,33.867156612987344],[135.15131308732919,33.86709589166213],[135.15246622593565,33.86754216224102],[135.15447060973088,33.86823258616499]]],[[[135.15802697786285,33.86770341428121],[135.15769613526845,33.86838355895412],[135.15761674401756,33.868349613144176],[135.15794654969363,33.867668586236334],[135.15802697786285,33.86770341428121]]],[[[135.37691027179164,33.696932224742454],[135.37645888496968,33.697332494998705],[135.3762969386529,33.69672916232105],[135.37691027179164,33.696932224742454]]],[[[135.37330333298246,33.6981833327946],[135.372886108707,33.69907138723477],[135.37270360568687,33.69865694636104],[135.37330333298246,33.6981833327946]]],[[[135.36614250277432,33.699871945733776],[135.3663044490911,33.70017055932391],[135.36602805415146,33.70018194564034],[135.36614250277432,33.699871945733776]]],[[[135.36781722388582,33.700439441327205],[135.3680052793203,33.7009280537867],[135.36771944239842,33.70105944114033],[135.3674741631022,33.70031444095872],[135.36781722388582,33.700439441327205]]],[[[135.38563693859396,33.703159721444024],[135.38575555107786,33.70325082906254],[135.38572917036504,33.70396082942881],[135.3855636060756,33.704012494581036],[135.38549221789162,33.70349138691802],[135.38563693859396,33.703159721444024]]],[[[135.37460102501734,33.7045054138938],[135.3752874973202,33.703039080988844],[135.374927082319,33.702222467792694],[135.3765485599681,33.70260953240404],[135.37531666683083,33.70427180240182],[135.37460102501734,33.7045054138938]]],[[[135.39184805414448,33.70567722512391],[135.39137194585862,33.705478613447326],[135.3916111151609,33.70528333285955],[135.39212722439197,33.705360278853846],[135.39184805414448,33.70567722512391]]],[[[135.37055111524182,33.709019161605056],[135.37078444884332,33.709095559012894],[135.37104333308343,33.70973138689402],[135.37071333315384,33.70976110768902],[135.37029221841124,33.70918027874694],[135.37055111524182,33.709019161605056]]],[[[135.36756778162794,33.71038389180319],[135.3675272240023,33.7105238919641],[135.36730888479724,33.71042222540541],[135.36756778162794,33.71038389180319]]],[[[135.3260344491306,33.71782194612598],[135.32620972789664,33.71807555943957],[135.32591999960835,33.71822749540263],[135.3257108298909,33.71805305390535],[135.3260344491306,33.71782194612598]]],[[[135.3785311666801,33.71975146765618],[135.3785733331929,33.71984455917914],[135.37841291842153,33.71990172098771],[135.3783801174485,33.71978380188102],[135.3785311666801,33.71975146765618]]],[[[135.3777853831889,33.71987141383471],[135.37757022038943,33.719947161932055],[135.37752513557666,33.71986886515606],[135.37777491597967,33.71978155897182],[135.3777853831889,33.71987141383471]]],[[[135.33264972810252,33.724042775253906],[135.33273778162334,33.72429416184616],[135.33244555142107,33.72420805355887],[135.33264972810252,33.724042775253906]]],[[[135.35309027229835,33.725873332688195],[135.35291500612266,33.725501386579765],[135.35348834011484,33.7254111081362],[135.35358944189932,33.72563082869982],[135.35309027229835,33.725873332688195]]],[[[135.37258547344095,33.729017558613464],[135.3724804668002,33.729007828848296],[135.37211050639485,33.72853833327753],[135.37217483759878,33.72849649501728],[135.37258547344095,33.729017558613464]]],[[[135.36242997366446,33.73003138683907],[135.36215386470917,33.7302224945725],[135.3621072501495,33.730166946147676],[135.3623833591048,33.72997582942105],[135.36242997366446,33.73003138683907]]],[[[135.35151555130176,33.73187972117222],[135.35159500640452,33.73216694574802],[135.35140500573652,33.73223777455371],[135.35133749722775,33.73204610834125],[135.35151555130176,33.73187972117222]]],[[[135.3466119456848,33.7341747208867],[135.34617221767382,33.734113054374006],[135.34626749724725,33.733827495342666],[135.3466194424334,33.73376082859943],[135.3466119456848,33.7341747208867]]],[[[135.3569042539283,33.73993438666264],[135.3569945530562,33.74003908123865],[135.35669194557693,33.74025697258128],[135.35669447536975,33.74007891940664],[135.3569042539283,33.73993438666264]]],[[[135.99201099930826,33.66666666723296],[135.99246727574427,33.66929395475228],[135.99227889835254,33.669316873974594],[135.99201099930826,33.66666666723296]]],[[[135.988033411213,33.67500000024984],[135.9869185207732,33.67370053205394],[135.98669664093734,33.670542864861375],[135.9869228923776,33.67053153160498],[135.98714167314972,33.67360533341946],[135.988033411213,33.67500000024984]]],[[[135.99281814534118,33.67713063986719],[135.99280319141417,33.67727358620709],[135.99264141416995,33.67724422514095],[135.99265294437794,33.67715689197706],[135.99281814534118,33.67713063986719]]],[[[135.99066022029297,33.67863330628211],[135.9901541627844,33.67900313538644],[135.9900328271533,33.67857999986717],[135.99066022029297,33.67863330628211]]],[[[135.99270503221157,33.67885205377934],[135.99274306094355,33.679009945952316],[135.992530584419,33.67894544117922],[135.99270503221157,33.67885205377934]]],[[[135.99157958463024,33.67899938701214],[135.9909790794211,33.67877674814844],[135.99121136171505,33.67844091881341],[135.99169070036555,33.67851266672625],[135.99157958463024,33.67899938701214]]],[[[135.98840374843428,33.679769305609],[135.98836897524802,33.67991680161913],[135.9881933331559,33.67985916227059],[135.98824878085657,33.67973841389676],[135.98840374843428,33.679769305609]]],[[[135.9892526976539,33.67965216171797],[135.98924019527885,33.679836054190616],[135.98867891130283,33.680161305699755],[135.98839085575344,33.680069919291384],[135.98896175078426,33.679701054260306],[135.9892526976539,33.67965216171797]]],[[[135.99193766499127,33.679686468156035],[135.99171457826526,33.6803483601887],[135.98991302216825,33.67956866686052],[135.99056422755712,33.67916041422177],[135.99193766499127,33.679686468156035]]],[[[135.99308044070983,33.68035041424025],[135.99280277592743,33.680336667203505],[135.9927887159265,33.68011946833883],[135.99315153031898,33.680159999884154],[135.99308044070983,33.68035041424025]]],[[[135.9928093643607,33.68048089237931],[135.99247386507693,33.68077219807856],[135.99230243810712,33.68053380219328],[135.9928093643607,33.68048089237931]]],[[[135.99186655020117,33.68099261291883],[135.99189841767793,33.68107189175447],[135.9917400776426,33.68114586459001],[135.99167527879115,33.68106500024959],[135.99186655020117,33.68099261291883]]],[[[135.9918307517878,33.681270134708996],[135.9917150836842,33.68135597319963],[135.9916444752124,33.6812754407091],[135.99178664094075,33.681208414237005],[135.9918307517878,33.681270134708996]]],[[[135.99279204881407,33.68150089175282],[135.99290516194378,33.68173269380884],[135.99270527862575,33.681740829076034],[135.99279204881407,33.68150089175282]]],[[[135.99166666688325,33.681693972598794],[135.99187461711995,33.68174955879516],[135.99180450057736,33.681853999762325],[135.99155136210572,33.68183882909875],[135.99166666688325,33.681693972598794]]],[[[135.9922328917346,33.68167269373987],[135.99217252923893,33.68204610844123],[135.99201282673062,33.68199686516323],[135.99200569420748,33.68174791933109],[135.9922328917346,33.68167269373987]]],[[[135.99162038867007,33.68570005391439],[135.99145394304514,33.68586397334377],[135.9913791050617,33.685771918739135],[135.99148817124217,33.685663278837296],[135.99162038867007,33.68570005391439]]],[[[135.99245097283415,33.69978758572853],[135.99249732838905,33.699890918730944],[135.9923520231274,33.70002030599238],[135.99223953322792,33.69991325159532],[135.99245097283415,33.69978758572853]]],[[[135.88076082964858,33.909372225148104],[135.8800577819411,33.912377225228795],[135.88189138807718,33.91466777509777],[135.88021527931176,33.917927494658215],[135.8771713880492,33.91711138688106],[135.86746666715305,33.920545829426544],[135.86557333344263,33.920013332749136],[135.8689380542479,33.914463054326575],[135.86320111523935,33.90775972093445],[135.8629725030786,33.905218612748854],[135.8587172241207,33.90119222474141],[135.85840277616728,33.8970980539321],[135.86146527889957,33.88714999987263],[135.86480527914034,33.88911110829105],[135.87162194599603,33.888651107762485],[135.8746536055795,33.883932224692444],[135.8783200003678,33.8841083326335],[135.88268805431028,33.878870829425296],[135.88087833956376,33.87584500014668],[135.8748177822149,33.87288416217439],[135.87288277571963,33.867900278575064],[135.87483221813238,33.861596387163615],[135.8781505582018,33.86461527907193],[135.87778944172942,33.8713374946297],[135.88106472135985,33.87250472111606],[135.88641277642853,33.87202027881284],[135.89088333329926,33.86839249461798],[135.8976330609171,33.869745828607165],[135.89877333292304,33.877716386801865],[135.90163805405302,33.881988892273625],[135.90131306064927,33.885406387095145],[135.89310277557274,33.89348722465576],[135.89026583719874,33.890037495434115],[135.8930566673314,33.88907389164683],[135.89104749734418,33.88097361344154],[135.88651389080349,33.882698333261544],[135.88421888479377,33.88653666673383],[135.8853961090433,33.891381667130304],[135.88791944212858,33.89630249476437],[135.88085639430722,33.90231777484547],[135.87895639392252,33.90836277482225],[135.88076082964858,33.909372225148104]]],[[[135.13197053171473,34.0320295862964],[135.13092724979276,34.03140016158824],[135.12958070028913,34.031697026896325],[135.12952338469654,34.03084319795528],[135.13080927402882,34.030762613304034],[135.1325638909109,34.031436360199905],[135.13197053171473,34.0320295862964]]],[[[135.13362219241037,34.03210158601945],[135.13272791196368,34.03146502698945],[135.1329698053123,34.031163918679965],[135.13386163420716,34.031464026943354],[135.13362219241037,34.03210158601945]]],[[[135.13414933902084,34.03207877471573],[135.13409927376256,34.03224355929285],[135.13384527913638,34.03215861292972],[135.13392641956864,34.03202053192206],[135.13414933902084,34.03207877471573]]],[[[135.12880311317315,34.032038828629084],[135.12895138799627,34.03237305357362],[135.12867710826197,34.03240416202249],[135.12853241184143,34.03219674778171],[135.12880311317315,34.032038828629084]]],[[[135.12892544705176,34.032825468320766],[135.1289672763188,34.03310041355331],[135.12874241163308,34.03310325181366],[135.12875527913286,34.0329255592672],[135.12892544705176,34.032825468320766]]],[[[135.1285020876013,34.033418829315565],[135.12860561575667,34.033509161718484],[135.1284938650998,34.03363663971919],[135.128312192154,34.03352516155701],[135.1285020876013,34.033418829315565]]],[[[135.12829299612497,34.03366005356867],[135.1284006359806,34.03377725231837],[135.12823061015456,34.033782387447275],[135.12829299612497,34.03366005356867]]],[[[135.1344846170715,34.03478582940255],[135.13381197094577,34.03444622471358],[135.13487505773776,34.03305874796291],[135.13558160830462,34.033474865172934],[135.1344846170715,34.03478582940255]]],[[[135.14644953301956,34.03722125195924],[135.14633299617094,34.03752933271261],[135.14609408587341,34.03738213527737],[135.14644953301956,34.03722125195924]]],[[[135.15828099856924,34.03753686543405],[135.15824360565796,34.03773946830188],[135.15810763895638,34.03765144086134],[135.15828099856924,34.03753686543405]]],[[[135.14586533072054,34.037844919207714],[135.14557442342095,34.03770097282171],[135.14590330729186,34.03751097305303],[135.14603280157257,34.03771753203853],[135.14586533072054,34.037844919207714]]],[[[135.1602296109079,34.041808414027116],[135.16015688723064,34.04242694614669],[135.160017638903,34.04241558591059],[135.16009036258026,34.04179708077072],[135.1602296109079,34.041808414027116]]],[[[135.16127944169295,34.04278358579393],[135.16119593964095,34.04388533264205],[135.16112036331413,34.04387991872335],[135.1612038392858,34.04278097326335],[135.16127944169295,34.04278358579393]]],[[[135.14606992198935,34.05118861276429],[135.14600418874238,34.05137594604315],[135.1458388330957,34.05131202672868],[135.14606992198935,34.05118861276429]]],[[[135.1460556677349,34.05148610759784],[135.14615861223024,34.05154816171836],[135.14602089544803,34.05166797299859],[135.1459196632619,34.051589278722304],[135.1460556677349,34.05148610759784]]],[[[135.11772972844426,34.018870278940256],[135.11762833977616,34.018678612727854],[135.1179527756002,34.01864694579996],[135.1180625810233,34.018796612773485],[135.11772972844426,34.018870278940256]]],[[[135.12134389060816,34.01964277499411],[135.11873138794328,34.01839666717251],[135.12412583723767,34.01541972144304],[135.1252355511798,34.018378892072235],[135.12134389060816,34.01964277499411]]],[[[135.0591555507881,33.87899999995011],[135.05891221762477,33.878971666809036],[135.05895972790915,33.87884777530462],[135.0591555507881,33.87885889182445],[135.0591555507881,33.87899999995011]]],[[[135.05832444861448,33.878887224965524],[135.0583516728915,33.87901666708558],[135.05810167305378,33.87921416180416],[135.0580138911282,33.8790844408943],[135.05832444861448,33.878887224965524]]],[[[135.05979722426252,33.879078892077246],[135.05991194627939,33.879270559189024],[135.0598038909369,33.8792816667156],[135.05979722426252,33.879078892077246]]],[[[135.05881111494102,33.879118332744895],[135.05893944190177,33.87933805420789],[135.05882444918905,33.879355000133216],[135.05872999968983,33.87923110772948],[135.05881111494102,33.879118332744895]]],[[[135.05913527916982,33.87942277484126],[135.05923666693866,33.879631386978986],[135.05906111477873,33.87958610791259],[135.05913527916982,33.87942277484126]]],[[[135.05589583662368,33.88021194612446],[135.05575749661125,33.880645829441505],[135.05533861218726,33.88059499975947],[135.05530500632108,33.88023999957636],[135.05589583662368,33.88021194612446]]],[[[135.06576221785213,33.88104610779169],[135.0657283403907,33.88123222518709],[135.06548527882262,33.8811758287016],[135.065606939109,33.88104055897469],[135.06576221785213,33.88104610779169]]],[[[135.07731416331808,33.88562361293941],[135.0774897280686,33.885973054413],[135.0772666674228,33.886023892188916],[135.0771383395628,33.88571361259318],[135.07731416331808,33.88562361293941]]],[[[135.07818555062272,33.88644110837049],[135.0775572239868,33.88615916191583],[135.07785444902368,33.885708053883604],[135.07821693876076,33.88590082896013],[135.07818555062272,33.88644110837049]]],[[[135.091257496936,33.88693110758459],[135.09106138807272,33.88692555876759],[135.0911222182159,33.8868127747898],[135.091257496936,33.88693110758459]]],[[[135.0827319464222,33.88706082939382],[135.08242111464278,33.887004441002205],[135.08250221820288,33.88677889193235],[135.08274527887158,33.88677889193235],[135.0827319464222,33.88706082939382]]],[[[135.09151916997382,33.88711277513454],[135.09141778220499,33.88714666698513],[135.09112861239566,33.8870833331294],[135.09139916983588,33.88698749507688],[135.09151916997382,33.88711277513454]]],[[[135.09443250305765,33.887585278937536],[135.09439194633137,33.88770916234802],[135.09420277573759,33.88760777457918],[135.09443250305765,33.887585278937536]]],[[[135.0940000001999,33.88760222486286],[135.09383111471425,33.88779389197458],[135.0937838913136,33.88766972078105],[135.0940000001999,33.88760222486286]]],[[[135.09587805442868,33.887816386716906],[135.09585778191115,33.888019441044435],[135.09552666682225,33.887980000376785],[135.09562138791682,33.88781082890671],[135.09587805442868,33.887816386716906]]],[[[135.09414861226867,33.887968613161036],[135.09401360604318,33.888115279096894],[135.09381778226486,33.88792361288449],[135.09414861226867,33.887968613161036]]],[[[135.09491221762482,33.887996666612935],[135.0949377817533,33.88813333298697],[135.09473639386954,33.88809249477288],[135.09471610876142,33.88800249511911],[135.09491221762482,33.887996666612935]]],[[[135.1024172237759,33.889507495274756],[135.1023766670496,33.8893552787232],[135.1025997276953,33.889389161580596],[135.1024172237759,33.889507495274756]]],[[[135.10338999974874,33.889654162109935],[135.10355221766076,33.889772494904776],[135.10338333307448,33.88982305389089],[135.10338999974874,33.889654162109935]]],[[[135.05684500629206,33.88536416212645],[135.05709500612966,33.885567225447176],[135.05688555132724,33.886029441005974],[135.05664916992328,33.8859505587713],[135.05684500629206,33.88536416212645]]],[[[135.07561269816756,33.904151053628254],[135.0745392475883,33.90420327905815],[135.07451839230998,33.90412638702321],[135.07560572032776,33.90408141372632],[135.07561269816756,33.904151053628254]]],[[[135.07643983073365,33.90628953173655],[135.07637836566914,33.90634174817319],[135.0756106099418,33.90566872073492],[135.07566975385612,33.905611666845004],[135.07643983073365,33.90628953173655]]],[[[135.070328611876,33.91371333270422],[135.0703758370753,33.913910829221436],[135.07013944218158,33.913815000162174],[135.070328611876,33.91371333270422]]],[[[135.07823917000178,33.913775829291126],[135.07814221768922,33.91398889217368],[135.07803639356473,33.91391638703169],[135.07805000030737,33.913786945810955],[135.07823917000178,33.913775829291126]]],[[[135.06947749708888,33.91387138675515],[135.06945027191261,33.91400666727395],[135.06931527917686,33.91392777514676],[135.06947749708888,33.91387138675515]]],[[[135.07560444868648,33.91820082920498],[135.07561138785536,33.918341946323835],[135.07526000024893,33.91830805357387],[135.07527778164433,33.91817805387416],[135.07560444868648,33.91820082920498]]],[[[135.07622194568626,33.92178610784265],[135.076253891404,33.921881387416136],[135.07605277601488,33.92189889182043],[135.0760391701716,33.921803053767974],[135.07622194568626,33.92178610784265]]],[[[135.0664774972388,33.92921582904734],[135.06633555094493,33.92934000024087],[135.06613250291275,33.92924416218841],[135.0664774972388,33.92895666691669],[135.0664774972388,33.92921582904734]]],[[[135.06768805396064,33.9316341617872],[135.06770833996802,33.93174138705541],[135.0674919459966,33.931735829245156],[135.06752583694788,33.931662494928275],[135.06768805396064,33.9316341617872]]],[[[135.06657722395983,33.931806387354925],[135.06660610928463,33.9316061083353],[135.06687639423023,33.931617224855074],[135.0668358366047,33.93176944140663],[135.06657722395983,33.931806387354925]]],[[[135.06605138766145,33.93175277517048],[135.06580805359886,33.93189361260022],[135.06562527898348,33.93175277517048],[135.0659027755927,33.931651107712526],[135.06605138766145,33.93175277517048]]],[[[135.0669711153248,33.93189361260022],[135.06684277577358,33.93198944076016],[135.06670055788447,33.93195555880203],[135.0666938912102,33.93185972074957],[135.0669711153248,33.93189361260022]]],[[[135.06651805396507,33.931888053890646],[135.06653833997245,33.93196694601778],[135.0664166670956,33.93208527881262],[135.06634888519295,33.93200082887523],[135.0664233328706,33.93187110796532],[135.06651805396507,33.931888053890646]]],[[[135.0636525288412,33.93333333276712],[135.06348861210984,33.93342110839751],[135.06329944241543,33.93340416157287],[135.06348861210984,33.93322944128573],[135.0636525288412,33.93333333276712]]],[[[135.07489610936807,33.93459389179475],[135.07484194589915,33.93469527866421],[135.07451749658526,33.93463333336172],[135.0747269387972,33.934509162168126],[135.07489610936807,33.93459389179475]]],[[[135.06313027184467,33.93484166670959],[135.06308972770887,33.9349883326455],[135.06275834012536,33.93493749486953],[135.06301527913195,33.93476833329203],[135.06313027184467,33.93484166670959]]],[[[135.06456596574674,33.937419026566886],[135.06448105085985,33.93743025190463],[135.06412878101844,33.93499341381505],[135.064213060984,33.934981225303375],[135.06456596574674,33.937419026566886]]],[[[135.07297555138064,33.94771749516633],[135.0729552788631,33.947976386601],[135.07246167336757,33.94792582941352],[135.07235999961438,33.947672225093186],[135.07297555138064,33.94771749516633]]],[[[135.09651255491053,33.94994744062194],[135.09647564223712,33.95001438705435],[135.0962227501799,33.94991080224179],[135.09626019525183,33.949842532007324],[135.09651255491053,33.94994744062194]]],[[[135.09771452670407,33.950510053795995],[135.09678325624236,33.950157972812235],[135.0968198829313,33.95009080244864],[135.09771452670407,33.950510053795995]]],[[[135.07395610918718,33.95077833325354],[135.0730905575832,33.947328333335975],[135.0755788845579,33.947999440721674],[135.07621444893778,33.94946500020967],[135.07395610918718,33.95077833325354]]],[[[135.0799473279069,33.9546337205698],[135.0798169783709,33.954653198086646],[135.0795588072932,33.95348994570446],[135.07968953274576,33.95346766679944],[135.0799473279069,33.9546337205698]]],[[[135.0793351620881,33.955187945767136],[135.0793642281767,33.95530282876257],[135.07920891076265,33.95535810829011],[135.07915272381922,33.95520063969781],[135.0793351620881,33.955187945767136]]],[[[135.07971228289557,33.95562505405303],[135.07972983136665,33.95552105375367],[135.07987907925622,33.95549691864795],[135.07988705624268,33.955590828553966],[135.07971228289557,33.95562505405303]]],[[[135.08041202289655,33.95565758612872],[135.08039797728486,33.95575646838637],[135.08017955893956,33.95569605372992],[135.08031211361322,33.95563341415078],[135.08041202289655,33.95565758612872]]],[[[135.0786633847075,33.95639255886954],[135.07857841765986,33.95650677456803],[135.07850503208158,33.95640182908119],[135.0786633847075,33.95639255886954]]],[[[135.0782869132105,33.95655174786492],[135.07803182860607,33.9566776133812],[135.07806588773065,33.956539467622406],[135.07818561627323,33.95648319794128],[135.0782869132105,33.95655174786492]]],[[[135.09566163437694,33.95680474784092],[135.09555588759417,33.95683972067661],[135.09522063562395,33.95668105418736],[135.0952605061675,33.956615278672245],[135.09566163437694,33.95680474784092]]],[[[135.09578727596204,33.9573116938796],[135.09546978020626,33.95730600027173],[135.0954054472037,33.95716019768503],[135.09575905343763,33.957156747885676],[135.09578727596204,33.9573116938796]]],[[[135.07622833986602,33.957911494919585],[135.07594927393995,33.957881748044315],[135.07601481203403,33.957777279198126],[135.07622833986602,33.957911494919585]]],[[[135.07155861194042,33.95859149480168],[135.071575887917,33.95822577469977],[135.07219702986913,33.95815680209478],[135.07188216642885,33.958556441026985],[135.07155861194042,33.95859149480168]]],[[[135.07278549855198,33.959661278844976],[135.0729101949496,33.959726494981794],[135.07271596566932,33.95983746772498],[135.0726084697052,33.95966266739822],[135.07278549855198,33.959661278844976]]],[[[135.06817547301978,33.960551586086865],[135.06709581082305,33.960280972888654],[135.06768808004097,33.95989227870575],[135.06817547301978,33.960551586086865]]],[[[135.07643805367331,33.960540829295894],[135.0762737996962,33.96052086524577],[135.07656561621025,33.96036130572975],[135.07657455277342,33.960505720662525],[135.07643805367331,33.960540829295894]]],[[[135.08528788622698,33.9658825594326],[135.08535114094252,33.966079467793236],[135.08522330681024,33.96607138738466],[135.08528788622698,33.9658825594326]]],[[[135.0786688067201,33.969388640173634],[135.07858355368808,33.96946725171233],[135.0784025030731,33.96945813528475],[135.07849894906735,33.96934653211679],[135.0786688067201,33.969388640173634]]],[[[135.07879494203303,33.96989374799813],[135.07853535722097,33.969590946265214],[135.07911929961608,33.96938689189159],[135.0792470815876,33.969860000039034],[135.07879494203303,33.96989374799813]]],[[[135.07862610870802,33.97044877539071],[135.0784472758212,33.970413801655695],[135.0785680538727,33.97029253167506],[135.07862610870802,33.97044877539071]]],[[[135.07885260656258,33.97032666724198],[135.07877719840906,33.97047694575451],[135.07866031082472,33.970388081045144],[135.07885260656258,33.97032666724198]]],[[[135.0759451883198,33.973768225223466],[135.07576260705878,33.97343000009448],[135.07615391736942,33.97341941417466],[135.0759451883198,33.973768225223466]]],[[[135.07520422789287,33.974250865285285],[135.07509538294562,33.974347667410996],[135.0750285597203,33.97422282892046],[135.07520422789287,33.974250865285285]]],[[[135.05958693938578,33.97785361325373],[135.0597491698884,33.978016946325056],[135.05975610905728,33.978208613436834],[135.05943138814814,33.977909999846645],[135.05958693938578,33.97785361325373]]],[[[135.06905619978386,33.9782979457936],[135.06850328130145,33.97823982890503],[135.06840730205545,33.97797035964442],[135.0688992483017,33.978061252325006],[135.06905619978386,33.9782979457936]]],[[[135.05997916970296,33.97832694623162],[135.0601077817488,33.97847361306685],[135.06006027236378,33.97854110808572],[135.05985083015173,33.97836082908907],[135.05997916970296,33.97832694623162]]],[[[135.0690129702724,33.97843069382151],[135.06904428016946,33.97853577510597],[135.06885199702208,33.978603558807265],[135.0688006097604,33.97838355855441],[135.0690129702724,33.97843069382151]]],[[[135.0691286896374,33.97898253221814],[135.0688590791832,33.978976972609246],[135.06895858557039,33.97886266697856],[135.0691286896374,33.97898253221814]]],[[[135.0752510888667,33.9791269462516],[135.07508944202425,33.97911266681615],[135.0749370303198,33.97900586512861],[135.07508652372417,33.97893277542727],[135.0752651884378,33.97902291897259],[135.0752510888667,33.9791269462516]]],[[[135.08094800264826,33.97913708071178],[135.0807101427589,33.97913694581342],[135.08074213973805,33.97899805361732],[135.08096510955227,33.9789843866202],[135.08094800264826,33.97913708071178]]],[[[135.06732871634722,33.97921266693106],[135.0673978076627,33.97949872058956],[135.06707905285612,33.97949982855431],[135.06732871634722,33.97921266693106]]],[[[135.06701800327835,33.979403801644196],[135.06706505760644,33.97953316192593],[135.06690352767578,33.97952889194488],[135.06691272414298,33.979422387033594],[135.06701800327835,33.979403801644196]]],[[[135.08609503226,33.98847008122931],[135.08597833982856,33.98851302655498],[135.08570503226144,33.988483775206134],[135.0858544753039,33.98838597303427],[135.08609503226,33.98847008122931]]],[[[135.0813553829446,33.98931246809599],[135.08114089463663,33.98926066714614],[135.08116691292275,33.98915446800436],[135.08148786027664,33.9891737206907],[135.0813553829446,33.98931246809599]]],[[[135.08712399517628,33.991698891990325],[135.08195758787247,33.989897495073365],[135.08690069980753,33.98864438692897],[135.08712399517628,33.991698891990325]]],[[[135.1072696112036,33.99114053171024],[135.1071112190076,33.992128134805625],[135.10704775564943,33.992121081422795],[135.1072062782472,33.99113202682162],[135.1072696112036,33.99114053171024]]],[[[135.11197357991682,33.993963251802654],[135.11203639396444,33.99408594630944],[135.1118890526377,33.99412989168121],[135.11186202261433,33.993969467916656],[135.11197357991682,33.993963251802654]]],[[[135.1035566666069,33.994240278965776],[135.10337593974793,33.99443191909785],[135.1033018032357,33.994203081207274],[135.1035566666069,33.994240278965776]]],[[[135.10380377422484,33.9943956404465],[135.10375291756316,33.99451625212339],[135.10362005172408,33.99449094610031],[135.10370286579473,33.9943785857032],[135.10380377422484,33.9943956404465]]],[[[135.10319856016554,33.99561349516671],[135.1029353313006,33.995549279076045],[135.10292766458008,33.99546700010205],[135.10312810637708,33.99548774836097],[135.10319856016554,33.99561349516671]]],[[[135.11575572015045,33.997800306439046],[135.11559469473946,33.997942413711485],[135.11552775640087,33.99776025243375],[135.11575572015045,33.997800306439046]]],[[[135.09261355407227,34.00165200023969],[135.09279780807242,34.001743694216145],[135.0927019969996,34.00184569442331],[135.0925442801945,34.001763919069674],[135.09261355407227,34.00165200023969]]],[[[135.08823549876934,34.00186089206659],[135.08776066122562,34.002028053551896],[135.0869665499664,34.0017419459341],[135.08707055835964,34.0013304143672],[135.0878000002699,34.001437252027586],[135.08823549876934,34.00186089206659]]],[[[135.08852411189832,34.00251991885921],[135.08814938958278,34.002089161585616],[135.08863355399535,34.00185997295944],[135.08889291757419,34.002397162299246],[135.08852411189832,34.00251991885921]]],[[[135.08883050642282,34.00260658562547],[135.08892496761325,34.00240802700887],[135.08913263276486,34.00218966711947],[135.08917072624808,34.00242608089894],[135.0889681971247,34.002605973187144],[135.08883050642282,34.00260658562547]]],[[[135.08990810557464,34.003423440739255],[135.0893369389487,34.002217135112744],[135.0923926068334,34.00167219811351],[135.09219469482935,34.00326435966252],[135.09179577175757,34.00303025174475],[135.0908153830236,34.00340130572573],[135.08990810557464,34.003423440739255]]],[[[135.09152313868196,34.003281134716644],[135.09129780814737,34.00342858576067],[135.0913082753567,34.003266748261865],[135.09152313868196,34.003281134716644]]],[[[135.09371691340493,34.007851919230745],[135.09136632929278,34.005156332698675],[135.09309814476364,34.00295222476541],[135.09986092064503,34.0028243060969],[135.10181834004447,34.004974162427686],[135.09501364496384,34.00589394584898],[135.09371691340493,34.007851919230745]]],[[[135.27225306083017,33.776922495177075],[135.27231389097335,33.77708582914772],[135.27215194555595,33.777164721274914],[135.2720505577871,33.777018333229535],[135.27225306083017,33.776922495177075]]],[[[135.2730627762262,33.777796387093645],[135.2727930605514,33.77772305367603],[135.27308972800859,33.777570829030594],[135.2730627762262,33.777796387093645]]],[[[135.27252972826443,33.77780194580322],[135.27250277558267,33.7779486126384],[135.27234083016526,33.777954162354774],[135.27228693919096,33.777824441444864],[135.27252972826443,33.77780194580322]]],[[[135.25680389068702,33.78173055861845],[135.25666083013323,33.78188389212795],[135.25652277610527,33.78186027862898],[135.25667693878972,33.78174110766605],[135.25680389068702,33.78173055861845]]],[[[135.21962778159696,33.80533805370828],[135.2197561085576,33.80470138675963],[135.2204038911267,33.804881386966485],[135.21962778159696,33.80533805370828]]],[[[135.327178054024,33.738444441158094],[135.32727472125146,33.73861527907195],[135.32711360590827,33.738682495300964],[135.32704749674463,33.73852499972901],[135.327178054024,33.738444441158094]]],[[[135.320705006431,33.739123054285585],[135.32067916980793,33.7394633325668],[135.32052527871872,33.739488892198665],[135.32051555075213,33.73916805366281],[135.320705006431,33.739123054285585]]],[[[135.32726639442865,33.744648891832924],[135.32732167305687,33.744764720915214],[135.32724055780557,33.744884999842895],[135.32712111524734,33.74482055892173],[135.32726639442865,33.744648891832924]]],[[[135.31566444935493,33.74857361328168],[135.3157386119475,33.74887249486977],[135.31544194628884,33.74876527859476],[135.31566444935493,33.74857361328168]]],[[[135.3141531647368,33.752722559098856],[135.3146916338119,33.74991849544227],[135.3161613877379,33.75042533266304],[135.3141531647368,33.752722559098856]]],[[[135.29920778221344,33.76398582938259],[135.29856944162646,33.76361555871114],[135.29899027218335,33.76343527881511],[135.29920778221344,33.76398582938259]]],[[[135.2955583396457,33.76384833293429],[135.295637782158,33.763935559078845],[135.29554389113775,33.7641522246455],[135.29537834033817,33.764061946201934],[135.2955583396457,33.76384833293429]]],[[[135.2959522184202,33.76387527932076],[135.2958608302132,33.76418194633982],[135.29570221768324,33.76411833279485],[135.2959522184202,33.76387527932076]]],[[[135.29614944244292,33.76408666676633],[135.2961111151359,33.764202225152644],[135.29600833971313,33.76417499997632],[135.2960580542359,33.764054999838436],[135.29614944244292,33.76408666676633]]],[[[135.29628167336057,33.76457833332347],[135.2961052794352,33.76496610839922],[135.2958436063974,33.76460944087307],[135.29628167336057,33.76457833332347]]],[[[135.304551388336,33.76535555891195],[135.3046052793103,33.7656036126167],[135.30413277640662,33.765389162080226],[135.30434888529294,33.765219999603346],[135.304551388336,33.76535555891195]]],[[[135.29627083023468,33.76592110837248],[135.2963466673649,33.76610416177772],[135.2961244493839,33.76612389200409],[135.29627083023468,33.76592110837248]]],[[[135.30484138821953,33.76640972083203],[135.30467277612775,33.766528053626814],[135.3044905581928,33.76648305424959],[135.30461194598456,33.766302494664444],[135.30484138821953,33.76640972083203]]],[[[135.3060022178281,33.766742225373434],[135.30576610891887,33.76642110804772],[135.3061305582787,33.76638722519033],[135.3060022178281,33.766742225373434]]],[[[135.28748527942219,33.77285305392536],[135.2873322184072,33.772651945730786],[135.28756027208897,33.77250333276265],[135.28780333275768,33.77274389241677],[135.28748527942219,33.77285305392536]]],[[[135.44896333269173,33.545819874287815],[135.449003760815,33.545961864648405],[135.44883289232416,33.54589851370548],[135.44896333269173,33.545819874287815]]],[[[135.4522222176813,33.5482611082636],[135.45237027217036,33.54838527855782],[135.45220194606304,33.548424721024105],[135.4522222176813,33.5482611082636]]],[[[135.4527513877664,33.54820110819463],[135.4529130606893,33.548471667433546],[135.45275277631958,33.54851666681077],[135.45256666701812,33.548337774568665],[135.4527513877664,33.54820110819463]]],[[[135.4459872242311,33.548802775327886],[135.44593167310825,33.54890527915535],[135.4456758366706,33.54883194573773],[135.44575666683681,33.54870222482788],[135.4459872242311,33.548802775327886]]],[[[135.44572861158622,33.54919694638204],[135.44587000030037,33.549298333251556],[135.44572194581121,33.54941666694566],[135.44563444897074,33.549309721366626],[135.44572861158622,33.54919694638204]]],[[[135.44600221772828,33.55093249493876],[135.4460774972788,33.55102222479587],[135.44583000025432,33.55107277478879],[135.4457550057889,33.5509916667321],[135.44600221772828,33.55093249493876]]],[[[135.4466074974381,33.551166666708355],[135.4464544490137,33.55131582916226],[135.44617693891462,33.55127333259827],[135.44627778169433,33.55115333335971],[135.4466074974381,33.551166666708355]]],[[[135.44646438382426,33.55236727872699],[135.44642194571634,33.55251194636929],[135.446320830442,33.552461107694],[135.44633444887575,33.55237666674981],[135.44646438382426,33.55236727872699]]],[[[135.4465627759514,33.55304749534571],[135.4466236060946,33.553086945905875],[135.4466302718696,33.55331249497573],[135.44652250341085,33.55326166709233],[135.44647583669052,33.5530813871963],[135.4465627759514,33.55304749534571]]],[[[135.44681861238917,33.553137774688594],[135.44692639433765,33.553323892083995],[135.44679167319725,33.55334638682632],[135.44681861238917,33.553137774688594]]],[[[135.4468388849067,33.553493053661555],[135.4467783398486,33.55367333265821],[135.44665027189262,33.55354361264767],[135.4468388849067,33.553493053661555]]],[[[135.44763972759142,33.55498110789188],[135.44758583661712,33.55510527908541],[135.44745805374623,33.55510527908541],[135.44750500555165,33.55495305443998],[135.44763972759142,33.55498110789188]]],[[[135.4426802722768,33.55579833262698],[135.442781387551,33.555911107611564],[135.44268693895117,33.55596194628686],[135.44259277633557,33.55585472101859],[135.4426802722768,33.55579833262698]]],[[[135.44357416331707,33.55631722525982],[135.4437747211265,33.55650889237154],[135.44351861219423,33.556561667287156],[135.44357416331707,33.55631722525982]]],[[[135.44438944191927,33.55662722516638],[135.4445374973077,33.556728891725015],[135.4444230612753,33.55683582921023],[135.44432221759632,33.55671749461675],[135.44438944191927,33.55662722516638]]],[[[135.4427969781981,33.55698061286506],[135.44239243796073,33.55657069378253],[135.44314155613802,33.55654080211639],[135.4427969781981,33.55698061286506]]],[[[135.44371666719053,33.556993892254354],[135.44353500593581,33.55717416225781],[135.44346778161287,33.55707277538835],[135.44371666719053,33.556993892254354]]],[[[135.43228389088893,33.566261666742605],[135.43237805440378,33.56639138675314],[135.43234444943687,33.56656610793959],[135.43214250307415,33.56643082921943],[135.43228389088893,33.566261666742605]]],[[[135.43249916970103,33.56674082912599],[135.43257333319286,33.56684249478536],[135.43253972822595,33.56694944126377],[135.43239834041117,33.56690444098723],[135.43249916970103,33.56674082912599]]],[[[135.4214500001175,33.57002749507291],[135.4212547213284,33.57014582876701],[135.42123444881088,33.57004444099823],[135.4214500001175,33.57002749507291]]],[[[135.4112225033159,33.57394749508086],[135.41092055773765,33.57394277543881],[135.4106913879972,33.57357249487478],[135.41134500626708,33.573694162355764],[135.4112225033159,33.57394749508086]]],[[[135.4131011151244,33.57367916166402],[135.41320639425976,33.57385749542715],[135.4130583397706,33.5740241622853],[135.41283167284348,33.57388694642549],[135.4131011151244,33.57367916166402]]],[[[135.41133444912555,33.57413027868944],[135.41128416263405,33.57432610786361],[135.41097444871195,33.57447277469885],[135.41100138790375,33.574140000360785],[135.41133444912555,33.57413027868944]]],[[[135.41137833963876,33.5746530536955],[135.4112280539316,33.57454305401876],[135.4114502719126,33.57427777469957],[135.41156221772223,33.57453944144214],[135.41137833963876,33.5746530536955]]],[[[135.40898055820628,33.57491500012719],[135.40878555101244,33.57505582856368],[135.40875194604553,33.57494305357909],[135.40898055820628,33.57491500012719]]],[[[135.41163639380454,33.574744720692365],[135.41188972832833,33.574980000426706],[135.41170577200387,33.57516010765289],[135.41133389064657,33.57492082863337],[135.41163639380454,33.574744720692365]]],[[[135.40912143970274,33.57510238736535],[135.40908535710366,33.575245919163876],[135.40897705624616,33.57517605443144],[135.40912143970274,33.57510238736535]]],[[[135.41736688737205,33.57535569401011],[135.41676099882113,33.575340359669894],[135.41696333279162,33.57490361291144],[135.41736688737205,33.57535569401011]]],[[[135.404956471564,33.577673666906264],[135.40477082990992,33.577537333281384],[135.40486557708482,33.57741758585297],[135.405062361339,33.57751619831396],[135.404956471564,33.577673666906264]]],[[[135.40463175065486,33.57830766736498],[135.40468269814812,33.57772869372428],[135.40507182940144,33.57801955875567],[135.40463175065486,33.57830766736498]]],[[[135.40475914411923,33.57901825229055],[135.40500219219746,33.57922472134385],[135.4048640599285,33.57934500027159],[135.40463466895483,33.579248225125525],[135.40475914411923,33.57901825229055]]],[[[135.40334649804254,33.581115332806405],[135.4031254986429,33.58110116218893],[135.4032264196636,33.58090502724525],[135.40334649804254,33.581115332806405]]],[[[135.40240919582777,33.58135819832222],[135.4029090534101,33.58166989165221],[135.40266457810787,33.58199149461183],[135.40221452677906,33.5815016941479],[135.40240919582777,33.58135819832222]]],[[[135.40256994784488,33.58194616158613],[135.40241136229463,33.581997135159725],[135.40242788643786,33.58183289197444],[135.40256994784488,33.58194616158613]]],[[[135.40274861165915,33.58214105366676],[135.40310647168633,33.58224191892947],[135.40284427973984,33.582430774760496],[135.40274861165915,33.58214105366676]]],[[[135.402671582028,33.58242141371733],[135.40241338486987,33.582453667003165],[135.40243263305968,33.58234830602953],[135.402671582028,33.58242141371733]]],[[[135.4025374967082,33.58295622524963],[135.4023405056099,33.582776639630254],[135.402560855699,33.582689999843694],[135.4026618936316,33.58283744099515],[135.4025374967082,33.58295622524963]]],[[[135.39844788636094,33.58423180205608],[135.39828185532338,33.584174386638665],[135.39833902702458,33.58407105363625],[135.39847722404477,33.58418200029911],[135.39844788636094,33.58423180205608]]],[[[135.39766221793707,33.584385828942914],[135.39768916971946,33.58452110766302],[135.39756111525332,33.5844986129207],[135.39766221793707,33.584385828942914]]],[[[135.39126389141552,33.59063797336381],[135.39135311315567,33.590270279250035],[135.39164233512577,33.59049044138084],[135.39126389141552,33.59063797336381]]],[[[135.3909080800439,33.59104638698125],[135.39089208829932,33.590886640406154],[135.39113941625112,33.59086153223399],[135.3911802463714,33.590936559074976],[135.3909080800439,33.59104638698125]]],[[[135.3907976388001,33.591309224641066],[135.39087871627976,33.59114713533211],[135.39098680939378,33.591237224918075],[135.3907976388001,33.591309224641066]]],[[[135.390810311147,33.59277069401236],[135.39095277634965,33.59282758602433],[135.39091713441826,33.59303991865738],[135.3906216990323,33.59281249540038],[135.390810311147,33.59277069401236]]],[[[135.38601927367063,33.60094346836644],[135.38614697830042,33.60104780231427],[135.38625069981003,33.60129699995662],[135.3861565893552,33.60133458622221],[135.38601927367063,33.60094346836644]]],[[[135.3864391959122,33.60182377514718],[135.38669075157702,33.60190644082962],[135.38645868961692,33.60205236032823],[135.3864391959122,33.60182377514718]]],[[[135.38676055785356,33.602148612968165],[135.38670666687926,33.60228389168833],[135.38653833987257,33.6023008286204],[135.38654500564758,33.60214305425859],[135.38676055785356,33.602148612968165]]],[[[135.38726219159696,33.60496446763614],[135.38725552492258,33.60515613474786],[135.38705330696462,33.605099748154885],[135.38726219159696,33.60496446763614]]],[[[135.38874169867051,33.60562972133465],[135.38858713398906,33.60567997275257],[135.38843488955854,33.605633774579076],[135.3884840860718,33.60550625161227],[135.38866702975963,33.60550644136924],[135.38874169867051,33.60562972133465]]],[[[135.3881148379295,33.6060508288827],[135.3882389110969,33.60587219834332],[135.38831830144852,33.60602877480818],[135.3881148379295,33.6060508288827]]],[[[135.38688313904572,33.60692474777892],[135.3868735019106,33.6070962520904],[135.3867939433859,33.60708816178931],[135.3868011667405,33.60694491867309],[135.38688313904572,33.60692474777892]]],[[[135.39038344973653,33.60917230555748],[135.39044725034034,33.609399494990726],[135.3901607263365,33.60936886498121],[135.39018094669336,33.609128945644386],[135.39038344973653,33.60917230555748]]],[[[135.39166442337455,33.61142280232053],[135.39151313941989,33.611428252212136],[135.39143830143655,33.611120613025946],[135.3917473930278,33.61124174810823],[135.39166442337455,33.61142280232053]]],[[[135.39189269828944,33.612645161744865],[135.39176403408294,33.61241472126244],[135.39209797664034,33.61247722504396],[135.39189269828944,33.612645161744865]]],[[[135.3918064982713,33.613464080802714],[135.39161983139013,33.6135788019202],[135.3915722176838,33.613489558596314],[135.3918064982713,33.613464080802714]]],[[[135.39222014324503,33.61397097288216],[135.39195858621986,33.61372641394291],[135.3923638648006,33.613654999678545],[135.39222014324503,33.61397097288216]]],[[[135.39346525281928,33.61641413500439],[135.39362905263874,33.61655755888427],[135.39352810643697,33.61660855943751],[135.39346525281928,33.61641413500439]]],[[[135.3893794421076,33.61873738692094],[135.38946433181354,33.61826722495255],[135.38970830079745,33.61833144104321],[135.3893794421076,33.61873738692094]]],[[[135.38934586322102,33.61820974838122],[135.3892212837353,33.61871469432771],[135.38906080421282,33.6185771079472],[135.38934586322102,33.61820974838122]]],[[[135.38928372186638,33.61915319836146],[135.38909810629264,33.61920116190413],[135.38918360573882,33.61899925241363],[135.38935069977504,33.619039107668755],[135.38928372186638,33.61915319836146]]],[[[135.38979778244175,33.6200524952265],[135.3896766671445,33.62018805363584],[135.38957555097102,33.6200524952265],[135.38979778244175,33.6200524952265]]],[[[135.38898277633416,33.620340279180596],[135.38903666730846,33.620148612968194],[135.3891916726576,33.62027805418893],[135.38898277633416,33.620340279180596]]],[[[135.39228147880726,33.626639162267566],[135.3922478603505,33.626503891641335],[135.39240286569975,33.626436107940094],[135.39244980491458,33.62661666662592],[135.39228147880726,33.626639162267566]]],[[[135.39311474744773,33.62659486526087],[135.39318891093956,33.62667958589424],[135.39307447490717,33.62676402683843],[135.39299364474095,33.62673013498778],[135.39311474744773,33.62659486526087]]],[[[135.39141255474567,33.62813446773157],[135.39111333321387,33.628001332995154],[135.39139868989764,33.62786758582047],[135.39141255474567,33.62813446773157]]],[[[135.39355150499807,33.63015286476298],[135.3933451879301,33.62986197275188],[135.39371406015584,33.629769559317765],[135.39355150499807,33.63015286476298]]],[[[135.3897691444305,33.63173422455486],[135.38993686079755,33.63123269423352],[135.39092841821196,33.63113019760061],[135.39098555124224,33.631449531570695],[135.3897691444305,33.63173422455486]]],[[[135.38901055819076,33.63415477502292],[135.38882919641037,33.63410122489165],[135.38920674439578,33.63389310828035],[135.38922880656423,33.63406677456203],[135.38901055819076,33.63415477502292]]],[[[135.3898699215597,33.634843278894266],[135.3897582230636,33.63505313479436],[135.38968496788698,33.63500872087582],[135.3898699215597,33.634843278894266]]],[[[135.39224888467834,33.635420694009895],[135.39073486432255,33.63552253233905],[135.39114367094373,33.634287559023676],[135.39224888467834,33.635420694009895]]],[[[135.38984364516818,33.63565880211206],[135.38984749696442,33.63507886529743],[135.3902311666351,33.63498455879039],[135.38984364516818,33.63565880211206]]],[[[135.38078910533306,33.647972054266916],[135.38048700417198,33.64753033335825],[135.3811736059772,33.647442892275706],[135.38126555086455,33.647805278590795],[135.38078910533306,33.647972054266916]]],[[[135.37789405996295,33.65027555887002],[135.37771542222902,33.65012558612693],[135.3778311928553,33.65003869363085],[135.37796418909613,33.650188107894905],[135.37789405996295,33.65027555887002]]],[[[135.37103610882946,33.651334999810445],[135.37103610882946,33.65148833332],[135.37087472099165,33.65141638665699],[135.37103610882946,33.651334999810445]]],[[[135.37088861192,33.651816108326784],[135.3707566669866,33.65171082919147],[135.3709333334067,33.65165333283511],[135.37088861192,33.651816108326784]]],[[[135.34831639388653,33.65675389177875],[135.3483861093315,33.656640278626014],[135.34863916956203,33.6565791615991],[135.34863167281355,33.65668333276966],[135.34831639388653,33.65675389177875]]],[[[135.34853194609252,33.65687389191663],[135.34844416326757,33.65695361321872],[135.34826083017322,33.65693833283785],[135.34840888466238,33.656795278579295],[135.34853194609252,33.65687389191663]]],[[[135.34364444913206,33.65824944095897],[135.34352972801457,33.65802972129467],[135.34394778236435,33.65799027882838],[135.34393805439777,33.65823361289097],[135.34364444913206,33.65824944095897]]],[[[135.34627000006049,33.65792944059126],[135.34631544730007,33.65821430624527],[135.34588306135424,33.658193054365995],[135.34627000006049,33.65792944059126]]],[[[135.34141277607887,33.65981082860691],[135.34121472108257,33.65954364002704],[135.34176749657274,33.65953666668389],[135.34141277607887,33.65981082860691]]],[[[135.34126833956225,33.660143054358514],[135.34143917028155,33.660287224675756],[135.34127389107732,33.66036472105509],[135.34109888480577,33.660200279119636],[135.34126833956225,33.660143054358514]]],[[[135.33857306059838,33.6629688924005],[135.33727944159307,33.66258833258553],[135.33811583717625,33.66198694604077],[135.33857306059838,33.6629688924005]]],[[[135.33463944215657,33.66538249470642],[135.33469999980525,33.665511945819674],[135.33445722422164,33.665619162094686],[135.3343747213164,33.665476107836184],[135.33463944215657,33.66538249470642]]],[[[135.32940472055145,33.66987333308788],[135.3294374972428,33.67000638688529],[135.32923610935904,33.669991945571894],[135.32920834009292,33.66989916161708],[135.32940472055145,33.66987333308788]]],[[[135.33042972824944,33.67176194625688],[135.33046444927493,33.67185805410594],[135.33025888493967,33.671936667443276],[135.33027610875547,33.67174166744405],[135.33042972824944,33.67176194625688]]],[[[135.3315570041525,33.67453549501715],[135.33140644595073,33.67408744108258],[135.33178713436882,33.674113864962976],[135.33195369600628,33.674379279180414],[135.3315570041525,33.67453549501715]]],[[[135.33235083032662,33.67458722492057],[135.33228917010922,33.67474055932939],[135.33210805384363,33.67469027913313],[135.33235083032662,33.67458722492057]]],[[[135.35942856008,33.68604008128477],[135.36079844429287,33.68492025176823],[135.3611807263095,33.685733613015884],[135.35942856008,33.68604008128477]]],[[[135.36663486360817,33.68855213507305],[135.3663792223233,33.68764786495706],[135.36455180262362,33.68687974770222],[135.36650966269087,33.686373828689284],[135.36753914361668,33.687285892330124],[135.36663486360817,33.68855213507305]]],[[[135.33688861241956,33.68965472098864],[135.33691834040917,33.689820000192924],[135.33672972829436,33.689780558625955],[135.3367027756127,33.68964527900647],[135.33688861241956,33.68965472098864]]],[[[135.33647658892346,33.6906614949321],[135.33618291800735,33.690475775037044],[135.3363060567791,33.69005927921239],[135.3358719459336,33.68964649488987],[135.33628885904363,33.689505440723565],[135.33652204875364,33.6897578651334],[135.33662807972212,33.69035813472021],[135.33647658892346,33.6906614949321]]],[[[135.37159836587193,33.6925025861255],[135.3721964204285,33.691761026750044],[135.37199588780004,33.6910562793239],[135.37304627796345,33.691320892245415],[135.37227302198244,33.692204720771315],[135.37159836587193,33.6925025861255]]],[[[135.3265344488059,33.69222166669664],[135.32675666678676,33.69264444068841],[135.3263388849316,33.69271222528903],[135.3265344488059,33.69222166669664]]],[[[135.36019474738976,33.69314263992095],[135.35993810605885,33.69301830595009],[135.36015844355734,33.69279908091289],[135.36031700392664,33.69291433263038],[135.36019474738976,33.69314263992095]]],[[[135.33546194591213,33.695897495373174],[135.33556306118635,33.69615694618619],[135.3351450059373,33.696348613297914],[135.33502360555497,33.696111667119794],[135.33546194591213,33.695897495373174]]],[[[135.36432722392226,33.69736366729944],[135.36289747094156,33.69681780219986],[135.36425808044612,33.696052224630535],[135.36432722392226,33.69736366729944]]],[[[135.36084230872564,33.69747019829106],[135.36047119269142,33.697218468157814],[135.36068302170418,33.696896667347346],[135.36090077814845,33.69730135957013],[135.36084230872564,33.69747019829106]]],[[[135.35946027197406,33.69807666690468],[135.35948194563537,33.698493613289656],[135.35933333266723,33.69851638682184],[135.3592897281385,33.69817361292195],[135.35946027197406,33.69807666690468]]],[[[135.35980413675156,33.69856953225815],[135.3598387813347,33.69886013468749],[135.35967063599116,33.69893274774819],[135.35965647166893,33.69863710821602],[135.35980413675156,33.69856953225815]]],[[[135.33502527919336,33.69938527940718],[135.33492360633943,33.699650000247345],[135.33477138798924,33.69947361261717],[135.33502527919336,33.69938527940718]]],[[[135.58687058411022,33.49661589220972],[135.58693780843316,33.49672310758541],[135.58676280216162,33.496773946260646],[135.5867697539211,33.49666116228286],[135.58687058411022,33.49661589220972]]],[[[135.59262708157462,33.49765016202542],[135.59273147937438,33.497144494822635],[135.5930087808306,33.497291107698516],[135.59262708157462,33.49765016202542]]],[[[135.589135550965,33.497659828838096],[135.589121946021,33.49780094595695],[135.5890008298245,33.497755666890555],[135.589135550965,33.497659828838096]]],[[[135.59083632903344,33.49826172080185],[135.59074250276433,33.498395585787705],[135.5905953826708,33.498401945793205],[135.59073741889688,33.49823408103805],[135.59083632903344,33.49826172080185]]],[[[135.5885647728461,33.498732828857044],[135.58860352823035,33.49796186524793],[135.58891024561137,33.498008306238376],[135.58888788576735,33.49852753162031],[135.5885647728461,33.498732828857044]]],[[[135.5941391054355,33.49829216195377],[135.59412936397905,33.49865199959015],[135.59397299615694,33.49871910790057],[135.59385922202557,33.49837341390196],[135.5941391054355,33.49829216195377]]],[[[135.59376780773823,33.49852386508434],[135.59380466915024,33.49883425169941],[135.5936778863255,33.49871580199272],[135.59376780773823,33.49852386508434]]],[[[135.6287738653217,33.49891972056872],[135.62850788633,33.49901413499441],[135.62843800271173,33.49888761297302],[135.62875583661264,33.498808306258354],[135.6287738653217,33.49891972056872]]],[[[135.5890080801588,33.498916197924245],[135.58857603055947,33.498820748378876],[135.58889907872958,33.49862327884131],[135.5890080801588,33.498916197924245]]],[[[135.58800608341403,33.49919155864359],[135.5877926976749,33.49939149502154],[135.58767791180628,33.499227829201004],[135.58800608341403,33.49919155864359]]],[[[135.58762022029703,33.499456586152576],[135.5875136956006,33.49962866692948],[135.58732858634528,33.499592559149335],[135.58762022029703,33.499456586152576]]],[[[135.59001894871562,33.49949749541315],[135.58993900078428,33.49978072070377],[135.5897574708307,33.49966213519946],[135.59001894871562,33.49949749541315]]],[[[135.62659033657485,33.49961189187536],[135.62649878109391,33.49977961273896],[135.6264125028348,33.4996608293838],[135.62647642035063,33.49950072128132],[135.62659033657485,33.49961189187536]]],[[[135.62700847006488,33.49977863967251],[135.626702476638,33.49968889182895],[135.62693058427908,33.4994755591498],[135.62700847006488,33.49977863967251]]],[[[135.58805830075005,33.499718946272424],[135.58787291810074,33.49992208063958],[135.58778496800198,33.499776694438935],[135.58821518838033,33.499470027419875],[135.5882983918574,33.499639305909284],[135.58805830075005,33.499718946272424]]],[[[135.6256912186749,33.499758027211215],[135.62573527915993,33.499826414357585],[135.6255410507789,33.49994264004084],[135.6255753311367,33.49978127918274],[135.6256912186749,33.499758027211215]]],[[[135.6267592220605,33.499876135175555],[135.6268065497825,33.50008261322205],[135.62653396886765,33.50005799967698],[135.6267592220605,33.499876135175555]]],[[[135.58827408588047,33.50026708126086],[135.58893202269473,33.49980022520026],[135.5889586902914,33.499096054239544],[135.5894184695868,33.49917108108059],[135.5890286899222,33.50003163964851],[135.58827408588047,33.50026708126086]]],[[[135.62425055781705,33.500232162384464],[135.6242698311878,33.500353278580974],[135.6240674972173,33.50040169358334],[135.62406992178956,33.50023419844956],[135.62425055781705,33.500232162384464]]],[[[135.6236345527924,33.50067341384704],[135.6234956156302,33.5005221982409],[135.62351333317383,33.50033502684005],[135.62376255509787,33.50038180237834],[135.62359435759356,33.500546720954446],[135.6236345527924,33.50067341384704]]],[[[135.61980922171824,33.5009782786247],[135.6197350582264,33.501102440825036],[135.61963422803728,33.50106272136753],[135.6197350582264,33.50095577488918],[135.61980922171824,33.5009782786247]]],[[[135.5941415821684,33.501272080841886],[135.59423481218687,33.50109219844626],[135.59430167318374,33.50117772127487],[135.5941415821684,33.501272080841886]]],[[[135.620541971335,33.50131038656514],[135.62047224419882,33.501447332628345],[135.62034002587154,33.50132177468021],[135.620541971335,33.50131038656514]]],[[[135.62604642030612,33.50195761335323],[135.62479116727866,33.500755279132875],[135.6266711145803,33.50025830567631],[135.62604642030612,33.50195761335323]]],[[[135.62168061017212,33.5021517751843],[135.62123250317757,33.502248413633424],[135.62094644592185,33.50190830622341],[135.62164130979863,33.50202382863682],[135.62168061017212,33.5021517751843]]],[[[135.59109053230225,33.5023995860721],[135.58924155585316,33.499999999700265],[135.59011311312975,33.499853721372176],[135.59075080440618,33.49896555901341],[135.59265535715906,33.49782558558235],[135.59346561574569,33.50053635986518],[135.59109053230225,33.5023995860721]]],[[[135.5884601691016,33.50306758630012],[135.58838374831134,33.50318725189021],[135.58820880679104,33.50314458625371],[135.58833061006965,33.50304997307785],[135.5884601691016,33.50306758630012]]],[[[135.588642943717,33.50291725202959],[135.58870494207952,33.50305733312945],[135.58851780755083,33.50318441362981],[135.588642943717,33.50291725202959]]],[[[135.58744406019525,33.50414622506827],[135.58714752313972,33.503970305984865],[135.5872191964088,33.50376272087294],[135.58753658874264,33.503618467818114],[135.58744406019525,33.50414622506827]]],[[[135.59817844368024,33.50419853233643],[135.59806958524325,33.50443361332066],[135.59794605706497,33.50438186543079],[135.59805702980816,33.504225720640534],[135.59817844368024,33.50419853233643]]],[[[135.59751905266216,33.50450980208575],[135.59770630410276,33.504388945793266],[135.5977423606215,33.50450297263416],[135.59751905266216,33.50450980208575]]],[[[135.59768885905362,33.50470372109987],[135.59738647190818,33.50466474807973],[135.59729924756232,33.504583864853544],[135.5977388586615,33.50458482892674],[135.59768885905362,33.50470372109987]]],[[[135.62803616133988,33.5049337478942],[135.6281724769783,33.50475161269679],[135.6283077170276,33.504793747733345],[135.62815503192928,33.50491597279398],[135.62803616133988,33.5049337478942]]],[[[135.62892946782074,33.50497616172055],[135.6289446690613,33.50512277459643],[135.62883055768418,33.50514827936962],[135.62884070023824,33.50499316160517],[135.62892946782074,33.50497616172055]]],[[[135.60288360579386,33.50535180224392],[135.60267902711553,33.50524772100556],[135.60278041488425,33.50511186492071],[135.60291411169692,33.50524519840724],[135.60288360579386,33.50535180224392]]],[[[135.57710005172612,33.505298666700185],[135.57705888525936,33.50550180196666],[135.5769902463029,33.50546858640621],[135.57702992169357,33.5053344408318],[135.57710005172612,33.505298666700185]]],[[[135.63289946833584,33.5055529464114],[135.63272619955455,33.50572844101481],[135.6325891051032,33.50563310838129],[135.63289946833584,33.5055529464114]]],[[[135.6104421917538,33.50583458619724],[135.61023325586018,33.505819305816374],[135.61029355360472,33.50573591887763],[135.61050530527564,33.50572416204051],[135.6104421917538,33.50583458619724]]],[[[135.5952364204245,33.5057915590333],[135.59524267161203,33.50587505389069],[135.59499593991075,33.505806162224644],[135.5950295853471,33.505723694393055],[135.5952364204245,33.5057915590333]]],[[[135.6286600777005,33.505819440714674],[135.62857131011788,33.50591097281318],[135.62846155595605,33.50578164041042],[135.62847549904507,33.50570074819103],[135.6286761350956,33.505738667205776],[135.6286600777005,33.505819440714674]]],[[[135.57756613526897,33.50572763971883],[135.57763325616986,33.50587455926353],[135.577416693126,33.50588477466266],[135.57756613526897,33.50572763971883]]],[[[135.59675846992752,33.50582425208762],[135.59677344993486,33.50597222473846],[135.59660516159897,33.505938386847106],[135.59675846992752,33.50582425208762]]],[[[135.57779185520997,33.50592694567206],[135.57785133637014,33.50571741442718],[135.57794133602386,33.50588222508469],[135.57779185520997,33.50592694567206]]],[[[135.62913727596458,33.50565063976529],[135.6291135023863,33.506000558778794],[135.62866691344732,33.505936775262],[135.6289750058919,33.505515279206804],[135.62913727596458,33.50565063976529]]],[[[135.62941555138661,33.50571205356846],[135.62937496768063,33.505976946179146],[135.62920252897356,33.506023666858766],[135.62941555138661,33.50571205356846]]],[[[135.61449561607992,33.50617016192348],[135.6145241632596,33.506068134736665],[135.61440236088026,33.50594058568953],[135.61458505815392,33.505907108426356],[135.61463455324213,33.5060234950883],[135.61449561607992,33.50617016192348]]],[[[135.5789483923545,33.50605466738904],[135.57904907865213,33.50617349481098],[135.5789712836978,33.50628274805041],[135.57884313929947,33.5061849998379],[135.5789483923545,33.50605466738904]]],[[[135.6313836448394,33.50633538716846],[135.63148180314272,33.50560949488232],[135.63243702974523,33.50570097302153],[135.63219011728017,33.5061538293358],[135.6313836448394,33.50633538716846]]],[[[135.60321092124707,33.50618138726128],[135.603130557829,33.506394333231924],[135.60305202273275,33.506271639624515],[135.60321092124707,33.50618138726128]]],[[[135.63120024609452,33.5064043058141],[135.6311088587869,33.50627863994731],[135.63120369589387,33.50615153156798],[135.63125885940894,33.50638697318033],[135.63120024609452,33.5064043058141]]],[[[135.58555686076056,33.50637905375038],[135.58520160786793,33.50638680230912],[135.58520581129926,33.506169532398076],[135.58555686076056,33.50637905375038]]],[[[135.59356455286184,33.50641774798072],[135.59343386518083,33.506454828827316],[135.593376004599,33.50634072104748],[135.59350941632658,33.506292252085814],[135.59356455286184,33.50641774798072]]],[[[135.58620119263105,33.50626374807359],[135.58623219226195,33.50633238703011],[135.5860605836291,33.506430720701246],[135.58600299644115,33.50630364020088],[135.58620119263105,33.50626374807359]]],[[[135.57910169888441,33.50628466720366],[135.5791749162894,33.50646674844177],[135.57907652416236,33.50645716166872],[135.57910169888441,33.50628466720366]]],[[[135.57816355400485,33.50648746792234],[135.57807511017825,33.50654494629231],[135.57793938989096,33.50646574839561],[135.57796988320365,33.506376306321556],[135.57816355400485,33.50648746792234]]],[[[135.6033391438865,33.50643216231447],[135.60315910500879,33.50652555870761],[135.60323902685968,33.50628125157857],[135.6033391438865,33.50643216231447]]],[[[135.57882713406502,33.5065913333234],[135.57858919593468,33.50655682903448],[135.57868527860273,33.50643225224667],[135.57882713406502,33.5065913333234]]],[[[135.57764538262836,33.506439694136645],[135.5777937222026,33.506478414447315],[135.5776823870326,33.50660872081585],[135.57759810616778,33.506575107755054],[135.57764538262836,33.506439694136645]]],[[[135.57949999962534,33.50656697338718],[135.57954836606427,33.50632277507606],[135.579804889584,33.506416161576624],[135.57949999962534,33.50656697338718]]],[[[135.61329389070056,33.50655774814163],[135.61333805370828,33.50670138695949],[135.6131687158636,33.50669433267734],[135.61329389070056,33.50655774814163]]],[[[135.63139338539645,33.50678263980706],[135.63182700431287,33.506292612713935],[135.63215481169527,33.506593667064124],[135.63139338539645,33.50678263980706]]],[[[135.5786314793594,33.50713763999016],[135.57844180334666,33.50710813503247],[135.5785578599573,33.506876108145946],[135.57883713362685,33.506978054393755],[135.5786314793594,33.50713763999016]]],[[[135.5783802195715,33.50690291873474],[135.5780693392287,33.50691938712009],[135.5781095326289,33.50671202683861],[135.5783802195715,33.50690291873474]]],[[[135.60891374807113,33.50707938730392],[135.60870610899974,33.50712072104449],[135.60869919591119,33.50704313473295],[135.608887808026,33.50700472109105],[135.60891374807113,33.50707938730392]]],[[[135.58139457799746,33.50709563985197],[135.5813058625755,33.50729341425972],[135.5811267832745,33.5070758646595],[135.58139457799746,33.50709563985197]]],[[[135.60879780837217,33.50738530608703],[135.6085166407305,33.50725989203045],[135.6087519708268,33.50724469438717],[135.60890769113712,33.50728382928537],[135.60879780837217,33.50738530608703]]],[[[135.6069560049158,33.507323775372015],[135.60706411241893,33.50750891880159],[135.60681275010836,33.50746369369455],[135.6069560049158,33.507323775372015]]],[[[135.57759800274573,33.50750486465785],[135.5775391052456,33.50756653206986],[135.57733544657367,33.50745069399437],[135.5773411671612,33.50731361303286],[135.57759800274573,33.50750486465785]]],[[[135.61268094696823,33.50761682935325],[135.6124600518899,33.50762077467908],[135.6124742539837,33.50746086532672],[135.61268094696823,33.50745558630632],[135.61268094696823,33.50761682935325]]],[[[135.6036881968529,33.507700441122495],[135.6035760307093,33.5076088289843],[135.60373727555486,33.5075101616647],[135.60376250333695,33.50767697331372],[135.6036881968529,33.507700441122495]]],[[[135.6067352528297,33.50778538658636],[135.60661383895751,33.50764582889195],[135.60700416271197,33.50763825210373],[135.607013191006,33.5077231615947],[135.6067352528297,33.50778538658636]]],[[[135.55220583722962,33.50866005371853],[135.5521201947912,33.50882266733231],[135.55203169880394,33.50872102685395],[135.55220583722962,33.50866005371853]]],[[[135.55255396929033,33.50906427919318],[135.55256775589726,33.508762278756194],[135.55292863764657,33.50882858577069],[135.55255396929033,33.50906427919318]]],[[[135.55355586261305,33.509137332921625],[135.55366710785086,33.50924810781396],[135.55349496771862,33.50930089172283],[135.55355586261305,33.509137332921625]]],[[[135.55494060992123,33.5091451075607],[135.55500150481566,33.509206667054116],[135.55494272422743,33.50935086525027],[135.55479997393968,33.50922425239736],[135.55494060992123,33.5091451075607]]],[[[135.5774098052184,33.50920958625346],[135.5765707260582,33.50941461279422],[135.57654391726805,33.509311613440275],[135.5773762775932,33.50910566689305],[135.5774098052184,33.50920958625346]]],[[[135.55206444941484,33.50916263984402],[135.55187852087715,33.509420279422386],[135.55166705608985,33.50920302659847],[135.55206444941484,33.50916263984402]]],[[[135.57549574573216,33.510121053643786],[135.5753317507598,33.50999708120037],[135.5757176651382,33.50986119813581],[135.57574438399615,33.51003966679724],[135.57549574573216,33.510121053643786]]],[[[135.55237924810388,33.5101485324289],[135.5525285598452,33.50926155897383],[135.5534327499215,33.50935866686905],[135.55237924810388,33.5101485324289]]],[[[135.57687357995178,33.51007019788136],[135.57675552504747,33.51023005417369],[135.57631999956834,33.51049872123906],[135.57627555057627,33.51044933317024],[135.57687357995178,33.51007019788136]]],[[[135.57428491561643,33.51072982901843],[135.57419403372774,33.51023544111274],[135.57495319103703,33.51034108087623],[135.57468466876253,33.51069002682334],[135.57428491561643,33.51072982901843]]],[[[135.55394250274435,33.51097786473673],[135.5527382493708,33.51038182915812],[135.55360944242193,33.50965433338081],[135.55394250274435,33.51097786473673]]],[[[135.5757965887417,33.51128691855649],[135.57492357995932,33.51053382897305],[135.575729974159,33.51040435987335],[135.5757965887417,33.51128691855649]]],[[[135.5534402196904,33.51124272137457],[135.55322403436173,33.51132727923061],[135.55310678255205,33.511202467719784],[135.55334316485528,33.5110422516986],[135.5534402196904,33.51124272137457]]],[[[135.56011680904362,33.51230530634484],[135.55980474699152,33.51209136032804],[135.56037147906056,33.51132016199591],[135.5605153570981,33.51185191943057],[135.56011680904362,33.51230530634484]]],[[[135.56155883327358,33.51238991905956],[135.56166671864423,33.51200255857128],[135.56186180317968,33.51211869432234],[135.56155883327358,33.51238991905956]]],[[[135.5603307784428,33.51238444128899],[135.56025972840382,33.51231658564194],[135.56040005232057,33.51214022499147],[135.56048552478717,33.51224649517968],[135.5603307784428,33.51238444128899]]],[[[135.56074121913207,33.51253758594089],[135.5608903627001,33.51205630565403],[135.5612726069453,33.512324801848195],[135.56074121913207,33.51253758594089]]],[[[135.56047561605692,33.51256900015926],[135.5602821916699,33.512565224805314],[135.56045041525454,33.51236849540976],[135.56054128365338,33.51248382896557],[135.56047561605692,33.51256900015926]]],[[[135.55752852062483,33.5124665323047],[135.55745228329636,33.51264446766811],[135.55738180342757,33.512588829311085],[135.55752852062483,33.5124665323047]]],[[[135.57558033686314,33.51259830636678],[135.5757038389611,33.51270558559435],[135.57552238724838,33.51279755925998],[135.5754598573866,33.512697945853574],[135.57558033686314,33.51259830636678]]],[[[135.55901500643745,33.513114467758555],[135.55797910525155,33.51302036000169],[135.55847108926946,33.512228720978726],[135.55945233505724,33.512557666902865],[135.55901500643745,33.513114467758555]]],[[[135.5755325549835,33.512980666624514],[135.57509647192467,33.5132806399896],[135.57504871612537,33.51322197271594],[135.5755325549835,33.512980666624514]]],[[[135.56147427991414,33.51418458634964],[135.56132345011724,33.514466558884635],[135.5612784696258,33.51422680232514],[135.56147427991414,33.51418458634964]]],[[[135.562749000566,33.51466108134389],[135.5626078861451,33.51436172131645],[135.562940143373,33.514372639985424],[135.562749000566,33.51466108134389]]],[[[135.56158552515194,33.514680414069915],[135.5616318546264,33.514277667080705],[135.56204869039482,33.51438994563955],[135.56158552515194,33.514680414069915]]],[[[135.5628580802363,33.51478938672085],[135.5627179766534,33.51490764037533],[135.56250678256208,33.51493949526156],[135.5624927756212,33.51480364007597],[135.56278703019734,33.514734892301476],[135.5628580802363,33.51478938672085]]],[[[135.56364542229846,33.51498535978658],[135.56391583674656,33.51478144121057],[135.56392988325752,33.51493369373503],[135.56364542229846,33.51498535978658]]],[[[135.56393557686545,33.51517333338268],[135.56442435839745,33.51472969422008],[135.56548605663625,33.51490797312454],[135.56552802889553,33.51516638701918],[135.56393557686545,33.51517333338268]]],[[[135.54788566768946,33.51536877494908],[135.5475474452585,33.51536736031545],[135.54753994761052,33.515237667284566],[135.54781124519286,33.51520919834587],[135.54788566768946,33.51536877494908]]],[[[135.5524477170885,33.515445441254144],[135.55242238678375,33.51533205383129],[135.5526858368819,33.51522169442569],[135.55276182869545,33.51525261311764],[135.5524477170885,33.515445441254144]]],[[[135.57355902692757,33.5154358922527],[135.57358131032925,33.51548653217776],[135.5734316991137,33.51562119756028],[135.57337596632783,33.51553053240821],[135.57355902692757,33.5154358922527]]],[[[135.5487831910915,33.51556238729438],[135.5486821918297,33.51569297335209],[135.54857411220553,33.51564994618809],[135.54864321701098,33.515526748061006],[135.5487831910915,33.51556238729438]]],[[[135.55044827506788,33.515569865157204],[135.5505291052341,33.51569402735754],[135.55037411157605,33.51572764041833],[135.5503607782274,33.51561486543375],[135.55044827506788,33.515569865157204]]],[[[135.57195144020682,33.51569744118399],[135.5717631131772,33.51578772142625],[135.57172949382118,33.51566938683277],[135.57195144020682,33.51569744118399]]],[[[135.5479087164142,33.51588882860659],[135.54760555135522,33.51572546765624],[135.54797557741108,33.51546686490394],[135.54806830111124,33.51571546809441],[135.5479087164142,33.51588882860659]]],[[[135.5717627237708,33.515962440814064],[135.571816614745,33.516024387015875],[135.5717224377404,33.51612605357457],[135.57164827514782,33.51608661290692],[135.5717627237708,33.515962440814064]]],[[[135.57132839169196,33.51603125244043],[135.571462826848,33.51605930589233],[135.57144949439873,33.51614402742496],[135.57130810568458,33.516166532059856],[135.57132839169196,33.51603125244043]]],[[[135.5468461997923,33.5160007483359],[135.54658741897424,33.51606769386905],[135.54672061036797,33.51588122483872],[135.5468461997923,33.5160007483359]]],[[[135.5501396367349,33.516202495049185],[135.5499255513232,33.51618097337325],[135.5499448121035,33.516084162254344],[135.5501225028513,33.5160680266182],[135.5501396367349,33.516202495049185]]],[[[135.55144455302377,33.516111468369616],[135.55147999980227,33.516255278958],[135.55128966278778,33.516264666980874],[135.55144455302377,33.516111468369616]]],[[[135.56759661529168,33.51634441436329],[135.56752444919402,33.51630530644479],[135.56762627763067,33.516098775338264],[135.56773985660914,33.516256413902454],[135.56759661529168,33.51634441436329]]],[[[135.56910605719884,33.51634605382736],[135.56900533133103,33.516471440904354],[135.5689408562356,33.516405440558685],[135.56910605719884,33.51634605382736]]],[[[135.54655321685755,33.516048918722674],[135.5460072501345,33.5164938016477],[135.5455099736065,33.516028558970845],[135.5464412836384,33.5156418918599],[135.54655321685755,33.516048918722674]]],[[[135.53537569423293,33.51755058599082],[135.53534180328165,33.51768558592113],[135.5351670820952,33.51763502693501],[135.53524097309253,33.517511135430595],[135.53537569423293,33.51755058599082]]],[[[135.51196644569495,33.518443225174735],[135.51181219217904,33.51833961338252],[135.51197124537669,33.51826827915778],[135.51196644569495,33.518443225174735]]],[[[135.53852194633077,33.51840889175702],[135.53850194630786,33.5187416669944],[135.53827972832687,33.518758612919726],[135.5383133332938,33.51847666736438],[135.53852194633077,33.51840889175702]]],[[[135.53896610889888,33.51880916201327],[135.53883167284346,33.51904055937439],[135.53864999989764,33.51898416198952],[135.5388163043291,33.51882210775415],[135.53896610889888,33.51880916201327]]],[[[135.54467221824837,33.51898894638282],[135.5444159141632,33.519005135079],[135.54399230919773,33.51863008091357],[135.5440708559853,33.518341973203576],[135.54469788579888,33.51880564026811],[135.54467221824837,33.51898894638282]]],[[[135.54468744466988,33.51908227892409],[135.5447353047905,33.51927672134366],[135.54449077822687,33.5191832251258],[135.54468744466988,33.51908227892409]]],[[[135.53202627809037,33.519297108075136],[135.532092192101,33.51887266674021],[135.53219588842956,33.51888505400211],[135.5321373668461,33.51915974832377],[135.53202627809037,33.519297108075136]]],[[[135.5317836958609,33.51942441430532],[135.53100724998467,33.51847253228158],[135.53216693925287,33.51844338705274],[135.5317836958609,33.51942441430532]]],[[[135.53228769122404,33.519563775048255],[135.53201883260306,33.519538747815034],[135.53248658888504,33.51891727940898],[135.5325625294372,33.519454027181666],[135.53228769122404,33.519563775048255]]],[[[135.53202046667127,33.51935841395971],[135.53194871606047,33.519644134869],[135.5317997802357,33.5195360273658],[135.53202046667127,33.51935841395971]]],[[[135.53691457814534,33.51923216173492],[135.53668800294906,33.51967116219441],[135.5362264978546,33.51930877498006],[135.53691457814534,33.51923216173492]]],[[[135.53538075202016,33.51955653190845],[135.53528505785914,33.51977177474765],[135.53515922202052,33.51963519830582],[135.53538075202016,33.51955653190845]]],[[[135.54453241234103,33.51965977497866],[135.54474683499848,33.519791864702825],[135.54455547275688,33.51980966678275],[135.54453241234103,33.51965977497866]]],[[[135.53009452714082,33.519857251710846],[135.52998641963757,33.51970286509521],[135.5302363286437,33.51967463987279],[135.53009452714082,33.519857251710846]]],[[[135.5421979512745,33.519896694177135],[135.5412413361188,33.51965463984982],[135.54130352783557,33.519347197615105],[135.54216316459838,33.519664640310964],[135.5421979512745,33.519896694177135]]],[[[135.53639564234504,33.51992722526131],[135.5362978077976,33.5198253329728],[135.53611089540152,33.51973186463391],[135.53619272381525,33.51966697315237],[135.5364103633476,33.519754252356904],[135.53650383888112,33.51988813532921],[135.53639564234504,33.51992722526131]]],[[[135.5325753573669,33.51956374806855],[135.5324818548538,33.51997474813618],[135.5319794683778,33.51970689225931],[135.5325753573669,33.51956374806855]]],[[[135.53730330740177,33.52015510807183],[135.53723418910658,33.52028572110919],[135.5370906609054,33.520336198256985],[135.53707647230146,33.520221918706625],[135.53730330740177,33.52015510807183]]],[[[135.54303177659529,33.52033300026778],[135.5428914140076,33.520495774860194],[135.54275038861965,33.52030282891246],[135.54303177659529,33.52033300026778]]],[[[135.54268219212952,33.5203755319053],[135.54270700442476,33.52060558567928],[135.54253863784788,33.52055216235249],[135.54268219212952,33.5203755319053]]],[[[135.52870418874738,33.52072727924059],[135.52842849527894,33.520700161982916],[135.5284757456592,33.52046935997305],[135.5287269388972,33.5206006133277],[135.52870418874738,33.52072727924059]]],[[[135.52846985689848,33.52096374787874],[135.52827596576333,33.52096374787874],[135.52826741860656,33.520855161936254],[135.52853199735387,33.52085158623174],[135.52846985689848,33.52096374787874]]],[[[135.52821939031264,33.52097535992499],[135.52797525315543,33.52109277541132],[135.527750311128,33.5208684143459],[135.52809085560853,33.52074291935031],[135.52821939031264,33.52097535992499]]],[[[135.52247250300366,33.52116546761232],[135.52248427962581,33.52148625218882],[135.52217841839933,33.521253828701276],[135.52247250300366,33.52116546761232]]],[[[135.52760907889592,33.52151764032686],[135.52778810603638,33.52155325168127],[135.5277491051371,33.521645306285905],[135.52760907889592,33.52151764032686]]],[[[135.5229130871693,33.52151744067737],[135.52282267202872,33.5216376944241],[135.52267199691516,33.521597613439155],[135.52267199691516,33.52151594600417],[135.5229130871693,33.52151744067737]]],[[[135.52851358013766,33.521320999964246],[135.52831289192648,33.521744972752344],[135.52796267164,33.52144316207233],[135.52851358013766,33.521320999964246]]],[[[135.5219985602854,33.52169016177157],[135.52174311325416,33.5216618646034],[135.52156263280926,33.52140227889208],[135.52189719769763,33.52146580160553],[135.5219985602854,33.52169016177157]]],[[[135.51757756235463,33.52195013509072],[135.5176870817935,33.52170802680405],[135.51809477325526,33.52156994579639],[135.518194331803,33.521747972890694],[135.51757756235463,33.52195013509072]]],[[[135.51674594037286,33.52198794618681],[135.51664128356845,33.52178049507381],[135.51693802926673,33.521829278798236],[135.51674594037286,33.52198794618681]]],[[[135.52071941586837,33.52180974822136],[135.52091219184422,33.52191791867705],[135.52083730170023,33.52201097332778],[135.52057092071152,33.52192264011779],[135.52071941586837,33.52180974822136]]],[[[135.51558875481726,33.521994225253366],[135.51533632860878,33.52219964030121],[135.51485564187442,33.5219324948888],[135.51546535704063,33.521859306262],[135.51558875481726,33.521994225253366]]],[[[135.51578472068832,33.522265000329526],[135.51573082971413,33.52241694618516],[135.51560038934656,33.522357829250495],[135.51578472068832,33.522265000329526]]],[[[135.51593944185186,33.5224847208932],[135.51597972788215,33.52254666709507],[135.51587888510255,33.52263110803926],[135.51579834002143,33.52253527898],[135.51593944185186,33.5224847208932]]],[[[135.5167986640272,33.52263149474771],[135.51651658896947,33.52254869416697],[135.51654652380307,33.52237966658839],[135.51684072621856,33.522442306167534],[135.5167986640272,33.52263149474771]]],[[[135.51546364473154,33.522686802154226],[135.5157011925561,33.52282638682834],[135.5155700003553,33.52288430586606],[135.51546364473154,33.522686802154226]]],[[[135.51449150457938,33.523978162062576],[135.51410138766892,33.52384630616217],[135.51429321665864,33.523685612601014],[135.51449150457938,33.523978162062576]]],[[[135.50865130991008,33.524366802286124],[135.5088614401035,33.52457782910358],[135.5085983659219,33.52459041421628],[135.50865130991008,33.524366802286124]]],[[[135.5080091696875,33.52488697285554],[135.5076372496594,33.5248211352872],[135.50778722420114,33.52447310844724],[135.50825547331146,33.524577586286625],[135.5080091696875,33.52488697285554]]],[[[135.5089825805817,33.52479877544317],[135.5090936963171,33.525029586446294],[135.5087940341175,33.52492299969674],[135.5089825805817,33.52479877544317]]],[[[135.50870372239888,33.525113531864065],[135.5082604411665,33.525176693949334],[135.5082555506532,33.52492122533431],[135.5085231906928,33.52485944101045],[135.50870372239888,33.525113531864065]]],[[[135.5101190007913,33.52572133327294],[135.51013077831283,33.525859495219606],[135.51003822278585,33.525907413796176],[135.50991869029542,33.52583130597003],[135.5101190007913,33.52572133327294]]],[[[135.50967152961744,33.525781801888684],[135.50949233520316,33.525870440868175],[135.50930944187735,33.525637279037255],[135.50976044109154,33.5255925323695],[135.50967152961744,33.525781801888684]]],[[[135.5102868088892,33.52769144120708],[135.50995888459488,33.52766125186531],[135.51022194618588,33.527464026943335],[135.5102868088892,33.52769144120708]]],[[[135.50946961113368,33.53183555856424],[135.50945819693834,33.53190889198186],[135.50926785992385,33.53198855932459],[135.50922980511143,33.5319200273874],[135.50946961113368,33.53183555856424]]],[[[135.50940875491017,33.53442525172403],[135.5092793640515,33.53446189190282],[135.5092222436117,33.5344045322434],[135.50934786001574,33.534318468022946],[135.50940875491017,33.53442525172403]]],[[[135.50518496841164,33.534985333306565],[135.5051079118008,33.53511919829242],[135.50491097286317,33.535104864897676],[135.50498233496683,33.53496144101774],[135.50518496841164,33.534985333306565]]],[[[135.5049937482629,33.535224359616564],[135.5047711408755,33.535233919409905],[135.5048168093483,33.53514310766832],[135.5049937482629,33.535224359616564]]],[[[135.50579243797074,33.53535810769057],[135.50569481206594,33.535404640411855],[135.50554328079784,33.535281972884775],[135.50574027189612,33.535250946274175],[135.50579243797074,33.53535810769057]]],[[[135.50606858559684,33.53542569444028],[135.5059860826916,33.535332639789544],[135.5061821142133,33.53529233307478],[135.50624199737035,33.53535519838374],[135.50606858559684,33.53542569444028]]],[[[135.50487391719753,33.53537997290749],[135.5047678340684,33.53556889169107],[135.50467861232812,33.53543072075121],[135.50487391719753,33.53537997290749]]],[[[135.48925752261664,33.536291468176785],[135.48922221793111,33.53616027867395],[135.4894198052799,33.53618710814857],[135.48941260710615,33.53627533343996],[135.48925752261664,33.536291468176785]]],[[[135.49841888482376,33.53627591889858],[135.49877486436856,33.5355664410385],[135.49915581089203,33.53587027879041],[135.49841888482376,33.53627591889858]]],[[[135.4995385596569,33.53637222459855],[135.49935769070487,33.53626655875473],[135.499607392867,33.53611769397645],[135.4997230609705,33.53629527860426],[135.4995385596569,33.53637222459855]]],[[[135.49908347572193,33.538154973173505],[135.49933944166196,33.53832499989886],[135.4992113880952,33.53838694610073],[135.4989894938701,33.53827874776607],[135.49908347572193,33.538154973173505]]],[[[135.49421466937156,33.53895082911754],[135.49404518763538,33.53894338722756],[135.49392771729038,33.53878966700955],[135.49417642030562,33.538818865298424],[135.49421466937156,33.53895082911754]]],[[[135.49495494181713,33.53931997293847],[135.49480844405457,33.53930022472565],[135.4948359399267,33.539195585907635],[135.49504824917744,33.53923699968783],[135.49495494181713,33.53931997293847]]],[[[135.49471749741463,33.53945441438975],[135.49416900089875,33.539387973376336],[135.49398761303803,33.539121360362515],[135.49473814494945,33.539375640073786],[135.49471749741463,33.53945441438975]]],[[[135.49052389126462,33.540320000167924],[135.4902141629533,33.54042972105481],[135.4901376387411,33.5403031351816],[135.49052389126462,33.540320000167924]]],[[[135.480009300289,33.54166666658347],[135.4798599219979,33.54165180168934],[135.4797479123364,33.54144505384619],[135.4800392477132,33.54147294631946],[135.480009300289,33.54166666658347]]],[[[135.4797508297371,33.54385333306493],[135.47979111486814,33.54398861268436],[135.47973055811883,33.544078613237446],[135.47959610857356,33.54397166675909],[135.4797508297371,33.54385333306493]]],[[[135.48046416299076,33.54413499983042],[135.48040360624145,33.54428749517183],[135.48028250263542,33.544219721363106],[135.48046416299076,33.54413499983042]]],[[[135.4906652790794,33.54438333322429],[135.49057778223892,33.54460861339686],[135.49047722364503,33.54456361312032],[135.4906652790794,33.54438333322429]]],[[[135.48113418939135,33.54472025163835],[135.48081639416137,33.54466027944841],[135.4806468611638,33.544490694290175],[135.48089121865485,33.544387828935214],[135.48113418939135,33.54472025163835]]],[[[135.4898101038533,33.54549510841258],[135.48974673222597,33.545489368939286],[135.48977198428975,33.54441676642068],[135.48983935070555,33.54441485626069],[135.4898101038533,33.54549510841258]]],[[[135.46570055773464,33.54557222527802],[135.46596306084666,33.545617495351166],[135.4659294423899,33.54575277497065],[135.46564000008595,33.54570194618793],[135.46570055773464,33.54557222527802]]],[[[135.47857333299294,33.54552194598108],[135.47867444916653,33.54569666716753],[135.47843221767278,33.54567972124221],[135.47857333299294,33.54552194598108]]],[[[135.4631261089828,33.54643555915379],[135.463399299638,33.54664110820062],[135.46333224438763,33.546808918996476],[135.46304775644887,33.546636531550746],[135.4631261089828,33.54643555915379]]],[[[135.4642528920574,33.54684769416582],[135.46373221786757,33.5468308291795],[135.46368108871138,33.54657227858786],[135.46407708179197,33.54666810764712],[135.4642528920574,33.54684769416582]]],[[[135.48342741924012,33.54676469393553],[135.48349916985092,33.546903333422165],[135.48332416268,33.5468694406722],[135.48342741924012,33.54676469393553]]],[[[135.46937472086677,33.54707222520307],[135.46941527939168,33.54689166741656],[135.4696099997018,33.546998891785506],[135.46937472086677,33.54707222520307]]],[[[135.46134027213589,33.54695916243543],[135.46137389059265,33.54713944143214],[135.46122583700287,33.54717333328273],[135.46121250275485,33.54698166707033],[135.46134027213589,33.54695916243543]]],[[[135.46443533122567,33.54720016185803],[135.46386216630594,33.5472130806192],[135.46405255458183,33.5470049999808],[135.46443533122567,33.54720016185803]]],[[[135.4837211153373,33.547027224926524],[135.48384221804395,33.547123053985786],[135.48376167296294,33.54725833270595],[135.48364722433996,33.54719082869383],[135.4837211153373,33.547027224926524]]],[[[135.47076749732219,33.5472244408553],[135.47087527927079,33.54730889169207],[135.47075416307428,33.54742722538617],[135.47063972794115,33.54732582862414],[135.47076749732219,33.5472244408553]]],[[[135.46176503183085,33.54731638664197],[135.46162252885665,33.54751086503444],[135.4614360049677,33.54732100016406],[135.46176503183085,33.54731638664197]]],[[[135.46299389065564,33.54734222506369],[135.4632881056616,33.54737582913128],[135.46315833978565,33.547628332681484],[135.46286583708877,33.54751722503994],[135.46299389065564,33.54734222506369]]],[[[135.47915888517446,33.54798555868666],[135.47929999959536,33.548069999630854],[135.4792797279771,33.548143333048415],[135.47910500589137,33.548103892380766],[135.47915888517446,33.54798555868666]]],[[[135.4794413883095,33.54859999979021],[135.4794883401148,33.54864527885661],[135.4794144491176,33.54878055937536],[135.47932693878727,33.548701667248224],[135.4794413883095,33.54859999979021]]],[[[135.47949778209704,33.549028613080054],[135.4798244752194,33.549171054000965],[135.47965000044724,33.54928733274426],[135.47949778209704,33.549028613080054]]],[[[135.9079322831484,33.53856053234273],[135.90785647209862,33.53873977532044],[135.90771377397152,33.53861653222725],[135.9079322831484,33.53856053234273]]],[[[135.9020505577871,33.544313775160674],[135.90203791241981,33.54444225230816],[135.90193683491702,33.544504224590355],[135.90186822294015,33.544408999875486],[135.9020505577871,33.544313775160674]]],[[[135.90268888488424,33.54440630640596],[135.902757496861,33.54448189172598],[135.90259321680355,33.544640586094204],[135.90247588765214,33.544427468353035],[135.90268888488424,33.54440630640596]]],[[[135.902918105886,33.544499225259074],[135.90292360613955,33.544696252330255],[135.9026960830579,33.54475466689439],[135.9028206355639,33.54449316202988],[135.902918105886,33.544499225259074]]],[[[135.90073674360588,33.54487766717068],[135.9008112191625,33.544977440656396],[135.90070289222479,33.54507946784321],[135.90059863831652,33.54503980234506],[135.90073674360588,33.54487766717068]]],[[[135.9021426330761,33.545085225302955],[135.90214500638695,33.54516080162972],[135.90186247717168,33.54503910806841],[135.9020529176081,33.54498469368872],[135.9021426330761,33.545085225302955]]],[[[135.90029936372468,33.54526777508778],[135.90019238666935,33.54517480227537],[135.90044019485913,33.545136251936526],[135.90029936372468,33.54526777508778]]],[[[135.90051647175778,33.54535489241442],[135.90048666732594,33.54520749532969],[135.90068302170414,33.54520749532969],[135.9006545779465,33.54530499982593],[135.90051647175778,33.54535489241442]]],[[[135.90399610883344,33.545520829023076],[135.90392111526728,33.54566872073491],[135.90376949406698,33.54560753176224],[135.90385610867258,33.545485107951436],[135.90399610883344,33.545520829023076]]],[[[135.90674817099136,33.5455409729376],[135.90684830060866,33.545606693594095],[135.9066938654296,33.54569786506448],[135.90664800270326,33.545645252026816],[135.90674817099136,33.5455409729376]]],[[[135.9060932172282,33.54684541438439],[135.90579972797514,33.54685110799227],[135.9060283401359,33.54663110773947],[135.9060932172282,33.54684541438439]]],[[[135.90606464306893,33.547250774803445],[135.90585891056037,33.547212999680255],[135.90593652385155,33.54712989243063],[135.90608627805932,33.54716313497073],[135.90606464306893,33.547250774803445]]],[[[135.91328438426694,33.54790782938289],[135.91320022031402,33.548053468293006],[135.91302586335303,33.548139973181264],[135.91290827519686,33.5480800540513],[135.91328438426694,33.54790782938289]]],[[[135.91350341055397,33.54806613524397],[135.91338097325342,33.548164639786364],[135.91331919612412,33.548035972881905],[135.91350341055397,33.54806613524397]]],[[[135.91347775559404,33.5485092519005],[135.91339858557637,33.54868661259712],[135.9131541894144,33.548633279202534],[135.9131777822289,33.54852477509837],[135.91347775559404,33.5485092519005]]],[[[135.91379561557528,33.54877646835939],[135.9138431393494,33.548552279064495],[135.91412422785095,33.54853597255715],[135.91407108870987,33.548742386751826],[135.91379561557528,33.54877646835939]]],[[[135.9078826981281,33.54874633297692],[135.90765294382834,33.54879955935223],[135.90723510981252,33.548753080590245],[135.90741022040538,33.54865633332315],[135.9078826981281,33.54874633297692]]],[[[135.9100617248688,33.54868555859173],[135.91014544725465,33.548792612988734],[135.91004005210675,33.54883361308083],[135.9099744231811,33.548708413962174],[135.9100617248688,33.54868555859173]]],[[[135.91264007757763,33.54878646792122],[135.9128572764422,33.5489267207916],[135.9127263936083,33.54898616238154],[135.91258325571278,33.548886864637154],[135.91264007757763,33.54878646792122]]],[[[135.91326083012325,33.54825961269103],[135.91303697807416,33.5489074681052],[135.91278108857648,33.54859022505889],[135.91326083012325,33.54825961269103]]],[[[135.91369674410953,33.54910410756855],[135.91353177697,33.54916961328706],[135.91336319095853,33.54907300001901],[135.91342927404185,33.54895525178347],[135.91369674410953,33.54910410756855]]],[[[135.9123226070028,33.54971397292155],[135.9122807255751,33.549230667361485],[135.91297647168687,33.54935361277904],[135.91287027164583,33.549624919354585],[135.9123226070028,33.54971397292155]]],[[[135.91316105124156,33.549767360275496],[135.91291016916898,33.55012558632677],[135.9125404407888,33.54986122521541],[135.91316105124156,33.549767360275496]]],[[[135.9167372764042,33.55152405369216],[135.91648455341942,33.5516182253009],[135.9163779118112,33.55150605376144],[135.91667321679563,33.551402639820026],[135.9167372764042,33.55152405369216]]],[[[135.9183329183296,33.55138969407915],[135.91822688736102,33.55155777467161],[135.91816466866464,33.55145716211837],[135.9183329183296,33.55138969407915]]],[[[135.91568569373987,33.551593000216826],[135.91557302217734,33.55175110822711],[135.91541946833388,33.551595612747406],[135.91568569373987,33.551593000216826]]],[[[135.9154391958623,33.55191336031339],[135.91532802886547,33.5520370539669],[135.91523664065846,33.551892972682595],[135.9154391958623,33.55191336031339]]],[[[135.9150554731316,33.551809027264824],[135.9150509207634,33.552040467793404],[135.91489102490095,33.55206341399543],[135.9149344225856,33.5518549457492],[135.9150554731316,33.551809027264824]]],[[[135.9171429695724,33.552300387153196],[135.91681766500335,33.55218513543571],[135.91727688671904,33.552077946140344],[135.9171429695724,33.552300387153196]]],[[[135.9163740860953,33.552382586087504],[135.9163938909653,33.5524527206166],[135.91611518836532,33.552471829411445],[135.91615936396352,33.55234689199551],[135.9163740860953,33.552382586087504]]],[[[135.91558522687683,33.55255349504779],[135.91539791158436,33.552589828557814],[135.91543674431034,33.55242341440908],[135.915571530202,33.55239855894638],[135.91558522687683,33.55255349504779]]],[[[135.91503949397747,33.552602251792564],[135.91481752331015,33.55233938715304],[135.91532386500444,33.55225672057122],[135.9152995329472,33.55257166674909],[135.91503949397747,33.552602251792564]]],[[[135.91645678325403,33.55264853180432],[135.91600374797463,33.55272663972272],[135.9159931125921,33.55257110827006],[135.91645678325403,33.55264853180432]]],[[[135.92147046678872,33.55264680240805],[135.92124461734522,33.55281461320391],[135.92120963731497,33.55266413504182],[135.92147046678872,33.55264680240805]]],[[[135.91699924801696,33.55272574759522],[135.91694063560192,33.552811640045206],[135.91643847035914,33.55288733328388],[135.91648885937343,33.55274858587859],[135.91699924801696,33.55272574759522]]],[[[135.91746444932494,33.55341466695336],[135.91743805422288,33.55333049490645],[135.9175875880968,33.55326210776013],[135.91766044127644,33.55334313487782],[135.91746444932494,33.55341466695336]]],[[[135.9168221400298,33.55341705375406],[135.91650855992214,33.55348544090043],[135.91633016860249,33.55319253171001],[135.91709408602333,33.553069829109404],[135.9168221400298,33.55341705375406]]],[[[135.91705795126347,33.55343238719496],[135.91687413703187,33.553777108127065],[135.9165886121748,33.5535299726302],[135.91705795126347,33.55343238719496]]],[[[135.91899513591682,33.553769667136464],[135.91892891074065,33.55386555914828],[135.91858891124934,33.55392099965445],[135.91869450065076,33.55373672137267],[135.91899513591682,33.553769667136464]]],[[[135.89416992190445,33.55709200019572],[135.8942556416846,33.55714572119814],[135.8941621661511,33.557348720666994],[135.8940367826715,33.55725302740535],[135.89416992190445,33.55709200019572]]],[[[135.89400805382866,33.55730816214202],[135.894015278982,33.55747991916297],[135.8937430865742,33.557598585606286],[135.89368897526606,33.55742038674151],[135.89400805382866,33.55730816214202]]],[[[135.9179928918585,33.55771027870645],[135.91788732763814,33.5579374681397],[135.91778933930664,33.55779441388114],[135.9179928918585,33.55771027870645]]],[[[135.91769833960677,33.55820027881987],[135.91737613500072,33.5581306667969],[135.9175850843842,33.55792127944352],[135.91769833960677,33.55820027881987]]],[[[135.9232415817337,33.558292532174676],[135.92315581069215,33.55819066686581],[135.92334450104795,33.55804891932223],[135.92343444944038,33.55817172084829],[135.9232415817337,33.558292532174676]]],[[[135.92485710766948,33.55849900032865],[135.92465391664496,33.55843819806444],[135.92490325638028,33.558352694121595],[135.92485710766948,33.55849900032865]]],[[[135.9238198053398,33.55826541401768],[135.92392024612252,33.55841274814986],[135.92359116709872,33.55856055892269],[135.92350761288606,33.558315559315645],[135.9238198053398,33.55826541401768]]],[[[135.9247979772449,33.55858733263932],[135.9244589490213,33.55871444101871],[135.9244465500683,33.55834416225332],[135.9247979772449,33.55858733263932]]],[[[135.9238482230171,33.55880755862199],[135.92370975440167,33.55898477542712],[135.92357791199106,33.558774225250374],[135.9238482230171,33.55880755862199]]],[[[135.92269688665203,33.5589960538249],[135.92252099904488,33.558983413853525],[135.92255282695146,33.558843161882464],[135.9226935537646,33.55889927867884],[135.92269688665203,33.5589960538249]]],[[[135.92406616112453,33.55882308092049],[135.9241791699328,33.559127864759205],[135.92384588837706,33.559097559404904],[135.92406616112453,33.55882308092049]]],[[[135.91877197094982,33.55887446818224],[135.91857830104777,33.559113640182375],[135.91842686061125,33.55898355864434],[135.91877197094982,33.55887446818224]]],[[[135.92459619995475,33.55924266681569],[135.92464635514523,33.55963453200809],[135.9241390790553,33.55951561285531],[135.92459619995475,33.55924266681569]]],[[[135.92268697792179,33.56265689170226],[135.92231635471603,33.562668135026456],[135.92257766532703,33.56244564005431],[135.92268697792179,33.56265689170226]]],[[[135.92372822287928,33.562656387182585],[135.9234498314446,33.56275361288897],[135.9228736708833,33.56260277499814],[135.9228632558346,33.562410829096564],[135.9233545266901,33.562407107701915],[135.92372822287928,33.562656387182585]]],[[[135.9232594683499,33.56272074806412],[135.9231076394061,33.56284286520611],[135.9230510891365,33.562735693897196],[135.9232594683499,33.56272074806412]]],[[[135.92291824937774,33.56305813502496],[135.9227462783182,33.56293846763623],[135.92286688729712,33.56277394566109],[135.92305671889255,33.56303197284734],[135.92291824937774,33.56305813502496]]],[[[135.91724124478765,33.56310463986728],[135.91711622643277,33.56313953176402],[135.91698328055406,33.56307308085803],[135.91726705622978,33.563001639614015],[135.91724124478765,33.56310463986728]]],[[[135.92376274965125,33.56294441395357],[135.92365408636704,33.56314508058108],[135.92346647160048,33.56297805399407],[135.92376274965125,33.56294441395357]]],[[[135.92414902735584,33.563013053809414],[135.92416688699234,33.56325794639719],[135.92401055784103,33.56328972124368],[135.92394581115036,33.56303546761279],[135.92414902735584,33.563013053809414]]],[[[135.9333333330669,33.56388458590499],[135.93309272395015,33.56386266672871],[135.93324197094023,33.563713559133475],[135.9333333330669,33.56388458590499]]],[[[135.93291674371278,33.56380277457845],[135.93280405955977,33.56367661318518],[135.93296189417617,33.56361864018817],[135.93291674371278,33.56380277457845]]],[[[135.9309788072262,33.5640011353442],[135.93016678327047,33.56402980213369],[135.9300855771877,33.56375927886768],[135.9310830872148,33.563758027011374],[135.9309788072262,33.5640011353442]]],[[[135.93014635517022,33.564302224767914],[135.9299286895574,33.564284973073086],[135.92972352811842,33.56409925227871],[135.9300918292746,33.564092108064415],[135.93014635517022,33.564302224767914]]],[[[135.9305127497637,33.56420366716554],[135.9302523087971,33.56430180208656],[135.93028080381612,33.56409005401281],[135.9305127497637,33.56420366716554]]],[[[135.91058655032907,33.56587282866815],[135.91037978000293,33.56612153168339],[135.91024321705083,33.56589874802887],[135.91058655032907,33.56587282866815]]],[[[135.91043143975924,33.56645080226275],[135.9103412188722,33.56654900013632],[135.91007949367372,33.56630122522142],[135.91015710786428,33.56624986493938],[135.91025819705817,33.566391892172135],[135.91043143975924,33.56645080226275]]],[[[135.91184538265838,33.567734440592005],[135.91164503169296,33.56780682882214],[135.91166128424095,33.56763313466149],[135.91184538265838,33.567734440592005]]],[[[135.91926791198466,33.56805377456209],[135.91908724987672,33.56798964030969],[135.91932588767963,33.56782841434989],[135.91934933930065,33.56801305415917],[135.91926791198466,33.56805377456209]]],[[[135.91871530466767,33.56842164044639],[135.91859138798225,33.568551278618656],[135.91842868983224,33.56846016200694],[135.91857333319285,33.568319251732134],[135.91871530466767,33.56842164044639]]],[[[135.92497795137137,33.568763720969],[135.92517552523032,33.56893566684761],[135.92503596573727,33.56897636027088],[135.92487916983794,33.56890546761332],[135.92497795137137,33.568763720969]]],[[[135.92282708240396,33.57024000037575],[135.92269914395035,33.57037008101446],[135.9226571078393,33.57023174819665],[135.92282708240396,33.57024000037575]]],[[[135.9227728272043,33.570483829065495],[135.9228486382541,33.57062241369351],[135.92270066110666,33.57074910838469],[135.92255741888982,33.570549919343364],[135.9227728272043,33.570483829065495]]],[[[135.9396406356069,33.572090359982155],[135.93972702987855,33.57229219842628],[135.9396613622821,33.57231605384288],[135.93957566768302,33.572174333278895],[135.9396406356069,33.572090359982155]]],[[[135.94088586299222,33.57236141384823],[135.9407729962768,33.57245677526004],[135.94021182921256,33.572241802217434],[135.94024472101717,33.572113108333326],[135.94054202339578,33.57226453168283],[135.94088586299222,33.57236141384823]]],[[[135.94045150483316,33.57243735979637],[135.9405113619099,33.57254922466706],[135.94032050598662,33.572607748049165],[135.94024077838924,33.572375829081295],[135.94045150483316,33.57243735979637]]],[[[135.93403880714527,33.5731856398055],[135.93376914363114,33.57319089184625],[135.93373569424693,33.57310164042843],[135.9339280286557,33.57306313505569],[135.93403880714527,33.5731856398055]]],[[[135.93525089541254,33.57314613528598],[135.9351881712971,33.573272107821595],[135.9350264983742,33.57326627931536],[135.93511849542233,33.57312746805826],[135.93525089541254,33.57314613528598]]],[[[135.93459574559722,33.573108360162735],[135.9346605579385,33.57330261282539],[135.93450791241025,33.57329910816736],[135.93459574559722,33.573108360162735]]],[[[135.93426007814014,33.57334489175338],[135.9341074712828,33.57337989156878],[135.93403639426424,33.573276640404686],[135.9343667188491,33.573213640197366],[135.93426007814014,33.57334489175338]]],[[[135.93942849542873,33.573419828662225],[135.9391127497537,33.573435775440714],[135.9392561997139,33.57328477477262],[135.93942849542873,33.573419828662225]]],[[[135.94023508388204,33.57540102703581],[135.94028671935666,33.57562233310426],[135.9400166934157,33.57560522530093],[135.93999005189949,33.575475134769704],[135.94023508388204,33.57540102703581]]],[[[135.92628308709482,33.607232774572935],[135.92614891094354,33.607222559173806],[135.92610749716334,33.60710261299522],[135.92622158156075,33.607077666701],[135.92628308709482,33.607232774572935]]],[[[135.95123416302624,33.61393527879011],[135.95096871643318,33.6140036668358],[135.95061914365863,33.613323864804556],[135.9513003108607,33.61349777480251],[135.95123416302624,33.61393527879011]]],[[[135.94429386457023,33.61545527873818],[135.94438464303687,33.61560349510529],[135.94420325607553,33.61564636039128],[135.94429386457023,33.61545527873818]]],[[[135.95180588813128,33.61574844063807],[135.9521658372836,33.61398853214507],[135.95311425421949,33.613760080963004],[135.95262914372006,33.61560277474831],[135.95180588813128,33.61574844063807]]],[[[135.94406258142305,33.61623061305238],[135.94382007833406,33.61617097271227],[135.94409744544078,33.61590349455071],[135.9443072239992,33.61599794584856],[135.94406258142305,33.61623061305238]]],[[[135.94363007766606,33.61642880204761],[135.9434903113289,33.61656286488437],[135.94342297009405,33.61648710779383],[135.94351469464755,33.61636349507927],[135.94363007766606,33.61642880204761]]],[[[135.95294693895016,33.6165447210621],[135.9528536064089,33.61666444061149],[135.952746108646,33.61654972129264],[135.95294693895016,33.6165447210621]]],[[[135.95198849457347,33.616603134726915],[135.95180856001707,33.61663302729244],[135.9518005317692,33.616358386930074],[135.95199824862038,33.6163712247523],[135.95198849457347,33.616603134726915]]],[[[135.94236958518832,33.61646394575456],[135.9424259142246,33.61664680220821],[135.9423314404437,33.61667789177136],[135.9422443581907,33.6165173061288],[135.94236958518832,33.61646394575456]]],[[[135.9459853310583,33.61702510832214],[135.9459727756232,33.61687680202283],[135.9461790531209,33.61694041376916],[135.9459853310583,33.61702510832214]]],[[[135.94327674392662,33.616928918634756],[135.94340128384226,33.616999865251614],[135.94332364537001,33.61709261323358],[135.94322997378436,33.61704999975774],[135.94327674392662,33.616928918634756]]],[[[135.94609914386047,33.61725533296732],[135.94598380041214,33.61724946758892],[135.94594477343264,33.61715513500155],[135.9461411925621,33.61716749528375],[135.94609914386047,33.61725533296732]]],[[[135.9521065242967,33.61722572099029],[135.95193136244245,33.617390224978976],[135.95169399538167,33.61694002706065],[135.95184038882292,33.61688889160911],[135.9521065242967,33.61722572099029]]],[[[135.95216027227877,33.61806944065222],[135.9522422176043,33.61811416213891],[135.95220444877634,33.61829277469184],[135.9520377819182,33.618161387338205],[135.95216027227877,33.61806944065222]]],[[[135.9630216733117,33.61870638728999],[135.9631455513262,33.618937774758535],[135.96293194615248,33.619034999565656],[135.9628250059693,33.61870638728999],[135.9630216733117,33.61870638728999]]],[[[135.96404972791265,33.61878722465076],[135.9640588848098,33.61898416178968],[135.96371027161183,33.61901110817615],[135.96404972791265,33.61878722465076]]],[[[135.96411082965108,33.619479720612674],[135.96361306119388,33.61930722524829],[135.96410111517434,33.619169441016936],[135.96411082965108,33.619479720612674]]],[[[135.964480272047,33.61946777491795],[135.96457000010548,33.61955166727569],[135.96430722359958,33.61974249531994],[135.96421722394575,33.61953444076187],[135.964480272047,33.61946777491795]]],[[[135.96488666668643,33.61941555938063],[135.96500333303743,33.619535278930016],[135.96467500584686,33.61978277505506],[135.96455306137477,33.61966138726325],[135.96488666668643,33.61941555938063]]],[[[135.96515972783925,33.61981833334943],[135.96516944231598,33.61996555866364],[135.9650188850136,33.6200647206104],[135.96504111535523,33.619823613269205],[135.96515972783925,33.61981833334943]]],[[[135.96600722375445,33.61956972116576],[135.96623472075578,33.61988972063415],[135.9659122175749,33.62022138700746],[135.96589360610506,33.61963138677913],[135.96600722375445,33.61956972116576]]],[[[135.96509250261693,33.620330829104546],[135.96518027195202,33.62035082912752],[135.96531055763614,33.620606946153714],[135.9651536061541,33.62058249538592],[135.96509250261693,33.620330829104546]]],[[[135.96686972755595,33.620617495201316],[135.96641999998303,33.62060777532861],[135.96636527893452,33.620113891942594],[135.96679194609146,33.620053613083826],[135.96686972755595,33.620617495201316]]],[[[135.96498972809354,33.62061194638426],[135.96446138808267,33.62057638719057],[135.96385972814403,33.62006916236203],[135.96436693858345,33.619905829290644],[135.96498972809354,33.62061194638426]]],[[[135.9525577816164,33.62059305432604],[135.9526013879438,33.62078610819236],[135.95249555122882,33.620783892262864],[135.95246277633612,33.62068389214795],[135.9525577816164,33.62059305432604]]],[[[135.96517555141065,33.62067805374926],[135.9652191703285,33.62086694555313],[135.96511389119314,33.62087916194383],[135.96505250257098,33.62074416201352],[135.96517555141065,33.62067805374926]]],[[[135.95456722409813,33.62077416159832],[135.95456500637,33.62092110812267],[135.9544036059417,33.620855278648264],[135.95456722409813,33.62077416159832]]],[[[135.95412306063076,33.62087777518923],[135.95408722444597,33.62100777488894],[135.95395333337967,33.62094194631385],[135.95412306063076,33.62087777518923]]],[[[135.95365833956077,33.62115305407025],[135.95357639423526,33.6213158286626],[135.9534880538307,33.62119889161562],[135.95365833956077,33.62115305407025]]],[[[135.94612686096593,33.62207916242346],[135.94566613468442,33.62088363966831],[135.94701297017252,33.61882422455835],[135.949105913807,33.61926494632024],[135.94734464284102,33.6203024680845],[135.94612686096593,33.62207916242346]]],[[[135.95452491639185,33.62355022486304],[135.95440894881403,33.6236797479221],[135.9543068352923,33.623589532431026],[135.9543958879599,33.62351477538664],[135.95452491639185,33.62355022486304]]],[[[135.95377833969872,33.62404000014595],[135.95378583734657,33.62420582883601],[135.95367167290942,33.62418444115906],[135.95377833969872,33.62404000014595]]],[[[135.95386972790573,33.62442027937243],[135.953926939177,33.62452666737187],[135.95379861221625,33.624588054195385],[135.95379610940302,33.62441582862766],[135.95386972790573,33.62442027937243]]],[[[135.95386374831344,33.624861440902805],[135.95391900086122,33.62508033319085],[135.95369080418732,33.62499908124266],[135.95386374831344,33.624861440902805]]],[[[135.95303805376318,33.62646889182594],[135.95314500563757,33.62649944089651],[135.9531345779984,33.626639612827944],[135.95298834013988,33.626551946015525],[135.95303805376318,33.62646889182594]]],[[[135.94838961099185,33.62669558573276],[135.94875455318015,33.62475282887999],[135.949336886688,33.6248704682975],[135.94838961099185,33.62669558573276]]],[[[135.95385416333897,33.62650666694918],[135.95391833985957,33.62659582933412],[135.95381389079853,33.62674249526998],[135.95370527877571,33.626562225266525],[135.95385416333897,33.62650666694918]]],[[[135.9540733847789,33.62853641432412],[135.9541083009574,33.628654891909775],[135.95402333301047,33.628723054225645],[135.95394805435933,33.628543613397085],[135.9540733847789,33.62853641432412]]],[[[135.95273678267642,33.629298532201574],[135.9525293639391,33.629217945751634],[135.95253413664113,33.62905446788943],[135.95273875488965,33.62911125198275],[135.95273678267642,33.629298532201574]]],[[[135.95366933916875,33.62919546809644],[135.95375289158278,33.62929394565913],[135.9536637480836,33.62935649530607],[135.9535882230182,33.62922569431038],[135.95366933916875,33.62919546809644]]],[[[135.95374766472298,33.630942973139724],[135.95358221824483,33.63085853219553],[135.95376282729273,33.6307854137159],[135.95374766472298,33.630942973139724]]],[[[135.95344466873655,33.63154141440481],[135.9533718551271,33.63162666743682],[135.95328160815973,33.63145874782299],[135.95336450137074,33.63142655928834],[135.95344466873655,33.63154141440481]]],[[[135.95403250339734,33.63150433265889],[135.95391819686733,33.63167582887644],[135.95374603065488,33.63145202718937],[135.953934423335,33.63134835963916],[135.95403250339734,33.63150433265889]]],[[[135.95321464284154,33.63200894585623],[135.9534018286315,33.63207649483439],[135.95326338519715,33.63222710789478],[135.95321464284154,33.63200894585623]]],[[[135.9538691046755,33.63254686544553],[135.95356527861475,33.632469000344145],[135.9535061086201,33.6321936396248],[135.95387208772672,33.63235625233921],[135.9538691046755,33.63254686544553]]],[[[135.9541050319217,33.633054198192724],[135.9538794675634,33.63295030581202],[135.95399311309177,33.63282916173648],[135.9541050319217,33.633054198192724]]],[[[135.9533109206625,33.6330196129648],[135.953135939572,33.63295791857314],[135.95314160799887,33.63275777535108],[135.95329758821322,33.63279889235503],[135.9533109206625,33.6330196129648]]],[[[135.953999921859,33.633139387372864],[135.95376924755283,33.63308666731592],[135.95381778216495,33.63298241430704],[135.953999921859,33.633139387372864]]],[[[135.95441910485783,33.63397591875372],[135.9542922833623,33.63398238667787],[135.9542473667227,33.63388133255751],[135.95433894918324,33.63381158563624],[135.95441910485783,33.63397591875372]]],[[[135.94974664119457,33.634487775090804],[135.94959172487825,33.63415849461887],[135.9499415557583,33.63415433255648],[135.94974664119457,33.634487775090804]]],[[[135.95755250294576,33.6345297212697],[135.9575588854343,33.63461889174852],[135.95746055805841,33.63470472124595],[135.95740000040973,33.6345752791259],[135.95755250294576,33.6345297212697]]],[[[135.9489774708337,33.63503299987309],[135.9485403886281,33.63445441384016],[135.9489807515605,33.6336790003856],[135.94958766533853,33.63455730617477],[135.9489774708337,33.63503299987309]]],[[[135.9517738650719,33.63504808060446],[135.95174841785524,33.6351629995728],[135.95149635497285,33.63502055865189],[135.95171321659177,33.63495489195475],[135.9517738650719,33.63504808060446]]],[[[135.950884085732,33.63536710790578],[135.95073710773136,33.63532574808488],[135.95084844380074,33.635195359878026],[135.95089286581322,33.63502122504957],[135.95105374823197,33.635139467912154],[135.9508403633921,33.63531027884636],[135.950884085732,33.63536710790578]]],[[[135.95109944188584,33.63546027856904],[135.95110333325226,33.63557305355363],[135.95085167326613,33.635598332597],[135.95085972759443,33.63550055920348],[135.95109944188584,33.63546027856904]]],[[[135.95451566776387,33.63561074773787],[135.95436577236262,33.6353883058257],[135.9545202462125,33.63536527868473],[135.95451566776387,33.63561074773787]]],[[[135.98217416260763,33.636293612860015],[135.98148250301517,33.635958892389],[135.98194666740483,33.63551527930673],[135.98217416260763,33.636293612860015]]],[[[135.94919389088545,33.636372558946505],[135.94880594044184,33.63629669393731],[135.94898277593438,33.63600569400762],[135.94922530510382,33.6360282517025],[135.94919389088545,33.636372558946505]]],[[[135.94801769096375,33.63653905403419],[135.9478634500382,33.63623522527547],[135.94833452661715,33.63596066675143],[135.94801769096375,33.63653905403419]]],[[[135.98244610860104,33.63713972112129],[135.9821372238539,33.637045829201725],[135.98205500603376,33.63669944092652],[135.9826388845769,33.6368144408338],[135.98244610860104,33.63713972112129]]],[[[135.98016416344547,33.640099720925434],[135.98032610886287,33.64021610758732],[135.9801855511223,33.640380278826854],[135.98002999988466,33.64023389168079],[135.98016416344547,33.640099720925434]]],[[[135.9467513879663,33.642058332825854],[135.94645306125983,33.64209694611725],[135.9459727756232,33.64192805433629],[135.94612194617093,33.64182277520098],[135.9467513879663,33.642058332825854]]],[[[135.94757980476425,33.642491774575774],[135.94716027192908,33.64238582904284],[135.94727500563704,33.642075829136274],[135.94757980476425,33.642491774575774]]],[[[135.978431115004,33.64402472116399],[135.97846389079598,33.64380582887594],[135.9789405575607,33.64366222513166],[135.97869083021772,33.644018053590344],[135.978431115004,33.64402472116399]]],[[[135.9416666669831,33.644218468407644],[135.9416540342064,33.64430744103561],[135.9406974190507,33.64415644126683],[135.94071141430038,33.64406874837408],[135.9416666669831,33.644218468407644]]],[[[135.9780097277668,33.644946666555484],[135.97828306141423,33.64511527864727],[135.97811722373092,33.645318612663914],[135.97781583663163,33.645245279246296],[135.9780097277668,33.644946666555484]]],[[[135.96245236108768,33.64828646804614],[135.96253827512135,33.64837713499685],[135.96239150486417,33.64843680231661],[135.9623249163618,33.6483420812221],[135.96245236108768,33.64828646804614]]],[[[135.9573196630721,33.648875864829336],[135.9572205317022,33.64887216232046],[135.95712313872195,33.64873149486266],[135.95726936399,33.64869361272008],[135.9573196630721,33.648875864829336]]],[[[135.95628810561163,33.64904374757094],[135.95639019485168,33.649167720913624],[135.95623486394788,33.64919525185945],[135.95628810561163,33.64904374757094]]],[[[135.95735705598338,33.64940202668225],[135.95709433163813,33.64931422497153],[135.9571232808148,33.6491607754495],[135.95729861174163,33.64927377526459],[135.95735705598338,33.64940202668225]]],[[[135.95810383862135,33.64995980240303],[135.9579156419934,33.649991161762784],[135.9579526329078,33.64985741368872],[135.95811131018888,33.649835413573555],[135.95810383862135,33.64995980240303]]],[[[135.95860286612947,33.65035358584936],[135.9582760830748,33.65021064040877],[135.95836066071604,33.649939278974614],[135.95858131027933,33.64993446760167],[135.95860286612947,33.65035358584936]]],[[[135.98122907855918,33.65043172074735],[135.98139255462274,33.65058413514976],[135.98126221767723,33.65070999976672],[135.9810152530515,33.65052777463717],[135.98122907855918,33.65043172074735]]],[[[135.97855783397688,33.65100935979416],[135.97867175110048,33.6511304948765],[135.9785551881714,33.651164613356286],[135.97855783397688,33.65100935979416]]],[[[135.9714691698664,33.651050224987955],[135.97155403439126,33.65123499969553],[135.97144224416434,33.651308279153795],[135.97133900109407,33.65115594569039],[135.9714691698664,33.651050224987955]]],[[[135.98194972779777,33.65119805374724],[135.98207250324344,33.651326946381516],[135.98191221797458,33.651340000041046],[135.98194972779777,33.65119805374724]]],[[[135.97406483812188,33.65136463966644],[135.97349953327694,33.6512919456668],[135.97359861158668,33.650973494830964],[135.97401069983403,33.650941495153916],[135.97406483812188,33.65136463966644]]],[[[135.96964635469556,33.651472387440776],[135.96976616057987,33.651645495243486],[135.969686420392,33.65167919823648],[135.96964635469556,33.651472387440776]]],[[[135.97067810640954,33.65159225178104],[135.97072527944817,33.651788080955214],[135.9705807521001,33.65174480198107],[135.97067810640954,33.65159225178104]]],[[[135.9823152266664,33.65180308074764],[135.98241749667022,33.651816828683764],[135.9824090529355,33.65192544070658],[135.98225425443036,33.65187155872553],[135.9823152266664,33.65180308074764]]],[[[135.97204053164523,33.652013387208115],[135.9716357719734,33.65172433341132],[135.9719456423776,33.651637359976235],[135.97204053164523,33.652013387208115]]],[[[135.9690735540014,33.65220391937544],[135.96889267155962,33.65220225203234],[135.96897600543832,33.65208172129445],[135.9690735540014,33.65220391937544]]],[[[135.98263136174796,33.65231066710368],[135.98241243798373,33.65219322463764],[135.98265433223173,33.65216327901214],[135.98263136174796,33.65231066710368]]],[[[135.97543664058855,33.65241330582944],[135.9752836713044,33.65248066684933],[135.97527189378297,33.65232813463575],[135.97543664058855,33.65241330582944]]],[[[135.9757599216831,33.65262113465769],[135.975717860391,33.65241097298804],[135.9759431909256,33.65249391925903],[135.9757599216831,33.65262113465769]]],[[[135.9771494156131,33.6525015589998],[135.9767316076776,33.65255394630765],[135.97663549892923,33.65216249480335],[135.9771494156131,33.6525015589998]]],[[[135.96574167283995,33.65333855892743],[135.96540613488526,33.65332716181911],[135.9656580286951,33.65311227870876],[135.96574167283995,33.65333855892743]]],[[[135.98350219237238,33.65343944127727],[135.9835659659966,33.653577532177394],[135.9834541119178,33.6535840001016],[135.98350219237238,33.65343944127727]]],[[[135.98584111497553,33.65438833305518],[135.98572444862452,33.65454333300846],[135.98564727600103,33.65441764016202],[135.98584111497553,33.65438833305518]]],[[[135.98664944181837,33.65763749457477],[135.9866625026724,33.65778916164055],[135.98650360595673,33.657718892213154],[135.98664944181837,33.65763749457477]]],[[[135.98847671942508,33.65828602717846],[135.98857927361462,33.65837358607217],[135.98848306144419,33.65843280193229],[135.9883961347739,33.658382640446575],[135.98847671942508,33.65828602717846]]],[[[135.9887165236487,33.65845002664747],[135.9886672237135,33.6586127751595],[135.98855586336242,33.65855774834148],[135.9887165236487,33.65845002664747]]],[[[135.98617535700714,33.6590436403518],[135.98613605663377,33.658875639798964],[135.9863557457212,33.65889733324536],[135.98617535700714,33.6590436403518]]],[[[135.98704885861798,33.65940113525426],[135.986939196187,33.659281225048574],[135.98700080424373,33.659181694379754],[135.98718807996602,33.65928200026417],[135.98704885861798,33.65940113525426]]],[[[135.98728503227846,33.659654494959],[135.9870823349819,33.65966649461308],[135.9870472236505,33.65957482941491],[135.98721583664167,33.65953110797432],[135.98728503227846,33.659654494959]]],[[[135.9900672244229,33.659897802041996],[135.99000535736138,33.660068441205624],[135.98990111514445,33.66000472064138],[135.9900672244229,33.659897802041996]]],[[[135.9866429963772,33.66087302686873],[135.98655422789534,33.661125802014226],[135.9863550316594,33.661000279139614],[135.9866429963772,33.66087302686873]]],[[[135.98997719778947,33.66140574837664],[135.9897237220722,33.661501386779605],[135.9896054989946,33.66120553230951],[135.99006488978296,33.66112336035485],[135.98997719778947,33.66140574837664]]],[[[135.98137211393203,33.661463865265205],[135.98035313888636,33.6615743595691],[135.98034775644385,33.66153402677395],[135.98136802921124,33.661420613270764],[135.98137211393203,33.661463865265205]]],[[[135.99028380005734,33.66151613476188],[135.9901036451672,33.66147149511346],[135.99014955915493,33.661268108036836],[135.99034199698565,33.66123572075196],[135.99020260656505,33.66144563960461],[135.99028380005734,33.66151613476188]]],[[[135.99047535655257,33.66154616222565],[135.99044328133243,33.661752559333195],[135.99029717297617,33.66171094590351],[135.99047535655257,33.66154616222565]]],[[[135.98230891072774,33.66208172109458],[135.98140924783854,33.66124838680366],[135.98214834037367,33.660765333053746],[135.98230891072774,33.66208172109458]]],[[[135.99039654986098,33.662198332587025],[135.99011274990357,33.66212266722738],[135.99040583715976,33.66185516208611],[135.99059182865005,33.66199086528627],[135.99039654986098,33.662198332587025]]],[[[135.9824259655859,33.662588721092675],[135.98219691275733,33.662549802031776],[135.98225355385853,33.662431107709494],[135.9824196892173,33.66249369422866],[135.9824259655859,33.662588721092675]]],[[[135.99081808009043,33.66281210819227],[135.99066360624045,33.66224053237471],[135.99115213955963,33.662030946271216],[135.9916127237483,33.662299332748034],[135.99081808009043,33.66281210819227]]],[[[135.99150136159858,33.6629590538173],[135.99145070008979,33.662847224919574],[135.9918099477709,33.662571766174096],[135.99199291843854,33.66263046762202],[135.99176224413236,33.66291884692731],[135.99150136159858,33.6629590538173]]],[[[135.9791426720967,33.66170119815183],[135.9783123352462,33.66179366734394],[135.97803238708502,33.66191363960286],[135.97669766456568,33.66304472143679],[135.97665856024446,33.66301230627295],[135.9779810250044,33.66189127885946],[135.97832833958125,33.661745252341575],[135.9791426720967,33.66170119815183]]],[[[135.99319333260632,33.66311110759159],[135.9932216729419,33.66358277502508],[135.9925472236755,33.66349555877309],[135.9927272238823,33.663103612641635],[135.99319333260632,33.66311110759159]]],[[[135.99361167294046,33.664085279312246],[135.99319277592588,33.6640774947806],[135.9934450060822,33.6632161079371],[135.99405861171567,33.66373499967057],[135.99361167294046,33.664085279312246]]],[[[135.99391833995946,33.66414499969204],[135.99412639361822,33.66431027889632],[135.99381778226495,33.66436833283234],[135.99391833995946,33.66414499969204]]],[[[135.97464639371617,33.66587416216288],[135.97475138776645,33.66596722490755],[135.97467834033318,33.66603222520706],[135.974560830418,33.66595666686675],[135.97464639371617,33.66587416216288]]],[[[135.95221795119755,33.57610841397218],[135.9522920877098,33.576290774899405],[135.9520343060385,33.57627141429441],[135.95221795119755,33.57610841397218]]],[[[135.9515305319086,33.576615081221064],[135.9516353568863,33.576783748171465],[135.95149630371156,33.57685100037344],[135.9514358629748,33.57666986522213],[135.9515305319086,33.576615081221064]]],[[[135.94762177702341,33.57681697272517],[135.9477195594102,33.57695941364608],[135.94754710811264,33.5769463330069],[135.94762177702341,33.57681697272517]]],[[[135.94493963715456,33.576899918996105],[135.94489644631403,33.57699986515172],[135.94473389115626,33.57695946760538],[135.9447643583885,33.57687866711683],[135.94493963715456,33.576899918996105]]],[[[135.9462288593744,33.57691394572208],[135.94608686092,33.57712533316766],[135.94599158224582,33.57706955901301],[135.9460873672383,33.57693882906375],[135.9462288593744,33.57691394572208]]],[[[135.94524700384625,33.577127414198856],[135.94522158181064,33.5771912246953],[135.94501330691867,33.57708916243496],[135.94514791204654,33.57703174791686],[135.94524700384625,33.577127414198856]]],[[[135.95194364538304,33.57701961336454],[135.95171014270898,33.577182639767045],[135.95165683539472,33.576943440787204],[135.95194364538304,33.57701961336454]]],[[[135.9416666669831,33.577146108406225],[135.94176542243633,33.57722977503414],[135.94165138840094,33.577349026936076],[135.94154250298413,33.577255829293165],[135.9416666669831,33.577146108406225]]],[[[135.94152213963514,33.577388467603726],[135.9415802718122,33.57745830625589],[135.94153852078614,33.57756380212783],[135.94139457799747,33.57745546799549],[135.94152213963514,33.577388467603726]]],[[[135.94612358023915,33.577643494651625],[135.94607177659122,33.57785910801147],[135.94590717277788,33.57766497316004],[135.94612358023915,33.577643494651625]]],[[[135.94512092069397,33.577209107714225],[135.9451122179546,33.577366999887204],[135.94550158213235,33.57768127876807],[135.94547380027575,33.57786886475634],[135.94493510996745,33.577410829246446],[135.94512092069397,33.577209107714225]]],[[[135.95141588813283,33.57790538712396],[135.9511776649174,33.57778744103763],[135.95159702957926,33.57763491871657],[135.95141588813283,33.57790538712396]]],[[[135.94729527905395,33.57777374796018],[135.9473067831816,33.57786841419602],[135.94719236063895,33.577971918968956],[135.94714306070375,33.57783130636972],[135.94729527905395,33.57777374796018]]],[[[135.96291500562313,33.577953613268676],[135.9629777818992,33.578112224899314],[135.96280111457986,33.578098333071694],[135.96291500562313,33.577953613268676]]],[[[135.9447080293521,33.57814216243088],[135.9447697804011,33.57766449472069],[135.9453611925651,33.57800449511143],[135.9447080293521,33.57814216243088]]],[[[135.9549525548166,33.57816725171733],[135.95471297002757,33.57794289155123],[135.95488428008548,33.57788094624874],[135.9549525548166,33.57816725171733]]],[[[135.95944308742855,33.57957194598856],[135.959102283044,33.57956994589631],[135.9592180797506,33.57929261296374],[135.95944308742855,33.57957194598856]]],[[[135.9566979770301,33.579423585729955],[135.95680963685527,33.579549414374014],[135.95668863757066,33.57971694638002],[135.9565696365795,33.579580531816134],[135.9566979770301,33.579423585729955]]],[[[135.959958105782,33.5793977751872],[135.95998416273903,33.57969030576305],[135.95966766523065,33.57956689179866],[135.959958105782,33.5793977751872]]],[[[135.95717333258335,33.57958722457079],[135.95731194598955,33.57976805395259],[135.95721968903752,33.57986036036738],[135.957012308971,33.579676386955725],[135.95717333258335,33.57958722457079]]],[[[135.9584836708848,33.57968453211549],[135.95862491570733,33.57979777474753],[135.95848082992643,33.579871386955006],[135.95831374758143,33.57974444135294],[135.9584836708848,33.57968453211549]]],[[[135.9589371342414,33.57982266708245],[135.9590349157288,33.57993646819352],[135.9588206360636,33.58003138713883],[135.9587896634123,33.579832108165306],[135.9589371342414,33.57982266708245]]],[[[135.95801666733541,33.57992222473092],[135.958341479076,33.58011891905295],[135.95803824926588,33.58016919834989],[135.95801666733541,33.57992222473092]]],[[[135.95912566811512,33.581279495052684],[135.95923267215016,33.581422586183464],[135.95909364505576,33.58142316174957],[135.95912566811512,33.581279495052684]]],[[[135.96131377441122,33.58209394627863],[135.96064962418086,33.58185633280357],[135.96117518798462,33.581624332896695],[135.96131377441122,33.58209394627863]]],[[[135.95952038865505,33.583168360031834],[135.95931516156554,33.583094441155595],[135.95945044118503,33.58303582874055],[135.95952038865505,33.583168360031834]]],[[[135.95999522709815,33.58480919828594],[135.95960114058028,33.5847187750515],[135.95988457811086,33.58453644110392],[135.95999522709815,33.58480919828594]]],[[[135.96062333340024,33.58464194596911],[135.96077594025746,33.584914892008726],[135.96044160829365,33.58488769381205],[135.96062333340024,33.58464194596911]]],[[[135.95984741902328,33.58497794617534],[135.9597276392193,33.58505922510318],[135.9595753309368,33.584889279316826],[135.95975758844202,33.58478886461444],[135.95984741902328,33.58497794617534]]],[[[135.9599850063031,33.58542577527936],[135.9595220488036,33.58532261314815],[135.95954302189296,33.58504844133256],[135.95992063642825,33.585255973384506],[135.9599850063031,33.58542577527936]]],[[[135.95945868976673,33.5857561619174],[135.95938335895494,33.58574469376265],[135.95919888462095,33.585553080610225],[135.95952758772808,33.58562391930849],[135.95945868976673,33.5857561619174]]],[[[135.95993472071086,33.58695538718143],[135.9596770559515,33.58686153213404],[135.9597272758931,33.58672877511293],[135.959866108734,33.58680280190782],[135.95993472071086,33.58695538718143]]],[[[135.9610580539861,33.589429720705084],[135.96098834033967,33.589564720635394],[135.9608566409213,33.58947972121223],[135.9610580539861,33.589429720705084]]],[[[135.96235739267956,33.59018055928544],[135.96236516192278,33.59036366664992],[135.96223069978703,33.59032494633925],[135.96219992228862,33.590229441035945],[135.96235739267956,33.59018055928544]]],[[[135.9618174451191,33.59101125226755],[135.96187211400695,33.590864107892344],[135.96201272390817,33.5909498015921],[135.9618174451191,33.59101125226755]]],[[[135.96223267200025,33.59183891903092],[135.96179992182897,33.59183113539865],[135.96182555070868,33.591696918777814],[135.96216219213147,33.59162680223517],[135.96223267200025,33.59183891903092]]],[[[135.96208169921113,33.592086198419395],[135.96187963683587,33.5920431622622],[135.9619286121158,33.59192274843616],[135.9620536448599,33.59194830626939],[135.96208169921113,33.592086198419395]]],[[[135.94979830095087,33.59302644141718],[135.94983916974195,33.593492224586555],[135.9496300000245,33.593474999871376],[135.949515837386,33.593055828563706],[135.94979830095087,33.59302644141718]]],[[[135.96212849543383,33.59384702691881],[135.96170433198938,33.593804441321936],[135.96165822284877,33.593608559087784],[135.9622576911396,33.59370919772135],[135.96212849543383,33.59384702691881]]],[[[135.96347194587372,33.59405472084876],[135.96346610927355,33.59419222539094],[135.96333639375962,33.5941824947264],[135.96328416293386,33.59408861269935],[135.96347194587372,33.59405472084876]]],[[[135.96279680862585,33.594433667279986],[135.96292041504523,33.5945390273543],[135.96270783419925,33.5946041976257],[135.9626720231954,33.59450241415516],[135.96279680862585,33.594433667279986]]],[[[135.9634501948707,33.594923865244255],[135.96329202300853,33.59480786529082],[135.9635141123864,33.59477499956665],[135.9634501948707,33.594923865244255]]],[[[135.9606256941205,33.59486191904239],[135.96070661511828,33.59498791855765],[135.96058031073278,33.5950021979931],[135.9606256941205,33.59486191904239]]],[[[135.93510596606757,33.59513238655046],[135.93522983059222,33.595289721143786],[135.93511374790126,33.59536491885598],[135.93494286592056,33.595216332867494],[135.93510596606757,33.59513238655046]]],[[[135.9613397279461,33.59568855878001],[135.96115105108015,33.59559091938547],[135.96114313884482,33.59544491894792],[135.961517977173,33.5955318654033],[135.9613397279461,33.59568855878001]]],[[[135.96261061029145,33.59570538689417],[135.9619624122356,33.59550433265889],[135.96264002621626,33.59490500016568],[135.96261061029145,33.59570538689417]]],[[[135.9635442279838,33.59572977470941],[135.96328425376532,33.59564880155102],[135.96345966293313,33.59546755938044],[135.9635442279838,33.59572977470941]]],[[[135.96273427966332,33.5958180539601],[135.96271625185364,33.59597930600023],[135.96257830124762,33.59585808098569],[135.96273427966332,33.5958180539601]]],[[[135.9650825030551,33.59567638735547],[135.96518333324434,33.596011386616226],[135.96488693918093,33.59583777519322],[135.9650825030551,33.59567638735547]]],[[[135.93555814519232,33.596066918853296],[135.93555313866648,33.59591780226481],[135.9358307782678,33.59595658642735],[135.93570583725466,33.59606649527257],[135.93555814519232,33.596066918853296]]],[[[135.9474286377215,33.59641774798075],[135.94719403427735,33.59638280212465],[135.9471750064215,33.596258026586725],[135.9474435017163,33.59633519831078],[135.9474286377215,33.59641774798075]]],[[[135.96462632914188,33.59639599967568],[135.96461221787956,33.596568891641084],[135.96440360574184,33.596455559076844],[135.96462632914188,33.59639599967568]]],[[[135.9476149682563,33.59656949508616],[135.9477793904066,33.596769891917006],[135.94761555101695,33.59688194564535],[135.94745586289787,33.59666933332312],[135.9476149682563,33.59656949508616]]],[[[135.94715758835207,33.59911010774533],[135.94722900081774,33.59888422502701],[135.9474305056134,33.59899810797634],[135.94715758835207,33.59911010774533]]],[[[135.93363863761306,33.59940610790562],[135.9335639174409,33.59965222536994],[135.93338552522187,33.5995352253704],[135.93363863761306,33.59940610790562]]],[[[135.9499052789056,33.59962472140381],[135.9499544493384,33.599753332550335],[135.9498051097181,33.59974897263703],[135.9499052789056,33.59962472140381]]],[[[135.9344627763361,33.599709999616834],[135.93426138755308,33.599920828583436],[135.93414583726064,33.59979444056103],[135.9344627763361,33.599709999616834]]],[[[135.93183094724054,33.60017905362048],[135.93155819725303,33.60006510771859],[135.93158221814497,33.5999551350215],[135.93176747129178,33.600022999661746],[135.93183094724054,33.60017905362048]]],[[[135.95000000000005,33.60072361290446],[135.9499588847948,33.60054777476006],[135.95019561603488,33.60054474764206],[135.95023413669617,33.60067791925064],[135.95000000000005,33.60072361290446]]],[[[135.93239306129078,33.60072036005664],[135.9322299215737,33.60087127888647],[135.93212513616618,33.600717666587116],[135.93239306129078,33.60072036005664]]],[[[135.93829744507104,33.600904828994715],[135.9381529438034,33.60085466660962],[135.9381536452746,33.600660693636144],[135.93827763930165,33.60072682888011],[135.93829744507104,33.600904828994715]]],[[[135.95125296964886,33.601012252113776],[135.95090121871635,33.60087610824587],[135.9511604411016,33.60078794590703],[135.95125296964886,33.601012252113776]]],[[[135.95073632891854,33.60106619794675],[135.9505265503601,33.60099644113291],[135.9504847471734,33.600819414084754],[135.9506512836299,33.600748134718685],[135.95073632891854,33.60106619794675]]],[[[135.95143352833475,33.600830278794376],[135.9515335536306,33.600897612834615],[135.9514779116763,33.601006613364575],[135.9513493643817,33.60093641408429],[135.95143352833475,33.600830278794376]]],[[[135.95210946777775,33.60135730579509],[135.95160294442042,33.60120466656218],[135.95184907897192,33.601049440879024],[135.9521461088559,33.60114022474164],[135.95210946777775,33.60135730579509]]],[[[135.95128269763848,33.60187730639262],[135.95105172475735,33.601464495090454],[135.95152891133023,33.601546999794266],[135.95128269763848,33.60187730639262]]],[[[135.94985511022526,33.60156610768979],[135.949960803948,33.60169738712477],[135.94988997424298,33.601887000184945],[135.94977204884106,33.60171089224394],[135.94985511022526,33.60156610768979]]],[[[135.95194411213117,33.60243344085069],[135.95191664143988,33.60261091935848],[135.95174338524907,33.60246841368638],[135.95194411213117,33.60243344085069]]],[[[135.95043647156592,33.602531135103845],[135.95033094691576,33.60265346808313],[135.95024430622982,33.60251182935747],[135.95043647156592,33.602531135103845]]],[[[135.9491064983663,33.60390449519633],[135.94888766543352,33.603704973405854],[135.94908810633115,33.60365853241541],[135.9491064983663,33.60390449519633]]],[[[135.9491257195764,33.60497089239283],[135.94914250272438,33.60517249521456],[135.9490105577911,33.60519333340568],[135.94896680937086,33.605037999803926],[135.9491257195764,33.60497089239283]]],[[[135.93425639361772,33.60946889207577],[135.93390372177942,33.60929719800731],[135.93431367143887,33.60910938718854],[135.93462335928064,33.60929119773067],[135.93425639361772,33.60946889207577]]],[[[135.93392542242032,33.60966886532594],[135.93404778237937,33.609829027387775],[135.93385905335265,33.609929864771516],[135.9337346429395,33.6098433059239],[135.93392542242032,33.60966886532594]]],[[[135.93367710791222,33.61065549535488],[135.93357927426416,33.61076891875064],[135.9334683006216,33.610657667217595],[135.93367710791222,33.61065549535488]]],[[[135.93612236095828,33.61184374799063],[135.9360947733552,33.61192477510832],[135.9358671729317,33.61186510778856],[135.9359345006767,33.61177897342094],[135.93612236095828,33.61184374799063]]],[[[135.93686635479855,33.61238905371192],[135.93646444867545,33.61220413511279],[135.93667800258777,33.61201680183399],[135.937178300838,33.61219566709639],[135.93686635479855,33.61238905371192]]],[[[135.93883194633736,33.61463658630947],[135.938730169162,33.614413252269856],[135.93904002607644,33.614273000298795],[135.93896167264313,33.614585865445406],[135.93883194633736,33.61463658630947]]],[[[136.00360693870937,34.009881386916504],[136.00077639361575,34.005972224638526],[135.99383444940042,34.00510082923995],[135.98948389086888,34.00224749532572],[135.9889741632271,33.998889162404964],[135.9848361090992,33.994765000104735],[135.98461472119254,33.99164110785091],[135.97733194561283,33.98972110834251],[135.97460306078267,33.985966667227956],[135.9684761091852,33.98601610835675],[135.96093167315826,33.98452861260546],[135.95813082997392,33.98151555909584],[135.9539825028903,33.980329440551316],[135.94726138810267,33.98066610805449],[135.94358639399695,33.97652138725226],[135.94053999992116,33.980015828967396],[135.92886888529085,33.9803411083555],[135.92656333293155,33.981447494806105],[135.9221072236695,33.97851333342368],[135.91567444861698,33.97259194616146],[135.9159880539056,33.96785889157462],[135.91197888521742,33.96409416221587],[135.90666749730724,33.96307916217364],[135.90706111527834,33.95949222518607],[135.9022930608761,33.95390722483859],[135.8981772236001,33.95373638692479],[135.89384944219807,33.95007416229282],[135.89249693918248,33.94597305411321],[135.89306693938784,33.939183332744676],[135.8980880540205,33.93378166729019],[135.89843472108555,33.926685558591714],[135.90279138781239,33.92406694593285],[135.90487472129143,33.92552027913763],[135.90973138769345,33.922696945707514],[135.90908360602361,33.9184744407429],[135.91578805367578,33.91987610789613],[135.92120360556203,33.916808613027115],[135.92225527905794,33.91411361285299],[135.93248749730026,33.916852224750414],[135.93455749743066,33.920013892127486],[135.93267360570246,33.92266444061147],[135.92786111489863,33.92248861325896],[135.9236858369319,33.91981722478516],[135.91960972810648,33.920944721022124],[135.91728722442588,33.92505610755336],[135.91900167308881,33.93175277517048],[135.92183250326752,33.93432749461823],[135.92795167303132,33.93480110818467],[135.92789055780304,33.939842224638994],[135.92954416283294,33.9414305586734],[135.93682999970474,33.93918638684232],[135.94419389143502,33.93955249455206],[135.94726444939488,33.93765722460131],[135.95758639389703,33.93446833294723],[135.9645525028958,33.92836222493679],[135.9697641631857,33.93002444097522],[135.97553944209164,33.94146305387687],[135.97796082982848,33.95145972078956],[135.97734221766927,33.95722138665769],[135.97515666724644,33.96063694613821],[135.9754119461045,33.963908891981816],[135.9776066669142,33.96697582927118],[135.98544861216374,33.968555558592186],[135.99145722377193,33.96504889239253],[135.99340639369018,33.9609566668168],[135.99715693894166,33.95688166685551],[136.00144111491556,33.95720638686532],[136.0042597278043,33.96302527929328],[136.01035138820612,33.96560389190614],[136.0133302719745,33.969227225356235],[136.01336389133053,33.974231386869064],[136.00816639356424,33.979141946044024],[136.00415306101502,33.98571138657127],[136.0040422177742,33.991770279275045],[135.99715666734642,33.997762224646976],[135.99624167281502,34.002274162023014],[136.00191082992092,34.00139082902359],[136.00528306096453,34.00333833339744],[136.00695472078382,34.00739833266698],[136.00360693870937,34.009881386916504]]],[[[135.75328634169136,33.432669296850634],[135.75315050629092,33.43281817961537],[135.7530416730349,33.43263636007998],[135.75328634169136,33.432669296850634]]],[[[135.75275730200792,33.43302243183979],[135.75248674366833,33.43330308956598],[135.75238171184662,33.43323131467349],[135.75275730200792,33.43302243183979]]],[[[135.7531050842323,33.43394535119705],[135.75335206234786,33.43397679329445],[135.75329775588682,33.43404400862414],[135.7531050842323,33.43394535119705]]],[[[135.7539089108676,33.434084495203365],[135.753653384696,33.4343906397163],[135.75331983064575,33.4343980267476],[135.75358919558494,33.43408766711218],[135.7539089108676,33.434084495203365]]],[[[135.7633078083088,33.434249332840466],[135.7630090274447,33.43474736030248],[135.7628517773877,33.43463789212507],[135.7633078083088,33.434249332840466]]],[[[135.75376333311135,33.43486202656135],[135.75361961065653,33.43501369362713],[135.7534860568361,33.434877612711716],[135.75376333311135,33.43486202656135]]],[[[135.75946883272047,33.43500380198395],[135.75937211423172,33.43509327913159],[135.75922367123553,33.435013585708475],[135.75935208812848,33.434897531795684],[135.75946883272047,33.43500380198395]]],[[[135.75984119341638,33.43502286491332],[135.75950141425892,33.43499449490008],[135.7597629955659,33.434766107569885],[135.75984119341638,33.43502286491332]]],[[[135.7573342540726,33.435319197822764],[135.75726972771588,33.43546927938377],[135.75718021999126,33.43539249526748],[135.7573342540726,33.435319197822764]]],[[[135.7671923093776,33.43517913470936],[135.7673043316297,33.435497000086514],[135.76704875509608,33.4356543328812],[135.76697194579867,33.43539349531363],[135.7671923093776,33.43517913470936]]],[[[135.7675889112993,33.43526469441019],[135.7676556418944,33.435339667291885],[135.7675951876679,33.43554241405121],[135.767457977204,33.43542625221983],[135.7675889112993,33.43526469441019]]],[[[135.75321280232902,33.435822080724506],[135.75306050573784,33.43548744119249],[135.75336386505035,33.43534174832308],[135.75370243821703,33.43542094621972],[135.75321280232902,33.435822080724506]]],[[[135.75370243821703,33.43579569371633],[135.7535652529341,33.4356827478606],[135.75373267162558,33.43551489209864],[135.753916446287,33.43561308097895],[135.75370243821703,33.43579569371633]]],[[[135.7693376646016,33.43562458600587],[135.7695462776387,33.43573736009114],[135.76943182901573,33.43590097285164],[135.7692235019631,33.435720414165814],[135.7693376646016,33.43562458600587]]],[[[135.75268380041712,33.43589253181494],[135.75297077767937,33.43591153179182],[135.7527517765733,33.436084666574175],[135.75268380041712,33.43589253181494]]],[[[135.7530604409866,33.43672727894085],[135.75296730179957,33.436256467661906],[135.75318883269858,33.43597144102921],[135.75364450119287,33.436045359905506],[135.7530604409866,33.43672727894085]]],[[[135.76674311330407,33.43592541372692],[135.76691105090435,33.436517162237294],[135.766365641761,33.436589694358986],[135.76674311330407,33.43592541372692]]],[[[135.75246756202841,33.437117865297296],[135.7521314790846,33.43701441358439],[135.75231272395308,33.43669877492857],[135.7526790268157,33.436830747740885],[135.75246756202841,33.437117865297296]]],[[[135.75287089537562,33.43722299964179],[135.75281736682803,33.43710527928528],[135.75299933924816,33.436992828955965],[135.75299936442923,33.43712461291062],[135.75287089537562,33.43722299964179]]],[[[135.78767800313744,33.43751358588332],[135.7874435795576,33.43762216193329],[135.78734177720128,33.43748353233917],[135.78756802864166,33.437422414412936],[135.78767800313744,33.43751358588332]]],[[[135.7677330870124,33.43747916163403],[135.76755863832057,33.437872386601384],[135.7672922834122,33.437843000354235],[135.76743791242973,33.43756225179652],[135.7677330870124,33.43747916163403]]],[[[135.7528981709139,33.43752441372078],[135.75250167331365,33.43790736033645],[135.75247005225117,33.43736980227459],[135.7528981709139,33.43752441372078]]],[[[135.78823827537622,33.43787382911398],[135.78806671890402,33.437730999685925],[135.78850727608994,33.43765930573244],[135.78823827537622,33.43787382911398]]],[[[135.75122438419805,33.438047721125486],[135.75110775561848,33.438107251748306],[135.75105450136425,33.43795627895918],[135.75121425423447,33.43794353196847],[135.75122438419805,33.438047721125486]]],[[[135.75271147885178,33.43799908129262],[135.75255791241784,33.43815730621475],[135.7524820492073,33.438112305938205],[135.75256717273692,33.43801149463479],[135.75271147885178,33.43799908129262]]],[[[135.78886863807725,33.4381099191375],[135.788326887376,33.43808464009413],[135.7885260305519,33.437858332895814],[135.78888243817403,33.43787274812888],[135.78886863807725,33.4381099191375]]],[[[135.7694435543766,33.43807880169538],[135.7694266929875,33.43822219769629],[135.76925325603304,33.43816161306802],[135.7694435543766,33.43807880169538]]],[[[135.7672479513319,33.43792180164985],[135.76746564212579,33.438211027217164],[135.7672726332255,33.438364694375196],[135.76692464325777,33.438152305984204],[135.7672479513319,33.43792180164985]]],[[[135.78810150468075,33.43847233333156],[135.7878099219904,33.43843438733717],[135.7877533591303,33.43821619831897],[135.7882007781435,33.43816244134365],[135.78810150468075,33.43847233333156]]],[[[135.76862880727367,33.43829730637566],[135.76869053224232,33.43838189211067],[135.76855491627646,33.4386164676759],[135.76842622598963,33.4386123595728],[135.76844418904818,33.43846149470227],[135.76855377413744,33.43844094609284],[135.76862880727367,33.43829730637566]]],[[[135.76913522720906,33.43841608073757],[135.76910871609448,33.43859380206237],[135.76895455341003,33.438601892363465],[135.76913522720906,33.43841608073757]]],[[[135.76703425442736,33.43838116186117],[135.76717033714147,33.43855402684693],[135.76691596569935,33.43862291941224],[135.76703425442736,33.43838116186117]]],[[[135.75328464287202,33.4389196129498],[135.75316533071555,33.43906853168744],[135.7530737482549,33.43893125197576],[135.75328464287202,33.4389196129498]]],[[[135.76872719760217,33.43891786466776],[135.7685971079702,33.43906782931691],[135.768464305983,33.43905646818149],[135.76862691330143,33.43891558578571],[135.76872719760217,33.43891786466776]]],[[[135.75292389062508,33.43893822531891],[135.7529460831953,33.43912669444143],[135.75269077825692,33.43906155924361],[135.75268243794426,33.43893125197576],[135.75292389062508,33.43893822531891]]],[[[135.78815063644277,33.439236468388344],[135.78829769088577,33.43904408091964],[135.78858394329438,33.43908913515554],[135.78815063644277,33.439236468388344]]],[[[135.7872415297728,33.43918008089605],[135.78716988258407,33.43926019789984],[135.7869546172618,33.43931077487241],[135.7870228272418,33.43916427890838],[135.7872415297728,33.43918008089605]]],[[[135.7879912451,33.439407999679474],[135.78766297007007,33.439653666583524],[135.78752880740865,33.43953441378221],[135.78772730217327,33.439372161695985],[135.7879912451,33.439407999679474]]],[[[135.79140627757772,33.44011691906064],[135.79150345022413,33.440180748442856],[135.79129858556132,33.4402644411511],[135.79129858556132,33.44010369363059],[135.79140627757772,33.44011691906064]]],[[[135.7892158627219,33.440153559239434],[135.78898649782866,33.440119829266735],[135.78925642034756,33.43974169402401],[135.78935788635738,33.439858414334424],[135.7892158627219,33.440153559239434]]],[[[135.7823903627251,33.44013055907811],[135.78225319093212,33.43985094636412],[135.78245199686228,33.43976019757508],[135.78269988329305,33.43989102734906],[135.7823903627251,33.44013055907811]]],[[[135.78841739334814,33.44016274761276],[135.78826272434537,33.440376386960736],[135.78820058388987,33.44023022464518],[135.78841739334814,33.44016274761276]]],[[[135.76752005200888,33.44057130602101],[135.76743783418874,33.44064161321995],[135.76728163364055,33.440576801778036],[135.7674838911687,33.4404444683376],[135.76752005200888,33.44057130602101]]],[[[135.77837130958835,33.440690946430095],[135.77829705616432,33.440815441379584],[135.7779359136116,33.44078377535101],[135.77822155627985,33.44058013466554],[135.77837130958835,33.440690946430095]]],[[[135.79138302200897,33.44076844101079],[135.79095574601092,33.44093341444557],[135.79100894900387,33.440679667133],[135.79124438432098,33.4405031077323],[135.79138302200897,33.44076844101079]]],[[[135.79111474704803,33.44093161310349],[135.79107797736685,33.441105559074344],[135.79094664127456,33.44101527883208],[135.79111474704803,33.44093161310349]]],[[[135.79092496761325,33.44130053209392],[135.79146827504087,33.441104225379775],[135.79150535678684,33.441270748346426],[135.79092496761325,33.44130053209392]]],[[[135.79067691300918,33.44119955891256],[135.7899361612249,33.441175027205816],[135.79027355358164,33.440551892355984],[135.79085044079523,33.44066619798667],[135.79067691300918,33.44119955891256]]],[[[135.79109321727822,33.44187635990613],[135.79068444932796,33.44165994614963],[135.7909928664277,33.44140119770714],[135.7912470822871,33.441588558864964],[135.79109321727822,33.44187635990613]]],[[[135.78149961121812,33.44116108141884],[135.78173099868673,33.44150300006345],[135.78160274996696,33.44226272124763],[135.78108985671156,33.44207053162978],[135.78149961121812,33.44116108141884]]],[[[135.77781977965913,33.44296277511205],[135.77756080368817,33.44311880209108],[135.7775029961664,33.44294591911893],[135.77781977965913,33.44296277511205]]],[[[135.79034849498714,33.44317297275455],[135.7901278076523,33.44331269412561],[135.79001758764161,33.44319469407992],[135.79024197119008,33.44300869359637],[135.79034849498714,33.44317297275455]]],[[[135.7900759140722,33.44276819779412],[135.78923319085914,33.44279338690535],[135.78961758808134,33.44140582921568],[135.79077263325053,33.442464774629684],[135.7900759140722,33.44276819779412]]],[[[135.7807957460269,33.44371330612421],[135.78004569435336,33.442953000380726],[135.7809635541248,33.44267208095181],[135.7807957460269,33.44371330612421]]],[[[135.7800476126073,33.443713360083564],[135.78002427969682,33.443930891697335],[135.77984756201545,33.443975468393205],[135.77977182920665,33.44368194586514],[135.7800476126073,33.443713360083564]]],[[[135.79274708221214,33.44405169403052],[135.7926444228019,33.44415689222683],[135.79275469497327,33.44427802730917],[135.79257786038,33.44428599979909],[135.7925721658728,33.444163279212034],[135.79274708221214,33.44405169403052]]],[[[135.7969195587907,33.444413666657454],[135.79627250287376,33.4443908292734],[135.79621897522554,33.44421830603005],[135.79664591397784,33.44424733344772],[135.7969195587907,33.444413666657454]]],[[[135.78913880701043,33.444200864578306],[135.78901635532065,33.44448261318212],[135.78883922215243,33.44449966702604],[135.78905350181776,33.44420405357425],[135.78913880701043,33.444200864578306]]],[[[135.79599736698492,33.44458958574086],[135.7961128021642,33.444775918973505],[135.7958764459413,33.44476827923273],[135.79599736698492,33.44458958574086]]],[[[135.7970983655972,33.44455208131353],[135.79712450079512,33.44480697256381],[135.7968357716536,33.444744054194814],[135.7970983655972,33.44455208131353]]],[[[135.78975116708273,33.44499530588871],[135.78975291806273,33.44513327897772],[135.78959535684032,33.44508191869562],[135.78975116708273,33.44499530588871]]],[[[135.75013583669954,33.44536444071639],[135.75009306134575,33.4454958289694],[135.74994749707935,33.445392495067665],[135.75013583669954,33.44536444071639]]],[[[135.7953266669922,33.44520997316181],[135.79543944197678,33.445384558550586],[135.79528289159225,33.44557819787559],[135.79521452692893,33.445330440947146],[135.7953266669922,33.44520997316181]]],[[[135.7496316731632,33.445476945904375],[135.7495844488633,33.44564027897576],[135.74943000019437,33.445662774617404],[135.7494769394093,33.44548805433027],[135.7496316731632,33.445476945904375]]],[[[135.79490131014745,33.44541197258451],[135.795193384767,33.44550916231805],[135.79513027214443,33.44570827941362],[135.79477033738124,33.44571455937944],[135.79490131014745,33.44541197258451]]],[[[135.74993416283144,33.44590527860578],[135.7498197276983,33.446136387284525],[135.74972583667807,33.44610249543388],[135.74976610921863,33.44595027888232],[135.74993416283144,33.44590527860578]]],[[[135.79497204902088,33.44585753179973],[135.79474647207212,33.44633866729572],[135.79436236083438,33.44602927892811],[135.79497204902088,33.44585753179973]]],[[[135.7919828023645,33.44662044108054],[135.79199680930537,33.4464981350809],[135.79209949389656,33.446477585572154],[135.7921333587675,33.44660869413599],[135.7919828023645,33.44662044108054]]],[[[135.74928194570532,33.44646916162259],[135.74933102530667,33.446636279041115],[135.74918778219046,33.44657610810094],[135.74928194570532,33.44646916162259]]],[[[135.82079620028446,33.44636777475307],[135.82059783412285,33.446627107754864],[135.82040147884527,33.446468107617136],[135.82048108863137,33.446273945786004],[135.82079620028446,33.44636777475307]]],[[[135.79176722407817,33.446840999812366],[135.7916493391457,33.44671480244625],[135.7919516075807,33.446702080636555],[135.79176722407817,33.446840999812366]]],[[[135.74949055784305,33.44680722487357],[135.7495777821889,33.44684110773096],[135.74959138803217,33.447010279201095],[135.74943000019437,33.446982224849876],[135.74949055784305,33.44680722487357]]],[[[135.74885833984058,33.44691999985815],[135.74881138803516,33.4471005594433],[135.74865000019747,33.447015828917415],[135.74885833984058,33.44691999985815]]],[[[135.75008194572524,33.447072225402906],[135.75019610926313,33.447241386980465],[135.7501222182658,33.44739944103145],[135.74991805417494,33.4473446669229],[135.75008194572524,33.447072225402906]]],[[[135.74952416280996,33.44723027855457],[135.74942306102548,33.447506386610485],[135.74932917000524,33.44745582942306],[135.74933583667962,33.447280829446754],[135.74952416280996,33.44723027855457]]],[[[135.79330114103493,33.44781019828207],[135.79304369571003,33.44793919793568],[135.7930882229432,33.44757113509985],[135.79338358008818,33.44757244091545],[135.79330114103493,33.44781019828207]]],[[[135.81875719798632,33.44791282891396],[135.8186884699969,33.44786389230484],[135.81879669261332,33.4477328287071],[135.8188533849758,33.44783653223021],[135.81875719798632,33.44791282891396]]],[[[135.81772474659988,33.447721972990735],[135.81763197073894,33.447950918799904],[135.8175460827856,33.44785299971619],[135.81772474659988,33.447721972990735]]],[[[135.74811888487875,33.448008053628826],[135.74821972765835,33.44804166668962],[135.7481861092017,33.44816027917358],[135.74803833979763,33.44810944139766],[135.74811888487875,33.448008053628826]]],[[[135.79104639407592,33.448191694291324],[135.79109891088615,33.447901108049734],[135.79128447519838,33.447951026718556],[135.79121094662798,33.44812419837308],[135.79104639407592,33.448191694291324]]],[[[135.82056466892436,33.4484248651155],[135.8206041626521,33.4481325323905],[135.82071927407526,33.448148359559184],[135.82069866431198,33.448331251985735],[135.82056466892436,33.4484248651155]]],[[[135.7983966925534,33.44849882895784],[135.798105006441,33.44847246803005],[135.79815027201755,33.44832908102234],[135.7983966925534,33.44849882895784]]],[[[135.74776944160647,33.44844194593912],[135.74788360604362,33.448537774998385],[135.74779610920314,33.44865055897617],[135.747695279014,33.44862805434127],[135.74776944160647,33.44844194593912]]],[[[135.8111011147247,33.44857222532801],[135.81103389130112,33.44871333255429],[135.81094639356127,33.44865694596132],[135.8111011147247,33.44857222532801]]],[[[135.7490736060621,33.44849833343142],[135.7491274970364,33.44865055897617],[135.74903333262228,33.44873527871022],[135.74892555067368,33.448633613050845],[135.7490736060621,33.44849833343142]]],[[[135.81898299616842,33.44870061344261],[135.8186391439814,33.448382972895956],[135.8199676908563,33.446287585803475],[135.820367392741,33.447005973247144],[135.8195509207385,33.4485955591378],[135.81898299616842,33.44870061344261]]],[[[135.74983306104696,33.44857166684898],[135.74990027188005,33.44870138685957],[135.74983306104696,33.448814161844155],[135.74973221826735,33.44879722491203],[135.74975221829027,33.448645000266595],[135.74983306104696,33.44857166684898]]],[[[135.8200820486477,33.44884125212212],[135.81978817088748,33.448495612982185],[135.82020674414593,33.4480292245691],[135.82031961086136,33.44846786529979],[135.8200820486477,33.44884125212212]]],[[[135.82037070044748,33.44884872099175],[135.82022836564659,33.4488188023459],[135.8204089746945,33.448532999598285],[135.82048852062883,33.44866230592072],[135.82037070044748,33.44884872099175]]],[[[135.74957111461526,33.448774721176505],[135.74966500563562,33.44895500017316],[135.74953749705787,33.44897194609848],[135.74957111461526,33.448774721176505]]],[[[135.81178000034686,33.448983891793205],[135.81189444896972,33.4490683327374],[135.81172639355827,33.44915861297966],[135.81162555077856,33.44913055862844],[135.81178000034686,33.448983891793205]]],[[[135.79783131036675,33.449054693619246],[135.79774569400865,33.44917180243681],[135.79765108892673,33.449035801561024],[135.79783131036675,33.449054693619246]]],[[[135.74914083038504,33.448909999896614],[135.7490736060621,33.449169440817116],[135.74891888489867,33.449000279239556],[135.74914083038504,33.448909999896614]]],[[[135.796062698235,33.44915613534744],[135.7961365235817,33.44926700017197],[135.79599572032635,33.44931016223427],[135.7959579119282,33.449176279261906],[135.796062698235,33.44915613534744]]],[[[135.79743552502953,33.4490802793315],[135.79702817081352,33.44935016228021],[135.79684208759238,33.448892613303485],[135.79739024596313,33.44873236041013],[135.79743552502953,33.4490802793315]]],[[[135.74989360610505,33.44911305422414],[135.74986000023887,33.44934416200351],[135.74973888494162,33.44924249544488],[135.74989360610505,33.44911305422414]]],[[[135.81211588813778,33.44913774780889],[135.81179905338365,33.449466666753324],[135.81171858564426,33.44925372078262],[135.81211588813778,33.44913774780889]]],[[[135.8125562780499,33.44922172110557],[135.81249616106902,33.44938444083931],[135.81234844382573,33.44931100040242],[135.8125562780499,33.44922172110557]]],[[[135.7999680033207,33.449184305711185],[135.79975208778865,33.4494465588117],[135.79959616063434,33.44938753180918],[135.79981963676687,33.44917113513981],[135.7999680033207,33.449184305711185]]],[[[135.82037961093033,33.44947194577372],[135.82012442290386,33.44943380192848],[135.82030219189267,33.449289108205846],[135.82037961093033,33.44947194577372]]],[[[135.8003447212319,33.449432864834876],[135.80023255508843,33.44963046837148],[135.80001771694413,33.449533278637944],[135.8003447212319,33.449432864834876]]],[[[135.74906693938783,33.449451107582604],[135.74914083038504,33.4496430543835],[135.74898610922162,33.44963166716775],[135.74906693938783,33.449451107582604]]],[[[135.83258802911428,33.449722414158146],[135.83198596627938,33.44989761288457],[135.83194846994604,33.44928535983155],[135.83258802911428,33.449722414158146]]],[[[135.82754027206602,33.45005774796675],[135.8271270560689,33.449791775270285],[135.82738922193516,33.4496285321311],[135.82754027206602,33.45005774796675]]],[[[135.79742855978031,33.45031427868105],[135.79715111533176,33.45022361262966],[135.79739888485074,33.45007444118255],[135.79742855978031,33.45031427868105]]],[[[135.7969345783681,33.44959774833745],[135.79708252943522,33.45008710813357],[135.79658639414686,33.45003091939145],[135.7969345783681,33.44959774833745]]],[[[135.82006852104553,33.45061597334853],[135.81997335928315,33.45025458618028],[135.82039980520688,33.450310559085096],[135.82006852104553,33.45061597334853]]],[[[135.74990027188005,33.450443333193334],[135.74997416287738,33.45070833282335],[135.74981277593895,33.4506969456076],[135.74990027188005,33.450443333193334]]],[[[135.82571593973887,33.45080669437351],[135.82540027230482,33.450877468320584],[135.8253323869801,33.45079438715129],[135.82571593973887,33.45080669437351]]],[[[135.82073758786942,33.45100944113284],[135.82106902671433,33.45033105373517],[135.82128236119206,33.45075797270232],[135.82073758786942,33.45100944113284]]],[[[135.79742474665477,33.45099482894824],[135.79726477255133,33.4511326941186],[135.79714988326054,33.45107036030896],[135.7972805583512,33.45099482894824],[135.79742474665477,33.45099482894824]]],[[[135.83171338536454,33.45086730598143],[135.83177583698534,33.450964531687816],[135.83175833977566,33.451112613156624],[135.83162033700899,33.45099346827402],[135.83171338536454,33.45086730598143]]],[[[135.75000000039972,33.45096574757122],[135.75006769057154,33.45107208071198],[135.74996749710238,33.45120444113212],[135.74983972772134,33.451085828648104],[135.75000000039972,33.45096574757122]]],[[[135.74961749714987,33.45111444057903],[135.74960444888632,33.45129444078589],[135.74942972769986,33.45123805419291],[135.74946333266678,33.45111972139807],[135.74961749714987,33.45111444057903]]],[[[135.82092466933807,33.451323441223906],[135.82060700361035,33.451327802036474],[135.82063044084225,33.45119244057872],[135.8208335284446,33.451172775103544],[135.82092466933807,33.451323441223906]]],[[[135.8139738650019,33.451016053847866],[135.81382105130058,33.451328721143625],[135.81362644610363,33.45129516204213],[135.8139738650019,33.451016053847866]]],[[[135.81409208807952,33.45112127902388],[135.8141211928388,33.45147055861946],[135.81389747119135,33.451420225363165],[135.81409208807952,33.45112127902388]]],[[[135.82572155600508,33.45153708057188],[135.82544605679016,33.451566613408545],[135.8255190268817,33.45139782864692],[135.82572155600508,33.45153708057188]]],[[[135.8245367189944,33.45163855917224],[135.8242526978038,33.45150738675653],[135.82447175107052,33.45138027927652],[135.8245367189944,33.45163855917224]]],[[[135.8217335537605,33.451520999794354],[135.8217528019503,33.45168038664059],[135.82167335943802,33.45182163955707],[135.82155302205433,33.45169249511264],[135.8217335537605,33.451520999794354]]],[[[135.82529632866272,33.45166682936076],[135.82520700439977,33.451831387308744],[135.82504472083724,33.45164994638799],[135.82529632866272,33.45166682936076]]],[[[135.82530422830757,33.451976802287675],[135.82467833973362,33.451852721026285],[135.82477953324894,33.45153455887282],[135.82530422830757,33.451976802287675]]],[[[135.82101946777425,33.4525856127359],[135.82061219179923,33.45248141368637],[135.82102355429367,33.451957892243],[135.82149717325603,33.45227322512926],[135.82101946777425,33.4525856127359]]],[[[135.81868810577157,33.45263164003819],[135.8123373021249,33.449660162186774],[135.81700861195793,33.447670359999165],[135.81809763879505,33.44910394589044],[135.82005674442325,33.44921802669063],[135.81921483779456,33.45010525195585],[135.81952533142896,33.45046158583358],[135.82061661466514,33.45090782943282],[135.81868810577157,33.45263164003819]]],[[[135.83496907866015,33.4528049726714],[135.83520033662626,33.45264797262587],[135.83525060962802,33.4528102516918],[135.83496907866015,33.4528049726714]]],[[[135.75609167339212,33.45352110821261],[135.75627306125284,33.45362833258156],[135.7561788851475,33.453729721249715],[135.75609167339212,33.45352110821261]]],[[[135.8331690532093,33.45384802706485],[135.8332074713478,33.45410891859177],[135.83290408595485,33.45429889228012],[135.8327256676555,33.45415505381271],[135.8331690532093,33.45384802706485]]],[[[135.83989766474554,33.454274278735],[135.8399006100252,33.454506945938874],[135.83973016871244,33.454486721085345],[135.83989766474554,33.454274278735]]],[[[135.83434953300457,33.454571413839744],[135.83377175096564,33.453806613284655],[135.83445839234105,33.45287602720697],[135.8352088846824,33.453376586260504],[135.83434953300457,33.454571413839744]]],[[[135.8351440336703,33.45448174783445],[135.83502902656835,33.454600053649585],[135.83497325601104,33.4545021984178],[135.8350325033474,33.454417494871564],[135.8351440336703,33.45448174783445]]],[[[135.8384084440945,33.45401805379021],[135.83844518769536,33.454450080906554],[135.83819538301054,33.454580252376786],[135.83817588840657,33.454181585611764],[135.8384084440945,33.45401805379021]]],[[[135.83220425422303,33.45508913465591],[135.83209274998046,33.45528299971073],[135.83195233523213,33.45519644086312],[135.83204111540522,33.45510297342355],[135.83220425422303,33.45508913465591]]],[[[135.76133688738753,33.45625180157941],[135.76114491630494,33.45645991909004],[135.7610397801618,33.45637699979875],[135.76110649816644,33.456227305845516],[135.76133688738753,33.45625180157941]]],[[[135.76170130976766,33.456367919344075],[135.76175830070508,33.456477440581466],[135.76155875463292,33.45654913543433],[135.76161577165055,33.456367919344075],[135.76170130976766,33.456367919344075]]],[[[135.84209233519323,33.45729494590506],[135.84201141419544,33.45752030611726],[135.84180788592528,33.45739558633727],[135.84209233519323,33.45729494590506]]],[[[135.8438276652147,33.45712908124216],[135.8434466413495,33.45761046764903],[135.8434023092692,33.4574069726537],[135.843618910984,33.45711158583106],[135.8438276652147,33.45712908124216]]],[[[135.844151283555,33.45784900023125],[135.84413299584116,33.45747480222042],[135.8443861612924,33.45739605398478],[135.84429219203105,33.45775927936728],[135.844151283555,33.45784900023125]]],[[[135.84506328064595,33.45787325224882],[135.84512185528945,33.457963919199585],[135.8449461088759,33.45811122455342],[135.84496413668558,33.45794125178742],[135.84506328064595,33.45787325224882]]],[[[135.84834455335852,33.45794205398266],[135.84828180316276,33.45821380212533],[135.84814761262226,33.45813930588429],[135.84834455335852,33.45794205398266]]],[[[135.84166666718306,33.458194440621014],[135.84136416312572,33.45824974802753],[135.84151625197353,33.45799997302038],[135.84166666718306,33.458194440621014]]],[[[135.8480110253886,33.45839489231048],[135.847968339967,33.458539693951764],[135.84786544673307,33.458450224898],[135.8480110253886,33.45839489231048]]],[[[135.8491632808608,33.45778299988558],[135.8488917512534,33.458449359750205],[135.84837221830333,33.45836641437859],[135.84849046656188,33.457791333003684],[135.8491632808608,33.45778299988558]]],[[[135.84815275044912,33.45849253170502],[135.84829639376358,33.45862755861498],[135.84806732834454,33.45868938700568],[135.84800522656008,33.45853808056802],[135.84815275044912,33.45849253170502]]],[[[135.84528744475983,33.45833333281712],[135.8450980538322,33.45873305358759],[135.84490878071574,33.45871655912197],[135.8450785601275,33.45832010828644],[135.84528744475983,33.45833333281712]]],[[[135.8414123092308,33.45847016196848],[135.84149644620413,33.45862882935705],[135.84124163409422,33.458775441333614],[135.84118083003136,33.45847158559525],[135.8414123092308,33.45847016196848]]],[[[135.8423532563977,33.458683305789975],[135.84231019505955,33.4589204678054],[135.84219780768274,33.45885399981228],[135.8423532563977,33.458683305789975]]],[[[135.8419757201035,33.45843486537677],[135.8421091696025,33.458816026838235],[135.84195158229977,33.458834694065956],[135.8418516082652,33.458594801708784],[135.8419757201035,33.45843486537677]]],[[[135.84253999972123,33.45880589237811],[135.84250070024723,33.45901125166796],[135.84240949370326,33.458955224803844],[135.84244933906587,33.45878877468226],[135.84253999972123,33.45880589237811]]],[[[135.84616352832427,33.45881505377179],[135.84611516188522,33.4590167483243],[135.84596481232632,33.45912419842307],[135.84606416313068,33.45884135984096],[135.84616352832427,33.45881505377179]]],[[[135.84475919558042,33.458869225334524],[135.84475596611503,33.45908477484255],[135.84464916982336,33.459071532325424],[135.84475919558042,33.458869225334524]]],[[[135.8422405839359,33.4590623871195],[135.8422708038546,33.45927794562073],[135.84213425439236,33.45928941377548],[135.84209208787956,33.4591269728316],[135.8422405839359,33.4590623871195]]],[[[135.7961061094095,33.45938194592014],[135.79607050614902,33.45919561268744],[135.79624564192295,33.45909105390905],[135.79636119311465,33.4592707483464],[135.7961061094095,33.45938194592014]]],[[[135.841398054077,33.459145468288796],[135.84114082998542,33.45943013519263],[135.84089457762275,33.459265386588356],[135.84106124538027,33.45897425176037],[135.841398054077,33.459145468288796]]],[[[135.83996936409494,33.45931805358538],[135.84003150455032,33.45937663992004],[135.83998749712532,33.45958597331406],[135.83986972820549,33.45947966715295],[135.83996936409494,33.45931805358538]]],[[[135.84655038878952,33.459611135445584],[135.8463486636599,33.45960535999944],[135.84630345024414,33.45939002722804],[135.84655038878952,33.459611135445584]]],[[[135.79668474670382,33.45933263968965],[135.7966855506977,33.459551468125824],[135.79651405987602,33.45962089219046],[135.79641442308719,33.45943636029983],[135.79668474670382,33.45933263968965]]],[[[135.8518884703767,33.45938530578729],[135.85193021960401,33.45962605429901],[135.85167177693097,33.45969827885256],[135.85164830102838,33.45951005434557],[135.8518884703767,33.45938530578729]]],[[[135.84740247664308,33.45971525175753],[135.84733555089497,33.459595532208084],[135.84756194622685,33.459572864795916],[135.84740247664308,33.45971525175753]]],[[[135.85116274986103,33.4595581977527],[135.8511549158667,33.45964791861661],[135.85099830073102,33.45985582928313],[135.85094347626045,33.45983174813671],[135.85100613472537,33.459639161917835],[135.85116274986103,33.4595581977527]]],[[[135.795032437597,33.460121441351475],[135.79512664068204,33.4596609731754],[135.79554367070386,33.45980569387774],[135.795032437597,33.460121441351475]]],[[[135.85120972774678,33.460052802394955],[135.8511183656201,33.46024977460746],[135.85096958537815,33.46018849480322],[135.85111574589507,33.46002655927833],[135.85120972774678,33.460052802394955]]],[[[135.7712369392334,33.46032555867765],[135.77122360588476,33.46039889209527],[135.77090749688352,33.46043833276292],[135.7711025031781,33.46030861275233],[135.7712369392334,33.46032555867765]]],[[[135.8520922828327,33.46037469403694],[135.85204477344757,33.46050649507873],[135.85196941565607,33.46050649507873],[135.85195466857317,33.46034861279827],[135.8520922828327,33.46037469403694]]],[[[135.85159963691376,33.460238532182586],[135.85159800284566,33.46048155867703],[135.85148333298946,33.460477440681416],[135.8514915303099,33.4602975861647],[135.85159963691376,33.460238532182586]]],[[[135.85221367062445,33.46044733317791],[135.8522103889983,33.46066016223676],[135.85208097295856,33.46056266673372],[135.85221367062445,33.46044733317791]]],[[[135.8509246165779,33.460345666619276],[135.85106250333195,33.460618693597894],[135.85073355381053,33.46070125226106],[135.8509246165779,33.460345666619276]]],[[[135.85252572008596,33.46082399982777],[135.85233177679015,33.46068297264111],[135.85234413707235,33.45984463991823],[135.8528763549599,33.46022494612441],[135.85252572008596,33.46082399982777]]],[[[135.85424050599465,33.46152653222373],[135.8543323609498,33.46177286462603],[135.85418866367593,33.461828801558],[135.85424050599465,33.46152653222373]]],[[[135.85466260729356,33.46169041388157],[135.85464927394491,33.461887774601166],[135.85442143969772,33.46195816183973],[135.85442489039644,33.461746440745685],[135.85466260729356,33.46169041388157]]],[[[135.85427069983302,33.462974532448754],[135.8542813361148,33.46320049520676],[135.85403150534978,33.46341564001983],[135.85401435797633,33.46310136023965],[135.85427069983302,33.462974532448754]]],[[[135.85581739255872,33.46324582913178],[135.85596756225323,33.46340500014071],[135.8555989112608,33.46355677512514],[135.85562130977564,33.463257972677354],[135.85581739255872,33.46324582913178]]],[[[135.85441408594136,33.46364053168526],[135.85432929965748,33.46337636033081],[135.85448228333075,33.46339180169036],[135.85441408594136,33.46364053168526]]],[[[135.80845924829578,33.46383158635865],[135.80769608270816,33.462500999821316],[135.8087648118467,33.46213197291229],[135.8092270040231,33.462828053571855],[135.80845924829578,33.46383158635865]]],[[[135.85501836560513,33.46400327862847],[135.85490678312158,33.46356372058926],[135.8554186898208,33.463736892243844],[135.85501836560513,33.46400327862847]]],[[[135.80803530518529,33.46400482905966],[135.80796966276978,33.463846999839234],[135.8081636959978,33.46391158555127],[135.80803530518529,33.46400482905966]]],[[[135.8541918940407,33.46424694633953],[135.85407267181643,33.463971919268715],[135.8545277170805,33.46381866669816],[135.8544514141015,33.46424077519168],[135.8541918940407,33.46424694633953]]],[[[135.85405408642703,33.464540494947926],[135.85420852070672,33.46471497331743],[135.8540171081031,33.46479077537401],[135.8538112838637,33.46460686491491],[135.85405408642703,33.464540494947926]]],[[[135.8542033846785,33.46506161340278],[135.8543506099927,33.4651259194257],[135.85419094705458,33.46525280207521],[135.85401260699632,33.465141585615754],[135.8542033846785,33.46506161340278]]],[[[135.85411630422414,33.46528964010486],[135.85429464338313,33.46536958623744],[135.85410800258228,33.46549125191979],[135.85411630422414,33.46528964010486]]],[[[135.85757900077033,33.465728225077555],[135.8576246431628,33.46581858625882],[135.85748360608363,33.46589505381371],[135.8574856943094,33.46574210791198],[135.85757900077033,33.465728225077555]]],[[[135.85747399502895,33.46612802678703],[135.85743389066158,33.466267080861144],[135.85731917044347,33.466221891726946],[135.85747399502895,33.46612802678703]]],[[[135.8555966926333,33.46652122477474],[135.85576771670685,33.46672235994902],[135.85558953313057,33.466808864837276],[135.85551180292748,33.4666313062898],[135.8555966926333,33.46652122477474]]],[[[135.78620758820966,33.46666666673332],[135.7860980031204,33.46521833285982],[135.7861573277985,33.46521713496287],[135.78620758820966,33.46666666673332]]],[[[135.85746058433858,33.46699113493298],[135.85726680921596,33.466869613142194],[135.85729632856282,33.46664594635337],[135.8575735023153,33.46691725202959],[135.85746058433858,33.46699113493298]]],[[[135.85885907868362,33.467489532016316],[135.8586541366791,33.467701360129695],[135.8584665497915,33.467381027012834],[135.85869730233867,33.46728549472982],[135.85885907868362,33.467489532016316]]],[[[135.86142722408715,33.46791361272312],[135.86148111506145,33.46778944063021],[135.8616758371702,33.46782333338018],[135.86162221779114,33.46790805401355],[135.86142722408715,33.46791361272312]]],[[[135.85934513616917,33.467649495327976],[135.85933941558164,33.46785249479683],[135.85885666670185,33.468098945909674],[135.8589243316926,33.46774000040074],[135.85934513616917,33.467649495327976]]],[[[135.85923596566738,33.46817191869911],[135.8590260054459,33.468316946070274],[135.85889138772745,33.46815938664645],[135.85913124501099,33.468088639679024],[135.85923596566738,33.46817191869911]]],[[[135.86013138825308,33.468279694352475],[135.8601749424197,33.46841527884209],[135.86009406009282,33.46851782943435],[135.86002769102515,33.4682918648777],[135.86013138825308,33.468279694352475]]],[[[135.85950836581844,33.46811953229064],[135.8595273666947,33.468372053827295],[135.85924418906814,33.46838916163057],[135.85940369642356,33.46807827858976],[135.85950836581844,33.46811953229064]]],[[[135.85971861202438,33.46863353171216],[135.85964299612738,33.46851261336644],[135.85994258098538,33.46841541374039],[135.8599659660565,33.46853500019017],[135.85971861202438,33.46863353171216]]],[[[135.85978282721578,33.46877344104155],[135.86004147943083,33.46891310755393],[135.85998147936186,33.46919833293674],[135.85952700426787,33.46895922478842],[135.85978282721578,33.46877344104155]]],[[[135.86068744536942,33.469065414037686],[135.86086788624402,33.46926533332851],[135.8606148377047,33.46939397325332],[135.86052357989934,33.46921666741531],[135.86068744536942,33.469065414037686]]],[[[135.86150230938415,33.47019641403335],[135.86172469463907,33.47029810757164],[135.86156350195415,33.47053519764131],[135.86143219194219,33.47029502739366],[135.86150230938415,33.47019641403335]]],[[[135.86123094705067,33.46999353237567],[135.86151566791386,33.47049794592351],[135.8612607523819,33.47041169374472],[135.8611264719092,33.47023561278337],[135.86123094705067,33.46999353237567]]],[[[135.86252661471156,33.47081027867148],[135.8624090526357,33.47089836007132],[135.86232194610102,33.47073958566341],[135.86248927396093,33.47069786521433],[135.86252661471156,33.47081027867148]]],[[[135.86330739262212,33.4708074413104],[135.8634284953289,33.47087494622184],[135.86336795117006,33.471021613057076],[135.86325377414244,33.47096522466546],[135.86330739262212,33.4708074413104]]],[[[135.8594077820436,33.471121694110934],[135.85920771706253,33.47112666736189],[135.85942905280865,33.470936585754885],[135.8594077820436,33.471121694110934]]],[[[135.85251477263876,33.47191658598172],[135.85247861179857,33.47211853234444],[135.8523296885644,33.472074225445226],[135.85251477263876,33.47191658598172]]],[[[135.8526914399581,33.472043161962404],[135.85275914361966,33.472176197773365],[135.85268444862845,33.47222313518961],[135.85261907870756,33.4720686127763],[135.8526914399581,33.472043161962404]]],[[[135.85245250268088,33.47243769364468],[135.85236147869932,33.47225916203075],[135.85253299560134,33.47223627878128],[135.85245250268088,33.47243769364468]]],[[[135.8620319965794,33.47265080239265],[135.86205688711573,33.47254474804174],[135.86222286599252,33.47258819788709],[135.8621958881298,33.47265253178898],[135.8620319965794,33.47265080239265]]],[[[135.76507916966796,33.47296999966579],[135.7651533331599,33.473054440609985],[135.7650994421856,33.47314472085225],[135.76494472102218,33.47302055865191],[135.76507916966796,33.47296999966579]]],[[[135.84844319100057,33.47338438658022],[135.8484126068564,33.473465080948756],[135.8478839952503,33.47332799998725],[135.84791442291237,33.47324591886411],[135.84844319100057,33.47338438658022]]],[[[135.80157416281747,33.473826945657095],[135.80167360625194,33.47387361327668],[135.80158083039112,33.47398472091817],[135.8015069393938,33.47388333314933],[135.80157416281747,33.473826945657095]]],[[[135.86672847034265,33.4739347752697],[135.86681469464247,33.47407789158149],[135.86664732811175,33.47416572117112],[135.86672847034265,33.4739347752697]]],[[[135.80048919641933,33.474272946439385],[135.80072927403683,33.47358991943929],[135.801188223258,33.473890694100305],[135.80048919641933,33.474272946439385]]],[[[135.76354666734494,33.4741594412053],[135.76358027231174,33.474334162391756],[135.7634727763476,33.47430055922348],[135.76343916958206,33.47420472117102],[135.76354666734494,33.4741594412053]]],[[[135.8053214138522,33.4743506127906],[135.80511408594634,33.47455949472493],[135.80506518800803,33.474525360057385],[135.8052682486308,33.47431827856576],[135.8053214138522,33.4743506127906]]],[[[135.8666370560553,33.47427419829569],[135.86647652437216,33.47446446786097],[135.86613158220678,33.4743537208476],[135.86643433177903,33.47420325167877],[135.8666370560553,33.47427419829569]]],[[[135.86656586302422,33.47495022497293],[135.86638958511128,33.47509761306446],[135.86626688700733,33.47488082878726],[135.8664303630709,33.47483786457582],[135.86656586302422,33.47495022497293]]],[[[135.7703491698784,33.475619441084405],[135.77043666671887,33.475726667251934],[135.7703491698784,33.475811108196126],[135.7702686122068,33.475687224785645],[135.7703491698784,33.475619441084405]]],[[[135.7283377559827,33.47595266688211],[135.7282571983111,33.47619008070774],[135.72782922174122,33.47599274786705],[135.72805452709486,33.475908359982895],[135.7283377559827,33.47595266688211]]],[[[135.72787513572905,33.47647444094275],[135.7280286895724,33.47671080166219],[135.72737791226086,33.476465999906],[135.7275780797646,33.476356279019114],[135.72787513572905,33.47647444094275]]],[[[135.73983769095673,33.476782224919816],[135.73970693942374,33.47672155935254],[135.73975131017494,33.47658069404383],[135.7398890791178,33.476613945577185],[135.73983769095673,33.476782224919816]]],[[[135.73547058400027,33.47701464031343],[135.73529369634707,33.47684089219348],[135.73544775560947,33.47676438686699],[135.73547058400027,33.47701464031343]]],[[[135.72741238687217,33.47671341419277],[135.72748830134412,33.47682474756408],[135.72722255527674,33.477036108030006],[135.7271710250228,33.476949747932565],[135.72741238687217,33.47671341419277]]],[[[135.70525489030103,33.477004495061465],[135.70541752280053,33.47704841435291],[135.70531272390315,33.4771377745887],[135.70525489030103,33.477004495061465]]],[[[135.7060202196575,33.477178468011914],[135.70599678332496,33.4770736403363],[135.7063380535584,33.47697972143703],[135.70631072585934,33.47710638734992],[135.7060202196575,33.477178468011914]]],[[[135.73731603061037,33.477110775142194],[135.73707202295554,33.47723346785034],[135.73701038881848,33.47710002734442],[135.7371464976128,33.477011775073436],[135.73731603061037,33.477110775142194]]],[[[135.7184177823549,33.47705082903258],[135.71845138822107,33.47718610775274],[135.71830630419265,33.477249000041354],[135.71824306116844,33.477180558935686],[135.7184177823549,33.47705082903258]]],[[[135.7078465502782,33.4771138292399],[135.70785469543796,33.477309251920474],[135.70773538328137,33.4772888022365],[135.7078465502782,33.4771138292399]]],[[[135.7273258882792,33.477329494760454],[135.72709574637167,33.477329494760454],[135.72711457817536,33.47717836009332],[135.72728549882675,33.47718061289504],[135.7273258882792,33.477329494760454]]],[[[135.7067923092178,33.47725672072113],[135.70692786043253,33.47731805358535],[135.70690888473735,33.47738849478327],[135.70675435782744,33.47738849478327],[135.7067923092178,33.47725672072113]]],[[[135.70627652374264,33.47742713505431],[135.70593525260983,33.47764335995316],[135.7057203110436,33.47743044096211],[135.70593914397637,33.477229494645485],[135.70627652374264,33.47742713505431]]],[[[135.83614396916892,33.47773827889853],[135.8359934757184,33.477306973038424],[135.83664228261534,33.47737410832849],[135.83614396916892,33.47773827889853]]],[[[135.70676697801366,33.4776821081428],[135.70611175085673,33.4777148920287],[135.7062810887013,33.47747463994273],[135.70676697801366,33.4776821081428]]],[[[135.7286471335584,33.477630864772664],[135.72863085582935,33.477775721272565],[135.72849457796246,33.47770244091498],[135.7286471335584,33.477630864772664]]],[[[135.70890725026948,33.47746069415575],[135.7082433851242,33.477778585613294],[135.7080398307736,33.47743844133106],[135.70839697763847,33.47721716224231],[135.70890725026948,33.47746069415575]]],[[[135.7090187554113,33.477701720558],[135.70883319109896,33.47784402658061],[135.70877703023586,33.47780486470282],[135.70900678273688,33.477551468125796],[135.7090187554113,33.477701720558]]],[[[135.71961094708763,33.47764819830576],[135.71967817141058,33.47782846830921],[135.71956399528221,33.47784541423454],[135.71961094708763,33.47764819830576]]],[[[135.70844817064665,33.477849748067456],[135.70860910522606,33.4777148920287],[135.70868094666844,33.47784022514634],[135.70844817064665,33.477849748067456]]],[[[135.70709596620588,33.477838359952386],[135.70677875463593,33.47789061326125],[135.7067814786824,33.477838359952386],[135.70709596620588,33.477838359952386]]],[[[135.71009297041428,33.47782282866069],[135.71002367135543,33.4779205858664],[135.70984955900997,33.47782282866069],[135.71005747057586,33.47773361321572],[135.71009297041428,33.47782282866069]]],[[[135.70666243812104,33.477850468424435],[135.70656214033056,33.477943639987075],[135.7064428272747,33.47795046764003],[135.70640486419325,33.47784366685181],[135.70666243812104,33.477850468424435]]],[[[135.72317427956943,33.477733332627224],[135.72307461670027,33.478004161662795],[135.72288525275223,33.47776589168262],[135.72317427956943,33.477733332627224]]],[[[135.72123355428516,33.47781122470832],[135.72129255520736,33.477906891889575],[135.72126399543708,33.478048829190186],[135.72109461712296,33.47783035958349],[135.72123355428516,33.47781122470832]]],[[[135.80353905288507,33.47577727929803],[135.80339700406853,33.476111891850394],[135.80433333321685,33.47781613500666],[135.80428975386906,33.47785749482756],[135.80333581059926,33.47612816238484],[135.80353905288507,33.47577727929803]]],[[[135.72213505808656,33.47783472129538],[135.7223575233811,33.477942559001974],[135.7223106102465,33.47811446800836],[135.72211247700932,33.4779658649328],[135.72213505808656,33.47783472129538]]],[[[135.71868338542993,33.478126224845425],[135.71858066126856,33.47821072064829],[135.718481751132,33.47811189235],[135.718641556163,33.47802419765867],[135.71868338542993,33.478126224845425]]],[[[135.72450352791554,33.478229747604814],[135.72442866385177,33.478228413910244],[135.72430927435357,33.47806394589446],[135.72447197070494,33.478054946378734],[135.72450352791554,33.478229747604814]]],[[[135.74162513579142,33.47790463998717],[135.74179428028185,33.47813766691985],[135.74155800319932,33.478095891612156],[135.74162513579142,33.47790463998717]]],[[[135.705051633626,33.47805541402619],[135.70484922231378,33.478393134635496],[135.70476610876892,33.47832802731665],[135.705051633626,33.47805541402619]]],[[[135.7193690267593,33.478151027248146],[135.71940136188346,33.478305666573306],[135.71927771679327,33.47841566714936],[135.71916739336064,33.47824349464162],[135.7193690267593,33.478151027248146]]],[[[135.74231341123505,33.47814433269485],[135.74199360602017,33.478452532158656],[135.74185016865044,33.4781780536743],[135.74231341123505,33.47814433269485]]],[[[135.74238274986408,33.478462386929664],[135.74245199676227,33.4787870538795],[135.74221722424556,33.478798972594575],[135.74217771702808,33.47854177458328],[135.74238274986408,33.478462386929664]]],[[[135.74364880734663,33.47885905360249],[135.74344955895003,33.478917108437884],[135.74330383910092,33.47883046775195],[135.7430707519137,33.478831332899745],[135.7431894939001,33.478649721107786],[135.74364880734663,33.47885905360249]]],[[[135.83359555129368,33.47919389188468],[135.833454448564,33.47903610763029],[135.83374333328823,33.47904166723919],[135.83359555129368,33.47919389188468]]],[[[135.70533841843337,33.47928074840786],[135.70508902743677,33.479351918955956],[135.70509627777108,33.47920805440822],[135.70533841843337,33.47928074840786]]],[[[135.71153975385664,33.47905166680101],[135.71163535718608,33.47931646768092],[135.711379416427,33.4792283871804],[135.71153975385664,33.47905166680101]]],[[[135.74417824902707,33.47930586467396],[135.74415722377694,33.479402720759026],[135.74397158212287,33.47937335969283],[135.74406267175493,33.47927355922741],[135.74417824902707,33.47930586467396]]],[[[135.74612119293874,33.47938830642528],[135.74603983127327,33.47944341418224],[135.74583099880158,33.47932469377963],[135.74589299626484,33.47925941379094],[135.74612119293874,33.47938830642528]]],[[[135.75918111531632,33.479500747761335],[135.75910408568507,33.47939855869657],[135.75917041518255,33.47932861302513],[135.75927097287718,33.47940930559503],[135.75918111531632,33.479500747761335]]],[[[135.73045680873474,33.47933927898458],[135.7306465503981,33.479471134885046],[135.73049630426112,33.47963386541062],[135.73019686059672,33.47948477490252],[135.73045680873474,33.47933927898458]]],[[[135.7496466666604,33.47964055906459],[135.7496736058523,33.47971389158289],[135.7495391697969,33.47986055931739],[135.7494922179916,33.47976472126493],[135.7496466666604,33.47964055906459]]],[[[135.7061648117567,33.479944892342985],[135.70614130977367,33.47976772140328],[135.7063075881248,33.47984041360428],[135.7061648117567,33.479944892342985]]],[[[135.73611766509828,33.480199747620304],[135.73617204890104,33.48026710774087],[135.73608457814078,33.48035227893456],[135.73599238683926,33.480233413741075],[135.73611766509828,33.480199747620304]]],[[[135.71710766528656,33.4804277212624],[135.71704488990986,33.48053772093914],[135.71694600495425,33.48041180236282],[135.71703727624936,33.48031774766599],[135.71710766528656,33.4804277212624]]],[[[135.71171258107086,33.48048989229477],[135.71171442288232,33.48065389176372],[135.71155347571244,33.48057266679518],[135.71171258107086,33.48048989229477]]],[[[135.71204938976757,33.48079361313478],[135.71182216616012,33.48100946841231],[135.71176914393095,33.48076294625304],[135.71204938976757,33.48079361313478]]],[[[135.761946393911,33.48069305364157],[135.76199333312593,33.48098610762281],[135.76182527861374,33.48098610762281],[135.761946393911,33.48069305364157]]],[[[135.6897923346486,33.48118986522013],[135.68958658865017,33.48117549495316],[135.68962258131717,33.481050494584736],[135.6897923346486,33.48118986522013]]],[[[135.74736771714652,33.4810474144067],[135.74751533096776,33.481118279185296],[135.7473953829906,33.4812368287167],[135.74727547278485,33.48112602684472],[135.74736771714652,33.4810474144067]]],[[[135.71660795069647,33.48104597279348],[135.71666666743283,33.48126433268288],[135.71651958511086,33.481320053777495],[135.71634914379797,33.48116133332894],[135.71660795069647,33.48104597279348]]],[[[135.81174316501517,33.481361586268235],[135.8080451878352,33.47928119806886],[135.80598600475037,33.47464589169459],[135.79983280194233,33.46955474775348],[135.80002664091683,33.46641602657843],[135.79758535657902,33.463615559310654],[135.80086005165015,33.46150855927266],[135.80259108920745,33.463813107988585],[135.80820241181198,33.465202279062],[135.81511169894577,33.46410427878948],[135.81546649768075,33.462235639563175],[135.82088386529824,33.462249440559276],[135.82492280244549,33.4594964143281],[135.82162014295534,33.452372000367575],[135.82473272443576,33.45240172116257],[135.8258764723214,33.45187466718221],[135.8260929957952,33.4509476127422],[135.8314215049985,33.44896691888823],[135.8291656419808,33.45616435959755],[135.83524488993976,33.454674252215],[135.83873978041663,33.45562013486136],[135.83972564242447,33.459753053860425],[135.84614703026125,33.45941253186288],[135.8462666670731,33.45962563971153],[135.84655491597664,33.45978441411944],[135.84828325556782,33.46010625180213],[135.8499004668331,33.461794360221575],[135.85402830106534,33.46169710843486],[135.85340221823787,33.46616977511508],[135.85484871569577,33.466968305642865],[135.8572145783902,33.466882531903366],[135.86104418933792,33.47065322466665],[135.8560992742622,33.47071261319661],[135.85507549863541,33.47168680200434],[135.8534205059517,33.47165502715785],[135.8525775228345,33.471658135214795],[135.852250921443,33.472105279035475],[135.848137301895,33.47164380182005],[135.84562430561732,33.47465708105949],[135.84069007808466,33.47506469428026],[135.83630386503137,33.47674758573254],[135.8284705838504,33.4775005862831],[135.8230411410359,33.4756874136433],[135.81939269761494,33.476636586009704],[135.81413914420625,33.47624730636812],[135.81423294439492,33.4794374678649],[135.81174316501517,33.481361586268235]]],[[[135.761479921861,33.48131749520627],[135.76122758828262,33.48136261329404],[135.7611488067721,33.48111605426254],[135.7613710247531,33.481174585738586],[135.761479921861,33.48131749520627]]],[[[135.7115539172795,33.48136510801339],[135.71168924816038,33.48150458566812],[135.7114880536309,33.48164863997283],[135.71136916955163,33.48158427909124],[135.7115539172795,33.48136510801339]]],[[[135.68969791212896,33.48179035963744],[135.68954533135206,33.4816883603296],[135.68959846959376,33.48153174789189],[135.6898179509377,33.48159782917651],[135.68969791212896,33.48179035963744]]],[[[135.73471574613484,33.48136594618154],[135.73415944170495,33.48180110833454],[135.73410167285397,33.48174582880699],[135.73465092120307,33.481310531755696],[135.73471574613484,33.48136594618154]]],[[[135.71556372178839,33.481983918922765],[135.71527836600387,33.48197319810464],[135.71542289155332,33.481862828806584],[135.71556372178839,33.481983918922765]]],[[[135.69403180262566,33.4821400538205],[135.69375044073035,33.48184816176331],[135.69403686131216,33.481646198313456],[135.69439136237156,33.481989892219815],[135.69403180262566,33.4821400538205]]],[[[135.79745333340463,33.48182610768879],[135.79745306091013,33.48212138659278],[135.79729416329508,33.48196055903264],[135.79745333340463,33.48182610768879]]],[[[135.7366166926064,33.48213277470785],[135.73641406006084,33.48220872065599],[135.7362051097781,33.482047305838535],[135.7364077558134,33.48199033288762],[135.7366166926064,33.48213277470785]]],[[[135.73617447527192,33.48228419805736],[135.73616627795138,33.48235489196475],[135.73499949393158,33.482261224875685],[135.73500955914392,33.48218735995874],[135.73617447527192,33.48228419805736]]],[[[135.7157798306747,33.48222738698439],[135.71570177671572,33.482356134827796],[135.71559688698676,33.482238613221455],[135.7157798306747,33.48222738698439]]],[[[135.79166666728293,33.48209302737138],[135.7908520487831,33.4815421980141],[135.79090167337358,33.481497440554506],[135.79166666728293,33.48209302737138]]],[[[135.73655902717746,33.482287000344854],[135.73666272440528,33.482357197826445],[135.73660422800276,33.48248089237933],[135.73647124525178,33.48235053205144],[135.73655902717746,33.482287000344854]]],[[[135.73388644620263,33.48247561335893],[135.7337415303474,33.482548026770075],[135.7337229179783,33.482412107732614],[135.73388644620263,33.48247561335893]]],[[[135.69047664138395,33.48251489214863],[135.69042175126287,33.482568053772695],[135.6900908304275,33.482359721324144],[135.69036347609358,33.482359721324144],[135.69047664138395,33.48251489214863]]],[[[135.69065474671925,33.48266482891876],[135.6905725288991,33.48247982938068],[135.69078333268476,33.48248091935898],[135.69085535668944,33.48259586530696],[135.69065474671925,33.48266482891876]]],[[[135.7972425026395,33.482239440597766],[135.7972874966207,33.482440829380835],[135.79710527868576,33.48242805361184],[135.7972425026395,33.482239440597766]]],[[[135.73338752301584,33.48266441433128],[135.73323002564518,33.48248461287466],[135.7333616342321,33.482222919152434],[135.733502139812,33.48225927874279],[135.73338752301584,33.48266441433128]]],[[[135.7343497796187,33.482659198263434],[135.73436739284102,33.48286913510253],[135.7341370557806,33.482881775073906],[135.7343497796187,33.482659198263434]]],[[[135.69295756244162,33.483374161988024],[135.69120216584736,33.48289297343206],[135.69195905326774,33.48163586510316],[135.69382374806753,33.48245572125461],[135.69295756244162,33.483374161988024]]],[[[135.79329533141447,33.48333333276713],[135.79319224392702,33.48333333276713],[135.7924692744375,33.48270694596886],[135.79251669299106,33.482652134988086],[135.79329533141447,33.48333333276713]]],[[[135.69781333311892,33.48382666666737],[135.69801885878337,33.48401989230422],[135.697779728152,33.484074440682946],[135.69781333311892,33.48382666666737]]],[[[135.79697805429385,33.483641945919146],[135.7968850059383,33.48428916191534],[135.796732775897,33.48432416173074],[135.79676527919435,33.48384249473537],[135.79697805429385,33.483641945919146]]],[[[135.69771916960406,33.48446361330514],[135.69782693896218,33.48466666673335],[135.69761167274055,33.48464972080802],[135.69771916960406,33.48446361330514]]],[[[135.70577944236743,33.484734161752215],[135.7055057723736,33.48482763998368],[135.70531583735612,33.484604440842304],[135.70577944236743,33.484734161752215]]],[[[135.79674722440495,33.484471531835766],[135.79674978027822,33.48481408090515],[135.7965221924453,33.484900162212796],[135.79661111471125,33.48450055925343],[135.79674722440495,33.484471531835766]]],[[[135.70517297015647,33.485047748155125],[135.70531583735612,33.48506694598285],[135.70532250313113,33.48520222470296],[135.7051131652404,33.48514366714659],[135.70517297015647,33.485047748155125]]],[[[135.66960486417315,33.48564461290863],[135.66894739320765,33.485629694055206],[135.669101672804,33.485247108067654],[135.66993072632204,33.48526189202278],[135.66960486417315,33.48564461290863]]],[[[135.66811038878348,33.48603391863048],[135.66788345026112,33.486199559362205],[135.66753355373055,33.48598722493051],[135.66800868984922,33.48579338685539],[135.66811038878348,33.48603391863048]]],[[[135.79594888543284,33.48591777478555],[135.79524027182117,33.486194441320436],[135.79561766512325,33.485407162210834],[135.79594888543284,33.48591777478555]]],[[[135.70456294382484,33.48612382925137],[135.70461683479914,33.486292999822126],[135.70444182942697,33.486321054173345],[135.70456294382484,33.48612382925137]]],[[[135.66912169890736,33.48641174810376],[135.66837489018906,33.486235640162704],[135.66866411215915,33.48579241378894],[135.66920111533932,33.48577691936936],[135.66912169890736,33.48641174810376]]],[[[135.69232433180252,33.48621330639901],[135.69236613498924,33.48644774796526],[135.69195138834596,33.48641972059369],[135.6921166405706,33.48618430596099],[135.69232433180252,33.48621330639901]]],[[[135.79599111489813,33.48683055878331],[135.7959341626315,33.48702610826831],[135.795808611878,33.48703416169724],[135.795854163439,33.48686222481189],[135.79599111489813,33.48683055878331]]],[[[135.79528000027187,33.4868836133881],[135.79529444877983,33.48723305396231],[135.79501861231915,33.48716527925427],[135.79495833975568,33.48696138675865],[135.79528000027187,33.4868836133881]]],[[[135.79582389135953,33.48713889224615],[135.79585250329046,33.48730638737993],[135.79570972782176,33.48742222455604],[135.79570277606229,33.487208333397916],[135.79582389135953,33.48713889224615]]],[[[135.69228749737022,33.48738361306334],[135.69239522715804,33.487493000301754],[135.69215727643723,33.48762108084827],[135.69207250274383,33.48750777526368],[135.69228749737022,33.48738361306334]]],[[[135.702821672882,33.48745138687207],[135.70276111523333,33.48765444119954],[135.70260666656452,33.48751916158011],[135.702821672882,33.48745138687207]]],[[[135.68655427975625,33.4878120536834],[135.68646992244908,33.48797877540022],[135.68619544666262,33.487791999701074],[135.68621180263267,33.487604161902595],[135.68655427975625,33.4878120536834]]],[[[135.67499999965037,33.487963414080355],[135.67476069994643,33.488047748005215],[135.67477141356994,33.487893532260784],[135.67499999965037,33.487963414080355]]],[[[135.6866244754392,33.48805291910696],[135.68655522674237,33.4879241622703],[135.68676297013508,33.487809135383316],[135.68688383901804,33.48802441419542],[135.6866244754392,33.48805291910696]]],[[[135.7957108303906,33.48781333341867],[135.79576972789073,33.48791722490006],[135.7957044488013,33.488163333371176],[135.79558666729088,33.48829694564756],[135.79562250257652,33.48785444142936],[135.7957108303906,33.48781333341867]]],[[[135.6612564459283,33.48844446773802],[135.66128280235955,33.48858616222168],[135.66111491602067,33.488537918989834],[135.66108613501717,33.4884253868222],[135.6612564459283,33.48844446773802]]],[[[135.70255418932447,33.48865558628631],[135.70244708186738,33.48875744080328],[135.70231542201918,33.488742891571235],[135.70233855977676,33.488632532165695],[135.70255418932447,33.48865558628631]]],[[[135.79562055824226,33.48865805402602],[135.79561722355606,33.48890194566832],[135.79550306091755,33.48886333327624],[135.795506667199,33.488730559168005],[135.79562055824226,33.48865805402602]]],[[[135.67324958530014,33.48900772122943],[135.67304603094965,33.4889961082838],[135.6730272755883,33.488893494739045],[135.67336741897122,33.48891425199116],[135.67324958530014,33.48900772122943]]],[[[135.70231367103918,33.48898808093526],[135.70209466903384,33.48902749462326],[135.7020753830725,33.488784333230456],[135.7024605060476,33.48885010784625],[135.70231367103918,33.48898808093526]]],[[[135.66577394291323,33.48917205434691],[135.66578583734656,33.48939086479663],[135.66555080402645,33.48934149471427],[135.6656135542222,33.48917789184628],[135.66577394291323,33.48917205434691]]],[[[135.66624819679691,33.489412774979655],[135.6659451099789,33.48938913540036],[135.66618464260728,33.48926297310777],[135.66624819679691,33.489412774979655]]],[[[135.67190377413988,33.48945166706085],[135.6717580291098,33.489422359954006],[135.6717207782914,33.48926441382167],[135.67185403443625,33.489159532186704],[135.67190377413988,33.48945166706085]]],[[[135.66222664084682,33.489476775233015],[135.66206341119755,33.489271747793],[135.66229649838476,33.48919333320583],[135.66222664084682,33.489476775233015]]],[[[135.66673856023647,33.489625666991],[135.66625775569094,33.48961553163156],[135.66635408567254,33.48947572122762],[135.66666299560086,33.48941261310165],[135.66673856023647,33.489625666991]]],[[[135.67154344997027,33.489512918986065],[135.67179299565032,33.48961230576333],[135.6715405316703,33.4898781345683],[135.6712390006794,33.489656892351775],[135.67154344997027,33.489512918986065]]],[[[135.67137693869483,33.49014374843529],[135.67117763903684,33.490035197566385],[135.6713606996367,33.48991405439017],[135.67146849507503,33.48998041356526],[135.67137693869483,33.49014374843529]]],[[[135.67099488960253,33.490092495172576],[135.67112155641473,33.490189972689166],[135.6711241365697,33.49033516193822],[135.6708629698502,33.49021855943903],[135.67099488960253,33.490092495172576]]],[[[135.6631475879908,33.49029774834247],[135.66322972756996,33.49042630642896],[135.6629864195877,33.49036138706839],[135.6631475879908,33.49029774834247]]],[[[135.6633074712629,33.490212053743335],[135.66333538262188,33.49040682891206],[135.6630494683584,33.49023544061316],[135.6631610247615,33.490136107795195],[135.6633074712629,33.490212053743335]]],[[[135.70157817129564,33.49032286460857],[135.70154632899994,33.49043682939623],[135.7013220227932,33.49042955927678],[135.7013466408349,33.49025497298868],[135.70157817129564,33.49032286460857]]],[[[135.66650236139492,33.49034269376034],[135.66588730155775,33.4904902518237],[135.66579732798436,33.49013172090224],[135.66701693908055,33.48992127864415],[135.66705258101183,33.49018838718439],[135.66650236139492,33.49034269376034]]],[[[135.66333503188628,33.4904786667571],[135.66323275019136,33.49059941423161],[135.66314674442674,33.490437747604005],[135.66333503188628,33.4904786667571]]],[[[135.6681431393945,33.49101710795321],[135.66818885912858,33.49119072117492],[135.6679725029287,33.491197108160065],[135.6681431393945,33.49101710795321]]],[[[135.66914605704494,33.49090038674353],[135.66891194642926,33.49122208143399],[135.6683909466849,33.49125110795234],[135.668715005693,33.49084410806921],[135.66914605704494,33.49090038674353]]],[[[135.66086075232192,33.49290233337604],[135.66079652364067,33.49295255871368],[135.66062527923327,33.49292386494449],[135.66076871570374,33.492826999866224],[135.66086075232192,33.49290233337604]]],[[[135.66064730183155,33.49356730558674],[135.66071581128574,33.4931587480778],[135.6611217247878,33.493379278930604],[135.66064730183155,33.49356730558674]]],[[[135.6574671983526,33.4950587754422],[135.65758807982604,33.495170413683695],[135.65745503232392,33.495271386865056],[135.6574013104222,33.49516925175959],[135.6574671983526,33.4950587754422]]],[[[135.65766785958408,33.49526446838058],[135.65794060957148,33.495688612939205],[135.65794680859835,33.49601405420526],[135.6575170297872,33.495489531816474],[135.65766785958408,33.49526446838058]]],[[[135.659755032269,33.49618397301202],[135.6595982228797,33.496016252148365],[135.65980241215163,33.4958726672898],[135.65992844404252,33.495929775139075],[135.659755032269,33.49618397301202]]],[[[135.65770761321585,33.49623994591684],[135.65764355360716,33.49644246784567],[135.65752163431603,33.49636110797883],[135.65770761321585,33.49623994591684]]],[[[135.65735160759073,33.496739333153755],[135.65707671901544,33.496570107724324],[135.6573828923067,33.496395387437246],[135.65735160759073,33.496739333153755]]],[[[135.65762083043705,33.49671253155816],[135.65758983080616,33.4969514139766],[135.65749477336522,33.49690641370006],[135.65762083043705,33.49671253155816]]],[[[135.6565192220845,33.4976281978831],[135.65634566821802,33.49765010806607],[135.65645311292087,33.497373161842006],[135.65664041472337,33.49747125179687],[135.6565192220845,33.4976281978831]]],[[[135.65458031073285,33.49799922488438],[135.65447360617202,33.49781444118355],[135.65487518763985,33.497840359644954],[135.65481994768254,33.49800863988685],[135.65458031073285,33.49799922488438]]],[[[135.65540058416968,33.498010918768955],[135.654984967882,33.4990602522289],[135.6545276653195,33.49882219808603],[135.65540058416968,33.498010918768955]]],[[[135.65249678300017,33.498931667162765],[135.6525229181982,33.49920116160439],[135.6523647472353,33.49926030641808],[135.6523582226539,33.49894480176124],[135.65249678300017,33.498931667162765]]],[[[135.65167844400503,33.49903353157225],[135.65184577186494,33.4990948923155],[135.65183138810812,33.49928549462993],[135.65167975431723,33.49921646806558],[135.65167844400503,33.49903353157225]]],[[[135.6522034763094,33.499397667068706],[135.65217077785917,33.499739467902145],[135.65191586322658,33.49957953157019],[135.6522034763094,33.499397667068706]]],[[[135.6523908950238,33.49937316234161],[135.6524853310333,33.49964291938528],[135.65229350204356,33.49962127899886],[135.6523908950238,33.49937316234161]]],[[[135.826681894354,33.499704720796274],[135.82671708212774,33.50004816199311],[135.82652749694648,33.49997141384972],[135.82645549902213,33.49980036009862],[135.826681894354,33.499704720796274]]],[[[135.64857693857493,33.49993194620242],[135.6486777822539,33.50014582926667],[135.64857693857493,33.50021916178491],[135.64851680900358,33.499999999700265],[135.64857693857493,33.49993194620242]]],[[[135.6493359403015,33.500114162338775],[135.64930683464274,33.50039010761742],[135.64922105101073,33.500263054096706],[135.6493359403015,33.500114162338775]]],[[[135.64306616107456,33.50030891862173],[135.6430845531097,33.50039236041914],[135.64290836602834,33.50038722529024],[135.64291450120334,33.500302494764355],[135.64306616107456,33.50030891862173]]],[[[135.64326075188228,33.50047322475956],[135.64316269790027,33.500474494602315],[135.64312591382998,33.50027810784843],[135.64329447466037,33.500356413617624],[135.64326075188228,33.50047322475956]]],[[[135.6484706360111,33.50030958591873],[135.648561529591,33.500432802032265],[135.64844817094638,33.50047558637925],[135.6484706360111,33.50030958591873]]],[[[135.64941814463168,33.500182640316666],[135.64943038890135,33.50043335961192],[135.64930680856241,33.500442747634736],[135.64941814463168,33.500182640316666]]],[[[135.6425175233651,33.500947467851404],[135.6423190007214,33.50070972127668],[135.64265133619028,33.500655359956966],[135.6425175233651,33.500947467851404]]],[[[135.64439406043755,33.50148277491019],[135.6442081453897,33.501449386679894],[135.64433702993006,33.50127272115918],[135.6444182486033,33.50131763959746],[135.64439406043755,33.50148277491019]]],[[[135.64393722372392,33.50163116214844],[135.64307055786003,33.5013794679881],[135.64283591394633,33.500596305974796],[135.6438286117011,33.500878306388756],[135.64393722372392,33.50163116214844]]],[[[135.64070070037712,33.501850306246695],[135.64074635536008,33.50195230555448],[135.6406474191432,33.502232802302046],[135.64047747065877,33.50201605399775],[135.64070070037712,33.501850306246695]]],[[[135.6399496369662,33.502270467707945],[135.63960488995372,33.5022300269942],[135.6397405059197,33.50208177465424],[135.6399496369662,33.502270467707945]]],[[[135.63952379988348,33.502198225168],[135.63961727631636,33.50235482861251],[135.63945024613201,33.50234582909678],[135.63952379988348,33.502198225168]]],[[[135.64015680928935,33.502272108071395],[135.64024875507607,33.5024454137249],[135.64006027156438,33.50245697271117],[135.64015680928935,33.502272108071395]]],[[[135.64106069989145,33.502548000290005],[135.6404114136559,33.5024005861182],[135.64044430635977,33.50224674808902],[135.6410375225637,33.50239416226083],[135.64106069989145,33.502548000290005]]],[[[135.63980700359036,33.50246408095262],[135.6399364196301,33.50288838738919],[135.63965036327374,33.503089134955644],[135.63922725023747,33.50257899992096],[135.63980700359036,33.50246408095262]]],[[[135.63967647239133,33.503157972662336],[135.63927258056515,33.50314497296216],[135.63932092092386,33.50298789197768],[135.63967647239133,33.503157972662336]]],[[[135.82525486362113,33.503215945659406],[135.8247016339733,33.502891440587575],[135.82523005222515,33.50211574834316],[135.82560055761974,33.502307694244735],[135.82525486362113,33.503215945659406]]],[[[135.82578869039583,33.503223278731355],[135.825803890737,33.50329361290994],[135.8255841117175,33.50339653222426],[135.82556335896186,33.50330822509454],[135.82578869039583,33.503223278731355]]],[[[135.82535822270393,33.503418305710284],[135.8254505318166,33.503500359853774],[135.82528817091247,33.5036558022735],[135.8251941369,33.5034512793531],[135.82535822270393,33.503418305710284]]],[[[135.828590557908,33.503441865249954],[135.82847749693894,33.50364861309305],[135.82827464316028,33.50351841374385],[135.828590557908,33.503441865249954]]],[[[135.63779038901532,33.50406725200213],[135.63697486399883,33.50396833287232],[135.637166523916,33.50370766707522],[135.63770654971756,33.50377580241138],[135.63779038901532,33.50406725200213]]],[[[135.6370870040621,33.5043341617922],[135.63708241212373,33.50426486543125],[135.63728930026105,33.50425199973006],[135.63735518819146,33.504325198249376],[135.6370870040621,33.5043341617922]]],[[[135.63730518768432,33.504466586064154],[135.6368958369734,33.5045643063977],[135.63703941643598,33.50438658597221],[135.63730518768432,33.504466586064154]]],[[[135.6387865887301,33.504437359896315],[135.63881542189426,33.50485038703579],[135.63854182924206,33.50479127909432],[135.6387865887301,33.504437359896315]]],[[[135.82756936423482,33.50474772133032],[135.82755344983195,33.50486758567058],[135.82743780780868,33.50486302700716],[135.8274344488408,33.504742224673976],[135.82756936423482,33.50474772133032]]],[[[135.63833788638442,33.50477930641989],[135.6383118294275,33.50498086517484],[135.6381524380846,33.504916667070574],[135.63833788638442,33.50477930641989]]],[[[135.82531591409827,33.50554316178756],[135.824523450397,33.50447994639245],[135.8260716728695,33.503537359761424],[135.82654744480874,33.5048978919242],[135.82531591409827,33.50554316178756]]],[[[135.82475130982516,33.50705777479652],[135.82433839240298,33.5068328291718],[135.82432169918718,33.50627325210894],[135.8244470556872,33.506271775422135],[135.82452919616549,33.50664922538152],[135.82440897479444,33.50677546771374],[135.82475130982516,33.50705777479652]]],[[[135.8440678858243,33.50948513493108],[135.84398483792995,33.50976638710915],[135.84368972809852,33.50966644095354],[135.8440678858243,33.50948513493108]]],[[[135.84333574594802,33.51028763956299],[135.84342652441467,33.5105832790951],[135.84328033691804,33.51064366677184],[135.84323791229986,33.510347585672605],[135.84333574594802,33.51028763956299]]],[[[135.84340364476247,33.51093241389981],[135.84330700361534,33.51118391920255],[135.84313344974896,33.51108072109844],[135.84340364476247,33.51093241389981]]],[[[135.84192214029463,33.51140805363883],[135.84135756210185,33.51128113501642],[135.84135500622858,33.510916252183335],[135.8418248903065,33.511115720913836],[135.84192214029463,33.51140805363883]]],[[[135.84289258072806,33.51102102679897],[135.842943502141,33.511270252320344],[135.84270708206623,33.51143049532118],[135.84266741926604,33.51112033263729],[135.84289258072806,33.51102102679897]]],[[[135.84317805432386,33.51162091867053],[135.843207172573,33.51180972144152],[135.8431378861046,33.51184438670913],[135.84303344963405,33.511669386732876],[135.84317805432386,33.51162091867053]]],[[[135.83586767765132,33.51107354091124],[135.83543796359118,33.5114206576373],[135.83365456480635,33.511944757344736],[135.83361027229626,33.51183946831685],[135.83535953281626,33.511327774757035],[135.83586767765132,33.51107354091124]]],[[[135.84358350197715,33.51181694569556],[135.84355457798142,33.512013306369056],[135.8434553305991,33.51197791894583],[135.84358350197715,33.51181694569556]]],[[[135.84199155626538,33.511938586196834],[135.84191902684165,33.51219605400473],[135.84177469464646,33.51209191880707],[135.84199155626538,33.511938586196834]]],[[[135.8437122183443,33.51230194557837],[135.84376194635684,33.51243344085066],[135.84362255503697,33.51242499981396],[135.84359333336567,33.5123156395552],[135.8437122183443,33.51230194557837]]],[[[135.84506302164118,33.51342930601771],[135.84481730167715,33.51304627936236],[135.84521133603437,33.51306455898225],[135.84506302164118,33.51342930601771]]],[[[135.8450988065647,33.51365019839801],[135.84502822327397,33.513520694224724],[135.845264772851,33.51352277525592],[135.845273061003,33.51362608127869],[135.8450988065647,33.51365019839801]]],[[[135.84560552507503,33.51358800038594],[135.84563000012452,33.51382416235526],[135.84554632899994,33.513821162216914],[135.84546907903484,33.513655468425156],[135.84560552507503,33.51358800038594]]],[[[135.84540522716952,33.51387869364686],[135.84515972843883,33.51390877506998],[135.84512674400412,33.513795386747745],[135.8453584947988,33.51372599955528],[135.84540522716952,33.51387869364686]]],[[[135.84458224407535,33.515132639959404],[135.84345703031772,33.51375289198245],[135.8447273928549,33.51336216173445],[135.84458224407535,33.515132639959404]]],[[[135.85496785967905,33.51723363972076],[135.85482063616348,33.51717338694232],[135.85492269842382,33.51708510769163],[135.85496785967905,33.51723363972076]]],[[[135.85385868982678,33.51767466725215],[135.853722633193,33.51779797329789],[135.85357097332178,33.517708279413625],[135.85377172538483,33.51760927934481],[135.85385868982678,33.51767466725215]]],[[[135.85308367117455,33.51770236007593],[135.8531271731806,33.51785927918246],[135.85298330683418,33.517920918715504],[135.85297328119202,33.517758386940045],[135.85308367117455,33.51770236007593]]],[[[135.85044933926565,33.51796533263405],[135.8504816986715,33.51839555930769],[135.850233332902,33.518253026655884],[135.85044933926565,33.51796533263405]]],[[[135.8506686380473,33.518284000206506],[135.85069538298558,33.51842689168774],[135.85054483827378,33.51846333311636],[135.85057830114772,33.51828958589573],[135.8506686380473,33.518284000206506]]],[[[135.84632411216808,33.51843710798619],[135.8463658371138,33.51859846794497],[135.84599182885984,33.518670748256454],[135.84614588812235,33.518374224690774],[135.84632411216808,33.51843710798619]]],[[[135.8468509727942,33.51864008137471],[135.84685861163564,33.518731667432576],[135.84671719774053,33.51875613528745],[135.84673749723777,33.518628640199665],[135.8468509727942,33.51864008137471]]],[[[135.8549552790629,33.519067360070665],[135.85474199674582,33.518920251668305],[135.85508328136837,33.518890801569285],[135.8549552790629,33.519067360070665]]],[[[135.84717241207727,33.518956468266424],[135.84719919568636,33.51924413530867],[135.8470631390527,33.51916566676215],[135.84707208820635,33.51896394612925],[135.84717241207727,33.518956468266424]]],[[[135.8484822440604,33.519935748136334],[135.84843219229185,33.520166107679756],[135.8483489105738,33.52012219828089],[135.84831530470763,33.51995019844293],[135.8484822440604,33.519935748136334]]],[[[135.84873719826317,33.520204918822],[135.84854069999335,33.52021297315025],[135.84855352792306,33.51993764030988],[135.8487946172778,33.520115440775044],[135.84873719826317,33.520204918822]]],[[[135.84844128443774,33.52019800033747],[135.84832752289697,33.52032689207249],[135.84828069969456,33.5201737213402],[135.84844128443774,33.52019800033747]]],[[[135.84883457775368,33.520403640215875],[135.8486913876975,33.52066422507397],[135.84847403414938,33.520447162006974],[135.84883457775368,33.520403640215875]]],[[[135.85346983106797,33.52070222502772],[135.85341461719088,33.520591495101485],[135.85346983106797,33.520490612751644],[135.85358693898615,33.520643359903204],[135.85346983106797,33.52070222502772]]],[[[135.85481600465494,33.521993441044515],[135.85460686101794,33.52192197282085],[135.85460852116637,33.5216809464186],[135.8548996371086,33.521776252072414],[135.85481600465494,33.521993441044515]]],[[[135.85658891104947,33.52265077531308],[135.85632538271034,33.52270122458191],[135.85623756211385,33.52245108085276],[135.85645089479306,33.52233966744177],[135.85658891104947,33.52265077531308]]],[[[135.86675024562737,33.522966747617374],[135.8666850582689,33.52315241355308],[135.86659542194127,33.5231442791852],[135.86665907865358,33.522992053640394],[135.86675024562737,33.522966747617374]]],[[[135.85786810582852,33.52368061326973],[135.85787311325362,33.523850198427965],[135.85776435823857,33.523802531661545],[135.85786810582852,33.52368061326973]]],[[[135.85959978010578,33.52402716162425],[135.85967341119908,33.52409582935911],[135.85955795083885,33.52419394629362],[135.8594960307173,33.52412246817744],[135.85959978010578,33.52402716162425]]],[[[135.85983700417444,33.524300161623216],[135.85955252882616,33.52427774781984],[135.85973661465312,33.5241305863575],[135.85983700417444,33.524300161623216]]],[[[135.87803389095131,33.52431146789996],[135.8781146950372,33.524428198102896],[135.8779631907487,33.52444510805532],[135.87803389095131,33.52431146789996]]],[[[135.8596638388152,33.52437716157681],[135.8596186379898,33.52453272090838],[135.85946552481414,33.524633640130446],[135.85939775640145,33.52451169385961],[135.85949817110372,33.52438766655763],[135.8596638388152,33.52437716157681]]],[[[135.87700819707072,33.52465302681577],[135.87681810557115,33.52482655909847],[135.87678761315783,33.524654026861924],[135.87700819707072,33.52465302681577]]],[[[135.87729727604847,33.52456133283931],[135.8773154468505,33.52478127913275],[135.877174059935,33.52468822538134],[135.87729727604847,33.52456133283931]]],[[[135.85936535742542,33.524694026907866],[135.8593352274388,33.524879027345264],[135.85915450057985,33.52484397267125],[135.85919632894752,33.5246814139162],[135.85936535742542,33.524694026907866]]],[[[135.8772554989422,33.525212225264056],[135.8768502464418,33.52525630643345],[135.87686330729582,33.52499549494621],[135.8772554989422,33.525212225264056]]],[[[135.87714619983728,33.525458305856205],[135.87703308670768,33.525546252357685],[135.8769482491624,33.52547353227777],[135.87706538316093,33.52535002658249],[135.87714619983728,33.525458305856205]]],[[[135.87788269782834,33.52533766719961],[135.87793817071008,33.52549691914754],[135.87777771726792,33.525541720673914],[135.87778169856665,33.52543886521153],[135.87788269782834,33.52533766719961]]],[[[135.8595787809361,33.5254219732455],[135.8595712446173,33.52549769436314],[135.8593001170069,33.525674305924554],[135.85929258068813,33.52551238658742],[135.8595787809361,33.5254219732455]]],[[[135.86489739310025,33.525376251712714],[135.86505917034447,33.52566222533147],[135.86474002613136,33.52578277495513],[135.86489739310025,33.525376251712714]]],[[[135.86448255472624,33.52587891877715],[135.86424588823718,33.52576086477217],[135.8644182747836,33.5257174140275],[135.86448255472624,33.52587891877715]]],[[[135.86318678274392,33.52586335960643],[135.86315547284687,33.5260712522865],[135.86300241183187,33.525999080792985],[135.86318678274392,33.52586335960643]]],[[[135.87730905267074,33.52621222461454],[135.87719391696578,33.52617164000924],[135.87723027205948,33.52607519761233],[135.87735347558248,33.526112414256545],[135.87730905267074,33.52621222461454]]],[[[135.8640078340943,33.52563182914565],[135.86388211426822,33.52590991930737],[135.86392741941495,33.52614158556577],[135.86364396929378,33.52624461279868],[135.86364267157205,33.526030333133406],[135.8640078340943,33.52563182914565]]],[[[135.87733658901243,33.52644530640583],[135.8772053050808,33.52654172092372],[135.8771588326141,33.526457162168356],[135.87733658901243,33.52644530640583]]],[[[135.877823838999,33.526016801933906],[135.87757099910243,33.52657822530489],[135.8773742795994,33.52637816212251],[135.8774141123714,33.52603263989448],[135.877823838999,33.526016801933906]]],[[[135.8782495330895,33.52679736040989],[135.8780368092514,33.52673125214562],[135.87814858598847,33.526459441050406],[135.8783466670651,33.52653616221414],[135.8782495330895,33.52679736040989]]],[[[135.87798158188457,33.52697113461022],[135.87782233533255,33.527049306380434],[135.8775225814021,33.52683908085896],[135.8777969780482,33.526696999666854],[135.87798158188457,33.52697113461022]]],[[[135.86212702973864,33.526780945983944],[135.86219286640767,33.5269477747201],[135.86210489022858,33.527118892323074],[135.86193260710422,33.527054694218805],[135.86212702973864,33.526780945983944]]],[[[135.87766321738366,33.52699249530747],[135.8777864200074,33.52711427880098],[135.8777238002133,33.52718025216694],[135.87757233459558,33.52701786518236],[135.87766321738366,33.52699249530747]]],[[[135.87859936396956,33.52771958638988],[135.87839202257385,33.527637721103986],[135.87855710842393,33.52750502703543],[135.8787432806779,33.52761672103492],[135.87859936396956,33.52771958638988]]],[[[135.87807975367775,33.52791544074506],[135.8778534500767,33.527313467842305],[135.87842868973235,33.52682822514254],[135.87871683521382,33.52717946795815],[135.87807975367775,33.52791544074506]]],[[[135.87852197101222,33.52836141364838],[135.87799241241999,33.52806735962099],[135.87834325593656,33.52769944067671],[135.87869355356474,33.52789546770174],[135.87852197101222,33.52836141364838]]],[[[135.8790795326944,33.529067919249144],[135.87862299635424,33.52903782883277],[135.87866204941406,33.52856536010336],[135.8793226716041,33.528605225251],[135.8790795326944,33.529067919249144]]],[[[135.8696420489415,33.529293387379994],[135.86961693897058,33.529465864757924],[135.8694930870364,33.52949108084874],[135.86957510970365,33.52929619776137],[135.8696420489415,33.529293387379994]]],[[[135.8663008561996,33.52953041359774],[135.8660933070605,33.52951358638296],[135.8659911926395,33.529401440923834],[135.86627574622878,33.529362162134134],[135.8663008561996,33.52953041359774]]],[[[135.86815866399127,33.52942053173223],[135.86808277559965,33.52957005391488],[135.86799014273095,33.5294634950443],[135.86815866399127,33.52942053173223]]],[[[135.87696489021755,33.52942080242815],[135.8768714398651,33.529593802312206],[135.87669593986584,33.52942174761563],[135.8767937222525,33.52926638703417],[135.87696489021755,33.52942080242815]]],[[[135.87631197072096,33.5296245861058],[135.87619649777025,33.52983933341858],[135.8759909990854,33.52980546764826],[135.87602208774922,33.52962910789705],[135.87631197072096,33.5296245861058]]],[[[135.86749481233574,33.52983661296935],[135.86789204917875,33.53031816215349],[135.86762885898474,33.53044505379626],[135.86749481233574,33.52983661296935]]],[[[135.8690035797515,33.53065277470586],[135.86892447538435,33.530553919427916],[135.86898474704856,33.53042982917333],[135.86908267242745,33.5305633865911],[135.8690035797515,33.53065277470586]]],[[[135.87069306143565,33.530595864707436],[135.87077216580292,33.53068735993378],[135.87067924784913,33.53082510819223],[135.87057252889917,33.530716774959274],[135.87069306143565,33.530595864707436]]],[[[135.8806718938929,33.5311424411708],[135.88074583705077,33.53126299978766],[135.88053321663472,33.531310558635425],[135.8805490527966,33.53116125229002],[135.8806718938929,33.5311424411708]]],[[[135.88117219214303,33.53186516244733],[135.88116228341266,33.53171089184423],[135.8812811414116,33.53173908109375],[135.88117219214303,33.53186516244733]]],[[[135.88761581122083,33.53202382893659],[135.88775027155782,33.53211094626323],[135.88762596636536,33.53228733299409],[135.88748642036205,33.532136441143905],[135.88761581122083,33.53202382893659]]],[[[135.882839441687,33.53321161302557],[135.88284975421288,33.533053198346465],[135.8830321142408,33.532895468051436],[135.8829833592947,33.53318110802178],[135.882839441687,33.53321161302557]]],[[[135.88242389104983,33.53352708081019],[135.88221389125817,33.53359344088466],[135.88219408638804,33.53351046763402],[135.8824357719933,33.53339433278228],[135.88242389104983,33.53352708081019]]],[[[135.88611425366992,33.53464138669068],[135.88610630366304,33.534516972680194],[135.886258859259,33.53451530623647],[135.88627272410702,33.534596613043334],[135.88611425366992,33.53464138669068]]],[[[135.88699883312972,33.53498713464859],[135.88683639398448,33.53483116162886],[135.8869592215908,33.53474655880672],[135.88707016915305,33.53482453182676],[135.88699883312972,33.53498713464859]]],[[[135.8858961087185,33.5352628290164],[135.88598724961196,33.535310946343145],[135.88592980541625,33.53544035968491],[135.8858188587534,33.53533749522927],[135.8858961087185,33.5352628290164]]],[[[135.8840344752109,33.53554702737347],[135.8838376648764,33.535544801551396],[135.88379143972327,33.53541208140251],[135.88394861243853,33.53536010778282],[135.8840344752109,33.53554702737347]]],[[[135.88708710788376,33.53561435961507],[135.88692727587318,33.53565086489556],[135.88688763915331,33.53557122543174],[135.8870976650253,33.53549046811065],[135.88708710788376,33.53561435961507]]],[[[135.8883201692405,33.535770359614446],[135.88831897494083,33.53564736023753],[135.88848141408607,33.53567638675588],[135.88849131022585,33.535809802080735],[135.8883201692405,33.535770359614446]]],[[[135.8880838912586,33.53596394587947],[135.88801105066955,33.53606702707168],[135.88788230912132,33.53596366708962],[135.88792411230804,33.53587863978743],[135.8880936453055,33.53585836007528],[135.88832011707984,33.535925026818575],[135.8883181448665,33.53600941380347],[135.8880838912586,33.53596394587947]]],[[[135.88776658885706,33.538284828981716],[135.8873070038153,33.538166360389255],[135.88749564201032,33.53780725210305],[135.8879982749005,33.53807822503012],[135.88776658885706,33.538284828981716]]],[[[135.8933293903392,33.53826838667675],[135.89338289190698,33.53848246759185],[135.8931956161848,33.538524775298185],[135.8933293903392,33.53826838667675]]],[[[135.89360953275377,33.539042161566556],[135.89328089529715,33.538996612703556],[135.89339444909456,33.53879953167308],[135.89360953275377,33.539042161566556]]],[[[135.89337241210717,33.539138495145494],[135.89310180340556,33.53923344107051],[135.89293169933853,33.539137864720715],[135.89297408618518,33.538969694196055],[135.89337241210717,33.539138495145494]]],[[[135.89485927383646,33.54238372123183],[135.89495880720324,33.54245686489247],[135.8948795850249,33.542552107593735],[135.8947394157915,33.542416026678325],[135.89485927383646,33.54238372123183]]],[[[135.895404772912,33.54274849524688],[135.89526158195656,33.54276380170813],[135.89523416342593,33.54249249513259],[135.89548807981112,33.54269322471259],[135.895404772912,33.54274849524688]]],[[[135.8958924123051,33.542808828964326],[135.89590955877918,33.54290786500604],[135.8957638650104,33.54293800038846],[135.89580844440422,33.54280597271753],[135.8958924123051,33.542808828964326]]],[[[135.89950561579155,33.54340053160928],[135.89955296959397,33.54348533318165],[135.89939654961108,33.543689413635605],[135.89928077808554,33.54358738734811],[135.8993640598036,33.5433985863757],[135.89950561579155,33.54340053160928]]],[[[135.8969575225717,33.54381602738778],[135.89686613526396,33.54411455913964],[135.8965766668797,33.54403544128263],[135.8966741632821,33.54379305420616],[135.8969575225717,33.54381602738778]]],[[[135.89717386528173,33.54413749544909],[135.89691489021004,33.54414005402032],[135.89704588815732,33.54392830594662],[135.89731403361577,33.54384919798213],[135.89717386528173,33.54413749544909]]],[[[135.8988488328074,33.544881224888684],[135.89831250321947,33.54481302659997],[135.89841858634873,33.544707640445324],[135.8987528023,33.54476291907349],[135.8988488328074,33.544881224888684]]],[[[135.9617663546336,33.606323387314546],[135.96176703002448,33.606096278820246],[135.96199878081916,33.60620249504916],[135.9617663546336,33.606323387314546]]]]}},{"type":"Feature","id":"JP-30-capital","properties":{"Kind":"capital","PrefectureCode":"30","PrefectureName":"Wakayama","CapitalName":"Wakayama","CapitalNameJapanese":"和歌山市","PointKind":"prefecture-representative-point"},"geometry":{"type":"Point","coordinates":[135.167496,34.226112]}}]}
